Price,Close,High,Low,Open,Volume
Ticker,APOLLOHOSP.NS,APOLLOHOSP.NS,APOLLOHOSP.NS,APOLLOHOSP.NS,APOLLOHOSP.NS
2021-01-01,2383.683349609375,2398.63772296781,2364.089443007368,2374.4539269955008,423934
2021-01-04,2378.15576171875,2397.6508644660553,2367.2977298088585,2386.8916383330425,527018
2021-01-05,2477.062255859375,2483.3798001805967,2355.008215334132,2373.9603663184485,1720467
2021-01-06,2469.856689453125,2506.0832252062023,2448.9797516900994,2489.4505980501535,1108589
2021-01-07,2476.17431640625,2530.9086219872447,2467.7346158221962,2469.85677119592,1014690
2021-01-08,2520.543701171875,2545.7145899049406,2483.231512028456,2501.196568730201,862326
2021-01-11,2517.632080078125,2558.399101249207,2491.918239000032,2531.648763507757,422296
2021-01-12,2484.76171875,2551.637319681696,2475.828472198826,2525.972882423776,500012
2021-01-13,2447.20263671875,2504.997020670908,2406.287651321252,2495.372857159317,662618
2021-01-14,2479.57958984375,2496.261378427315,2443.0571197704144,2449.867970496321,603193
2021-01-15,2558.892333984375,2579.9666389334693,2477.703880827334,2487.4760116199764,1941813
2021-01-18,2575.574462890625,2596.895785078756,2514.177277557167,2565.9502984705105,1572820
2021-01-19,2611.3564453125,2624.682210578695,2546.701806428369,2584.70491478011,1202289
2021-01-20,2641.265380859375,2648.2244396691876,2609.135432602344,2611.1096200099687,1064146
2021-01-21,2551.6865234375,2650.346486922202,2541.173831325742,2640.47555028562,994932
2021-01-22,2564.370849609375,2617.7727198144385,2533.9685537999667,2556.6223079850374,1194708
2021-01-25,2652.221923828125,2673.049696961767,2577.1536419322892,2577.1536419322892,1764152
2021-01-27,2566.8388671875,2714.162630960312,2553.858678869067,2663.1793276988083,1665899
2021-01-28,2588.554443359375,2664.6594646389885,2547.2447162750386,2560.5210784491705,1410605
2021-01-29,2528.19384765625,2641.9564014648913,2518.076136796913,2588.7521451467883,921579
2021-02-01,2629.12451171875,2642.006134866169,2495.472098677159,2556.573112578022,879244
2021-02-02,2670.236572265625,2709.5723547588177,2643.4370732401144,2644.91771387113,607131
2021-02-03,2685.585693359375,2771.9069863968543,2669.101277307664,2679.8605018891108,1286454
2021-02-04,2696.394287109375,2712.4345590080297,2651.3335581407114,2694.7656789739917,455213
2021-02-05,2703.2548828125,2747.0817463658386,2652.9622663853556,2704.636717586201,941316
2021-02-08,2695.012451171875,2744.120360500984,2689.8302094838787,2705.623707961582,564043
2021-02-09,2753.30029296875,2799.989869570818,2702.761147629856,2711.0526376736298,1052950
2021-02-10,2720.923828125,2791.5010288182475,2710.2137649106435,2777.5337491328673,745906
2021-02-11,2720.923828125,2743.626983592758,2694.7658446512787,2724.378656130963,581642
2021-02-12,2712.6318359375,2753.9909585972837,2690.9157781994572,2732.274900859241,693562
2021-02-15,3050.760986328125,3086.641937999425,2724.8227013225373,2741.159149927855,4446974
2021-02-16,3161.414306640625,3211.5587141476976,3007.67446486113,3049.1323997230165,4381584
2021-02-17,3193.248046875,3241.6156370749613,3135.9966135770865,3135.9966135770865,2081001
2021-02-18,3066.653564453125,3196.012250977797,3054.068118908174,3183.870949430612,1477343
2021-02-19,2882.2646484375,3069.1215630451716,2858.6237988514326,3050.21881215238,2037556
2021-02-22,2891.740478515625,2929.5953783834866,2829.898911874266,2880.7836417410167,1246303
2021-02-23,2958.072998046875,3013.1034709395467,2899.5876972595966,2907.1882704297986,1465930
2021-02-24,3020.161376953125,3079.73258276237,2961.3307324659663,2976.087736227098,1088420
2021-02-25,3051.451904296875,3099.42450878164,3018.433430503558,3060.9772611645553,819639
2021-02-26,3019.17431640625,3132.98627829032,2981.664752485409,3030.3779272890106,2103433
2021-03-01,3041.3837890625,3058.0164150236246,2968.7338341902873,2999.827287086751,678218
2021-03-02,3047.454345703125,3111.319258166153,3027.8110370111317,3065.419402358816,944553
2021-03-03,3017.54541015625,3079.2387657776976,3010.043401716814,3074.895649937816,536623
2021-03-04,3002.837646484375,3041.53166881781,2978.0614998248057,3018.5323389009795,687383
2021-03-05,2842.336181640625,2978.801879543669,2832.958791911302,2961.2809671546706,1486110
2021-03-08,2829.6025390625,2897.9587691450593,2810.008635198935,2863.558461653503,952087
2021-03-09,2848.85107421875,2889.173705150426,2790.2175669269604,2833.4523169123017,883183
2021-03-10,2866.618896484375,2887.1996554344737,2843.5701623067266,2872.442652889898,432551
2021-03-12,2937.936279296875,2991.880850831711,2889.7166581358742,2893.270291668985,1512021
2021-03-15,2957.92529296875,2985.9586596919653,2877.378344794076,2959.3071278533926,918701
2021-03-16,3033.585205078125,3040.2480864363865,2952.1993913518045,2963.2547907409194,1081398
2021-03-17,2958.71484375,3042.5192515113577,2931.668570171902,3040.248887585676,740599
2021-03-18,2920.513671875,3025.4417656482656,2884.2873863700593,2986.9451167542093,789785
2021-03-19,2896.725341796875,2944.352614028388,2849.986357521995,2915.8748636661094,2288304
2021-03-22,2867.60595703125,2906.2505783538345,2837.8943407547845,2875.4039007369347,488626
2021-03-23,2908.71826171875,2929.4966315962215,2859.4623841569455,2880.240513044752,630061
2021-03-24,2881.918701171875,2938.4298123252615,2866.5693468004033,2919.675033077849,627981
2021-03-25,2773.092041015625,2954.3717195247664,2751.523945264045,2889.22352925125,1001626
2021-03-26,2814.894775390625,2867.5069125520745,2782.6168628173145,2803.3458284502212,918204
2021-03-30,2887.84130859375,2932.556458607791,2837.894272993204,2865.039348647922,1420415
2021-03-31,2865.1875,2890.1610194014274,2844.8535138905686,2863.5588917521654,665173
2021-04-01,2856.698486328125,2876.34155398222,2806.702047305655,2849.0979132604953,842489
2021-04-05,2881.8203125,2976.0877692027743,2848.752670619969,2884.288046968659,1241115
2021-04-06,2945.04345703125,2976.087505700406,2889.420630636635,2901.068384495354,1015604
2021-04-07,3057.819091796875,3074.7970562369073,2960.04740686691,2960.2941803064155,1240450
2021-04-08,3074.402099609375,3103.619928204785,3049.5271458592556,3094.3413439257006,800699
2021-04-09,3091.725341796875,3123.312339233833,3065.8141329618707,3106.877326025782,934037
2021-04-12,2965.969970703125,3078.745432606056,2940.601709308893,3078.745432606056,961549
2021-04-13,2942.279296875,3022.381847444301,2912.9132617891887,2993.213423873478,544916
2021-04-15,2954.864501953125,2999.7278549958096,2864.841619608835,2997.8030707972744,692875
2021-04-16,3021.493896484375,3033.3390212010727,2955.3586168161446,2961.0344057428956,622872
2021-04-19,3116.6494140625,3201.2926950917663,2966.857951716248,2998.7905278939993,3552506
2021-04-20,3227.45068359375,3266.292915445273,3140.6852474215766,3168.5706432696666,2575420
2021-04-22,3187.276123046875,3291.0691691741144,3175.727175068478,3226.8092735407117,1307224
2021-04-23,3158.7490234375,3256.4218900690107,3130.0739052466906,3215.951051180611,1030125
2021-04-26,3133.67724609375,3211.0161419743163,3111.319667846002,3188.658563726569,557667
2021-04-27,3149.865478515625,3163.6353877777515,3117.044612168165,3158.6999191540735,505348
2021-04-28,3157.959228515625,3207.067135562168,3141.524216322039,3168.570484812114,575824
2021-04-29,3197.09765625,3217.925429505551,3157.9594878360845,3157.9594878360845,589707
2021-04-30,3156.232421875,3267.280474247459,3141.7221912296045,3213.977409108679,906562
2021-05-03,3162.944091796875,3180.218229912214,3099.473924695156,3167.386013026534,728281
2021-05-04,3140.19189453125,3201.3917051280087,3125.533456403736,3191.421962167182,581864
2021-05-05,3289.884765625,3313.673822138103,3135.15781548495,3158.5027279946326,1679977
2021-05-06,3303.95068359375,3342.2005656500064,3258.100228010703,3314.5127793016736,1124908
2021-05-07,3268.11962890625,3353.1576640251683,3259.383752314132,3303.9509413261817,774478
2021-05-10,3280.802978515625,3299.4591923108733,3219.50461001891,3272.215312319233,627199
2021-05-11,3216.14892578125,3272.2159010315545,3203.366109448764,3272.2159010315545,670759
2021-05-12,3155.491943359375,3232.6332234782535,3144.4859444495614,3232.6332234782535,703372
2021-05-14,3100.412109375,3170.2983960537044,3055.400778337133,3158.700044328436,842794
2021-05-17,3111.66455078125,3148.7791248845915,3074.895314837952,3106.3835037197105,847722
2021-05-18,3122.670654296875,3147.2985918187824,3099.473954320274,3133.0351372651435,639445
2021-05-19,3188.016357421875,3194.3339014632897,3120.8939882909503,3139.1552210692166,711069
2021-05-20,3178.392333984375,3230.5109299172827,3172.519174625055,3204.007367485731,752076
2021-05-21,3205.833740234375,3217.333286075043,3183.3773573261055,3204.501067270318,471439
2021-05-24,3219.01171875,3242.6031644025893,3198.331910647971,3206.080693448892,611909
2021-05-25,3158.3544921875,3224.835354148701,3129.728772790404,3224.0950338194657,622276
2021-05-26,3142.51123046875,3178.4413405310697,3137.0822157566627,3163.6349367708317,260821
2021-05-27,3157.712646484375,3181.9952471326687,3112.898690316818,3145.3739756244017,1084157
2021-05-28,3108.70361328125,3165.6094681923,3099.4741908711635,3157.712718661418,555829
2021-05-31,3127.853515625,3145.177060217171,3084.668161365878,3104.4100375986195,635444
2021-06-01,3197.986083984375,3207.06729744742,3120.0550878198965,3148.828771578107,706976
2021-06-02,3231.350341796875,3258.3966153680017,3178.4420180202865,3202.4284454225403,843219
2021-06-03,3381.437255859375,3390.6666778558074,3224.8843480200035,3228.783319728194,1098294
2021-06-04,3336.52490234375,3384.398950075026,3331.4414658362016,3381.141733433515,380548
2021-06-07,3272.511474609375,3336.52435025592,3265.3056430998886,3336.52435025592,526855
2021-06-08,3246.9951171875,3269.7476737263805,3213.5821421569512,3256.4219096221373,766456
2021-06-09,3263.23291015625,3288.601410600482,3209.041563356706,3247.5382169927907,587528
2021-06-10,3282.777587890625,3301.8285451833412,3254.497448764972,3279.5695332503124,749909
2021-06-11,3293.48779296875,3302.8157809723025,3259.0874784118196,3299.212985078714,277612
2021-06-14,3306.96142578125,3316.634992707918,3242.602961620688,3301.8285864904724,317756
2021-06-15,3255.731201171875,3313.6241503212627,3252.4737437616755,3311.699365802859,461588
2021-06-16,3251.683837890625,3282.086370361378,3235.6929690359693,3267.279965683056,419575
2021-06-17,3198.775634765625,3240.578904369811,3183.5742486452987,3214.963873501921,356502
2021-06-18,3179.922119140625,3211.0155683887797,3121.7329980312957,3193.24788310412,520516
2021-06-21,3196.209716796875,3210.029029964002,3139.9453703307163,3153.764683497843,200280
2021-06-22,3216.14892578125,3260.321372710711,3188.4117349847234,3196.209679499298,567861
2021-06-23,3202.921630859375,3232.682409006543,3170.544909858404,3232.682409006543,504942
2021-06-24,3161.907958984375,3239.296010246156,3101.2016951968035,3188.213910229785,1754163
2021-06-25,3394.615478515625,3420.2799165619776,3180.6629036484364,3211.262810549857,3717669
2021-06-28,3409.569580078125,3444.9569853348107,3358.290110972866,3403.351082609802,1213113
2021-06-29,3544.80126953125,3558.423210117357,3375.8602875042066,3375.8602875042066,2268589
2021-06-30,3573.131103515625,3612.614850158384,3536.361864454556,3570.317790171463,1291906
2021-07-01,3630.97509765625,3649.2363327412186,3548.6021692141553,3573.1315462511934,876022
2021-07-02,3685.018310546875,3696.5672591338184,3619.672753004721,3653.233940242834,573795
2021-07-05,3670.11279296875,3714.383796122815,3654.911407007806,3711.4719182146987,444545
2021-07-06,3658.416015625,3702.3416851549323,3648.298305227656,3669.9155608026977,344090
2021-07-07,3667.645263671875,3709.3005675191166,3649.877577965403,3667.052911085795,466002
2021-07-08,3624.015869140625,3671.9887214130235,3609.8018156471576,3652.2468465667166,459811
2021-07-09,3677.8125,3695.678993238185,3625.5953371164137,3625.5953371164137,469932
2021-07-12,3699.034912109375,3739.900736735235,3681.958383535066,3696.6659835758514,464757
2021-07-13,3701.897705078125,3721.2940006929434,3672.975810268827,3719.369216095926,246112
2021-07-14,3706.33935546875,3726.278599378751,3661.0316114811803,3705.5496323358493,395272
2021-07-15,3713.792236328125,3748.982031831885,3702.144481975471,3726.13090810219,399845
2021-07-16,3730.32568359375,3738.1236269795445,3694.0991540948276,3713.791865069349,226565
2021-07-19,3833.62548828125,3869.3582351076516,3716.408101288421,3730.326220055658,1044561
2021-07-20,3832.835693359375,3857.5624404141126,3768.0330839688672,3839.7947526128196,357815
2021-07-22,3933.8642578125,3952.3228603359184,3839.7941874891917,3839.7941874891917,760359
2021-07-23,3868.322021484375,3948.12865625343,3862.4982641214256,3933.865198211517,335985
2021-07-26,4047.429931640625,4105.125271818804,3879.278415869834,3886.188072081307,1982531
2021-07-27,4025.615234375,4135.577385783788,3998.173978915215,4067.7146879689694,859687
2021-07-28,3976.408203125,4047.0842091241107,3934.061979381498,4047.0842091241107,455244
2021-07-29,3986.624755859375,4002.220884810657,3941.6625887807477,3987.858623007583,449417
2021-07-30,3982.9228515625,4033.708771323153,3955.7777763659774,3978.97447698846,627367
2021-08-02,3995.9033203125,4040.1251668796986,3982.97253725815,4007.254898018896,344295
2021-08-03,4039.87841796875,4170.470965268465,4011.5982792983627,4037.805665751417,981680
2021-08-04,4013.91796875,4075.3153934058246,4000.3454295517517,4057.7448352924675,305863
2021-08-05,4021.173095703125,4058.6334956705514,3983.9103072740872,4032.080529653137,270458
2021-08-06,4035.288330078125,4124.1265194817315,4020.6298926673685,4037.0157440024386,717143
2021-08-09,3952.02734375,4057.9425552109237,3938.504207076523,4055.9683676384543,431991
2021-08-10,4010.364501953125,4034.0547517537857,3948.3749667767925,3972.0652165774536,364246
2021-08-11,3974.384765625,4030.4514942912137,3864.4717871104235,4012.5358402564166,831738
2021-08-12,4079.75732421875,4089.4802941705652,3924.0432832594074,3975.0265796720905,556973
2021-08-13,4011.647705078125,4092.2438113467806,3986.0818330010197,4091.4543291583445,553736
2021-08-16,4289.02099609375,4318.041454909754,4071.9095407560267,4092.490541103176,3709012
2021-08-17,4856.99462890625,4909.804142704946,4276.336750549558,4288.922195426818,8069431
2021-08-18,4728.9892578125,4901.934912013204,4703.457221507821,4790.325271663115,2941548
2021-08-20,4688.09765625,4873.982180541651,4639.404450981054,4660.936024406141,2331020
2021-08-23,4684.888671875,4780.102462094805,4662.1224738315905,4721.186496929848,699991
2021-08-24,4781.18896484375,4828.796100500712,4692.19746711191,4760.694274760496,1576663
2021-08-25,4712.9384765625,4819.9554108796265,4691.554959360293,4805.139974165857,469002
2021-08-26,4642.56591796875,4721.18661155306,4589.230337001414,4717.680483861794,800419
2021-08-27,4706.4697265625,4772.546484371997,4618.811717355543,4659.060324399864,937887
2021-08-30,4699.01318359375,4768.596563726528,4663.505799704729,4731.261845677161,632354
2021-08-31,4908.4033203125,4983.912854829382,4707.456905293808,4707.456905293808,2883159
2021-09-01,4977.048828125,5009.395868824909,4884.452337571826,4923.664057680766,841956
2021-09-02,4981.44384765625,5058.977969206962,4951.3191252703045,4977.048408366011,900686
2021-09-03,4952.85009765625,5010.877229616392,4905.885352272752,4991.81489236692,567961
2021-09-06,4934.03515625,4977.987626363728,4910.824301246122,4967.122970829997,439776
2021-09-07,4817.0419921875,4961.1963985896155,4800.201970365425,4958.6282928503815,479021
2021-09-08,4752.19921875,4841.141510095569,4733.136883749892,4839.70915835367,642506
2021-09-09,4661.47998046875,4760.694226289046,4627.35528011705,4756.447326838848,838279
2021-09-13,4687.45703125,4736.989887855354,4623.75064097338,4676.740433485217,1151299
2021-09-14,4674.2216796875,4714.272555735841,4638.91155107498,4714.272555735841,528943
2021-09-15,4733.087890625,4759.904219822419,4628.885974365179,4691.555471413732,659281
2021-09-16,4820.69580078125,4829.831986030899,4733.086999045565,4759.705591141698,779552
2021-09-17,4847.85791015625,4884.64957870478,4804.597027027316,4815.017024807563,814867
2021-09-20,4818.07958984375,4891.613262121089,4722.865799095891,4804.15298084181,434640
2021-09-21,4831.4130859375,4858.426663719827,4731.211149675667,4798.226409131486,462221
2021-09-22,4844.55029296875,4948.357245002233,4809.9809309777165,4864.403080166865,562041
2021-09-23,5021.64404296875,5070.83110935936,4844.648732257044,4870.723809407168,696944
2021-09-24,4673.5791015625,5134.043106780648,4653.578260294261,5092.658746487706,1949974
2021-09-27,4509.3740234375,4712.296303006359,4409.172581520828,4690.369265006545,1885178
2021-09-28,4356.775390625,4572.932714147258,4322.15684554613,4523.646789899743,1051440
2021-09-29,4369.0732421875,4451.644723981144,4345.862386260879,4365.616306198429,571896
2021-09-30,4426.4580078125,4445.273421653273,4329.713002243047,4390.308241696162,808446
2021-10-01,4404.53125,4464.385721391929,4380.431565126815,4426.458293133902,534563
2021-10-04,4492.2880859375,4508.831993031317,4386.2096378025735,4405.025052662595,535335
2021-10-05,4427.24853515625,4520.536616976849,4414.062696859689,4514.758498816171,425555
2021-10-06,4324.87353515625,4453.52092949347,4302.403452843991,4439.693186532079,480575
2021-10-07,4373.81396484375,4413.025688603066,4327.096137370195,4355.739321114485,276775
2021-10-08,4325.36767578125,4404.136431194518,4311.885721936362,4404.136431194518,269607
2021-10-11,4323.29345703125,4368.530223269456,4306.354567058174,4346.948969179396,331320
2021-10-12,4297.76123046875,4352.825280144325,4240.474864886986,4295.489722674012,612692
2021-10-13,4323.638671875,4354.751091786836,4286.600076741862,4331.046390901628,302343
2021-10-14,4275.142578125,4375.245647980617,4259.29025279966,4349.763288213647,436160
2021-10-18,4277.11865234375,4394.259494135472,4268.476312363151,4394.259494135472,345049
2021-10-19,4248.12939453125,4333.663958679252,4174.6449136604915,4298.4526951654925,285362
2021-10-20,4095.7275390625,4264.228538191325,4084.1221134680018,4248.128807364316,510321
2021-10-21,4083.974609375,4182.793394183736,4025.107835539023,4135.482855628953,698306
2021-10-22,3978.833984375,4137.9026951265805,3953.1046996243344,4104.370227109453,347114
2021-10-25,4112.76611328125,4198.596798585483,3906.3376508230895,3995.625272101502,1151030
2021-10-26,4215.43701171875,4255.487888527339,4084.665685563249,4112.765827510233,790450
2021-10-27,4223.9306640625,4271.88358887005,4163.286232891387,4226.152979814259,623848
2021-10-28,4236.7216796875,4260.92022990369,4173.015292383655,4225.16544443,537955
2021-10-29,4209.60888671875,4295.489233421144,4109.851606292092,4236.721330595538,705546
2021-11-01,4283.2421875,4296.477216263235,4205.609192379047,4228.523930441809,239375
2021-11-02,4237.1162109375,4340.923138298932,4218.004200324449,4286.599868081312,389193
2021-11-03,4383.98779296875,4395.198239613916,4247.142215596737,4263.8838565879305,667752
2021-11-04,4383.9375,4422.902296661771,4365.467875798254,4393.27141928351,69818
2021-11-08,4351.14697265625,4419.939907385784,4324.133388722897,4383.987866940178,285968
2021-11-09,4477.12646484375,4499.497679605606,4365.615698766581,4399.197357987862,547476
2021-11-10,4496.8310546875,4527.597683327869,4424.877317039453,4466.459407924339,359967
2021-11-11,4511.0546875,4669.925690185874,4471.349114233183,4489.177316916949,1110123
2021-11-12,4612.04541015625,4630.317781949352,4514.905434466363,4556.141732972418,423439
2021-11-15,5018.43310546875,5084.213259111494,4741.729744723441,4741.729744723441,3044498
2021-11-16,5034.138671875,5140.957902442235,4977.988055390752,5017.4958971002025,1118231
2021-11-17,5663.39892578125,5772.4896452411085,5012.704597366308,5017.495018789709,6482125
2021-11-18,5519.83740234375,5771.89710662086,5477.909518485858,5663.399097841297,2165157
2021-11-22,5352.81787109375,5570.604814645032,5247.628258902315,5528.133891412809,1204625
2021-11-23,5387.14013671875,5471.835056592909,5284.172843460661,5308.371391996136,763056
2021-11-24,5330.7919921875,5414.005363767057,5239.825112083251,5398.745270668947,697909
2021-11-25,5630.90283203125,5679.2507333576,5259.529218858649,5333.557210457572,1575738
2021-11-26,5617.61865234375,5862.369475354896,5558.208847234185,5638.75524572241,2613669
2021-11-29,5657.02783203125,5785.922137064873,5481.711823269042,5699.004904551778,1189390
2021-11-30,5617.76708984375,5758.217633098274,5560.332672426609,5684.189635980973,1352746
2021-12-01,5502.4541015625,5694.067114612783,5463.637843890028,5648.336985335404,835169
2021-12-02,5524.13427734375,5737.52579523853,5510.207667941423,5556.530511716846,1236317
2021-12-03,5365.55908203125,5585.074494633138,5353.311749391379,5524.133947292843,844674
2021-12-06,5234.58984375,5400.720465008721,5211.132069235743,5399.732769239698,489242
2021-12-07,5249.2578125,5368.374032089771,5171.526436103397,5234.5904322264505,595254
2021-12-08,5267.87548828125,5300.963297197988,5213.058372016207,5247.627724615783,557196
2021-12-09,5168.4150390625,5319.730247553975,5146.883460825058,5303.927112767331,689987
2021-12-10,5180.76171875,5262.839354117409,5166.144010625584,5200.219523170576,416165
2021-12-13,5142.63623046875,5263.431241314855,5111.326078777327,5221.651899319414,480443
2021-12-14,5147.87060546875,5185.403046567716,5002.728512046434,5062.928765086878,1007056
2021-12-15,5128.66015625,5205.058530623518,5106.436998484339,5165.649560640423,377883
2021-12-16,5140.26513671875,5177.501461850862,5079.719576173023,5165.599920190322,265216
2021-12-17,4727.80419921875,5136.018725386768,4671.801648284502,5136.018725386768,1133941
2021-12-20,4647.06005859375,4764.6450636163,4586.020162071445,4721.186443633067,994682
2021-12-21,4787.955078125,4810.079371386755,4637.2817686161725,4701.432814743523,1004676
2021-12-22,4716.791015625,4839.956888655859,4691.5555780042505,4839.907696769658,779992
2021-12-23,4817.53564453125,4838.721913178023,4727.655323220942,4743.9031126748405,582129
2021-12-24,4782.9169921875,4845.586484664066,4764.397695625081,4819.955585312338,348742
2021-12-27,4780.49658203125,4800.201304988831,4696.49325210327,4794.620920502508,315490
2021-12-28,4784.59716796875,4833.784235981293,4751.015503885513,4795.066359775949,348173
2021-12-29,4915.36767578125,4929.886516629822,4773.534443372043,4805.140713222633,861183
2021-12-30,4909.58984375,4948.01112131772,4879.218192048484,4938.430759575935,617460
2021-12-31,4951.71435546875,4994.580259575267,4892.057621649324,4918.725410016886,504012
2022-01-03,4929.0966796875,5005.64311645251,4917.590118228475,4976.456893795347,310798
2022-01-04,4903.515625,4967.024284462512,4860.550849289626,4953.295406609746,369814
2022-01-05,4912.0576171875,5075.422388753314,4861.438212797843,4900.946040614161,966342
2022-01-06,4903.36669921875,4976.011533762412,4844.647989897704,4908.848218102261,585391
2022-01-07,4960.06103515625,4996.852709532553,4896.9965518847375,4898.971943797559,549876
2022-01-10,5002.9267578125,5022.433752228728,4901.93485001203,4960.060851347469,542304
2022-01-11,4996.802734375,5078.23845398494,4958.529518369571,4987.86427941728,742409
2022-01-12,4952.7021484375,5036.261316748804,4944.059809445236,5012.556615512882,360219
2022-01-13,4922.03369140625,4988.851212156575,4892.205086973043,4963.072256735908,457570
2022-01-14,4912.84814453125,4953.294480808304,4869.340337065791,4936.404786024259,207639
2022-01-17,4851.3154296875,4923.368039881067,4839.710002640352,4912.79950063941,337077
2022-01-18,4559.0068359375,4849.488315290893,4449.5703160785,4839.7102217058045,3507266
2022-01-19,4460.3857421875,4558.216833649307,4345.862203262611,4558.216833649307,2404880
2022-01-20,4587.6494140625,4666.862812810445,4434.754291961672,4469.323646130638,2747887
2022-01-21,4633.923828125,4675.505926055673,4488.930248666807,4592.737194411899,1008450
2022-01-24,4442.80419921875,4652.837635099578,4407.3460129984,4632.293753367134,737762
2022-01-25,4430.8037109375,4479.200808983852,4197.806349654736,4360.677303564214,917284
2022-01-27,4239.4375,4372.529515405673,4098.937765740579,4372.529515405673,1244330
2022-01-28,4423.49462890625,4508.831451936198,4281.908335598337,4292.526065742545,932049
2022-01-31,4402.505859375,4527.597432830452,4304.427379548511,4527.597432830452,934551
2022-02-01,4456.53271484375,4476.484363241529,4389.320207456639,4423.691828953126,548762
2022-02-02,4608.8857421875,4625.380458620038,4465.027913423738,4474.262967659358,676206
2022-02-03,4585.673828125,4646.861775321204,4546.165996462776,4610.5147631012915,777217
2022-02-04,4630.2197265625,4735.014362837171,4545.129817310378,4582.909187226632,829635
2022-02-07,4420.0869140625,4666.418158551257,4395.2956521800825,4629.725354781195,597040
2022-02-08,4345.3681640625,4473.9663646911295,4326.108093781963,4442.162363421092,628869
2022-02-09,4520.9306640625,4530.5606982477875,4375.541647350659,4459.150483813914,842211
2022-02-10,4534.16650390625,4566.11856566469,4472.386312588427,4519.746045985264,487802
2022-02-11,4459.34814453125,4556.6858653221525,4421.371526352281,4553.278121540927,572726
2022-02-14,4431.1494140625,4620.441229010089,4348.5779437845595,4423.988619083808,1094132
2022-02-15,4606.021484375,4617.47885456508,4446.508578490025,4474.262932872687,791080
2022-02-16,4528.388671875,4665.876155392042,4499.004714291826,4637.23296984878,584166
2022-02-17,4508.5361328125,4610.071088899124,4494.016808675097,4527.598472739922,520450
2022-02-18,4416.53125,4536.289373570744,4407.641987219491,4448.582173712405,388145
2022-02-21,4372.18359375,4469.274381966893,4336.626544322698,4415.987999707471,392246
2022-02-22,4519.74609375,4548.883125787773,4247.0928055059085,4273.76059754048,833525
2022-02-23,4554.0673828125,4676.739388184881,4534.017351945659,4538.461982832002,755051
2022-02-24,4328.0341796875,4479.200842099727,4297.513990997597,4370.554294661806,814710
2022-02-25,4576.439453125,4689.184836076304,4410.802668920151,4513.769959573439,1187316
2022-02-28,4743.70556640625,4766.620303668087,4514.955587050992,4558.2164735657325,1617666
2022-03-02,4801.43701171875,4843.611822349978,4721.384446633815,4767.608424904378,1194676
2022-03-03,4857.29052734375,4907.86074849275,4815.066529155369,4819.955816591793,930907
2022-03-04,4688.83935546875,4829.240231025212,4673.974725101512,4819.955986031387,738388
2022-03-07,4606.95849609375,4674.565976827496,4527.448992910895,4563.154095711644,643012
2022-03-08,4664.1474609375,4681.679065031235,4538.858126212936,4602.663384608767,670238
2022-03-09,4652.986328125,4755.657030547258,4636.244689224511,4720.198843162321,447387
2022-03-10,4711.013671875,4759.706890398846,4686.61738845041,4746.47186082503,363906
2022-03-11,4794.3740234375,4803.164419133833,4676.986287415892,4689.579408194003,436703
2022-03-14,4862.9208984375,4954.825811570509,4804.202182645615,4829.833084870392,626924
2022-03-15,4753.73095703125,4937.491577898252,4642.170517327823,4889.045289132082,686998
2022-03-16,4882.82275390625,4896.156648595371,4772.744334892319,4833.388766875569,477521
2022-03-17,4780.349609375,4936.504438053837,4765.5341698850425,4886.131943787981,852493
2022-03-21,4708.74169921875,4854.426855669191,4696.543557461266,4815.017882684062,509842
2022-03-22,4620.046875,4768.596255946804,4416.828424365979,4738.965376145975,1255679
2022-03-23,4551.50048828125,4658.023106424138,4539.0554233526145,4639.701540191282,896055
2022-03-24,4571.60009765625,4627.355729396884,4502.511052277235,4543.352378061817,719101
2022-03-25,4625.5771484375,4705.382775908818,4565.524954628649,4612.539371010534,968364
2022-03-28,4601.2802734375,4661.924705997277,4543.450388409026,4654.813102519449,524802
2022-03-29,4556.98193359375,4639.701464764376,4542.462611034149,4628.244095932633,778391
2022-03-30,4558.01904296875,4635.948638658064,4523.301627041288,4619.453923507397,4839707
2022-03-31,4460.533203125,4577.674024198501,4445.470841822832,4568.093181805159,1225845
2022-04-01,4451.447265625,4501.918630623986,4400.284802749761,4501.918630623986,827880
2022-04-04,4508.78271484375,4526.9065492853815,4443.64397554909,4500.930339314782,619577
2022-04-05,4498.21435546875,4548.339925769027,4486.26313781932,4548.339925769027,487075
2022-04-06,4456.23681640625,4552.290239223451,4442.804056195134,4510.807012916794,653418
2022-04-07,4480.68212890625,4527.301564951131,4434.754272851111,4475.249801845965,413722
2022-04-08,4549.4755859375,4571.550686788796,4458.4595009537925,4517.721257723227,685882
2022-04-11,4604.7861328125,4628.984681254109,4519.20238345226,4550.314802877185,652187
2022-04-12,4569.376953125,4624.391802894921,4538.017611018653,4611.551757308071,574409
2022-04-13,4686.07470703125,4705.383971856921,4572.045005400018,4572.045005400018,812061
2022-04-18,4498.46142578125,4686.074473631265,4462.410521831087,4666.36974554913,579482
2022-04-19,4757.08935546875,4810.079145286061,4527.005397283335,4537.475070522416,1713344
2022-04-20,4722.12548828125,4790.325705676398,4673.184861037539,4746.867080717684,777140
2022-04-21,4825.140625,4843.31413020339,4711.407556730493,4780.447392661583,771623
2022-04-22,4754.47216796875,4800.202297357254,4729.088189248258,4790.276146009737,381911
2022-04-25,4618.51513671875,4706.963592327407,4551.648414862662,4706.963592327407,421185
2022-04-26,4567.1552734375,4682.666507920652,4544.389074655752,4674.764940305515,548203
2022-04-27,4467.29931640625,4601.625957380742,4444.631502832451,4563.15500957465,476441
2022-04-28,4482.01513671875,4546.363416669921,4449.618427613997,4523.646415022429,552600
2022-04-29,4399.5439453125,4539.450992703871,4376.481146360064,4489.0784947430575,465103
2022-05-02,4251.7841796875,4385.370058147976,4237.215664291625,4385.370058147976,568610
2022-05-04,3963.92041015625,4272.130995582386,3946.882654134205,4249.562045498497,1729814
2022-05-05,3900.509521484375,4004.266770802226,3881.644435533857,3992.2663634676464,1122769
2022-05-06,3780.2578125,3850.680333780376,3744.40440487453,3850.680333780376,891448
2022-05-09,3720.008544921875,3761.096549630179,3693.636871514405,3758.1828949560413,521295
2022-05-10,3641.535888671875,3736.1572033765046,3616.7448664584836,3723.613513772302,836241
2022-05-11,3634.375,3688.9451966434635,3575.113247988999,3664.252799972213,524764
2022-05-12,3536.791015625,3605.0900917300837,3497.875651870607,3605.0900917300837,717916
2022-05-13,3504.147705078125,3667.216160132859,3486.566669114174,3557.5819107641128,957908
2022-05-16,3641.3876953125,3662.2773662019263,3509.3328076577504,3536.9388585920015,600622
2022-05-17,3766.232666015625,3785.7890937971174,3632.795089598362,3666.3273184348313,843357
2022-05-18,3689.0439453125,3794.727399702979,3679.1669869582497,3774.9734829944778,427461
2022-05-19,3587.114013671875,3672.105293995283,3565.187212944737,3565.187212944737,572640
2022-05-20,3622.8681640625,3649.5359504391868,3541.87710914071,3649.5359504391868,692428
2022-05-23,3671.21630859375,3718.3293558399478,3620.8932496014518,3622.868641445206,401917
2022-05-24,3586.9658203125,3693.982770561385,3569.03923567475,3693.982770561385,471324
2022-05-25,3480.9365234375,3628.7451105555087,3443.255782174818,3605.336767197997,370431
2022-05-26,3617.732421875,3663.3639220976256,3320.1890458890443,3344.3381612894477,1730687
2022-05-27,3814.23486328125,3832.260314502816,3529.0376555975677,3654.4750421805206,1733752
2022-05-30,3844.063232421875,3867.3729534666277,3773.4429714816215,3842.137273532664,666686
2022-05-31,3930.338134765625,3950.585899642371,3791.8137921332536,3807.5674926758734,1361696
2022-06-01,3791.7646484375,3940.6598088313403,3743.4169812334735,3891.077521723551,794887
2022-06-02,3600.398193359375,3797.690433706,3579.16273319691,3797.690433706,1891062
2022-06-03,3544.64306640625,3648.4991930237734,3502.715424006723,3643.610146584375,1305662
2022-06-06,3588.99072265625,3604.991348807177,3498.5179183846076,3536.050364457089,561188
2022-06-07,3564.890625,3588.990306915997,3481.627817893675,3588.990306915997,490554
2022-06-08,3591.45947265625,3600.1512440516653,3513.2340123708573,3555.7049323967067,342056
2022-06-09,3624.8935546875,3635.3629870326226,3517.185263553528,3580.2003131329375,483671
2022-06-10,3654.96875,3669.29034083232,3551.260678455614,3575.9530764423725,624657
2022-06-13,3606.966796875,3632.795191032798,3547.8039050467496,3604.1025750321796,523342
2022-06-14,3660.598388671875,3711.6130250882366,3578.175216468788,3583.558110738105,655865
2022-06-15,3676.8955078125,3709.8846958156905,3601.040413864619,3691.957870406748,466405
2022-06-16,3618.572021484375,3728.552057434506,3602.1269810499716,3698.9211801568804,678602
2022-06-17,3655.709228515625,3678.1793088800237,3512.345273766233,3555.705024696049,768620
2022-06-20,3764.80029296875,3777.9366962444665,3637.5850169044747,3654.474712707066,673219
2022-06-21,3761.34326171875,3821.3952172106,3747.3674619926187,3802.579563170945,596024
2022-06-22,3741.144775390625,3760.898691437833,3667.561438114775,3742.4288281610275,359601
2022-06-23,3803.122802734375,3809.542825645107,3677.3396420209783,3715.51423062603,646244
2022-06-24,3791.171875,3873.743349324002,3715.7120041195553,3853.989431173446,1024811
2022-06-27,3747.81201171875,3822.383050560433,3728.5519420841433,3801.6414371077794,708737
2022-06-28,3790.134765625,3799.3201441186498,3677.0927827078253,3712.798132359542,463753
2022-06-29,3667.31494140625,3770.9735797128683,3649.536414892565,3720.8480119034507,567477
2022-06-30,3638.17822265625,3719.169294804428,3611.4115645525917,3668.302950711365,534241
2022-07-01,3690.179931640625,3698.9211367897187,3590.4720789977578,3634.7209034408984,316894
2022-07-04,3723.71240234375,3736.2560920238384,3654.524256445917,3686.081092166791,300790
2022-07-05,3770.43017578125,3827.0746312532497,3714.724224309561,3714.724224309561,468762
2022-07-06,3835.71728515625,3841.692893979754,3736.947688525472,3762.2328017176355,390568
2022-07-07,3867.076416015625,3881.6449307046564,3820.6547081929484,3846.137310927204,398354
2022-07-08,3887.71923828125,3897.4481396460965,3861.891086167318,3869.7926536070468,268377
2022-07-11,3884.855224609375,3919.325717956727,3847.12528629122,3886.583692579391,199806
2022-07-12,3881.348388671875,4048.269230830513,3852.013869737366,3852.013869737366,1125104
2022-07-13,3820.703857421875,3910.2383886598554,3813.6911205191304,3902.5343128980167,385514
2022-07-14,3850.087890625,3930.3381791525485,3832.309365166589,3878.68163750994,656393
2022-07-15,3883.323974609375,3895.472682571916,3827.3216645451757,3850.0881035771004,318645
2022-07-18,3898.53466796875,3921.9430130795276,3842.2851923334074,3891.620796518673,291155
2022-07-19,3970.73486328125,3983.3279855442556,3875.125855441448,3895.867468580516,412946
2022-07-20,4059.67724609375,4090.74047638275,3980.464079763164,4039.676403265845,753440
2022-07-21,4098.9873046875,4118.543973481288,4045.948322567837,4061.405667430102,542974
2022-07-22,4074.54150390625,4118.296719498406,4039.626600232399,4099.135516431051,378496
2022-07-25,4138.34716796875,4200.572012871654,4087.135036463027,4093.012020279889,1127478
2022-07-26,4059.627685546875,4137.408733925349,4037.7006447136923,4133.507142398924,363638
2022-07-27,4074.8388671875,4086.0493136634773,3972.5134612874144,4061.406104628008,440198
2022-07-28,4138.939453125,4154.248738776697,4084.1223335334385,4097.950075412391,364711
2022-07-29,4160.470703125,4200.4723818490675,4135.4821930289245,4154.248412677253,333278
2022-08-01,4235.33935546875,4240.919741468629,4138.446280466621,4187.831080949516,311325
2022-08-02,4272.67333984375,4294.748438332974,4218.399742773821,4257.956768275387,440869
2022-08-03,4257.01806640625,4332.774526757843,4227.436866723373,4272.722815358321,367949
2022-08-04,4341.71337890625,4354.751157499202,4256.969264872207,4269.760119493879,358472
2022-08-05,4320.28125,4367.591792820778,4281.662239230681,4341.713964232543,207510
2022-08-08,4372.87548828125,4419.4944448531,4326.157183392494,4334.948062618601,445755
2022-08-10,4461.5703125,4569.031912755687,4342.997615955821,4384.28311050301,867000
2022-08-11,4375.14697265625,4496.485508364654,4363.640412071399,4483.744327925777,446510
2022-08-12,4259.685546875,4340.725803590845,4223.4865881345095,4296.526411503974,1412625
2022-08-16,4295.88427734375,4327.6386027904,4155.137617283448,4296.476991314467,596342
2022-08-17,4252.771484375,4316.280135789012,4233.116433053082,4295.489330673373,502434
2022-08-18,4225.68408203125,4296.943454604579,4209.194042090848,4273.569950969884,580509
2022-08-19,4095.645263671875,4268.073769972892,4080.442547268649,4249.800720953828,719126
2022-08-22,3986.255126953125,4093.3173096065207,3957.2366421490037,4093.3173096065207,723542
2022-08-23,4031.86279296875,4054.1467595932186,3949.5608213136197,3986.155998144278,497236
2022-08-24,4170.32080078125,4179.481987602417,4038.7958216272523,4039.835788490582,956039
2022-08-25,4128.7734375,4199.141547286927,4116.790001467535,4174.530045672712,414795
2022-08-26,4174.77783203125,4195.081003979923,4116.294986269991,4166.607043320199,342452
2022-08-29,4210.6796875,4230.982858990945,4046.7687176584736,4060.6342981888747,914112
2022-08-30,4281.39453125,4295.8544492849505,4192.5560561953025,4210.680159339473,848217
2022-09-01,4236.08349609375,4287.3864364039555,4203.251877510887,4256.733404698821,390072
2022-09-02,4270.94482421875,4355.772354179431,4242.866931629077,4268.419018032225,735146
2022-09-05,4241.431640625,4267.231816194299,4192.35757984973,4240.887114792475,522750
2022-09-06,4373.10498046875,4379.542571313059,4250.543154779019,4257.624407989147,1078704
2022-09-07,4334.47900390625,4367.657353416328,4293.377466453466,4337.153273274119,396347
2022-09-08,4372.412109375,4402.223207795775,4319.128851264888,4357.754401643088,562760
2022-09-09,4417.525390625,4431.9354997483715,4372.610708262045,4394.300345294474,476210
2022-09-12,4438.5703125,4458.576073388168,4404.3517518704,4430.052788109192,331303
2022-09-13,4446.98876953125,4476.601590412936,4423.416993125011,4476.601590412936,309270
2022-09-14,4385.08935546875,4436.986150329879,4363.052984521241,4363.052984521241,362669
2022-09-15,4300.16259765625,4416.336169171732,4286.494805741243,4407.026518315284,427750
2022-09-16,4238.65771484375,4321.40531089781,4216.1261503802425,4300.310017606534,458526
2022-09-19,4266.8349609375,4289.415853034627,4186.1174841371485,4254.652769375014,266140
2022-09-20,4515.57373046875,4550.881342095233,4275.055345626566,4275.055345626566,1173769
2022-09-21,4560.5869140625,4623.675493259729,4512.255659696118,4512.255659696118,1177984
2022-09-22,4564.64794921875,4586.734127856524,4478.780681913419,4525.6756681160905,511789
2022-09-23,4376.02685546875,4673.690959075415,4340.768568849081,4565.737512468248,1205497
2022-09-26,4241.580078125,4378.007478857188,4150.859473914062,4376.026681750369,843901
2022-09-27,4202.21240234375,4312.295122302192,4164.626577841323,4293.378410212161,651304
2022-09-28,4227.9619140625,4253.761601819095,4142.93610523303,4188.395300138056,395837
2022-09-29,4349.53369140625,4362.359063021185,4243.808641674212,4256.1886240784315,631907
2022-09-30,4341.31298828125,4441.8384429802245,4310.412843101041,4310.412843101041,761064
2022-10-03,4323.28857421875,4446.890137842242,4309.175392823593,4342.898274930564,454169
2022-10-04,4362.111328125,4401.875733655839,4323.287994664928,4387.46562802134,307009
2022-10-06,4348.34423828125,4407.2729439361265,4319.424411144524,4383.949254714958,272050
2022-10-07,4351.9111328125,4390.437546483728,4311.750174371057,4337.550351304714,501530
2022-10-10,4298.923828125,4377.561372348586,4253.761559782167,4332.993439824675,207878
2022-10-11,4234.4990234375,4320.465921871776,4222.713375472795,4320.465921871776,258216
2022-10-12,4245.888671875,4308.234465216942,4204.242598815154,4238.906554282417,621343
2022-10-13,4225.08984375,4276.491919055215,4195.328558625686,4229.101248320962,277038
2022-10-14,4255.89111328125,4282.483411572646,4223.108823934736,4259.7042444898125,254366
2022-10-17,4249.65185546875,4259.258431565494,4180.52174423766,4248.80991995481,254734
2022-10-18,4324.080078125,4334.974462197234,4217.117034506699,4283.473737492127,387469
2022-10-19,4346.61181640625,4363.597055523894,4299.419420262029,4337.945828734691,249672
2022-10-20,4280.99755859375,4351.117579650107,4253.959872713525,4341.907066946212,370651
2022-10-21,4346.90869140625,4387.46570666923,4281.196132538595,4302.439891910539,364601
2022-10-24,4367.806640625,4392.41814453453,4278.522296367344,4367.8564507148485,30919
2022-10-25,4361.76416015625,4407.174026430658,4330.022082835245,4395.190108302565,474364
2022-10-27,4389.29833984375,4455.803512262366,4360.576779084557,4402.321985331456,421237
2022-10-28,4523.15087890625,4539.987656865831,4372.610275973526,4411.483425086089,691801
2022-10-31,4474.12548828125,4580.593333326127,4448.375125758768,4538.105331882642,433481
2022-11-01,4468.03515625,4602.3826397070325,4427.082074346984,4533.054732502494,866656
2022-11-02,4341.01611328125,4489.2784905707,4328.0417951629515,4468.678393541244,643118
2022-11-03,4352.80126953125,4382.5132235894835,4307.589676157904,4328.0413078160545,457168
2022-11-04,4320.712890625,4367.65768604208,4298.3791127548275,4367.65768604208,669679
2022-11-07,4321.90087890625,4377.5614693061325,4294.813866191188,4342.352995269626,356178
2022-11-09,4319.32568359375,4392.4168918747955,4302.290637723588,4305.261832915386,378028
2022-11-10,4244.30419921875,4335.420877404681,4209.194372719648,4332.4990078734345,527721
2022-11-11,4378.9482421875,4496.409612030974,4288.4752340021405,4343.8882287153865,1685313
2022-11-14,4512.94873046875,4524.14003931796,4382.711336604846,4387.465055643293,886587
2022-11-15,4567.66845703125,4584.554557654971,4483.5339128330215,4516.217062628358,492794
2022-11-16,4436.2431640625,4565.737787872551,4418.168388654978,4560.785794610217,499585
2022-11-17,4358.05126953125,4472.591267725955,4328.735854459547,4446.89022765006,430622
2022-11-18,4356.91162109375,4406.283084811197,4278.521673720919,4387.46551263511,385705
2022-11-21,4376.4228515625,4397.369684761164,4299.320225573922,4361.666009474143,336664
2022-11-22,4426.88330078125,4436.985559554956,4337.94570331489,4378.502717882417,310657
2022-11-23,4560.98388671875,4571.8284613769065,4405.2930312942335,4439.263510288073,799422
2022-11-24,4768.818359375,4786.596206839274,4569.698923723652,4585.545300572282,1822610
2022-11-25,4743.46435546875,4838.096740027368,4705.432665663511,4768.7688440597285,1069669
2022-11-28,4676.51416015625,4723.062898676442,4638.2846739295555,4715.2881722262555,598162
2022-11-29,4673.8896484375,4795.510413017301,4662.450253517004,4679.633767349597,910558
2022-11-30,4681.02001953125,4714.396647023498,4598.024807217439,4673.88943950324,1113421
2022-12-01,4729.84716796875,4747.97127036959,4655.913519656408,4719.249708658968,611403
2022-12-02,4824.677734375,4836.067318938279,4697.510159854873,4725.191995774167,996306
2022-12-05,4732.4716796875,4854.885054557566,4721.181231333901,4838.097603315573,684834
2022-12-06,4742.078125,4753.913582460239,4669.729696104172,4724.548358820536,354855
2022-12-07,4682.009765625,4768.768770822111,4665.668190397883,4758.567859723603,354913
2022-12-08,4659.32958984375,4731.975414145524,4636.451288528404,4692.507938501369,336491
2022-12-09,4640.11572265625,4690.477578905897,4630.360201525052,4682.603718049398,271785
2022-12-12,4696.76708984375,4710.335744108202,4585.545520441752,4632.094254666539,445259
2022-12-13,4633.9267578125,4715.634645336196,4616.544971583427,4700.431929544989,363818
2022-12-14,4621.34765625,4666.757522151675,4611.889544437507,4666.757522151675,356293
2022-12-15,4598.3212890625,4641.601898739271,4583.217711312998,4635.015845160555,316614
2022-12-16,4521.31787109375,4593.468502615187,4507.997300671705,4593.468502615187,342890
2022-12-19,4566.18310546875,4575.6412180124935,4477.641089830186,4555.833247371746,308464
2022-12-20,4552.515625,4572.12580742304,4496.657240715072,4566.08427924837,282355
2022-12-21,4720.4375,4742.4738665123205,4558.012146830536,4566.529187012572,877375
2022-12-22,4735.78955078125,4802.244915183046,4679.633752316214,4748.961659757935,902304
2022-12-23,4655.02197265625,4758.8653645833065,4641.354665150452,4719.9428922914785,473498
2022-12-26,4639.076171875,4694.489164628882,4607.829290809256,4678.345861571701,247357
2022-12-27,4599.212890625,4667.4517420095335,4581.237252498072,4640.017506962303,226485
2022-12-28,4544.5927734375,4634.669726170111,4538.006718981693,4607.334626080933,313366
2022-12-29,4481.00927734375,4565.7376867484545,4435.500266833613,4544.592579267999,530411
2022-12-30,4434.60888671875,4538.452277083851,4425.200099979202,4506.313648941536,348965
2023-01-02,4411.58203125,4473.333479707481,4403.312106351444,4444.908846897274,246577
2023-01-03,4447.78125,4465.658235987044,4382.613211542945,4424.11081872054,430096
2023-01-04,4390.7333984375,4470.757885968505,4382.513284471062,4451.841178236707,414977
2023-01-05,4386.5244140625,4412.720648607483,4314.175994912848,4412.720648607483,468816
2023-01-06,4345.32421875,4431.339944104413,4327.051172455884,4399.3995915496635,299640
2023-01-09,4365.3798828125,4409.402808209624,4338.9853745773,4381.869921953433,407803
2023-01-10,4423.763671875,4445.89917661261,4363.696095378739,4367.6576896550705,557940
2023-01-11,4318.73193359375,4439.412091387263,4294.417359487262,4431.043030358068,462687
2023-01-12,4317.89013671875,4340.322567460816,4283.721386281959,4328.982794065883,207917
2023-01-13,4293.92236328125,4328.041787745436,4227.070459237128,4323.089794853278,366497
2023-01-16,4253.4150390625,4322.346874910109,4243.857789766815,4322.346874910109,210854
2023-01-17,4281.3447265625,4294.8142443727265,4233.954056370823,4274.758672526759,294500
2023-01-18,4298.13134765625,4310.214403161148,4263.665672244656,4295.358425209076,331806
2023-01-19,4276.68994140625,4298.131975999743,4244.501984471206,4298.131975999743,162244
2023-01-20,4244.10498046875,4280.947996442192,4223.257286422402,4260.694154594613,242706
2023-01-23,4293.8232421875,4311.699741142079,4245.739106290927,4253.167094819368,161350
2023-01-24,4263.666015625,4308.184626577291,4249.602161927173,4308.184626577291,178860
2023-01-25,4183.79052734375,4276.5412618365735,4153.731832362804,4273.5207394682,423714
2023-01-27,4203.3994140625,4244.204022952536,4151.849369045314,4187.404576082956,421866
2023-01-30,4197.01220703125,4219.097901670852,4083.413297790826,4195.823535311869,623069
2023-01-31,4215.037109375,4262.4277769039145,4087.4241589697062,4198.794669807527,671038
2023-02-01,4221.7216796875,4310.213874214238,4171.062897806357,4233.953196752268,321331
2023-02-02,4190.8720703125,4221.079230455364,4129.962550680167,4221.079230455364,479256
2023-02-03,4210.77880859375,4218.899787004419,4118.077402384236,4204.242081077701,413966
2023-02-06,4279.21630859375,4294.02248056704,4149.424255091342,4170.569366288785,257669
2023-02-07,4274.1640625,4318.137661230621,4230.338926832694,4263.6657411921615,319090
2023-02-08,4349.087890625,4362.012399031815,4261.239340592625,4278.521989752348,250175
2023-02-09,4347.15576171875,4362.160685243778,4283.473334255913,4305.608836528413,284239
2023-02-10,4373.84765625,4382.810569812851,4308.481351056114,4343.293763846066,359807
2023-02-13,4316.80029296875,4396.973244380372,4286.444675889751,4387.861384811424,272935
2023-02-14,4227.86279296875,4338.391363843513,4210.233409264731,4338.391363843513,339582
2023-02-15,4444.8095703125,4470.659069270355,4129.961966959986,4129.961966959986,2724361
2023-02-16,4598.568359375,4623.179857003308,4456.941384321128,4466.647579061028,1419679
2023-02-17,4570.392578125,4624.12170176669,4532.063959159048,4595.597932147614,408098
2023-02-20,4566.33203125,4605.304314153454,4531.420479457992,4548.900918601189,232327
2023-02-21,4458.82373046875,4595.44940791944,4447.880019604785,4566.727849119943,490637
2023-02-22,4406.38232421875,4492.39853576022,4397.369600615995,4461.745506931319,333978
2023-02-23,4405.341796875,4474.917290590096,4358.743741496613,4428.4183717790165,443522
2023-02-24,4433.7060546875,4448.929304641132,4360.565498241383,4418.23487064422,358946
2023-02-27,4403.06201171875,4457.607517804572,4378.565927105314,4447.938087180268,215703
2023-02-28,4365.2763671875,4436.433452892778,4325.259707157645,4412.2351819203095,312308
2023-03-01,4377.3251953125,4409.2592957412735,4301.407980309005,4365.275696920344,287008
2023-03-02,4365.822265625,4413.425613826461,4345.144464400731,4392.40060800563,313250
2023-03-03,4371.8701171875,4408.2670262659285,4357.589213996634,4380.250481048378,168868
2023-03-06,4384.5654296875,4451.80495677488,4375.589925672026,4379.50747773489,242661
2023-03-08,4339.8876953125,4404.499706427038,4323.97052046663,4378.41674966637,246734
2023-03-09,4381.63916015625,4500.746773673405,4348.911865817855,4362.647508927297,684685
2023-03-10,4281.57373046875,4363.34258571735,4256.185183217042,4363.34258571735,328154
2023-03-13,4309.09423828125,4399.292848774149,4286.284303303007,4291.242984820016,496455
2023-03-14,4264.06884765625,4318.762999482941,4239.672041515489,4309.093572019836,279237
2023-03-15,4293.0283203125,4331.855187640119,4273.689460576958,4298.929345571347,279479
2023-03-16,4283.35888671875,4333.888049784894,4230.747464618388,4295.160937226177,300181
2023-03-17,4310.58203125,4340.036794447671,4261.193754879197,4304.135744995973,368653
2023-03-20,4277.359375,4317.921299583033,4160.334472090192,4286.285003188036,563835
2023-03-21,4238.681640625,4317.921287127617,4230.747748925187,4284.3015178989235,239304
2023-03-22,4249.689453125,4259.5075459626005,4176.300964556611,4239.7222124405935,302705
2023-03-23,4237.7392578125,4263.822217080463,4208.483032441963,4240.66507404808,233054
2023-03-24,4247.95361328125,4318.664215039962,4225.78821098364,4242.151859301225,354933
2023-03-27,4282.41650390625,4371.47422766074,4241.656046173735,4269.127334676766,495895
2023-03-28,4297.78857421875,4307.606666848446,4209.970033331546,4298.978367244208,343628
2023-03-29,4326.94580078125,4343.805319143221,4275.474779807781,4297.788848228037,250790
2023-03-31,4275.2763671875,4364.582520916168,4264.41714411139,4348.615467962385,465663
2023-04-03,4199.3583984375,4308.052785993478,4185.275550286137,4307.606310991911,493574
2023-04-05,4166.23486328125,4214.879335799448,4133.556958026376,4214.879335799448,622533
2023-04-06,4167.22705078125,4190.0863816024785,4148.582115505867,4182.15249022903,286725
2023-04-10,4201.98681640625,4208.581766129834,4152.697327268666,4180.168617217924,323560
2023-04-11,4236.00390625,4251.3758219546335,4186.268417771049,4227.772687022827,284178
2023-04-12,4284.49951171875,4293.177204657197,4231.24307678658,4252.26808080452,304498
2023-04-13,4361.95361328125,4444.069670197349,4284.5981811951215,4293.226480780148,1257056
2023-04-17,4350.4501953125,4411.640039740813,4304.135912418152,4373.557459392638,334963
2023-04-18,4302.79638671875,4347.870993005983,4258.416189505408,4343.804777529373,409038
2023-04-19,4284.59765625,4319.011095647433,4186.663707755124,4319.011095647433,517278
2023-04-20,4312.46630859375,4322.8301472966,4198.168692636776,4284.59841991464,484517
2023-04-21,4325.25927734375,4391.408281424129,4282.763764817742,4304.135488116694,485292
2023-04-24,4362.69677734375,4425.325303480035,4326.2504733267915,4326.2504733267915,571150
2023-04-25,4380.00390625,4409.508064794309,4346.880006615902,4373.508226386663,252655
2023-04-26,4373.9541015625,4451.607351872571,4364.631876294699,4383.4254746866445,438486
2023-04-27,4380.99560546875,4401.8220701467,4328.978836896019,4383.326282889113,400508
2023-04-28,4476.400390625,4491.573762518582,4394.334210707047,4406.235046465541,713399
2023-05-02,4453.689453125,4535.507702849534,4439.90441456612,4492.317778057091,384900
2023-05-03,4478.13525390625,4487.060879379208,4444.961485533285,4472.482164074907,287955
2023-05-04,4515.57373046875,4532.135435454722,4462.813167764688,4472.73053035972,391146
2023-05-05,4564.46630859375,4591.739056771116,4484.13566850769,4512.4001529824145,332169
2023-05-08,4586.8798828125,4621.49138452979,4547.111158383925,4572.896303447825,274255
2023-05-09,4555.0947265625,4609.491565527851,4544.433560149592,4607.508092706845,207566
2023-05-10,4563.2763671875,4595.706340196416,4539.177367086533,4555.094542132122,293523
2023-05-11,4557.326171875,4606.615665590712,4546.764275863433,4572.847234227151,409446
2023-05-12,4567.19384765625,4601.656685983388,4497.52436873592,4557.028550020187,427837
2023-05-15,4587.62353515625,4650.251586675211,4553.160698168201,4571.855024577874,401847
2023-05-16,4517.45751953125,4603.8872297964,4503.473942701374,4586.779780883914,310725
2023-05-17,4445.11083984375,4561.590464064341,4421.160504618853,4542.2017285041875,266803
2023-05-18,4405.29248046875,4492.466001141614,4396.3668541012985,4472.73054635616,167057
2023-05-19,4410.39990234375,4428.102491797382,4373.8049304477945,4418.185128993804,177405
2023-05-22,4567.24267578125,4586.780073251203,4415.160311992687,4422.9450540173475,361967
2023-05-23,4512.796875,4578.896004191043,4495.540759799721,4566.945775177082,433331
2023-05-24,4498.962890625,4568.929701581697,4485.971046632107,4503.425704529302,225979
2023-05-25,4530.39990234375,4559.953933459536,4493.50760399445,4531.242975014567,202680
2023-05-26,4571.8056640625,4581.822298837791,4513.6404193908,4552.070205988195,289579
2023-05-29,4602.1025390625,4626.449469582293,4542.796422516704,4596.697382961185,332364
2023-05-30,4561.14453125,4755.376209024702,4497.971210845777,4633.392627437624,1298380
2023-05-31,4583.75537109375,4691.904011133186,4487.6063518025085,4561.98656757824,1655511
2023-06-01,4774.46728515625,4806.946654443027,4647.277083292764,4650.25229269308,1692479
2023-06-02,4926.25146484375,4960.86344865793,4766.284595445015,4799.656424654179,1326161
2023-06-05,4909.29345703125,4967.805901485339,4893.276527635366,4926.89677718481,698352
2023-06-06,4899.2763671875,4928.383923103246,4853.061360883436,4927.937448090281,382992
2023-06-07,4984.9130859375,4998.350919015326,4909.144045720516,4923.425435743264,552840
2023-06-08,4885.93798828125,4986.9958295592805,4879.343038137902,4978.516677124445,411502
2023-06-09,4885.98779296875,4924.814175205177,4866.499785800754,4885.937915602228,249400
2023-06-12,4884.0537109375,4953.72319125495,4874.433674405121,4908.103318022171,343835
2023-06-13,4910.13623046875,4948.764556325354,4876.119866194926,4884.301691363199,308751
2023-06-14,4967.60693359375,4981.044766237884,4910.135623544342,4923.970538090031,360156
2023-06-15,5175.6240234375,5216.334606488622,4976.532953218562,4998.301759576124,1712253
2023-06-16,5157.078125,5250.25194357551,5120.383882100058,5175.623787407385,797312
2023-06-19,5102.48291015625,5218.466656107945,5092.862875013936,5176.863127505467,327818
2023-06-20,5119.39208984375,5154.945932465507,5058.946053896802,5132.1858753011375,334154
2023-06-21,5076.4501953125,5130.251889690171,5044.565970055903,5127.128017188457,410174
2023-06-22,5024.13671875,5112.401260394048,5013.227618097365,5087.508579328321,329800
2023-06-23,5003.75634765625,5042.384187839478,4959.673473316093,5042.384187839478,335552
2023-06-26,4995.32666015625,5013.227307784252,4958.731201016952,5008.2192328567835,430106
2023-06-27,5100.30126953125,5107.441964617173,4995.326369170044,4998.350971198165,556456
2023-06-28,5084.53369140625,5133.178656574956,5073.872524185562,5102.484218645698,362944
2023-06-30,5056.06982421875,5106.400437719379,5022.20164468294,5085.623370073346,411015
2023-07-03,5026.61572265625,5100.004213033396,5018.185963626443,5085.1281676866765,150815
2023-07-04,5067.72314453125,5082.3512550851265,5010.301224858358,5077.59063025544,233404
2023-07-05,5035.68994140625,5105.95455810433,5008.665126079778,5082.648754061317,279982
2023-07-06,5239.39208984375,5266.119575928544,5028.301412883593,5047.937597264838,1251554
2023-07-07,5103.72314453125,5231.359805307951,5087.607428991074,5231.359805307951,559765
2023-07-10,5115.72314453125,5160.499942542341,5068.516398836989,5137.045475417127,271366
2023-07-11,5213.5576171875,5228.830259030414,5122.417150023139,5157.028649300932,503174
2023-07-12,5208.6484375,5244.748026194699,5162.830511016038,5218.169202823368,263391
2023-07-13,5139.177734375,5246.185989038496,5125.293425559629,5246.185989038496,338327
2023-07-14,5129.0625,5155.4926644161,5054.137003124857,5137.194932781312,508041
2023-07-17,5176.1689453125,5274.995852492297,5109.6238286710795,5109.6238286710795,469609
2023-07-18,5119.9384765625,5280.004635957327,5064.252574105033,5163.475608022506,511024
2023-07-19,5132.8310546875,5180.78160690647,5119.938481371962,5119.938481371962,265631
2023-07-20,5152.5166015625,5166.946171163509,5090.235270794203,5127.276718793732,276787
2023-07-21,5161.888671875,5209.591289382798,5082.698423786981,5087.657105768118,313184
2023-07-24,5137.98681640625,5182.51616009446,5101.491117197872,5101.491117197872,249814
2023-07-25,5169.12939453125,5176.86474585525,5111.211593119231,5111.211593119231,547945
2023-07-26,5113.14404296875,5211.573863317806,5100.54879921049,5153.061426032221,297720
2023-07-27,5172.40087890625,5221.491827713816,5101.690271595068,5104.219005562409,363050
2023-07-28,5302.76513671875,5319.674048637174,5134.21934187074,5134.21934187074,453505
2023-07-31,5130.6982421875,5295.822332508933,5115.920984245235,5295.822332508933,689230
2023-08-01,4990.81396484375,5166.946439357076,4980.053528480672,5166.946439357076,1044095
2023-08-02,4955.45849609375,5002.020710383957,4934.879967291239,4991.408937977654,1016605
2023-08-03,4955.01220703125,4988.433916232149,4915.342752429006,4919.012370678222,412037
2023-08-04,4939.14453125,4994.830916740687,4922.979421850976,4983.475341418444,358846
2023-08-07,4972.9619140625,4983.375144182669,4915.391821239474,4939.143612727762,608113
2023-08-08,4981.83837890625,5013.226734310405,4938.995179288435,4975.540756881365,519420
2023-08-09,4940.18603515625,4984.466966973001,4917.0288942005855,4981.83896245686,268668
2023-08-10,4881.822265625,4940.285318146992,4863.078545141535,4940.235440780888,370166
2023-08-11,4865.607421875,4970.582816229829,4771.392464264897,4889.260431766373,1066479
2023-08-14,4781.0126953125,4886.830682507443,4690.913343234309,4822.814289249142,832136
2023-08-16,4901.06103515625,4913.011746926706,4714.81317029615,4760.333765075446,667417
2023-08-17,4852.3173828125,4919.011643503142,4832.284117501366,4899.672787243402,375779
2023-08-18,4817.14599609375,4863.4956585081845,4794.045633670805,4843.574894861282,336848
2023-08-21,4900.9033203125,4913.621230473063,4808.849713627914,4849.585837235092,243126
2023-08-22,4887.98681640625,4927.083655080973,4874.5737030076625,4916.054998147738,175172
2023-08-23,4913.77001953125,4954.903470463655,4879.3926094740345,4926.090115612353,597123
2023-08-24,4888.28515625,4951.425951299606,4868.562814788981,4923.109378687578,534065
2023-08-25,4834.185546875,4881.479289372109,4814.811049256243,4868.463504200493,249504
2023-08-28,4873.87890625,4880.237619068055,4810.837073957718,4843.525233793508,204098
2023-08-29,4847.00244140625,4913.173899753207,4827.627943722693,4874.424904386094,591619
2023-08-30,4843.126953125,4858.477708556124,4813.816819753949,4850.529197811432,396122
2023-08-31,4783.11669921875,4880.187613975479,4774.869826677283,4855.9947179287765,488260
2023-09-01,4809.19677734375,4818.735087131089,4770.298850461136,4808.848932975838,206097
2023-09-04,4793.79736328125,4838.6566808615025,4786.594024279968,4828.721040859734,354446
2023-09-05,4952.4189453125,4959.870674089679,4800.949944312959,4828.720247611345,800554
2023-09-06,5000.70751953125,5011.18942662762,4922.116502966834,4947.949169312643,535407
2023-09-07,4996.68212890625,5012.430213092369,4954.902962708654,4997.576724489849,334709
2023-09-08,4953.0654296875,5017.299244638772,4945.912060039859,5007.562511588372,292671
2023-09-11,5063.15234375,5073.932124366053,4971.5455546137755,4971.793945598268,543287
2023-09-12,4947.15380859375,5092.015238293047,4934.038570412346,5078.105343007955,483061
2023-09-13,4978.7490234375,4988.883569925422,4913.173801815693,4942.980720734696,232238
2023-09-14,5051.8251953125,5067.1759518102,4963.348522993697,4968.813124510355,414391
2023-09-15,5059.029296875,5117.252247936388,5029.123406719532,5051.825957425445,658355
2023-09-18,5042.486328125,5128.777460102347,5034.736722841302,5067.176490996119,371912
2023-09-20,4974.0791015625,5027.234773878494,4897.276800851115,5018.93890285225,509910
2023-09-21,4987.74072265625,5014.467982144869,4943.428156735782,4957.884318760066,422586
2023-09-22,4957.43701171875,4984.511630443354,4923.109569923388,4980.736281337225,348459
2023-09-25,5064.24560546875,5080.540444509609,4940.84523768049,4982.624413234877,386746
2023-09-26,5021.17431640625,5064.1954412849955,4997.875047777879,5064.1954412849955,267102
2023-09-27,5072.4921875,5085.905301825438,4987.691401014771,5021.472577834393,460768
2023-09-28,4987.79052734375,5112.3833507681275,4962.8519749464185,5072.491854844086,407714
2023-09-29,5104.68310546875,5153.5666451111,4994.248571155355,5021.472125938215,410567
2023-10-03,5086.0048828125,5121.773188577404,5033.395472361143,5105.876163793002,268482
2023-10-04,5014.91455078125,5064.046481836777,4950.233441039576,5052.272652080012,442482
2023-10-05,5014.56640625,5047.15559272553,4994.297800045888,5022.415949043809,363289
2023-10-06,5027.681640625,5051.278782854108,4996.433862438798,5017.497610820858,407753
2023-10-09,5014.8154296875,5033.395270715409,4954.953198131913,4967.8200461068,176296
2023-10-10,5034.0908203125,5051.825549275541,5000.607520072563,5036.326339271403,202645
2023-10-11,5060.07275390625,5106.919201695621,5032.401898168934,5040.300926398241,336099
2023-10-12,4961.70947265625,5081.036601135263,4840.345732117168,5060.022335295826,1029595
2023-10-13,4985.00830078125,4996.732646682587,4901.996225340447,4956.8411504096,410013
2023-10-16,4989.3798828125,5016.951280220352,4954.306787098806,4997.626268882648,259806
2023-10-17,4996.43408203125,5035.381982025019,4979.941308953995,5017.497831339058,217907
2023-10-18,4945.2158203125,5007.512469626089,4906.665735834996,4988.68424005004,341459
2023-10-19,4964.88818359375,4987.641184515832,4903.3866765597795,4945.215812860479,231958
2023-10-20,4945.513671875,4967.769890785547,4908.702324362259,4957.983189589226,252447
2023-10-23,4937.5654296875,4978.301550779644,4912.32900291668,4944.967675014576,363474
2023-10-25,4828.62109375,4939.353984303767,4800.403976057651,4928.076937026999,894230
2023-10-26,4729.66259765625,4828.621670810383,4695.58354591719,4828.621670810383,836962
2023-10-27,4799.11279296875,4829.267070788232,4746.056089843552,4749.186204401943,333727
2023-10-30,4810.58837890625,4837.066761828505,4752.26597948252,4808.849641948934,234759
2023-10-31,4788.87890625,4868.11563325915,4774.273806900162,4800.901127375672,276660
2023-11-01,4765.6787109375,4824.746278605614,4759.171061474648,4803.8814367912155,281746
2023-11-02,4855.546875,4863.495386356661,4779.241360031512,4806.6633361010845,214035
2023-11-03,5120.03369140625,5132.254333339587,4905.274465980212,4918.886485486586,1262458
2023-11-06,5131.70849609375,5194.352511264611,5094.49933081662,5107.9619287519035,399720
2023-11-07,5103.78955078125,5148.599386143626,5088.0909478202675,5116.8548209176015,222204
2023-11-08,5078.056640625,5120.481536692594,5054.707884230517,5101.951663220036,400498
2023-11-09,5263.50439453125,5278.805182089289,5089.083954809675,5114.37035098901,1032216
2023-11-10,5244.52734375,5303.644399154589,5185.062443932948,5265.888968812163,696409
2023-11-13,5187.04931640625,5245.023867433741,5166.731225582053,5216.210514117662,150128
2023-11-15,5191.32177734375,5260.92073292789,5173.487111681873,5249.842592718191,356675
2023-11-16,5304.3896484375,5333.4513945797235,5168.271384455119,5190.378182802622,449045
2023-11-17,5443.68701171875,5457.994234556029,5271.998882255561,5297.8815124000685,735541
2023-11-20,5438.72021484375,5558.990951015329,5419.941465879491,5439.763263057896,526567
2023-11-21,5431.61474609375,5484.770412900288,5387.500607491373,5464.601260485212,382979
2023-11-22,5496.39599609375,5504.2950238746225,5404.14348253722,5431.814336703639,302473
2023-11-23,5458.5908203125,5514.27988527864,5438.073336772575,5494.408606412771,234584
2023-11-24,5366.5361328125,5457.646130280779,5360.276874725068,5457.646130280779,270183
2023-11-28,5332.2587890625,5389.935467186381,5306.625033322094,5366.536745184876,362746
2023-11-29,5387.05322265625,5400.019035668994,5329.972790588098,5337.523972191906,277119
2023-11-30,5493.36572265625,5514.28005023275,5347.361302766245,5347.361302766245,775261
2023-12-01,5555.16552734375,5651.044457930811,5494.757027309141,5514.280463815452,546990
2023-12-04,5586.36279296875,5621.833220038902,5533.753872899893,5589.790782651679,936113
2023-12-05,5544.2861328125,5652.385704022926,5489.441204908888,5573.894146522871,787929
2023-12-06,5507.42431640625,5602.707000248144,5473.295298389246,5498.5317251789165,574427
2023-12-07,5426.25048828125,5484.274530518544,5406.478661141622,5454.9149075315245,510609
2023-12-08,5519.59619140625,5536.6852021353925,5404.044400277809,5459.634503426411,456382
2023-12-11,5511.64697265625,5519.59548410857,5454.6659841547025,5514.279820047103,238128
2023-12-12,5394.00830078125,5514.279002814231,5368.42403333576,5514.279002814231,615205
2023-12-13,5391.8232421875,5416.910732281061,5334.842251818551,5368.176613897347,476781
2023-12-14,5480.39892578125,5497.339481071329,5417.009744094712,5459.434630820049,490550
2023-12-15,5515.47216796875,5552.035125779564,5464.601501751539,5494.408419033821,349758
2023-12-18,5463.26025390625,5571.658176634268,5458.640278619529,5514.776641149927,428321
2023-12-19,5519.74462890625,5638.823367599793,5468.278209375655,5473.344997505827,682732
2023-12-20,5367.431640625,5569.7208831315065,5340.505959168323,5519.744807933255,437044
2023-12-21,5440.60693359375,5517.260290813508,5250.836230272053,5309.605437440552,487514
2023-12-22,5505.7353515625,5513.286534851698,5427.542157280257,5474.537539562598,220537
2023-12-26,5596.89501953125,5608.668850106153,5490.5836702024,5505.735521391793,243281
2023-12-27,5650.84521484375,5678.2177063192,5579.457551376999,5598.732594069763,307177
2023-12-28,5723.42431640625,5732.863172582946,5638.226219863965,5638.4746108159825,568149
2023-12-29,5667.38818359375,5721.885262888295,5640.7603788414535,5703.057032115314,325682
2024-01-01,5713.04248046875,5727.896456314662,5671.11437077893,5704.050920330004,127030
2024-01-02,5709.36669921875,5745.432879063151,5643.44362951177,5701.169796059688,166449
2024-01-03,5731.1748046875,5748.761080860353,5636.537837360858,5693.121499020018,198997
2024-01-04,5725.1142578125,5802.363853185293,5694.611651178978,5731.174609660099,220702
2024-01-05,5717.21533203125,5771.414051189904,5678.217947179666,5725.114359451551,144894
2024-01-08,5645.43017578125,5737.682682492414,5603.700491271779,5712.992522129917,157009
2024-01-09,5760.33642578125,5811.356035964532,5638.178018861071,5665.501029801236,329437
2024-01-10,5763.56494140625,5781.846420807556,5684.477155044221,5762.670830891254,239740
2024-01-11,5832.12109375,5854.0789546776605,5764.906587708495,5766.645324668897,213210
2024-01-12,5758.3994140625,5883.886360729777,5705.889456486876,5832.221029632522,250919
2024-01-15,5858.4501953125,5886.021594066391,5766.644986219163,5797.445467709997,375458
2024-01-16,5866.54833984375,5929.043905873808,5791.4847709137175,5844.143664867814,347797
2024-01-17,5887.7607421875,5941.860495414615,5793.720007707492,5835.052366655163,378205
2024-01-18,5952.29248046875,5990.14736267873,5800.426138950015,5920.647372730925,591170
2024-01-19,6055.42431640625,6080.611259090504,5912.698954713658,5948.46725623772,326813
2024-01-23,6114.14404296875,6387.324639967818,6094.173310919503,6386.628951160369,982889
2024-01-24,6173.36083984375,6189.903583050012,6044.197522701455,6113.945422875097,435151
2024-01-25,6129.14697265625,6198.050728522308,6079.71716692868,6170.081515663033,337391
2024-01-29,6289.01123046875,6308.13733595262,6138.0389985808815,6159.152231907231,554591
2024-01-30,6269.18994140625,6346.737902791648,6243.357277372207,6290.253692289477,304312
2024-01-31,6312.0625,6330.641855399328,6215.288979942651,6239.5818133830235,499281
2024-02-01,6247.48095703125,6335.957637305728,6227.460254290908,6249.169724750527,255111
2024-02-02,6279.8701171875,6318.12232735637,6250.808373098163,6279.32385109768,239428
2024-02-05,6194.37451171875,6305.753128718198,6169.2375375736365,6279.870496464058,147909
2024-02-06,6157.4130859375,6257.36570680097,6115.435013054195,6219.660249578298,326654
2024-02-07,6138.18896484375,6208.632556070029,6115.386476776578,6197.603898539902,323738
2024-02-08,6190.89697265625,6322.246320906085,6110.418292703569,6161.586836130274,794455
2024-02-09,6395.9189453125,6432.28348265297,6173.609013072724,6229.049687035052,933104
2024-02-12,6571.87890625,6634.820790953551,6333.969837286587,6423.291134513304,709946
2024-02-13,6675.65673828125,6696.621034690577,6555.783344532211,6571.87927460577,521773
2024-02-14,6710.63037109375,6731.395760619074,6656.878464376059,6675.557272578849,452781
2024-02-15,6584.94482421875,6720.864184553971,6543.215136467223,6706.556960066896,446114
2024-02-16,6558.06787109375,6617.5827355895535,6483.103767465037,6588.371569419958,391508
2024-02-19,6614.3046875,6632.983982353462,6469.1448856406905,6577.393880800887,334607
2024-02-20,6722.0048828125,6747.4131492989345,6601.078412969933,6630.564063809969,559251
2024-02-21,6722.7001953125,6784.158128585155,6680.087477540819,6747.363100247052,537325
2024-02-22,6731.70068359375,6836.367627472713,6652.988764415176,6727.523756210813,564432
2024-02-23,6736.5234375,6749.2028060172925,6685.855977790408,6741.44621009606,352524
2024-02-26,6547.5263671875,6754.125486686771,6534.498840635703,6732.446447198475,453443
2024-02-27,6583.923828125,6631.508849647236,6533.604040832248,6551.504325875624,313760
2024-02-28,6327.1044921875,6593.2716903862465,6310.148652980312,6593.2716903862465,536602
2024-02-29,6067.798828125,6357.136749836006,6028.467633440517,6357.136749836006,1543361
2024-03-01,6051.68798828125,6073.168425660836,5908.93342117172,6068.196124673722,1749136
2024-03-04,5999.876953125,6137.5601717453865,5989.485134648651,6110.95835952127,551616
2024-03-05,6027.52294921875,6069.687965520066,5943.093373478652,6001.616969087564,724456
2024-03-06,6020.7607421875,6045.224562447615,5912.0664266728045,5991.623249908099,588776
2024-03-07,6015.291015625,6108.82029425535,5998.584277517605,6031.898696167612,738112
2024-03-11,6170.32763671875,6190.514985331968,6002.661543374261,6015.290897058803,521556
2024-03-12,6110.7587890625,6239.491855052425,6073.665618158774,6205.431593501556,482112
2024-03-13,5975.11474609375,6145.764218599238,5923.054655961718,6145.764218599238,356191
2024-03-14,5989.783203125,6061.235269744964,5946.8723401271345,5975.114914326191,439181
2024-03-15,5950.05517578125,5997.441112873581,5908.685529389258,5981.678819699755,764270
2024-03-18,6102.5546875,6110.908541834608,5945.529515396355,5964.523802771782,419258
2024-03-19,6079.33447265625,6091.765225532047,6000.622556985677,6043.334818097429,542392
2024-03-20,6139.84716796875,6166.349922332658,6039.804854372428,6113.941672451811,413963
2024-03-21,6148.25048828125,6179.9736731031,6071.776592262852,6155.609397007202,350032
2024-03-22,6340.57861328125,6355.495516095903,6134.526753747265,6134.973969485946,727548
2024-03-26,6287.42529296875,6427.644185790693,6274.546838723738,6362.5565693247445,629120
2024-03-27,6196.9296875,6363.948999680619,6185.542923097537,6319.795060495956,603420
2024-03-28,6321.58447265625,6390.003626492861,6078.6380374316195,6196.9292737157075,818070
2024-04-01,6421.47802734375,6520.675430762782,6337.446141740661,6365.539641957079,440465
2024-04-02,6384.18603515625,6433.660431394269,6368.7223728741765,6433.660431394269,213898
2024-04-03,6339.73388671875,6373.496007843689,6276.0388992824965,6364.098163859047,289202
2024-04-04,6404.92041015625,6439.129743648178,6291.352861991439,6389.406734044717,547885
2024-04-05,6362.3076171875,6444.101967000118,6346.197168039496,6404.920333019721,239001
2024-04-08,6272.806640625,6362.308063106273,6245.210368693274,6362.308063106273,491584
2024-04-09,6469.01318359375,6503.769762103389,6295.878049794494,6312.634315842869,592624
2024-04-10,6453.89794921875,6479.803444495277,6415.263071399127,6469.013453669791,174947
2024-04-12,6371.05908203125,6442.0139175566155,6327.452388792448,6414.2685738639975,450885
2024-04-15,6268.23193359375,6363.6505873796505,6248.193656972259,6290.060529984147,251305
2024-04-16,6299.65673828125,6312.4356489387765,6167.64214701769,6265.049717626846,290190
2024-04-18,6040.5009765625,6299.309271455553,6019.667324476941,6271.166238998384,518459
2024-04-19,6135.3720703125,6164.659119044691,6016.484541090559,6105.985964015874,560178
2024-04-22,6203.98974609375,6223.3321920236685,6115.930485929301,6120.405557016566,197001
2024-04-23,6160.58203125,6268.878661084158,6146.7591301595985,6206.9239784648325,217146
2024-04-24,6248.5419921875,6275.541491219393,6151.880260369384,6195.387896886435,207837
2024-04-25,6348.73388671875,6366.733714664014,6134.676314279071,6245.2104758243,520353
2024-04-26,6223.92919921875,6344.656579973198,6216.42073276657,6344.656579973198,261065
2024-04-29,5935.28662109375,6165.653228893527,5701.240316330095,6165.653228893527,2785015
2024-04-30,5914.15478515625,5989.634222742324,5868.31006946745,5966.761636469192,1040838
2024-05-02,5925.541015625,5966.761587824743,5906.547213031466,5914.154736940682,572406
2024-05-03,5976.30859375,5994.308421927078,5927.032795547145,5966.761677950019,563849
2024-05-06,6023.1474609375,6052.434023324707,5953.038014819508,6016.484383175206,419144
2024-05-07,5867.56396484375,6046.3181909664845,5823.9567866966045,6046.3181909664845,455928
2024-05-08,5814.111328125,5877.259548314162,5780.448754578204,5859.3592654258955,511587
2024-05-09,5774.23388671875,5859.35978106055,5757.924835767241,5827.437509985339,598157
2024-05-10,5810.08447265625,5848.420721002616,5721.378424265992,5787.709117066629,372227
2024-05-13,5797.8525390625,5810.034677565485,5758.124141984266,5787.758864275289,348407
2024-05-14,5830.3212890625,5861.994944757767,5708.201766067734,5822.564693436686,558136
2024-05-15,5816.39892578125,5850.857361962913,5787.758664763453,5837.432148565266,509306
2024-05-16,5898.83984375,5911.568740254666,5817.592250061367,5857.370658608796,378026
2024-05-17,5920.0712890625,5939.910964918684,5877.359513449748,5892.176873789252,267904
2024-05-21,5915.2978515625,6008.428951656313,5887.602038032164,5966.761166624638,606639
2024-05-22,5835.6416015625,5925.590722055189,5812.570415967607,5925.590722055189,735701
2024-05-23,5936.9775390625,5958.259378012659,5828.134150219865,5845.885363747769,308200
2024-05-24,5881.5859375,5938.767400521655,5834.498148661694,5905.402968578033,608807
2024-05-27,5906.3974609375,5926.485751851865,5885.2156522291025,5917.038379649063,189637
2024-05-28,5871.79052734375,5938.36983509881,5847.724395140209,5911.220779014871,314362
2024-05-29,5870.74658203125,5912.066211363753,5848.321211952713,5877.160559325219,337183
2024-05-30,5734.50537109375,5869.055645596963,5718.1463061265795,5867.315340199446,643549
2024-05-31,5806.85205078125,5926.336343747615,5711.184787671417,5823.509258720218,1382132
2024-06-03,5818.78564453125,5984.810481522877,5780.3493698154325,5953.136827429214,804820
2024-06-04,5813.31640625,5930.712243089998,5661.6612199877945,5718.494525461947,642000
2024-06-05,5901.7734375,5911.8175831606,5744.797789604321,5882.232390663183,487289
2024-06-06,5928.97216796875,5941.900151562107,5867.315630831202,5936.927850180046,490549
2024-06-07,5981.23095703125,5997.590023070682,5932.403345138668,5954.579615427206,436163
2024-06-10,6023.1474609375,6041.345888890806,5958.855218695931,6006.539780888966,443756
2024-06-11,6074.11328125,6133.084575990469,6025.633347230861,6048.058230172286,521348
2024-06-12,6134.42822265625,6154.566044778321,6041.346636621189,6083.412115267865,321285
2024-06-13,6171.8193359375,6176.144849520622,6125.875078617354,6173.559641357561,401804
2024-06-14,6173.21142578125,6185.493106746791,6140.791925142165,6175.598033219894,216573
2024-06-18,6201.80224609375,6215.177445043382,6132.040957021441,6190.515025197609,267887
2024-06-19,6139.349609375,6234.271030250494,6094.101670010445,6230.293189427236,401714
2024-06-20,6141.6376953125,6159.388908651088,6081.870534610581,6131.544020457637,252844
2024-06-21,6135.81982421875,6204.537125524207,6110.958317637636,6118.118625763517,434583
2024-06-24,6224.87353515625,6260.127345654195,6122.046441240431,6135.819812976391,357273
2024-06-25,6260.47509765625,6280.016143410039,6207.66916408572,6223.331912186861,348730
2024-06-26,6102.8037109375,6250.829222158528,6091.06927375084,6245.011532349152,538411
2024-06-27,6158.1953125,6166.051451633224,6021.457023364957,6081.8704856555305,440975
2024-06-28,6151.43310546875,6188.029049287853,6111.107450049263,6188.029049287853,334692
2024-07-01,6106.4833984375,6145.76457981333,6074.611140437763,6145.76457981333,374933
2024-07-02,6063.82080078125,6129.604247937101,6043.334822910365,6100.764901242284,436037
2024-07-03,6158.39453125,6183.305567684987,6045.373729011066,6098.279211521251,188203
2024-07-04,6190.564453125,6209.409668691468,6126.869469700214,6166.598350071698,222050
2024-07-05,6293.4912109375,6307.712283835749,6124.8806700476125,6166.648000481449,350300
2024-07-08,6282.453125,6352.562572897371,6257.93929128123,6344.656419648639,317731
2024-07-09,6285.287109375,6315.220460898839,6221.2439644998185,6274.348046302099,176239
2024-07-10,6340.38037109375,6381.451384935202,6266.243068567219,6285.286885122135,295890
2024-07-11,6353.65625,6376.131149416012,6304.878167555664,6360.468400025002,354777
2024-07-12,6318.701171875,6384.38556571167,6284.9890649866165,6349.828070457194,211028
2024-07-15,6401.58935546875,6430.876404570304,6305.375324610604,6305.375324610604,359221
2024-07-16,6417.9482421875,6428.190988424307,6367.528913812011,6401.589177016455,298376
2024-07-18,6484.7265625,6503.472236322672,6394.379746877148,6396.368667482709,583444
2024-07-19,6346.595703125,6489.101660842492,6329.739407879002,6489.101660842492,228785
2024-07-22,6366.68408203125,6398.357740544768,6334.861351584027,6346.596274782239,222285
2024-07-23,6368.1259765625,6438.53357049252,6289.76221477814,6368.523663561139,284679
2024-07-24,6387.02001953125,6408.251841390932,6314.871642461446,6364.545122452339,309594
2024-07-25,6350.423828125,6398.50607649474,6336.700471428688,6369.318572154684,412373
2024-07-26,6627.6298828125,6642.944959164911,6358.131154334409,6397.362805533417,432671
2024-07-29,6644.63525390625,6739.457136167379,6579.746722382726,6739.457136167379,367708
2024-07-30,6604.21044921875,6675.960658369286,6547.625758717602,6644.635160831205,264929
2024-07-31,6578.65283203125,6649.707212576285,6547.675491725978,6627.331856494038,352268
2024-08-01,6669.248046875,6697.6897068135495,6570.001109295568,6578.652622025413,361725
2024-08-02,6672.97802734375,6758.203473657495,6643.989605226516,6669.24880102739,587569
2024-08-05,6650.552734375,6719.070951259856,6563.487444615418,6651.944881666126,907845
2024-08-06,6620.818359375,6697.689944312309,6594.31560461612,6652.093843641484,334936
2024-08-07,6683.12060546875,6730.506536197739,6625.093756523246,6664.076790029601,358284
2024-08-08,6505.6591796875,6706.98784433008,6463.99139381799,6702.661845282039,509454
2024-08-09,6551.35498046875,6561.448654776042,6493.825358546158,6545.785906016914,115598
2024-08-12,6466.37841796875,6555.382612896779,6385.3799196286345,6513.714824341823,230114
2024-08-13,6552.89599609375,6605.204700138739,6474.2340965423355,6474.2340965423355,400126
2024-08-14,6479.75341796875,6826.969090396383,6424.461335212415,6563.437144445174,1723346
2024-08-16,6660.07763671875,6687.865627922434,6529.702795614472,6529.902187910338,611092
2024-08-19,6697.9248046875,6729.796445434941,6538.715902001771,6722.924220163302,398225
2024-08-20,6646.13330078125,6761.3693948673035,6623.32525543683,6747.8238504638375,146064
2024-08-21,6725.36474609375,6761.269947692598,6600.517453138968,6648.225219245503,291296
2024-08-22,6803.1513671875,6830.491455337014,6723.920649603409,6733.432148483273,344641
2024-08-23,6833.1806640625,6899.612826292235,6803.300999584239,6836.467232626043,468784
2024-08-26,6752.8037109375,6850.410608234237,6582.290242763536,6802.603148333795,385016
2024-08-27,6754.248046875,6823.269872145192,6706.988186552672,6752.803668670495,297297
2024-08-28,6749.2685546875,6821.029353798087,6719.4881002605225,6758.680357132553,250361
2024-08-29,6829.6943359375,6879.643075106448,6733.182635804537,6772.623888059406,659960
2024-08-30,6899.712890625,6961.962194943161,6823.519742139571,6837.463586306839,499581
2024-09-02,6852.45263671875,6970.925700525934,6837.5128045273095,6960.965812398308,248292
2024-09-03,6817.39404296875,6898.019044630054,6807.03585670109,6863.309223967324,361990
2024-09-04,6903.0986328125,6910.170250512118,6762.813513958948,6810.571371144691,389768
2024-09-05,6906.48486328125,7015.745027935887,6872.522034643088,6903.098598664039,387284
2024-09-06,6879.095703125,6934.522872559656,6830.391944856543,6906.485396931898,185503
2024-09-09,6833.1806640625,6900.210516846332,6793.0921142208335,6879.095359419296,304409
2024-09-10,6893.7861328125,6947.868616828162,6833.180602962473,6872.322768549933,354522
2024-09-11,6872.57177734375,6926.056570900872,6845.8794717992205,6872.322780141571,223028
2024-09-12,7033.47314453125,7067.98454369987,6887.2621908864585,6915.149875824249,831152
2024-09-13,6990.99462890625,7071.470815056651,6979.939056055574,7067.735857088359,238034
2024-09-16,7003.14599609375,7034.619339662762,6982.379532201105,6996.821369904109,226343
2024-09-17,6979.93896484375,7123.7601335215095,6971.821753563265,7003.195400086941,266003
2024-09-18,7007.67724609375,7039.648582676887,6932.828787757235,7001.701313510832,251334
2024-09-19,7002.05029296875,7096.0715388508,6983.325897972859,7039.648870339338,407897
2024-09-20,7054.23974609375,7091.4400238203125,6989.749473405215,7011.661226287806,493357
2024-09-23,7124.1083984375,7153.191465535991,7061.958795416672,7061.958795416672,254282
2024-09-24,7093.43212890625,7171.119254159646,7047.816037068572,7047.816037068572,333949
2024-09-25,7104.83642578125,7116.290296861779,7045.773998763713,7064.2994875150125,236185
2024-09-26,7139.09814453125,7165.093548482394,7065.942575437753,7079.488119864654,405696
2024-09-27,7204.98291015625,7250.698698373635,7081.480300139749,7130.582352980152,772592
2024-09-30,7170.2724609375,7287.600229913281,7131.777592216529,7131.777592216529,442794
2024-10-01,7124.65625,7214.892928368183,7106.3797591013445,7172.613011235926,310719
2024-10-03,6878.2490234375,7171.11933450731,6828.4495836145325,7064.897226629451,655420
2024-10-04,6746.4296875,6930.388523100485,6700.365206493092,6874.414245540814,429272
2024-10-07,6745.9814453125,6829.993197880158,6716.101781304275,6773.719830664667,260810
2024-10-08,6896.52490234375,6912.162120690509,6721.629661950389,6791.647478528614,345891
2024-10-09,6980.7861328125,7041.641148631688,6908.576941401496,6931.086386609324,391824
2024-10-10,6927.15185546875,7026.750737575965,6856.436649172628,7026.651527751991,237853
2024-10-11,6955.38818359375,6990.795877710645,6902.302174358209,6953.99389651925,75315
2024-10-14,7064.14990234375,7072.914408810763,6933.82467720022,6948.8642045829965,168515
2024-10-15,7111.50927734375,7121.668557553225,7011.761097069711,7086.460256484516,322659
2024-10-16,7042.935546875,7106.579621517922,7027.697112461229,7056.680484381746,223419
2024-10-17,6961.2646484375,7074.110476509149,6932.7296652575005,7060.564930935862,183572
2024-10-18,6954.89013671875,7013.404479076011,6922.1222022632155,6955.288434976651,236651
2024-10-21,6958.37646484375,7003.793654062962,6929.592484093153,6944.283319758317,222611
2024-10-22,6864.30517578125,7009.022153282737,6843.9866152886925,6991.791741644362,112233
2024-10-23,6879.0458984375,6931.036710246541,6827.254478924886,6857.383141237512,109466
2024-10-24,6926.25537109375,6950.0098010833935,6843.090306836017,6909.4232577480325,147408
2024-10-25,6916.99267578125,6952.997572391807,6848.4683569169665,6926.255176771926,175261
2024-10-28,6898.51708984375,6942.0419953046385,6766.996962209259,6895.230521304736,238427
2024-10-29,6959.42236328125,6969.631248815988,6828.300044403761,6929.990601482619,196146
2024-10-30,6954.49169921875,7006.781110491072,6911.962783521535,6952.599417789615,191699
2024-10-31,6994.53076171875,7021.7210615129925,6928.147718937242,6971.821925215581,224153
2024-11-01,7003.7431640625,7017.736611229132,6972.668121070444,6994.530268284205,18769
2024-11-04,6930.48876953125,7061.561000457308,6864.504507714565,7061.561000457308,273442
2024-11-05,6938.3564453125,6958.5252181125215,6786.916545804852,6892.2423593160765,246059
2024-11-06,6940.1494140625,7113.102765924989,6863.358582978836,6991.841133726807,459745
2024-11-07,7395.0673828125,7453.88032568172,7171.417810700819,7287.151901346388,2502817
2024-11-08,7391.630859375,7514.735166928777,7350.397022125166,7360.406514597787,1032481
2024-11-11,7126.74853515625,7424.250109680674,6954.591767007646,7370.317411293648,625620
2024-11-12,6991.39306640625,7203.837771667591,6972.917668484182,7132.52487550812,194183
2024-11-13,6831.337890625,6970.129027423095,6803.051905917854,6942.041948682719,299775
2024-11-14,6833.13037109375,6880.290537400829,6799.665050601561,6832.483075647031,192648
2024-11-18,6714.85693359375,6846.875543582557,6667.696765664991,6846.875543582557,268706
2024-11-19,6660.07763671875,6769.636408457248,6634.481015478905,6722.924629407823,290018
2024-11-21,6715.45458984375,6734.826766838141,6567.699551770419,6596.981525687408,258574
2024-11-22,6907.2822265625,6922.420964972547,6724.518276406601,6724.518276406601,498633
2024-11-25,7046.62060546875,7118.331797496136,6903.0985252716355,6952.001671543729,639047
2024-11-26,7048.16455078125,7083.52215419796,7014.251325695136,7066.540739198721,179222
2024-11-27,6954.69140625,7086.858832358551,6942.042153564508,7048.1645690013365,227250
2024-11-28,6813.65869140625,7001.800867816041,6788.659276676265,6954.6907947707405,412343
2024-11-29,6801.50732421875,6864.802699647354,6784.675211987885,6839.504196909796,410883
2024-12-02,7037.45751953125,7051.600755122849,6793.73935019793,6830.491239919844,579743
2024-12-03,7097.9638671875,7106.778465430232,7048.1644266326975,7075.902812286255,351470
2024-12-04,7203.33984375,7239.94243290613,7096.469951508705,7187.702624737906,604278
2024-12-05,7245.56982421875,7305.52854700212,7111.758626107617,7228.140019493662,510951
2024-12-06,7204.28564453125,7280.727785483219,7178.838325036564,7233.86670663391,189048
2024-12-09,7164.99365234375,7198.956965442383,7134.018305447531,7134.018305447531,203674
2024-12-10,7229.18505859375,7279.134284217463,7186.258331879629,7199.803390025749,333300
2024-12-11,7311.35400390625,7334.461137379791,7187.104407642246,7226.595750542978,391192
2024-12-12,7198.1103515625,7289.292926578768,7160.661077510382,7270.71783376115,396742
2024-12-13,7230.3310546875,7248.15915685913,7175.302673746279,7192.035090978529,314999
2024-12-16,7230.08203125,7240.938211815018,7137.305286244866,7222.562024079061,219812
2024-12-17,7189.79443359375,7277.690448660714,7172.115631696428,7198.011341517857,237831
2024-12-18,7208.369140625,7238.348500340199,7148.858810677242,7204.235884428723,253532
2024-12-19,7268.27783203125,7283.915050632362,7108.770323872915,7119.327902358066,292899
2024-12-20,7222.61181640625,7360.257169929414,7181.12849589053,7295.418205008448,349055
2024-12-23,7235.95849609375,7300.498377302682,7156.179694097524,7222.014652570108,179062
2024-12-24,7210.958984375,7250.549539572363,7181.477618334569,7230.87876057493,146814
2024-12-26,7232.02392578125,7268.775814972087,7195.770030986828,7243.029893735596,116439
2024-12-27,7217.2333984375,7265.738247200788,7126.299816137304,7232.023929282693,189089
2024-12-30,7284.91064453125,7348.803224963915,7191.088310655739,7210.958480555935,428884
2024-12-31,7267.0830078125,7336.403925840035,7223.707403601825,7276.295904250112,212227
2025-01-01,7340.0888671875,7415.136721600807,7271.11664180525,7290.63811982779,341399
2025-01-02,7391.88037109375,7415.087202526482,7303.63566387098,7375.29725441015,265991
2025-01-03,7269.0751953125,7407.716549048129,7250.798702965628,7398.155445311148,180636
2025-01-06,7399.35009765625,7443.024303809049,7261.505344974686,7269.074957120651,527272
2025-01-07,7406.919921875,7515.084405936943,7315.737339136088,7436.30159232181,398234
2025-01-08,7113.9990234375,7430.07615386966,7102.3958516413595,7418.871280313221,450295
2025-01-09,7063.1044921875,7134.965476340734,6963.057704600622,7111.360346208702,305521
2025-01-10,7008.5244140625,7110.364272141569,6988.704333568859,7061.560819370182,185381
2025-01-13,6812.16455078125,6971.921044303334,6728.949401380316,6971.921044303334,431086
2025-01-14,6679.947265625,6871.326407258088,6656.292532740179,6827.104603887412,362659
2025-01-15,6665.0078125,6732.834747695379,6581.494053554095,6722.52616625193,547360
2025-01-16,6762.41552734375,6780.4926275174685,6673.174830053455,6732.884555514939,579821
2025-01-17,6800.7109375,6817.5430502499685,6735.174585413292,6792.593726384755,166710
2025-01-20,6753.65087890625,6882.282737583675,6712.964638395654,6873.318838214897,120356
2025-01-21,6891.3955078125,6986.811522486259,6810.5711174807175,6810.5711174807175,799900
2025-01-22,6865.2509765625,6914.104518101654,6802.503683311314,6880.2905044316785,247081
2025-01-23,6893.08935546875,6935.169883317082,6795.831143990335,6864.603977814577,271085
2025-01-24,6717.994140625,6887.5116309255145,6701.461115406948,6887.5116309255145,317194
2025-01-27,6668.59326171875,6702.805087203042,6647.577801227298,6673.12481613199,191705
2025-01-28,6682.0390625,6720.434235108913,6608.435103234469,6672.128779695385,202194
2025-01-29,6757.08642578125,6771.478658053845,6670.385797779168,6713.960306518253,146288
2025-01-30,6797.27490234375,6867.342812056165,6743.192904748861,6759.029029487476,204648
2025-01-31,6783.18115234375,6852.4023681264225,6761.916695986277,6794.884019760245,187712
2025-02-01,6813.65869140625,6912.1618808880985,6782.932341400313,6782.981946308443,117096
2025-02-03,6771.37890625,6859.125613534109,6697.974826211083,6754.397492370044,250589
2025-02-04,6764.955078125,6789.257106704785,6679.399254229739,6757.783764494344,223642
2025-02-05,6916.79345703125,6979.889444177147,6769.188210065273,6798.768785351028,389639
2025-02-06,6846.67578125,6897.222211173037,6758.331383091911,6809.973497923129,334197
2025-02-07,6763.3115234375,6902.053054499303,6722.924372293009,6893.686845878313,259335
2025-02-10,6734.12890625,6806.935780818557,6659.18075314291,6789.854671095885,213808
2025-02-11,6292.009765625,6787.6634807121045,6257.299459658664,6772.623952991413,1728723
2025-02-12,6348.97998046875,6468.000637756282,6190.070167715582,6324.130352602719,1133586
2025-02-13,6346.6396484375,6399.227659420889,6319.000960881246,6346.6892533454875,636246
2025-02-14,6254.18115234375,6363.296343685195,6214.385088677594,6360.653337657951,320088
2025-02-17,6283.80419921875,6300.560283147624,6133.994893360438,6133.994893360438,482329
2025-02-18,6360.25439453125,6373.370074355719,6303.552248815046,6303.552248815046,220118
2025-02-19,6405.93505859375,6418.253015318179,6267.895339784502,6331.7287808070905,195067
2025-02-20,6374.3173828125,6452.613082083915,6361.301053975747,6367.634625140561,165304
2025-02-21,6301.1083984375,6378.955565730267,6276.5728094792485,6345.741936683745,220428
2025-02-24,6235.13037109375,6258.669048502964,6219.770547643742,6258.669048502964,458224
2025-02-25,6235.0810546875,6263.606721027249,6196.880437645116,6234.731868155043,421160
2025-02-27,6169.10302734375,6265.9002570202465,6129.456477904209,6244.705560778983,397857
2025-02-28,6036.84814453125,6129.057250262549,5985.731523175903,6129.057250262549,845516
2025-03-03,6154.54150390625,6178.877907058175,5985.382779702358,6009.918857171232,373515
2025-03-04,6172.04541015625,6204.311317561263,6096.392710320739,6117.039033936698,445246
2025-03-05,6198.22705078125,6218.823212166801,6114.69500848266,6183.8646238955935,345922
2025-03-06,6257.77197265625,6275.625291133245,6200.87015106991,6238.721582332875,284475
2025-03-07,6199.9228515625,6298.316019985903,6181.171485889195,6275.874575676994,299433
2025-03-10,6133.595703125,6195.83320911127,6117.936367724691,6190.247685764061,266043
2025-03-11,6118.833984375,6139.679981720381,6024.280896238241,6114.046671182188,526709
2025-03-12,6127.76123046875,6141.924470558438,6047.969426043521,6118.136441462062,250139
2025-03-13,6089.759765625,6183.864314326566,6066.271250009453,6139.081265323298,247628
2025-03-17,6140.62744140625,6188.053986440044,5986.380009896248,5986.380009896248,287639
2025-03-18,6140.62744140625,6140.62744140625,6140.62744140625,6140.62744140625,0
2025-03-19,6410.822265625,6418.153234834269,6210.894223988234,6258.918817404511,579880
2025-03-20,6457.50048828125,6467.773487546892,6347.188229313708,6448.174724417698,457285
2025-03-21,6594.34326171875,6616.834867602567,6453.211515139204,6477.099380124182,496635
2025-03-24,6598.58251953125,6682.513913010905,6583.272856740102,6632.095174628822,389998
2025-03-25,6627.4072265625,6649.798507770052,6544.97193527686,6579.3324732484025,223668
2025-03-26,6502.83251953125,6662.615805969646,6474.157339228611,6636.48379468094,281646
2025-03-27,6475.154296875,6542.877977275219,6413.515325686059,6483.133476938838,728926
2025-03-28,6598.9814453125,6632.443936182036,6416.208355902318,6475.154157748995,413873
2025-04-01,6615.0390625,6644.562125090072,6528.614668904192,6581.825921467723,319668
2025-04-02,6714.62939453125,6728.842308720632,6615.0391580547775,6615.0391580547775,292940
2025-04-03,6653.98779296875,6757.318269568567,6642.716909209037,6657.677871448089,312519
2025-04-04,6697.0751953125,6717.472169011471,6564.870351363548,6654.636126450561,279891
2025-04-07,6665.90673828125,6708.196783293852,6473.957875239059,6547.914804917633,744140
2025-04-08,6738.0185546875,6772.3289308082,6698.77086620627,6707.498094209889,578124
2025-04-09,6816.314453125,6833.619397408445,6647.654435974469,6647.654435974469,680834
2025-04-11,6763.302734375,6853.0685088699265,6747.892748282507,6804.944079765703,651996
2025-04-15,6887.02978515625,6946.873635570352,6817.211959673131,6946.873635570352,778401
2025-04-16,6987.2685546875,7016.193083712686,6847.134198548239,6852.121186311201,621996
2025-04-17,7055.09130859375,7073.543162585265,6981.782591384216,7019.683696880302,533349
2025-04-21,7123.91162109375,7170.290604696251,7039.6315326117865,7131.39210231996,244570
2025-04-22,7070.05224609375,7153.833636891786,7051.600392167992,7122.914314097273,305540
2025-04-23,7123.4130859375,7150.342818970307,7053.09656079628,7070.052318631751,287593
2025-04-24,7140.86767578125,7165.802614239876,7075.039438250478,7122.91452009104,277769
2025-04-25,6934.90478515625,7224.150058807237,6880.047922912097,7150.841342899142,550158
2025-04-28,7026.6650390625,7037.636411018452,6936.400569788524,6936.400569788524,379519
2025-04-29,6974.30224609375,7071.54850551372,6957.845186807293,7030.655206680707,174253
2025-04-30,6958.84228515625,7017.19003829967,6901.9906282472775,6973.803247500717,499567
2025-05-02,6909.9697265625,7079.527297797435,6899.995751783975,6903.985341695385,207912
2025-05-05,6955.85009765625,7012.701754605835,6931.912557888004,6941.88653279144,259097
2025-05-06,6990.7587890625,7055.589623887591,6931.912338990494,6981.283513203448,292595
2025-05-07,6964.82666015625,7037.636676795431,6931.912543045387,6951.8604928095465,338311
2025-05-08,6833.6689453125,6960.837126079828,6788.287359234748,6931.9125986896115,383274
2025-05-09,6704.50634765625,6826.188849056735,6660.122156571647,6717.9712146145,428193
2025-05-12,6907.97509765625,6922.437361432747,6740.911016100168,6782.303012426003,237009
2025-05-13,6899.49755859375,6994.749024708055,6882.043101452385,6890.022281859866,323598
2025-05-14,6898.49951171875,6974.800417183434,6844.640049037797,6911.964377388988,324593
2025-05-15,7054.09375,7078.031289766702,6852.120758218452,6923.933377518558,656146
2025-05-16,6996.74365234375,7086.509429779379,6974.8009067483745,7061.574491602816,270772
2025-05-19,6956.34912109375,7042.62400803541,6947.37254326167,6966.821795231177,307173
2025-05-20,6894.01171875,6988.764483981662,6873.066370646159,6967.320437113444,365507
2025-05-21,6965.82421875,7024.67067191527,6910.4686568741945,6910.4686568741945,449740
2025-05-22,6936.40087890625,6982.779862423274,6897.003677854154,6965.824105008448,229993
2025-05-23,7046.11474609375,7069.553587700829,6911.964780300048,6969.31513742375,321466
2025-05-26,7078.03173828125,7101.470580788065,7061.574678648806,7076.535641951028,228090
2025-05-27,7055.09130859375,7105.95858175955,7011.205818019335,7099.97419668122,218088
2025-05-28,6938.39599609375,7082.519940812437,6914.458455102411,7081.522543271131,278102
2025-05-29,6904.98291015625,6962.831965304172,6868.577901313161,6947.372304014641,308885
2025-05-30,6862.59326171875,6974.800476593157,6835.663530148892,6931.912385574496,911209
2025-06-02,6897.50244140625,7071.548305917188,6865.585721266709,6925.928270280529,1217905
2025-06-03,6794.7705078125,6932.411363603785,6781.804340237958,6931.912664850917,489548
2025-06-04,6837.15966796875,6850.125835099836,6754.375677824124,6794.770275424815,629518
2025-06-05,6858.10498046875,6901.491770266654,6824.193466603721,6850.6244994691115,488647
2025-06-06,6924.43212890625,6936.899597629524,6790.282165443824,6849.128617817677,269399
2025-06-09,6913.95947265625,6958.3436614233015,6868.079187638623,6958.3436614233015,239444
2025-06-10,6900.49462890625,6974.30204417532,6893.014147628979,6933.40874652624,559472
2025-06-11,6909.4716796875,6928.920932340536,6845.139536296689,6899.996402753969,526939
2025-06-12,6978.29150390625,7036.639256779617,6911.964571152764,6913.959366122794,552007
2025-06-13,6976.296875,7019.184967876546,6904.982953123883,6960.837213614268,367775
2025-06-16,7095.48583984375,7119.4233799275635,6963.829369382775,6992.255198232304,589027
2025-06-17,6988.265625,7115.932505753586,6981.283842458788,7101.470241918219,264117
2025-06-18,6915.45556640625,7011.704425158424,6898.998507655878,6988.265583907894,394355
2025-06-19,6991.2578125,7016.691448881875,6894.011555745774,6918.946493375062,462080
2025-06-20,7045.1171875,7058.582053647271,6956.348810677249,6986.769434195158,378436
2025-06-23,6989.2626953125,7031.153388598711,6977.293925802154,6981.7822143685335,137379
2025-06-24,6987.7666015625,7057.584423730553,6975.299133318205,7016.192429159492,238243
2025-06-25,7023.67333984375,7042.623892734553,6976.7956563770285,6976.7956563770285,378904
2025-06-26,7083.0185546875,7103.9639028038755,7002.229354810053,7036.140870807994,426516
2025-06-27,7289.4794921875,7304.939153147875,7098.976573256417,7111.44404177285,523582
2025-06-30,7223.15283203125,7317.406897569354,7184.753027552763,7317.406897569354,353888
2025-07-01,7476.49169921875,7564.761378431778,7385.229827490026,7455.5463516088785,1872535
2025-07-02,7421.634765625,7512.397937735183,7397.198526979951,7450.559293000772,910865
2025-07-03,7545.3125,7580.720113185724,7420.637805684071,7454.549322538004,894597
2025-07-04,7533.84228515625,7573.239487812459,7505.416455391644,7573.239487812459,349076
2025-07-07,7596.17919921875,7605.654475268196,7515.888702168184,7542.818434098188,449086
2025-07-08,7545.3125,7615.13032881692,7534.341126900198,7585.208402181097,481581
2025-07-09,7449.56201171875,7548.803064090689,7429.115362737596,7525.3642225757085,266815
2025-07-10,7339.84814453125,7435.598303775033,7328.8767721179,7435.598303775033,384661
2025-07-11,7170.78955078125,7364.78337060557,7140.368926078721,7335.8588421998875,578061
2025-07-14,7201.2099609375,7237.614969742793,7154.3322783663,7181.262010907202,670246
2025-07-15,7341.34423828125,7354.809104420343,7208.690371873885,7241.6044891027805,517978
2025-07-16,7333.365234375,7390.715591529242,7290.975839956648,7355.307979720971,527782
2025-07-17,7331.37060546875,7389.219662691686,7312.420052240547,7341.843279621178,378666
2025-07-18,7284.49267578125,7365.281873664221,7236.11889680194,7365.281873664221,192649
2025-07-21,7235.62060546875,7303.443639609198,7227.142726201195,7284.493085952308,217270
2025-07-22,7227.64111328125,7272.524001585625,7197.7191877449995,7251.079954951313,300768
2025-07-23,7354.31005859375,7370.76711643152,7225.1470895033735,7232.128871616366,508883
2025-07-24,7344.3369140625,7466.019416067745,7330.373348258619,7353.81219085799,454916
2025-07-25,7449.0634765625,7464.024439560216,7324.388784914871,7345.832831878263,434232
2025-07-28,7337.35498046875,7482.47632209292,7303.942162981399,7460.533576280331,240740
2025-07-29,7436.595703125,7449.561870525835,7291.474367984886,7337.354652633994,336770
2025-07-30,7430.611328125,7455.047566720847,7380.741453439597,7440.58530306208,266922
2025-07-31,7478.486328125,7505.416060168128,7335.858488044729,7358.798630155542,342605
2025-08-01,7332.36767578125,7518.382308377754,7312.419725904949,7518.382308377754,215243
2025-08-04,7288.98095703125,7368.772757327159,7276.014789483164,7367.775359823459,260996
2025-08-05,7255.06982421875,7322.892858044276,7216.670018302828,7292.9709313565445,282791
2025-08-06,7170.78955078125,7260.056629826374,7145.854612500489,7251.0800520453,296623
2025-08-07,7151.34033203125,7178.768764267074,7035.14351910494,7145.355946816161,407857
2025-08-08,7066.0625,7179.765813571882,7047.610646481756,7151.339985178912,327102
2025-08-11,7240.1083984375,7300.949645483193,7002.229096463765,7082.5195946142285,498598
2025-08-12,7217.6669921875,7266.040770826496,7186.248971009595,7240.1084358860035,342006
2025-08-13,7788.17822265625,7819.596243276558,7369.769979792154,7383.733544512291,2291645
2025-08-14,7801.14453125,7839.045636177124,7728.8332126390405,7809.622409983699,673142
2025-08-18,7802.14208984375,7896.894854117979,7785.685030785595,7829.570521607343,633876
2025-08-19,7813.12744140625,7854.07308275573,7789.658598193743,7820.118160661039,384598
2025-08-20,7872.54833984375,7907.501935162097,7802.141812131079,7819.618609790253,452843
2025-08-21,7915.99072265625,7936.463542919223,7842.5881719573,7882.535138324076,482016
2025-08-22,7911.99609375,7969.419858393815,7841.589564925845,7884.532554137741,843648
2025-08-25,7840.5908203125,7939.459562028324,7828.107393328179,7915.491382218428,402979
2025-08-26,7783.1669921875,7823.613295284131,7710.263779198511,7817.121913305659,671659
2025-08-28,7717.75390625,7817.621322221144,7704.271805093896,7744.718108562209,418353
2025-08-29,7599.91015625,7733.732490144546,7575.941977045007,7659.830604262484,481590
2025-09-01,7661.32861328125,7674.311377013591,7585.429379153716,7585.429379153716,255894
2025-09-02,7671.81494140625,7688.792402224254,7621.381896035121,7621.381896035121,195907
2025-09-03,7725.7431640625,7765.190792679417,7645.849232686466,7674.810782810278,321268
2025-09-04,7889.52587890625,7908.001350901157,7740.723428785107,7779.671721098694,386286
2025-09-05,7794.15234375,7904.505836476552,7785.164276469104,7889.525724341726,228324
2025-09-08,7776.17626953125,7839.09274098575,7730.237258627964,7824.11262873468,314960
2025-09-09,7815.12451171875,7837.594679952559,7744.717984586148,7744.717984586148,303494
2025-09-10,7918.4873046875,7928.474046148828,7794.651710567025,7794.651710567025,337313
2025-09-11,7869.05322265625,7930.971021984214,7849.579076093423,7865.058525925414,161041
2025-09-12,7864.0595703125,7904.50587326477,7831.103323462501,7864.558907385985,117761
2025-09-15,7806.13671875,7945.4517666954525,7785.663898084181,7889.526012681507,214626
2025-09-16,7842.0888671875,7851.576271738698,7795.151181513153,7795.151181513153,194911
2025-09-17,7877.54150390625,7900.511008798471,7849.578628385284,7858.566695517024,249447
2025-09-18,7840.09130859375,7875.544240439502,7810.630421566998,7864.558824938002,264065
2025-09-19,7796.14990234375,7866.05709419209,7788.160508989655,7840.091565791278,207129
2025-09-22,7728.7392578125,7786.163021518951,7601.408303506893,7601.408303506893,302818
2025-09-23,7673.81201171875,7738.72583014167,7654.337866191874,7714.7576510316685,443181
2025-09-24,7633.36572265625,7719.751035014432,7624.377655474474,7687.793462812561,201984
2025-09-25,7613.8916015625,7693.785532323911,7604.903534351841,7638.858454925441,374239
2025-09-26,7500.04296875,7620.3832054656295,7481.0681596413115,7539.989935294608,207170
2025-09-29,7434.13037109375,7584.930167713195,7416.154236397392,7539.989830972301,388214
2025-09-30,7399.1767578125,7468.085273980547,7390.188690486233,7434.1303529702045,369272
2025-10-01,7431.13427734375,7472.079917092587,7349.242997846077,7399.67604192696,220764
2025-10-03,7439.623046875,7474.077304894624,7394.183373254917,7431.134316638281,478143
2025-10-06,7651.84130859375,7719.751150538983,7539.989804213366,7539.989804213366,423558
2025-10-07,7689.791015625,7696.282397651177,7623.379184126421,7664.324824599229,210121
2025-10-08,7651.84130859375,7751.7087232190925,7633.3658368880615,7687.294240785746,188810
2025-10-09,7684.7978515625,7739.724931723116,7609.8972877071155,7679.804480638808,295802
2025-10-10,7670.81640625,7728.739508914041,7649.844248388882,7684.298507732147,273853
2025-10-13,7660.82958984375,7733.732804556121,7632.866712967772,7698.779208461148,191488
2025-10-14,7748.712890625,7838.094228904539,7664.8242602844275,7838.094228904539,413862
2025-10-15,7815.6240234375,7839.592203422486,7730.237382240988,7789.658495120432,212807
2025-10-16,7823.11376953125,7859.565375146606,7797.148242243599,7803.639624065512,178563
2025-10-17,7891.02392578125,8019.353556163189,7830.104801631069,7839.592206211834,610960
2025-10-20,7999.3798828125,8054.306960659527,7910.997221185919,7939.459434252107,498555
2025-10-21,8001.37744140625,8047.815790261142,7981.903295112264,8027.342969798233,31082
2025-10-23,7957.93505859375,8088.761373794325,7909.499361744682,7939.459586599775,456860
2025-10-24,7827.10888671875,7971.4173057466105,7814.126122377143,7964.426586485745,287555
2025-10-27,7835.09814453125,7892.52190889433,7823.613391658633,7827.10875122856,266541
2025-10-28,7870.0517578125,7890.524578196379,7818.120701229002,7853.57363408889,348079
2025-10-29,7848.0810546875,7894.519404123521,7835.597627419753,7880.038628492934,199897
2025-10-30,7779.671875,7827.108898628049,7754.705020458922,7756.702368822208,209452
2025-10-31,7670.81640625,7822.614882197142,7640.856180734117,7822.614882197142,347031
2025-11-03,7814.1259765625,7834.598796873003,7651.342088239963,7664.824189420051,332284
2025-11-04,7800.14453125,7873.047744972713,7770.184306432447,7814.125969498192,384562
2025-11-06,7771.68212890625,7840.091307244734,7689.790849727336,7722.247759158003,425649
2025-11-07,7631.86767578125,7880.537533314557,7615.389552691694,7778.672772397299,486385
2025-11-10,7519.51708984375,7642.354011558443,7505.03631451966,7621.38185419252,377719
2025-11-11,7491.0546875,7558.964528687842,7431.134239393081,7491.554024567558,306736
2025-11-12,7488.05859375,7529.004232899606,7448.111628725993,7510.029424513204,420561
2025-11-13,7430.63525390625,7499.044435398431,7415.155804079552,7470.082884109771,448567
2025-11-14,7410.66162109375,7457.099969639112,7365.221946710654,7430.135767257934,218565
2025-11-17,7477.57275390625,7494.550214582899,7415.15561906563,7465.089326938126,248470
2025-11-18,7375.7080078125,7464.090670962105,7363.224580813969,7440.122491124924,285148
2025-11-19,7449.1103515625,7472.079856601505,7322.278736781907,7409.163386277273,454714
2025-11-20,7413.158203125,7481.068045212094,7405.168809938283,7471.081303728698,228411
2025-11-21,7381.20068359375,7425.142346437496,7371.713279116123,7415.654941959869,138622
2025-11-24,7344.7490234375,7411.160854297327,7322.278855101469,7389.1900230354295,751685
2025-11-25,7320.78076171875,7399.676018546495,7304.801975525789,7399.176681477964,237415
2025-11-26,7383.1982421875,7392.186309843349,7298.810273640923,7331.766521712368,272489
2025-11-27,7312.79150390625,7386.194054338084,7300.30807696206,7380.202009404874,243681
2025-11-28,7325.7744140625,7349.243257185732,7290.321480833788,7320.2817060974885,299937
2025-12-01,7277.837890625,7371.713261015223,7272.345182783019,7365.221879020154,227568
2025-12-02,7232.3984375,7289.322865964167,7220.414347297017,7277.838112852975,329723
2025-12-03,7174.47509765625,7247.3783106474675,7141.019513612335,7190.453884065284,329160
2025-12-04,7191.45263671875,7217.917501997606,7148.5096477757,7174.475175973823,306183
2025-12-05,7179.9677734375,7209.927997820715,7137.524122227946,7191.452526117732,260117
2025-12-08,7086.591796875,7209.428717818577,7072.61035871882,7147.510920269782,287363
2025-12-09,7081.5986328125,7171.978646388798,7049.641058951267,7090.586700460971,560843
2025-12-10,7009.1943359375,7106.5650629808715,6996.2115723317165,7091.584951128046,266098
2025-12-11,7000.20654296875,7056.13229607614,6963.754936032683,7018.682014977441,350620
2025-12-12,7091.5849609375,7120.546510559692,6986.724177822665,7005.698986195826,306662
2025-12-15,7077.1044921875,7088.589245120564,7006.198626252933,7065.619739254436,205982
2025-12-16,7042.15087890625,7138.522935889084,7015.686013517182,7100.5733175953255,385236
2025-12-17,6912.3232421875,7099.574648372598,6902.336500524295,7099.574648372598,358023
2025-12-18,6909.3271484375,6940.286047274179,6871.876867586679,6912.323170905565,384579
2025-12-19,7003.20263671875,7014.687389705882,6892.849140625,6909.8266015624995,235742
2025-12-22,7044.6474609375,7094.5811684859655,7003.701820747759,7004.700494898728,358776
2025-12-23,7064.12158203125,7088.589098643926,7006.6978185525195,7060.126885441426,286197
2025-12-24,7162.4912109375,7199.941492645553,7035.16025313012,7060.626444691596,351381
2025-12-26,7146.51220703125,7192.451217864598,7122.044690391749,7172.477734893577,228172
2025-12-29,7075.10693359375,7170.480313812284,7060.626158586748,7158.496224151317,234376
2025-12-30,6980.732421875,7055.632984341471,6927.802691065362,7045.646242679274,433130
2025-12-31,7033.16259765625,7044.148013144247,6945.778610819911,6980.732205554446,226286
2026-01-01,7102.0712890625,7115.553390222923,7014.187962979747,7053.635592300983,81987
2026-01-02,7120.04736328125,7141.518857538989,7066.118959099023,7120.546700357012,353245
2026-01-05,7073.60888671875,7125.040604587734,7054.134741117872,7120.047233920843,349588
2026-01-06,7338.2578125,7350.2419025585195,7030.666167664671,7030.666167664671,581189
2026-01-07,7437.6259765625,7478.072280966768,7305.301647338662,7339.256569554591,567878
2026-01-08,7354.73583984375,7433.131761281422,7315.288210585304,7415.155626429472,778407
2026-01-09,7246.87890625,7350.74101694386,7215.420670799455,7338.257590177771,312461
2026-01-12,7258.86328125,7279.835439041325,7101.5720978150575,7193.450122424675,333583
2026-01-13,7301.80615234375,7311.792893986838,7230.400949595672,7289.3227252898905,275363
2026-01-14,7262.85791015625,7315.78764123061,7232.89768501982,7248.377134673642,383251
2026-01-15,7262.85791015625,7262.85791015625,7262.85791015625,7262.85791015625,0
2026-01-16,7225.90673828125,7289.322546156429,6940.785271377885,6940.785271377885,501597
2026-01-19,7123.54296875,7250.374590372214,7094.581417355951,7244.382545256204,364331
2026-01-20,6903.3349609375,7119.54791125113,6875.87142221406,7119.54791125113,499367
2026-01-21,6817.44921875,6902.336523165696,6729.066554740717,6870.878286823409,620592
2026-01-22,6787.98828125,6905.332495321925,6771.510157571815,6869.380225478612,714732
2026-01-23,6793.98046875,6826.936716797736,6687.621668232306,6800.971188032853,458099
2026-01-27,6784.49267578125,6832.928370897963,6699.605375061237,6792.981405853251,515312
2026-01-28,6868.38134765625,6880.864774315021,6775.504653314987,6789.486091172812,399249
2026-01-29,6791.98291015625,6889.8529770868945,6747.042573300342,6889.8529770868945,517720
2026-01-30,6951.271484375,6965.252922602318,6758.0280345902775,6778.001517772161,489138
2026-02-02,6924.30712890625,6940.78525216679,6821.9430298635025,6905.831657371706,343776
2026-02-03,7079.1015625,7154.002122165303,6993.215587417119,7060.6260911158915,438009
2026-02-04,7106.5654296875,7150.507093389896,7040.6529341339065,7070.61315938554,216137
2026-02-05,7112.55712890625,7123.542544297708,7033.661872913046,7106.5650841472725,234707
2026-02-06,7143.01708984375,7166.985270222114,6984.727231928303,7070.613211617441,668962
2026-02-09,7201.439453125,7270.347970981833,7154.002429962687,7189.455363062942,412161
2026-02-10,7209.4287109375,7270.847171350667,7175.473789733472,7240.387609682349,277132
2026-02-11,7497.046875,7629.870537498335,7395.182111279472,7395.182111279472,1496488
2026-02-12,7529.00439453125,7569.450697486352,7400.175429563146,7502.040192561181,434146
2026-02-13,7532.5,7587.9264169705,7475.076234670202,7508.032482598607,431623
2026-02-16,7618.0,7631.0,7478.0,7526.5,494924
2026-02-17,7601.5,7615.0,7554.5,7590.0,525344
2026-02-18,7647.5,7670.0,7590.0,7590.0,385965
2026-02-19,7592.5,7649.0,7551.5,7610.0,186713
2026-02-20,7615.5,7635.0,7540.0,7540.0,256304
2026-02-23,7693.0,7710.0,7615.5,7680.0,399710
2026-02-24,7720.5,7729.5,7658.0,7658.0,377143
2026-02-25,7783.0,7800.0,7714.0,7770.5,383833
2026-02-26,7775.0,7831.0,7729.0,7800.0,361759
2026-02-27,7821.5,7870.5,7731.5,7735.5,698131
2026-03-02,7791.5,7819.0,7605.0,7621.0,533503
2026-03-04,7666.0,7715.0,7476.0,7620.0,625428
2026-03-05,7775.0,7796.5,7635.0,7700.0,446578
2026-03-06,7724.5,7781.0,7669.0,7770.0,225749
2026-03-09,7779.0,7809.0,7556.0,7588.0,358612
2026-03-10,7803.0,7870.0,7770.0,7865.0,381453
2026-03-11,7684.0,7798.5,7659.0,7770.5,331690
2026-03-12,7574.5,7662.5,7542.5,7590.0,550020
2026-03-13,7550.0,7616.0,7485.5,7556.0,394082
2026-03-16,7490.0,7750.0,7410.0,7565.0,481339
2026-03-17,7500.0,7574.5,7470.0,7490.0,343558
2026-03-18,7471.0,7605.0,7455.5,7511.5,497712
2026-03-19,7252.0,7407.0,7229.0,7407.0,264884
2026-03-20,7364.5,7447.5,7202.5,7231.5,696455
2026-03-23,7145.0,7288.0,7080.0,7288.0,464969
2026-03-24,7413.0,7464.0,7199.0,7210.0,653790
2026-03-25,7580.5,7612.5,7437.5,7461.0,450043
2026-03-27,7549.0,7621.0,7510.0,7510.0,533512
2026-03-30,7419.0,7509.5,7360.5,7470.0,764508
2026-04-01,7305.5,7587.0,7250.5,7549.0,618068
2026-04-02,7317.5,7368.0,7150.5,7150.5,338111
2026-04-06,7373.0,7397.0,7243.0,7350.0,360086
2026-04-07,7326.5,7370.5,7220.5,7370.5,311560
2026-04-08,7401.5,7518.0,7332.5,7385.0,387242
2026-04-09,7481.5,7512.0,7364.0,7400.0,416753
2026-04-10,7511.5,7563.0,7461.5,7500.0,437163
2026-04-13,7516.5,7566.0,7403.5,7420.0,310575
2026-04-15,7642.0,7686.0,7500.0,7516.5,464570
2026-04-16,7553.0,7678.0,7510.0,7678.0,400487
2026-04-17,7699.0,7710.0,7515.0,7553.0,343875
2026-04-20,7657.0,7730.5,7622.0,7705.0,344019
2026-04-21,7744.0,7765.0,7667.5,7686.5,312758
2026-04-22,7662.0,7801.5,7615.0,7702.0,608446
2026-04-23,7781.0,7815.0,7601.0,7685.0,304110
2026-04-24,7732.5,7845.0,7684.5,7814.0,407458
2026-04-27,7825.0,7850.0,7735.0,7759.0,289661
2026-04-28,7753.0,7878.5,7711.0,7840.0,353826
2026-04-29,7709.0,7799.0,7681.0,7745.0,321242
2026-04-30,7636.5,7680.0,7561.5,7634.5,392016
2026-05-01,7636.5,7636.5,7636.5,7636.5,0
2026-05-04,7737.5,7790.0,7673.0,7699.5,328426
2026-05-05,7772.0,7780.5,7678.0,7724.5,254331
2026-05-06,7760.5,7815.0,7742.5,7810.5,437084
2026-05-07,7837.0,7855.0,7744.0,7760.5,405862
2026-05-08,8097.0,8115.0,7812.5,7837.0,922866
2026-05-11,8082.0,8144.0,8022.5,8046.0,466135
2026-05-12,8022.5,8078.0,7995.0,8050.0,390002
2026-05-13,8004.5,8112.0,7981.0,7981.0,329337
2026-05-14,8119.0,8180.0,8011.0,8011.0,431011
2026-05-15,8082.5,8170.0,8028.5,8170.0,300134
2026-05-18,8020.5,8099.0,8006.0,8062.5,323387
2026-05-19,8026.0,8093.5,7983.0,8030.0,396261
2026-05-20,8078.5,8140.0,7814.5,7924.0,492013
2026-05-21,8308.5,8388.0,8051.5,8198.5,1425124
2026-05-22,8362.5,8440.5,8255.0,8308.5,564876
2026-05-25,8404.0,8443.0,8375.0,8430.0,364945
2026-05-26,8258.5,8434.0,8228.0,8404.0,310581
2026-05-27,8272.5,8305.0,8170.0,8243.0,293786
2026-05-28,8272.5,8272.5,8272.5,8272.5,0
2026-05-29,8176.5,8325.0,8146.0,8176.5,1042419
