Price,Close,High,Low,Open,Volume
Ticker,ASIANPAINT.NS,ASIANPAINT.NS,ASIANPAINT.NS,ASIANPAINT.NS,ASIANPAINT.NS
2021-01-01,2656.67626953125,2672.4216872482607,2632.220501408566,2640.8350412313575,1246698
2021-01-04,2635.7626953125,2671.5610439527677,2627.4353513184274,2661.9893304689117,1360486
2021-01-05,2674.19287109375,2684.4824615726284,2614.991738446172,2635.7623069085216,1299589
2021-01-06,2685.20068359375,2701.5681731230857,2660.9362969089652,2681.324092971084,1697884
2021-01-07,2672.660888671875,2710.5649560703696,2662.3712997907855,2681.0361354355528,1142806
2021-01-08,2722.864990234375,2727.746657051031,2669.5985039958746,2697.3085647642943,1660967
2021-01-11,2727.26806640625,2750.3836584254295,2703.6259834671246,2723.152183329016,1517995
2021-01-12,2604.032470703125,2727.9382508330286,2595.992091437396,2727.555475780357,6674890
2021-01-13,2587.904052734375,2644.664358782069,2563.304796532168,2641.792844820308,2862676
2021-01-14,2549.808349609375,2619.4425566870796,2534.5894205053205,2596.805550540383,2124950
2021-01-15,2479.934814453125,2547.8462992961136,2470.028232560606,2546.9367996917995,2570436
2021-01-18,2477.3505859375,2507.645196252508,2445.955322157226,2480.9878834294054,2395168
2021-01-19,2531.76611328125,2561.964915958275,2479.0737839927083,2503.0030676219817,2558693
2021-01-20,2581.72998046875,2591.205881732842,2531.765691315192,2540.3323266897996,2065439
2021-01-21,2600.011962890625,2696.3032409668026,2579.5762652377234,2610.1578369328895,5015712
2021-01-22,2485.438232421875,2650.2632820652225,2479.0731381085793,2632.2205134357505,4945564
2021-01-25,2406.280517578125,2518.7960400942434,2393.8851971406816,2500.9448904945543,3520087
2021-01-27,2332.24365234375,2416.8575006758306,2326.4527193181225,2416.8575006758306,2700415
2021-01-28,2337.12451171875,2348.8498571096993,2298.21560191558,2316.3539466202214,3035457
2021-01-29,2304.246337890625,2377.6134218669913,2297.2110356202816,2350.8126264514212,2768673
2021-02-01,2342.96435546875,2362.059879431756,2275.1007584850295,2322.6723671761765,1797359
2021-02-02,2358.135009765625,2412.0717066804345,2321.236242628809,2354.641427949948,2679428
2021-02-03,2348.56298828125,2396.6131687910324,2333.918456075302,2396.6131687910324,2409356
2021-02-04,2298.93408203125,2350.812719911305,2295.296784343367,2350.812719911305,3478562
2021-02-05,2274.95654296875,2320.0870694596524,2269.2614213325655,2316.3541954283687,3303319
2021-02-08,2313.339599609375,2330.6163549982593,2271.750318782797,2291.4681414604374,3666313
2021-02-09,2399.484619140625,2423.988060658897,2319.8477915742346,2328.3188498253517,7178572
2021-02-10,2403.07421875,2445.5725285114345,2368.998828988572,2420.6860761665043,4473123
2021-02-11,2398.1923828125,2431.2147884030132,2388.237896050267,2416.8093154592634,1446286
2021-02-12,2379.623779296875,2414.9433085280994,2358.6615865865197,2410.157451793006,1376085
2021-02-15,2351.5302734375,2409.678422053081,2343.6815165752337,2388.142070713977,1634576
2021-02-16,2345.30859375,2369.094390133524,2318.2685089531683,2366.1270661157027,1615849
2021-02-17,2285.86865234375,2349.9035554860343,2279.982142050256,2331.669394640816,3178784
2021-02-18,2364.930908203125,2373.401967390773,2292.664477536592,2320.183151465901,4253843
2021-02-19,2312.9560546875,2365.0739742741857,2297.210636850954,2365.0739742741857,2244567
2021-02-22,2284.815185546875,2343.1547138966084,2278.067082955036,2324.729171313884,2002642
2021-02-23,2270.601806640625,2297.211216636884,2215.851652714328,2273.28193313025,3267268
2021-02-24,2260.216064453125,2306.1602771310468,2246.6719532135025,2271.3670142647557,1708526
2021-02-25,2272.085205078125,2284.0498454418853,2236.143378688512,2273.281669114501,2839515
2021-02-26,2179.670166015625,2258.92398651673,2163.2068684439873,2237.914125836637,3933813
2021-03-01,2261.126220703125,2268.4005836978713,2201.494391111351,2201.494391111351,2545806
2021-03-02,2288.022216796875,2299.6519884791483,2257.967130994156,2283.810756486671,2033586
2021-03-03,2299.220947265625,2314.1526772182597,2274.047298907368,2302.9538213326923,1591567
2021-03-04,2313.578857421875,2330.7121303271106,2249.3525693095316,2278.0677084922067,2149984
2021-03-05,2284.863525390625,2320.08723953421,2275.2918131376114,2296.2537694979587,1953642
2021-03-08,2280.652099609375,2310.133023547526,2258.972262284153,2280.9392977475677,1593838
2021-03-09,2318.93896484375,2339.326761176813,2293.5260189623327,2297.2112221048897,1800442
2021-03-10,2327.792236328125,2341.240537172631,2312.0947235837016,2341.240537172631,1056102
2021-03-12,2298.50341796875,2359.0921749238387,2294.3396292978905,2338.1781220180183,1279203
2021-03-15,2254.13818359375,2323.5810011245644,2242.700034452092,2299.651721043951,1524449
2021-03-16,2362.872802734375,2373.784460409285,2273.6165926806793,2277.3015614106157,4230564
2021-03-17,2319.177978515625,2354.641219224975,2307.8356396824265,2354.641219224975,1623187
2021-03-18,2301.56591796875,2363.1120691826386,2287.6390311052746,2363.1120691826386,1851739
2021-03-19,2307.979248046875,2329.754894658826,2254.473466988411,2290.510872193332,3738079
2021-03-22,2321.810791015625,2333.6798574694903,2287.639816229751,2287.639816229751,1489853
2021-03-23,2307.06982421875,2329.7068299598045,2295.4879590537025,2325.926050400761,1745466
2021-03-24,2338.89599609375,2364.2131304501518,2306.7828519776785,2307.0700501069214,4132092
2021-03-25,2299.31689453125,2363.255985343025,2289.553793819569,2345.978996307464,2272545
2021-03-26,2397.857421875,2406.280575465785,2305.9213118545613,2321.1402409918473,3084607
2021-03-30,2467.635009765625,2472.8036402500525,2413.5069371334944,2430.353242026449,2332884
2021-03-31,2428.72607421875,2472.3252684839576,2422.600272101251,2467.635223145657,1616044
2021-04-01,2442.46142578125,2454.7132629560565,2423.557296003968,2423.557296003968,1219588
2021-04-05,2403.121826171875,2448.4439768400666,2378.0918922826995,2448.4439768400666,1268939
2021-04-06,2499.748291015625,2507.7884352732895,2397.2351664663947,2417.8143463741717,3372846
2021-04-07,2516.020263671875,2553.7806200828045,2488.740884971941,2493.4309302922165,1937977
2021-04-08,2537.1259765625,2544.5440540313402,2515.4461404015196,2517.3604829741234,897483
2021-04-09,2518.125732421875,2541.2892258984684,2498.3600093431683,2522.1458042344498,1185017
2021-04-12,2490.751220703125,2498.2172039114666,2445.5727800742516,2467.7791084832493,1427691
2021-04-13,2460.6005859375,2513.5322135616525,2454.4747821657315,2488.645756001636,1200230
2021-04-15,2476.8720703125,2482.4716157647476,2428.3435332357976,2479.0736109896397,1209829
2021-04-16,2549.6171875,2578.140939451529,2471.12913959392,2476.7765905685364,2760777
2021-04-19,2461.748779296875,2536.5039514919645,2456.9152511670236,2536.5039514919645,1552036
2021-04-20,2444.2802734375,2493.1439125738134,2420.494708043314,2488.645254427687,1489287
2021-04-22,2403.6962890625,2447.486873522275,2381.4420576157295,2446.1945988677403,1690758
2021-04-23,2410.109130859375,2455.1440817070948,2389.290657651917,2418.867387384859,1614593
2021-04-26,2448.3486328125,2464.7163572411528,2421.643644201987,2421.643644201987,1103980
2021-04-27,2464.093505859375,2469.405618497709,2425.4715586401226,2436.000440702096,866331
2021-04-28,2502.572021484375,2508.027850617558,2464.715853578938,2477.1590792474917,1065561
2021-04-29,2501.51904296875,2528.8463276520547,2459.9300007819,2517.3602731736955,1295346
2021-04-30,2427.768798828125,2494.1966165051313,2415.947875397389,2483.8591214017315,1384907
2021-05-03,2471.559326171875,2483.954879184233,2398.2880635235306,2402.4995229984706,1034774
2021-05-04,2476.345458984375,2505.8263796619626,2461.413727978281,2493.4310589464944,1058140
2021-05-05,2457.680908203125,2504.9174075081955,2437.0540526853106,2504.9174075081955,1220186
2021-05-06,2439.877197265625,2471.272458116518,2419.728697568382,2469.3581157924928,1518119
2021-05-07,2442.365966796875,2479.073578312439,2432.650771923191,2445.57258401092,1416102
2021-05-10,2447.438720703125,2478.1161027404346,2433.272540972603,2478.1161027404346,1526814
2021-05-11,2446.769287109375,2452.2730224251222,2413.316194840107,2424.5150530065707,1168363
2021-05-12,2446.720947265625,2478.068303714096,2421.6431088437225,2466.6301547392386,2085630
2021-05-14,2655.671630859375,2713.8197842472673,2490.1289100499816,2507.788672860538,10543708
2021-05-17,2663.568115234375,2703.242814118367,2629.8757362570277,2662.850236845578,2134352
2021-05-18,2700.94580078125,2723.1521263931686,2669.550537965043,2677.2079077404896,1328605
2021-05-19,2695.25048828125,2726.980618572218,2678.786957479971,2685.008569982856,1219067
2021-05-20,2674.4326171875,2723.152546424814,2659.5006503484515,2693.4802339681637,1211975
2021-05-21,2711.18798828125,2731.767173364409,2675.2940608106246,2686.7801176012244,1328308
2021-05-24,2698.457275390625,2726.9810267952826,2687.9283911172843,2724.1095129025534,813091
2021-05-25,2789.57958984375,2797.4762520683485,2701.854944786051,2715.3988234914627,2730112
2021-05-26,2815.614990234375,2821.6449820499884,2785.7510608409443,2813.939940577953,1250531
2021-05-27,2823.033203125,2838.012840156622,2777.950342443358,2823.6552709821367,2415085
2021-05-28,2814.753173828125,2836.863921022091,2805.612142544581,2831.455763776007,711383
2021-05-31,2849.977294921875,2861.8940298211965,2810.3505000632117,2812.169031899402,2093635
2021-06-01,2805.468994140625,2854.8591251775533,2790.2500644117767,2838.0128173411645,1194073
2021-06-02,2779.338134765625,2808.101177801759,2753.9251911320666,2793.8394195331216,2067842
2021-06-03,2809.63232421875,2815.997418655975,2779.6728216001893,2794.556879166462,1404434
2021-06-04,2799.63037109375,2861.9423190730854,2783.454268851014,2826.526979338736,1509084
2021-06-07,2807.479248046875,2815.040807882285,2779.577564296701,2804.511923527744,802415
2021-06-08,2800.922119140625,2818.1512000956122,2782.9751598125135,2802.5971686779153,762931
2021-06-09,2817.481689453125,2838.012967557427,2794.5574830456553,2805.2777551069676,1340352
2021-06-10,2838.21044921875,2846.5790154447604,2809.4010699471905,2832.823661731947,1344559
2021-06-11,2843.645263671875,2858.4106700133875,2826.667653116585,2847.2524246828752,878445
2021-06-14,2837.537109375,2856.8715867775572,2805.409421830554,2842.5392272988975,746823
2021-06-15,2926.321044921875,2933.8239860182903,2848.165897753355,2856.871225729286,2262031
2021-06-16,2903.71630859375,2926.3211829952165,2891.0191495152085,2913.624023916675,859505
2021-06-17,2943.732177734375,2956.8621506491604,2886.209933131972,2902.9952097208516,1533864
2021-06-18,2931.131103515625,2960.5656333948855,2901.1677111901145,2944.9346012357355,2293860
2021-06-21,2951.667724609375,2961.8638253767735,2905.977019003159,2909.0069402805616,720491
2021-06-22,2896.11767578125,2975.042411019758,2889.768978035085,2967.491326188428,1199238
2021-06-23,2873.560546875,2914.5858946570443,2869.8571012241887,2914.5858946570443,1009007
2021-06-24,2927.33154296875,2933.5358132442902,2862.1140217169986,2873.5608874591035,985596
2021-06-25,2889.480224609375,2937.1910358799523,2871.3002266584763,2914.7784946801703,786964
2021-06-28,2869.328369140625,2923.0992599608753,2862.883621396277,2908.814807594235,891695
2021-06-29,2887.171875,2908.6706500646774,2859.805591852054,2875.148004122939,1242734
2021-06-30,2878.70654296875,2914.585814652011,2871.92503395652,2884.7666198486404,924522
2021-07-01,2906.506103515625,2911.6040364563896,2882.8430337267305,2893.424039189191,848235
2021-07-02,2890.53857421875,2923.0511682114866,2885.488548423526,2917.4239026746022,805542
2021-07-05,2899.96533203125,2933.8245055864945,2892.5586745099827,2904.9672153676106,863343
2021-07-06,2888.13330078125,2914.104857524329,2881.880888972731,2888.6142555357515,762630
2021-07-07,2924.301513671875,2952.100607601036,2896.5503273504787,2948.2529691421228,1234865
2021-07-08,2912.950927734375,2942.4815058823756,2903.8127864117587,2933.824319366213,907391
2021-07-09,2895.92529296875,2923.387625667209,2892.462324284198,2906.8909690677906,547082
2021-07-12,2885.151611328125,2926.9467720602515,2877.1198069308075,2919.299402732037,765566
2021-07-13,2879.81298828125,2906.0250234102296,2871.6367571401006,2904.966828973131,703484
2021-07-14,2887.604736328125,2893.1838594778933,2870.530839393296,2888.614788467164,470744
2021-07-15,2869.953857421875,2896.31008910527,2857.9299862449184,2895.3481794111135,635535
2021-07-16,2875.4365234375,2891.500367399252,2852.0620723016573,2879.9574517609317,1062548
2021-07-19,2868.366455078125,2885.4403514919895,2852.0621333582008,2875.4365849944406,837836
2021-07-20,3038.720458984375,3058.391462624935,2866.0576920269364,2881.881057406606,6755922
2021-07-22,2988.412353515625,3044.443582160442,2972.300369313038,3010.77674949832,1982572
2021-07-23,2966.2890625,3010.39271655506,2960.8062241318066,2987.691553506283,815329
2021-07-26,2944.59765625,3000.1960787722783,2934.9785601333847,2962.6334614686534,1136884
2021-07-27,2913.28759765625,2964.124617120839,2906.2177025603887,2962.1045128984642,904289
2021-07-28,2889.6728515625,2917.4719462999547,2870.3383738078023,2914.922979683296,996594
2021-07-29,2883.276123046875,2924.157284442609,2876.398562772085,2889.6729633229456,762683
2021-07-30,2845.76123046875,2894.049042388556,2839.4606760161146,2893.423895124293,1067423
2021-08-02,2860.76708984375,2873.031436373453,2847.877361213699,2871.877191903602,832285
2021-08-03,2911.700439453125,2948.2530052605975,2880.149756735274,2904.967072067538,2433031
2021-08-04,2903.62060546875,2936.998823838797,2897.271907750336,2924.78261807516,659295
2021-08-05,2874.570556640625,2924.205185970557,2866.538752379939,2918.4337283666678,693694
2021-08-06,2853.45654296875,2886.6905649516784,2848.6469952097505,2880.919107640879,744159
2021-08-09,2878.562744140625,2900.1575686203164,2859.8055061346226,2880.5826134826925,825462
2021-08-10,2863.7490234375,2893.712647877215,2847.7814652513457,2883.8049321959593,724335
2021-08-11,2859.372802734375,2887.1237560396953,2840.086466722397,2873.608878095667,987941
2021-08-12,2862.162353515625,2871.540973225515,2845.328933523515,2860.719488944873,438552
2021-08-13,2874.85888671875,2887.652330086103,2859.853239365853,2867.3559456217076,572250
2021-08-16,2858.21826171875,2870.4826098491276,2847.2525855621966,2866.490778707887,461742
2021-08-17,2900.446044921875,2928.0528032934894,2859.8535070349967,2860.719131732864,2036757
2021-08-18,2887.2197265625,2931.90037927181,2878.5625404032326,2931.90037927181,1375320
2021-08-20,2994.376708984375,3005.054000431613,2887.171921486626,2887.171921486626,3931334
2021-08-23,2960.228515625,3043.33764215355,2934.7860548415,3038.7204293173195,1578949
2021-08-24,2929.9287109375,2974.994272891485,2918.963034641346,2974.994272891485,763704
2021-08-25,2922.329345703125,2953.0623087559775,2897.8487947046415,2910.7382886956316,797870
2021-08-26,2923.8681640625,2967.009899757486,2910.9305280507615,2947.290754695068,1319516
2021-08-27,2921.12744140625,2941.4717377464817,2905.4482662341893,2924.638317895762,634375
2021-08-30,2990.33642578125,2995.6269285047874,2931.9485608733607,2940.268984856623,1051747
2021-08-31,3079.409423828125,3087.7298480179184,2984.853662199396,2990.3365000080075,2283290
2021-09-01,3176.947021484375,3206.044787709461,3092.539451690944,3107.016238549685,2423168
2021-09-02,3175.841064453125,3192.5781987959494,3142.2221335708264,3186.7585983167924,847517
2021-09-03,3211.623779296875,3217.539429326434,3161.315860877577,3175.840789592472,832039
2021-09-06,3189.259521484375,3220.1848221598507,3179.976952647904,3214.7019842357713,664394
2021-09-07,3209.1708984375,3265.2984174541875,3197.243313350942,3206.525647041261,1285818
2021-09-08,3209.5078125,3233.5074111524955,3171.416096656446,3217.5877595741013,702598
2021-09-09,3218.886474609375,3231.054537833825,3179.1114163562943,3179.1114163562943,591745
2021-09-13,3238.7978515625,3245.4830764915937,3203.4958152742993,3219.1268466889373,610920
2021-09-14,3234.42138671875,3259.527323984125,3228.986690815851,3255.968070198612,569412
2021-09-15,3224.610107421875,3255.054457125073,3219.4637963140526,3233.7963925183744,587855
2021-09-16,3214.798095703125,3242.597188580639,3207.9684437604365,3222.397087435521,516746
2021-09-17,3177.235595703125,3253.1783127174494,3159.921222660868,3224.3210243136873,1545695
2021-09-20,3146.935302734375,3188.7302266096303,3140.634748078565,3174.253440603539,689288
2021-09-21,3183.151611328125,3207.968929172732,3146.40670684378,3146.9358041601677,922057
2021-09-22,3191.13525390625,3203.1109820430947,3162.999396731643,3201.716260023196,825945
2021-09-23,3194.164794921875,3212.777838310842,3188.730100000132,3212.777838310842,694716
2021-09-24,3317.24169921875,3371.4933093180784,3194.35774193904,3203.159121263681,2775975
2021-09-27,3299.97509765625,3337.826334609124,3287.470272771547,3329.746387850878,902449
2021-09-28,3250.965576171875,3299.061052444031,3222.3969102344527,3294.4438397536655,961271
2021-09-29,3196.473876953125,3252.889783416454,3183.920909179806,3236.8259393927638,973387
2021-09-30,3121.060302734375,3220.185147100473,3097.349321893026,3203.063106986356,2077896
2021-10-01,3056.8046875,3129.0439616012036,3049.2536027805995,3124.282555782772,1512332
2021-10-04,3079.650146484375,3107.449242489984,3056.9489839446433,3080.804391140022,921241
2021-10-05,3130.775146484375,3135.8251716841733,3070.0785591941303,3086.3349716943917,909337
2021-10-06,3089.89404296875,3155.063416900148,3078.735797923718,3137.7490444903297,786378
2021-10-07,3165.500732421875,3191.616487683876,3097.3493340392047,3097.3493340392047,1177283
2021-10-08,3180.938720703125,3202.197016521593,3139.76917823451,3181.03500559835,882436
2021-10-11,3180.121337890625,3216.9625232089616,3172.1374410971657,3199.6960577019377,460197
2021-10-12,3196.665771484375,3207.9682081999217,3155.063185276085,3155.063185276085,564524
2021-10-13,3196.9072265625,3230.9587396127004,3166.0298279855097,3215.664467699244,770144
2021-10-14,3172.185546875,3225.234767730151,3164.6826049770248,3214.7019045085763,648597
2021-10-18,3118.02978515625,3158.862798308289,3108.89164449329,3128.610790134414,1576121
2021-10-19,3062.4794921875,3144.5785652078266,3055.1209781568846,3136.6907191217765,1042069
2021-10-20,3048.868896484375,3097.300906074432,3017.1737858943507,3068.4917592528263,1205540
2021-10-21,2887.65283203125,3073.7342108979296,2809.209051401396,3072.3394888433754,5103543
2021-10-22,2868.79931640625,2888.5666071655846,2801.225161840606,2861.6812787586027,2855592
2021-10-25,2806.900634765625,2837.6336025778396,2748.416478293401,2837.6336025778396,2161537
2021-10-26,2856.67919921875,2908.814652975128,2787.6140424344976,2806.90037703242,1988263
2021-10-27,2976.773681640625,3025.205927710737,2913.8167403835396,2913.8167403835396,4609951
2021-10-28,3001.138671875,3031.282042377781,2948.8452553652296,2988.330119986384,1791065
2021-10-29,2985.537353515625,3028.489040376605,2969.358142607186,3009.517091654519,1118903
2021-11-01,3006.435791015625,3026.1300264458305,2977.3998252019223,3012.406626691879,750393
2021-11-02,2988.667236328125,3023.770196485735,2966.180030684456,3004.7018492647735,881916
2021-11-03,3053.480224609375,3065.277532386501,2980.625924098455,2987.4636414289394,879227
2021-11-04,3042.501708984375,3072.115360183637,3028.7783096481317,3061.521858941625,263595
2021-11-08,3022.036865234375,3063.4478229160445,2980.770270334413,3048.0390944763535,787824
2021-11-09,3028.922607421875,3038.408700105119,3004.7021059676613,3023.963016903351,668840
2021-11-10,2993.434326171875,3020.7365245833867,2966.66161468196,3016.2584571283555,872975
2021-11-11,2950.2900390625,2991.8453604502215,2939.2150152501226,2975.8107461084137,958143
2021-11-12,3007.494873046875,3012.4064994303203,2962.1355684264513,2974.84772274305,682344
2021-11-15,3051.602294921875,3062.484756331288,3010.4802982049073,3010.4802982049073,696377
2021-11-16,3035.230224609375,3090.4127745884907,3004.7981301937275,3048.038775809465,1400107
2021-11-17,3110.877685546875,3120.1709804524944,3048.087166794663,3052.854194933393,1616452
2021-11-18,3107.603759765625,3139.5286270639617,3095.228529872262,3129.753808361475,1609821
2021-11-22,3140.732177734375,3186.0917154218923,3096.239522079253,3121.2305061056677,2146970
2021-11-23,3067.82958984375,3166.782513365515,3054.3469530621956,3140.732085988878,1482618
2021-11-24,3040.334716796875,3090.316685404436,3033.593398134354,3068.3112362700435,1056213
2021-11-25,3028.055908203125,3056.0806271781735,2997.9607353856495,3039.8532159475753,728825
2021-11-26,3026.948486328125,3050.3023403298453,2976.7737203842307,2986.4041756426723,1029110
2021-11-29,3028.103759765625,3061.4249902115084,2958.379130317928,3015.295208661693,876651
2021-11-30,3027.47802734375,3071.1522367682246,3000.9942749100323,3000.9942749100323,2340489
2021-12-01,3022.18115234375,3081.50484939857,3008.6505511162686,3039.2752100285143,1741820
2021-12-02,3063.062744140625,3075.967460352672,3035.760308984568,3043.2239119331384,939320
2021-12-03,2995.505126953125,3069.6596378426157,2991.2196210747807,3067.3002231562064,1216263
2021-12-06,2926.02099609375,2999.886534033241,2916.342342435365,2999.886534033241,1107363
2021-12-07,2918.364990234375,2955.586604318905,2904.9785168725994,2927.6582851513426,2056459
2021-12-08,2993.626708984375,3007.5908676719328,2918.9906884129455,2919.857335249596,1171484
2021-12-09,3061.232421875,3065.421763488928,2996.0342941277445,3035.9042803686366,1287243
2021-12-10,3161.82275390625,3170.3458006680953,3061.2326979895606,3066.336886186882,2554394
2021-12-13,3158.64453125,3217.5346630772383,3150.0732861677066,3163.7005195712077,1265832
2021-12-14,3175.642333984375,3182.865174774332,3128.934630209321,3153.0107661758434,863179
2021-12-15,3179.92822265625,3191.4847693138795,3145.7883047622117,3157.0076914282427,811946
2021-12-16,3176.7021484375,3202.1264569353743,3149.7368730106755,3202.1264569353743,502930
2021-12-17,3123.830322265625,3171.5974682342135,3108.421595839436,3153.9736903605585,1019403
2021-12-20,3119.73779296875,3153.9741085601872,3063.44782880304,3107.747923152282,948872
2021-12-21,3150.459228515625,3174.1982078368887,3120.26765576199,3127.0089747713528,712026
2021-12-22,3158.8857421875,3164.2304567929464,3121.230567855253,3154.648200777419,619865
2021-12-23,3147.136474609375,3185.6582968029156,3129.898053225183,3168.4198754187237,1051596
2021-12-24,3163.412109375,3178.05035489505,3140.491577973563,3158.7894436532615,651404
2021-12-27,3151.469970703125,3163.3636765643946,3106.9773160426007,3158.8856090786526,640701
2021-12-28,3243.729736328125,3250.2784926110166,3152.047853723217,3154.8887908634238,1211648
2021-12-29,3243.007568359375,3260.872109663726,3222.5428511915206,3247.5820345498364,598421
2021-12-30,3241.322265625,3264.724318827916,3226.4914586370305,3238.9628511203505,691223
2021-12-31,3257.934814453125,3279.170015320538,3237.181136348608,3264.7243324336637,570671
2022-01-03,3295.927001953125,3313.7433446588316,3257.9831012651453,3257.9831012651453,696276
2022-01-04,3331.4638671875,3344.127823449429,3288.8490971351057,3307.0987651959767,790886
2022-01-05,3396.468994140625,3409.1811480077945,3324.481341368427,3341.7679614652675,1024506
2022-01-06,3384.767578125,3406.821459879464,3324.577237832005,3362.136010174834,1312743
2022-01-07,3444.1396484375,3449.628960731541,3367.336770263759,3384.7677526402244,964364
2022-01-10,3422.18212890625,3457.333289087783,3396.6614235689726,3447.7028342435274,657511
2022-01-11,3407.977294921875,3432.294194023755,3365.8922532029223,3419.3894782507646,734344
2022-01-12,3412.840087890625,3450.0616958522332,3403.4021966317855,3425.4558406440583,594543
2022-01-13,3328.52587890625,3428.4418456148283,3322.506844767179,3428.4418456148283,1153984
2022-01-14,3240.070068359375,3334.063399789646,3222.350125850998,3334.063399789646,1558978
2022-01-17,3253.79345703125,3273.391526235733,3198.273980179132,3240.0700591939867,1103159
2022-01-18,3249.02685546875,3270.936142610969,3227.165767629675,3254.1792434155495,558543
2022-01-19,3159.174560546875,3245.463536758556,3146.9921282619503,3245.463536758556,1495218
2022-01-20,3184.21337890625,3240.5515376794747,3102.932437048356,3160.7151639952526,3075678
2022-01-21,3153.829345703125,3202.0777795310087,3121.952448678546,3178.0980429399924,1441694
2022-01-24,3038.552734375,3149.1585975124062,3019.14746275272,3147.232506627078,1575665
2022-01-25,3030.800537109375,3040.286394056803,2899.489191302726,2985.441000760093,2699779
2022-01-27,3001.764404296875,3026.85178475772,2957.7532751947656,3024.0590470597235,1834684
2022-01-28,2995.89013671875,3052.854183026551,2988.3301356250436,3014.3323636823675,892060
2022-01-31,3035.759765625,3075.4371878197157,3020.495402472943,3023.962459850107,944530
2022-02-01,3078.13427734375,3093.639404434649,3025.50393314108,3075.967424899785,1008915
2022-02-02,3079.531005859375,3124.264428956818,3074.186055516557,3086.368723972683,667265
2022-02-03,3084.634521484375,3121.8081692405835,3072.3074929199292,3094.1206130455553,899753
2022-02-04,3117.041015625,3128.7421591160596,3058.6806014163803,3070.18894771929,705765
2022-02-07,3057.38037109375,3131.0533486935183,3026.948275666134,3114.48901382551,860393
2022-02-08,3097.491455078125,3104.377136282589,3049.194582694903,3061.5216119877,799206
2022-02-09,3109.048095703125,3138.5653468167834,3103.654946748631,3110.6370267622615,472725
2022-02-10,3119.063720703125,3127.9718918853723,3058.632613493825,3101.006616955326,728666
2022-02-11,3097.443359375,3110.5888367026428,3064.892373708295,3110.5888367026428,587840
2022-02-14,3027.28515625,3065.0846899561166,3004.7017875945076,3023.962696489344,681236
2022-02-15,3143.958251953125,3149.1586033056724,3017.077014648684,3023.9626955289946,676844
2022-02-16,3132.642578125,3163.7007948000705,3103.895576550432,3158.789168813347,624320
2022-02-17,3145.162109375,3173.1865911879863,3116.800232485108,3152.0477903661244,636735
2022-02-18,3138.035400390625,3151.0847132654126,3110.6850036505207,3116.559439826023,423801
2022-02-21,3131.48681640625,3157.2964829154967,3085.742155004639,3115.4522028255187,547472
2022-02-22,3107.892333984375,3117.1858645572293,3004.702097968545,3004.702097968545,1147209
2022-02-23,3117.571044921875,3175.06481792447,3110.637163902211,3117.2820842296924,935896
2022-02-24,2955.634765625,3079.626870680283,2938.7332704947303,3014.332340373097,1823450
2022-02-25,3003.931396484375,3025.35915828806,2969.1173966350107,2990.256197772694,1239456
2022-02-28,3057.33203125,3072.5963951180024,2903.581924864685,2975.810330955846,1678348
2022-03-02,2917.016357421875,2996.226842661198,2880.565229601693,2992.1820989492753,3014206
2022-03-03,2765.770263671875,2938.2518059129993,2756.236207316619,2917.0648050181826,4406840
2022-03-04,2636.962890625,2757.9696964237924,2563.675270567773,2757.9696964237924,6979253
2022-03-07,2608.36083984375,2627.1402292708817,2503.2927046841105,2551.9744722580604,3233760
2022-03-08,2622.7578125,2635.80712501306,2540.5138273746247,2590.592189400205,2611102
2022-03-09,2768.70751953125,2783.2014008396036,2566.5643699675056,2648.3750354010067,4076068
2022-03-10,2805.158935546875,2927.658274207098,2784.357059024835,2889.1364548096367,3971987
2022-03-11,2823.649169921875,2831.3053339830562,2775.834058891987,2809.2034886296415,1265493
2022-03-14,2853.311279296875,2862.508410925755,2809.4927086648954,2840.9842497657105,1214217
2022-03-15,2876.76123046875,2919.9539145784443,2856.3929124801007,2887.210368042934,1857685
2022-03-16,2929.58447265625,2937.2888368183967,2899.489300147865,2930.547518176518,1287234
2022-03-17,3020.688720703125,3046.401989477322,2962.8095899720365,2998.442274785612,2867519
2022-03-21,2933.195556640625,3002.1015027294625,2918.1239900259825,3002.1015027294625,1259015
2022-03-22,2938.396240234375,2949.5194629986895,2865.060418035273,2912.2496484499716,1515772
2022-03-23,2905.31591796875,2966.0839522677597,2893.951933237154,2946.919439502726,948403
2022-03-24,2913.5498046875,2926.6470824488156,2841.5139540854047,2859.763619331892,1243917
2022-03-25,2934.3515625,2951.3012580596223,2880.46921153462,2913.549919897053,1083275
2022-03-28,2915.57177734375,2945.570782914366,2884.946886304496,2934.3511628249853,680332
2022-03-29,2930.162353515625,2973.595564808279,2901.367151786483,2955.5866608518845,1120936
2022-03-30,2967.6728515625,2979.999880753652,2942.9705938823986,2964.253993078292,849545
2022-03-31,2966.1318359375,3013.610024434276,2952.793797304718,2999.8866265439865,1464862
2022-04-01,2999.068115234375,3005.66507110077,2973.5474089273675,2995.0715703695596,637392
2022-04-04,3002.776123046875,3026.8522625838127,2979.181506300676,3009.4692428144335,873264
2022-04-05,3024.733154296875,3040.3344433460916,2966.179944727894,2995.071307825893,805874
2022-04-06,3037.445556640625,3048.0390573137533,2997.9606904953284,3021.073782873063,736379
2022-04-07,3038.408935546875,3090.3651997982042,3029.260002143485,3037.4458899254655,1025244
2022-04-08,3087.764404296875,3101.006278935185,3034.7487064485194,3050.9279166666665,678898
2022-04-11,3040.76806640625,3102.932702488186,3033.5934242202934,3066.336972291243,672652
2022-04-12,3013.032470703125,3045.2465335653274,2999.0683097426845,3038.1198551764546,794265
2022-04-13,2966.80615234375,3006.5317809168223,2952.7940278146257,3002.0055138970533,1121350
2022-04-18,2909.8896484375,2944.9926035059516,2901.6555638860145,2943.066512856177,1032504
2022-04-19,2880.661376953125,2946.1484646872864,2860.2448613302936,2918.027585801613,749782
2022-04-20,2969.069091796875,2975.3288871574587,2869.875411467625,2880.757871964343,838182
2022-04-21,3041.538330078125,3057.0914202405675,2972.006494751907,2975.6179152340706,1069035
2022-04-22,3047.4609375,3056.03218310302,2998.2012566252583,3006.1463816127016,681191
2022-04-25,3014.91064453125,3038.5052616930893,2980.7225257865443,3018.1849055185326,1096774
2022-04-26,3010.14306640625,3032.341312156127,2991.026754344418,3014.332408369447,1703441
2022-04-27,3032.00439453125,3047.0759625616156,2971.9102142490556,2981.5888685495456,963536
2022-04-28,3127.682861328125,3147.232732239365,3052.854272092652,3072.115182326675,2001838
2022-04-29,3117.571044921875,3156.8633508580333,3102.258714540177,3128.935029572224,1088970
2022-05-02,3081.74560546875,3092.8206287384032,3037.493711688928,3076.930377960205,595522
2022-05-04,2986.259521484375,3076.641194194959,2967.5762990348458,3060.5583825063095,1120002
2022-05-05,2962.857666015625,3011.3950649383237,2956.5496709967956,2990.0155019632903,724601
2022-05-06,2904.7861328125,2939.6001353091933,2892.8924262527803,2908.397553615831,923941
2022-05-09,2894.192138671875,2926.5023583109787,2865.060015821921,2889.9548330320094,998324
2022-05-10,2972.2958984375,3022.7593941158184,2923.8064581555154,2938.2521422373115,2460016
2022-05-11,2940.8037109375,2994.638093882652,2868.912460514481,2976.195632026425,1883969
2022-05-12,2927.610107421875,2964.254035554367,2877.579940947514,2929.584397711626,1254245
2022-05-13,2950.771484375,3001.0906129842015,2923.1321248707823,2960.787063773245,1121729
2022-05-16,2889.040283203125,2975.7143836573227,2874.8835604859814,2975.7143836573227,733044
2022-05-17,2937.288818359375,2943.6450128006154,2841.9473124519723,2888.0770985355143,1179081
2022-05-18,2985.537353515625,3013.1767114616755,2914.175590190904,2918.0277720682216,1379763
2022-05-19,2934.302978515625,2958.1865518117884,2889.569566049172,2889.617765343585,772390
2022-05-20,2995.023193359375,3009.517074614422,2956.5495741012087,2966.1800287399747,778957
2022-05-23,3056.8994140625,3070.1894908773384,3014.3810432346954,3027.767283542099,813294
2022-05-24,2972.777099609375,3065.999716036441,2956.5496888657453,3057.4287051226465,691307
2022-05-25,2733.171142578125,2926.6950756293545,2721.855358722039,2926.6950756293545,3381427
2022-05-26,2735.193603515625,2754.3101508829773,2618.0874108988523,2744.67969580996,3212196
2022-05-27,2730.08984375,2762.977756105862,2678.229745461974,2762.0147105303636,1879534
2022-05-30,2738.901123046875,2777.4229391234835,2712.8988971951644,2773.5707575158226,2525482
2022-05-31,2753.97314453125,2771.6451246234355,2707.1210720349122,2738.9015755486625,2408221
2022-06-01,2747.08740234375,2831.2574884768223,2727.3931680780875,2753.973083906065,1770795
2022-06-02,2801.066162109375,2811.1299410135844,2742.7537074363445,2764.1332714748155,1164197
2022-06-03,2780.2158203125,2811.5629967873156,2750.457809904013,2797.6470370347192,1228489
2022-06-06,2713.332763671875,2765.866947884691,2703.943069123868,2765.0003008969115,1193698
2022-06-07,2643.27099609375,2700.379642547947,2630.077319471627,2696.527460461573,1403598
2022-06-08,2605.230712890625,2672.4513377060007,2600.222923173406,2669.4658025245717,1743575
2022-06-09,2602.421630859375,2612.882506314885,2551.037608200646,2595.8351362041694,1857501
2022-06-10,2623.682373046875,2650.0765935048453,2568.714592827065,2581.3063310271978,1592920
2022-06-13,2577.18994140625,2598.741186805588,2559.5130772022985,2586.1009708609467,1674206
2022-06-14,2552.6357421875,2582.6139533546593,2503.818637803835,2534.8136847708456,2296040
2022-06-15,2577.577392578125,2599.322547124097,2544.596910453874,2566.7776491343634,928842
2022-06-16,2573.99365234375,2639.8581358054953,2557.0917108677468,2610.3159777822125,1280628
2022-06-17,2499.16943359375,2573.5575965896387,2479.6038567066144,2566.87438390899,2043251
2022-06-20,2577.141845703125,2589.3947199307504,2507.0641073457855,2518.348149657738,1595360
2022-06-21,2594.237548828125,2624.8934982309866,2557.0918211549097,2590.9441826289117,1042074
2022-06-22,2582.614013671875,2622.907433785981,2543.870204058246,2603.584006035873,1871760
2022-06-23,2671.579833984375,2681.0236393075825,2590.944265455449,2590.944265455449,1612872
2022-06-24,2674.19482421875,2697.3443951149384,2640.3909408783334,2687.852113329925,2215583
2022-06-27,2732.35888671875,2738.8484279874456,2678.1660265326113,2692.598002031955,1295734
2022-06-28,2640.874755859375,2697.3439020965156,2619.3719901776894,2692.6945979420734,1838358
2022-06-29,2613.076416015625,2633.610588832463,2593.8981820129957,2621.5031477289667,1066354
2022-06-30,2610.557861328125,2641.3107604075158,2595.835260874571,2629.590899807786,1291447
2022-07-01,2686.059814453125,2692.694786484021,2600.6782380250347,2619.9531888496954,1477191
2022-07-04,2702.671142578125,2710.1292780715557,2658.6000624665253,2687.9967839096553,653147
2022-07-05,2679.7158203125,2723.9805777114925,2673.322996817683,2697.5378790352343,1073043
2022-07-06,2771.538330078125,2778.8997485046025,2717.0548477311804,2741.657308755025,2085735
2022-07-07,2800.596435546875,2839.9215004356092,2786.455085648432,2810.282388822576,1469087
2022-07-08,2789.36083984375,2797.3032741446195,2751.2949966093465,2789.554511612363,1274148
2022-07-11,2840.9384765625,2848.202941273128,2761.80428827608,2783.742877112794,1081885
2022-07-12,2802.33984375,2831.4461794885924,2794.784753198655,2828.2982447983204,1115524
2022-07-13,2848.83251953125,2875.711039771091,2834.1583949626697,2856.387610352818,2153712
2022-07-14,2846.8466796875,2862.0538145329174,2820.9367563382643,2859.3901775530894,882479
2022-07-15,2884.6220703125,2891.257042872969,2848.1060738831366,2857.307729463469,1668006
2022-07-18,2923.075439453125,2930.000801303184,2894.5501185062953,2900.700793290152,823390
2022-07-19,2924.286376953125,2928.0638043077624,2884.622207362035,2889.7558101191294,638171
2022-07-20,2912.033203125,2949.0819722143087,2905.7858109261997,2937.749454846388,867436
2022-07-21,2969.81005859375,2988.0679375901054,2887.3825063425916,2887.3825063425916,1184060
2022-07-22,2971.06884765625,2995.6228307785614,2952.278195202669,2969.8098630640816,1268141
2022-07-25,3007.440185546875,3019.3054789822954,2955.8140043658177,2973.1035265325377,985844
2022-07-26,3010.87841796875,3050.881450195759,2957.1213801057083,2998.7709770086058,2876310
2022-07-27,3085.992919921875,3092.7246095631276,2998.77087103271,3021.0000845552686,1976407
2022-07-28,3169.631103515625,3176.9925222419097,3082.070184687121,3097.567709185862,1332572
2022-07-29,3229.0546875,3249.007845925158,3172.1497117547806,3182.2230086164614,1836550
2022-08-01,3220.143310546875,3249.6369879265117,3210.408881216818,3235.156536571573,1076122
2022-08-02,3289.494873046875,3297.8248873163902,3221.1606629892353,3226.3909830827215,1650536
2022-08-03,3331.628662109375,3339.7165272912407,3265.3768395100337,3297.0983349476173,1169005
2022-08-04,3351.82421875,3367.757565010698,3303.781794656203,3346.496944308987,981434
2022-08-05,3364.802978515625,3382.2861702501514,3343.1550163426145,3365.868527890813,792478
2022-08-08,3349.83837890625,3367.7573920146415,3328.6262363565115,3356.1827254366162,724644
2022-08-10,3304.508056640625,3341.5085862344386,3289.3496348034273,3332.936423250469,1089295
2022-08-11,3298.260498046875,3368.725802485263,3283.5378975413796,3341.653612542112,1410533
2022-08-12,3320.19970703125,3326.9313975040973,3276.758110445559,3292.2556362413407,548472
2022-08-16,3391.05224609375,3399.2368293273316,3346.7874868627414,3361.0257909012603,911189
2022-08-17,3413.039306640625,3434.2999267747364,3394.5392777780007,3407.469883510072,817912
2022-08-18,3424.323486328125,3431.4425198946483,3405.1452521052847,3414.2984303899357,599877
2022-08-19,3373.181884765625,3427.3747489313523,3355.214393188697,3409.4557344180757,581829
2022-08-22,3244.55224609375,3376.0875408007983,3228.5219458927636,3353.374027330988,2336567
2022-08-23,3251.18701171875,3277.6779507449683,3212.685349335418,3228.3280685193886,831446
2022-08-24,3272.73828125,3278.695047677815,3198.301638827813,3234.720916221535,1182154
2022-08-25,3256.9013671875,3298.211857969291,3245.956194108658,3269.0088072142194,615392
2022-08-26,3219.175048828125,3278.210886759609,3201.8370505773732,3273.2227154110997,1384783
2022-08-29,3238.256103515625,3243.1960339318,3135.052231251342,3145.028809725636,1031166
2022-08-30,3285.087890625,3302.6678006051543,3226.3909212745125,3226.3909212745125,1426459
2022-09-01,3338.3125,3365.287739818726,3210.893728719467,3210.893728719467,1417762
2022-09-02,3323.298828125,3379.4288763838913,3317.4387794826102,3379.4288763838913,740821
2022-09-05,3317.245361328125,3341.6539165543495,3298.59990106909,3317.487510162658,518438
2022-09-06,3288.623046875,3326.688887776107,3277.7263502319415,3312.595779489728,540937
2022-09-07,3293.56298828125,3327.1247194646344,3279.6150746474577,3285.4751232675517,682921
2022-09-08,3341.798828125,3375.21536445926,3319.76328604951,3341.653633425971,1143090
2022-09-09,3333.760009765625,3374.2955833979413,3325.6236669176747,3374.2955833979413,702805
2022-09-12,3324.412841796875,3345.189164314842,3315.5018120623627,3333.7599286083305,641280
2022-09-13,3314.72705078125,3350.3714079377883,3307.4141083926165,3324.219332767415,776044
2022-09-14,3330.950927734375,3340.201060610869,3273.8522792126246,3273.8522792126246,816678
2022-09-15,3288.7685546875,3350.129164659964,3282.6665931651996,3331.968001859133,590182
2022-09-16,3218.20654296875,3312.596112987094,3205.6148033579802,3305.2346937021766,1598265
2022-09-19,3212.104248046875,3237.142531799326,3129.822122443994,3216.3659728894986,1013563
2022-09-20,3286.63720703125,3302.909653793307,3229.296418107591,3230.846265027192,708184
2022-09-21,3250.654052734375,3317.3416921034254,3242.856813877049,3298.0667417118734,605378
2022-09-22,3328.093505859375,3331.9678871234723,3211.5229649864687,3250.654357637928,829396
2022-09-23,3288.623046875,3329.9820170610733,3276.467129102942,3327.1247083471394,513370
2022-09-26,3330.078857421875,3359.0882370881986,3248.6683815437773,3264.165905128959,1429914
2022-09-27,3361.65576171875,3390.0841332541536,3323.2995231237473,3346.3521425245763,1455383
2022-09-28,3458.514892578125,3470.3801856179925,3312.596097660902,3342.622553516893,1843428
2022-09-29,3278.50146484375,3451.5409230330033,3266.4907410707533,3451.5409230330033,2624894
2022-09-30,3237.4814453125,3304.750344348063,3182.0778391861613,3295.1613450761192,2159720
2022-10-03,3199.17333984375,3247.215761584391,3182.562024944344,3242.8570827097815,934543
2022-10-04,3232.928955078125,3262.5680657787793,3208.036103220542,3225.4223415205324,994382
2022-10-06,3224.4052734375,3261.0182230358246,3207.6970045290964,3232.928959363726,922770
2022-10-07,3238.692138671875,3254.0929462128233,3184.014979908067,3213.799286131254,774544
2022-10-10,3175.0068359375,3195.3958137808686,3157.8142697978788,3176.9925035469078,734377
2022-10-11,3195.105224609375,3254.4801629725844,3171.1809683250717,3187.162790553955,1411316
2022-10-12,3146.19140625,3234.624210058651,3105.3167292852327,3230.265530931457,1812549
2022-10-13,3108.22216796875,3155.8770071383983,3093.5962850539327,3128.659622403609,779890
2022-10-14,3085.460205078125,3144.060218390706,3080.1329311406175,3133.4056705156913,845765
2022-10-17,3097.18017578125,3116.939423716364,3070.543807182058,3085.460079008228,1067773
2022-10-18,3124.54296875,3147.934448601772,3111.127830433505,3116.9394017232316,1015424
2022-10-19,3111.854248046875,3143.7694127895834,3095.969381258002,3140.1856578221054,943543
2022-10-20,3042.260986328125,3140.0408743571106,3004.3890506981584,3097.5678744226834,2284352
2022-10-21,2995.283935546875,3065.361898322895,2976.1541788546,3041.389165252829,1738731
2022-10-24,3023.615234375,3059.7923611546694,3018.1427658619655,3051.0750040003823,178709
2022-10-25,2988.01953125,3036.546250123657,2983.1765547745235,3035.5776548285617,1016316
2022-10-27,2947.87109375,3024.922891285404,2937.749320931358,3024.922891285404,2005709
2022-10-28,2957.509033203125,2975.1376582651296,2944.529949724652,2962.6426360022756,715736
2022-10-31,3014.447265625,3019.588276002014,2969.1971858968195,2989.518492334792,814364
2022-11-01,3064.595703125,3069.4456679883456,3017.1631414873555,3017.1631414873555,939335
2022-11-02,3037.921142578125,3065.1294950294728,3028.415400127348,3063.2380559424187,787012
2022-11-03,3047.039306640625,3054.2657077167414,3011.8285105074974,3011.8285105074974,563798
2022-11-04,3085.88720703125,3089.4275866197113,3032.1009077904687,3053.5378469949296,609757
2022-11-07,3010.422119140625,3102.037919654919,3004.5050665317176,3090.3980025079964,1669943
2022-11-09,2993.884033203125,3051.598629015724,2987.579077358051,3051.598629015724,1391333
2022-11-10,2953.7744140625,2993.398727196023,2942.4740890956373,2993.398727196023,1375007
2022-11-11,2963.716552734375,3005.0383497518724,2956.538699174857,2997.957353404688,810288
2022-11-14,2961.582763671875,2985.590091908843,2949.7974427177933,2964.29879160304,811702
2022-11-15,2986.899658203125,3002.1285017862388,2950.7188699301255,2976.423685858182,873840
2022-11-16,2990.537109375,3000.188492824734,2959.448784871731,2986.899635450625,770953
2022-11-17,2979.4306640625,3003.6319426225145,2968.178650270235,2999.218427005087,706271
2022-11-18,3002.61328125,3021.382740211764,2964.0560601452717,3002.128284758117,1258576
2022-11-21,3002.419677734375,3017.018121193688,2974.1927839118534,3011.828563403642,612194
2022-11-22,3010.713134765625,3025.8934318359334,2980.109805538785,3010.8585390026406,764079
2022-11-23,3007.75439453125,3021.334296769497,2997.278422584519,3017.6482759418896,488341
2022-11-24,3021.819580078125,3026.6209986051235,2999.2186932736295,3024.389967091296,571872
2022-11-25,3014.8837890625,3026.184350129217,2982.971112597598,3021.81938142531,898769
2022-11-28,3056.641845703125,3064.20783834593,3003.7772280425197,3014.883600353231,914689
2022-11-29,3040.9765625,3073.9077770591684,3033.3134758107517,3062.267861210412,877720
2022-11-30,3079.87353515625,3103.929411699258,3039.2794655037283,3045.681277954749,2547283
2022-12-01,3083.947509765625,3101.0677924362058,3066.390540769145,3095.2478341144615,761717
2022-12-02,3049.124267578125,3079.0486445785477,3039.9578816349194,3077.9330106059215,932259
2022-12-05,3062.171142578125,3073.617108595505,3019.1035433839347,3036.0784227443264,926122
2022-12-06,3066.826904296875,3073.9079007527457,3031.22820758988,3031.22820758988,958365
2022-12-07,3129.682373046875,3137.636268178585,3081.0856296646675,3084.5776991442935,1832282
2022-12-08,3124.7841796875,3143.6504978481967,3106.5482623068474,3133.077667936157,851312
2022-12-09,3130.119140625,3145.0571762340323,3109.7978328419554,3137.927632328049,847879
2022-12-12,3071.33740234375,3133.07736150638,3047.620884257681,3130.167382532845,1323816
2022-12-13,3083.122802734375,3089.4277573411937,3048.3484583693476,3089.4277573411937,886601
2022-12-14,3051.549560546875,3099.127766579845,3031.2282536970315,3083.607877920916,1103870
2022-12-15,3036.66064453125,3066.342292777823,3023.177597682206,3047.71847169502,799124
2022-12-16,2964.20166015625,3023.4683301049154,2958.7698411771935,3021.528344009243,1192821
2022-12-19,2988.500244140625,2995.338742973117,2949.749066509472,2970.118921950675,655594
2022-12-20,2989.663818359375,2995.9687728343533,2927.438862382199,2982.777010175524,739257
2022-12-21,2977.5390625,3019.0548122815458,2958.527340864418,2992.4285504998456,616324
2022-12-22,2995.872314453125,3000.673733060326,2946.8876616263765,2981.7588671173244,663202
2022-12-23,2966.141845703125,2994.2233357780187,2944.8990912529807,2986.5602480960024,1230858
2022-12-26,2964.34716796875,2979.7214149971255,2937.9148586032265,2966.1415129377738,536884
2022-12-27,3019.20068359375,3035.1084760545946,2964.590023510487,2968.1789506957684,729041
2022-12-28,3029.967529296875,3049.4644861704974,3011.8287049104415,3016.630123598801,972274
2022-12-29,3021.673828125,3031.228354624663,2999.7521267531833,3007.9485208611454,596265
2022-12-30,2995.24169921875,3036.805999673625,2979.139955307561,3036.805999673625,836220
2023-01-02,2955.811279296875,2995.2414014890064,2930.3489620988953,2995.2414014890064,1015990
2023-01-03,2937.381591796875,2968.130325564934,2934.2291142361255,2955.5689623396606,860367
2023-01-04,2926.32373046875,2958.478906480512,2911.4827889191993,2943.929010219132,836382
2023-01-05,2914.19873046875,2955.180937055911,2905.5171031718905,2948.342438652981,1113920
2023-01-06,2889.02734375,2932.774127125923,2863.4196207295267,2919.679220323806,1045526
2023-01-09,2894.604736328125,2927.0995042990075,2862.4495606589435,2903.480315041837,808263
2023-01-10,2871.519287109375,2895.429523287684,2863.6137009284776,2894.604934392681,864325
2023-01-11,2852.1669921875,2885.6317468122147,2846.9291253199344,2885.6317468122147,890426
2023-01-12,2828.451171875,2851.634147736622,2809.099857992448,2850.8095589225845,1558620
2023-01-13,2821.855224609375,2837.229709384403,2785.5775787776615,2837.229709384403,1507864
2023-01-16,2828.548095703125,2841.691548033403,2809.0996889604703,2837.229485569536,644073
2023-01-17,2852.652587890625,2856.4842500535897,2823.7952934202785,2837.2297924626137,716489
2023-01-18,2856.871826171875,2871.179222636024,2841.4490325058896,2859.490759856611,893808
2023-01-19,2780.1455078125,2884.371451322064,2758.2723538114697,2866.232391689925,2379947
2023-01-20,2704.14697265625,2762.5405133923978,2697.550971820315,2762.5405133923978,3171005
2023-01-23,2700.89697265625,2715.980411231565,2684.795230878482,2715.980411231565,1402260
2023-01-24,2726.262451171875,2742.2673358517864,2700.8969918479224,2711.130465475897,1061471
2023-01-25,2691.73046875,2726.6502153716215,2684.0676190783524,2726.553121349575,857953
2023-01-27,2640.951416015625,2689.645255344979,2605.2558621308267,2683.5827989359163,1801498
2023-01-30,2683.19482421875,2692.700803814179,2615.3438552896177,2642.2611633969104,1171912
2023-01-31,2644.055908203125,2696.5323952424906,2636.4899143115276,2677.181079368696,1961805
2023-02-01,2661.418701171875,2694.640966507688,2623.6375154011016,2667.2872070831913,1176872
2023-02-02,2624.46142578125,2658.750772535264,2613.1611022291136,2658.750772535264,1308570
2023-02-03,2677.56884765625,2680.963823492483,2618.981359379718,2624.4617256466054,1278409
2023-02-06,2671.554931640625,2682.030904416843,2636.4412290072255,2677.568841459375,1120284
2023-02-07,2675.28955078125,2691.2458901158743,2665.686476880504,2679.120976211946,732250
2023-02-08,2682.61279296875,2700.460569825046,2661.951894263398,2684.9406814927183,811956
2023-02-09,2730.142333984375,2735.7197936147795,2683.145984690344,2698.4719211246543,946372
2023-02-10,2720.442626953125,2746.001801959138,2709.190612747159,2745.0803559163837,700072
2023-02-13,2707.0078125,2744.1100426632624,2696.580388336469,2730.0451449543134,467228
2023-02-14,2693.6708984375,2720.588207559445,2682.030980979362,2720.588207559445,524746
2023-02-15,2702.545654296875,2714.331210254505,2671.3604769336325,2693.6703138869634,817717
2023-02-16,2721.751953125,2749.299897852454,2706.3777053609297,2713.0705626845715,788964
2023-02-17,2748.57275390625,2760.455170293517,2701.9159874883103,2718.8423210198775,840526
2023-02-20,2740.763916015625,2766.420184883457,2727.7175568264342,2759.630233518035,646218
2023-02-21,2732.5673828125,2753.519089583385,2720.8303727531757,2751.8701488416255,631934
2023-02-22,2712.052001953125,2729.5118767318904,2696.580660275994,2725.6319045588316,580270
2023-02-23,2624.752685546875,2721.364089497919,2619.0783682083215,2720.830545949496,1790570
2023-02-24,2656.32568359375,2679.1205178330974,2628.6808846226263,2630.717964535846,1429040
2023-02-27,2667.3837890625,2675.8712282359784,2643.2796038986467,2658.1688551027232,561317
2023-02-28,2743.916015625,2753.80989603224,2645.6071385944906,2667.4805262728637,1815923
2023-03-01,2755.6533203125,2767.68137691662,2731.5491337154585,2743.1405039700676,816598
2023-03-02,2748.86328125,2763.510271412294,2726.6505345524597,2746.0503960576357,604523
2023-03-03,2743.965087890625,2766.4203335298184,2726.3110239401644,2751.918983983131,679295
2023-03-06,2778.593994140625,2797.4603140133077,2745.3231809071303,2757.6905938765026,1050267
2023-03-08,2773.74365234375,2783.88003227603,2742.1703314440197,2783.88003227603,580250
2023-03-09,2767.923828125,2786.2566027921152,2751.7249908920103,2776.1202223689806,774224
2023-03-10,2745.2744140625,2758.6603661557356,2722.7706215890116,2758.6603661557356,489978
2023-03-13,2700.65478515625,2763.946835950689,2689.014867768767,2738.775561963202,813217
2023-03-14,2663.212890625,2703.3219593135805,2657.8293820815384,2699.441987291583,1060450
2023-03-15,2742.55810546875,2780.339522160226,2682.2245884077997,2689.01453938798,2170346
2023-03-16,2806.4326171875,2812.9800708005705,2743.819513421045,2764.480414407457,1755487
2023-03-17,2776.750732421875,2836.211358515772,2769.3789267398274,2836.211358515772,1848073
2023-03-20,2769.4755859375,2827.529765208051,2746.098895319118,2827.529765208051,1074367
2023-03-21,2753.9072265625,2800.3697966300324,2749.9301605286255,2772.3854037978917,691891
2023-03-22,2754.634765625,2767.5354833066995,2730.384940186164,2740.230274588451,731807
2023-03-23,2713.8466796875,2738.2904578784132,2684.6983403446607,2732.567593446849,1016581
2023-03-24,2714.525390625,2731.160675727322,2689.645165083045,2713.8464428929105,784111
2023-03-27,2719.6181640625,2735.3805519950956,2702.8857830263596,2714.525700268892,791560
2023-03-28,2700.89697265625,2726.262431799964,2682.0306560911704,2707.2504741954635,558581
2023-03-29,2687.36572265625,2709.9180608810316,2672.3308305063956,2700.8970782281776,1087648
2023-03-31,2678.781005859375,2691.7305068071887,2665.0556999829732,2673.349187285804,1967803
2023-04-03,2693.6708984375,2698.181271726638,2627.371773856297,2664.5225577731335,1035295
2023-04-05,2724.225341796875,2727.1838678112226,2669.6632355209003,2677.1806812744794,668643
2023-04-06,2725.534912109375,2740.2302112598104,2703.176526208546,2723.2067868322306,627554
2023-04-10,2693.040283203125,2725.680454417148,2672.427931012248,2725.680454417148,1215461
2023-04-11,2671.16650390625,2706.2801996353583,2667.5290305196436,2706.2801996353583,1246379
2023-04-12,2703.1279296875,2721.9942457344196,2668.4506807465013,2672.864196156476,2235399
2023-04-13,2725.43798828125,2728.881510991963,2698.5206809852966,2703.0796009841915,602597
2023-04-17,2757.787353515625,2760.2123361567474,2721.800516395488,2740.2303844680164,754555
2023-04-18,2768.942138671875,2772.6764696683185,2745.177309947473,2762.540090085544,717724
2023-04-19,2725.389404296875,2767.0991051266333,2716.6109198988333,2751.2398609697243,799624
2023-04-20,2758.5146484375,2765.450003562718,2728.7356743104115,2735.3802209915348,761101
2023-04-21,2795.6171875,2800.370058928858,2761.667429251815,2761.667429251815,894930
2023-04-24,2804.34716796875,2811.040025684968,2766.4203427375874,2795.6172300007843,782967
2023-04-25,2811.039794921875,2814.6772687765874,2778.205436200788,2804.2983907407483,636120
2023-04-26,2822.679931640625,2828.9363397962657,2801.388630378308,2810.021474274962,569221
2023-04-27,2812.930908203125,2832.3793135236456,2807.0140935068302,2828.014345403489,599461
2023-04-28,2815.259521484375,2832.331257670373,2761.182407062687,2832.331257670373,1080665
2023-05-02,2812.54345703125,2845.668625687673,2806.1899550517883,2823.601283317321,663800
2023-05-03,2841.78857421875,2873.5072994010247,2810.069849036475,2830.4397029645957,1237193
2023-05-04,2893.343994140625,2896.544781897917,2834.4652239038696,2859.539640100791,1008540
2023-05-05,2922.540283203125,2934.2287459009744,2862.4978128475896,2881.84912531299,1326561
2023-05-08,2928.845703125,2944.6080914557983,2903.189432251046,2924.529281068127,941879
2023-05-09,2943.73486328125,2982.5345840657274,2920.4064837966425,2925.547494163526,1025850
2023-05-10,2950.136474609375,2965.2684594127236,2928.31163315148,2951.640011050523,751851
2023-05-11,3045.53564453125,3061.4434356466963,2940.5338980480883,2960.467302364646,3229605
2023-05-12,3037.145263671875,3084.3353297422705,2993.398483397955,3044.808113864608,1998170
2023-05-15,3038.01806640625,3072.937814295977,3027.3966904527306,3040.152003636572,810281
2023-05-16,3043.935302734375,3070.7069689821324,3028.65791210752,3038.0182503688834,822404
2023-05-17,2999.655029296875,3053.4896448135755,2983.262241099658,3041.898274961661,835371
2023-05-18,3015.757080078125,3031.22842258405,3000.431141810596,3012.458961465521,498067
2023-05-19,2991.895263671875,3034.0899648438876,2975.9874710593526,3030.258539341789,633262
2023-05-22,2992.331298828125,3012.410343298381,2954.598666007162,2977.8784979126685,659425
2023-05-23,3026.96044921875,3034.089756147907,2992.4286014261643,2994.368587553507,581204
2023-05-24,3008.43359375,3039.1337805789035,3005.038617906658,3021.528500574319,439465
2023-05-25,3029.822021484375,3035.108436562871,2993.398732896459,3008.4336260785376,500313
2023-05-26,3034.5263671875,3042.8198556862844,3018.376076543598,3029.288499090755,568249
2023-05-29,3043.256103515625,3060.3280759393006,3022.546893965369,3052.7620827784735,535712
2023-05-30,3050.0458984375,3060.32791897674,3033.7016584550797,3052.470880940651,506026
2023-05-31,3097.139404296875,3122.7473640852704,3042.3347944474317,3057.369687414978,2349066
2023-06-01,3143.456298828125,3152.3801871534492,3110.7675817677496,3138.2669783156175,1104861
2023-06-02,3140.10986328125,3152.428727112587,3122.4074908957737,3142.1952535213304,781973
2023-06-05,3103.735107421875,3142.728778730194,3099.127640663455,3142.728778730194,492565
2023-06-06,3116.34521484375,3141.7104387290747,3099.1278379661603,3111.495249526119,577698
2023-06-07,3128.03369140625,3132.35011319364,3110.040272641359,3120.4676981168814,470038
2023-06-08,3115.8603515625,3149.567611961534,3097.1879842910926,3123.3777981263133,561161
2023-06-09,3105.65625,3162.632114072365,3093.9388192324095,3134.2174874960015,1239045
2023-06-12,3119.521728515625,3126.942863120058,3076.9483027376846,3110.1965591509734,1029156
2023-06-13,3186.018310546875,3194.952756057517,3129.6768074788038,3134.412697721464,1598821
2023-06-14,3193.195068359375,3212.431135837882,3176.400132245951,3188.1175627983494,741615
2023-06-15,3216.776611328125,3226.199283248471,3196.271107409173,3198.858611356535,806994
2023-06-16,3238.746826171875,3243.775461587959,3209.160265403185,3214.237771126479,984671
2023-06-19,3231.764892578125,3266.184844278896,3225.4668214346284,3240.6995762674064,516915
2023-06-20,3240.55322265625,3248.511454446905,3199.932937196432,3236.940395684816,866290
2023-06-21,3238.0146484375,3254.5166024602095,3222.293665802187,3240.553282230049,742456
2023-06-22,3171.566650390625,3248.5111565267307,3166.0984209303365,3246.704624010815,871640
2023-06-23,3220.047607421875,3226.3456788493872,3176.4490953248237,3188.117655912372,1260659
2023-06-26,3230.25146484375,3237.2821140410206,3194.3668329989523,3217.4112089416953,592801
2023-06-27,3247.68115234375,3265.7455243576883,3196.271021401316,3197.8820727377574,914141
2023-06-28,3269.406982421875,3276.242149711341,3245.239783791265,3252.563177315692,713110
2023-06-30,3282.882568359375,3368.371042648164,3265.0134377915783,3274.0456244979923,1436363
2023-07-03,3279.611328125,3300.3609460533116,3258.61759704459,3285.763027236214,474224
2023-07-04,3268.870361328125,3307.244996655893,3252.563650387003,3279.611340059514,473663
2023-07-05,3294.941650390625,3319.9389330076197,3262.084114836825,3272.434608043492,632406
2023-07-06,3319.352783203125,3329.703275839557,3288.497024913674,3329.703275839557,693995
2023-07-07,3264.964599609375,3333.6092669319305,3258.568787227332,3305.292140762913,620761
2023-07-10,3264.42724609375,3292.6468678144374,3216.385828328021,3266.233778667345,548838
2023-07-11,3312.664306640625,3319.8899605039287,3266.23393796077,3271.0673306390445,772158
2023-07-12,3326.52978515625,3333.999551942783,3283.0776458917157,3327.750350865928,1025127
2023-07-13,3318.52294921875,3344.3500721707424,3304.6573703205077,3344.3500721707424,750126
2023-07-14,3348.988037109375,3358.0202229372812,3307.2446917966186,3318.522766103323,832843
2023-07-17,3378.916259765625,3391.2196570742717,3344.3499353525426,3348.9880848979224,817694
2023-07-18,3430.71728515625,3440.0424550160933,3374.2296461808846,3378.5259421957658,962485
2023-07-19,3431.888916015625,3446.8775582616454,3400.496061372856,3437.1130326008474,620289
2023-07-20,3442.9716796875,3451.7597526078594,3412.652780433913,3427.397309245877,589848
2023-07-21,3434.867431640625,3454.6405977594554,3422.466530691365,3452.6876924637686,857975
2023-07-24,3460.254638671875,3483.9824818403313,3416.119033833632,3423.44242750342,680246
2023-07-25,3320.329345703125,3464.3561050715302,3271.1162297230953,3464.3561050715302,2555630
2023-07-26,3293.57470703125,3332.632812065715,3285.763086024357,3319.7925553923365,959076
2023-07-27,3290.058837890625,3333.608713155553,3272.0922079040006,3310.173854012104,874078
2023-07-28,3310.857421875,3318.96202524901,3285.2744142248584,3295.5271654061216,553750
2023-07-31,3297.822509765625,3308.2216353109443,3244.898584508573,3244.947454820269,933890
2023-08-01,3264.23193359375,3305.291810109647,3259.398541254358,3292.59792723478,698667
2023-08-02,3283.71240234375,3292.549346184397,3252.2218055223043,3262.523428284879,857218
2023-08-03,3257.787353515625,3300.360538955042,3239.820484702385,3290.644884378323,711067
2023-08-04,3261.009521484375,3293.867291398485,3244.7516825903494,3259.5448427230494,519248
2023-08-07,3264.28076171875,3271.1159293322803,3237.916543780848,3237.9654140850043,360358
2023-08-08,3269.212158203125,3280.83184872634,3254.1746452058355,3264.2810249202744,500258
2023-08-09,3252.5634765625,3277.9023728099396,3225.222804889204,3254.0770257084764,643222
2023-08-10,3161.65576171875,3241.8226151179742,3153.94188157562,3232.0580891688237,1253219
2023-08-11,3110.34326171875,3172.445501586881,3105.1191451587215,3161.655653105388,919023
2023-08-14,3127.186767578125,3134.31467987706,3078.0222904858647,3110.342962514795,815534
2023-08-16,3118.83837890625,3133.289924620688,3102.0920742956014,3119.6682205557104,597686
2023-08-17,3108.292724609375,3148.083167875795,3087.543106955107,3147.9854272595467,873392
2023-08-18,3089.056396484375,3110.4894814754334,3080.707679816353,3100.1389894765703,592652
2023-08-21,3107.364990234375,3112.442495804085,3077.924802886081,3085.4923101307813,353330
2023-08-22,3104.825927734375,3123.28102278856,3096.330838768982,3123.28102278856,377068
2023-08-23,3094.182861328125,3120.7423227798195,3090.7164071272914,3110.977797364363,370811
2023-08-24,3149.6455078125,3156.773420866136,3096.2333614749346,3110.001438080275,1167742
2023-08-25,3182.5517578125,3188.1174895186123,3140.466558689115,3148.961647965995,1363431
2023-08-28,3182.942138671875,3194.9525519949434,3154.966870148779,3188.06851425194,707315
2023-08-29,3208.330322265625,3211.55266358637,3178.402144852815,3184.2119902569634,533163
2023-08-30,3217.1181640625,3225.076395368306,3199.2490347455036,3223.5628462396903,599080
2023-08-31,3179.42724609375,3224.2463228198635,3144.17721365232,3222.3422880241046,1601967
2023-09-01,3182.7958984375,3187.3363073547193,3141.345536131423,3164.7803969000015,650131
2023-09-04,3159.361328125,3189.3383759357353,3140.369372309451,3182.796191048064,696213
2023-09-05,3147.399658203125,3172.34806937507,3144.1773170011415,3168.588631574132,597022
2023-09-06,3149.352783203125,3153.9420629848437,3119.7662201970825,3133.436557312187,754106
2023-09-07,3169.906982421875,3177.1326362802274,3125.8688749572275,3149.3526075844943,923108
2023-09-08,3161.80224609375,3186.213559989578,3155.8946604526122,3174.0079030416637,395918
2023-09-11,3182.649169921875,3188.117399255848,3165.6589918491454,3165.6589918491454,359345
2023-09-12,3180.159912109375,3202.5694527738924,3166.635947534861,3183.235642603653,554905
2023-09-13,3200.567138671875,3207.30456547424,3149.352253416548,3168.588319728544,880907
2023-09-14,3163.950439453125,3216.6300079181287,3147.3507457656924,3204.7173342443193,1102554
2023-09-15,3121.376953125,3163.7062665855474,3110.0013762577064,3158.824003828471,1568607
2023-09-18,3130.7998046875,3153.843941434582,3114.8835807189594,3124.648106050367,673602
2023-09-20,3138.660400390625,3151.988882557756,3119.765947884768,3130.7999095571995,901084
2023-09-21,3167.807373046875,3184.407066700882,3105.656262457834,3134.412742903633,845739
2023-09-22,3197.735595703125,3206.279555160209,3145.2999052359833,3158.7749975437864,896521
2023-09-25,3244.99609375,3256.274168926375,3194.1228180775333,3195.245881599398,1422084
2023-09-26,3215.262939453125,3246.6069226407453,3183.5771025232075,3244.751758189866,834560
2023-09-27,3224.051025390625,3231.0814359591527,3194.659708751862,3210.575932739104,516326
2023-09-28,3095.696533203125,3211.5525364949926,3080.707890739344,3204.522125595426,2104381
2023-09-29,3086.615478515625,3119.765995958652,3060.202388524074,3119.765995958652,1550585
2023-10-03,3092.279052734375,3151.793791816424,3087.54316220478,3091.546713274649,1219145
2023-10-04,3095.2568359375,3113.9071749573122,3077.1438318890637,3090.4234435042013,892584
2023-10-05,3130.751220703125,3155.9926163499395,3099.553607094469,3134.4129180372806,1002610
2023-10-06,3120.498046875,3141.2476623005164,3114.883445053978,3139.050644196638,814257
2023-10-09,3078.5595703125,3088.519338395023,3058.932779191742,3066.1098006114134,700012
2023-10-10,3077.290283203125,3090.3746523220498,3066.1099489228263,3075.8256043439133,847367
2023-10-11,3089.398193359375,3110.0014379596973,3077.8273734305817,3094.37819682709,1025317
2023-10-12,3084.711181640625,3113.41878972376,3075.874238855804,3110.977658478877,992531
2023-10-13,3074.65380859375,3097.307459865237,3054.587661199063,3075.8255039645323,854688
2023-10-16,3038.769287109375,3054.343658019714,3023.194916199036,3050.437847715341,853011
2023-10-17,3040.23388671875,3063.131651352875,3018.9960437423633,3063.131651352875,792640
2023-10-18,3023.536376953125,3041.8448618186453,3017.2383058377322,3036.7673563609537,481985
2023-10-19,3028.760498046875,3037.646073013756,3003.665715763756,3014.992422049846,568124
2023-10-20,3032.71533203125,3041.747518369689,2992.3877929174946,3019.6795947698874,711434
2023-10-23,2999.662353515625,3035.6933586943196,2991.8507328033447,3023.1460859602666,374476
2023-10-25,2988.72607421875,3034.8145878487876,2980.1332439235844,3020.558284968735,669290
2023-10-26,2890.592529296875,2983.0625380348624,2870.770494868247,2979.254468449384,1834111
2023-10-27,2885.5634765625,2904.6043000917366,2861.982244317595,2863.739906475561,1708185
2023-10-30,2897.232177734375,2921.4968782324554,2869.8915089646753,2903.9696043245085,878885
2023-10-31,2925.158935546875,2941.8074996534338,2896.1583417051147,2899.087699434419,1152306
2023-11-01,2865.448974609375,2938.0480811074162,2861.0060676791695,2927.355973003824,1029990
2023-11-02,2885.807861328125,2892.2525437167365,2864.91187146013,2891.3249614435217,900125
2023-11-03,2912.80517578125,2917.744678022149,2877.7381487043745,2892.410505003003,715997
2023-11-06,2963.13134765625,2967.777593876334,2918.6741552698677,2932.5149826970683,620959
2023-11-07,2967.093017578125,2972.5705542061946,2936.6232797784105,2963.1314334510357,757998
2023-11-08,3027.640625,3031.2597583425363,2979.6619736825733,2991.2042746950974,783400
2023-11-09,3012.919677734375,3043.438133782766,3006.904106641148,3032.287237529207,849702
2023-11-10,3009.25146484375,3017.6147560946674,2973.695596334632,3002.942399095828,364232
2023-11-13,3018.20166015625,3030.3307127409025,2998.0515282604474,3030.3307127409025,405941
2023-11-15,3048.13330078125,3050.725560545561,3011.452407202418,3018.2995073371335,700017
2023-11-16,3061.92529296875,3072.2936151982453,3029.939602776051,3050.872069706152,675454
2023-11-17,3099.681884765625,3157.735603164267,3076.9397325860946,3081.194811420256,1430175
2023-11-20,3071.755615234375,3102.616279394306,3063.5879082699557,3099.681808217802,406431
2023-11-21,3064.810546875,3087.9438653576262,3058.697065372417,3087.9438653576262,409069
2023-11-22,3064.56640625,3088.04217827362,3053.02410391014,3071.4135064235556,489889
2023-11-23,3054.73583984375,3102.127506248096,3047.106166272176,3079.2387243412727,792460
2023-11-24,3067.6474609375,3071.2178778319458,3043.046904054051,3049.894004127461,756329
2023-11-28,3079.5810546875,3090.9764895768662,3067.647346814341,3072.538132399114,647883
2023-11-29,3079.5810546875,3100.7580607464133,3073.3696614716814,3079.5810546875,620725
2023-11-30,3051.75244140625,3085.058740612571,3040.4549172047955,3079.581203777178,1793116
2023-12-01,3104.083740234375,3120.9082339135216,3071.6579269041376,3078.211531912325,960196
2023-12-04,3124.771728515625,3134.455388025096,3097.3343748282846,3120.321066067339,1018189
2023-12-05,3155.779296875,3176.711762980092,3110.53953167377,3127.168202126114,1005550
2023-12-06,3181.5048828125,3217.1586608914504,3162.332908373727,3193.682890790692,1229158
2023-12-07,3180.771484375,3227.8696558648594,3175.9296542193533,3212.2680970042657,1071725
2023-12-08,3161.404052734375,3198.378442449348,3157.2958402789136,3183.901668208661,895852
2023-12-11,3162.3818359375,3174.1197208837575,3115.919374691898,3159.447364700936,910426
2023-12-12,3154.312255859375,3185.9067794297016,3139.8844379590955,3157.4912665831653,1019030
2023-12-13,3172.79931640625,3183.852539866441,3120.614776193559,3169.2291383630422,1052079
2023-12-14,3170.54931640625,3187.4225248102275,3147.7092547246766,3183.9010640549477,923107
2023-12-15,3241.514892578125,3253.69314017469,3171.185488827172,3179.0107460482136,1631687
2023-12-18,3259.2685546875,3262.936643972166,3224.005941935996,3240.6346133598163,911936
2023-12-19,3263.180908203125,3280.6408684416924,3228.064926459788,3263.0829969739616,780448
2023-12-20,3225.130615234375,3286.558929418643,3210.9473371590725,3263.1810700452647,979762
2023-12-21,3230.803955078125,3247.481581443198,3200.3834124643977,3208.3552973294245,1585879
2023-12-22,3268.31640625,3277.608898814463,3215.202427304176,3237.6021296469366,930563
2023-12-26,3309.44775390625,3317.8108056457036,3272.1309191272035,3276.777165119288,600190
2023-12-27,3330.0869140625,3335.46677814922,3280.738935792259,3307.19813328943,837182
2023-12-28,3323.044189453125,3345.248307737787,3299.3728355266408,3330.624906935872,779250
2023-12-29,3328.081787109375,3348.1829642761095,3309.9858798589926,3335.515876962421,615676
2024-01-01,3321.919677734375,3337.2766976211897,3315.121294321405,3328.668866719107,283951
2024-01-02,3317.273193359375,3324.6580884553578,3271.9355160222794,3321.8215283741883,552394
2024-01-03,3299.910888671875,3324.7559834931535,3291.49864208722,3317.2731771999725,379131
2024-01-04,3306.122314453125,3326.9571101592537,3290.3251715112897,3298.346012629769,777127
2024-01-05,3282.255126953125,3306.5621877684384,3274.869993036403,3306.1220648320273,416956
2024-01-08,3226.35302734375,3302.7471863206633,3222.880760960327,3281.716810337872,545884
2024-01-09,3196.12841796875,3242.5908815811495,3190.9930930431688,3237.7000959377388,670704
2024-01-10,3215.055908203125,3221.0714791229075,3187.031562708587,3220.093321977714,691087
2024-01-11,3216.3759765625,3236.917274692421,3199.2582281208993,3215.055607824587,537469
2024-01-12,3206.20361328125,3222.978913190593,3173.1418532386992,3222.978913190593,673004
2024-01-15,3202.388671875,3215.398210032254,3187.4230581804354,3210.507424169219,728116
2024-01-16,3224.885986328125,3247.481510432904,3202.3883734546444,3203.415486151749,748215
2024-01-17,3171.478759765625,3232.1734545616678,3123.304523400637,3222.147344455249,2239241
2024-01-18,3094.742431640625,3186.786871325584,2982.009826037471,3186.786871325584,1979174
2024-01-19,3096.698974609375,3131.6191378443286,3079.8257634135707,3108.387905038511,936201
2024-01-23,2987.976318359375,3041.0902943889855,2955.550507398448,3020.108873249099,2365225
2024-01-24,2933.93310546875,2988.2697771653607,2911.093281716874,2988.2697771653607,2665932
2024-01-25,2884.781005859375,2950.1219509428993,2878.0318170783207,2944.301963688527,2001961
2024-01-29,2911.04443359375,2923.173485895506,2875.8307786182095,2875.8307786182095,1862723
2024-01-30,2889.573974609375,2939.3620753035084,2886.5905477031474,2924.6897188544062,1273188
2024-01-31,2893.241943359375,2906.9848589486714,2883.6559564498393,2901.213827841927,1771244
2024-02-01,2865.364501953125,2907.914334400495,2856.1696822314952,2896.3230776244395,3006472
2024-02-02,2872.162841796875,2897.643882912205,2860.1804168992376,2885.56354677796,1881911
2024-02-05,2853.626708984375,2900.235799239899,2848.3934729802986,2885.563442751333,923435
2024-02-06,2866.92919921875,2882.6286667636805,2839.247308474683,2866.9781548301144,1471312
2024-02-07,2916.032958984375,2937.3568316418027,2871.918216819435,2892.410560414191,1134012
2024-02-08,2865.609375,2934.227005772339,2856.023386857864,2934.227005772339,1633654
2024-02-09,2887.17724609375,2894.3667961460246,2846.9751334401203,2866.0002408610517,1144765
2024-02-12,2889.280517578125,2900.186873825047,2856.267715135066,2887.1773365081303,614469
2024-02-13,2906.691650390625,2916.1307706113394,2881.357238943606,2900.186762577742,717118
2024-02-14,2911.386962890625,2915.6909978085578,2871.9184635846573,2905.028941159779,750339
2024-02-15,2950.659912109375,2958.43621346237,2902.632301928919,2914.908221563188,1068730
2024-02-16,2942.19873046875,2968.70688416684,2934.471384678919,2968.70688416684,1179473
2024-02-19,2932.613037109375,2952.762931047103,2922.2444758309666,2942.1987861009297,560700
2024-02-20,2945.86669921875,2951.1978463958626,2907.180777425901,2932.612861719657,729371
2024-02-21,2936.23193359375,2960.6369046713753,2918.3316114932018,2946.2580435377104,927130
2024-02-22,2951.4912109375,2961.077198515912,2868.054599292392,2917.8427013893215,2615821
2024-02-23,2920.72802734375,2939.3619671097986,2901.4094253968556,2933.493024746185,1650523
2024-02-26,2805.794677734375,2866.0002948293118,2785.595829200114,2856.2187238571983,3524491
2024-02-27,2797.08935546875,2807.3110500322,2787.84581806559,2792.6386926278506,1296180
2024-02-28,2733.313232421875,2796.9421571109942,2724.6564470561675,2787.8942044506925,2472196
2024-02-29,2760.26171875,2776.0101452593076,2716.0980165076753,2724.167813441569,2284424
2024-03-01,2769.896240234375,2783.7860226524867,2753.5610651789943,2771.0210253243686,978174
2024-03-04,2769.896240234375,2798.4583784760994,2766.2281512784716,2797.5291770355125,971299
2024-03-05,2758.794189453125,2772.928750595132,2743.730665635535,2772.0972215369366,736381
2024-03-06,2765.543701171875,2776.988091830309,2717.07596762298,2766.179407783163,1723066
2024-03-07,2807.848876953125,2830.786612907053,2763.2937738294486,2763.2937738294486,1564364
2024-03-11,2814.01123046875,2833.2808767678416,2790.7800003194693,2832.3027197089245,866546
2024-03-12,2813.326416015625,2836.5576468794693,2802.860182924859,2817.0924163314435,663186
2024-03-13,2797.67578125,2824.183932735442,2773.075227051685,2815.722969805682,955841
2024-03-14,2829.074951171875,2834.748310271269,2778.9443984023846,2797.5293838193666,1381741
2024-03-15,2804.91455078125,2833.6722751352618,2787.74784523585,2831.764916476416,1356226
2024-03-18,2784.32421875,2803.3982824301775,2755.713123229734,2803.3982824301775,940424
2024-03-19,2753.60986328125,2777.9658770320843,2739.8177540728407,2777.9658770320843,1199135
2024-03-20,2763.19580078125,2775.080552420289,2736.443348305445,2753.6100525788056,818910
2024-03-21,2759.528076171875,2783.2483881593994,2744.7090901853066,2782.8572208044184,1167680
2024-03-22,2779.433349609375,2792.7850982608375,2746.6650873493313,2759.527757459599,1652689
2024-03-26,2753.169677734375,2782.0253110497415,2748.6213429213744,2758.4029135367527,1372390
2024-03-27,2768.673583984375,2780.7539193104612,2756.153125738786,2756.3976650060517,1156231
2024-03-28,2784.56884765625,2805.3546869511288,2757.424986929997,2773.124456841355,1864623
2024-04-01,2808.2890625,2823.401542086254,2790.0465279236687,2798.4585357840074,558086
2024-04-02,2811.4189453125,2829.2213558606977,2793.6165347643023,2811.272317278151,562473
2024-04-03,2806.675048828125,2821.542988342496,2782.8568289517325,2782.8568289517325,816676
2024-04-04,2854.5556640625,2878.9606338202734,2788.9701884583556,2807.31063248592,1831347
2024-04-05,2820.467041015625,2863.7994482884924,2817.092446783659,2860.131359165076,1155672
2024-04-08,2828.830322265625,2845.4100372849616,2811.027910876014,2844.4808358051305,570695
2024-04-09,2794.74169921875,2852.7464679183972,2782.8571849712966,2829.808729744099,1017670
2024-04-10,2833.4765625,2835.775327194423,2795.572975101407,2820.320397345162,740495
2024-04-12,2792.1494140625,2829.808462036368,2782.856921705312,2826.873990765677,1766311
2024-04-15,2782.269775390625,2791.171099934064,2750.9200334588636,2768.379993252405,884519
2024-04-16,2768.1845703125,2779.384421254131,2758.402999392668,2765.885805623186,911249
2024-04-18,2746.37158203125,2796.7466715829582,2738.9377315180564,2792.638459614104,1732434
2024-04-19,2747.203125,2760.457201244808,2705.729121369217,2729.058263337025,1337807
2024-04-22,2779.77587890625,2784.422125179301,2752.5830634834483,2784.422125179301,676040
2024-04-23,2812.103759765625,2815.087186691219,2781.878800807433,2789.7040576310824,929062
2024-04-24,2805.10986328125,2820.1246694316737,2797.5291461893034,2819.977802590332,718441
2024-04-25,2798.947509765625,2807.2128892738265,2767.255316112352,2802.420015137581,1594152
2024-04-26,2782.025390625,2815.3316872846112,2775.0806185741635,2807.310846912153,625507
2024-04-29,2805.550048828125,2811.1744519574013,2776.9879102636355,2782.0253236301846,566219
2024-04-30,2813.081787109375,2848.3933524204294,2792.6384001237384,2792.6384001237384,1290649
2024-05-02,2910.40869140625,2922.7335670313487,2812.299720212527,2812.299720212527,2493406
2024-05-03,2865.755859375,2931.536926545567,2845.7036381557195,2917.8916823067084,1594445
2024-05-06,2868.103271484375,2894.366885382836,2847.610927813452,2885.5634714022863,768806
2024-05-07,2849.37158203125,2903.1212659664184,2840.56816828656,2882.628922844522,629534
2024-05-08,2781.19384765625,2841.5460868336227,2759.3808987806024,2836.6553018304667,1652877
2024-05-09,2650.903564453125,2791.611315344103,2644.741127165606,2766.2281872011977,3547959
2024-05-10,2710.7177734375,2731.6015223527634,2611.7772815783496,2640.0459253072845,2478584
2024-05-13,2816.358642578125,2831.764615876937,2693.9423851903925,2710.7176828148404,2748823
2024-05-14,2803.544921875,2824.9177503779893,2779.922523052024,2816.114336335953,999330
2024-05-15,2752.240478515625,2811.4679364012663,2744.85534493346,2803.5447686732446,1230520
2024-05-16,2752.5830078125,2775.6186550514135,2725.683687828349,2759.4301074448294,1534319
2024-05-17,2748.5234375,2776.2053301615915,2725.243490432507,2753.120966745244,1325150
2024-05-21,2789.508544921875,2804.3275298854205,2739.818115066271,2753.512314855963,921822
2024-05-22,2822.716796875,2831.7647498754654,2774.640471860543,2789.5084117321644,933846
2024-05-23,2840.32373046875,2857.441480028183,2814.4515224676425,2821.9832845122146,1181894
2024-05-24,2811.95703125,2846.6326515492337,2804.376313972954,2846.6326515492337,755822
2024-05-27,2809.560791015625,2834.9928765653954,2793.1766589787535,2824.8198990607502,817091
2024-05-28,2847.61083984375,2857.1968269769022,2801.441873489164,2813.0331303952935,1084544
2024-05-29,2836.80224609375,2857.8815795687715,2818.168544200798,2832.7429896117637,1758297
2024-05-30,2820.711669921875,2847.2687793040227,2812.201750646714,2812.446289929379,1344426
2024-05-31,2818.26611328125,2842.5244564731543,2793.2254354766064,2820.711505965759,2520363
2024-06-03,2803.83837890625,2885.563452587727,2797.578268972943,2885.563452587727,952701
2024-06-04,2795.23046875,2833.7210451592464,2715.119499862195,2817.092374890794,2683847
2024-06-05,2897.056640625,2961.1748829651074,2801.930867585148,2801.930867585148,2410576
2024-06-06,2841.350830078125,2897.056829911193,2819.2933394147162,2895.3450549631575,1689408
2024-06-07,2863.75048828125,2878.8142508763817,2825.7492283056527,2841.350786258419,1600180
2024-06-10,2873.385498046875,2887.4219094460077,2851.3280072106486,2864.0440497813993,876867
2024-06-11,2866.521484375,2884.200050873693,2859.1637536816243,2878.9161803046404,855430
2024-06-12,2869.830078125,2881.8790099979356,2830.1769374801534,2872.9904181233705,1701770
2024-06-13,2873.97802734375,2892.7428323332797,2869.0399207675578,2892.7428323332797,726380
2024-06-14,2885.434326171875,2895.0636333117345,2869.138575627497,2873.9778232811677,982815
2024-06-18,2882.372802734375,2891.7552052102965,2869.039915005434,2885.434525252859,741098
2024-06-19,2855.904541015625,2883.8542727733934,2846.9665197889826,2881.879030120809,1018294
2024-06-20,2879.409912109375,2888.298503846293,2836.843337455186,2849.287462334264,1129752
2024-06-21,2855.065185546875,2891.7552210883578,2844.4482563710894,2888.792357132325,1722379
2024-06-24,2860.20068359375,2864.052310175292,2835.855674137223,2847.3121775424684,892125
2024-06-25,2823.06591796875,2859.114093646486,2820.646294126404,2840.3987191553006,1217792
2024-06-26,2827.90576171875,2838.2757861605223,2808.8446209496965,2824.7946097151184,960622
2024-06-27,2845.188720703125,2867.064434529535,2809.782403112824,2825.337437506155,1628022
2024-06-28,2880.94091796875,2895.7058089825305,2826.7697902721397,2829.5351782861358,1206712
2024-07-01,2891.5576171875,2902.618927243877,2852.2502422185494,2853.5341980997528,1104110
2024-07-02,2889.38525390625,2899.656419981945,2875.953506467106,2891.5579727547424,1064295
2024-07-03,2889.335693359375,2912.445936539116,2879.903861228019,2893.434225521064,925189
2024-07-04,2898.569580078125,2931.7043220383803,2886.8169833670927,2903.6065450219817,968666
2024-07-05,2899.55712890625,2910.420962646803,2877.039557320606,2900.7916554676763,817429
2024-07-08,2862.274658203125,2899.5573633729946,2854.916927525749,2899.5573633729946,828260
2024-07-09,2869.0400390625,2877.138485957669,2854.2257187231066,2872.941095194841,685431
2024-07-10,2959.35791015625,2977.18452353163,2858.5219162131198,2864.151309616269,2299950
2024-07-11,2984.64111328125,2992.492654696111,2936.1982384196494,2961.876393212421,1968980
2024-07-12,2962.0244140625,3014.220297776437,2934.1241115028065,2987.554521878677,1879930
2024-07-15,2919.90234375,2961.876248573059,2896.248862079289,2961.876248573059,2425341
2024-07-16,2937.630126953125,2978.6164108946396,2905.0880533485583,2922.3714260949805,2085611
2024-07-18,2895.26123046875,2921.2849066951944,2806.8196960449063,2839.4111984972224,5384611
2024-07-19,2909.581787109375,2943.111482113108,2881.13824536727,2888.7923104633696,2164746
2024-07-22,2897.977294921875,2936.5439557903474,2881.039444569403,2900.643824269007,1616347
2024-07-23,2861.237548828125,2910.8160861242673,2850.2748567777485,2897.9770101928357,1906312
2024-07-24,2876.7431640625,2890.7673372906443,2850.4723429236446,2865.0891853365765,1476148
2024-07-25,2865.484375,2872.6940587932722,2849.5343872763465,2856.2502604141687,1239922
2024-07-26,2913.630859375,2927.753892080251,2864.7930346887024,2866.274466627327,1359780
2024-07-29,2918.12451171875,2928.395917574862,2899.6560422347507,2916.495033074284,854408
2024-07-30,2967.8515625,2995.25805474511,2933.2353862333794,2936.692060930961,2144591
2024-07-31,3046.2685546875,3059.6508718957643,2967.8515177493164,2967.8515177493164,3549501
2024-08-01,3060.984375,3090.217822741877,3024.886765874467,3049.7747760564093,1675122
2024-08-02,3068.242919921875,3090.316351528131,3022.121055308025,3031.997267907071,1348780
2024-08-05,3055.107421875,3106.0687738811353,3017.4791976160723,3031.9477522139514,2019141
2024-08-06,3063.354248046875,3096.192654993779,3047.8486424640614,3063.3048187601025,885743
2024-08-07,3063.057861328125,3079.8968517749267,3022.1704382425696,3063.3541959252457,1907105
2024-08-08,2968.197021484375,3051.4535470627166,2953.3827016703813,3041.873668473365,1280109
2024-08-09,3002.96142578125,3014.9609281470543,2929.28478024213,3001.381135251461,1665414
2024-08-12,3015.4052734375,3045.8240573834432,2966.5180195981743,2982.6162948437086,1736881
2024-08-13,2986.122314453125,3021.9235851947424,2975.702861917043,3017.0840963406545,502260
2024-08-14,2988.39404296875,2997.233205486288,2956.987637027592,2997.233205486288,454671
2024-08-16,3010.417724609375,3016.1954055762885,2965.826720021478,3016.1954055762885,514229
2024-08-19,3038.219482421875,3049.626556769483,3000.7393019527194,3016.1460497087305,542858
2024-08-20,3064.7861328125,3067.897284337878,3039.898126201792,3057.675308226364,668282
2024-08-21,3112.537841796875,3131.352075093809,3045.8734064979935,3062.613538693796,1186536
2024-08-22,3147.154296875,3159.054941272351,3116.9824163463168,3127.7968219275144,1540888
2024-08-23,3115.599365234375,3159.005513256004,3109.772496147103,3150.5118738258857,779284
2024-08-26,3132.093017578125,3138.117363051259,3102.6124242774163,3115.945312301528,472874
2024-08-27,3127.006591796875,3163.992962203956,3111.0071745514506,3114.9576598524686,1003501
2024-08-28,3086.81005859375,3126.314906568074,3080.193044781742,3113.9202122924385,538366
2024-08-29,3077.27978515625,3105.031797762546,3054.416208422132,3086.810233823691,849866
2024-08-30,3088.09423828125,3127.5496598326604,3072.1934393713022,3091.3040074118903,1567031
2024-09-02,3111.9453125,3144.586244956045,3100.7359553242773,3109.0318778648334,702358
2024-09-03,3115.796875,3135.252964639435,3108.5377626493682,3125.7717045633194,577471
2024-09-04,3191.646240234375,3211.744429900857,3116.4389755695433,3116.4389755695433,2379110
2024-09-05,3198.164794921875,3216.6826949928345,3177.1778415081208,3199.8931322618314,1482119
2024-09-06,3233.17578125,3245.2247128105173,3185.4244363664393,3197.917749285465,2131256
2024-09-09,3240.138427734375,3272.976834416435,3217.670044215071,3233.175649672831,1272289
2024-09-10,3254.26171875,3269.02660944206,3230.4105189072975,3249.2741827989057,928920
2024-09-11,3325.765380859375,3341.0735113886444,3273.9646906146745,3273.9646906146745,2561892
2024-09-12,3341.36962890625,3350.9989361941643,3298.9513440001065,3328.2836472072895,1643536
2024-09-13,3316.481689453125,3327.987380924414,3279.791414208738,3314.0126362516917,1029400
2024-09-16,3294.50732421875,3352.8756009192325,3289.371741458824,3318.4077124957653,1019280
2024-09-17,3271.7919921875,3308.4325988811306,3260.928157551059,3294.5072827909676,586834
2024-09-18,3234.114013671875,3283.6927961343977,3211.300106171357,3271.791911171832,410510
2024-09-19,3253.07666015625,3278.9028618526627,3234.4599013757443,3253.224706910443,963456
2024-09-20,3266.01416015625,3283.643296540617,3225.6205460477695,3263.100725589241,1504277
2024-09-23,3236.87939453125,3283.7419771817767,3232.682003989302,3275.8904360387696,522775
2024-09-24,3208.18896484375,3256.9281729075446,3200.979522180285,3236.8794121040514,1057933
2024-09-25,3204.584228515625,3211.744482974902,3167.0546189359675,3211.744482974902,740636
2024-09-26,3236.484619140625,3245.175735313873,3187.1529805370556,3209.7694131856424,951080
2024-09-27,3269.767333984375,3296.6305860655552,3236.484543227397,3250.2123833328615,1315996
2024-09-30,3287.89013671875,3316.432295584759,3264.2364139016154,3269.7671895792855,1088162
2024-10-01,3236.78076171875,3287.7418760917067,3203.892924228257,3275.9398497887296,968660
2024-10-03,3110.315673828125,3185.9673174659683,3087.7978609380666,3152.7833878918823,1741363
2024-10-04,3034.46630859375,3117.673399398965,3016.738555274968,3096.1926370842657,1551818
2024-10-07,3024.343505859375,3060.1942094060214,3000.393687909472,3036.9356781835504,909812
2024-10-08,3049.823974609375,3060.638379517566,3007.9486872175567,3020.145906603652,817718
2024-10-09,3040.73779296875,3107.7477503516734,3033.7255856210904,3057.2310196794983,1225598
2024-10-10,3021.232421875,3056.687930175033,3005.331622462884,3051.799252953054,1161933
2024-10-11,2999.603515625,3026.0718160254223,2988.542204730068,3021.3311853223104,976017
2024-10-14,3001.529296875,3017.183191550243,2979.851056701144,2999.4060074429094,716011
2024-10-15,3029.13330078125,3058.46560434547,3009.9238741398385,3036.935412385191,1242322
2024-10-16,3043.94775390625,3065.1321829066833,3028.1458128532854,3049.7746232221366,764001
2024-10-17,3018.0224609375,3046.8115236192875,2999.405704126994,3044.737422569113,674481
2024-10-18,2955.11083984375,3031.00962969019,2943.704007250445,3019.1581746376382,899318
2024-10-21,3011.45458984375,3019.158083619366,2963.406913714072,2969.8264516740082,806970
2024-10-22,2969.629150390625,3020.096453266473,2958.1726470636954,3016.195397423429,541838
2024-10-23,2952.691162109375,2989.035671830963,2935.2597437350805,2962.8142797820224,624689
2024-10-24,2935.21044921875,2965.13542227802,2914.470402303005,2952.6912976811823,571259
2024-10-25,2921.3837890625,2978.2214427833383,2915.458061295639,2938.6671617158445,1047769
2024-10-28,2964.691162109375,2984.295300681413,2926.3714065892823,2950.9136517716806,504961
2024-10-29,2955.802734375,2990.5175293264856,2904.6933281191723,2982.616558311092,613459
2024-10-30,2959.55517578125,2968.7895310828058,2926.8650564873174,2968.7895310828058,812725
2024-10-31,2899.310302734375,2959.407153832425,2882.866504934707,2957.135576673701,1031171
2024-11-01,2903.458740234375,2929.0380369104637,2893.730573429203,2921.38397140054,112249
2024-11-04,2879.21240234375,2925.482315227811,2849.781239602585,2925.482315227811,1146008
2024-11-05,2851.55908203125,2882.6691535738464,2837.139714329192,2859.16371796241,935417
2024-11-06,2861.43505859375,2871.854510869286,2824.596738224679,2854.7191859574946,1817087
2024-11-07,2807.6591796875,2868.990314918351,2790.0300438480103,2864.1016379324706,1112489
2024-11-08,2735.167724609375,2811.7578036273458,2728.2049463134726,2807.65927173436,2060410
2024-11-11,2511.61962890625,2566.5806535242323,2474.9787850819534,2533.297866529544,8854840
2024-11-12,2444.214599609375,2503.6199226278895,2439.424539996405,2503.6199226278895,3445898
2024-11-13,2439.91845703125,2467.078043175091,2420.758699980807,2439.424646374089,1803766
2024-11-14,2452.41162109375,2470.7814728705644,2435.6714890575636,2452.0660983258376,1206967
2024-11-18,2452.954833984375,2488.8055333431303,2440.2146163920293,2488.8055333431303,945471
2024-11-19,2457.15966796875,2476.4512951650154,2445.931096545383,2461.4137674004382,941508
2024-11-21,2402.203125,2439.599249239458,2399.086881951621,2428.4694647355586,1377572
2024-11-22,2445.7822265625,2467.2998078578635,2397.058507997137,2404.033220585434,3805843
2024-11-25,2433.415771484375,2481.1501753974144,2423.8689873144695,2478.2317471950923,1857124
2024-11-26,2478.23193359375,2491.0930174806635,2431.338539726482,2433.6137690349015,1152258
2024-11-27,2465.27197265625,2490.746813453905,2453.499230220729,2490.59851293576,864653
2024-11-28,2431.78369140625,2479.2212565278724,2427.0844492001415,2473.2853716359464,1506133
2024-11-29,2453.103271484375,2464.876012337785,2428.8155626912117,2431.7835049095593,1030854
2024-12-02,2452.559326171875,2459.4350113042015,2435.048513778277,2453.103497268342,914624
2024-12-03,2443.01220703125,2467.3494311525187,2437.1753502984084,2467.3494311525187,1341985
2024-12-04,2433.168701171875,2452.608869643871,2426.9854875736155,2452.4108135833017,1005012
2024-12-05,2425.99609375,2440.5389633492928,2397.998455189916,2438.6593630898437,3190834
2024-12-06,2403.736572265625,2441.627352994875,2401.065472333291,2441.627352994875,1735948
2024-12-09,2366.291015625,2412.9370786090217,2361.492745649748,2412.096065015252,2301281
2024-12-10,2363.372314453125,2378.954011248423,2359.5636001555517,2374.2547693577776,1657888
2024-12-11,2391.468994140625,2402.0546065799094,2367.08225694307,2374.1064835832526,1337700
2024-12-12,2364.015625,2389.193621273945,2355.260098346599,2387.2149930161613,1089028
2024-12-13,2381.921875,2386.2254877286287,2328.845272849582,2364.015435620589,1150861
2024-12-16,2376.580078125,2394.090891462023,2360.6520226163266,2394.090891462023,987775
2024-12-17,2330.823974609375,2374.254766148349,2325.382747164404,2362.482025198297,1258218
2024-12-18,2320.38671875,2347.345528105256,2315.9843192900817,2331.6155304519593,855682
2024-12-19,2267.35986328125,2300.155532650192,2241.143036780076,2300.155532650192,2784409
2024-12-20,2257.961181640625,2293.2301334566187,2251.678940356887,2272.4545369067528,1719502
2024-12-23,2254.8447265625,2277.94530821083,2241.835342309323,2275.4225088620415,855647
2024-12-24,2259.59326171875,2270.475716131581,2252.81636394897,2257.713661660142,601558
2024-12-26,2238.22412109375,2263.006487581479,2232.387264522019,2259.593402246085,1267334
2024-12-27,2247.1279296875,2266.3207679719803,2235.8993596736923,2245.990315095553,821790
2024-12-30,2263.798095703125,2274.2354082549373,2232.6842141024053,2255.883582531214,1076940
2024-12-31,2256.971923828125,2273.0975511842084,2248.711054095443,2255.6362531181744,685486
2025-01-01,2280.022705078125,2298.3745304314775,2255.636208472045,2255.636208472045,1067328
2025-01-02,2318.21044921875,2322.8601775522434,2269.486725918196,2289.2730094920253,1342922
2025-01-03,2310.98828125,2323.8493648708964,2297.3356980230024,2318.9523082600626,1355319
2025-01-06,2242.92333984375,2314.9949678266116,2232.5850559219875,2310.9881974605596,1190987
2025-01-07,2268.1015625,2291.251415421347,2247.7215957846715,2247.7215957846715,740798
2025-01-08,2309.405517578125,2313.016417511147,2248.4141570305087,2262.6109112956046,1439632
2025-01-09,2325.086181640625,2336.166452360481,2296.495097908915,2316.874825484485,1362304
2025-01-10,2295.95068359375,2323.799778726457,2291.2514416473664,2310.6420945019913,1214334
2025-01-13,2228.578369140625,2277.3020898421773,2222.395155853626,2267.2606480767986,1181928
2025-01-14,2216.01416015625,2261.918481183113,2213.095731748854,2244.7537842369916,1316807
2025-01-15,2205.873779296875,2229.666833637163,2196.2774800552424,2224.967591281189,1308999
2025-01-16,2191.924560546875,2215.915429047689,2184.2078617536595,2215.074415394743,1936087
2025-01-17,2236.83935546875,2244.803382904484,2188.85761785697,2201.867002679204,878848
2025-01-20,2256.180419921875,2262.4624198186484,2226.94613865363,2247.969064218441,555716
2025-01-21,2236.1962890625,2290.2622096229647,2230.903361857359,2256.1803861705666,1410294
2025-01-22,2237.927734375,2245.7432198931915,2220.91133701646,2245.7432198931915,835523
2025-01-23,2252.025390625,2277.203387756566,2222.1974237038376,2237.927663808089,1142465
2025-01-24,2238.22412109375,2272.0093424956026,2230.9528073847387,2258.604088147028,543202
2025-01-27,2227.440673828125,2253.4101686928766,2222.1972608443184,2231.2001156768033,1097939
2025-01-28,2217.844482421875,2242.8246644012743,2210.226811867185,2235.849951423444,897501
2025-01-29,2199.3935546875,2222.7909781767175,2188.412313047202,2217.844407654485,1281088
2025-01-30,2225.808349609375,2235.107805223786,2191.3306577716876,2199.3934708027055,1155718
2025-01-31,2276.2138671875,2280.3689379872426,2210.9686523874484,2230.9032343432677,1292909
2025-02-01,2326.02587890625,2363.471516285561,2260.8796867188257,2287.294326350865,1318619
2025-02-03,2267.75537109375,2339.183804756189,2253.36080183662,2326.0258781924244,1070382
2025-02-04,2329.19189453125,2392.755329456502,2239.559934817717,2280.0227874414695,5373733
2025-02-05,2250.887451171875,2271.0200902487095,2213.343028396478,2244.7537518970203,3474642
2025-02-06,2239.213623046875,2274.3342765097696,2236.09737998612,2262.7593488861016,1285954
2025-02-07,2246.732421875,2251.9758351465407,2219.2294403550277,2241.7858511531263,1336756
2025-02-10,2245.891357421875,2253.6575698922,2229.914030964451,2246.7818850507265,1181565
2025-02-11,2216.904541015625,2258.505004633446,2202.213130392889,2254.6467763546243,1607942
2025-02-12,2204.439208984375,2223.9286490285167,2162.343844469209,2217.893977757831,1181706
2025-02-13,2212.502197265625,2225.907453084973,2196.277540873688,2204.439383086394,921923
2025-02-14,2207.456787109375,2226.501085151753,2179.4591473952623,2212.5021445288053,1380052
2025-02-17,2226.7978515625,2235.8499794240065,2202.262812331492,2207.4567116199773,923900
2025-02-18,2213.689453125,2227.8859663512467,2195.040784662872,2223.9782237395543,735853
2025-02-19,2215.17333984375,2225.758952607725,2202.3122563003603,2213.6893686656667,645234
2025-02-20,2225.01708984375,2232.981117245447,2207.2094347237335,2215.1734621254304,637442
2025-02-21,2233.4755859375,2241.5879131682063,2213.095619073161,2225.01690216263,755585
2025-02-24,2222.197509765625,2234.860779843562,2217.0531242272787,2221.9006671989964,765042
2025-02-25,2200.9765625,2232.980970517077,2194.001849729943,2222.197301817256,947702
2025-02-27,2189.9951171875,2204.587500537873,2174.5124477369304,2190.341473744115,1027196
2025-02-28,2156.45751953125,2187.719943299454,2152.5497769431686,2186.384272583582,1701193
2025-03-03,2143.25,2169.9122085982494,2106.2497487483624,2156.457440034872,959068
2025-03-04,2109.316650390625,2136.7701161602126,2102.045095276788,2131.032046179497,2180989
2025-03-05,2141.02392578125,2159.4747779145187,2102.0450484400562,2109.2175753731967,1535212
2025-03-06,2243.4677734375,2250.689815437349,2159.771936648441,2166.449807529409,1985096
2025-03-07,2245.7431640625,2253.608163401209,2223.9782523403082,2243.467693167006,921429
2025-03-10,2254.25146484375,2268.497492913965,2237.6804517577016,2245.743265989839,1072395
2025-03-11,2262.95703125,2266.4196306849562,2233.772264583938,2249.7003185974454,601228
2025-03-12,2227.242919921875,2271.415698633484,2222.988820912396,2262.95701462673,749216
2025-03-13,2207.456787109375,2233.07992786277,2198.7507739836456,2231.1508135102886,747470
2025-03-17,2195.832275390625,2215.3217158876582,2172.5833928079032,2181.4377061660316,838015
2025-03-18,2195.832275390625,2195.832275390625,2195.832275390625,2195.832275390625,0
2025-03-19,2256.32861328125,2263.5011404862794,2243.6160720507037,2249.700257136058,663292
2025-03-20,2262.75927734375,2282.3477458354287,2244.506479568326,2265.529405272272,1166849
2025-03-21,2275.818115234375,2289.7675410015963,2253.509274953812,2267.161616645581,1624115
2025-03-24,2297.68212890625,2305.3493136205766,2277.50021672254,2277.796817744125,1100353
2025-03-25,2305.843994140625,2319.447063933367,2283.337096847179,2300.155437681842,1828005
2025-03-26,2298.324951171875,2315.9347904304113,2279.379682799506,2314.9949903432484,1934287
2025-03-27,2313.115478515625,2324.9872481503007,2266.024029018703,2290.262225356166,1497861
2025-03-28,2315.637939453125,2338.73852018013,2300.155270481727,2318.902724272419,1281871
2025-04-01,2291.25146484375,2336.4630710897977,2281.1109952778397,2316.973631547523,970583
2025-04-02,2282.001220703125,2303.5188018929975,2267.6561665765435,2303.123172874622,792693
2025-04-03,2324.294677734375,2329.7359058176767,2265.331696514396,2270.4760820322513,608846
2025-04-04,2330.873779296875,2338.6892648979606,2278.1927979190414,2324.2946949193497,1163188
2025-04-07,2316.330810546875,2328.8455380874375,2166.598015467922,2166.598015467922,1745817
2025-04-08,2368.615966796875,2394.140321004854,2330.8242133419153,2330.8242133419153,1876867
2025-04-09,2385.384521484375,2403.4890172581904,2365.3509115818533,2374.3537662248245,1186937
2025-04-11,2368.022216796875,2421.840804733815,2354.8147775603197,2413.4316352729334,968152
2025-04-15,2389.88623046875,2399.086900703578,2359.5143332692924,2389.0947308137074,1141122
2025-04-16,2433.61376953125,2442.1219677939607,2378.014362868992,2379.399547591545,1166695
2025-04-17,2441.528076171875,2449.9372456960327,2405.022483909115,2433.6135636785502,885840
2025-04-21,2418.873046875,2444.496186218964,2414.915790356595,2439.5496155709575,541913
2025-04-22,2406.011962890625,2423.81961722123,2387.709651495281,2418.87304657384,543647
2025-04-23,2426.886474609375,2430.349073901287,2399.680337315784,2410.9584212538784,744684
2025-04-24,2438.065673828125,2464.3815266061183,2409.8702207938923,2423.819646802485,1203452
2025-04-25,2405.616455078125,2442.319866212299,2387.907586349,2437.9669804359482,702217
2025-04-28,2425.99609375,2433.5149778513432,2379.3005144953645,2394.041198616951,554920
2025-04-29,2424.907958984375,2445.584527674416,2415.509474755853,2433.7127581225986,1235066
2025-04-30,2399.779052734375,2435.889015709181,2375.8377009314017,2423.819432555459,1479669
2025-05-02,2384.2470703125,2418.774037083155,2372.3753006677903,2399.086782368387,744673
2025-05-05,2410.859619140625,2448.552585862986,2397.2072767357836,2397.2072767357836,1229588
2025-05-06,2392.16162109375,2423.7206459503905,2365.5491670003303,2415.9051607572114,702802
2025-05-07,2309.158203125,2379.992949781398,2293.72480611317,2362.4821380195167,1711738
2025-05-08,2277.994873046875,2323.9979813176074,2268.99201761129,2297.187471067545,2292261
2025-05-09,2275.02685546875,2306.8827219454733,2221.010207702129,2222.593206912753,1503010
2025-05-12,2331.2197265625,2353.08366551614,2296.198102864394,2305.1019300620587,940135
2025-05-13,2299.759765625,2332.8027615637016,2290.3612812166643,2328.845504970718,1220489
2025-05-14,2257.91162109375,2294.219400295305,2252.7672360747315,2294.219400295305,1549845
2025-05-15,2305.0029296875,2310.5431855118845,2243.764480728304,2260.5828211923167,1675015
2025-05-16,2328.44970703125,2329.8346501256283,2290.26208706617,2308.9600264990613,785113
2025-05-19,2306.487060546875,2353.4794856841663,2301.7385455479075,2328.450029310157,552961
2025-05-20,2271.069580078125,2322.6127005748817,2266.9142675677517,2322.4148860581417,1095824
2025-05-21,2287.68994140625,2291.4493834785935,2265.529401082606,2271.4652859762723,469330
2025-05-22,2274.630859375,2285.315499627662,2258.703047781497,2284.5240000660287,916504
2025-05-23,2290.7568359375,2304.1125765054794,2270.4758965564943,2277.2032808526446,458035
2025-05-26,2302.331787109375,2313.0164279829723,2278.192619033124,2291.251517197846,1258062
2025-05-27,2302.727783203125,2326.4713235357294,2276.5109574192074,2288.3827275855097,2485428
2025-05-28,2278.58837890625,2308.069989878001,2275.7194643870957,2302.72778990034,774808
2025-05-29,2269.783447265625,2284.326316609405,2262.0667487775677,2278.5882463730663,1414643
2025-05-30,2234.959716796875,2279.3798259945615,2230.9034321257536,2271.959969790152,3610431
2025-06-02,2242.478271484375,2248.0185271789314,2233.772258906544,2234.9596290780687,702789
2025-06-03,2231.595703125,2262.858124401989,2222.6918764801085,2248.315255855017,792587
2025-06-04,2224.967529296875,2236.8392991286055,2216.9539880477464,2225.462186373197,768079
2025-06-05,2219.5263671875,2236.8393653714897,2209.138568277106,2227.0452515829743,996614
2025-06-06,2221.2080078125,2228.5290771994382,2215.0743085917125,2225.066477788955,822087
2025-06-09,2223.879150390625,2231.6948769865094,2212.1064087812865,2216.0636653265124,1041851
2025-06-10,2215.4423828125,2236.5096020141245,2211.7481969540704,2236.5096020141245,1809051
2025-06-11,2205.358154296875,2222.4313617191465,2203.7605500158743,2205.5577938919528,1430888
2025-06-12,2215.941650390625,2259.4738107081753,2204.6594529723643,2220.53458020989,3417373
2025-06-13,2210.749755859375,2213.6453832975812,2171.411246958574,2171.6108865639185,1786807
2025-06-16,2241.302001953125,2246.493850099095,2205.857321207117,2210.749588087704,1301826
2025-06-17,2261.27099609375,2277.4457042063054,2223.529847990987,2227.523615118048,1540986
2025-06-18,2277.844970703125,2280.441016825307,2251.4862053157035,2253.4830888680904,1131156
2025-06-19,2264.4658203125,2281.4393295476466,2260.472053433642,2266.462703751929,524926
2025-06-20,2282.13818359375,2286.331590052743,2259.4736053718843,2263.4673722395323,1945026
2025-06-23,2260.572021484375,2269.2584157952006,2250.387720816316,2257.6763942073076,596186
2025-06-24,2271.754638671875,2306.1009385190196,2265.364465001573,2301.4083108887703,1044179
2025-06-25,2276.34716796875,2290.724874917351,2271.854180252347,2272.5532844608238,807368
2025-06-26,2286.23193359375,2289.027619203835,2276.646795433512,2283.436247983665,921519
2025-06-27,2355.0244140625,2360.8154247360717,2273.551716732878,2279.4424253214006,1555059
2025-06-30,2337.4521484375,2366.207076690577,2322.475521738939,2358.319484133415,785414
2025-07-01,2365.807861328125,2396.260336437012,2346.5378857039027,2376.7907212034615,1232160
2025-07-02,2415.6298828125,2426.2134629119964,2323.373962220665,2336.3537050263667,1936030
2025-07-03,2427.112060546875,2460.5598606598815,2421.2213514638897,2425.115176958039,1547480
2025-07-04,2420.42236328125,2439.19311632593,2408.241423077423,2427.1118740377615,602309
2025-07-07,2438.99365234375,2461.2589530034766,2417.2275725788145,2419.5240374468945,869054
2025-07-08,2480.728515625,2484.123120133966,2433.502171220896,2436.697136128193,1136367
2025-07-09,2495.006103515625,2531.0499498118998,2489.0154527468394,2516.5725437873343,2328636
2025-07-10,2447.38037109375,2508.0856783014938,2441.2900226692773,2503.393050824226,932859
2025-07-11,2435.399169921875,2480.928213134193,2431.704984044081,2443.686285546248,1050411
2025-07-14,2397.85791015625,2444.784674477807,2387.2743296349663,2427.3119430814827,891618
2025-07-15,2389.770263671875,2411.236760713423,2382.581532019301,2406.144610422749,610228
2025-07-16,2406.743896484375,2418.625256092166,2367.3054464071574,2377.289864148225,1200909
2025-07-17,2395.161865234375,2410.238433469769,2390.269598064054,2400.353957448019,526163
2025-07-18,2378.6875,2401.252380791346,2368.6033846985288,2396.8593346465727,599552
2025-07-21,2371.698486328125,2404.247785580512,2357.1213827215047,2378.6875787280683,390931
2025-07-22,2361.514404296875,2377.0901932721026,2357.6205789331657,2371.6984615067413,411317
2025-07-23,2371.698486328125,2380.984043554375,2348.9342089478964,2359.31790586659,368999
2025-07-24,2348.43505859375,2376.2914873489262,2337.352257094049,2371.6985575583717,506960
2025-07-25,2332.5595703125,2346.8373361061545,2322.175873604493,2336.3536977189538,383636
2025-07-28,2355.92333984375,2362.712548992187,2316.3849475453603,2332.5596557546282,650364
2025-07-29,2397.7578125,2414.531682301382,2321.3770202217365,2355.324039012076,1742815
2025-07-30,2412.03564453125,2439.9920137181934,2362.8124171750574,2405.2461918338104,1685818
2025-07-31,2392.366455078125,2413.4334304549966,2369.8015732657213,2397.658001522801,1274735
2025-08-01,2427.2119140625,2468.1480261466477,2374.294500880553,2374.294500880553,2225293
2025-08-04,2445.982666015625,2463.155815490761,2435.7986088422463,2439.3928529127475,1165898
2025-08-05,2433.0029296875,2459.8609155292706,2405.3461416856353,2458.0636716091076,659094
2025-08-06,2487.318115234375,2501.695823132035,2436.1979448164952,2436.1979448164952,2019109
2025-08-07,2502.59423828125,2506.088784394948,2463.055847605046,2480.229240657659,1502806
2025-08-08,2471.742431640625,2507.7860316530255,2464.6533978898347,2502.594183435637,1178226
2025-08-11,2485.221435546875,2500.2977595830134,2448.1791494439526,2460.060508660261,721135
2025-08-12,2474.438232421875,2498.900055243935,2470.1448841541282,2485.2214520505768,608984
2025-08-13,2496.303955078125,2500.4973615761023,2457.36472775656,2475.935841367843,350844
2025-08-14,2524.759521484375,2530.9498113788623,2493.807828251754,2501.096501539215,1088550
2025-08-18,2583.3681640625,2590.9564190945644,2532.6475166467667,2546.0265389946585,1755615
2025-08-19,2575.380615234375,2590.956404418194,2557.2090236933855,2583.368149429113,698587
2025-08-20,2566.09521484375,2575.2808301046007,2559.405460174037,2573.9828070898716,308028
2025-08-21,2562.6005859375,2571.9858404911197,2555.3119127151276,2570.887457107955,781082
2025-08-22,2500.597412109375,2565.296487535277,2497.2028075966155,2558.8066160324975,523774
2025-08-25,2489.015380859375,2518.5693546358907,2472.141812518718,2512.079483157146,766497
2025-08-26,2477.533203125,2519.3680577297696,2464.154181491318,2477.23386561514,7106393
2025-08-28,2485.12158203125,2524.0608113198073,2461.158979392138,2461.158979392138,1485769
2025-08-29,2514.675537109375,2527.655280107417,2486.1200050096036,2487.1184467786834,1798653
2025-09-01,2566.195068359375,2573.783323551593,2511.1810713765135,2514.0764550955355,1314833
2025-09-02,2536.0419921875,2567.89218584515,2527.056016624631,2564.9968023345227,1024054
2025-09-03,2549.92041015625,2561.103153300909,2523.362004588196,2526.057748690489,925847
2025-09-04,2564.59765625,2578.9751203927085,2549.021866961899,2549.920367060743,933071
2025-09-05,2575.8798828125,2597.9455439295107,2561.0031976092214,2561.0031976092214,1153436
2025-09-08,2526.8564453125,2585.56486932839,2522.4631553291565,2575.8797892852117,742880
2025-09-09,2533.346435546875,2547.624202082058,2520.8659130091637,2536.0421796629794,702450
2025-09-10,2539.3369140625,2551.0186336131133,2521.165323232636,2533.346263650884,520584
2025-09-11,2551.917236328125,2555.511724223768,2531.7487612163945,2537.0405513782357,423961
2025-09-12,2542.332275390625,2564.297993878646,2533.2463579665027,2556.010878606127,547539
2025-09-15,2498.700439453125,2539.5366098247428,2494.107509865228,2531.149796567064,583051
2025-09-16,2477.033935546875,2505.988745075061,2470.6440061205894,2491.112061131894,760790
2025-09-17,2489.71435546875,2493.0090181167157,2476.934252777851,2478.132334082582,359627
2025-09-18,2474.837646484375,2502.294796046243,2465.45239104731,2494.0076803355287,400796
2025-09-19,2477.832763671875,2505.589492193983,2464.6533817417203,2471.143252910981,3731525
2025-09-22,2478.831298828125,2499.099715226628,2470.2448459827838,2490.2136811024534,872806
2025-09-23,2443.0869140625,2479.9295592874296,2424.21646331425,2468.2478400737427,1332111
2025-09-24,2453.37109375,2471.1434061910095,2439.392908826091,2442.188594562913,637749
2025-09-25,2400.25390625,2458.8623867395913,2384.278838654326,2454.668980247764,1518215
2025-09-26,2339.1494140625,2396.260234226185,2335.355286606269,2393.7641298155327,1089446
2025-09-29,2338.94970703125,2360.01668139369,2325.570441519752,2339.2490445437415,950369
2025-09-30,2346.338134765625,2385.0777237852835,2336.3537171708776,2348.3350182845743,778874
2025-10-01,2332.160400390625,2353.327317755006,2317.5830526365544,2349.7328297783242,648279
2025-10-03,2354.1259765625,2359.0182435703723,2332.4598396187675,2338.5501879591607,659872
2025-10-06,2351.130615234375,2355.5236613061975,2330.46292034526,2351.3302548266965,362107
2025-10-07,2349.1337890625,2367.7046592845277,2342.344336436732,2351.3303121519625,498524
2025-10-08,2324.87158203125,2365.707751525275,2316.3848272761434,2356.322496711939,701799
2025-10-09,2332.75927734375,2337.35220703594,2320.1790571715687,2324.8716847856413,587567
2025-10-10,2336.553466796875,2354.1261400951894,2332.9592225496335,2335.255443696396,1117236
2025-10-13,2338.849853515625,2362.9123977517115,2333.3584237635073,2336.553388685427,667732
2025-10-14,2314.488037109375,2351.33044207345,2304.4036774121114,2338.749977872924,353345
2025-10-15,2371.399169921875,2380.285204262567,2321.3771392241897,2326.369348125747,753640
2025-10-16,2405.945068359375,2417.027869436486,2363.2117121365436,2373.2960714503183,715890
2025-10-17,2503.892333984375,2540.0358775145787,2417.227539097011,2417.227539097011,3719960
2025-10-20,2512.079345703125,2533.1465633162347,2496.8031387677584,2503.892172422266,714986
2025-10-21,2500.697265625,2515.2743686919584,2480.129268391111,2509.0840786903627,107942
2025-10-23,2498.50048828125,2542.03264522436,2492.9093608479457,2514.974776830426,811738
2025-10-24,2497.701904296875,2502.793810812847,2482.4256972285884,2491.112091440693,327596
2025-10-27,2514.875244140625,2526.0577435021114,2495.7052104123336,2497.7020940040347,550089
2025-10-28,2505.389892578125,2524.659866801746,2488.116801823062,2511.0809617114774,1103957
2025-10-29,2534.744140625,2546.8253838696032,2508.585014302523,2516.0733277780528,615292
2025-10-30,2519.56787109375,2534.7441376342094,2509.383813531086,2531.5491726404607,736486
2025-10-31,2506.8876953125,2526.0577289302064,2501.3962654669995,2519.467915611525,609128
2025-11-03,2508.285400390625,2511.380667424338,2491.112250462125,2492.3103318505873,425210
2025-11-04,2482.824951171875,2517.0715505723174,2475.8358592028126,2506.088691763791,527087
2025-11-06,2598.843994140625,2626.900305473594,2556.110881252824,2556.110881252824,4448622
2025-11-07,2609.72705078125,2614.8189573640493,2580.9718801153545,2598.843889634128,791663
2025-11-10,2646.27001953125,2662.64461112369,2607.0314522395747,2609.727196317294,1706880
2025-11-11,2653.059326171875,2660.747278769722,2629.2963641565566,2646.269873630328,776404
2025-11-12,2765.484130859375,2834.2766729889117,2637.9831624675403,2655.8551730830777,2859196
2025-11-13,2874.9130859375,2892.5856999728535,2835.5745783753837,2854.445030002044,5933630
2025-11-14,2901.87109375,2905.3656399822426,2857.5403761936336,2860.6356432177,2494076
2025-11-17,2883.39990234375,2922.339131539382,2875.5123098312783,2901.871075167319,1230683
2025-11-18,2906.0,2916.0,2862.10009765625,2886.0,1819066
2025-11-19,2893.699951171875,2916.0,2887.199951171875,2914.0,1387906
2025-11-20,2859.800048828125,2906.10009765625,2852.5,2897.39990234375,1062883
2025-11-21,2876.60009765625,2895.60009765625,2854.10009765625,2869.0,857340
2025-11-24,2879.199951171875,2896.5,2864.5,2876.0,5404326
2025-11-25,2875.800048828125,2908.5,2869.0,2899.89990234375,972417
2025-11-26,2874.0,2896.199951171875,2857.60009765625,2880.0,570376
2025-11-27,2879.10009765625,2914.5,2871.39990234375,2880.0,1158685
2025-11-28,2874.39990234375,2889.89990234375,2855.800048828125,2880.0,748446
2025-12-01,2867.60009765625,2887.5,2848.0,2877.699951171875,499153
2025-12-02,2954.39990234375,2962.0,2861.199951171875,2867.0,2102147
2025-12-03,2953.5,2969.199951171875,2932.60009765625,2969.0,1252456
2025-12-04,2957.199951171875,2985.699951171875,2934.0,2950.0,1466098
2025-12-05,2968.5,2973.5,2941.0,2955.0,944978
2025-12-08,2928.300048828125,2974.5,2914.800048828125,2970.0,983544
2025-12-09,2796.0,2913.5,2788.5,2910.0,1839391
2025-12-10,2804.5,2824.0,2796.699951171875,2810.0,845073
2025-12-11,2779.39990234375,2811.60009765625,2763.199951171875,2800.0,777422
2025-12-12,2764.800048828125,2797.0,2746.0,2795.0,977696
2025-12-15,2780.199951171875,2802.0,2758.699951171875,2773.10009765625,1029674
2025-12-16,2790.89990234375,2808.0,2776.10009765625,2793.0,916244
2025-12-17,2785.699951171875,2806.5,2772.0,2800.0,636499
2025-12-18,2759.699951171875,2793.800048828125,2755.300048828125,2780.0,417994
2025-12-19,2799.89990234375,2812.39990234375,2759.699951171875,2766.39990234375,3895542
2025-12-22,2807.60009765625,2823.10009765625,2780.300048828125,2785.800048828125,463953
2025-12-23,2807.800048828125,2819.0,2783.10009765625,2798.0,431068
2025-12-24,2785.5,2824.699951171875,2782.0,2807.800048828125,512144
2025-12-26,2746.5,2794.39990234375,2743.0,2785.0,532078
2025-12-29,2775.39990234375,2793.800048828125,2735.0,2746.5,815529
2025-12-30,2758.300048828125,2792.39990234375,2741.0,2770.300048828125,4833527
2025-12-31,2769.5,2796.800048828125,2754.89990234375,2755.0,1274705
2026-01-01,2752.0,2782.699951171875,2746.10009765625,2775.89990234375,327945
2026-01-02,2772.60009765625,2799.0,2755.800048828125,2755.800048828125,508884
2026-01-05,2815.60009765625,2828.0,2769.0,2770.0,866733
2026-01-06,2845.800048828125,2848.39990234375,2811.60009765625,2820.0,875891
2026-01-07,2809.39990234375,2854.699951171875,2801.10009765625,2845.800048828125,636748
2026-01-08,2786.5,2804.699951171875,2770.10009765625,2795.0,620031
2026-01-09,2825.5,2856.699951171875,2786.199951171875,2789.89990234375,1657381
2026-01-12,2896.39990234375,2900.0,2808.0,2826.0,1743901
2026-01-13,2886.300048828125,2914.5,2870.800048828125,2900.0,1051986
2026-01-14,2813.89990234375,2884.0,2807.300048828125,2884.0,958254
2026-01-15,2813.89990234375,2813.89990234375,2813.89990234375,2813.89990234375,0
2026-01-16,2756.89990234375,2826.5,2750.5,2787.89990234375,1143463
2026-01-19,2754.0,2786.300048828125,2724.699951171875,2756.89990234375,1342048
2026-01-20,2675.60009765625,2740.10009765625,2669.300048828125,2740.0,911151
2026-01-21,2661.10009765625,2688.0,2648.0,2670.0,914318
2026-01-22,2703.800048828125,2729.89990234375,2665.300048828125,2665.300048828125,1290346
2026-01-23,2703.699951171875,2782.89990234375,2690.800048828125,2703.800048828125,1786635
2026-01-27,2622.800048828125,2734.699951171875,2546.0,2719.89990234375,3818761
2026-01-28,2511.800048828125,2548.5,2451.0,2535.0,3430002
2026-01-29,2416.0,2514.89990234375,2410.0,2511.800048828125,3488159
2026-01-30,2428.300048828125,2445.0,2400.5,2417.0,2048843
2026-02-02,2402.0,2429.5,2372.0,2374.89990234375,1183482
2026-02-03,2426.0,2525.0,2391.0,2525.0,2233860
2026-02-04,2452.699951171875,2463.800048828125,2417.10009765625,2430.0,970973
2026-02-05,2432.10009765625,2455.800048828125,2402.60009765625,2445.0,1047405
2026-02-06,2401.10009765625,2444.0,2386.10009765625,2432.0,1043982
2026-02-09,2417.39990234375,2426.199951171875,2396.800048828125,2404.0,669839
2026-02-10,2393.60009765625,2420.0,2386.89990234375,2419.0,1513620
2026-02-11,2392.5,2405.699951171875,2376.300048828125,2399.0,3177710
2026-02-12,2410.5,2413.89990234375,2377.0,2398.0,607767
2026-02-13,2366.39990234375,2411.800048828125,2360.10009765625,2408.89990234375,675635
2026-02-16,2397.199951171875,2405.10009765625,2356.800048828125,2360.0,683108
2026-02-17,2437.39990234375,2452.39990234375,2399.5,2399.5,1004356
2026-02-18,2432.10009765625,2448.199951171875,2416.5,2440.0,551809
2026-02-19,2400.800048828125,2428.0,2391.10009765625,2420.0,971600
2026-02-20,2428.10009765625,2435.699951171875,2376.10009765625,2378.199951171875,790329
2026-02-23,2429.699951171875,2446.60009765625,2411.5,2424.699951171875,634365
2026-02-24,2413.10009765625,2441.5,2403.699951171875,2413.0,499660
2026-02-25,2416.39990234375,2427.89990234375,2400.0,2416.0,526764
2026-02-26,2394.89990234375,2422.199951171875,2382.0,2416.10009765625,588742
2026-02-27,2376.199951171875,2397.60009765625,2359.0,2385.0,2531619
2026-03-02,2307.10009765625,2337.89990234375,2283.5,2300.0,2528308
2026-03-04,2285.199951171875,2290.89990234375,2216.300048828125,2260.699951171875,1610358
2026-03-05,2287.800048828125,2313.0,2253.699951171875,2285.199951171875,925040
2026-03-06,2279.5,2307.89990234375,2253.699951171875,2261.699951171875,979742
2026-03-09,2220.800048828125,2230.0,2162.60009765625,2200.0,2198153
2026-03-10,2280.39990234375,2305.10009765625,2251.60009765625,2251.60009765625,1192174
2026-03-11,2232.0,2302.0,2226.0,2290.0,687786
2026-03-12,2221.199951171875,2249.89990234375,2201.0,2208.0,1384055
2026-03-13,2196.800048828125,2219.699951171875,2190.0,2204.699951171875,949233
2026-03-16,2217.699951171875,2227.800048828125,2175.10009765625,2185.39990234375,1111587
2026-03-17,2238.199951171875,2261.5,2217.199951171875,2217.699951171875,875461
2026-03-18,2262.10009765625,2270.39990234375,2228.60009765625,2235.10009765625,844912
2026-03-19,2186.0,2239.0,2180.60009765625,2220.0,889334
2026-03-20,2195.39990234375,2224.5,2185.0,2210.89990234375,875920
2026-03-23,2121.300048828125,2180.0,2115.0,2180.0,978398
2026-03-24,2217.300048828125,2224.5,2153.300048828125,2184.0,1561016
2026-03-25,2270.199951171875,2289.699951171875,2222.0,2225.10009765625,1270855
2026-03-27,2207.39990234375,2269.0,2201.10009765625,2246.300048828125,1089010
2026-03-30,2165.199951171875,2202.89990234375,2151.0,2185.300048828125,1513565
2026-04-01,2225.800048828125,2246.60009765625,2198.39990234375,2224.800048828125,1209900
2026-04-02,2169.0,2185.10009765625,2142.39990234375,2185.0,1854061
2026-04-06,2184.300048828125,2193.199951171875,2145.89990234375,2169.0,2048228
2026-04-07,2186.199951171875,2198.699951171875,2145.0,2167.699951171875,1793007
2026-04-08,2282.39990234375,2336.89990234375,2245.199951171875,2284.5,2914767
2026-04-09,2269.60009765625,2289.60009765625,2252.0,2275.0,1980060
2026-04-10,2360.699951171875,2376.89990234375,2267.699951171875,2267.699951171875,3018178
2026-04-13,2352.39990234375,2362.5,2262.0,2279.89990234375,1734562
2026-04-15,2423.10009765625,2426.0,2381.0,2400.5,1182431
2026-04-16,2440.300048828125,2446.60009765625,2411.60009765625,2435.0,1496210
2026-04-17,2464.0,2486.10009765625,2417.5,2425.0,1286575
2026-04-20,2516.800048828125,2523.800048828125,2456.5,2470.0,1203157
2026-04-21,2543.60009765625,2582.0,2513.699951171875,2516.300048828125,1681872
2026-04-22,2562.89990234375,2572.0,2500.0,2500.0,1126584
2026-04-23,2521.39990234375,2541.699951171875,2510.0,2530.0,1378614
2026-04-24,2485.10009765625,2538.89990234375,2470.699951171875,2521.39990234375,436871
2026-04-27,2485.199951171875,2519.800048828125,2475.5,2503.0,452134
2026-04-28,2462.60009765625,2499.0,2456.10009765625,2475.0,556571
2026-04-29,2447.300048828125,2477.89990234375,2438.60009765625,2469.89990234375,603585
2026-04-30,2444.5,2455.89990234375,2385.5,2426.699951171875,823684
2026-05-01,2444.5,2444.5,2444.5,2444.5,0
2026-05-04,2448.10009765625,2507.0,2442.300048828125,2460.0,581159
2026-05-05,2430.0,2454.89990234375,2415.0,2430.0,327682
2026-05-06,2519.0,2529.0,2440.39990234375,2460.0,1395987
2026-05-07,2530.60009765625,2555.800048828125,2511.300048828125,2534.60009765625,1053513
2026-05-08,2599.89990234375,2607.39990234375,2515.39990234375,2540.0,2327900
2026-05-11,2566.10009765625,2607.89990234375,2555.0,2578.89990234375,1271257
2026-05-12,2505.5,2555.699951171875,2500.0,2546.199951171875,628802
2026-05-13,2617.60009765625,2642.39990234375,2554.0,2554.0,3515018
2026-05-14,2622.199951171875,2665.699951171875,2610.0,2620.0,1040916
2026-05-15,2605.60009765625,2640.0,2592.800048828125,2622.199951171875,796240
2026-05-18,2614.0,2619.39990234375,2556.0,2580.10009765625,898479
2026-05-19,2600.699951171875,2646.0,2595.10009765625,2629.0,688639
2026-05-20,2598.60009765625,2614.0,2562.0,2562.0,586190
2026-05-21,2598.800048828125,2648.300048828125,2590.800048828125,2625.0,1031843
2026-05-22,2639.800048828125,2664.699951171875,2600.199951171875,2606.10009765625,1556434
2026-05-25,2657.800048828125,2684.10009765625,2653.199951171875,2672.0,815621
2026-05-26,2647.0,2664.300048828125,2635.89990234375,2650.0,486267
2026-05-27,2671.89990234375,2689.60009765625,2642.0,2644.800048828125,858457
2026-05-28,2671.89990234375,2671.89990234375,2671.89990234375,2671.89990234375,0
2026-05-29,2671.60009765625,2748.199951171875,2631.60009765625,2676.10009765625,5062328
