Price,Close,High,Low,Open,Volume
Ticker,HCLTECH.NS,HCLTECH.NS,HCLTECH.NS,HCLTECH.NS,HCLTECH.NS
2021-01-01,759.400634765625,763.3953777154705,752.6095717508878,752.6095717508878,3142822
2021-01-04,783.2891845703125,786.7246536116661,761.1183621197348,766.1916659496925,5259092
2021-01-05,792.0377197265625,795.5930509496548,772.7431392079081,772.7431392079081,7150252
2021-01-06,781.5315551757812,797.3507282070583,771.8642475493673,797.2708528500942,5995748
2021-01-07,769.0280151367188,789.5210675636204,766.5113561415968,789.3612680804486,5261000
2021-01-08,794.6741943359375,801.7448694940571,774.9800930834433,778.8949604819189,8034775
2021-01-11,842.9705200195312,846.1264250258155,805.3400661940198,810.9327055425892,13384331
2021-01-12,848.5632934570312,850.9202503573918,829.8678766034366,840.4939320559912,6700542
2021-01-13,843.6497802734375,852.478201786704,831.7055370758752,850.0813558585314,6691409
2021-01-14,821.079345703125,838.096987997745,804.2215516274337,838.096987997745,15021108
2021-01-15,790.7991333007812,841.1728212339169,786.1652422355146,837.0183284771588,23769415
2021-01-18,784.1680908203125,802.9034461968797,780.4929465787998,798.9486406727585,12947569
2021-01-19,786.0455322265625,796.5517254428484,782.4502636563591,789.3611883024415,6387923
2021-01-20,798.3493041992188,806.6583882668912,789.0015968140741,792.3571903323244,7444118
2021-01-21,796.7852172851562,818.2028909883094,788.4828840046931,809.3791343207884,8857975
2021-01-22,790.7688598632812,805.3681731932327,787.2393872850074,795.501620704067,5379466
2021-01-25,760.0462646484375,799.7531671287517,754.8322269490023,799.7531671287517,7731883
2021-01-27,766.463623046875,772.6803609627445,756.035546542836,763.7362603772254,7531736
2021-01-28,749.177001953125,763.9768570316623,746.0886579780715,761.0890529656407,6960905
2021-01-29,733.173828125,761.6504921276669,729.564110152831,754.8321359580142,7692663
2021-02-01,744.684814453125,749.0164956989723,719.015708308689,737.1846420855214,8651478
2021-02-02,765.7816772460938,772.4796902829528,750.4603995997225,759.6451367580024,7690178
2021-02-03,769.9929809570312,780.7418896812885,764.0970788171454,774.8861346873359,6354619
2021-02-04,768.188232421875,778.4558664708778,762.1720348587943,773.8434483391826,4623148
2021-02-05,758.9632568359375,773.2015884548376,754.0700543402435,770.7148645426197,4631703
2021-02-08,768.2683715820312,773.6027526079488,755.112934306649,766.0624326398746,6509526
2021-02-09,763.3350830078125,787.6405589228534,759.3242848647283,774.0840416152535,7557977
2021-02-10,769.6319580078125,774.1641299007258,758.9632462288254,766.102436550736,4896963
2021-02-11,778.4157104492188,780.1002260577593,764.4982117446166,769.6320528676863,3745595
2021-02-12,770.3941650390625,791.3305127982534,768.1480787998123,782.1056766125668,8045740
2021-02-15,765.7816772460938,779.0975069442553,762.1318119194871,778.0948074501187,4643228
2021-02-16,763.8966674804688,771.878166234823,757.3189481918572,767.6668278375947,3277086
2021-02-17,756.5969848632812,768.7898212255443,754.8322238571747,763.6559799277686,3643176
2021-02-18,760.5274658203125,767.4661656582122,752.706410042766,757.2386311798822,5133094
2021-02-19,762.1720581054688,768.4689921629101,757.5997380260809,762.0517145665601,5494816
2021-02-22,738.1072998046875,763.2148897202552,734.8184155149513,761.6506684448881,5043203
2021-02-23,729.9251708984375,746.0084618154825,727.1978085508355,741.195503997318,5916942
2021-02-24,734.7782592773438,737.5457199366974,726.355582724492,736.3825786207441,3435827
2021-02-25,745.40673828125,749.2570942075848,739.7114252402059,742.7195234576444,6234947
2021-02-26,729.5239868164062,741.9975575871003,726.0345635209836,728.3608457179321,9198218
2021-03-01,746.2891845703125,749.5780683957109,734.4974772976028,734.7782135812624,5397960
2021-03-02,765.0595703125,768.3885515916708,744.8852406961734,749.0965777804623,6715548
2021-03-03,774.2846069335938,776.4905459846866,759.6451932308865,774.084067019858,5742015
2021-03-04,768.4689331054688,778.0146523804204,763.1345519294772,763.6559752780859,6268541
2021-03-05,755.2332153320312,779.699081574864,751.0619758855288,766.9447251626598,5992152
2021-03-08,771.5973510742188,780.5013031916076,757.238674422279,764.0570311305305,5621823
2021-03-09,780.6216430664062,783.6297416000949,761.3296653024,773.3620594371547,5440319
2021-03-10,792.9347534179688,798.2289871193344,785.8757588295026,790.6887163616299,7694950
2021-03-12,785.5147705078125,804.4056188679408,780.9825492864943,792.9347466397473,6447010
2021-03-15,796.0230102539062,797.6273293547031,775.9690214939455,784.1109605144629,5321071
2021-03-16,807.9752197265625,817.2401528860195,794.4989488619038,796.5444459553007,8094575
2021-03-17,792.092529296875,821.3312573388531,788.2822710887144,811.7855382439071,6758901
2021-03-18,760.2466430664062,801.9589358012552,747.9335146988407,798.1486782918219,8269566
2021-03-19,770.43408203125,777.2925357903555,752.1849538689893,762.0515056768191,9004154
2021-03-22,785.1137084960938,788.0817088080663,757.7199385722554,770.4341976081541,4745254
2021-03-23,786.7982177734375,796.4642800439574,779.5386832435768,789.0443038033947,5158305
2021-03-24,782.6270141601562,789.926646757439,774.7257129176697,778.9370507145487,3874331
2021-03-25,767.706787109375,781.7044810410919,762.0515720770007,778.0947630680955,4879437
2021-03-26,768.9100341796875,782.1055686947811,765.099776280918,774.0839731184244,4271178
2021-03-30,798.7904663085938,802.8012640395667,773.6427841193664,774.0839620777869,5475000
2021-03-31,788.2421875,802.1596376288857,785.0335489494845,802.1596376288857,4445140
2021-04-01,804.2452392578125,812.9887989588593,794.6193235325966,795.7423666178474,5269079
2021-04-05,829.0318603515625,834.2458972091194,804.2451117062805,807.7746331630609,9452833
2021-04-06,824.94091796875,834.7272255144296,818.4032979162465,833.4437897916982,4260257
2021-04-07,831.9998168945312,838.2567003329041,821.9728228714104,827.0264670270087,3551106
2021-04-08,832.2404174804688,845.7969315756875,827.5478043490073,837.4544538309488,4852068
2021-04-09,838.5777587890625,846.118079452557,829.5534622843205,835.9305926463846,3708082
2021-04-12,809.6997680664062,836.6121588504412,803.1220507872442,836.6121588504412,5976427
2021-04-13,788.84375,818.8444888948943,779.8595529183449,812.1865741775739,7773994
2021-04-15,795.6620483398438,797.9080852063073,769.0704406388662,776.4904162069596,7430279
2021-04-16,812.38720703125,815.6359439077156,797.7477930314275,802.1596712231548,4677808
2021-04-19,797.827880859375,824.980962451761,792.4133038153446,798.9509238302587,6239343
2021-04-20,771.115966796875,806.9725085284457,767.666690518611,806.9725085284457,9742418
2021-04-22,771.5973510742188,779.6189472015734,766.3030682542023,774.8861859024593,4970596
2021-04-23,766.5838623046875,781.9852878782615,762.2120825730485,773.2818755640315,6023490
2021-04-26,745.0457153320312,765.6612237627846,740.433298321412,754.0299113012231,19619972
2021-04-27,745.0859375,752.86689554382,740.7142067738791,746.8106002531955,6406825
2021-04-28,741.0350952148438,750.7011094706281,739.3906776792026,746.971096371726,6845677
2021-04-29,742.4634399414062,758.9118557977688,740.4635009435017,758.9118557977688,8588734
2021-04-30,733.8108520507812,746.9124206116932,730.9130050829252,738.7494433372484,10921664
2021-05-03,740.9533081054688,743.1981264043422,727.3211288350126,733.6474349500197,6871176
2021-05-04,735.4434814453125,746.912455080612,734.0557652800439,742.8309662550348,6217026
2021-05-05,742.341064453125,743.4838512103195,735.1576056462937,737.8922325261005,2696835
2021-05-06,747.7286987304688,754.1774705373092,735.6883075664138,744.4635079063182,6319104
2021-05-07,748.05517578125,752.1366639733719,745.8511621929333,749.3612320735874,3651558
2021-05-10,746.0553588867188,752.3000069504986,742.9942422408869,749.4021598236835,4029147
2021-05-11,740.6267700195312,744.8307224042184,738.8309054137567,741.6063370611218,3818154
2021-05-12,739.6473999023438,741.9738784733814,730.5865144566632,739.6882546497096,4076940
2021-05-14,743.1165161132812,744.463427111209,731.8108140407883,742.0145342588695,5184569
2021-05-17,752.7488403320312,756.8711331848277,742.9124145432027,746.5857536873907,7956551
2021-05-18,760.462890625,766.911662157167,754.6671970881329,757.5242389375742,5913426
2021-05-19,760.2996215820312,768.1360587882431,755.1977614678691,757.524189750786,4178834
2021-05-20,754.5856323242188,763.075098718808,752.6673027884345,760.7894750672978,4753782
2021-05-21,759.6874389648438,762.9526296123943,753.4427419222615,755.4834860769805,4161547
2021-05-24,761.4425048828125,766.5035607222276,757.2794064310367,760.3813278091108,4191877
2021-05-25,767.8094482421875,770.4216103417223,763.3606664956034,765.6870945616674,5032874
2021-05-26,772.0542602539062,774.625617623508,761.2383170519663,767.3197441376274,5017674
2021-05-27,769.2791137695312,781.1154325945372,765.768993156236,774.6666596503871,9078274
2021-05-28,769.4015502929688,775.2789049436113,765.1976461404042,767.3608056103059,4098094
2021-05-31,771.5646362304688,773.7277953545315,761.2792547805208,768.5851295409876,4171524
2021-06-01,776.05419921875,777.1153762175012,768.9932044951946,773.8501855611252,2944472
2021-06-02,770.3809814453125,776.0542606242366,765.3607304847635,773.0339490635348,3657189
2021-06-03,766.870849609375,775.3195104938192,764.8709103700902,771.4012916752778,4164240
2021-06-04,764.5035400390625,770.7482368754996,763.0342142607401,767.4013866785309,3550303
2021-06-07,775.1561889648438,777.0745182381895,764.9524688604052,766.5034542454208,3282517
2021-06-08,789.5230712890625,793.441289916673,776.6663837209682,777.1153374492517,6385642
2021-06-09,792.8699340820312,804.0532223678613,787.8088784538246,794.9923379637215,5521459
2021-06-10,790.6251831054688,801.3187136230227,788.9925875903791,799.5636535151568,3878256
2021-06-11,802.7062377929688,808.1346368484147,792.2168333953399,796.70647026672,4777035
2021-06-14,803.4002075195312,806.8694727497777,796.7065564048371,802.4206403134783,2236373
2021-06-15,804.4205932617188,810.5836310457831,802.5839234028537,804.1348591677357,2559001
2021-06-16,799.4819946289062,804.8695395690895,795.0739670794048,803.2777490749442,3138753
2021-06-17,805.1959838867188,807.277532831406,798.7880177429395,799.9716592441466,3609989
2021-06-18,796.09423828125,813.603831851186,791.8902856916136,808.1346279399513,5622783
2021-06-21,801.6043090820312,802.7879506638824,784.6661324899212,790.1761417427763,1639495
2021-06-22,800.05322265625,806.6652628192604,796.9104969635616,801.6858177844724,2529648
2021-06-23,794.1761474609375,804.053330885821,792.6251617158701,804.053330885821,2395543
2021-06-24,807.8897705078125,811.8895989819514,791.0740095166057,793.4412925614137,4686567
2021-06-25,812.746826171875,824.460678255571,807.5225009547759,812.2162127369239,5196000
2021-06-28,804.2980346679688,816.2976196412659,803.4001272155044,816.2976196412659,1844159
2021-06-29,802.9103393554688,811.318244911832,800.3798365987806,805.6449663451587,1895170
2021-06-30,802.8286743164062,809.3182500774334,800.7879303552563,800.7879303552563,2682591
2021-07-01,804.4613037109375,806.5020477589105,796.0126432814706,805.6857501397213,2861509
2021-07-02,803.7676391601562,806.175677783287,797.7270155826999,802.8696816970948,1646631
2021-07-05,799.7677612304688,812.9509904924766,798.3392400953288,809.5225298035682,2598033
2021-07-06,793.4821166992188,801.7675577338977,791.9719859835088,799.9716929484222,2486069
2021-07-07,796.1757202148438,798.0123895287556,783.8904532130242,791.8085486642353,3014899
2021-07-08,797.3594970703125,801.6042546153308,791.8086832758358,795.8901713339587,2555624
2021-07-09,797.4002685546875,799.5634770639393,789.0332183863308,793.4412452334344,3218471
2021-07-12,799.5228271484375,802.4614790676391,795.8902922602164,799.9717809384739,2037878
2021-07-13,790.13525390625,802.4205225421472,786.9108684950456,802.4205225421472,2997764
2021-07-14,807.685791015625,810.5428330426892,790.2578047568179,790.3802693442642,4371180
2021-07-15,848.7454833984375,859.1532784581443,808.7877033811102,810.5835681795128,12701032
2021-07-16,820.3792724609375,856.0923004909534,814.7059929007395,852.949573953457,8665827
2021-07-19,816.4609985351562,831.235967501361,810.1754960570935,820.3792176699033,4644600
2021-07-20,797.6862182617188,826.2566411949977,791.2782506529652,815.4815002955883,10216774
2021-07-22,798.8287963867188,801.1960793112769,791.8086570880679,791.8086570880679,6156400
2021-07-23,811.39990234375,819.4812693887914,802.0940887659968,803.8083438055077,5265839
2021-07-26,816.5424194335938,819.562730296667,805.889746499387,811.3997548953058,2477027
2021-07-27,814.6537475585938,823.0302376489177,807.9607556920513,821.2235358453565,2883514
2021-07-28,807.3447265625,817.8974776150995,802.5816407369823,817.1173053390708,2952249
2021-07-29,827.4647827148438,828.6145156700317,809.3568144734157,809.3568144734157,4732101
2021-07-30,841.713134765625,862.2437258887147,829.3537790577411,831.8995523075988,9330054
2021-08-02,850.2948608398438,853.2512454908909,840.1527201961418,849.1451278513775,2536478
2021-08-03,853.6207885742188,856.4950710316294,840.9329246824551,845.8602660380163,3359006
2021-08-04,854.03125,860.436832733321,849.6377247808498,854.9756769762844,3122161
2021-08-05,871.4413452148438,881.1728237313471,848.8986997810593,854.0724479781929,7896314
2021-08-06,862.2435302734375,878.7091007174589,856.5360673348688,871.4412931581219,11584782
2021-08-09,862.736328125,876.04010780253,856.9466627531662,868.6901980866296,6321578
2021-08-10,873.5354614257812,880.5980642454793,860.6422916214799,864.3377976446637,5871606
2021-08-11,876.2042236328125,886.1000052171203,868.1562948550321,879.4891170719862,5011239
2021-08-12,900.4716186523438,904.2903281926117,877.0667475793006,879.5304182185683,6540144
2021-08-13,919.318603515625,923.0141092517141,895.2978162310459,902.5246231026459,7270809
2021-08-16,922.7677001953125,927.4486335106831,915.130282420763,920.5503368509283,3159376
2021-08-17,938.6173706054688,946.0083821950732,913.6522561004131,919.1544135183144,5295838
2021-08-18,931.4728393554688,950.8947969413564,929.2965768336895,950.8947969413564,4871006
2021-08-20,917.5941772460938,936.8108296995924,909.2587375855117,909.5051447664243,3467046
2021-08-23,955.1648559570312,967.5653084617531,924.7385910634939,927.1611598411647,9383780
2021-08-24,946.78857421875,963.2951461884343,944.4070060670924,959.1479274977715,3947317
2021-08-25,947.9794311523438,960.7494980768001,936.4412998600183,952.5372621760616,3447912
2021-08-26,958.7372436523438,962.4738503202195,948.5130521500457,952.5370669661428,4654833
2021-08-27,955.0419921875,960.6263530391777,952.2088107278705,958.7374985680739,3050466
2021-08-30,955.4114379882812,961.1189012027621,948.1436300776013,955.904152037868,2956868
2021-08-31,970.9324951171875,980.048055081916,954.3027207670883,957.5465131958384,7199002
2021-09-01,956.4379272460938,977.6665337377433,954.0563591514685,977.2559220058081,3200410
2021-09-02,963.0899047851562,970.6862225163544,947.6919634381328,962.4739871312753,5224479
2021-09-03,964.732177734375,969.5363145181285,951.1819917947137,963.7056484965218,4533364
2021-09-06,985.5913696289062,993.7625030736745,964.1163557941416,964.9375792658572,4331916
2021-09-07,970.8505249023438,997.7455984971566,969.1259753471957,996.9654761558113,3721585
2021-09-08,976.2706298828125,978.200485242218,958.4090170565994,973.1499401867815,3118518
2021-09-09,984.2774658203125,989.5332160216185,971.5074002991488,978.8984117976208,3388292
2021-09-13,992.3665161132812,997.7865712658169,966.1283646466031,978.8984304105792,3723138
2021-09-14,1017.208740234375,1018.8100863256567,991.2169904842021,998.6080036692542,5593286
2021-09-15,1045.622802734375,1058.515971355721,1010.3101928639034,1017.2084901903272,6063895
2021-09-16,1037.2874755859375,1063.73093479951,1030.7997893062122,1057.0789436568818,3616292
2021-09-17,1037.45166015625,1051.9872756222512,1033.5097473619073,1038.847699970451,4817180
2021-09-20,1048.0040283203125,1066.6047542329181,1026.529021148491,1033.0988068838415,5453683
2021-09-21,1067.179931640625,1079.9088958117907,1048.702403005062,1058.557084944029,4645597
2021-09-22,1080.3193359375,1091.1184432294513,1067.261864393304,1067.5903737884835,5367303
2021-09-23,1090.8311767578125,1097.5240678496536,1079.0055387246052,1089.6403425765175,3037295
2021-09-24,1115.3858642578125,1131.4408258926044,1097.9759638674739,1100.4396346914098,7951730
2021-09-27,1063.6488037109375,1123.392822694229,1059.4195822210804,1121.791476717198,7653504
2021-09-28,1042.1326904296875,1071.6556371086174,1029.8143371149158,1071.6556371086174,8572321
2021-09-29,1052.151611328125,1068.7813888346777,1033.7562833209608,1042.953947324543,4639821
2021-09-30,1050.7967529296875,1060.5692340877672,1042.0095997977737,1060.5692340877672,3589722
2021-10-01,1046.03369140625,1054.4512343596664,1035.2756809493394,1046.238997331943,3372796
2021-10-04,1050.0574951171875,1062.3347468904842,1046.0334797384671,1052.397962147082,2706626
2021-10-05,1071.81982421875,1078.759122391588,1036.5482162874773,1042.9537994062548,3710314
2021-10-06,1047.429443359375,1083.8917857777778,1044.4320578667357,1077.4452015344616,2861608
2021-10-07,1072.764404296875,1082.2494765121999,1054.492179613872,1054.492179613872,2421641
2021-10-08,1085.78076171875,1098.7971352369893,1062.7043994810388,1072.7643882005104,5197831
2021-10-11,1069.97216796875,1088.0390858091257,1014.7448850248738,1067.5905996585702,5264998
2021-10-12,1026.81689453125,1074.9816780789988,1015.2787632531749,1073.2981296226187,12811641
2021-10-13,1039.1351318359375,1043.610860042605,1021.1503172029905,1037.2052766674703,5705730
2021-10-14,1027.473876953125,1062.047368773319,1021.6432097276081,1058.8856781173079,10360519
2021-10-18,1003.042236328125,1045.006730157753,997.7863867518034,1018.3169708413467,23861603
2021-10-19,1011.8294067382812,1028.992997130887,1005.998740211761,1010.1048575187477,10189780
2021-10-20,1012.4866333007812,1037.5339540114367,1002.2213379275618,1017.4960773935072,8222562
2021-10-21,1002.3858032226562,1025.733745906925,984.4195656224498,1025.733745906925,5998795
2021-10-22,988.5591430664062,1012.8591319393161,981.9356312200651,996.2175786387381,3812305
2021-10-25,964.8800659179688,985.2473437347628,958.0495696273706,980.3211474427953,6690819
2021-10-26,966.0390625,978.6236922271512,954.8204509822015,968.6884263162157,5126660
2021-10-27,974.6082763671875,978.0855792491926,961.651012634482,968.6884931402013,3536653
2021-10-28,953.785400390625,981.1073780059814,949.4801594961124,979.6999226161279,4096585
2021-10-29,946.9550170898438,971.172227362961,942.1943689164959,953.785512295082,3558520
2021-11-01,984.5850830078125,986.4479458801028,946.7483086506713,946.7483086506713,4511112
2021-11-02,969.2266235351562,989.4696877522156,967.736293196031,986.0751587206001,3016082
2021-11-03,973.946044921875,983.3431325754685,970.0961082696381,972.8283474594256,2063067
2021-11-04,979.534423828125,982.8876165651702,975.3119559469684,981.1075278413902,256369
2021-11-08,979.3274536132812,987.5655058537694,967.4879886366278,983.1359521297798,3808317
2021-11-09,971.0069580078125,986.0754082870834,969.0612203874084,983.5915911377456,3565461
2021-11-10,967.9846801757812,972.828102002187,962.1476711370684,963.7207750898261,2401325
2021-11-11,960.988525390625,966.8669717280443,953.9924829525388,965.3766414603257,2861259
2021-11-12,970.6339721679688,975.4360573388218,962.8927650782375,967.7776239106415,3812518
2021-11-15,969.39208984375,978.2924316322915,963.3067600900496,969.5163008727529,3619915
2021-11-16,963.2240600585938,973.2420997404878,960.7815798573051,969.4336013159767,3141207
2021-11-17,954.1580200195312,964.3417075836231,952.1296104066681,960.8229677190768,3172985
2021-11-18,927.4569702148438,956.2692798526874,921.9098208796255,950.4737084596409,5384530
2021-11-22,919.0950317382812,932.1350705350008,912.3887462847508,927.4571951342524,3961223
2021-11-23,921.164794921875,927.2915629619398,902.4533960968878,914.8724795294138,4545069
2021-11-24,926.8361206054688,937.7649742471076,921.4545179910518,927.2915274072371,2675632
2021-11-25,931.2657470703125,936.398927999573,919.8401494319412,924.3938135380399,3106454
2021-11-26,919.0536499023438,932.2592354124306,913.4650621234505,927.2916018311921,2207274
2021-11-29,938.1790161132812,947.9900721929296,910.8155941267711,911.6435330544506,3661152
2021-11-30,942.7326049804688,958.6704280663748,938.0547301990465,938.0547301990465,7421904
2021-12-01,957.6769409179688,962.8929967181268,948.1556430140492,948.8180345992893,2918586
2021-12-02,980.8590698242188,982.2666264442014,954.6134499192277,961.9821255569324,4011279
2021-12-03,969.8477172851562,984.9989396025944,968.3988241061604,983.591483798277,2571036
2021-12-06,940.9940185546875,970.88259330893,939.586461752721,968.6057612823126,2493755
2021-12-07,951.840087890625,956.2695413101792,936.7302011989274,952.1298463261525,2299958
2021-12-08,970.0133056640625,978.2926956083901,957.966853935129,958.2566123698261,2525711
2021-12-09,967.488037109375,976.8023496870825,956.2694246446324,976.8023496870825,1734844
2021-12-10,962.2305908203125,966.2047381391072,956.4350182693496,956.4350182693496,957733
2021-12-13,959.6640625,971.5449667857715,954.8206396248604,965.3768617408084,2225682
2021-12-14,962.3548583984375,965.2940822200542,948.4041067232823,957.0974660603356,1972685
2021-12-15,951.2189331054688,962.0234740958841,945.7545570919167,958.9601408802301,1604301
2021-12-16,960.2020874023438,966.9498092861661,951.7571515052657,957.0973166950718,2121810
2021-12-17,969.8477172851562,979.369015318557,964.5488877314752,970.3444604474583,6373455
2021-12-20,960.3262939453125,970.6340922184668,948.4039542718873,960.4090676171011,3091768
2021-12-21,997.6663818359375,1005.904333524808,964.5902629644297,967.7778075395161,6217986
2021-12-22,1012.4037475585938,1015.0531116647823,1001.8888626786157,1008.4296003325487,3809814
2021-12-23,1016.2534790039062,1018.9442802081503,1006.4424240571664,1018.2819897825414,2814281
2021-12-24,1047.5084228515625,1062.908169700064,1031.7362449321506,1044.983269444048,15952929
2021-12-27,1049.1641845703125,1057.2780266107898,1038.276868360348,1049.8265761491632,3372907
2021-12-28,1062.990966796875,1067.2134357396653,1051.4825937853957,1051.4825937853957,3446067
2021-12-29,1069.6141357421875,1075.492480897872,1057.3606013067988,1062.2454603479366,2254162
2021-12-30,1090.4368896484375,1098.2194338910333,1061.997109641042,1069.6142076090919,4518139
2021-12-31,1092.13427734375,1100.703425487394,1083.7306765677363,1092.8794426316254,2231508
2022-01-03,1097.970947265625,1109.3551045984825,1087.9942453217714,1089.8571074307843,2661272
2022-01-04,1104.0152587890625,1106.7060606357393,1082.3232966364087,1100.7449400482733,3367100
2022-01-05,1085.2208251953125,1101.158647728221,1077.976360407627,1100.3307088953427,3510253
2022-01-06,1063.81884765625,1074.4992810332853,1057.278109303897,1068.0413163680714,4409632
2022-01-07,1068.4967041015625,1075.078778646157,1061.5833326808022,1074.2922770322696,3898684
2022-01-10,1066.4677734375,1080.335746066684,1059.7614904689724,1080.335746066684,2529949
2022-01-11,1112.4603271484375,1116.06184181036,1059.761986288769,1066.923679300092,6772189
2022-01-12,1119.49755859375,1123.5958155563778,1102.317827113224,1121.0292252834818,3162044
2022-01-13,1104.6773681640625,1125.5000496547789,1093.8313898591819,1109.4380163686294,4598005
2022-01-14,1107.1197509765625,1111.8803991971492,1070.5248955163167,1092.8792436825506,5636243
2022-01-17,1042.16796875,1053.9660966981132,1029.4591283315226,1053.9660966981132,11973283
2022-01-18,1009.8786010742188,1051.4410986872108,1007.6017688110876,1051.4410986872108,7799487
2022-01-19,992.8643188476562,1010.4994583842215,986.0752600865283,1010.0854889215486,8464215
2022-01-20,981.3008422851562,1003.0500534882831,976.8341424444826,1001.8811717379309,6172404
2022-01-21,975.122802734375,985.0581472648536,964.3108731056082,981.3010919150914,5514748
2022-01-24,939.18017578125,972.2422357195154,927.5750312446386,970.5724336830714,5878438
2022-01-25,938.1783447265625,951.4950786972432,908.7063964363841,930.9147457728386,4725254
2022-01-27,899.8145751953125,931.7077534242175,893.5110317214242,930.9146382210841,8304735
2022-01-28,902.0687255859375,920.227821951497,899.3970832091484,900.8581599282164,7654724
2022-01-31,917.8901977539062,930.0379463917609,912.42155533019,918.9338240243385,7572995
2022-02-01,945.7759399414062,948.8650330262251,919.4347713331548,932.3339516489971,6783774
2022-02-02,977.6272583007812,980.0484915175279,946.1933180484452,954.2083470447246,6982539
2022-02-03,965.771728515625,977.5438121928751,960.9710477817025,970.1549587509456,4169794
2022-02-04,971.6580810546875,974.4131939319775,949.5748826254224,968.4854156505504,3625482
2022-02-07,966.2724609375,977.9610726266964,956.7963568442226,965.9802660285912,3824483
2022-02-08,970.1131591796875,976.7088973474058,958.9255675090789,967.6084562235886,3267641
2022-02-09,985.9345703125,992.6972477481495,973.4945255461248,978.5039313379573,3772972
2022-02-10,993.8245849609375,995.1187225380163,980.2574409807264,989.3160982703381,2053245
2022-02-11,971.5740966796875,984.3481206919521,966.8569883216185,984.3481206919521,3912397
2022-02-14,957.172119140625,972.1168659946536,946.443662700006,947.9047393102705,3243813
2022-02-15,975.62353515625,980.1737045170454,958.549749766608,963.0582352303338,3000492
2022-02-16,974.9972534179688,987.3955106574184,968.4849860211832,983.5132013215119,1885868
2022-02-17,971.0316772460938,980.1738026971025,968.4851883548884,980.1738026971025,1644055
2022-02-18,972.6595458984375,976.917520093726,960.219502138388,962.515479607247,2166690
2022-02-21,972.4509887695312,976.4167687194391,960.3031378405292,962.7243712459044,1706058
2022-02-22,959.7605590820312,963.6010835938815,945.1080046392133,945.1080046392133,3254855
2022-02-23,962.6407470703125,967.6501525190739,958.5080283417302,965.1454497946931,1937649
2022-02-24,917.1806030273438,947.5709201707372,911.7119603010093,923.4005751766632,5469084
2022-02-25,943.1876220703125,952.622044168341,930.914618096144,931.4155383144847,3213276
2022-02-28,940.8917846679688,946.1934883597715,924.2355479445674,934.7552817654863,4571884
2022-03-02,931.3739013671875,938.971480492144,925.905258756661,938.971480492144,3867328
2022-03-03,951.5366821289062,961.8060057696621,935.506622799398,939.2636775094356,3969380
2022-03-04,950.4931030273438,964.1855012561817,937.3017269846997,941.768427422926,3522375
2022-03-07,963.6427612304688,969.6541100033729,927.1576257302062,927.5750762595759,5249845
2022-03-08,981.2593994140625,984.8494133446351,964.3108646624273,965.1457658439532,3805165
2022-03-09,987.4375,997.7068243985402,969.4036564444085,985.1833077742907,3781326
2022-03-10,995.3272705078125,1000.3783605244279,981.008697643981,1000.3783605244279,3834327
2022-03-11,996.412841796875,1007.8510499082996,982.0943670974581,985.1834609116207,2770879
2022-03-14,1004.260498046875,1014.2376246623949,983.2210367439005,996.4124094312348,5740660
2022-03-15,982.5531616210938,1013.8202633166452,975.2477783160517,1007.7254456212195,3003066
2022-03-16,1001.4637451171875,1004.3441127879314,989.3576806701685,993.6574411846763,1894018
2022-03-17,999.293212890625,1014.4049034141237,994.2003362280066,1014.4049034141237,6987787
2022-03-21,975.2060546875,1010.1466376024841,972.7430358378889,1001.7976284511562,4046440
2022-03-22,982.1776123046875,986.6443125238598,970.4055279225505,976.8342252193069,4516870
2022-03-23,985.767578125,994.2418437287456,976.8341781174145,993.5321982561737,2338886
2022-03-24,995.2855224609375,996.8718548410797,975.9993285671877,975.9993285671877,2351703
2022-03-25,984.6405029296875,1001.0463284455869,981.3426846493333,1001.0463284455869,2489854
2022-03-28,971.7830810546875,991.5285121782312,966.9823997964954,989.2743200062565,3406258
2022-03-29,974.9137573242188,981.0085747681479,971.5324697696681,974.3293674505776,2443230
2022-03-30,972.8265380859375,986.8111288821791,970.2383655457777,982.9706049274306,3073672
2022-03-31,971.6160278320312,980.8417245450133,969.320050107831,980.8417245450133,3006639
2022-04-01,976.5420532226562,980.1738524801203,961.8478148294497,969.32013861109,2479745
2022-04-04,991.0692749023438,992.6555052723811,975.1643700522217,979.5058144947078,2282137
2022-04-05,998.0824584960938,1004.3860024368113,988.6063515912598,993.5322883622655,2634464
2022-04-06,977.2516479492188,997.6232533047453,974.7469448788663,993.5322179065104,2838968
2022-04-07,979.5895385742188,985.8095112386251,970.9900161511928,973.1607387102489,3391918
2022-04-08,972.9518432617188,985.1831630850401,970.6141816518304,984.3482620993747,2656091
2022-04-11,946.3603515625,971.8248338939127,944.899274707419,971.8248338939127,5679058
2022-04-12,944.3983154296875,953.2064600992203,934.7134839166797,943.2712194285261,2906617
2022-04-13,939.346923828125,954.3751390941511,937.5936524304101,947.6124626077608,1971580
2022-04-18,919.8522338867188,929.0361454571783,905.5336604639939,926.7401675645635,4391701
2022-04-19,893.5528564453125,931.7077939917177,883.9514942877595,931.6661100888385,3422431
2022-04-20,909.5413818359375,914.0498686703819,888.9192611780724,897.5187842496357,2573318
2022-04-21,917.7232055664062,922.6074583069988,902.611516744285,914.2166618765469,2547848
2022-04-22,920.102783203125,947.5709474174314,902.6115442898437,907.2035002658888,9567571
2022-04-25,909.9166259765625,916.7210879507744,899.4386819773599,915.8027174445268,3565801
2022-04-26,913.6322021484375,924.2354040479196,905.9093679231048,921.7307010559199,3213714
2022-04-27,914.7174682617188,918.3075831440786,897.1845481617316,907.5373404136196,3288792
2022-04-28,927.3654174804688,935.6841601558217,911.0675952982166,926.940993948441,5202061
2022-04-29,916.1182250976562,934.1562258234615,911.9588536182529,928.6387197190975,2988180
2022-05-02,905.6348266601562,918.4523948103241,901.4754559044032,910.8127723026597,2584604
2022-05-04,887.002685546875,913.3594279592955,879.2358179162329,913.2745639778998,3385725
2022-05-05,910.0066528320312,912.6804385304854,888.8278537042704,898.9291557820027,2982126
2022-05-06,891.4591064453125,896.9342319417203,873.4211071187799,891.2045145085864,4075606
2022-05-09,913.4442749023438,919.2164761959318,877.7926993830629,886.1963057649837,4207192
2022-05-10,910.4308471679688,920.9989503581131,905.380145591371,910.8127868518483,2473518
2022-05-11,900.5419311523438,916.1607388983816,894.7273490988524,907.4175721068019,2895668
2022-05-12,899.2685546875,909.0726756077248,885.9840780862824,891.3742359453264,3195189
2022-05-13,893.114501953125,915.0571788862858,887.1300884172488,908.2664020485397,2496626
2022-05-16,886.6632080078125,905.6772986140531,882.9706405263738,894.6847710061314,1415370
2022-05-17,919.2164306640625,921.847835622053,887.342184586982,898.2498477377119,2620776
2022-05-18,911.4069213867188,931.4821723154496,908.9453481468629,919.7681466717186,2865869
2022-05-19,856.8262329101562,898.3348743749088,852.7517256229442,895.6185016437593,4729354
2022-05-20,873.3363037109375,878.1323104706634,863.1077066864977,873.4636514976439,2005622
2022-05-23,864.3809204101562,880.2543702353183,861.3675238151294,868.3705118136264,2285466
2022-05-24,841.8440551757812,867.8612377762058,837.8120317201876,867.5641102253496,3418456
2022-05-25,827.1591186523438,842.7354431870202,817.4398083880074,842.0563758264832,3904551
2022-05-26,832.4642333984375,836.9631119751448,822.5751454793907,829.3234892492054,4278059
2022-05-27,852.1575317382812,857.7174692767129,839.5096905999783,839.5096905999783,2795530
2022-05-30,882.7161254882812,894.1330776064751,862.131583185619,864.9752002644485,3562969
2022-05-31,883.4376220703125,887.7243413862459,866.2060362486678,887.0452222565232,5185485
2022-06-01,864.0413818359375,887.4270545094416,858.6511723014039,883.4375150579165,2554081
2022-06-02,882.546142578125,890.355596779,855.0435321687501,858.5238357893253,3560227
2022-06-03,885.347412109375,907.9692051560115,882.9705990856354,894.6422452184291,3556955
2022-06-06,880.509033203125,889.0398833686877,866.8001334502538,881.1031846546103,1997494
2022-06-07,868.2857055664062,877.4956757317805,860.0094464724426,874.312499157179,1839248
2022-06-08,874.4821166992188,877.538048720163,862.4285310397732,868.4553238694959,1665512
2022-06-09,873.1664428710938,875.7553639180294,858.7784765908561,870.0256469594,1654005
2022-06-10,861.8767700195312,869.0071054547584,855.8075451306318,859.0331533286598,2260855
2022-06-13,841.886474609375,850.5447246836255,833.9922075864891,845.4516424998912,1738804
2022-06-14,846.2155151367188,849.653334800269,830.2996353892594,838.6607568261229,2461791
2022-06-15,840.2735595703125,854.7888207075836,838.6607297508367,839.5095766432971,2408630
2022-06-16,819.094970703125,854.7889787694814,816.2937858019299,854.7889787694814,3198618
2022-06-17,813.83203125,817.5669786361236,801.3539704480725,808.4418737224992,4302066
2022-06-20,814.935546875,819.9861968552128,808.1872029054388,819.1373498605387,1305407
2022-06-21,837.472412109375,848.7621184228657,817.9914153109635,824.8246231573602,2128325
2022-06-22,815.9966430664062,831.0212459235557,814.171653029809,830.1299669001467,2575065
2022-06-23,824.4427490234375,829.7480434186978,813.7048124436246,816.6757773049703,2169033
2022-06-24,820.5804443359375,835.7323432836303,814.893158803221,835.2654877733015,1922313
2022-06-27,842.3531494140625,854.6189967372081,835.4350786842502,837.090340400782,3626024
2022-06-28,850.5022583007812,854.7889252701748,834.6288091081424,840.2736623573151,2702471
2022-06-29,838.2789306640625,849.0592990341977,836.1143809534464,836.1992449383667,3150015
2022-06-30,826.140380859375,845.9185065098266,823.3391959920598,840.3585687652517,3741119
2022-07-01,827.9229125976562,833.1009104576083,818.4582994976502,818.7129432393996,2827579
2022-07-04,835.7747802734375,839.934151520182,826.310166801843,827.9229451025818,2738846
2022-07-05,833.6951904296875,851.0965557801641,830.5544458337961,838.15163765359,2476050
2022-07-06,837.472412109375,847.9981354149048,831.9124747365744,833.5677367141507,2998254
2022-07-07,840.2312622070312,849.6110638974933,836.071942596815,846.3005395585639,2985141
2022-07-08,834.8836059570312,847.9983048168533,831.1487095740796,847.9983048168533,3141642
2022-07-11,800.9295043945312,831.1484859601545,797.916108177676,827.6257505034406,5787815
2022-07-12,787.560302734375,805.1738794715466,784.6742537764021,793.6720120123083,5305354
2022-07-13,779.029296875,794.520753881776,768.2064981442386,789.4276721261236,12874342
2022-07-14,766.5088500976562,787.3480338330937,757.4261767279527,786.1596791046948,4916497
2022-07-15,749.6592407226562,768.2065267496595,744.7358867279244,760.566903831707,5591590
2022-07-18,764.2169799804688,770.3286890322134,754.4976710076365,759.718101029015,5156225
2022-07-19,763.701904296875,770.3972684075326,759.6675014380684,763.9594082258541,4636293
2022-07-20,787.4791870117188,788.6808896432087,768.3372381844234,776.4918622061411,4827089
2022-07-21,793.5307006835938,795.6766541970486,784.1743224083538,790.5692743567375,3498709
2022-07-22,789.9254150390625,799.9255784408484,780.2686251241595,797.7796251264256,3514659
2022-07-25,798.8526000976562,800.0113939284237,784.560530097188,789.9254133719226,2120224
2022-07-26,784.13134765625,797.9942271400815,782.0712115005775,797.0070676506054,2780103
2022-07-27,796.9642944335938,797.7368063296097,782.0713443422283,782.9297258209889,1742497
2022-07-28,812.1146850585938,814.6040122697376,800.6124048344371,803.3592360074191,2843497
2022-07-29,814.0889892578125,828.938977884976,813.0160124438347,821.4710487814014,3617725
2022-08-01,817.3079833984375,821.0419220455146,811.342221369477,818.8959682503094,2489519
2022-08-02,816.3636474609375,818.7671049835211,807.7798331721069,817.3078984675756,2545241
2022-08-03,821.6427612304688,825.5912950727405,815.5053127061107,816.3207855885107,4119614
2022-08-04,822.4152221679688,832.5870734870081,811.8571411209138,828.3380749558369,3513266
2022-08-05,822.11474609375,828.2951023531657,819.7541973579026,826.5354310465494,2565683
2022-08-08,829.2392578125,830.9131118528878,815.5051567901382,822.1147033854373,1746911
2022-08-10,817.2219848632812,830.0547970120244,813.8313679235685,829.2393242202289,3271939
2022-08-11,826.0633544921875,831.3424212834514,822.9732022772421,828.3380862555814,3594584
2022-08-12,820.9561157226562,827.4797943898967,818.8959790953957,827.4797943898967,3022304
2022-08-16,822.5010375976562,831.7715458971694,817.7370314817966,831.7715458971694,2784861
2022-08-17,841.728759765625,843.703078851592,819.7542174074063,826.6212684432797,4649125
2022-08-18,835.6342163085938,844.175120934052,830.9989362168707,844.175120934052,2829269
2022-08-19,832.6729736328125,847.2654593086938,829.883233724188,836.4927818321419,2880969
2022-08-22,823.5740356445312,832.6299488365787,819.9259147346802,828.3380418838129,3616799
2022-08-23,812.8012084960938,816.3205505862121,806.0199758154081,815.4192607720532,3753715
2022-08-24,814.7327270507812,818.7241691273078,810.4408200492841,815.3765131010058,1494361
2022-08-25,810.140380859375,818.8100647126677,809.1532736525398,818.8100647126677,3316314
2022-08-26,811.7284545898438,820.6126818097619,810.0975088472413,814.2177294073274,2195046
2022-08-29,787.5650024414062,791.427719074634,772.6291438363472,783.3589122619795,4974880
2022-08-30,805.977294921875,811.3850877259697,792.8869774526119,795.6338086457631,2998417
2022-09-01,794.9041748046875,799.1531736930531,786.4920466125241,787.3933367060686,2953921
2022-09-02,793.5307006835938,804.3033768428481,788.8525115459737,799.3247751699216,1750283
2022-09-05,803.4449462890625,808.852738333874,791.856798025278,794.8611327603332,2279812
2022-09-06,804.9901123046875,809.3678891289698,795.7625117289602,803.445036174948,2108615
2022-09-07,799.75390625,800.4835094336046,792.3717952791949,795.719503467186,2709547
2022-09-08,799.1959838867188,807.6510720258377,796.5779311215581,803.7883557650111,3214686
2022-09-09,814.1748046875,818.0375212094756,801.9857776287549,806.0201809188851,2206526
2022-09-12,820.226318359375,827.0504608184696,818.4666470061346,819.8829972417466,2517615
2022-09-13,820.0975341796875,823.8743805532628,815.8485361669071,819.7541606950725,2442828
2022-09-14,800.0115356445312,805.5481066431074,795.3333461219685,801.1274210850592,6761712
2022-09-15,789.6250610351562,804.0458578982311,786.5348565985702,803.8741711420693,2995215
2022-09-16,769.8822021484375,787.9940264624041,766.877867624888,785.5046997577457,5095937
2022-09-19,770.6549072265625,778.6808057593831,761.8135881744893,770.7836854093126,2686561
2022-09-20,784.560546875,790.4404381132753,774.259970767232,774.5174746916383,1836721
2022-09-21,773.358642578125,784.3459127379174,771.5560104135781,780.26860156363,1819649
2022-09-22,770.526123046875,776.7493885068591,763.7448886925212,770.4831620615809,2315711
2022-09-23,768.9810180664062,783.3589076725178,765.676270367252,769.5389869778492,2569608
2022-09-26,778.29443359375,787.4791251433252,757.0924023247346,765.0324303536505,4182702
2022-09-27,788.6378784179688,790.9555185797709,779.0669052498438,782.2000181859853,3545337
2022-09-28,790.3975219726562,795.6765881340247,782.7149985540601,783.7021580448652,4154139
2022-09-29,792.3289794921875,799.1531224337941,786.792408713471,795.7195966660872,2928360
2022-09-30,800.3118286132812,803.0586594043525,781.1699350368604,791.3417854424999,3229901
2022-10-03,798.5092163085938,800.7409867655123,786.2772826000235,800.3117961090711,1598950
2022-10-04,812.0287475585938,816.3206542581635,804.346224088076,809.0244128688948,2331351
2022-10-06,827.9517822265625,830.8702999901449,820.1834409097355,820.1834409097355,3713623
2022-10-07,822.0718994140625,835.1622161168615,819.7542590933109,828.3380733246545,2174327
2022-10-10,826.8358764648438,830.1835848527344,808.7669586279649,808.7669586279649,2758812
2022-10-11,805.6766967773438,834.3466542055929,803.4449262720524,830.9989460562172,3134969
2022-10-12,817.1790771484375,827.3938365693697,809.7111486331834,809.7111486331834,3502390
2022-10-13,843.016357421875,848.9821186686498,832.0290859092827,834.389634774511,9698562
2022-10-14,860.5702514648438,878.1241613563654,853.2311010637608,862.6732963471626,7424383
2022-10-17,853.74609375,864.2183569926359,850.741758940556,863.2741584376729,2136170
2022-10-18,866.2784423828125,870.0982497516819,857.6087595783146,858.3813237262434,2487826
2022-10-19,863.2008056640625,872.607431925864,861.7702805109875,872.607431925864,2517099
2022-10-20,882.0574951171875,883.704710468669,856.5684924940678,858.3024368108574,3931399
2022-10-21,890.5537719726562,892.8946603339625,877.0290272675104,886.4790451004193,2071897
2022-10-24,894.3683471679688,900.6538945413921,892.9812130518679,897.3160733094013,398105
2022-10-25,889.9468383789062,899.2667882206728,885.0918159067152,898.1830731227928,3068136
2022-10-27,894.7586059570312,899.4401706726999,883.9647397187691,893.8482429114533,3313674
2022-10-28,892.9811401367188,901.4341169486926,889.0797662235001,894.6716931664973,2423629
2022-10-31,902.6480102539062,912.4881222827588,898.5298928374283,900.7839990990844,2418565
2022-11-01,919.0336303710938,920.5941163353774,905.9856605822479,909.4535482782564,2275488
2022-11-02,906.1592407226562,924.4957226970616,903.8184582712685,923.2819405316324,2799322
2022-11-03,906.1159057617188,909.6270792456223,895.6688496900407,896.4491457414263,2396164
2022-11-04,906.2891235351562,909.4535923775154,895.9721359729548,906.1157714745634,1709158
2022-11-07,907.8497924804688,915.262339920504,900.4805301434872,908.6733735855123,2213508
2022-11-09,913.3117065429688,920.2474832680194,909.6270751577855,919.7707121171046,2307691
2022-11-10,912.4446411132812,921.0710760315494,907.7630769680186,910.3206020411359,2321667
2022-11-11,945.563232421875,952.5422949951013,926.8799395482346,928.5272078620152,3923101
2022-11-14,952.8024291992188,956.2269269897381,945.0430704933252,949.3345404669194,2170007
2022-11-15,957.050537109375,958.9578334261543,944.0459554089076,948.034005964073,2172420
2022-11-16,958.177490234375,964.4630377471425,953.105724786935,960.1715683296667,2213697
2022-11-17,947.2102661132812,954.189326957806,944.2191493243085,949.4209811330899,2460883
2022-11-18,956.4002075195312,958.8710566166557,939.7976721269935,951.9786713723278,2623894
2022-11-21,949.7680053710938,959.1746321812999,947.2537649299512,952.7157318941034,1733741
2022-11-22,956.6171264648438,958.784556919118,943.2657337002006,945.9533262971878,2529146
2022-11-23,956.6171264648438,963.6395799703796,953.4526568352901,961.4287585743937,2217599
2022-11-24,979.3317260742188,984.0133968820846,956.7037739730224,958.8712043626305,3295202
2022-11-25,978.117919921875,986.2241940456224,971.5723438045889,984.1867248640674,1977441
2022-11-28,969.9683837890625,982.0626017025251,968.4077917472704,975.3435682324791,2368293
2022-11-29,978.7680053710938,987.2643733757927,969.3180951561566,969.9683241616731,1785948
2022-11-30,971.7023315429688,979.5917561580774,968.4077953675582,977.07751600648,6053488
2022-12-01,985.2271118164062,997.5814641938823,978.2913350430863,979.6784692314393,3919684
2022-12-02,984.490234375,988.6950279957128,974.3465970599448,985.227139511569,2944923
2022-12-05,980.4153442382812,990.0387130494136,977.2508750163255,982.4960983726874,2646466
2022-12-06,971.832275390625,975.3435545195149,959.7380576472026,972.395828388435,2807894
2022-12-07,958.7843627929688,968.0609209264018,955.4031508025855,965.8068148766608,2399879
2022-12-08,954.8397827148438,965.5902588392773,952.6290671699752,965.5902588392773,1752350
2022-12-09,890.8139038085938,931.9950818435409,884.918503641484,931.9950818435409,12415478
2022-12-12,891.5940551757812,900.9140044811116,877.7658407396013,888.6463291129023,4275785
2022-12-13,905.7256469726562,907.633048957726,893.9348484064571,894.8018204456122,2284909
2022-12-14,915.6959838867188,916.6497379600773,905.9859377004504,905.9859377004504,2425507
2022-12-15,903.6882934570312,911.8812428131012,899.1366902030642,911.6644998010075,1906369
2022-12-16,892.6777954101562,907.2428623995445,886.3488570915412,892.9812144623529,5159215
2022-12-19,895.7988891601562,899.4835204487415,887.2158445216122,892.6778108820179,3328172
2022-12-20,892.7211303710938,895.8855997071324,876.9422804601423,890.3803480302187,2629849
2022-12-21,901.9542846679688,913.1382444561467,897.3160057081527,897.3160057081527,2878658
2022-12-22,900.8707275390625,914.3521866192262,896.1023807794826,906.8528564583021,2623451
2022-12-23,893.50146484375,905.2055887144427,890.4670623587557,892.5478166576352,2177675
2022-12-26,894.455078125,903.1681901102336,892.1142957748311,893.848239984306,1680715
2022-12-27,898.4865112304688,902.3012096221822,893.2846786503745,900.784008452988,554319
2022-12-28,897.7062377929688,900.1771929960079,889.9468796648026,892.9812820796363,1397806
2022-12-29,905.5090942382812,906.8529435139749,891.334119585806,892.9813879726521,1277244
2022-12-30,901.0443115234375,914.8724767281822,896.7094502264548,910.3208723663504,1860560
2023-01-02,901.1741333007812,903.8184406155411,894.2817472373436,900.8707142232411,701880
2023-01-03,902.8214111328125,906.6795006304336,896.0157010430163,900.7840477829646,2484372
2023-01-04,898.7032470703125,903.3849175212825,894.2817105788896,898.3564370681011,1219170
2023-01-05,905.2055053710938,910.1473096048799,895.6688127248804,903.2115331349065,2294943
2023-01-06,895.4088745117188,908.5001327469406,888.8631924783275,905.1189202120204,1887689
2023-01-09,925.44921875,928.5270116815616,901.694270623381,905.9423487566899,4562242
2023-01-10,922.328125,929.9141298681253,915.7825500127136,919.8572760092617,2297082
2023-01-11,914.4822387695312,935.983083946777,910.7976072423633,926.7932005982696,3594167
2023-01-12,929.0906982421875,931.5615476303165,919.8574239513874,919.8574239513874,4748542
2023-01-13,934.422607421875,939.7977923146673,902.517990590008,905.0322309424015,8253765
2023-01-16,948.2073364257812,954.0593980575077,935.0727938731499,942.398665731356,4508538
2023-01-17,963.2493286132812,965.763462867276,949.3343850207685,951.8486251063113,4390338
2023-01-18,966.8038940429688,976.0804525620557,965.8935310660231,970.0983243044589,6905092
2023-01-19,972.2716674804688,973.977517971505,961.2052107047336,964.354530651594,2298287
2023-01-20,969.122314453125,981.0198042846989,968.466201703709,971.9654697005944,4747128
2023-01-23,980.8448486328125,982.3321017139023,969.428550030536,971.9217573030429,1696834
2023-01-24,995.410400390625,1000.5280579599146,980.8446774709746,984.9563810243907,4861107
2023-01-25,982.2005615234375,992.7858234383142,976.9516607270531,992.7858234383142,2692236
2023-01-27,975.9458618164062,992.3050044264544,966.6728226134273,982.200824967625,3864525
2023-01-30,992.6984252929688,997.247430219094,967.3725200798128,975.9456611773822,3508427
2023-01-31,981.719482421875,995.2791443712887,973.6712096578921,993.7919983570218,4582858
2023-02-01,990.3804321289062,994.6670573398376,974.9398887288079,994.6670573398376,2393911
2023-02-02,1005.6893920898438,1010.8508326711811,992.9170879115453,995.3666177163312,3048359
2023-02-03,1002.6715087890625,1011.8570871322356,996.0665978361554,1009.5388007639792,1814055
2023-02-06,1002.2777709960938,1005.9082828199369,986.7935531700033,993.0921927086071,2070175
2023-02-07,987.01220703125,1008.6639261750776,984.9564085915906,1004.1585976014559,1931191
2023-02-08,1001.6653442382812,1005.1646118164062,990.9050537198782,991.9548980668187,2848255
2023-02-09,1002.8463745117188,1007.7891115642922,995.5416744445873,1000.7905760673179,1501083
2023-02-10,975.9894409179688,988.5430413686668,962.2985358456048,984.8688533111045,3185163
2023-02-13,973.6713256835938,980.8885659683104,966.6727896499291,980.8885659683104,2009185
2023-02-14,984.5626220703125,999.3908323681006,978.0452789823862,980.6697296415517,3938046
2023-02-15,991.080078125,992.5672241254618,979.4449707478403,984.1690033216183,1648954
2023-02-16,986.9247436523438,1007.9203500301022,983.2942320250211,996.0665378803222,2369355
2023-02-17,970.6531982421875,981.2821388481088,968.9035643265884,981.2821388481088,1958807
2023-02-20,976.0330810546875,992.6546005954572,968.9470861872445,970.6530430557157,1706036
2023-02-21,966.84765625,981.5884073776622,965.0105620017664,980.6698068589558,1313278
2023-02-22,955.8250122070312,967.1539561859635,953.5942929787005,957.9245943195407,2212194
2023-02-23,957.3558349609375,972.7525907504606,955.7374450845323,966.497735465683,2139983
2023-02-24,957.7932739257812,966.2352784771922,946.5518979740352,959.6741516428066,1684570
2023-02-27,948.2576904296875,953.5503751357869,941.3029391248685,953.5503751357869,1834553
2023-02-28,942.7026977539062,959.586707135182,934.3919369599553,947.8641389732477,20793703
2023-03-01,963.260986328125,965.7979770096288,942.4840823843037,942.4840823843037,1655100
2023-03-02,967.5037231445312,977.1704927581214,953.8129238742907,953.8129238742907,4074162
2023-03-03,978.920166015625,988.2806646550629,971.9654139861451,975.4208982193226,3253621
2023-03-06,985.6561279296875,1004.2897700371595,982.6818359933168,987.6682494529208,4091674
2023-03-08,980.363525390625,983.2941404835211,968.6847417880891,972.7963382719532,3209393
2023-03-09,976.8643798828125,985.6562262585735,974.5898771443202,981.5008456979738,1834324
2023-03-10,976.5582275390625,978.1766175777354,966.6727530501173,966.6727530501173,1193681
2023-03-13,961.0739135742188,991.692507896649,957.9245938017481,980.6260517337056,3028387
2023-03-14,948.3453369140625,965.2730231737162,932.5548485913804,961.03018241554,3683544
2023-03-15,944.4962158203125,960.4616264153574,940.8657038340128,957.968419269311,1528510
2023-03-16,938.1536865234375,951.4071842214989,935.7479399930334,948.25775787763,1812907
2023-03-17,969.6907958984375,977.2579837987531,948.3453479613963,951.9757528365623,5350523
2023-03-20,954.2940063476562,969.5596255235677,950.2698699134525,966.6726870005662,2066169
2023-03-21,948.2142333984375,964.3983490204978,942.2654346703277,961.4239496564429,2421127
2023-03-22,946.0708618164062,967.3289589776232,943.9713863148664,955.2564408978126,1382329
2023-03-23,932.4674072265625,945.1522529861052,928.1807828189503,942.1778540018939,2178855
2023-03-24,920.0888061523438,953.5505573625431,915.9772088500335,938.6786679357879,2688253
2023-03-27,919.8699951171875,932.1174320469456,914.0087644450448,921.444708295255,1459887
2023-03-28,910.7720336914062,930.6304453296307,909.2411038130697,924.5067258162845,2965015
2023-03-29,933.8670043945312,936.0540465593897,911.6466346417365,915.0584417767492,2478745
2023-03-31,949.3951416015625,959.5867809272944,935.529313621104,947.7767515224373,3131614
2023-04-03,960.6802978515625,961.6425751816492,951.8008840551598,953.506734468078,1540702
2023-04-05,972.0967407226562,973.6714542538408,932.6862935525679,949.4827395356068,3342291
2023-04-06,955.1688842773438,970.2158001866584,949.5700343294402,970.2158001866584,2378264
2023-04-10,965.0104370117188,966.6726103692818,954.8625830027792,955.1687475396333,711625
2023-04-11,950.9260864257812,970.9594172400584,949.1764524121184,965.7979755419158,2318905
2023-04-12,957.487060546875,960.067727587821,944.8896763093018,955.3000183802535,2715967
2023-04-13,937.6724243164062,952.6755547317694,929.9303165104416,952.6755547317694,3071057
2023-04-17,911.734130859375,922.9318298998958,889.0326750102076,922.9318298998958,9509446
2023-04-18,930.6739501953125,932.9047760359156,914.3585934335522,918.1641324309543,3686404
2023-04-19,908.6723022460938,939.5095990208142,906.7039641540903,939.5095990208142,4322881
2023-04-20,907.6224975585938,916.1081784345587,902.6797609128507,909.8095397213855,3057560
2023-04-21,917.63916015625,939.5533665898677,907.8412534251725,922.0570282921047,7708194
2023-04-24,922.100830078125,926.3436708413542,915.0585110584199,924.6814973123803,2033625
2023-04-25,921.5757446289062,926.2561000894682,913.6587164099668,918.9512941452252,1237595
2023-04-26,932.1611938476562,933.4296356415281,916.8081144820256,922.9318328039476,1647101
2023-04-27,937.1475830078125,940.42814630889,928.1807099848672,932.1611695058426,1654910
2023-04-28,946.8015747070312,950.9390153034717,937.5925028079844,943.1090178604404,2629188
2023-05-02,949.871337890625,956.3221522644021,946.712619820545,946.8015748476888,1905168
2023-05-03,942.2191772460938,946.7125462165751,938.7046393406831,944.9330113552658,1649820
2023-05-04,949.2039794921875,950.2271251903095,932.7432813136531,939.6389791992553,1403672
2023-05-05,939.1942749023438,952.0068420140763,936.1245113789053,949.2041608422684,1641673
2023-05-08,957.1674194335938,958.7245126095257,938.7047432046865,941.3740457919984,1389075
2023-05-09,960.0590209960938,963.2621619012328,948.536576655021,952.9408818228142,2981949
2023-05-10,959.436279296875,968.7788374684762,953.9196559698918,964.6413971267863,2091411
2023-05-11,968.1559448242188,972.159898366597,960.9933819891457,962.8618719194174,2653108
2023-05-12,974.7403564453125,981.7695418522408,958.6800086328234,966.2875646733085,1585037
2023-05-15,978.5216674804688,984.0381817418923,972.3378276899609,977.8098101371065,1523466
2023-05-16,970.4692993164062,983.4599907775992,968.1559257048887,978.9220899611663,1166324
2023-05-17,956.0997314453125,973.3611344308252,945.5558994487504,970.2914799344838,3602382
2023-05-18,960.8597412109375,965.3975327758046,954.7203250400354,962.6836990306272,1515743
2023-05-19,974.6068725585938,982.3033836551821,963.128849341956,968.6009415443976,1984436
2023-05-22,996.40625,998.2303170711987,968.9124087511177,974.6069432560524,1864932
2023-05-23,985.2839965820312,1006.6384160874422,982.3032972489065,996.5395769191805,2138096
2023-05-24,989.3768920898438,992.0907263115299,976.9646793632825,977.8989786498807,1302744
2023-05-25,992.9806518554688,994.9826289761452,981.458204762149,986.9301886672962,1124803
2023-05-26,1013.6231689453125,1014.6464233702686,991.2010697011656,992.0908372682222,1635167
2023-05-29,1002.0562133789062,1021.4086584028229,1000.454696890279,1019.6736550532581,1288914
2023-05-30,1010.6424560546875,1017.8940833538692,1003.7023342912514,1004.5475700231802,1983735
2023-05-31,1018.8726806640625,1026.213262093363,1007.305703866377,1009.7081411390258,5967930
2023-06-01,1016.025390625,1027.8148083830818,1012.2438792686341,1021.4529499077711,1445692
2023-06-02,1011.710205078125,1024.211373602878,1006.8609069111471,1021.453116005494,1336554
2023-06-05,1012.8223266601562,1021.8979111585966,1010.7758180898264,1017.8939576538394,1435758
2023-06-06,1004.1918334960938,1007.4840392496984,990.9788044923737,1005.4375300349111,1943605
2023-06-07,1004.5922241210938,1008.8186205235633,993.1586227514608,1008.8186205235633,2459039
2023-06-08,1002.54541015625,1006.5493634251234,995.0269191303723,1004.5919186060144,1385218
2023-06-09,987.4195556640625,1006.3271164280735,984.0383954699927,1004.6365363310387,1824218
2023-06-12,1014.0235595703125,1015.1801921591772,988.9765825625993,990.2667020001554,1670970
2023-06-13,1006.5940551757812,1018.7392951297453,1004.8145201068693,1018.7392951297453,2014656
2023-06-14,1010.6424560546875,1012.911406766586,1001.9227991804929,1012.5554780215936,836964
2023-06-15,1017.5383911132812,1020.5636232275601,1011.265593558406,1014.3352488922568,2109652
2023-06-16,1021.6309814453125,1027.0141181679373,1007.6171435755745,1023.2326063618176,2909817
2023-06-19,1012.1549682617188,1026.7026438011928,1010.2863697953936,1021.6309043577465,1278608
2023-06-20,1039.826904296875,1041.6953944924057,1007.6617845506295,1008.1066683407181,3504867
2023-06-21,1041.42822265625,1046.0995015635378,1033.5983346087362,1045.4767078215739,2019683
2023-06-22,1035.1556396484375,1041.4284360119527,1031.1071536537072,1041.1615709025184,972005
2023-06-23,1036.7125244140625,1041.5172901737471,1024.1222937798568,1033.8207803178118,1699790
2023-06-26,1038.803466796875,1046.3219580787663,1034.8440452085063,1038.58102494103,1190307
2023-06-27,1041.02783203125,1044.9872534168073,1032.3080682830932,1038.3585298978367,1504039
2023-06-28,1041.25048828125,1044.5425848113346,1037.9138599274327,1044.0977010308256,1424076
2023-06-30,1056.9993896484375,1062.3825271386684,1036.5792664292703,1041.3395014235068,3036648
2023-07-03,1051.349365234375,1063.272272692852,1045.0320370525144,1058.8234347317941,1749952
2023-07-04,1059.3572998046875,1061.4927638017325,1048.6356652214863,1051.7053200449689,1094468
2023-07-05,1063.0943603515625,1070.0344823874786,1056.687968532785,1062.3825028336291,1653610
2023-07-06,1050.50390625,1065.9413489717879,1045.4321668835432,1063.094136727387,2334220
2023-07-07,1029.9949951171875,1052.550582997744,1026.6139432642988,1048.2797635076402,2159585
2023-07-10,1000.5435180664062,1033.8208431024361,996.539564459204,1032.13026318989,3960400
2023-07-11,992.001708984375,1006.994268148036,989.4213617677191,1006.994268148036,4982603
2023-07-12,988.13134765625,1000.5435609245753,980.9241439632121,996.2726334482711,3824027
2023-07-13,986.57421875,1000.4545696234343,967.2217761878887,978.744221532066,12294227
2023-07-14,1024.077880859375,1029.549972815045,989.0211275599186,991.378924590023,6605038
2023-07-17,1026.5693359375,1042.807594122427,1017.5827051853953,1024.9677108626195,3159479
2023-07-18,1038.53662109375,1041.0280136318827,1020.0295215754815,1031.1960389463457,2431478
2023-07-19,1040.1829833984375,1045.3881027719735,1029.4612390619136,1036.5793807321775,2242397
2023-07-20,1037.26611328125,1043.548223063414,1030.26600427489,1041.0353353300281,1990001
2023-07-21,1001.0540771484375,1022.996653307911,982.701387297508,996.1630501371999,5259150
2023-07-24,998.7658081054688,1012.0479183434938,997.0606419829949,1005.1376408829472,2672505
2023-07-25,997.55419921875,1004.2401150561103,991.7656180794696,1003.7913929314203,2506726
2023-07-26,1000.6503295898438,1005.900356494024,996.2528308948393,996.342553408758,1969964
2023-07-27,1002.7592163085938,1007.5605206832697,995.220663408907,1000.6502444301424,1769815
2023-07-28,990.3746948242188,1003.7914432038735,984.9001969877845,999.797859914644,2031899
2023-07-31,1002.1759033203125,1004.6887909233991,983.5988520339843,994.3681825307067,2526624
2023-08-01,1021.7401123046875,1024.881166668382,997.8681210508643,1005.1373963823013,2710536
2023-08-02,1014.9195556640625,1020.3939427695443,1006.4835592049639,1020.3939427695443,2701150
2023-08-03,1010.073486328125,1019.0928447089265,1000.6952378944204,1010.5222084455519,1608187
2023-08-04,1026.9901123046875,1034.1696649535445,1010.5220353266276,1014.5156176670425,3315303
2023-08-07,1032.7786865234375,1037.2209908793072,1025.9132174315016,1036.1441018085748,1655404
2023-08-08,1024.298095703125,1038.253399285238,1020.3942346575737,1036.4585105699214,1667697
2023-08-09,1026.8109130859375,1028.4711631231264,1009.6248329088282,1023.9390256082135,1559337
2023-08-10,1017.9711303710938,1027.3942956790202,1012.9005480808527,1023.0865191463021,1676669
2023-08-11,1051.3109130859375,1065.221297508704,1035.9198334462942,1041.0352213167318,7391806
2023-08-14,1050.9073486328125,1056.292014808557,1035.650794468203,1050.593265016157,1720940
2023-08-16,1056.4263916015625,1064.5931113675495,1050.0993665923093,1055.16994789496,2567226
2023-08-17,1056.0224609375,1059.8365984791178,1044.5800483126468,1056.157099466873,2331256
2023-08-18,1053.330322265625,1057.0547379896864,1039.8238513945537,1052.7021550814097,3406088
2023-08-21,1058.3111572265625,1066.9715163572905,1049.0674374090656,1052.65721449527,1661946
2023-08-22,1058.5355224609375,1065.2663545240634,1055.5291060496684,1060.779133148646,1805887
2023-08-23,1061.2279052734375,1072.445959240387,1057.7727665618786,1070.6061545692842,2347850
2023-08-24,1051.131591796875,1067.0612274463047,1049.1123422075107,1067.0163114126872,2464221
2023-08-25,1035.6058349609375,1050.7278594774714,1032.0609736978902,1045.5226385722103,2105159
2023-08-28,1028.874755859375,1040.7658903142215,1022.4581181153334,1036.5479468186759,2571967
2023-08-29,1038.8365478515625,1043.9968518541357,1030.5351892387275,1035.5608547048885,1794652
2023-08-30,1050.4586181640625,1054.6317563276039,1042.516257527762,1046.4201185641152,1497356
2023-08-31,1051.939208984375,1066.2533997190199,1046.3301829047664,1058.5354017437364,4483967
2023-09-01,1064.189453125,1066.1637866872334,1050.9969567003616,1052.7021227139098,1669640
2023-09-04,1106.0999755859375,1108.3435860840834,1063.4713761211651,1064.3688203204235,4517935
2023-09-05,1108.8370361328125,1114.3562293810487,1099.548402604995,1109.9139251687427,2842400
2023-09-06,1109.1063232421875,1114.9846262047897,1097.3049108405642,1112.696099817508,1767709
2023-09-07,1125.3951416015625,1128.0874744762073,1104.12575571239,1111.0360329367898,2582004
2023-09-08,1132.6195068359375,1139.3503383977738,1125.6643142220398,1129.8822581802726,2280777
2023-09-11,1150.1197509765625,1152.587722725366,1140.113225430244,1145.6325296151015,2691836
2023-09-12,1150.8824462890625,1159.2735275197444,1135.7156176320777,1153.215779262916,2140769
2023-09-13,1144.4656982421875,1150.8824460826022,1136.2540620297013,1150.5234464979294,2275523
2023-09-14,1151.9593505859375,1158.3311824811658,1144.7797970022903,1149.4913790415587,2655172
2023-09-15,1170.8057861328125,1175.6520071565428,1158.6454818659067,1161.2928986721881,4286280
2023-09-18,1171.1646728515625,1176.8186150927424,1157.4337328665786,1168.4723402702946,2761885
2023-09-20,1160.75439453125,1170.267281504385,1150.0747862330286,1150.0747862330286,2220756
2023-09-21,1146.9337158203125,1153.215825374884,1130.1515526879048,1152.3183811528022,3112700
2023-09-22,1143.07470703125,1151.9594270913356,1135.3567083265104,1141.9529017093023,1321467
2023-09-25,1133.8758544921875,1148.7286001347609,1127.7283835032881,1139.7541579462081,1246703
2023-09-26,1132.0809326171875,1138.8117640597995,1128.1770722907313,1134.3694591281928,903152
2023-09-27,1131.7669677734375,1137.645271670423,1124.7669680696529,1129.4336345388426,1670373
2023-09-28,1114.5360107421875,1136.1643947670673,1111.5295944830395,1131.766896131406,1807072
2023-09-29,1108.1641845703125,1121.5360160231937,1101.3884367793844,1108.433352109881,2338327
2023-10-03,1111.6641845703125,1127.8181815922185,1097.305076106396,1106.1000738610662,2162636
2023-10-04,1112.42724609375,1117.1388291778808,1099.369386297203,1107.4463858699987,2253785
2023-10-05,1108.747314453125,1125.3500309759,1101.8819544509524,1120.9077263214017,2995200
2023-10-06,1110.7666015625,1127.189873637447,1103.9460478042513,1123.6000969698118,2497711
2023-10-09,1121.4462890625,1136.7477570204114,1104.8884868223217,1109.241069432083,3430211
2023-10-10,1132.395263671875,1135.0426805412887,1120.1899335280732,1126.786236786417,1532394
2023-10-11,1117.8563232421875,1143.747563019189,1113.7281023877506,1136.1642043697761,2186131
2023-10-12,1098.247314453125,1120.5039739209858,1090.5293164211591,1117.3180032638536,3921609
2023-10-13,1127.10009765625,1136.6129834638905,1084.6061402794835,1086.804834563578,5740821
2023-10-16,1140.3375244140625,1148.1004388570082,1131.0489986118012,1133.4720541945487,2527113
2023-10-17,1146.1708984375,1147.8311483211378,1140.6515946178,1147.741425810105,1687345
2023-10-18,1139.2603759765625,1150.0746212690158,1137.4206812909438,1146.9335668995727,1743126
2023-10-19,1137.3759765625,1144.017086087625,1135.1772819159376,1136.8824479435282,2279726
2023-10-20,1140.3203125,1142.811875284208,1128.4060901576347,1134.340583937599,1625449
2023-10-23,1120.4332275390625,1142.0418513169507,1116.4920500925352,1130.716565207104,1646367
2023-10-25,1113.5020751953125,1135.1560432850417,1110.149834912152,1115.4952812125714,1420065
2023-10-26,1116.0391845703125,1121.837643337905,1098.1452301771192,1100.8179538091028,4617424
2023-10-27,1149.4713134765625,1150.6491875930296,1117.5340033484883,1120.750429175258,2675348
2023-10-30,1145.8927001953125,1154.9982764663187,1137.9649981777525,1150.6493214058485,1158770
2023-10-31,1156.08544921875,1159.5736159544474,1138.5991595483686,1152.4613569014498,2525870
2023-11-01,1140.6375732421875,1165.1001934193216,1137.3306778822325,1159.7094009900597,1572719
2023-11-02,1153.7298583984375,1155.1794732647902,1146.119242101929,1147.0252652182153,1368604
2023-11-03,1147.2515869140625,1166.3234146911088,1144.3070122586068,1162.0650403687303,2052536
2023-11-06,1150.37744140625,1159.2565116827745,1146.255102819557,1156.3119367214856,1175823
2023-11-07,1154.227783203125,1157.6253689426826,1148.021548705232,1149.7430142663065,1385282
2023-11-08,1148.5201416015625,1160.4343668303152,1146.9346012638562,1159.7095041508142,937671
2023-11-09,1148.3841552734375,1155.9041904310034,1143.2198684003697,1148.520080843468,1483749
2023-11-10,1137.46630859375,1151.5550077270525,1133.117465403599,1143.6726534084423,1469902
2023-11-13,1142.49462890625,1144.8502658152277,1135.5182983299553,1141.5886062029142,730991
2023-11-15,1156.6741943359375,1162.4274178149312,1149.1995051722795,1155.1792343835054,2410620
2023-11-16,1187.841552734375,1194.0930232415776,1157.8974469749971,1163.1524248548221,3936945
2023-11-17,1186.1201171875,1201.1600779407486,1183.6285537597519,1189.9707152122016,2882039
2023-11-20,1200.8428955078125,1206.5507739973148,1190.5142112811056,1191.374888883952,2831858
2023-11-21,1201.929931640625,1210.4465688404894,1197.5810881715533,1210.0841375684427,1514256
2023-11-22,1204.7386474609375,1210.2201304344792,1196.3127005592935,1201.9299984937227,1535630
2023-11-23,1204.1044921875,1209.7671355856728,1201.114572233863,1208.5892615194514,1307344
2023-11-24,1186.1201171875,1207.4116592064386,1182.9490364612752,1204.0140727140547,1795933
2023-11-28,1192.915283203125,1195.8598581459885,1173.5717130058642,1186.1201102580555,2152951
2023-11-29,1208.58935546875,1212.9836555661248,1197.3094131821483,1199.574470717491,1835524
2023-11-30,1214.88623046875,1220.2317881461065,1204.7387067798597,1211.352718743141,4104385
2023-12-01,1211.080810546875,1222.224936864432,1203.1984552675804,1219.5068680648817,1854324
2023-12-04,1212.21337890625,1223.1309998479994,1205.9165635538425,1223.1309998479994,1547057
2023-12-05,1193.73046875,1220.4127978564618,1185.3497572576673,1220.4127978564618,3932040
2023-12-06,1204.602783203125,1214.0253328238512,1195.5425542612745,1200.4803347951838,2077245
2023-12-07,1203.198486328125,1211.3526929372765,1200.7975033735072,1205.9165551978422,1985003
2023-12-08,1235.9061279296875,1241.2063411136908,1204.104738227141,1207.7288307424974,4509751
2023-12-11,1246.053466796875,1253.0297996051643,1237.672754109711,1241.342080873093,2824656
2023-12-12,1246.053466796875,1256.653891577992,1241.2515006934743,1247.5936616459228,2730422
2023-12-13,1240.5267333984375,1252.8487355318496,1229.51864166377,1249.7228896059473,1896931
2023-12-14,1281.66015625,1285.8731854596358,1252.1238275886678,1260.2780348595056,5145574
2023-12-15,1351.152099609375,1356.316386299771,1288.3646635392613,1288.3646635392613,7374290
2023-12-18,1362.93017578125,1368.0038814662682,1341.8197997829463,1349.8380796403446,3075527
2023-12-19,1348.433837890625,1363.2472892145856,1338.8299073015698,1360.3932951470265,2590417
2023-12-20,1304.6275634765625,1361.797694003259,1300.142794591758,1345.4439372604604,4368383
2023-12-21,1288.409912109375,1311.0604846607966,1286.6431010912647,1287.594469377824,2841508
2023-12-22,1325.239501953125,1329.452530082117,1289.2704411239183,1296.5186235055003,2303438
2023-12-26,1321.117431640625,1329.452798825007,1306.6210639470853,1325.2397698443704,1363265
2023-12-27,1333.7113037109375,1337.2900505960927,1320.573969203049,1327.7314629733592,1402329
2023-12-28,1334.0736083984375,1343.3603447491034,1330.4495161640314,1332.3974878597282,1928616
2023-12-29,1328.3204345703125,1342.5902982855214,1320.5740034840267,1335.4326937308867,1481617
2024-01-01,1344.3115234375,1355.183798605992,1318.3087095655908,1322.793478833193,1222315
2024-01-02,1331.446044921875,1348.8869863754749,1324.0165905150063,1344.5833774453656,1440888
2024-01-03,1302.6343994140625,1327.3235229640768,1300.5958479282815,1322.7934085512302,1651716
2024-01-04,1286.5072021484375,1309.0219602090813,1283.9704043293023,1301.9549371874525,3392241
2024-01-05,1298.149658203125,1303.6310304010333,1288.2739864517916,1291.0826353282446,1776925
2024-01-08,1311.83056640625,1316.0888297558743,1296.1110913622147,1300.1428489890186,2025264
2024-01-09,1323.1561279296875,1341.774835861451,1315.862597897503,1323.3372883062489,3119270
2024-01-10,1351.876953125,1366.2827415515128,1328.2751193399336,1336.293401107983,4368914
2024-01-11,1345.262939453125,1359.0344442487767,1335.4778472151313,1359.0344442487767,2271368
2024-01-12,1396.0,1408.8654797558024,1357.6751906199806,1363.5643389276415,5862043
2024-01-15,1438.9456787109375,1467.3948229189414,1427.439230895519,1458.6970242727932,9712071
2024-01-16,1409.2733154296875,1437.8583829726722,1393.4632596168683,1437.8583829726722,4459799
2024-01-17,1427.8016357421875,1436.046422737255,1374.029194019961,1377.1549290603327,3846289
2024-01-18,1420.236083984375,1435.32127512139,1392.6023885920608,1428.797955202599,3205598
2024-01-19,1431.557373046875,1451.6893357746098,1422.51864181566,1433.429092557319,2374099
2024-01-23,1391.111328125,1431.5121257380893,1385.0854687374567,1423.2950143591559,3196630
2024-01-24,1439.272705078125,1443.6550975304858,1391.1568868857905,1397.0001882739757,2136023
2024-01-25,1415.3973388671875,1433.4293320570775,1403.0716726361234,1433.4293320570775,2641656
2024-01-29,1437.5833740234375,1450.4111282941326,1415.3971334467917,1428.864063115129,2521598
2024-01-30,1423.6602783203125,1453.9265501853474,1419.7342804239872,1442.5595903986493,1939386
2024-01-31,1438.907470703125,1443.7464807626936,1411.83663210165,1423.6602089635385,7025931
2024-02-01,1440.1856689453125,1458.080688289585,1430.0968381369557,1438.9074293953574,2845408
2024-02-02,1445.983154296875,1473.510495988666,1437.9942970908148,1446.9418617422787,2337374
2024-02-05,1420.0535888671875,1450.3199674180921,1416.4928187814885,1447.078729331382,1452864
2024-02-06,1482.503662109375,1485.4709519642513,1422.5188010083978,1429.7772039188799,4988311
2024-02-07,1474.8345947265625,1488.1189700576085,1459.8611687038542,1486.3842241641262,3320199
2024-02-08,1491.6795654296875,1504.3703474519502,1476.6148622261078,1484.558024789134,3496692
2024-02-09,1488.7576904296875,1503.502859942169,1474.195190230597,1497.3400275118609,3341297
2024-02-12,1521.9459228515625,1538.4258406810834,1496.427271736674,1496.427271736674,4885445
2024-02-13,1520.7135009765625,1529.2958402209813,1505.192289463872,1529.2958402209813,3129897
2024-02-14,1526.10009765625,1531.0303864900202,1484.055835607984,1506.2420796341003,1386643
2024-02-15,1517.9285888671875,1548.9253107467835,1506.561519273627,1532.0345838096687,2555162
2024-02-16,1522.40234375,1531.1216559600284,1506.516018591917,1529.2956313256097,1776881
2024-02-19,1529.52392578125,1536.5540762332603,1515.280955537827,1524.7306109862334,762624
2024-02-20,1518.38525390625,1527.2414292410597,1501.9053361838548,1516.5135339826036,2240414
2024-02-21,1493.9620361328125,1519.9828860742878,1490.0817339485575,1511.5375224967913,2890991
2024-02-22,1539.703857421875,1544.2689186028863,1496.4270551355487,1500.9921163165602,3820901
2024-02-23,1520.8502197265625,1549.7013857558147,1518.7502468821165,1549.3818537451457,2191549
2024-02-26,1506.287841796875,1523.6806604495332,1496.883769872681,1520.850344413186,1844253
2024-02-27,1514.5048828125,1527.834840410142,1504.6443051639978,1505.5573174850924,2049420
2024-02-28,1508.205078125,1526.556603520523,1501.1748163693462,1519.8915689842809,936575
2024-02-29,1519.115478515625,1531.8063716544198,1494.2815887741453,1499.3031563760524,3532888
2024-03-01,1501.0836181640625,1533.1303301234323,1496.5185563051293,1529.7065337292324,2371138
2024-03-04,1495.4686279296875,1510.122521647275,1492.7752859088844,1505.5574596108565,1788071
2024-03-05,1478.486572265625,1488.1644811836657,1467.2565868854133,1482.7321021143603,3339546
2024-03-06,1501.1749267578125,1506.470443199439,1464.3348991190041,1472.6889847761788,2366177
2024-03-07,1495.194580078125,1510.6245098741051,1488.301292795223,1506.470259426524,3181239
2024-03-11,1496.10791015625,1515.418146237436,1490.0820501288838,1511.0356417893236,2970902
2024-03-12,1493.322998046875,1520.1655837988899,1490.9948833931605,1493.5969463363492,2414182
2024-03-13,1489.5797119140625,1507.6117065878614,1470.2694776059568,1496.1990517310267,2564135
2024-03-14,1533.1759033203125,1536.5996994420639,1469.949801605302,1491.8620967845113,3513306
2024-03-15,1504.0052490234375,1531.1216705217655,1499.9422773021959,1531.1216705217655,3931561
2024-03-18,1500.4444580078125,1518.6134253333096,1492.0903730505538,1506.3790380444218,1183544
2024-03-19,1460.0438232421875,1498.7555718623662,1455.4330659736336,1498.7555718623662,1915379
2024-03-20,1449.041748046875,1478.2581406187298,1440.8246376360407,1465.1564368651273,1815178
2024-03-21,1456.985107421875,1479.0342658276386,1445.6180371466864,1468.1238131649593,2684744
2024-03-22,1422.3363037109375,1434.75324969971,1377.0052170780964,1424.2993026042268,7468824
2024-03-26,1426.353515625,1454.0178338644657,1420.2363775814604,1426.353515625,4496344
2024-03-27,1411.6995849609375,1439.68343446991,1406.038953236379,1432.5163101479732,2589697
2024-03-28,1409.2802734375,1425.2579897440623,1397.8219237341123,1414.256146220862,5301493
2024-04-01,1421.2861328125,1432.5162281299506,1413.3429707744826,1414.255983029505,1014857
2024-04-02,1395.356689453125,1428.8641950045023,1392.434983333538,1423.3861214134308,2031775
2024-04-03,1402.2498779296875,1422.8839330199346,1385.9526311384575,1392.6632490581765,3343884
2024-04-04,1405.7191162109375,1417.4512995237462,1386.5914456523183,1406.7691024268454,3388449
2024-04-05,1410.8323974609375,1413.0692332386295,1391.248326250948,1408.2759181849683,2773570
2024-04-08,1406.0848388671875,1418.8213176982727,1403.8935867425619,1418.8213176982727,1820136
2024-04-09,1406.49560546875,1425.9428142146298,1401.0632262568085,1406.0390992676892,2432095
2024-04-10,1405.262939453125,1417.1320996539607,1402.5694862288387,1406.9976851574331,1829986
2024-04-12,1389.148193359375,1408.7322623163627,1384.309183662164,1403.299883794518,4319991
2024-04-15,1374.1292724609375,1397.36539202733,1364.0404414824116,1376.000880894494,3295684
2024-04-16,1348.7933349609375,1370.9794705919326,1339.6632104745079,1357.0560307501275,2446933
2024-04-18,1339.2520751953125,1352.0799426410924,1325.7851437177155,1348.564867562703,5180223
2024-04-19,1321.585205078125,1328.889302930025,1310.1725521845315,1316.563637804944,5219506
2024-04-22,1338.384521484375,1345.1408336267032,1324.3241122047577,1325.8761882657607,1939632
2024-04-23,1357.329833984375,1370.8423499089483,1343.1324473448083,1346.6019388594937,2783858
2024-04-24,1350.5736083984375,1366.7338834855934,1347.880266367815,1360.3884918125211,1321471
2024-04-25,1373.3074951171875,1383.2593516353718,1351.212530235724,1351.212530235724,4558032
2024-04-26,1345.643310546875,1398.2328027739018,1337.5174778536757,1384.9028439539384,4328477
2024-04-29,1266.7132568359375,1311.085631258094,1260.8699559661754,1291.9123734193615,11493223
2024-04-30,1247.722412109375,1276.2997376769572,1243.9333893048,1256.6699759766836,7606726
2024-05-02,1242.335693359375,1258.0395705431451,1239.8706049258383,1239.8706049258383,6555505
2024-05-03,1230.7862548828125,1250.8268299498716,1217.5475767556059,1250.8268299498716,5964228
2024-05-06,1240.6011962890625,1246.261828143908,1231.1971247267838,1239.870741845734,2504082
2024-05-07,1231.4871826171875,1248.095835035207,1227.0459575549357,1247.216761393654,5096525
2024-05-08,1215.4798583984375,1234.3090632733354,1209.6044218037696,1231.4869471474126,6832455
2024-05-09,1221.40185546875,1238.9356645413059,1216.2665653768083,1216.729200053635,5653762
2024-05-10,1217.8394775390625,1224.0388499744392,1206.181106277978,1221.4480506062341,3357203
2024-05-13,1214.7861328125,1223.1135568295663,1204.3768527911673,1217.8394538500074,2316566
2024-05-14,1222.3270263671875,1227.7860247556966,1210.8998604116662,1223.2059870031921,3200462
2024-05-15,1233.2916259765625,1240.138642237889,1219.73640645576,1220.66167587086,2975965
2024-05-16,1247.4019775390625,1256.3308499341313,1229.2204110450475,1244.4873563083092,5055915
2024-05-17,1233.569091796875,1250.0389319341698,1230.793283657865,1250.0389319341698,2487831
2024-05-21,1241.6190185546875,1248.9748650350475,1215.8039799524145,1215.8039799524145,4966721
2024-05-22,1242.682861328125,1251.796740483876,1239.860745050156,1248.1418593248752,2390777
2024-05-23,1252.3983154296875,1256.9320446747904,1238.0103325294217,1246.0139346230249,3326149
2024-05-24,1244.6722412109375,1258.3662722944846,1240.6473422678139,1258.3662722944846,1769966
2024-05-27,1252.1669921875,1257.9961210242002,1238.0103266808187,1250.0388276126953,1942325
2024-05-28,1256.8857421875,1261.4195839953006,1245.0422508872743,1256.376798932824,2147233
2024-05-29,1251.98193359375,1264.473069805763,1246.2915045075824,1263.917930785924,3845920
2024-05-30,1232.3199462890625,1250.5478200321413,1226.0743782521733,1245.4125300226433,4150461
2024-05-31,1225.149169921875,1240.6937407669247,1217.423193147763,1232.3200076546473,10319045
2024-06-03,1216.22021484375,1253.508613690932,1211.9639985531128,1249.6225277185927,5384064
2024-06-04,1206.134765625,1225.9817456873423,1142.7075139048059,1225.9817456873423,5447244
2024-06-05,1243.2843017578125,1255.4979241738529,1217.7468919030541,1221.3554647293367,3005139
2024-06-06,1293.06396484375,1295.1921296072774,1249.9464341154678,1252.8147466178443,5936709
2024-06-07,1324.52294921875,1331.1386470349569,1293.52642892617,1301.8538522883557,5884025
2024-06-10,1312.7257080078125,1334.2382174077643,1293.0637370508673,1332.3876789647577,3293739
2024-06-11,1322.02490234375,1330.491026601215,1309.6262703714635,1318.5088336082933,2269082
2024-06-12,1331.2310791015625,1361.9962804083405,1327.2986849495683,1361.9962804083405,5990861
2024-06-13,1336.2276611328125,1348.764992181544,1329.704467491418,1339.558607970752,4232861
2024-06-14,1324.1068115234375,1337.9395437852006,1317.9537474634712,1336.227817995807,3065114
2024-06-18,1329.796875,1332.1563566851844,1320.4054827951306,1324.1065596673243,2223029
2024-06-19,1337.800537109375,1343.3984613120736,1323.4126678837436,1332.4340431696064,3117522
2024-06-20,1335.580078125,1340.669059855003,1322.7189237475143,1340.669059855003,3163919
2024-06-21,1339.651123046875,1371.2027833430911,1331.6475210742383,1352.7437061301246,6489262
2024-06-24,1333.1741943359375,1336.0425064602186,1319.9891073447943,1330.3983865483283,1988692
2024-06-25,1339.7435302734375,1341.732881698422,1319.8502419193983,1333.2666456930526,2079037
2024-06-26,1335.8111572265625,1344.6938322929943,1330.7221764042092,1339.743551498381,1917424
2024-06-27,1346.174072265625,1351.4018654103409,1317.120599157229,1327.7611940924648,6613193
2024-06-28,1350.523193359375,1358.9431223079755,1334.2384745124693,1358.295478907285,4943575
2024-07-01,1359.0819091796875,1368.1032856543109,1346.266950828397,1355.5196446485234,3723295
2024-07-02,1370.138916015625,1380.9182137213384,1362.921769815033,1364.772308538475,3811366
2024-07-03,1370.32373046875,1377.7258843132809,1361.2560468300383,1377.7258843132809,2070876
2024-07-04,1408.5838623046875,1419.8722168640695,1374.0250724655925,1374.0250724655925,6822557
2024-07-05,1405.854248046875,1414.9681283931573,1393.039290366231,1409.1851950582172,3061687
2024-07-08,1418.8079833984375,1424.9147382585343,1393.6405903825255,1413.8115065318443,2939620
2024-07-09,1416.6798095703125,1430.7439707678568,1411.035689402286,1418.8079741498877,2658608
2024-07-10,1397.1104736328125,1418.067847956621,1376.662042653905,1416.679943868262,3507096
2024-07-11,1398.91455078125,1419.3629778728891,1395.3522868879031,1401.7828627623383,3304053
2024-07-12,1443.605224609375,1448.9718321297648,1397.6193821404916,1415.6621348394253,6430647
2024-07-15,1452.3026123046875,1514.110644239035,1450.267065105686,1461.9254352274115,10337489
2024-07-16,1452.256591796875,1464.7014197036278,1438.793877219925,1448.0465709641046,3540650
2024-07-18,1475.3883056640625,1479.7370264842543,1440.6443959580952,1441.6159739669074,4399468
2024-07-19,1475.3883056640625,1495.6516143240196,1469.8828851939934,1490.1463068018704,5633838
2024-07-22,1459.2423095703125,1475.3420192942463,1453.5056846211498,1469.8829073889917,2704495
2024-07-23,1490.2431640625,1492.527522905302,1446.188989083619,1467.540135804418,2907674
2024-07-24,1476.5841064453125,1489.9169507163356,1470.197438899955,1486.1874965218014,2484299
2024-07-25,1480.220458984375,1486.1876089096568,1457.1444594106524,1463.8108820502894,2934731
2024-07-26,1524.7406005859375,1529.0761135487187,1486.1873932906449,1494.392237474272,2814159
2024-07-29,1521.943603515625,1533.7380250730414,1510.4289365460954,1529.2626345503043,1639491
2024-07-30,1519.98583984375,1522.5498398802906,1508.5643851355237,1518.8203852816862,1783877
2024-07-31,1531.5003662109375,1533.7380615254895,1509.6830360684005,1511.3613360077925,1984986
2024-08-01,1529.5888671875,1543.5276549092346,1525.439781644952,1529.1226854735437,1785188
2024-08-02,1500.4527587890625,1528.1439116627548,1492.8539728291769,1510.4756673005784,1692851
2024-08-05,1456.7249755859375,1487.7726165455438,1433.0429163397253,1468.4727347007595,3279717
2024-08-06,1475.698486328125,1496.443576406028,1457.2843052477392,1457.2843052477392,2138704
2024-08-07,1486.7469482421875,1505.7671881180404,1482.45809851869,1496.4435522783,1897787
2024-08-08,1452.482666015625,1493.6465432634793,1449.4059343084905,1488.9847250884998,2373805
2024-08-09,1482.4112548828125,1493.6462802315878,1469.2649527072247,1477.702887643581,2021762
2024-08-12,1478.0294189453125,1492.247964057387,1467.4004509839945,1482.4581461113685,1273739
2024-08-13,1484.928955078125,1499.6136822209162,1470.943500656419,1471.2698051634748,1973825
2024-08-14,1516.1629638671875,1519.5194497831724,1490.149998843967,1491.874848596663,3932148
2024-08-16,1555.4154052734375,1560.776495386024,1522.2698373996245,1524.4143189702206,3101056
2024-08-19,1564.97216796875,1571.0325308473898,1546.8377430343826,1552.385260451575,1631947
2024-08-20,1572.664306640625,1580.4029700675505,1556.3012798898958,1566.3708523232547,2786109
2024-08-21,1563.806884765625,1574.6222800164237,1560.543612089113,1571.9650664569049,1410370
2024-08-22,1562.78125,1572.89737216191,1559.8442819364998,1572.89737216191,1749127
2024-08-23,1549.075439453125,1571.9183473841358,1545.0663443086842,1562.6880389039611,2158185
2024-08-26,1603.15234375,1616.7182779399357,1554.3431382254935,1557.9793785684153,2672708
2024-08-27,1595.83349609375,1638.0229484939941,1589.773132765538,1609.1196772363683,3556487
2024-08-28,1603.15234375,1620.214640997764,1578.5380388740082,1596.7191267747166,2516461
2024-08-29,1633.361083984375,1637.2304155310148,1582.4540562414663,1598.0711459112524,5112407
2024-08-30,1634.6663818359375,1646.833771598181,1624.3637191597752,1633.361050112899,4792561
2024-09-02,1684.4547119140625,1689.4428343852535,1640.9599274382153,1644.8758090122176,4445349
2024-09-03,1669.3502197265625,1694.2443940118521,1666.180274808039,1683.8485179956647,2553290
2024-09-04,1664.502197265625,1674.1988019365804,1645.6218334540417,1645.7150470557592,2644961
2024-09-05,1669.4434814453125,1676.1097893033675,1647.766030446941,1670.795362971263,2878565
2024-09-06,1637.3236083984375,1674.2918459414382,1622.359241700087,1667.0660284244977,3351716
2024-09-09,1628.606201171875,1646.8339560049635,1623.3849875089759,1639.4215967194348,1418238
2024-09-10,1658.7679443359375,1668.2781206926354,1628.978974882689,1631.1233427274042,2307528
2024-09-11,1658.4417724609375,1675.3175310510946,1653.733290701539,1657.9289269495077,2303930
2024-09-12,1685.3402099609375,1691.4937861890712,1656.903123715046,1678.2542702493317,3349489
2024-09-13,1690.1884765625,1696.9014477533287,1674.1984209266607,1682.9159962608562,1599349
2024-09-16,1689.3028564453125,1700.8641870990236,1685.8997067630235,1695.9692785161703,836199
2024-09-17,1691.074462890625,1704.3606440601309,1684.9674358450404,1689.3961629015425,830317
2024-09-18,1637.696533203125,1685.806468375602,1622.4057486159593,1685.806468375602,2629136
2024-09-19,1619.04931640625,1655.8776769003744,1605.063863054051,1655.8776769003744,4167373
2024-09-20,1641.0064697265625,1646.6472007714283,1604.9705966780684,1629.7714437108875,4644317
2024-09-23,1634.2467041015625,1644.689129237831,1615.319680501441,1644.689129237831,1541597
2024-09-24,1655.5047607421875,1662.8704558352754,1620.7742171594211,1631.6362757004383,1907389
2024-09-25,1661.8447265625,1663.3831491015765,1636.297943878202,1658.4882407224536,2240579
2024-09-26,1663.1966552734375,1686.0862253923178,1658.581501339248,1661.7048963926627,4303250
2024-09-27,1686.08642578125,1704.8735758503944,1675.0379394333459,1687.5781848393183,4099016
2024-09-30,1674.6181640625,1697.554284830647,1668.1382828587978,1685.7133131674796,2117894
2024-10-01,1693.638427734375,1699.1859454595779,1668.9307930880989,1668.9307930880989,1642542
2024-10-03,1658.25537109375,1686.9255525681092,1650.2836165728727,1657.7425255743321,3552386
2024-10-04,1656.4371337890625,1685.6201597266925,1647.7195569718838,1657.7424655798611,2982759
2024-10-07,1656.763427734375,1682.1703354393378,1648.3256055739196,1664.2223364184008,3419048
2024-10-08,1668.41796875,1672.6602685799348,1625.1097258276625,1654.012996912377,2353030
2024-10-09,1687.29833984375,1701.5635482671169,1669.0706999849085,1671.774577153157,2499596
2024-10-10,1686.3192138671875,1715.5021222086916,1675.4571566718935,1696.9015164957407,3753869
2024-10-11,1715.2227783203125,1727.48338284353,1678.8605966733994,1681.9839920777222,2977110
2024-10-14,1730.3734130859375,1739.3240797714584,1708.4628712072833,1721.1896555293672,1751092
2024-10-15,1743.6129150390625,1755.407335782268,1706.178498686237,1706.225162385633,5696544
2024-10-16,1739.0911865234375,1757.5053674288592,1728.6487598393464,1742.5875499864921,2144442
2024-10-17,1741.46875,1750.0931131632876,1726.2245143305172,1743.4266907661797,2399099
2024-10-18,1732.0517578125,1747.156115929171,1718.3460588642158,1740.7227845358063,2366406
2024-10-21,1718.905517578125,1760.768666160667,1715.5490313664957,1748.4615121133868,1284980
2024-10-22,1710.5999755859375,1738.050283793804,1707.549941340619,1717.2162495419218,2089660
2024-10-23,1732.1849365234375,1750.250525052803,1683.1497676580173,1683.1497676580173,2522186
2024-10-24,1731.3870849609375,1748.3264365027062,1724.630017554938,1731.4809092527762,1621637
2024-10-25,1738.37890625,1756.3976407022278,1726.976446439376,1745.5582412833255,4078295
2024-10-28,1756.5850830078125,1761.324412747332,1731.5747796299381,1731.5747796299381,2418907
2024-10-29,1756.5850830078125,1760.479764979155,1737.299436299349,1756.5850830078125,1719955
2024-10-30,1725.6624755859375,1754.4265526745207,1722.3778233648327,1746.4965095645418,1732047
2024-10-31,1657.388671875,1730.4487007951857,1648.4731870656876,1726.7886367510255,3616088
2024-11-01,1649.2708740234375,1671.700379888333,1643.2646297349913,1667.6649040771442,242223
2024-11-04,1654.479248046875,1672.4510106437638,1637.6337206411872,1654.526217473016,2843690
2024-11-05,1664.42724609375,1673.6242039784197,1653.1186114152172,1660.1571521961505,1818350
2024-11-06,1725.287109375,1738.9887789469617,1673.295732791383,1680.897333791755,3477029
2024-11-07,1719.23388671875,1747.95122410773,1702.576007244621,1736.220323069611,2173869
2024-11-08,1724.4423828125,1740.0679652747976,1715.5738678104374,1725.8031214540183,1521324
2024-11-11,1752.4088134765625,1758.6965300600998,1721.1576500161275,1733.0761986062605,1679869
2024-11-12,1757.617431640625,1776.4806977462522,1749.7342431691384,1774.6507229937558,2711052
2024-11-13,1750.015869140625,1763.9521570782795,1744.7134788010935,1751.1889592794778,1254074
2024-11-14,1744.57275390625,1780.2816649656913,1732.7480277519749,1756.8198612629278,2462563
2024-11-18,1722.09619140625,1750.2973219994303,1703.3267506279803,1744.572550914398,2483933
2024-11-19,1708.5352783203125,1750.2503136996743,1705.4852442615866,1723.9730971937274,2354204
2024-11-21,1723.3631591796875,1726.3663385330692,1708.2068123693975,1722.0962447997886,1841245
2024-11-22,1781.595458984375,1784.9739356351747,1723.504013035751,1732.747940316267,2765950
2024-11-25,1775.3077392578125,1801.8195777779565,1762.919952569581,1800.9280750497876,6531524
2024-11-26,1782.6746826171875,1797.1270609790615,1772.9145500884408,1773.8060527392233,2079873
2024-11-27,1774.697509765625,1799.050812181817,1770.9904766542347,1780.046754306657,1631975
2024-11-28,1727.63330078125,1783.5662146725344,1722.0962925146546,1769.1137215128113,3631255
2024-11-29,1734.3433837890625,1757.1013318671214,1721.1108357331243,1728.6655818467866,2482280
2024-12-02,1756.350341796875,1762.9666151973356,1722.5183804925355,1734.3432192984285,2014744
2024-12-03,1774.4161376953125,1779.6247037170615,1756.8667551045473,1768.081450968118,2954648
2024-12-04,1780.8916015625,1793.4201811721155,1762.075190153894,1766.2044903013718,3730643
2024-12-05,1805.620361328125,1818.852795326149,1768.0814764772283,1769.0199485985008,3881814
2024-12-06,1804.4002685546875,1820.0258519983574,1797.4556666326857,1807.497272321751,2250408
2024-12-09,1792.3878173828125,1807.54416412357,1784.035393103919,1797.1740019957942,1379520
2024-12-10,1817.21044921875,1823.2636630704365,1794.5463248262354,1798.5348312979763,2695207
2024-12-11,1812.0955810546875,1815.7556447127595,1798.1123255484772,1807.7316634069698,1387117
2024-12-12,1817.0697021484375,1829.082191301497,1803.2742075863657,1806.5118906286111,2306173
2024-12-13,1847.6639404296875,1853.4824217018293,1794.6871209571937,1819.697425660682,2569918
2024-12-16,1834.1497802734375,1858.1746416167696,1830.255098390457,1849.587599527686,1371189
2024-12-17,1830.58349609375,1842.408220613124,1818.758771574376,1825.6096631322055,1987909
2024-12-18,1839.733642578125,1850.6198953413111,1826.970445733025,1829.0820078251782,3460812
2024-12-19,1815.2396240234375,1826.4543195758906,1792.4816760422725,1792.4816760422725,1916115
2024-12-20,1793.7486572265625,1837.1999620507947,1779.718544906639,1834.337576271211,3786921
2024-12-23,1785.912353515625,1820.0727598578976,1782.2992589493301,1800.4586706356945,2058339
2024-12-24,1780.2344970703125,1805.2917693671816,1773.008308159287,1791.1677192888603,1310301
2024-12-26,1783.8009033203125,1791.4494741012606,1770.2400268487486,1788.352470244567,1065107
2024-12-27,1775.5892333984375,1785.8186023167195,1766.86139694532,1783.097010283843,1328546
2024-12-30,1810.265625,1847.8045072068758,1750.8604126433652,1771.8352401645416,6262203
2024-12-31,1799.42626953125,1809.186401426601,1762.9666545579234,1797.3615623567025,1968650
2025-01-01,1794.3116455078125,1817.7734474813428,1790.5109023238485,1799.42638707379,880695
2025-01-02,1850.8543701171875,1854.702196834995,1792.5284289331128,1794.311434025287,3487645
2025-01-03,1826.8765869140625,1869.5300945456042,1821.5741970709523,1858.174605976551,2853344
2025-01-06,1832.883056640625,1851.980941754678,1811.251228015875,1831.193760966827,1789037
2025-01-07,1798.0186767578125,1859.1131861102986,1791.4493722132531,1839.4052724766207,2494547
2025-01-08,1813.3626708984375,1819.22812138006,1777.982319417122,1789.0093663225723,2372138
2025-01-09,1815.7559814453125,1824.8121461439025,1801.8665476500078,1808.2482041634375,2742139
2025-01-10,1872.3455810546875,1879.149503479006,1816.1780512637806,1816.8819053076754,4802079
2025-01-13,1866.9964599609375,1888.3935555786186,1844.473129062588,1872.1580566251425,5694121
2025-01-14,1701.9659423828125,1819.6972090253207,1687.1380389506294,1816.9756173118733,15819311
2025-01-15,1713.368408203125,1730.1202262594975,1701.027592160338,1723.0347163244192,3350594
2025-01-16,1681.9766845703125,1724.8648153316992,1675.4543490535063,1720.219424085581,5362008
2025-01-17,1695.8648681640625,1699.8463928681724,1659.0353596247003,1680.7917548325383,2424374
2025-01-20,1702.7850341796875,1705.4394609523824,1670.9324915163777,1697.0022998411084,3401004
2025-01-21,1708.66259765625,1726.0582459734371,1698.2346747092733,1698.2346747092733,4005357
2025-01-22,1732.646728515625,1736.2017022014138,1710.226787048023,1714.1608653495227,3009261
2025-01-23,1713.0234375,1733.8318386120102,1710.3690106772426,1722.5508139198105,3750930
2025-01-24,1699.609130859375,1734.2583193400426,1697.9501432031257,1706.3873035706954,3171259
2025-01-27,1622.9166259765625,1687.1905998797515,1618.5085509521298,1682.687632974608,4174844
2025-01-28,1605.1890869140625,1640.5018248367253,1603.0561027442373,1622.9165090590025,5079829
2025-01-29,1629.60009765625,1634.434839199524,1607.796256908086,1607.796256908086,3733620
2025-01-30,1624.0068359375,1642.8244744315575,1609.5499422354403,1632.443997045686,2543744
2025-01-31,1635.7144775390625,1647.801388303677,1620.1674848977057,1620.1674848977057,2033832
2025-02-01,1605.9002685546875,1641.876559451117,1600.212310106442,1636.236046945331,569018
2025-02-03,1604.004150390625,1612.1568670177537,1575.0903639917397,1578.4083394801364,2659929
2025-02-04,1642.4451904296875,1645.620943587815,1604.0514769220201,1606.9427859135958,3647768
2025-02-05,1623.769775390625,1655.954206945469,1621.068018504145,1640.0278783696904,2681942
2025-02-06,1633.8660888671875,1638.5586083689427,1623.7699393251253,1634.19786330397,2057798
2025-02-07,1635.9041748046875,1640.9759143070874,1612.204349352534,1633.534192259472,2428098
2025-02-10,1643.6776123046875,1649.5077923011463,1623.058764900923,1634.2924586179245,1823071
2025-02-11,1633.58154296875,1658.0398094308953,1625.8080464116554,1652.1622989337561,1702553
2025-02-12,1627.9884033203125,1651.7830041563245,1610.7823074570779,1634.2451338919068,2214307
2025-02-13,1614.52685546875,1639.980444379326,1611.8250985625864,1622.9640163147467,1838463
2025-02-14,1622.253173828125,1633.7713130058034,1611.5408056318715,1622.0161755558345,1460459
2025-02-17,1620.973388671875,1630.690317730099,1605.995051737303,1622.2531561839617,1127023
2025-02-18,1635.761962890625,1638.6059419625878,1612.7731320589255,1617.2760989228666,1511900
2025-02-19,1623.24853515625,1641.544731468154,1614.8587041413357,1633.5815667560257,1294110
2025-02-20,1599.78564453125,1625.3814557087253,1595.9936725049574,1616.5176285198243,1681532
2025-02-21,1612.251708984375,1615.5223543895245,1597.5104867172784,1602.1082297945168,1222563
2025-02-24,1558.5479736328125,1602.1082066917145,1552.4333492096935,1597.3682415831593,4455420
2025-02-25,1551.0113525390625,1566.0370187196709,1546.4136095492843,1550.9165763816884,1951519
2025-02-27,1544.47021484375,1573.668446771363,1531.198312280618,1535.7487251624145,2266866
2025-02-28,1493.136474609375,1530.9613040915435,1481.1916698025786,1528.164770929743,4910121
2025-03-03,1490.6241455078125,1520.011927111264,1486.879503902682,1493.1363499827894,1784684
2025-03-04,1455.6431884765625,1478.8690159709784,1443.7932764896154,1478.8690159709784,3246644
2025-03-05,1491.1456298828125,1499.1562406323092,1451.4248134475206,1452.325360561234,3112003
2025-03-06,1502.995361328125,1511.76429602834,1493.2311034733948,1497.8288460907702,2011489
2025-03-07,1476.9256591796875,1504.4649023257257,1474.697898757277,1500.341155889042,2091986
2025-03-10,1468.7257080078125,1490.6716549764799,1466.5452776605111,1476.025208349978,1855766
2025-03-11,1486.3106689453125,1492.0934025836484,1443.4139895327044,1450.381714315035,1846190
2025-03-12,1460.47802734375,1483.6090802375006,1428.7202610894649,1475.0771430348568,3113860
2025-03-13,1454.932373046875,1467.445835358391,1449.623634966893,1460.478109395801,1983351
2025-03-17,1464.79150390625,1467.0667104009847,1440.0489081153078,1448.533399737349,2029100
2025-03-18,1464.79150390625,1464.79150390625,1464.79150390625,1464.79150390625,0
2025-03-19,1464.127685546875,1480.1487897673596,1445.7840448555526,1477.4470329669286,4522829
2025-03-20,1480.7650146484375,1499.81965014328,1466.5925660786456,1467.3508910192666,4608677
2025-03-21,1485.2205810546875,1509.252296088984,1442.3713439094884,1455.264025515157,8109210
2025-03-24,1520.7230224609375,1527.1219753302994,1478.8691075858615,1508.256891134042,2487843
2025-03-25,1540.3939208984375,1572.673014625256,1534.7532928515081,1537.6447179254792,4906013
2025-03-26,1548.4517822265625,1559.4010318931507,1537.6446389318796,1540.3938417636025,3096513
2025-03-27,1545.3709716796875,1559.448646039082,1529.6343093989751,1541.1050027391552,3383080
2025-03-28,1509.6788330078125,1541.0100475420008,1499.3456862968683,1532.0514443745885,2211077
2025-04-01,1450.7611083984375,1502.568950563816,1446.7321380262633,1494.9850063338408,4126827
2025-04-02,1448.1065673828125,1458.5344890430104,1428.0564948645294,1436.2092104726903,3167863
2025-04-03,1393.64453125,1421.9895460115242,1388.809789937922,1421.9895460115242,3966161
2025-04-04,1348.140869140625,1380.467408422899,1345.2968900415076,1373.6419048737396,4421312
2025-04-07,1302.63720703125,1311.7853629688539,1234.9979270877502,1275.0506328405481,6484139
2025-04-08,1330.365966796875,1350.1790438406704,1300.6464090920833,1308.230353168422,3938359
2025-04-09,1308.2303466796875,1316.4778395330777,1286.4739535073224,1308.8465652771943,3306801
2025-04-11,1318.2318115234375,1350.8901265394747,1289.2705769078495,1289.2705769078495,4859622
2025-04-15,1352.312255859375,1354.492686437257,1332.8783958908386,1346.1503002595953,3265147
2025-04-16,1357.241455078125,1361.4126471866625,1332.4040861710541,1341.4100191618936,2553111
2025-04-17,1363.2139892578125,1367.1007375710014,1312.0223651827625,1346.1501145661293,3549969
2025-04-21,1404.9256591796875,1421.0415405602912,1355.6300220154878,1360.3699871274302,2840104
2025-04-22,1402.9349365234375,1421.8947975056535,1388.3358204227695,1412.509643175095,2608145
2025-04-23,1511.1009521484375,1516.788910563049,1463.4168544838876,1474.1292224534632,13293318
2025-04-24,1504.1805419921875,1519.9173193654142,1494.1318387006902,1512.0489306788008,3193118
2025-04-25,1496.1226806640625,1533.8528527497224,1486.5479733926209,1507.3090456564023,3800415
2025-04-28,1485.6702880859375,1504.9447575741863,1473.9712719127308,1500.725442184782,2618810
2025-04-29,1504.561279296875,1515.8767009416229,1484.519617429598,1491.136258321632,2231069
2025-04-30,1503.1229248046875,1522.685122165678,1490.1773685145035,1506.4791801391796,3682256
2025-05-02,1507.821533203125,1516.068307670284,1493.1498575964658,1502.6432878680168,1370848
2025-05-05,1504.1776123046875,1532.0824525930022,1499.0953534113846,1515.1094379901713,1012225
2025-05-06,1514.2462158203125,1518.7532566860564,1500.8211969176189,1512.0407472347094,2055057
2025-05-07,1499.0953369140625,1513.5751567064074,1481.546870844413,1488.2593809388536,5469936
2025-05-08,1515.7806396484375,1532.3701758594077,1491.903375735187,1497.7528254606946,2789018
2025-05-09,1504.94482421875,1512.9038732956278,1493.341794176726,1501.6844386799698,2035161
2025-05-12,1601.7008056640625,1606.2077297845854,1528.5344007621666,1533.1373115269892,4028207
2025-05-13,1553.0830078125,1618.769712948852,1548.8636923923646,1615.7970533540583,3118470
2025-05-14,1570.439697265625,1574.850869144518,1550.589892038171,1563.0559826977235,1569126
2025-05-15,1626.34521484375,1632.6741291788178,1558.2611875713997,1582.2344366109596,4961582
2025-05-16,1591.72802734375,1623.9480538944945,1589.9060368214182,1622.4137892124384,2586263
2025-05-19,1581.850830078125,1595.6594448390697,1570.8231355975665,1592.7826549745762,1642018
2025-05-20,1571.0150146484375,1597.5773279604416,1569.1930242964102,1592.5909389456224,2421580
2025-05-21,1584.1524658203125,1589.4265811726198,1561.5217397199722,1577.4399553719213,1420835
2025-05-22,1565.9327392578125,1573.31645366732,1547.7130686846965,1571.110984832076,2202093
2025-05-23,1580.50830078125,1602.1802113517929,1555.8638478264122,1565.9326123269839,1459454
2025-05-26,1604.865234375,1606.9749506219957,1578.01519421127,1584.535965073787,1078813
2025-05-27,1584.248291015625,1606.687277297042,1574.0836560328826,1605.05714305659,2740015
2025-05-28,1589.2347412109375,1598.3445762418237,1579.3577153546962,1595.6595254099664,1775441
2025-05-29,1596.3309326171875,1606.6874247922342,1587.604691889141,1601.4133091035696,2374051
2025-05-30,1569.3848876953125,1596.3307985391575,1560.466908514017,1596.3307985391575,4408910
2025-06-02,1564.494384765625,1568.0423791464434,1539.7539425233444,1558.3572090021166,1883100
2025-06-03,1563.439453125,1583.86459133843,1550.5897680611688,1579.2617976970528,2380133
2025-06-04,1559.316162109375,1577.0563683895139,1555.5763114281292,1564.0149428598174,1659720
2025-06-05,1565.3572998046875,1585.9742940723036,1557.8775992476376,1567.7546247195266,1409322
2025-06-06,1570.439697265625,1572.4535440176808,1555.384542291845,1564.2066519358489,1261281
2025-06-09,1580.6043701171875,1589.9059443197057,1571.6862742702035,1580.316644293652,1299786
2025-06-10,1599.591064453125,1615.7011348213027,1581.2755253813098,1585.3989710877127,3055223
2025-06-11,1651.181640625,1654.5378957270661,1597.5774285834805,1607.166728875098,5085821
2025-06-12,1631.3316650390625,1655.11317580149,1625.3863458768978,1654.1542458039225,3607962
2025-06-13,1625.6741943359375,1640.7293496107186,1596.2349709556595,1597.5774964649079,1988422
2025-06-16,1652.2364501953125,1658.373625830283,1614.2628442232112,1622.509619112286,2116100
2025-06-17,1658.5653076171875,1667.387533867428,1649.3596030117546,1657.0310430257628,1777245
2025-06-18,1645.427978515625,1673.3328175633276,1639.7702682139197,1656.9351382925647,1794428
2025-06-19,1643.5101318359375,1649.0718555389462,1627.495930782804,1649.0718555389462,2514527
2025-06-20,1668.4422607421875,1671.031324811322,1638.9071711527313,1643.5100817832813,2719770
2025-06-23,1633.2496337890625,1658.7572670683683,1629.4139135433795,1658.181815386002,2221446
2025-06-24,1622.31787109375,1661.4421460719686,1619.8245593709817,1649.2637815173498,3601071
2025-06-25,1646.5787353515625,1650.030860057095,1631.1399852400916,1632.0989152725667,1307518
2025-06-26,1653.291259765625,1655.9763107023507,1632.7701334831909,1639.7703696030826,2971055
2025-06-27,1652.524169921875,1680.5248800157879,1640.5375445294658,1663.7436044664148,6478283
2025-06-30,1657.6063232421875,1663.551759292151,1642.9347649307883,1654.1541987604983,1855229
2025-07-01,1647.7294921875,1673.332876774417,1643.6060462987682,1657.606401111406,1639826
2025-07-02,1648.0172119140625,1667.0999439155592,1640.7293667181602,1651.27759759712,2069447
2025-07-03,1641.59228515625,1659.4283596877756,1636.4140397614499,1645.5238747322871,1839063
2025-07-04,1655.0174560546875,1657.9901159049077,1636.1264631581291,1644.5650947234915,768500
2025-07-07,1640.1539306640625,1654.6337505639078,1633.3455509291034,1654.6337505639078,1366412
2025-07-08,1637.948486328125,1648.3049782683752,1618.1945496079936,1630.181175901386,2139193
2025-07-09,1605.248779296875,1643.8937041397376,1602.3719893698196,1639.770258421539,2894808
2025-07-10,1595.3717041015625,1610.9064394585926,1581.275480720198,1606.2076593125116,2740853
2025-07-11,1571.0150146484375,1587.508563288422,1563.0558490849457,1575.7136778498752,2548153
2025-07-14,1553.27490234375,1574.9466975116875,1541.0005511928873,1572.6452420387898,3334703
2025-07-15,1502.0679931640625,1554.8091437874011,1486.3415175668172,1524.6987180201543,14685607
2025-07-16,1498.6158447265625,1509.3558138601197,1495.930793914731,1502.0679693011427,5218099
2025-07-17,1480.4920654296875,1502.4515860638248,1479.0536704150963,1499.3829397985653,4966082
2025-07-18,1496.824951171875,1497.9846340215815,1478.6558000342063,1492.1859838253688,3902458
2025-07-21,1479.0423583984375,1498.661053555402,1474.7899914469424,1496.8249087577028,3368842
2025-07-22,1469.0880126953125,1488.1269850748508,1467.348488410002,1481.651754864756,3218227
2025-07-23,1478.4625244140625,1484.454415620914,1467.0584654378565,1472.9537360717918,3471536
2025-07-24,1456.620849609375,1486.2906799025195,1451.2087998083928,1478.6557670530337,4654421
2025-07-25,1440.0946044921875,1461.4529402563385,1436.7120588923592,1450.7254620916483,2733655
2025-07-28,1416.900146484375,1444.0571345390333,1414.387421670299,1440.0947471813938,4404841
2025-07-29,1422.98876953125,1427.9175985609565,1411.9713106582453,1416.9001396879519,6223556
2025-07-30,1426.951171875,1434.4894643341772,1419.5096179650186,1430.816938679944,1642426
2025-07-31,1418.6397705078125,1432.943036636319,1410.5216367733422,1415.8370660314808,2306285
2025-08-01,1403.369873046875,1417.673256418693,1401.3403692103711,1415.836993719444,2152783
2025-08-04,1424.9217529296875,1425.8881946885963,1392.255974289036,1403.3700545164857,2384774
2025-08-05,1432.9429931640625,1435.5524564141047,1421.8289141433122,1430.2370273172241,2614394
2025-08-06,1414.097412109375,1433.9094664530244,1407.5256795016378,1431.2035005464868,1735697
2025-08-07,1425.984619140625,1429.5604059672364,1402.3067993039965,1409.0718906858904,1495363
2025-08-08,1426.1778564453125,1432.4597269973397,1410.038328524252,1425.3081533633274,2815614
2025-08-11,1438.0653076171875,1479.6223023937594,1416.4169890690414,1425.5015650103169,2374556
2025-08-12,1448.7926025390625,1459.230219178428,1439.0315658150028,1439.998007430728,3422656
2025-08-13,1450.7255859375,1456.9108362999757,1439.0316651745698,1449.6625236815678,2916128
2025-08-14,1439.804931640625,1465.318898846668,1435.9391647337889,1450.6290317902285,4227538
2025-08-18,1435.1658935546875,1451.498781527283,1426.3712978690864,1447.8262559569343,2795155
2025-08-19,1426.5645751953125,1432.84644626918,1419.8961038452082,1426.7579343203515,2515817
2025-08-20,1445.7967529296875,1449.9524993422156,1409.0719690985857,1418.736385896244,10219330
2025-08-21,1443.380615234375,1454.4946942937624,1436.2289233753065,1449.6624860070724,2157601
2025-08-22,1417.093505859375,1441.4477894060321,1414.8706427693135,1439.611526589091,2802805
2025-08-25,1453.7215576171875,1459.036986965969,1426.6611900233913,1430.3337156720854,2764914
2025-08-26,1442.7042236328125,1455.944427794611,1435.1659311483554,1451.4988195487851,4092265
2025-08-28,1401.147216796875,1438.0652423615124,1397.4746911658247,1438.0652423615124,4367902
2025-08-29,1405.9794921875,1413.5176669840178,1390.902906646774,1401.147283481843,3404604
2025-09-01,1419.123046875,1423.0854343367887,1397.4747287273321,1397.4747287273321,2105254
2025-09-02,1416.5135498046875,1427.8209884574726,1410.714899615723,1419.702854598154,1295198
2025-09-03,1416.900146484375,1425.501501170954,1403.8531835923018,1425.501501170954,1800307
2025-09-04,1394.865234375,1416.7067913458761,1392.5457508971567,1415.933590861985,2192155
2025-09-05,1371.3807373046875,1403.5632922829793,1355.724429353746,1399.4075458894908,3895199
2025-09-08,1355.917724609375,1380.6586088905867,1353.984841181564,1376.1163800247678,2929976
2025-09-09,1379.208740234375,1383.7510863953055,1361.8127919834294,1362.8758541151112,2906889
2025-09-10,1414.77392578125,1422.5054588214111,1384.0410347570769,1386.747118510666,3205017
2025-09-11,1418.4464111328125,1421.0558744615525,1409.3619536905094,1414.774003521241,1982922
2025-09-12,1417.9632568359375,1430.3337581500157,1413.90424876586,1425.501549507617,2110883
2025-09-15,1417.2867431640625,1419.0263854014643,1403.2733386118095,1417.9632051598078,1725617
2025-09-16,1433.3297119140625,1435.3592159604295,1412.06799376883,1414.7740778132156,1724524
2025-09-17,1431.7833251953125,1448.6960543150683,1425.7914340681334,1440.771279859917,2656774
2025-09-18,1443.6705322265625,1452.4651273316472,1436.2288610039293,1442.5107315038226,2792406
2025-09-19,1418.1566162109375,1443.6707014419792,1414.87069073877,1443.6707014419792,3197957
2025-09-22,1391.579345703125,1400.5671822010027,1367.51492519156,1375.2464583375192,4457129
2025-09-23,1381.818359375,1395.7350251690104,1372.7337840005825,1395.7350251690104,3106480
2025-09-24,1393.89892578125,1396.218291506607,1372.3472284547133,1377.2760575818597,2894044
2025-09-25,1376.0196533203125,1394.0920647869427,1368.4813613437166,1391.8692018268655,2713246
2025-09-26,1348.4761962890625,1378.6291311477619,1345.2868913828845,1372.3472598877124,2568054
2025-09-29,1340.8411865234375,1355.5310526080243,1336.5888196124774,1350.2156234627832,2990852
2025-09-30,1338.6182861328125,1357.850498279726,1335.5257200878293,1345.3833775833164,2782077
2025-10-01,1342.8707275390625,1349.9257990618369,1335.6224148679269,1339.5848022000466,2253527
2025-10-03,1346.7364501953125,1352.8250798292172,1334.0760880724201,1349.6357751688224,2793839
2025-10-06,1370.1243896484375,1373.313694538169,1344.127201562293,1346.7365470365507,1970901
2025-10-07,1385.2974853515625,1393.512239380398,1369.641059829952,1374.2800269416516,1592836
2025-10-08,1404.4329833984375,1409.7484125673295,1379.3055000545844,1385.104150057012,1735807
2025-10-09,1436.615478515625,1441.0610864049972,1403.7564631980797,1404.4329251474378,2681316
2025-10-10,1445.3134765625,1448.2128014904088,1424.438360676324,1440.964489170637,2129445
2025-10-13,1444.540283203125,1451.7885955587449,1426.9510924096878,1439.9980546498034,1820492
2025-10-14,1445.2169189453125,1483.4879860659933,1440.191351400395,1464.5457526399834,5802489
2025-10-15,1445.5068359375,1458.747158308916,1436.2290190040749,1447.633078509517,1710696
2025-10-16,1464.1591796875,1468.894767625812,1447.7296707405117,1449.5659335705313,2021043
2025-10-17,1447.7933349609375,1462.5032134848466,1440.97423007755,1460.262602885433,3210161
2025-10-20,1456.755615234375,1470.8809035024256,1450.6183734550607,1451.3977472706317,2354881
2025-10-21,1447.598388671875,1464.1590701035182,1442.7276000155093,1463.8667752178408,274400
2025-10-23,1484.51904296875,1507.5091424566692,1466.5945162962944,1470.9782262420488,5011470
2025-10-24,1484.421630859375,1492.9941477321242,1477.2128397075637,1485.590572596105,1491451
2025-10-27,1493.8709716796875,1509.4574963271443,1487.3441620498634,1491.825264102858,1394846
2025-10-28,1482.7655029296875,1502.1512661396707,1472.9265333353972,1495.3321618186735,1936466
2025-10-29,1517.055908203125,1518.7119288080755,1482.6680921397633,1490.461354122101,2596355
2025-10-30,1509.749755859375,1519.5887255294203,1498.3520386285063,1517.44550709116,2183395
2025-10-31,1501.664306640625,1517.9326949620302,1497.8650672908846,1509.7498642588992,1723467
2025-11-03,1503.612548828125,1509.6522795596784,1488.707887075192,1500.300388559057,2252136
2025-11-04,1489.584716796875,1502.0539846100032,1485.5906934697132,1496.6961165351945,1666863
2025-11-06,1486.9544677734375,1492.3123355944192,1475.1671823504266,1489.5846462283484,2474769
2025-11-07,1473.3162841796875,1479.5509178983948,1451.9822045233007,1475.946462679952,2238714
2025-11-10,1500.690185546875,1504.9765039203578,1472.3422155621492,1478.7716336644962,1558896
2025-11-11,1529.427734375,1531.8631288564889,1501.3719423819498,1507.8014789456774,2270763
2025-11-12,1552.8074951171875,1558.6524417738394,1532.8372607069603,1534.2984973711232,2331564
2025-11-13,1557.1912841796875,1563.523310045917,1539.1693644065724,1558.0680500058538,1944022
2025-11-14,1553.3919677734375,1556.7041279991377,1533.4217333404072,1548.9108657813697,2543918
2025-11-17,1564.8870849609375,1566.1534187282307,1544.5271635317379,1552.8075046796532,2000978
2025-11-18,1553.9764404296875,1562.5490764453111,1549.0082595433407,1562.5490764453111,1640123
2025-11-19,1619.634765625,1626.3564783573356,1547.5470870395295,1554.0740157744206,6342672
2025-11-20,1602.8792724609375,1625.284901924648,1600.1515830468825,1619.634739102283,2724035
2025-11-21,1566.4456787109375,1601.0282792048667,1564.4973631901528,1593.722096001924,2958835
2025-11-24,1568.7838134765625,1597.6188618338274,1561.4776296572004,1572.5830528457811,6392688
2025-11-25,1559.7239990234375,1577.0640550876165,1551.443657886809,1576.4795842022975,2285950
2025-11-26,1576.0899658203125,1585.4418571391816,1559.724066825479,1559.724066825479,1243303
2025-11-27,1586.9029541015625,1590.9943690320295,1572.2905880416954,1577.2587687189023,2106176
2025-11-28,1582.22705078125,1594.5989261874731,1577.1614777888692,1586.90305578633,1841289
2025-12-01,1600.44384765625,1603.950791896683,1585.928872886608,1587.8771884552648,2034350
2025-12-02,1593.235107421875,1610.1854771965507,1582.0322925424182,1608.3345535637516,2326220
2025-12-03,1598.10595703125,1611.8415589683923,1586.7083577232659,1593.2351677687348,2371611
2025-12-04,1611.8414306640625,1628.7917997314983,1602.5869318019516,1607.3603286823998,3935708
2025-12-05,1639.507568359375,1647.3008307164012,1608.3345189312704,1619.7321175621228,3391204
2025-12-08,1644.962890625,1651.587211446053,1633.5652915617993,1639.507630551295,2702407
2025-12-09,1614.763916015625,1643.4041785958807,1613.5949742432656,1643.4041785958807,2817704
2025-12-10,1622.94677734375,1627.8175659912404,1614.1793577782676,1620.3165990404007,1482249
2025-12-11,1629.1815185546875,1634.0523075249444,1606.3862023907357,1624.4081215806864,1408684
2025-12-12,1629.960693359375,1634.5393061159139,1617.1018586759587,1634.0522272428186,1284337
2025-12-15,1640.481689453125,1644.3783205444627,1617.1019029050995,1629.9607379402162,1689723
2025-12-16,1609.016357421875,1638.53338571781,1602.879234758229,1637.559227937954,1929309
2025-12-17,1612.2310791015625,1621.485577742931,1603.7559542278689,1608.3344480946705,1394918
2025-12-18,1618.4656982421875,1630.6426700314844,1608.529217912677,1614.179380389207,1822056
2025-12-19,1599.956787109375,1637.5592542324557,1590.3126011507936,1631.7143074594667,3487150
2025-12-22,1627.1358642578125,1630.253121734566,1601.5154658689135,1609.2113364771028,1339691
2025-12-23,1636.4876708984375,1643.3067753271575,1613.4000602688955,1631.8116660095889,1614314
2025-12-24,1631.4219970703125,1636.5850809037474,1622.0701061054401,1632.6884497587384,989858
2025-12-26,1617.9786376953125,1633.0780828850523,1607.847373268726,1624.8951339668192,921138
2025-12-29,1588.656494140625,1617.8812264175626,1583.3960185476283,1616.8095577681495,1516288
2025-12-30,1573.4595947265625,1593.4298291662626,1569.4655716217715,1588.656551188881,3323273
2025-12-31,1581.3504638671875,1589.5332945627927,1575.0184379286943,1582.5194057049164,1359963
2026-01-01,1592.2608642578125,1603.171383641462,1576.576948050413,1580.9606579856593,773806
2026-01-02,1597.8135986328125,1600.5412880777594,1583.1038394275422,1589.8255521259302,950573
2026-01-05,1566.05615234375,1591.2868647071987,1539.2668111870632,1583.0065228951319,3245802
2026-01-06,1574.5313720703125,1583.980655598294,1556.022373019656,1558.9448465539701,2112043
2026-01-07,1605.1197509765625,1611.744071547711,1574.9208593368048,1578.9150014282086,3816569
2026-01-08,1604.1456298828125,1617.6864473239102,1593.1377178988225,1610.5751666083943,3266398
2026-01-09,1618.4656982421875,1631.7142197657945,1604.5351949489357,1604.5351949489357,3281306
2026-01-12,1624.5054931640625,1633.8573840862946,1599.0799988419571,1616.3225440137053,4175707
2026-01-13,1621.97265625,1653.7301751658008,1583.9805039414414,1641.45581128003,7149266
2026-01-14,1625.38232421875,1634.5394315186254,1606.5810307085353,1621.9727718455013,2470615
2026-01-15,1625.38232421875,1625.38232421875,1625.38232421875,1625.38232421875,0
2026-01-16,1666.1026611328125,1668.9482078899503,1633.5263790380302,1638.6286478750276,3098089
2026-01-19,1684.549560546875,1686.7081851242312,1653.4449805546499,1666.1026750092756,2087629
2026-01-20,1655.603759765625,1687.689435423555,1650.207078431422,1687.689435423555,1739341
2026-01-21,1650.893798828125,1663.0608855505577,1637.5493023294396,1655.8979700429832,1728435
2026-01-22,1671.1068115234375,1676.8960024857017,1649.912596945411,1658.8416271869417,1853439
2026-01-23,1674.93359375,1688.6706003771237,1666.8876806364187,1680.5264699658806,1874357
2026-01-27,1687.8856201171875,1693.0861063727632,1668.5557368223028,1687.6894250716618,2671530
2026-01-28,1697.1090087890625,1701.8188875031153,1659.2341433689587,1673.0692473978506,2713867
2026-01-29,1689.25927734375,1692.5954314248952,1664.2383014009472,1690.4368069014902,2235602
2026-01-30,1663.7476806640625,1681.0170360441418,1651.3843989588458,1681.0170360441418,4448681
2026-02-02,1645.3009033203125,1656.7810677235416,1622.5366497713308,1638.6285952610688,1916380
2026-02-03,1663.4534912109375,1746.660434027475,1657.3698876107314,1746.5623365033355,3200948
2026-02-04,1591.3341064453125,1614.098240405197,1556.2065709924877,1611.154596197771,5834470
2026-02-05,1579.7557373046875,1601.1462666275152,1570.1397849058696,1583.386183945381,3184531
2026-02-06,1563.761962890625,1581.7182414582567,1544.5301769623286,1581.7182414582567,3342992
2026-02-09,1571.906005859375,1589.4697735756636,1564.4487978269658,1570.336086238424,1863558
2026-02-10,1543.5489501953125,1572.2985912297154,1538.3485837150533,1565.0375778847172,3234785
2026-02-11,1522.4527587890625,1548.4549492651706,1517.0560777468513,1544.4319928073237,2944646
2026-02-12,1448.37109375,1506.164667487195,1441.8951002426272,1500.2773788846391,5397659
2026-02-13,1427.8636474609375,1449.0579817516502,1369.775782530959,1396.2685806171596,7214938
2026-02-16,1434.33984375,1439.4421128033866,1419.6216217376955,1423.8407735149042,2388700
2026-02-17,1454.7490234375,1482.3211350761128,1430.6111635632708,1436.4984523022142,2840341
2026-02-18,1439.6383056640625,1455.3377424533203,1416.2854653063598,1455.3377424533203,2036245
2026-02-19,1423.1539306640625,1473.5883939499088,1415.8929173886818,1442.38571625874,2397127
2026-02-20,1409.5150146484375,1427.6674878618005,1404.118333422843,1415.8929106423218,2392491
2026-02-23,1399.408447265625,1414.519178573271,1388.9094972110074,1411.1830244231892,2629763
2026-02-24,1314.042724609375,1380.274719192049,1297.65648645313,1375.9574701817446,10004684
2026-02-25,1352.3101806640625,1365.2622878062396,1328.564830569199,1329.5460453628248,5703505
2026-02-26,1347.698486328125,1378.6067515770044,1342.3018050941937,1364.8697447997247,2329520
2026-02-27,1363.00537109375,1378.410514374845,1356.0387703966437,1371.7382062333631,8651443
2026-03-02,1345.2454833984375,1359.9637053174577,1324.6399727118094,1325.6211875064107,2088938
2026-03-04,1338.376953125,1356.03881907533,1330.5272349248532,1330.5272349248532,3161598
2026-03-05,1328.662841796875,1352.3100928319334,1307.468627586557,1352.3100928319334,2217963
2026-03-06,1331.2139892578125,1354.861360303096,1328.7609524088984,1330.5271868509924,1871596
2026-03-09,1333.078369140625,1346.913473510414,1303.053220985995,1305.0156505356726,2256550
2026-03-10,1335.9239501953125,1338.769497070742,1319.7339059953692,1335.4333427953143,1671877
2026-03-11,1324.934326171875,1350.1514973614264,1321.5981720630728,1341.516759641843,1837000
2026-03-12,1332.5877685546875,1337.7882547987542,1315.8090197747438,1324.6399527933663,2616965
2026-03-13,1300.5020751953125,1331.2140255138524,1296.184706268201,1324.6399344905913,2190786
2026-03-16,1303.6419677734375,1312.570998555867,1277.9341877577049,1288.1388456992804,3618375
2026-03-17,1296.2828369140625,1303.641947849284,1273.3223868407317,1303.641947849284,2285672
2026-03-18,1331.70458984375,1352.5064140828886,1301.5813454034121,1301.5813454034121,2564106
2026-03-19,1287.1575927734375,1328.7610035092155,1284.6063385307011,1316.201526226088,1663249
2026-03-20,1308.6461181640625,1327.0930041361307,1303.9363590360338,1309.8236477789667,5050431
2026-03-23,1333.078369140625,1339.3581676550325,1285.3913550388957,1290.1012338689998,5166409
2026-03-24,1347.5023193359375,1367.8134175828534,1334.4521147149787,1354.0764105196108,3555664
2026-03-25,1355.35205078125,1384.8865922977561,1322.677550039282,1322.677550039282,4167275
2026-03-27,1338.7694091796875,1380.9616428095928,1334.2558453514612,1351.1326908925473,8956139
2026-03-30,1316.397705078125,1333.6670609907476,1311.0991213904404,1324.6399330615018,5541018
2026-04-01,1328.957275390625,1373.4062314998082,1323.6586918089686,1373.4062314998082,2469237
2026-04-02,1375.8592529296875,1386.2602249380814,1316.0051541197643,1321.6962474912555,6509389
2026-04-06,1376.938720703125,1395.5818011442657,1367.9114730442573,1370.7570198038698,2134581
2026-04-07,1414.5191650390625,1419.3271412878366,1362.0241757138642,1364.8697224551543,3459049
2026-04-08,1433.5548095703125,1438.4608835250363,1405.0014831092587,1422.6633493462648,4239052
2026-04-09,1437.3814697265625,1441.4044261299628,1409.0243403149261,1431.4941813965559,3101205
2026-04-10,1423.9388427734375,1430.218641329469,1394.4043018104655,1424.7238625093896,3450066
2026-04-13,1402.5484619140625,1420.6028382260422,1390.871981814991,1413.9305296616592,2252652
2026-04-15,1424.0369873046875,1447.1936310056226,1410.1036662553024,1417.8552865872377,3993858
2026-04-16,1422.9576416015625,1441.110115230014,1408.1413222170224,1432.5735944615665,5229848
2026-04-17,1415.2060546875,1430.6110780561037,1403.137065583147,1416.187269418677,3319268
2026-04-20,1401.4691162109375,1424.6257610308828,1397.2498447520022,1418.738472359175,2352656
2026-04-21,1414.126708984375,1427.6675210120688,1395.6799427785093,1403.1371512352293,3091487
2026-04-22,1261.1553955078125,1332.489661586118,1256.9361240735032,1319.7338695385338,33066256
2026-04-23,1253.5999755859375,1269.9863342339863,1248.1051967882206,1265.7670627805069,8304759
2026-04-24,1203.199951171875,1264.800048828125,1198.0999755859375,1264.4000244140625,10903519
2026-04-27,1228.199951171875,1232.0,1201.0,1209.0,6066942
2026-04-28,1196.0,1232.699951171875,1192.300048828125,1227.9000244140625,6643295
2026-04-29,1200.199951171875,1210.800048828125,1192.0999755859375,1200.0,4777201
2026-04-30,1199.0999755859375,1213.699951171875,1184.0,1200.0,5070033
2026-05-01,1199.0999755859375,1199.0999755859375,1199.0999755859375,1199.0999755859375,0
2026-05-04,1200.5,1213.5,1191.4000244140625,1208.0,3318673
2026-05-05,1200.199951171875,1205.4000244140625,1190.0,1200.0,2459953
2026-05-06,1189.0999755859375,1212.0,1186.4000244140625,1208.0,3541520
2026-05-07,1183.4000244140625,1196.0,1181.0999755859375,1195.0,3725309
2026-05-08,1198.4000244140625,1202.800048828125,1176.800048828125,1179.800048828125,2813749
2026-05-11,1194.9000244140625,1206.300048828125,1191.0999755859375,1196.9000244140625,2505962
2026-05-12,1145.800048828125,1184.0,1142.5999755859375,1183.0,3959561
2026-05-13,1143.199951171875,1154.5999755859375,1137.0999755859375,1146.300048828125,2635034
2026-05-14,1124.0,1143.199951171875,1103.4000244140625,1139.0,5837032
2026-05-15,1132.5999755859375,1152.0,1121.800048828125,1121.9000244140625,3729249
2026-05-18,1146.5999755859375,1149.5,1121.4000244140625,1129.0,2588569
2026-05-19,1179.4000244140625,1198.300048828125,1152.300048828125,1156.0,5756760
2026-05-20,1169.800048828125,1181.0,1162.4000244140625,1166.199951171875,1415960
2026-05-21,1168.199951171875,1180.5999755859375,1163.199951171875,1173.699951171875,2245247
2026-05-22,1164.0,1176.0,1159.9000244140625,1169.9000244140625,2044782
2026-05-25,1165.699951171875,1178.0,1162.0999755859375,1168.0,1419803
2026-05-26,1161.9000244140625,1173.699951171875,1160.0,1165.699951171875,1196820
2026-05-27,1165.199951171875,1169.800048828125,1153.699951171875,1155.300048828125,1004168
2026-05-28,1165.199951171875,1165.199951171875,1165.199951171875,1165.199951171875,0
2026-05-29,1183.800048828125,1191.699951171875,1177.0,1180.0,12446602
