Price,Close,High,Low,Open,Volume
Ticker,NESTLEIND.NS,NESTLEIND.NS,NESTLEIND.NS,NESTLEIND.NS,NESTLEIND.NS
2021-01-01,872.2166137695312,875.4926456582691,865.3786163638175,869.3329832273156,1005720
2021-01-04,868.7775268554688,880.6926201395836,866.4989446586519,874.3107895588619,1240700
2021-01-05,877.3008422851562,880.2199621809444,864.055045784952,867.1490151111011,1673460
2021-01-06,875.2681274414062,879.2744875572047,871.2381078322195,875.0222995344925,1154120
2021-01-07,856.9285888671875,879.983552632465,853.2791409780903,879.227199046519,2412100
2021-01-08,865.38818359375,867.4563697614373,850.9108804199385,861.6559846936008,3032700
2021-01-11,869.4157104492188,876.7146061232698,859.8028010143012,867.4562428366505,2291100
2021-01-12,850.8682250976562,871.7084291934602,848.5471134930178,870.2926105518918,2831320
2021-01-13,851.8231811523438,863.9108162661415,849.2562415442535,852.7993372211893,2187740
2021-01-14,857.1792602539062,861.755237553539,853.2272588747372,853.2272588747372,1169760
2021-01-15,843.0635986328125,862.6818216138046,841.4563109919476,856.1132531441827,1928020
2021-01-18,833.452880859375,854.4089588639766,829.9571042990345,843.8174697103424,2413480
2021-01-19,839.3147583007812,842.4253469180011,835.310764129766,838.1471334476938,1256980
2021-01-20,835.8450927734375,848.0745716064756,833.0914735038073,839.896348920476,1476620
2021-01-21,837.4995727539062,846.1835886148555,834.6183078477203,840.0381212115074,1419540
2021-01-22,831.5099487304688,845.3467119202332,829.6379635862701,840.6998146419692,1965000
2021-01-25,823.26806640625,836.7289916085664,814.5036662993862,834.4598729556687,2328720
2021-01-27,829.0755615234375,831.8930034332402,819.7226169203957,825.9957300436719,1328040
2021-01-28,821.9632568359375,828.2198076476329,813.2343467674904,825.8561666440723,1781100
2021-01-29,806.474365234375,825.7546023686808,801.8085398844336,821.8403987512604,2257760
2021-02-01,807.7838134765625,816.6710694302172,803.6379777349216,813.0925421788619,1688120
2021-02-02,812.634033203125,820.1834892809368,806.2143468277532,810.7312905124237,2605960
2021-02-03,811.5042114257812,817.2998642545797,806.0489090797302,813.0949373341256,2246500
2021-02-04,807.13623046875,814.3665721642985,806.1174872343832,813.087863014512,1842000
2021-02-05,809.1098022460938,811.5419982376463,803.7798375843362,809.8330902919826,1961940
2021-02-08,813.952880859375,817.1059988706088,808.4196178015396,812.1470844441275,2432140
2021-02-09,818.7156372070312,827.747100478133,810.7288848201017,813.6125153764965,2420240
2021-02-10,812.0217895507812,824.2867553451905,807.7270722041716,819.7201846526189,2331520
2021-02-11,823.1262817382812,824.7902945045977,810.7289942278228,812.6151754346412,1307320
2021-02-12,817.5504150390625,828.172604606566,814.9834753380115,823.0245872140687,1090560
2021-02-15,826.3218383789062,827.5935073096676,815.8367586774273,820.1362080287597,2202380
2021-02-16,813.907958984375,834.1761808178761,810.2136157531753,829.8743656842265,4595480
2021-02-17,791.4038696289062,798.9107970598184,772.910741534203,798.9107970598184,11986860
2021-02-18,773.6055297851562,798.9106850370007,770.5469920771072,792.10338718541,5021320
2021-02-19,774.15869140625,778.3328610426332,766.4319620778139,776.6925078791048,2605500
2021-02-22,760.9176025390625,781.4198251657485,757.5281200912846,775.7967131981426,4298300
2021-02-23,764.399169921875,768.4197257629475,756.4644105485885,762.5578842620506,2859960
2021-02-24,772.7285766601562,774.2342436266478,761.092377015624,769.743325874071,1686840
2021-02-25,761.74951171875,774.0120536984053,761.0924125868802,770.8306021011236,3714260
2021-02-26,761.1680908203125,769.8095188701049,756.5495268539876,758.7524565283148,4537460
2021-03-01,770.1900634765625,773.7426228684611,761.0924114626941,767.5215035214115,1814360
2021-03-02,783.6013793945312,785.6742972441198,770.0624363247524,770.6415168497962,2461940
2021-03-03,789.420654296875,790.4015422192911,782.2068174230524,789.6924499266303,1857460
2021-03-04,787.6503295898438,789.8319657047783,777.40155640779,787.4021357335687,2599620
2021-03-05,793.3751220703125,796.0743819421857,777.9216053970612,780.7579749289217,2054820
2021-03-08,796.662841796875,798.9106667206547,785.0597072270305,790.6402890796211,1836840
2021-03-09,799.4213256835938,801.272075381289,787.5653210957917,799.3929919937219,1854340
2021-03-10,800.3974609375,803.6380037726806,793.4743466661438,801.2601668885284,1275760
2021-03-12,790.5174560546875,804.1036614453172,787.0925421659385,802.5507329746912,1698280
2021-03-15,795.745849609375,797.9581854966065,786.1470771343838,797.9581854966065,1379660
2021-03-16,791.439208984375,804.5834427329776,789.2197753482409,795.8379705293582,1689400
2021-03-17,777.9097290039062,793.710693072612,772.4402888086087,793.710693072612,3143460
2021-03-18,765.8788452148438,785.9083385762265,764.8742976977808,778.4841622890177,1927300
2021-03-19,777.6780395507812,784.4924349068633,759.6742048179146,765.8196713161304,3988320
2021-03-22,784.1640014648438,788.2743481624861,772.9579414905559,777.6852239383069,2175720
2021-03-23,788.574462890625,791.8197373768803,780.3040853150422,783.5469938520473,2007160
2021-03-24,777.548095703125,792.7557249136432,776.1842702342653,784.7288093378468,1511100
2021-03-25,764.4063110351562,783.9961419876906,761.8488350486789,776.4561494936114,2174080
2021-03-26,783.3934326171875,785.601036533441,768.372481472147,770.4997585206822,2531560
2021-03-30,811.43798828125,815.6239874294191,785.2015721148595,785.2015721148595,2978040
2021-03-31,811.4474487304688,817.7725545857004,801.3476149851163,817.7725545857004,2206620
2021-04-01,807.5687255859375,812.5512997629932,802.1063830207131,811.4474977749138,1663520
2021-04-05,797.9912719726562,810.7289086481754,790.5859658367544,810.7289086481754,1631140
2021-04-06,807.500244140625,809.3107725831359,794.1834684227034,799.3834792278521,1283860
2021-04-07,823.0126953125,844.5738215101352,804.8197575274245,808.3652190143295,3569300
2021-04-08,836.25146484375,839.5180329061948,819.0890996335871,823.7312652276544,2360120
2021-04-09,831.642333984375,843.7725554628393,827.274330137734,832.5263333889077,1478880
2021-04-12,827.3547973632812,832.9471516195448,819.7627541961376,821.3724076887671,1150640
2021-04-13,811.6199951171875,831.9993017693631,805.533619280893,831.3870979498921,2210540
2021-04-15,797.7595825195312,822.5471147956401,793.0016006147622,819.0016530939348,2366280
2021-04-16,815.5554809570312,819.4744165926079,797.1522026073391,802.1725742847972,1883800
2021-04-19,807.8901977539062,814.9834873169003,801.2743683307111,813.1422015856093,1018760
2021-04-20,808.15966796875,823.4926369299116,798.4404048557781,823.4926369299116,2073740
2021-04-22,793.7319946289062,812.6198303537175,782.4243145515978,812.6198303537175,4088620
2021-04-23,785.9436645507812,794.1502765339931,784.965142609205,793.4742498461611,1372000
2021-04-26,797.5209350585938,798.6743642693017,787.7377917822199,794.1385506401209,3047240
2021-04-27,793.190673828125,800.328858246461,791.8197504801076,798.8634123390273,893020
2021-04-28,786.3267211914062,795.6536403593781,785.2488869286585,793.0016417935202,1737520
2021-04-29,784.3660888671875,794.4448030028838,783.2942852034661,792.7527654212723,1604140
2021-04-30,775.1785278320312,787.5339466542642,772.6000026159127,784.2448503944976,1955660
2021-05-03,784.565673828125,787.8071935685176,773.4388870910473,777.590624692638,1280960
2021-05-04,786.459716796875,789.9484016753996,778.5412045392927,784.7319970890351,2115920
2021-05-05,786.5858154296875,789.4732395004081,782.2225362352494,787.1466368954992,706440
2021-05-06,794.58740234375,797.0684540120981,785.4355000236943,785.4355000236943,1406380
2021-05-07,796.6668701171875,798.4136206058845,792.0873505505613,797.9596720300668,753320
2021-05-10,797.9003295898438,800.8804697605234,792.3250700835564,799.9298697964159,953160
2021-05-11,801.835693359375,805.5858165534422,794.2427890190334,796.0798185010563,1201260
2021-05-12,794.6017456054688,801.2321568971277,789.948540390195,797.0899339553067,1211520
2021-05-14,818.6636352539062,820.367566702934,789.2354255563279,794.5587608344639,1931640
2021-05-17,809.8136596679688,822.2688733625369,808.0384214037753,818.4664739481436,1214060
2021-05-18,816.5938110351562,819.8424674324174,810.0061030651278,813.7229809427058,1108780
2021-05-19,829.3674926757812,830.1113092000089,816.8979482331958,816.8979482331958,1768740
2021-05-20,821.5725708007812,831.7582156861502,818.5615063270809,829.8736677321208,985060
2021-05-21,831.6370239257812,834.1513791278466,821.3301750896985,826.325582007444,1345200
2021-05-24,825.1348876953125,835.9598543692857,822.30443969789,827.0241931671899,1144120
2021-05-25,832.5401611328125,844.0757005167056,828.0699510565051,831.6323219579821,1439040
2021-05-26,833.73779296875,837.3524393255973,825.5008668155793,832.5400279705036,916060
2021-05-27,843.5005493164062,850.786876370408,828.6997025047455,834.1513787877465,2393260
2021-05-28,832.2216796875,846.7160075898413,831.7749255770826,844.6080244288434,1063240
2021-05-31,841.0693359375,843.4315625040824,827.74666588121,832.2026024217987,1140460
2021-06-01,844.0613403320312,846.5091464921445,830.7838674102079,836.4803299147964,1155020
2021-06-02,839.0707397460938,846.6612658836359,832.254954833649,832.5448808354323,1485240
2021-06-03,846.0052490234375,848.6455654120609,834.6265976319755,838.9042965947817,1007980
2021-06-04,828.2957153320312,841.5850829334255,826.0712861099038,840.8554812884099,4036440
2021-06-07,833.322021484375,836.0526173937775,824.811761900427,830.5652585487493,988720
2021-06-08,830.9478759765625,837.143426926873,827.1834795725741,833.2031718662595,948940
2021-06-09,834.4911499023438,837.7446218217024,828.9230278046366,829.8736276071648,837560
2021-06-10,834.4412231445312,840.0925457328234,831.2994978708391,832.9630474663497,841060
2021-06-11,833.5048828125,836.9555645592484,825.3582359627391,836.9555645592484,979940
2021-06-14,835.4585571289062,837.9538820755294,827.8585149330785,829.9403312093476,730460
2021-06-15,840.5584106445312,841.7561757509359,832.2976955430695,838.7142445959422,943920
2021-06-16,853.8858032226562,858.7956304036042,837.1481331449347,838.9138560642094,2339240
2021-06-17,858.3466186523438,864.5374124550654,850.7869585954389,851.4999085607424,1515740
2021-06-18,839.8858642578125,860.2429979088361,836.5278980167999,858.3441769611269,2953400
2021-06-21,838.8639526367188,841.7585128202862,832.3927490544858,838.020283699092,803600
2021-06-22,828.7591552734375,843.560002804413,827.4972199706777,839.8550187755242,1410640
2021-06-23,827.7254028320312,834.6267678493873,825.5960681972583,831.7725891385321,741680
2021-06-24,837.466552734375,839.8549464015731,823.3335167815238,827.7371774385545,1300900
2021-06-25,832.0933837890625,838.9044111807359,828.6854622626703,835.1139056860607,780000
2021-06-28,832.0670776367188,837.4783713005991,829.5646168576908,832.1098383794362,809000
2021-06-29,836.4922485351562,843.6573717378268,831.2829218735227,836.0525728939929,1421920
2021-06-30,838.0963745117188,843.4197104227538,835.3396117599267,838.4290612486546,1031340
2021-07-01,838.7237548828125,842.4691206284662,835.0781835554279,837.9537713218538,534000
2021-07-02,836.6229248046875,840.3302875164412,831.1094571467041,840.2827691268058,614460
2021-07-05,838.4932861328125,841.8512524467678,832.8823446661651,836.7703238054364,686440
2021-07-06,830.3536376953125,838.3268046873626,827.8297675142326,838.21749499952,1251020
2021-07-07,842.0866088867188,846.034000919819,825.1326950010988,827.0220008991489,1090380
2021-07-08,837.4261474609375,841.2736862252001,833.585745157573,837.2882919235866,597360
2021-07-09,838.2388916015625,840.3302227644801,834.1513240676825,834.3913528378583,538820
2021-07-12,838.49560546875,843.9116573250919,835.1780213196988,843.9092785046982,666020
2021-07-13,840.8958740234375,842.8494078368282,836.5801714501841,842.7067946466495,500080
2021-07-14,833.661865234375,840.8959167729503,832.7255382286362,840.8959167729503,1017220
2021-07-15,837.5665283203125,839.2752178342461,829.3984702635528,832.9632201357457,556780
2021-07-16,839.1039428710938,841.9937452812726,833.5785817145063,839.1419459746468,733700
2021-07-19,843.7738647460938,848.1727681423538,834.1514194955623,834.1514194955623,1028040
2021-07-20,848.7003173828125,851.1195778274814,841.3284106849986,843.6550131703386,891880
2021-07-22,855.2926635742188,857.7476061493952,841.2808316611652,848.7002562141488,2266340
2021-07-23,862.3818359375,866.1866142427843,849.9432157356246,852.2294362754697,1504620
2021-07-26,860.3570556640625,864.4636540800484,856.0531892079185,858.9549440586327,1069900
2021-07-27,866.2863159179688,876.8807689146674,854.2327178039975,856.1101291406195,2783140
2021-07-28,856.6116943359375,871.4149202271175,850.8344096495365,871.4149202271175,1752740
2021-07-29,851.4879150390625,865.0458569002511,845.083260202553,853.1633588659071,2710720
2021-07-30,841.4067993164062,853.4461251091222,839.144367110794,851.4878918072907,1667400
2021-08-02,841.9771118164062,850.8248147156684,840.0925639793049,845.8341658207419,639480
2021-08-03,869.0430908203125,873.6012005339712,839.0944400167721,839.8644235201639,1262560
2021-08-04,858.2656860351562,872.1729662056184,856.3525922710837,869.5184347436997,816440
2021-08-05,865.4617919921875,869.0431933425683,855.6349423686191,862.6694048003407,759280
2021-08-06,856.521240234375,865.4260344380657,854.5891740947139,865.0457713305781,767480
2021-08-09,865.1550903320312,866.7093302211125,856.5212494549818,858.866882209789,612720
2021-08-10,868.52978515625,873.1592017526649,859.5846661573895,865.5211575386652,1229340
2021-08-11,863.5154418945312,870.5118431106448,856.7447965466934,870.5118431106448,699700
2021-08-12,861.9017333984375,867.3249216263357,859.3422387371468,864.1332409508676,489880
2021-08-13,868.3515625,869.3259505642508,861.7995947410627,865.0315994522151,822460
2021-08-16,869.5732421875,879.2574796661563,863.9599213502622,868.3516886989813,899420
2021-08-17,890.3579711914062,893.4426630903032,869.8654193856169,872.1753700791198,1504020
2021-08-18,898.8397216796875,901.5964845910642,891.1897829276355,891.2349224979737,799760
2021-08-20,930.2213745117188,933.5413375568357,881.9309132790903,881.9309132790903,2862140
2021-08-23,951.600341796875,955.1151940060157,929.5749596397714,936.3408470723318,2974840
2021-08-24,940.1360473632812,960.0582608487857,934.6772350808795,955.3527803267572,1661680
2021-08-25,946.31494140625,966.0470232368815,940.4283476464262,940.4283476464262,2003180
2021-08-26,953.104736328125,956.2892227727854,941.3577143549775,949.4092676271856,1264080
2021-08-27,948.5726928710938,955.3528532923084,945.6567231772798,955.3528532923084,702080
2021-08-30,938.3489379882812,956.4222283767408,935.592233367022,952.976304085161,2679160
2021-08-31,925.3021240234375,942.9927752367472,919.7054551921024,938.4798042774191,4547400
2021-09-01,942.3701171875,945.3716085475352,929.3112045347651,938.5653387347622,2096860
2021-09-02,962.03564453125,964.383598434362,939.2402194783742,944.6111321207355,1571540
2021-09-03,963.273681640625,966.902600985727,955.4026875185943,962.482288747919,939560
2021-09-06,961.2084350585938,967.1402263426364,958.2045653230896,962.9647006196722,681380
2021-09-07,968.1122436523438,969.2648691568523,958.4969356331557,958.4969356331557,683060
2021-09-08,942.9760131835938,975.7907383126392,940.3808941800081,964.8588401240416,3447460
2021-09-09,972.3306274414062,975.5531751188558,943.0141581828798,946.322227362554,2207220
2021-09-13,972.0953369140625,974.364905798645,961.5318070393458,964.8589067176827,750060
2021-09-14,961.5531005859375,979.5527053565223,959.1551917194364,971.9882889327291,1183700
2021-09-15,956.2654418945312,968.1859430752348,954.7777508148573,968.1788066139891,752120
2021-09-16,951.9234619140625,962.0877542278891,949.1738359334215,955.6402813512095,1025300
2021-09-17,958.9508056640625,964.811290636897,955.3551897253597,957.9669603876056,1902580
2021-09-20,965.93310546875,968.9464909823913,955.4004420646477,956.5411735775133,1830260
2021-09-21,959.6091918945312,966.2848005949957,950.7020754524382,960.10590123064,2168220
2021-09-22,947.044677734375,958.863006500237,941.5739705985088,958.863006500237,2150460
2021-09-23,942.947509765625,956.3509441150375,942.0444283261944,950.5998267670983,1074480
2021-09-24,944.147705078125,949.6492786672037,941.093879760292,947.1301657810526,837880
2021-09-27,933.5936279296875,945.846874225105,931.6401521518552,945.846874225105,919480
2021-09-28,928.9617919921875,937.2272644962495,924.8884972396785,935.8655348781114,1153720
2021-09-29,927.1556396484375,936.3407868495043,923.1108329276038,928.9617444252805,925900
2021-09-30,924.2468872070312,931.110190393387,918.0964759005216,925.8034480723776,887460
2021-10-01,929.208984375,933.7243337102209,915.049780893204,924.2207139302064,797380
2021-10-04,926.4996948242188,933.9642585069158,920.2779776585404,929.2088809157026,655920
2021-10-05,921.870361328125,930.9723083748223,919.4605582439214,926.8348434608326,546560
2021-10-06,910.5390625,932.740358595747,906.7771035309391,924.2158276873387,1452160
2021-10-07,905.2396240234375,917.5285530028121,900.9477095578144,912.6139097312798,953900
2021-10-08,902.4258422851562,911.6228843002286,900.101618671733,905.684014012743,1744920
2021-10-11,907.0932006835938,912.3619394896414,903.1957647404885,904.0679214841208,776040
2021-10-12,922.8280029296875,924.4583071183447,901.6462906987106,906.344634860036,1444980
2021-10-13,918.3103637695312,931.8279244255316,913.8140448396726,926.8348961641136,1078500
2021-10-14,918.5361938476562,923.4484003174899,913.7641637317761,921.7967445774262,843800
2021-10-18,923.9093017578125,931.587785413921,913.5263895742634,931.587785413921,1126060
2021-10-19,920.582275390625,937.8641738153399,916.5707718467412,925.6466100497433,1186040
2021-10-20,916.2665405273438,960.1058208864588,905.4677404667299,917.3288288667651,4355380
2021-10-21,914.1514282226562,935.390232775291,905.7648099587932,924.9336346446729,1519240
2021-10-22,903.3883666992188,923.8880556330937,895.9403956792323,923.8880556330937,910300
2021-10-25,888.632568359375,903.1149422705887,884.2645901632618,903.069802705255,1082920
2021-10-26,918.8182373046875,921.801657085936,891.1522394388637,893.1100977271723,2133160
2021-10-27,908.6344604492188,928.4952898044316,904.1856524161227,917.8477057474706,1057640
2021-10-28,908.0032958984375,914.0800918866083,901.4101006507263,908.8925788457268,629000
2021-10-29,908.4216918945312,917.9767712310559,896.8513246557717,908.4145131973991,985500
2021-11-01,905.5267333984375,913.1430979453346,895.7899683859943,913.1430979453346,851420
2021-11-02,897.6067504882812,910.042471315814,891.180882954785,903.6811536909657,698980
2021-11-03,895.8472900390625,903.0572698749999,887.4253360314417,901.7209233176931,889580
2021-11-04,903.1195068359375,905.9762199743843,899.4212518922061,903.6334549001123,138100
2021-11-08,910.7692260742188,913.0019759320346,893.1148841542399,905.9761326490534,866240
2021-11-09,905.5816650390625,910.5660153521512,898.9024418530657,909.2248829917327,872960
2021-11-10,906.16259765625,910.451256270878,898.8522328943511,905.9235412113313,761180
2021-11-11,901.4341430664062,906.0240155887944,892.6392462524024,906.0240155887944,839120
2021-11-12,915.2251586914062,920.8071497341967,901.7614840747294,906.0238789413893,1330240
2021-11-15,931.201416015625,932.2723842757453,911.7541498600573,917.976796450017,1016660
2021-11-16,930.508056640625,937.053452366956,923.761890855724,929.936737424537,922400
2021-11-17,931.2228393554688,935.4278632065145,925.7700062366281,927.7302574002122,1085520
2021-11-18,927.8020629882812,931.7847226557337,921.8041153137194,927.5390775333135,832140
2021-11-22,908.1921997070312,935.4685055097709,900.4061148242422,928.1844625150519,882760
2021-11-23,917.0946655273438,920.1952206863921,903.8580818501385,908.22325497034,739200
2021-11-24,912.5693359375,922.2798375133059,906.0239979718583,917.9768211640992,687100
2021-11-25,916.9273681640625,918.4549132534797,903.9059115140847,912.4785017929547,594900
2021-11-26,919.0406494140625,929.1695002276568,907.5779031632134,915.5313167189545,1128820
2021-11-29,908.4336547851562,916.1742746353011,898.8522535760708,910.8050760970292,962140
2021-11-30,915.7081298828125,928.7295277854855,905.3283174404879,908.4336584092857,3395600
2021-12-01,927.4339599609375,929.9249097751074,916.1552333539009,918.4549846771799,1096240
2021-12-02,932.4730834960938,939.4918062322131,919.2557019954929,927.4338134439167,972000
2021-12-03,923.7787475585938,932.2628593219727,914.9647075185194,927.6442719920078,1508960
2021-12-06,909.2034301757812,928.2849328228233,905.0271208958321,927.5390486661685,698540
2021-12-07,924.8735961914062,929.6260105379324,907.2670531309002,919.2198759703234,1408580
2021-12-08,931.3209838867188,933.5131130181819,919.1745107615365,919.1745107615365,671560
2021-12-09,922.02880859375,934.6629659442362,916.1814968767285,932.3202009461031,810440
2021-12-10,921.3355712890625,923.2360584939152,909.8704326817452,918.9808417872665,788980
2021-12-13,907.5538330078125,925.1244811065266,904.7808133599258,918.942514336517,1089800
2021-12-14,919.831787109375,923.8551255711343,904.273975703517,906.1721281462434,1381340
2021-12-15,918.1250610351562,922.906190295644,910.8051241229202,915.6364459025001,1298180
2021-12-16,920.7091674804688,923.4918172437772,914.4100650369072,918.2158250470968,808340
2021-12-17,912.22265625,919.5569501041211,908.4145033710387,913.9151945799342,1085560
2021-12-20,902.7369995117188,911.6752952914055,889.2900730045928,908.4145907036163,1426200
2021-12-21,918.9569702148438,922.0861819542622,903.6358205328464,907.7929867329927,693560
2021-12-22,917.5274047851562,924.6679908692739,909.0026141013587,919.4111416683735,732240
2021-12-23,918.385498046875,922.755456732154,915.8252129369474,922.5187931933386,951380
2021-12-24,919.1339111328125,929.1671043061745,916.5951033738164,918.3856340229713,684400
2021-12-27,922.8702392578125,927.5390186931403,913.1693099169482,917.3073910410635,531760
2021-12-28,925.3876342773438,930.8165976011577,919.6502787561202,925.1485777972928,420980
2021-12-29,927.5222778320312,929.977392248228,920.4414561157699,925.3875200703893,585380
2021-12-30,927.8522338867188,936.3841448552213,923.8671230495639,927.06094300448,797360
2021-12-31,942.1549072265625,947.3783139797669,925.1580287298148,926.3437393780762,797740
2022-01-03,940.8281860351562,947.3329026390738,938.9205202515395,941.6433475110106,517380
2022-01-04,950.921142578125,953.7300558396201,938.4424076763308,940.8305792551856,700680
2022-01-05,953.1539916992188,957.4211730819087,948.054956824072,950.2016792796633,648640
2022-01-06,939.374755859375,953.1539445836114,933.9935925908184,944.277806206206,614180
2022-01-07,951.5809936523438,954.3133926608223,936.4821502174927,939.5158210648709,979660
2022-01-10,942.26513671875,954.7390887187422,940.8809902265481,951.5883403471147,412340
2022-01-11,944.8442993164062,947.8588268390324,934.710722053119,934.710722053119,635760
2022-01-12,942.2218627929688,949.0541148705133,939.9699696903925,949.0541148705133,474220
2022-01-13,942.5708618164062,944.2729717444593,937.1012782881722,944.2729717444593,707660
2022-01-14,927.5462646484375,942.8076504136677,921.3236178491339,942.5709284840119,743800
2022-01-17,924.34521484375,933.0373331274119,913.7263459111397,927.5390347256874,728060
2022-01-18,926.5637817382812,929.9297156836759,917.4031793627566,921.8973945370383,724160
2022-01-19,905.40234375,929.6881086677793,887.956009307644,926.1046549420203,1647660
2022-01-20,895.7015991210938,912.2395097405189,889.5315374864143,898.8523471237817,1581120
2022-01-21,907.1834106445312,911.3907692300548,889.7705174698901,892.1586891182836,1104820
2022-01-24,894.9197387695312,910.3269145022288,889.2899479906226,907.1833456927246,1068740
2022-01-25,898.4100952148438,902.8709265251731,875.5659021324965,888.0063524406562,1157600
2022-01-27,879.0322265625,898.3742656457142,871.0142627619407,886.8995544293773,1085180
2022-01-28,878.9818725585938,891.6327798775854,876.2972732309519,879.7277567145845,748460
2022-01-31,885.5391845703125,891.1976318882963,881.0664478690478,881.0664478690478,595220
2022-02-01,892.718017578125,897.8098728906836,880.7316953902221,889.2899273313028,535820
2022-02-02,884.5398559570312,901.2427570308053,881.6711787463231,899.8084184254512,1208320
2022-02-03,875.26220703125,888.3170475174137,873.0867699183788,880.6839911562272,687080
2022-02-04,876.4598388671875,879.7277218096903,870.2993495809869,879.7277218096903,898480
2022-02-07,864.0814208984375,880.6838781003725,856.3479221305678,876.4597697066141,969380
2022-02-08,864.77001953125,870.8468746126833,860.1251687167564,870.4045968031435,787700
2022-02-09,867.0601806640625,871.9416949423282,861.6288248504604,864.906279606681,964860
2022-02-10,867.2896118164062,870.7822521901793,861.0813228857149,865.4321385524372,1008440
2022-02-11,851.7677001953125,867.0577413497899,842.4349270793107,867.0577413497899,1919600
2022-02-14,844.8374633789062,851.0529311126287,833.3412176252117,847.0248065629173,858340
2022-02-15,869.5487060546875,876.0582086117337,840.113712961813,844.8374708155584,1003400
2022-02-16,871.3033447265625,879.6033772448588,862.2048426950513,868.5876379127772,808200
2022-02-17,866.6273803710938,879.7276847404497,858.6978970629102,879.7276847404497,2276800
2022-02-18,861.0479736328125,871.7146431105077,851.5717423583452,860.0295907231629,1926560
2022-02-21,865.676025390625,868.2530610280103,852.2362782392227,859.5035712637033,740720
2022-02-22,865.9103393554688,869.8475924372881,848.1556105488947,859.8861279466204,1261740
2022-02-23,857.0963134765625,870.6220882499927,852.714389903464,865.9102947776514,1184960
2022-02-24,848.3994140625,859.1067622695136,839.5662895171664,847.6942091765012,2242100
2022-02-25,846.9818725585938,855.5807269184518,841.4787878620831,851.0410468150612,1619780
2022-02-28,843.3506469726562,849.5732941983141,828.5697660247839,846.2599456802468,3157460
2022-03-02,853.17333984375,855.3152763302096,834.644071787683,841.4787168080329,1732620
2022-03-03,833.66162109375,854.8659178418118,831.4168482065201,854.8659178418118,1339280
2022-03-04,831.5267944335938,838.8036586106444,813.7959382245805,827.1352995254434,1034100
2022-03-07,829.1456909179688,832.2869250899697,814.7043130002822,817.5729901587339,1330840
2022-03-08,825.380615234375,838.13190718914,811.118528548988,827.1353105745648,1954480
2022-03-09,819.7533569335938,830.9602963218005,815.9307879190642,830.9602963218005,1422440
2022-03-10,843.8262939453125,845.5546674901651,823.3582517294745,827.1353554879074,1329780
2022-03-11,828.44775390625,842.3417431188681,823.7885459215717,841.4787236343391,1465580
2022-03-14,830.3482055664062,835.6194118592874,820.3461212450848,835.6194118592874,773300
2022-03-15,834.861572265625,839.5661864905436,824.508024221708,832.8726064160176,1244220
2022-03-16,852.1597900390625,855.1289110449011,835.3110949219767,841.9568763740992,967800
2022-03-17,874.191162109375,878.5252272978553,850.3691531437615,850.3691531437615,2017800
2022-03-21,854.6961669921875,878.2934204556722,851.6864251965167,877.3371946304618,806700
2022-03-22,833.31494140625,854.3853510227385,824.9192509501516,847.5507061734392,2804480
2022-03-23,829.2485961914062,839.088138652649,825.2706641839244,838.3709693033733,1185580
2022-03-24,832.3037719726562,836.6976016491739,825.2228916836995,828.4740828526077,863620
2022-03-25,820.4991455078125,835.6457885592448,816.3778144540065,835.6457885592448,1064340
2022-03-28,806.1007690429688,829.4757165030842,802.7515857328175,824.7447798624837,1602220
2022-03-29,809.057861328125,812.7895582897997,804.1859187645448,808.0108220642572,1675180
2022-03-30,827.039794921875,829.4088235515666,813.8725457511857,817.9556489743933,1499400
2022-03-31,830.986572265625,833.5325002052208,822.4928892850807,824.7447824495702,1245620
2022-04-01,839.432373046875,841.8468665552548,824.7447586564506,830.9865482924356,623180
2022-04-04,852.00439453125,854.2204525647379,834.8831430044688,841.956844603541,795680
2022-04-05,861.71240234375,863.4718834672516,847.1395307250365,852.2840301150975,795640
2022-04-06,870.96630859375,873.0341234652549,854.05306537492,859.4079063136887,941160
2022-04-07,869.61083984375,872.5560316127511,859.88603992084,867.7749026724073,749740
2022-04-08,882.252197265625,884.3176193398275,863.9332709217196,867.870523699356,685620
2022-04-11,880.9876098632812,885.477097210404,870.7870893352114,880.5884042491696,753380
2022-04-12,880.5787353515625,884.4610095198211,871.241176997112,873.7656269568807,1098000
2022-04-13,878.88623046875,886.8516075236791,872.5560205014164,883.313560480201,546600
2022-04-18,887.4491577148438,893.4016392145863,874.9464953032706,874.9464953032706,1075460
2022-04-19,858.145751953125,895.2664462111146,852.5829034380367,886.4452861478766,1318840
2022-04-20,875.1953125,880.6338472188046,860.1227903209195,870.1129695886824,1763540
2022-04-21,874.606689453125,892.1416308172845,852.8915783512853,867.3058354086055,3706820
2022-04-22,873.8762817382812,876.840776144882,856.7881509835184,866.7820584684491,2174140
2022-04-25,873.2493286132812,881.672073726448,857.6531209441558,860.0506877222573,1690140
2022-04-26,884.8311767578125,891.0029258615085,874.4649467970094,879.269699251938,1411860
2022-04-27,875.570068359375,887.2311533670901,872.0625755863937,872.1586471753395,1348600
2022-04-28,885.4053344726562,890.5512053331278,873.2661209472774,876.3147221552831,1579160
2022-04-29,880.7254638671875,896.8358112886633,877.6263636574752,884.554837108394,1267960
2022-05-02,886.0228271484375,887.9182762332954,874.9454442753414,877.7802600261361,831940
2022-05-04,869.0716552734375,887.5386915017676,863.4452500623827,878.3616257118804,1217140
2022-05-05,845.8165283203125,883.036523183105,841.1198715203984,879.7573034110957,1266260
2022-05-06,816.5892333984375,845.6219117585097,815.6066405136428,840.8219692702488,1799940
2022-05-09,792.9931640625,819.4649327723987,790.3817530356432,816.4931653231852,2302940
2022-05-10,793.7738647460938,801.432611065907,788.027341632475,799.5107103199456,1343540
2022-05-11,793.3798828125,799.4675248512169,780.0466957056871,793.7739053305513,1235740
2022-05-12,779.3307495117188,792.0392946851624,774.8503418755057,792.0392946851624,1435520
2022-05-13,788.12109375,795.7774356063295,783.410008580618,792.3036092749903,1108780
2022-05-16,779.2755737304688,793.7450806014715,775.2203322870755,792.880201726068,1049660
2022-05-17,784.2988891601562,787.4988704865171,776.6713451888485,787.4988704865171,1726100
2022-05-18,785.2694702148438,788.8610107388705,778.9463999237722,784.2989008902483,1920180
2022-05-19,773.2888793945312,780.5296153871084,768.7603768390092,776.9284558429237,1410040
2022-05-20,810.17724609375,814.8859264407258,780.7745924969026,784.1835499111041,3049540
2022-05-23,816.5339965820312,834.5854240754975,812.546028953322,819.68828812352,2063460
2022-05-24,825.7975463867188,830.1794780459292,809.7497209642258,823.9669662979016,1848200
2022-05-25,830.44140625,844.9637588814936,826.5831759345155,830.261228032111,1630020
2022-05-26,848.1588134765625,851.8824961302621,832.2526919897817,837.7084782871473,2111620
2022-05-27,847.6087646484375,856.5407829456847,840.2166483821592,852.8435517772906,850540
2022-05-30,850.772705078125,864.2260122806659,847.3109019643922,850.4412053034808,1041160
2022-05-31,850.0326538085938,872.4275943142699,838.765475946352,850.6836882758894,7190740
2022-06-01,828.4137573242188,857.5737699320417,825.4612277475776,844.6754268784571,1164940
2022-06-02,835.7290649414062,839.6953905818258,817.7713019945513,828.3393530535931,1377980
2022-06-03,825.0239868164062,844.0676268136549,822.8426692053382,843.8586505923047,1053720
2022-06-06,816.6588745117188,828.1855286601492,814.554449415698,825.0239642684015,720020
2022-06-07,804.6470947265625,816.7863093551632,798.0694164906341,809.6032275921881,1015240
2022-06-08,803.5348510742188,805.2765739743721,790.2160903114011,799.0544425228072,1632720
2022-06-09,805.6680297851562,808.3971548480133,792.0658067735623,801.4422877523455,574960
2022-06-10,805.992431640625,810.6818748263535,794.5523463063137,800.5198114423764,896200
2022-06-13,809.8145141601562,815.356812127593,794.7059969950384,801.91312514191,2369280
2022-06-14,810.63134765625,821.6125990623607,805.2764421219395,809.913039572146,1321620
2022-06-15,807.3088989257812,819.9309927992733,800.4717456803922,819.9309927992733,1295060
2022-06-16,810.7538452148438,814.3574091304143,798.3071213740417,814.3574091304143,1615080
2022-06-17,799.6261596679688,809.8386638908565,789.6611072476571,809.5047593845599,2912380
2022-06-20,815.2271118164062,817.9106058693309,794.5883193481197,802.3936371430002,978040
2022-06-21,815.4529418945312,826.4173603689311,810.0812032453592,815.8469057595611,1112620
2022-06-22,806.0043334960938,814.4054350310499,796.8945427966976,814.4054350310499,1047280
2022-06-23,815.6690673828125,818.9675247415769,802.3935360540046,808.1592381094824,633500
2022-06-24,827.9381103515625,828.8197636214021,813.0625574934558,814.4079115849659,607600
2022-06-27,834.0208740234375,836.3728096060312,825.586164394191,833.6245054282464,1276840
2022-06-28,836.2142944335938,840.8244401992516,819.2583047607022,831.222149744604,1044480
2022-06-29,840.7860107421875,842.0328298717662,828.9302611319335,833.6245134536459,1939440
2022-06-30,839.39013671875,844.1372338277173,828.0605531259816,840.7859311885129,2056840
2022-07-01,855.0079956054688,856.65839736544,832.7139353126038,836.0268210942669,770940
2022-07-04,864.593505859375,865.9820862672758,850.6573199188934,855.2458816773607,974580
2022-07-05,864.134765625,871.7334538015153,860.0507258653043,864.5935983892477,828760
2022-07-06,883.529052734375,885.4389299862323,855.3059432592258,864.1346753467974,1567820
2022-07-07,874.7027587890625,891.281559084574,873.1964642383069,883.5939553404484,1037580
2022-07-08,884.9945068359375,886.4767540762231,875.5218959310005,879.2696259943026,1176500
2022-07-11,888.369873046875,890.0803930752128,881.2876726140884,884.0744525011561,787640
2022-07-12,870.8685913085938,887.437773010097,869.7106295515282,884.879265804165,523780
2022-07-13,876.8504028320312,880.4659904254213,871.1015335134924,871.1015335134924,455020
2022-07-14,882.31103515625,886.0419322588523,871.2313071381194,876.8480342786079,1045880
2022-07-15,901.924072265625,905.0399470336473,882.9356821593158,884.0744060863021,990020
2022-07-18,894.9043579101562,911.5575872319137,891.4040794204609,905.1528735001782,879540
2022-07-19,883.0029296875,896.0141771656783,875.7357421887455,893.6790747001573,874560
2022-07-20,894.5054931640625,896.5667506036275,876.8672668015114,891.2815232420842,1093260
2022-07-21,905.212890625,907.6152666742227,893.3835933046977,893.6838903108505,1013120
2022-07-22,912.3719482421875,916.9388672839384,905.001475226306,908.4704920328736,1264000
2022-07-25,901.2538452148438,913.3834404245426,899.0676593901555,912.3720494184546,719180
2022-07-26,889.3355712890625,902.3324492504179,876.879286593634,902.3324492504179,2789420
2022-07-27,890.8922729492188,896.9991525559625,881.671982117412,890.9932126232826,899460
2022-07-28,918.3033447265625,929.4792016965324,886.9571498225891,892.4826141903898,2609140
2022-07-29,930.15673828125,933.2293864949636,912.9532983559734,918.3033942702767,2276500
2022-08-01,925.1646118164062,936.9266352687293,917.947864964568,934.1398556620989,1171340
2022-08-02,934.9470825195312,936.9746737827664,927.326752902064,931.016769585176,1124380
2022-08-03,930.4835205078125,939.1489078082604,915.3053242308557,929.2415107917902,1026500
2022-08-04,953.7432861328125,957.289195507427,931.9345094434335,932.073866022061,1765600
2022-08-05,957.1787719726562,961.9114414100804,947.9320282198572,953.262886991808,1251200
2022-08-08,944.2754516601562,960.3401081524036,939.3289387682265,956.3858069658081,1149180
2022-08-10,949.8754272460938,968.1575321450699,937.1668816123865,953.772132748324,1444140
2022-08-11,945.5560302734375,960.1048345513848,941.1356815460967,951.3409709054873,1009220
2022-08-12,939.0047607421875,949.2485258216834,932.7802250510973,946.536233676435,978060
2022-08-16,945.7169189453125,953.964235556579,936.1002011447003,939.3289802895299,1321660
2022-08-17,948.2322998046875,953.4526585143888,945.05636555563,945.671329277977,792000
2022-08-18,939.6966552734375,948.1097813327156,935.9657580344368,947.4971636775716,978420
2022-08-19,934.0869750976562,945.089868436272,929.7194721393998,941.731351624405,733960
2022-08-22,934.6299438476562,943.1728068830081,929.719501435874,932.1699131976792,795880
2022-08-23,942.9638671875,946.0053130130185,924.9700927966711,927.3172190510217,857620
2022-08-24,945.145263671875,947.350628661826,930.5868986892766,942.6371969263021,675360
2022-08-25,938.207275390625,950.6683711988263,935.1994954649161,945.1429055141576,518180
2022-08-26,938.2769165039062,944.9050351493049,933.4673544803329,938.8486539079427,559780
2022-08-29,943.9584350585938,949.3709954301611,926.6012678000504,932.1219233653675,969240
2022-08-30,957.3877563476562,960.7102614668299,944.6143406070455,944.6143406070455,2195020
2022-09-01,948.119384765625,963.3528307324738,940.5110196581637,946.5361977770441,1581240
2022-09-02,939.8960571289062,953.6472558054612,938.3681200973951,949.0490750294293,624820
2022-09-05,925.3807983398438,940.8977658954818,923.8096350660413,936.9266313658663,994480
2022-09-06,914.9160766601562,927.7015738169932,910.2627046755409,925.4288767697421,1187400
2022-09-07,921.517822265625,927.6558459983939,913.6235889560653,914.9160390857838,1114720
2022-09-08,918.8488159179688,926.2120753405601,913.1431725744687,922.5604753310723,1092940
2022-09-09,915.3653564453125,930.6805041320492,912.4608626164411,930.6805041320492,968680
2022-09-12,911.375,920.5881359963405,907.6225189524588,915.3798009254156,871200
2022-09-13,915.9612426757812,925.7077000489115,911.4615964188124,911.4856436432624,1022920
2022-09-14,918.128173828125,924.1629713213435,906.7024579273366,906.7048626497369,1232020
2022-09-15,913.3353881835938,925.2535435720346,911.8339030705334,922.2241800529108,669100
2022-09-16,884.2762451171875,913.3353776829358,881.2180249662077,913.3305682384884,2323260
2022-09-19,901.6238403320312,905.2153811356427,877.6985538757561,888.6990442319602,1072620
2022-09-20,894.48388671875,909.0590832194592,892.487498175744,903.7738559914391,1676000
2022-09-21,896.0814208984375,907.5887782509801,893.2538197100151,894.4526029643226,925980
2022-09-22,895.5240478515625,904.9750159069378,892.7493505643864,896.0814154917086,1558620
2022-09-23,888.68212890625,896.384160613401,886.4791688328359,893.2514528540507,716840
2022-09-26,886.6353149414062,907.6128794296687,883.9566890556451,888.677334622568,2261700
2022-09-27,897.1744995117188,903.0531063367858,891.0748342193051,891.1877975008412,1386280
2022-09-28,905.260986328125,911.8939728457909,890.1139926049572,896.3265632861849,2110340
2022-09-29,911.9010620117188,919.1490112698197,902.8729146902247,909.7893642298787,1743900
2022-09-30,919.8601684570312,922.2721633897454,907.8098713336782,910.5005207728927,1619460
2022-10-03,912.5474243164062,919.8194218878863,901.8520406025218,918.548555472494,1040920
2022-10-04,925.003662109375,929.7194979733838,915.3628968679105,924.9147460458728,745780
2022-10-06,927.3242797851562,938.1349709646581,924.3020722379699,929.3398472894074,1340720
2022-10-07,928.3262329101562,931.1610486586134,920.9557588855797,926.1256773463311,792260
2022-10-10,918.6229858398438,922.7526562625501,913.1407471794151,917.7076664730386,692380
2022-10-11,886.4743041992188,923.2162272128808,884.5668318071213,922.7525850857197,1098520
2022-10-12,899.7090454101562,901.7006244887721,886.4743349757532,890.8010164768256,774960
2022-10-13,901.546875,909.1384068821122,893.924140381657,902.8129318877365,605540
2022-10-14,909.4434814453125,913.5635328220027,905.6957514269806,910.9257286678122,441300
2022-10-17,909.0662841796875,915.7857227514869,902.9185829377699,905.6957436445713,348500
2022-10-18,931.5381469726562,933.5177024929128,912.4224243094314,913.863849940252,1070220
2022-10-19,948.4148559570312,953.6472381301428,925.1309869611373,931.5381638896873,2609600
2022-10-20,963.8861694335938,967.8548995783057,946.536215685808,947.4491303652991,2257080
2022-10-21,975.1219482421875,977.7669663867633,960.1095039716707,963.8860317520351,1143860
2022-10-24,1002.9943237304688,1011.4002936405464,977.7694344410727,978.0072673184475,903960
2022-10-25,974.51904296875,1011.3426117417094,971.3767163018601,999.3884447277702,1427060
2022-10-27,967.352783203125,983.7730478905253,956.6261969963545,983.4607272560805,2029480
2022-10-28,974.5214233398438,978.8216529352994,963.3599937861842,967.3527122142734,1298600
2022-10-31,984.2340698242188,989.3864358344358,973.9197206675076,980.3214883820356,1591100
2022-11-01,995.1840209960938,1002.1875377238734,984.5530151320118,985.981248265652,794120
2022-11-02,985.3916015625,1000.5030717038662,977.4286722485016,995.1863887141355,866340
2022-11-03,987.136474609375,989.6280798570787,973.9221166713461,977.4432274830372,706560
2022-11-04,987.2259521484375,992.5281213293533,981.396905496781,987.1365068801684,377460
2022-11-07,989.8817749023438,1001.4697747329446,984.5627317019593,988.4922462572526,1354440
2022-11-09,982.1315307617188,1007.3834154485455,976.5780183174855,996.4164585385612,1044900
2022-11-10,975.142578125,986.0030980893422,968.8422918088861,981.1503972949486,779820
2022-11-11,982.2572021484375,990.8363953274926,976.3411885861586,980.0193595394451,716740
2022-11-14,969.8211059570312,985.6382279923175,961.4835793363563,982.2814932349717,969520
2022-11-15,969.3546752929688,975.6573217740116,959.4197012424048,974.5964277120996,786820
2022-11-16,971.4015502929688,973.6418120041131,958.2113235838972,966.2902489419508,895520
2022-11-17,966.234619140625,973.4218054965587,960.9977052880398,972.9529848851049,555640
2022-11-18,963.0494384765625,968.8808445872442,956.0362457254162,966.4279440485186,733720
2022-11-21,955.15185546875,959.8836635480307,950.5070146223383,959.5163243405393,996880
2022-11-22,947.98876953125,959.3858427335945,944.9220241546273,955.1518248468501,948440
2022-11-23,945.6494750976562,957.6313649474872,942.9862953456291,952.1696575248023,1034440
2022-11-24,953.8831176757812,960.5990059958817,942.5440417377482,948.5446629059024,1193920
2022-11-25,943.9215087890625,958.1629526461637,939.6028838804574,957.002937285651,1157160
2022-11-28,957.749755859375,959.1900842410748,940.5695977475752,943.7112742045944,1060000
2022-11-29,972.5277099609375,984.7947507375197,953.6196531068106,954.586322800786,1474460
2022-11-30,975.5558471679688,983.0547946858843,958.9557253734966,972.5277471556792,6267780
2022-12-01,969.0621337890625,983.5815308124137,963.5279736431135,975.8530116806853,1058520
2022-12-02,954.6442260742188,973.3251278603016,951.1666581549289,969.0620818916146,1392340
2022-12-05,954.692626953125,959.4196558408436,945.0501205111291,955.0599661509949,1699980
2022-12-06,962.3728637695312,966.1863828861358,946.1279862429269,954.151333100043,1362180
2022-12-07,962.3607177734375,970.4952807791929,958.3683673299287,962.8029880262164,1139120
2022-12-08,957.2615966796875,971.454719726301,953.6679737757595,961.8363444813207,812480
2022-12-09,978.354248046875,980.9255632373763,959.1392706017467,965.1229578203757,1535100
2022-12-12,990.2249755859375,991.8030117906926,973.6779567506579,978.7529721618677,1621200
2022-12-13,985.4375610351562,997.4073555546466,982.6197401284091,993.7848222513433,982680
2022-12-14,969.7388305664062,988.4511221091835,966.9911027207334,985.2853143529561,1633600
2022-12-15,953.9990234375,973.9172322644363,949.0012989745552,969.738793352603,791080
2022-12-16,954.0401000976562,959.9029538323048,945.8910821014155,953.3779337533842,1386420
2022-12-19,970.6160888671875,972.4696590238776,957.0005257309124,957.0029447650486,1308960
2022-12-20,973.2213745117188,974.7825367087243,959.4704619977092,973.919767441649,933520
2022-12-21,981.8560791015625,983.489753216118,969.6735867337126,974.6447020691116,1407560
2022-12-22,981.48876953125,987.9364399527819,974.2822303497163,985.7614331133556,753760
2022-12-23,973.0859375,988.6613905298625,969.3304164468542,976.3363524176594,1488080
2022-12-26,961.7154541015625,978.5427274695891,959.9029485340888,975.1255762667448,667640
2022-12-27,955.843017578125,967.5252425098068,954.3446912962372,961.8363817065141,805820
2022-12-28,959.1102905273438,961.6381222332155,952.6529443166924,956.5196229339087,706920
2022-12-29,957.3896484375,962.6845602243058,948.8128742967581,958.936296282784,797020
2022-12-30,947.626220703125,961.3529411654832,945.492337628494,958.9144957983966,852880
2023-01-02,945.4778442382812,952.894602932251,942.563321097264,948.1410238313667,503280
2023-01-03,953.4890747070312,955.1154916301472,941.3404494813512,947.2879103063113,628300
2023-01-04,943.4647827148438,956.9063531223278,942.5029510899521,956.0363267979104,639680
2023-01-05,955.843017578125,961.5536496906525,943.4454664861121,944.4363265600646,1027860
2023-01-06,961.1234741210938,963.1148114046464,955.8696264991413,957.0030325972435,787720
2023-01-09,970.811767578125,974.6108310828251,961.6671107879325,963.5255189611123,722880
2023-01-10,967.8271484375,975.8045912771345,964.4969647500421,969.7170039322993,633360
2023-01-11,954.9874877929688,970.7732207184741,953.0106647511224,970.0530565027219,650200
2023-01-12,960.5433959960938,964.2530145270017,954.1029827951386,954.987464320043,661240
2023-01-13,956.24658203125,964.2529952478322,953.3803805010485,964.2529952478322,695420
2023-01-16,953.8902587890625,958.9362457943155,952.2178802559736,958.9362457943155,485300
2023-01-17,964.0474853515625,965.0359262581093,952.783400875201,953.904711651117,803740
2023-01-18,958.1315307617188,968.694804024774,955.714856613197,964.2505662260094,727980
2023-01-19,951.256103515625,961.5946425912144,947.8993690875545,958.1315296600977,619980
2023-01-20,928.0052490234375,950.6156654684821,925.5788988507283,950.2410691926691,1440440
2023-01-23,936.079345703125,939.6028753660137,925.6369065206846,930.4195139298232,758000
2023-01-24,932.3866577148438,939.3128833156646,925.528165068481,937.6695331584166,754240
2023-01-25,929.7186889648438,935.2770392295585,925.5861527763975,935.2045272085481,823200
2023-01-27,928.7930908203125,937.3795407860647,919.5952152408072,930.905261576536,895540
2023-01-30,926.3546142578125,928.66254969421,917.2727936192576,928.2927914975205,996600
2023-01-31,919.1939697265625,928.0027338768695,914.9043737561682,928.0027338768695,2350000
2023-02-01,922.6788940429688,926.89355942074,914.2398871511051,923.1694859546097,1376100
2023-02-02,916.141845703125,924.5712360737319,911.1103724512325,924.5712360737319,1418440
2023-02-03,918.5440673828125,920.9776158519232,907.2243440487151,918.5972271357745,1111560
2023-02-06,919.3753662109375,921.236193521504,906.4606736078142,918.3361845177636,1382680
2023-02-07,917.2728271484375,923.1646501691974,912.5361224042692,919.4961554770105,797460
2023-02-08,918.089599609375,921.4705241203885,913.0266794618333,915.9194311127152,465340
2023-02-09,918.3506469726562,922.4130901833385,915.9605233129599,918.2878110877494,694680
2023-02-10,919.4889526367188,921.7267953018713,912.2969278706005,918.8195291644727,527660
2023-02-13,919.6315307617188,927.9545422877505,915.9170743113136,922.927848307746,649780
2023-02-14,922.3429565429688,930.9027967124323,919.6652629514956,923.8847661880502,771780
2023-02-15,930.94873046875,932.778169212923,914.9551984050487,921.961133993765,639960
2023-02-16,948.7306518554688,956.9956652941806,925.1028249832058,939.1195344526483,3480140
2023-02-17,919.3656616210938,946.1303272231195,909.7351917522216,946.1303272231195,3768700
2023-02-20,909.7835693359375,925.3445078202158,907.7027869868714,919.7861574206689,1306220
2023-02-21,911.0233154296875,915.1364995384603,906.736137862832,912.5893155532646,899080
2023-02-22,902.5867309570312,912.6715074706387,900.5083675865181,912.6715074706387,841600
2023-02-23,901.32275390625,909.8366916434653,896.6343709703771,901.9003130288512,985360
2023-02-24,902.9129638671875,911.037850840176,899.7278037948839,905.8299061440166,777500
2023-02-27,900.1023559570312,910.8444604387707,893.7827178395053,903.8361056091809,1032500
2023-02-28,902.385986328125,905.0443274769224,892.2432135886762,900.4623234460363,2183640
2023-03-01,907.647216796875,909.6554871421869,897.801688834229,903.8361170059038,1278520
2023-03-02,893.287353515625,908.6694605439144,892.0814355011598,908.667041509784,781400
2023-03-03,891.7479248046875,899.7108543423709,889.6019464762225,896.5377894984017,920360
2023-03-06,894.88720703125,896.7819008610217,890.5444505357391,895.2327749246568,1058980
2023-03-08,895.0514526367188,897.7364034417628,889.2176274944254,889.5777095645066,914920
2023-03-09,895.8948974609375,897.9877749946725,890.7860743675518,894.1694181117584,1132300
2023-03-10,893.4806518554688,895.619432059614,887.1634916436717,895.619432059614,472680
2023-03-13,885.3460083007812,894.1644484447576,882.5716715589116,890.7835242322751,729520
2023-03-14,882.794189453125,891.0278153218859,880.2978050192396,886.9194690076814,877580
2023-03-15,869.6813354492188,887.9393220899785,864.2027535401263,884.5028182205991,1559160
2023-03-16,891.7841186523438,894.1694042754996,868.4439206472532,869.519328806283,1660860
2023-03-17,911.4799194335938,912.2943668311348,892.9585572419205,894.1161534415548,2668600
2023-03-20,915.332275390625,917.8528500304276,901.5209471045955,913.5028365231744,1512900
2023-03-21,914.8271484375,930.854547693188,909.6385561911491,917.852829150448,1955240
2023-03-22,909.6216430664062,918.771197431211,903.7733033772072,918.771197431211,564960
2023-03-23,920.4845581054688,926.548014681053,904.326708064344,909.6216197931985,1133700
2023-03-24,916.0693359375,923.169496044796,912.9228215738462,918.5802343394129,525980
2023-03-27,913.0678100585938,924.5132047244897,909.3968962070329,918.3361714740589,717080
2023-03-28,915.7261352539062,919.3004056765502,911.0861327968579,913.5028068891573,709620
2023-03-29,920.8953857421875,924.3777916857299,912.352419674904,914.9527632214832,972120
2023-03-31,952.3870239257812,954.6780261357429,925.82780052083,925.82780052083,2968880
2023-04-03,952.4330444335938,956.5196191406583,936.9952994351451,956.2296300456837,1274800
2023-04-05,958.068603515625,960.5312390787738,947.384497563944,950.1878629092433,943020
2023-04-06,952.568359375,958.9363194718264,947.5779507684051,956.7613126988309,819560
2023-04-10,943.962646484375,952.9647581447518,942.5512874696685,952.1696628693793,448280
2023-04-11,950.9419555664062,951.9279775307878,941.2946109374,949.6563273588982,882520
2023-04-12,939.6173706054688,951.9278938694147,935.9754263470762,951.9278938694147,1137640
2023-04-13,940.828125,951.2028900010442,938.4549346027833,942.5028635681078,923020
2023-04-17,978.482421875,986.4864756914588,942.6069027304355,946.8530161095383,3887020
2023-04-18,998.630126953125,1000.5030493280749,976.3363090061407,976.3363090061407,2797200
2023-04-19,996.5736694335938,998.7461981921329,985.423101564485,998.5625875925844,1797480
2023-04-20,989.5363159179688,1001.5036917156526,985.0364400720172,995.428139513405,1044260
2023-04-21,995.6445922851562,1000.023620667009,990.3279715299268,994.4909243610217,886100
2023-04-24,1004.9929809570312,1005.9499040016708,990.9911178870761,995.8438052168084,1157360
2023-04-25,1003.822265625,1016.6170928965628,986.47111413342,1005.9498152477775,3369280
2023-04-26,1021.3604125976562,1024.408477205859,994.4617345891692,1000.6064867333378,2497880
2023-04-27,1027.2406005859375,1029.7981669206886,1020.0878111992092,1023.3035660324242,2044640
2023-04-28,1057.07080078125,1061.3551929544683,1026.400283211845,1028.923813564598,3330320
2023-05-02,1056.3154296875,1073.4698376209797,1052.752436034175,1058.94581176814,1783400
2023-05-03,1062.623046875,1066.0305658535617,1048.1815609147673,1056.2741961278696,1140260
2023-05-04,1053.7845458984375,1068.4155405456688,1051.0691332891124,1062.7758739239955,1270680
2023-05-05,1069.6251220703125,1072.483794578008,1056.5121108062224,1058.9433758997823,1101520
2023-05-08,1067.84716796875,1083.2334788816813,1057.022162197086,1071.0896058000483,1513120
2023-05-09,1067.269287109375,1075.7020458565323,1061.2143085087644,1068.6609704021294,865740
2023-05-10,1071.0897216796875,1074.970899192776,1067.1793704058443,1067.2692635385763,1208820
2023-05-11,1069.62255859375,1080.0760134644447,1066.2465857781478,1073.4696994283352,1378740
2023-05-12,1058.66162109375,1072.0319783746727,1056.0312391199438,1069.5837545032905,1339220
2023-05-15,1058.2947998046875,1069.627500342983,1056.5776988095643,1059.9172639744702,1451400
2023-05-16,1057.99365234375,1068.1264334425862,1055.0596736870564,1062.588874857475,1545140
2023-05-17,1055.6669921875,1063.3807242132505,1049.230738812838,1057.9937774766154,1335760
2023-05-18,1053.0972900390625,1066.2321229568047,1051.6691989379442,1061.374573421694,1023500
2023-05-19,1053.6097412109375,1058.9458116213066,1044.6695255435059,1058.9458116213066,1464400
2023-05-22,1044.120361328125,1054.0394377559815,1040.5889139600151,1054.0394377559815,1021900
2023-05-23,1039.6954345703125,1049.7165027975502,1037.674617971589,1041.9444231840562,1109180
2023-05-24,1038.5731201171875,1044.2758777356426,1033.4435200583637,1039.6952423661492,887280
2023-05-25,1043.1536865234375,1050.784876303886,1035.184863913609,1044.3729359505028,1630040
2023-05-26,1048.34423828125,1050.6393593199805,1038.058353247808,1043.6421634574697,1263180
2023-05-29,1055.5189208984375,1061.3746641577109,1046.9040038807289,1055.300354869176,1068740
2023-05-30,1047.9896240234375,1055.4775555718875,1044.9098949391534,1053.1167343280642,939620
2023-05-31,1052.781494140625,1061.7800563403116,1045.1016806119696,1048.259087502036,8495880
2023-06-01,1062.5550537109375,1065.0154929793987,1047.9095875221235,1058.2659175937915,1197320
2023-06-02,1070.9171142578125,1073.2754447950695,1059.917185129143,1068.660773274113,1164960
2023-06-05,1060.6046142578125,1074.9610679376315,1058.4599872775814,1068.6147082705174,1630180
2023-06-06,1054.3505859375,1065.3359295734012,1050.083152730536,1062.5477008570572,1570460
2023-06-07,1086.524658203125,1089.293556744107,1056.5123264117556,1056.5123264117556,3136240
2023-06-08,1075.893798828125,1096.7156813670854,1072.9089435718352,1091.0056884837827,1458580
2023-06-09,1072.228759765625,1082.262042618942,1070.6476843073028,1073.562214045056,1418300
2023-06-12,1082.71630859375,1085.613761160364,1070.07695448256,1071.089734644597,1247040
2023-06-13,1092.5892333984375,1101.5951495568743,1082.8620375181729,1085.6137398176752,1666940
2023-06-14,1104.060302734375,1105.1411549554487,1092.9486580442583,1094.1630454420854,1447540
2023-06-15,1115.594482421875,1117.236277069862,1099.3847843818978,1104.0601753239837,1475140
2023-06-16,1115.708740234375,1125.749257677576,1111.2762260612074,1115.5946542263864,1470820
2023-06-19,1107.2711181640625,1124.5226521567251,1105.638929434223,1118.4507155900042,866620
2023-06-20,1115.0771484375,1117.2339905020913,1103.635224028095,1107.2711519358484,1377540
2023-06-21,1111.9708251953125,1120.6221498347609,1105.821209853591,1115.1040396843355,1292840
2023-06-22,1094.546875,1111.9295745382105,1092.5941304624173,1107.5213717441814,998060
2023-06-23,1094.7386474609375,1098.7752994636444,1090.6971331651432,1094.5467647727544,870300
2023-06-26,1099.3023681640625,1102.6637545234,1093.1915328435734,1093.9225371308637,700300
2023-06-27,1099.6156005859375,1110.921498879772,1093.1963066430949,1099.3289624906495,882660
2023-06-28,1104.805908203125,1107.5213211531193,1096.8347119139225,1101.2065066026848,1112480
2023-06-30,1112.101806640625,1114.6253365500738,1099.0204603996478,1105.0923966449498,737240
2023-07-03,1099.3873291015625,1114.8076778487668,1096.9804938212806,1114.8076778487668,1105380
2023-07-04,1098.9744873046875,1109.7072291374022,1094.1873815619956,1104.9954296461747,602980
2023-07-05,1112.373779296875,1114.51591555965,1096.8344858988983,1097.1259862550905,777760
2023-07-06,1122.067138671875,1136.2997809982446,1112.621601410342,1114.0788661142194,1807340
2023-07-07,1112.68017578125,1129.2273914052982,1109.950175754979,1124.768075115644,1129280
2023-07-10,1096.8468017578125,1119.2960100429705,1095.3774404332637,1110.8729762999458,727760
2023-07-11,1110.0618896484375,1115.2862463438394,1095.3921123605228,1098.2920554806885,1370520
2023-07-12,1120.1531982421875,1122.0938460388531,1108.3469583190963,1114.2731445233974,961800
2023-07-13,1108.5291748046875,1123.140721268069,1106.3967628106768,1120.1532572482079,864320
2023-07-14,1123.9422607421875,1126.9515460289776,1107.5213469595124,1108.5292648177362,909140
2023-07-17,1120.6729736328125,1136.4405588728825,1115.0503843264482,1126.9513794978698,835900
2023-07-18,1116.12646484375,1126.4657161427247,1108.517094664387,1126.4657161427247,651680
2023-07-19,1114.3680419921875,1118.4508267766269,1107.59415567905,1114.8076644744228,557620
2023-07-20,1117.62255859375,1121.34102708807,1105.1411701340721,1114.370514484318,755840
2023-07-21,1116.3887939453125,1128.503613703413,1113.0007239960278,1117.9627539847575,736860
2023-07-24,1108.49755859375,1119.597105640953,1103.0400500401543,1116.2720089455509,841620
2023-07-25,1106.2047119140625,1124.0367539757583,1101.461249260876,1124.0367539757583,1251520
2023-07-26,1107.5164794921875,1112.3788915303069,1102.760919317348,1107.079347452176,689240
2023-07-27,1084.4625244140625,1112.3788474595992,1072.3550584366371,1110.3969292926854,3587480
2023-07-28,1092.020751953125,1099.3532077771724,1077.7589362203116,1084.4623774122165,1344220
2023-07-31,1095.5377197265625,1100.4291865542598,1089.5337365261105,1100.2349320165163,972180
2023-08-01,1097.500244140625,1102.1780074948294,1089.3055010168157,1098.2094274095161,1300380
2023-08-02,1111.51904296875,1114.2319653975508,1093.4635693745881,1102.1779847406106,2093220
2023-08-03,1091.773193359375,1111.7935085475588,1088.1858881624305,1111.7935085475588,899420
2023-08-04,1090.7384033203125,1102.607853708942,1088.6739448309609,1092.751867028505,820200
2023-08-07,1090.971435546875,1095.454943647551,1075.947070161313,1090.7382826894998,824920
2023-08-08,1079.796875,1092.8976721228848,1073.5184683838213,1091.4914020173967,1160640
2023-08-09,1079.269775390625,1085.9658644013284,1076.5592249340668,1082.2619830634205,745700
2023-08-10,1068.1630859375,1080.5401131244544,1063.560510145329,1076.5787671005976,1411580
2023-08-11,1061.00537109375,1069.1466286755249,1056.5170001677723,1068.1630223537543,767260
2023-08-14,1063.779052734375,1070.6039336524327,1054.537612041738,1061.0953040128395,815760
2023-08-16,1066.130126953125,1074.9757056283413,1058.2341185633763,1074.9757056283413,578600
2023-08-17,1052.5072021484375,1070.0356511453656,1049.3473044222383,1063.8033769735803,1399840
2023-08-18,1060.4029541015625,1062.8317286185152,1041.9442677727218,1052.507065071352,1313340
2023-08-21,1070.32958984375,1077.2151906419442,1055.8054442838106,1060.4031580218652,741920
2023-08-22,1069.92138671875,1073.1517282218788,1064.0971897379443,1070.3294635612283,810440
2023-08-23,1077.5576171875,1081.766703404584,1066.2322673746107,1073.5185926641866,1227560
2023-08-24,1080.55712890625,1082.7478886871781,1075.6219008283347,1082.4078839076665,920400
2023-08-25,1077.817138671875,1082.2835688919752,1074.064635219472,1077.8899544584806,839280
2023-08-28,1070.3343505859375,1079.0828019920302,1068.6608915748166,1077.9630514440178,830140
2023-08-29,1071.7210693359375,1077.3946534136383,1066.232015197513,1072.082895071626,1048560
2023-08-30,1078.30322265625,1082.2620782433357,1069.1539281356077,1071.7212190633302,1296640
2023-08-31,1068.0001220703125,1082.6990703758672,1052.6332607641777,1080.8046736657707,4661300
2023-09-01,1064.55859375,1073.9895445254404,1061.8602583670515,1071.0896018752737,716980
2023-09-04,1055.94384765625,1067.6869971691322,1050.809384682131,1067.4562161332703,1481820
2023-09-05,1066.4482421875,1068.5928691313711,1056.7380060927635,1056.7380060927635,1246260
2023-09-06,1068.8599853515625,1073.5184179217317,1057.7119331916474,1066.4482879724999,1125840
2023-09-07,1063.62353515625,1072.7946501157737,1060.0314864705788,1067.6068205487795,823180
2023-09-08,1062.9896240234375,1067.6577810399415,1060.403002762686,1066.0378073375955,609540
2023-09-11,1074.8323974609375,1078.3735698659696,1062.5112284381373,1064.2890487838786,939540
2023-09-12,1084.095703125,1087.8482075404618,1069.4915090555212,1075.1845428228,987580
2023-09-13,1077.3946533203125,1096.3075489843907,1075.9494850427918,1082.0457328112109,1016500
2023-09-14,1091.865478515625,1093.4344576102226,1076.2872831348805,1079.8333181997002,1621120
2023-09-15,1098.889404296875,1102.7123526542857,1084.1540469539973,1092.9486307822908,2322820
2023-09-18,1108.463623046875,1109.464306706897,1090.6485365225592,1098.7776977981616,1150640
2023-09-20,1101.7042236328125,1108.8108795782061,1095.6711856477634,1095.6711856477634,1149000
2023-09-21,1094.5760498046875,1101.2041861043056,1085.6623983365914,1100.7184311162357,923660
2023-09-22,1094.52734375,1099.7468376248548,1087.1195807444801,1093.920150061023,766020
2023-09-25,1099.6883544921875,1103.0862668810792,1090.5683538454425,1096.3487896146507,688540
2023-09-26,1117.5057373046875,1120.2915936039037,1097.61409953176,1102.6635307823678,1320020
2023-09-27,1111.0675048828125,1117.5061308871025,1104.6773832260462,1117.4794475663375,833060
2023-09-28,1094.816162109375,1112.764780695817,1090.412822709753,1112.3786435268116,1039620
2023-09-29,1093.2835693359375,1102.9064015038357,1089.5481429522588,1095.4233337095711,904580
2023-10-03,1083.9742431640625,1097.5486981446932,1081.0548512360317,1093.283755547798,1000260
2023-10-04,1116.566162109375,1134.665278702814,1095.4260960238187,1107.766596852566,4269760
2023-10-05,1113.2872314453125,1122.4436409103096,1106.3068760319572,1117.4792396537948,1360000
2023-10-06,1112.9737548828125,1120.5199141317803,1108.244879019592,1116.7480797285268,776240
2023-10-09,1111.4971923828125,1116.3037469865371,1107.5212597490975,1108.1066323995783,475100
2023-10-10,1115.684326171875,1118.0621060573526,1108.7525937875278,1115.2933266565424,793260
2023-10-11,1127.051025390625,1130.5410843397158,1113.8360249211873,1115.6842891748684,1346760
2023-10-12,1120.88671875,1131.8089703722583,1115.392920702235,1128.06868118438,1084440
2023-10-13,1144.1641845703125,1146.37439320595,1115.0698837396585,1120.881865540126,1815820
2023-10-16,1122.50927734375,1143.9529397073213,1116.024401140248,1143.9529397073213,1732160
2023-10-17,1133.0380859375,1134.8304933644772,1123.5512768782808,1123.5512768782808,763320
2023-10-18,1130.00927734375,1138.956964196409,1126.951487872598,1133.0380116481153,713420
2023-10-19,1172.2408447265625,1176.838439216458,1122.1181940668348,1129.7153489527507,5848240
2023-10-20,1179.3983154296875,1202.0005052556746,1165.899167725424,1170.666942219876,4158680
2023-10-23,1175.417724609375,1198.5980569184596,1172.0466134664518,1180.3846167816084,1584600
2023-10-25,1178.572509765625,1191.542141426546,1173.2486552213818,1179.4128562260303,2227000
2023-10-26,1143.7392578125,1178.4707383857476,1137.6867698230706,1178.4415646251591,2538800
2023-10-27,1168.5782470703125,1176.8870757141585,1138.6265219940974,1143.9771789943693,2608740
2023-10-30,1174.152099609375,1177.9555983155988,1159.256407058349,1170.6692750270486,1452280
2023-10-31,1177.21728515625,1181.8416813293286,1171.7404460511282,1180.3844166174554,1032780
2023-11-01,1166.3662109375,1182.3597257634456,1161.83708877389,1182.3573401315448,1273800
2023-11-02,1178.0479736328125,1179.904591533009,1161.4999197997158,1172.1069156337708,2141360
2023-11-03,1172.539306640625,1182.3572547375582,1171.454679175276,1179.567496994285,954280
2023-11-06,1186.732421875,1191.6645958535014,1175.453632963269,1179.916672494566,1485520
2023-11-07,1190.6385498046875,1196.0373533811266,1178.4509544041734,1186.607786665229,1059300
2023-11-08,1186.341552734375,1192.7492399252749,1183.336730454996,1190.616604558159,726100
2023-11-09,1183.6641845703125,1192.8616295554382,1181.9835070722847,1189.6858767018193,844460
2023-11-10,1179.2890625,1184.7757773217809,1175.3046993713433,1183.664311416538,566340
2023-11-13,1176.7801513671875,1187.14536361591,1174.1491573562312,1187.14536361591,570560
2023-11-15,1181.08935546875,1184.7511807189558,1172.9765380295014,1184.55579748954,1533940
2023-11-16,1176.635986328125,1185.899393964492,1174.8331645020105,1182.11530506601,1388360
2023-11-17,1190.8118896484375,1196.2766554998266,1175.7417368036663,1177.4713195697452,1401020
2023-11-20,1187.3675537109375,1192.3143996431675,1180.696134609143,1190.9097396871023,1082300
2023-11-21,1190.8316650390625,1193.0987309658049,1181.3923163011505,1187.4873670601046,906580
2023-11-22,1189.7274169921875,1197.991722367554,1185.288710629562,1190.6654473811934,736420
2023-11-23,1191.8013916015625,1201.406779089232,1189.7419951882525,1192.8151657177932,736280
2023-11-24,1179.3746337890625,1195.688181815368,1177.8648865776493,1194.5718253208101,808240
2023-11-28,1183.2659912109375,1185.2886489523776,1166.8765829234094,1179.3280291494937,1753940
2023-11-29,1175.8836669921875,1188.953112548245,1173.125638004279,1183.3833778556836,1254300
2023-11-30,1184.1234130859375,1189.207074828384,1170.8927000126089,1176.494282384017,2944060
2023-12-01,1189.12890625,1190.4186979535045,1180.2269220797846,1189.1948689626643,1273000
2023-12-04,1192.265625,1198.7246036596682,1179.3598344025474,1191.5913261881456,1987840
2023-12-05,1202.3353271484375,1205.508694990718,1192.2658125450084,1194.6207892894884,1343740
2023-12-06,1219.9044189453125,1226.1776758556473,1206.8837608399876,1208.193114755122,1592160
2023-12-07,1220.2342529296875,1229.7517313708688,1212.321827626801,1219.9045586019345,1201700
2023-12-08,1211.163818359375,1230.0278443497984,1209.5393223527255,1221.1992172896505,1401520
2023-12-11,1223.566162109375,1227.3062358321188,1203.8056188744556,1215.580380075761,1078740
2023-12-12,1218.861328125,1233.2058928114673,1211.7818468538453,1223.566270910453,1282460
2023-12-13,1223.6126708984375,1225.3520349504288,1212.8933121070334,1219.4109771162819,891440
2023-12-14,1211.344482421875,1228.4788036813559,1209.2337949353698,1228.4788036813559,2094520
2023-12-15,1190.487060546875,1219.105574222589,1183.3343406332183,1214.1170992870593,3190820
2023-12-18,1189.8934326171875,1200.9523849262732,1187.193971379746,1194.571536557412,1326480
2023-12-19,1245.3690185546875,1255.8881034254703,1197.5471238303544,1200.4247919958168,7057320
2023-12-20,1226.21923828125,1259.4767337225496,1224.1403987978974,1255.350664376173,2889760
2023-12-21,1227.103515625,1233.560108199844,1216.933806786003,1226.2191620003275,2212760
2023-12-22,1239.445068359375,1241.4727360538664,1226.3292229165145,1233.1693062315867,1776560
2023-12-26,1248.904052734375,1250.7581658296258,1239.2765967292366,1245.1884310850533,1235700
2023-12-27,1256.6429443359375,1258.9636868450707,1249.8053660643993,1250.758068080253,1428320
2023-12-28,1282.5107421875,1288.5739445803042,1259.317988087646,1263.9424159676134,3155440
2023-12-29,1298.6533203125,1302.0586902655582,1277.4172619968735,1282.5155954773322,2068160
2024-01-01,1337.3533935546875,1340.912636429254,1301.569995009693,1302.0585723351471,2632200
2024-01-02,1330.0614013671875,1353.01726032032,1320.3338694058732,1343.5876937406608,2831540
2024-01-03,1301.335693359375,1339.5473129446946,1298.296756227958,1336.0149078652196,2026920
2024-01-04,1324.8458251953125,1326.4898831972753,1302.158826733488,1311.8814682295333,2647800
2024-01-05,1302.7425537109375,1345.5419758177713,1291.041150435504,1345.5419758177713,5154128
2024-01-08,1279.730712890625,1313.7845312920456,1275.6754969146639,1310.85306710917,2064756
2024-01-09,1266.685791015625,1289.9909086989016,1263.9252571888367,1289.8443116253536,1626054
2024-01-10,1259.6011962890625,1281.245075450494,1255.8635083411564,1265.4152184992695,2052936
2024-01-11,1249.3900146484375,1265.390923361495,1245.9211869238698,1260.529602433234,1551334
2024-01-12,1245.6768798828125,1250.7335839700297,1236.1007159517396,1249.3899962352996,2214110
2024-01-15,1244.6751708984375,1258.6484106307073,1236.418142651505,1252.7122439269117,1787668
2024-01-16,1241.988037109375,1249.2433389582648,1236.7602834861725,1249.2433389582648,1386740
2024-01-17,1242.501220703125,1249.3656376763097,1233.8533053879812,1241.9881905821535,1603238
2024-01-18,1222.420654296875,1245.8723694872226,1219.5624287954147,1238.543708490239,1269820
2024-01-19,1228.356689453125,1232.1431638930092,1221.2967706441086,1226.329141175367,1882782
2024-01-23,1203.317138671875,1220.5639434285015,1195.0602289563144,1211.6718592852249,1381076
2024-01-24,1228.2591552734375,1230.921878300015,1199.4575408276028,1210.6459157972265,1318076
2024-01-25,1212.7222900390625,1235.123610513583,1205.6623707893982,1233.6823311060493,1571546
2024-01-29,1220.73486328125,1223.8861630783713,1210.0106151696716,1212.722123818302,1265438
2024-01-30,1217.5592041015625,1236.6625068419544,1215.5804419855835,1227.3062983391424,1336068
2024-01-31,1224.374755859375,1227.1840754308798,1212.5023032052225,1225.8404878097253,1432188
2024-02-01,1205.711181640625,1226.7687933930597,1203.2193894978539,1226.3291215003715,1641132
2024-02-02,1212.3558349609375,1219.4891122564818,1203.3905118143807,1205.8089459330918,1508122
2024-02-05,1203.219482421875,1223.8863293242666,1200.2880181600206,1223.8863293242666,1065954
2024-02-06,1200.2635498046875,1210.670271655069,1194.9381041776355,1203.0485362424513,1540366
2024-02-07,1221.248046875,1227.0865226146145,1195.4022323248964,1206.7861089498497,3094808
2024-02-08,1183.8472900390625,1228.210134212495,1177.0316603334406,1223.3731472125007,3308894
2024-02-09,1197.0634765625,1204.7829036774656,1182.381702558459,1193.5212905867597,1677638
2024-02-12,1201.436279296875,1205.7845704441318,1191.7868756471114,1201.7782596205482,890538
2024-02-13,1200.6055908203125,1210.0107047458107,1194.547160151304,1208.7403559315533,621970
2024-02-14,1215.0919189453125,1220.148742436428,1189.7103484352406,1197.0145562589528,1018616
2024-02-15,1202.132568359375,1222.4412375403506,1194.5137222939377,1222.4412375403506,1680952
2024-02-16,1218.840087890625,1220.2365115893808,1199.7073846382173,1203.8474926249946,1493232
2024-02-19,1231.3831787109375,1237.385145860727,1215.7780162741697,1222.441472549006,955040
2024-02-20,1244.1953125,1245.3712797048568,1223.470251172212,1234.2002491591984,1262888
2024-02-21,1246.2532958984375,1249.8789258446395,1233.7838083328852,1244.195383077769,1786364
2024-02-22,1255.831787109375,1257.2036890494849,1237.1399969824727,1254.2884721881703,1504742
2024-02-23,1263.59765625,1265.557482006107,1250.344310650672,1256.7382661036254,1211238
2024-02-26,1265.9984130859375,1268.0072823620274,1257.595707883591,1268.0072823620274,1323894
2024-02-27,1273.2496337890625,1274.5970138478265,1257.5955512118016,1266.5372552381443,1261744
2024-02-28,1259.62890625,1276.336467938653,1254.4109182494958,1274.3766422681138,985574
2024-02-29,1272.0247802734375,1276.9243442677257,1247.9434710888158,1259.8983593875744,2774576
2024-03-01,1274.59716796875,1281.9955581242239,1265.3125172738798,1272.024896636441,1511456
2024-03-04,1268.5462646484375,1274.4257419191545,1262.8136786148714,1271.3879163013337,1268620
2024-03-05,1243.827880859375,1271.5349417390348,1240.5697183484624,1268.9871921494935,678604
2024-03-06,1241.084228515625,1257.5957372086768,1228.9332844467376,1244.4894019713797,1983280
2024-03-07,1254.75390625,1257.228210166382,1234.200257758814,1239.5897785350533,1297304
2024-03-11,1279.521240234375,1289.075390793276,1248.6785063281407,1254.7539183234155,2990598
2024-03-12,1269.060546875,1281.2605332488135,1257.3751582733441,1276.8509255610345,1726470
2024-03-13,1265.5328369140625,1300.1727298533876,1250.7852213077113,1271.4123136093344,3627604
2024-03-14,1280.133544921875,1283.6612069702594,1261.0986915171266,1268.9870371630107,2245994
2024-03-15,1275.6749267578125,1288.5362821947508,1266.6352551457883,1282.1913707695135,2533984
2024-03-18,1264.2591552734375,1279.1783050359595,1253.6760482595798,1275.6750446982915,1285192
2024-03-19,1222.9559326171875,1266.4150497768887,1209.2860746429956,1264.0877564268778,3497728
2024-03-20,1249.511474609375,1251.8387678176466,1223.9357710652885,1231.7505527567762,1399290
2024-03-21,1251.1771240234375,1255.292829590614,1237.2133665005522,1249.8787873993165,1807754
2024-03-22,1260.8538818359375,1269.9671196623053,1243.0195148855203,1244.587351603424,2027126
2024-03-26,1267.0762939453125,1272.1717926582412,1240.6430504694931,1258.2080352576018,1941704
2024-03-27,1257.448486328125,1269.2564825465488,1250.2461517017546,1267.0762006506352,1801192
2024-03-28,1284.8372802734375,1292.8479960595027,1257.742666019292,1257.742666019292,4365832
2024-04-01,1266.8314208984375,1294.758938017835,1265.3125080849861,1284.8373200938386,1486064
2024-04-02,1285.3026123046875,1288.5852961697572,1265.5573460100695,1272.4167354193382,1445766
2024-04-03,1251.3243408203125,1285.6212947669746,1246.9392542036458,1285.3028708990687,3850278
2024-04-04,1249.19287109375,1259.1879336928796,1231.7994190913776,1259.0899663376451,2782752
2024-04-05,1243.337890625,1262.1277676214863,1241.549597497223,1261.6378111899562,1532454
2024-04-08,1223.935546875,1248.0413766088843,1221.3877976478545,1240.0795855126453,2436980
2024-04-09,1226.262939453125,1235.768046057342,1223.4211683223157,1227.8307760575583,867882
2024-04-10,1238.4140625,1241.0597796784523,1221.9759984625605,1231.7506064396482,989760
2024-04-12,1242.62744140625,1253.7984716423082,1232.828313062035,1241.892506780434,2479930
2024-04-15,1251.1771240234375,1262.6176539114224,1229.790574822534,1229.790574822534,2293646
2024-04-16,1247.47802734375,1265.8757943136447,1245.616169115834,1249.4622550523702,1537722
2024-04-18,1206.542236328125,1245.787674785828,1181.0890235928634,1244.5383815780328,6077666
2024-04-19,1194.36669921875,1210.8538039444359,1180.7949307844237,1190.5940588407261,3702024
2024-04-22,1204.65576171875,1216.0717696198974,1189.540678738387,1193.778753698179,2504706
2024-04-23,1225.50341796875,1229.7905363724387,1188.609677953925,1199.9031966438656,2248818
2024-04-24,1224.96435546875,1242.4313716143263,1219.1339225851107,1232.264777062476,1447036
2024-04-25,1255.586669921875,1263.0585047202205,1210.804704617127,1234.665556410159,6481728
2024-04-26,1216.439453125,1265.4596229695733,1210.7069862213227,1261.6134167466564,2643128
2024-04-29,1229.692626953125,1236.8459187984822,1219.9914660703582,1225.8709430152758,1243124
2024-04-30,1228.5167236328125,1243.3135037410448,1225.160593806647,1233.563298863097,1625278
2024-05-02,1230.91748046875,1244.9792051431332,1227.3407748459458,1228.5166223517872,2223826
2024-05-03,1203.382080078125,1236.1846403561938,1193.6563967356071,1232.2895105172838,2257460
2024-05-06,1204.018798828125,1215.0673394737316,1198.898778417213,1212.3480575542105,1431992
2024-05-07,1229.1292724609375,1238.7815107860897,1205.0724811273938,1209.7025459275185,2146918
2024-05-08,1243.9993896484375,1248.4089975676325,1217.8601659690128,1226.0914580084973,1398140
2024-05-09,1231.48095703125,1249.3398448646658,1225.870979867978,1243.9993676597903,1404310
2024-05-10,1241.157470703125,1248.8988053859357,1226.5812684825555,1231.4808322541755,1394832
2024-05-13,1232.8529052734375,1245.4202402459055,1227.8553734558943,1240.9371866194929,680762
2024-05-14,1218.693115234375,1234.1756659047428,1216.0718006129846,1227.8797978538325,1113494
2024-05-15,1207.7425537109375,1224.4010716931573,1205.2927716547288,1219.011551169498,868812
2024-05-16,1209.384033203125,1215.067456167563,1185.8416022073993,1210.1924134862827,1944988
2024-05-17,1198.1884765625,1209.384029087565,1192.4560101259904,1209.384029087565,1442356
2024-05-21,1205.6846923828125,1219.7954601505894,1191.5739246150356,1208.2324416532392,2574902
2024-05-22,1209.7757568359375,1218.7665043231723,1206.223573054493,1211.172180376636,1574654
2024-05-23,1212.2255859375,1218.7665517610906,1203.112468617902,1215.5818351434234,1563326
2024-05-24,1209.0899658203125,1217.541714137768,1204.3374124292231,1213.5975409993018,907544
2024-05-27,1205.2437744140625,1214.6019900751805,1202.8430357541622,1213.6220772150957,1071662
2024-05-28,1201.2261962890625,1209.040977689221,1198.4334684669032,1205.8562607860997,1043344
2024-05-29,1213.2301025390625,1223.4212203284885,1197.9434856640587,1199.2663441172115,1739200
2024-05-30,1178.247314453125,1211.711364467583,1176.16499950604,1207.7671910559197,2548428
2024-05-31,1153.79833984375,1188.4383548596766,1148.9478190732214,1188.4383548596766,5065946
2024-06-03,1153.8719482421875,1170.481423859093,1151.3976442744538,1163.5485880185365,2145030
2024-06-04,1189.49169921875,1194.5137525261302,1140.349046345806,1158.2324556842816,3117062
2024-06-05,1229.7171630859375,1261.1723411856403,1190.5940952765598,1190.5940952765598,4057558
2024-06-06,1210.878173828125,1233.71018943867,1201.6914915199538,1233.71018943867,1944280
2024-06-07,1226.0914306640625,1232.8528532463547,1208.7224993378072,1213.3525636260474,2022404
2024-06-10,1248.5068359375,1256.738127126542,1228.3451785484456,1229.790525960086,1590348
2024-06-11,1245.4447021484375,1261.6377858083888,1241.5495725197893,1254.2884394832915,1138822
2024-06-12,1243.16650390625,1251.716219893405,1235.1801899799486,1246.449188143193,960816
2024-06-13,1250.2462158203125,1280.9664574916185,1247.0124558051186,1271.0203188697585,2162544
2024-06-14,1245.7142333984375,1256.5423184367407,1241.5986472002992,1256.5423184367407,858944
2024-06-18,1249.560302734375,1251.8385520561765,1241.5494680666736,1248.8988137734614,519108
2024-06-19,1237.6544189453125,1254.092480498061,1233.6368002889778,1249.3888510936965,1568614
2024-06-20,1244.366943359375,1249.9523992641246,1224.8911736975833,1237.1400854345593,1314826
2024-06-21,1224.10693359375,1248.4088171276812,1219.2564134310182,1240.8635369593756,2543088
2024-06-24,1239.6143798828125,1240.5697710672064,1217.2968389480545,1224.1071859735057,1448402
2024-06-25,1232.4609375,1243.656490314028,1227.3409164826396,1242.03961009321,625460
2024-06-26,1241.672119140625,1247.9190638063221,1228.5412625078973,1235.964174411042,958712
2024-06-27,1241.427001953125,1251.3486188409597,1228.8351466660436,1240.1775892361904,1732622
2024-06-28,1250.197265625,1261.000828733912,1238.7568548573765,1241.4270934534354,2364066
2024-07-01,1258.257080078125,1269.5260772905813,1252.8185161848087,1254.1904180299775,1849028
2024-07-02,1246.669677734375,1268.007305268715,1241.1331458704046,1266.7333706386776,1162200
2024-07-03,1250.1239013671875,1258.9676393491134,1244.8323477022957,1249.438010173967,631912
2024-07-04,1247.0126953125,1256.738379350891,1245.493901985618,1254.2885969350023,627352
2024-07-05,1261.22119140625,1263.8915494219852,1240.8145556434647,1249.6828141352487,1583026
2024-07-08,1275.5526123046875,1283.6859374657126,1254.998962534951,1261.2213857127515,1448552
2024-07-09,1290.104248046875,1293.5339428558063,1270.7509701964768,1287.2624769958222,1665146
2024-07-10,1281.946533203125,1298.3600743232485,1272.9313823456505,1292.4560751608626,1069980
2024-07-11,1270.5550537109375,1289.369453332114,1256.1013383051761,1283.6859106133859,2107598
2024-07-12,1278.29638671875,1283.6124620846106,1266.953942671641,1276.3365609054595,1451786
2024-07-15,1276.385498046875,1283.440822539546,1272.416803258332,1278.3208019525907,695922
2024-07-16,1283.004150390625,1288.687715882199,1264.1820325547824,1281.6755543355125,1514138
2024-07-18,1292.72265625,1296.5854237265537,1267.10979158111,1267.10979158111,1733594
2024-07-19,1278.35400390625,1301.8016398964214,1272.7442025876264,1296.5610198488573,1077872
2024-07-22,1273.1624755859375,1294.174331387512,1262.3366826998063,1278.353959383749,1490342
2024-07-23,1270.3328857421875,1282.6102938388008,1254.8076920348904,1277.738735559847,1936998
2024-07-24,1250.5758056640625,1270.062280022218,1239.4055802701282,1270.062280022218,2622088
2024-07-25,1220.681884765625,1258.080077535405,1210.249781336208,1252.2489840344708,6938362
2024-07-26,1218.8365478515625,1226.5623230583747,1206.3377265390302,1226.5623230583747,3239386
2024-07-29,1215.5888671875,1223.7819755260691,1210.0283226048043,1222.1335747003338,1605802
2024-07-30,1209.364013671875,1220.5588674567032,1206.0917198511424,1215.613544641642,3429516
2024-07-31,1208.7242431640625,1218.885676424605,1206.583640933844,1215.441106487192,1644722
2024-08-01,1222.330322265625,1226.4146223295954,1208.7243182227712,1212.9807747120635,2653524
2024-08-02,1227.79248046875,1237.0927718683006,1212.9807806902788,1220.362002479469,2310948
2024-08-05,1235.5672607421875,1244.4247268134552,1217.9262128991559,1224.2986436285703,2651820
2024-08-06,1234.3863525390625,1243.9819410878015,1230.6957415587783,1237.0435443900367,1898862
2024-08-07,1241.4232177734375,1244.4494709083685,1235.247570992924,1239.3318714227871,1299940
2024-08-08,1224.840087890625,1242.505765371168,1219.377935283071,1239.3318637801117,2850012
2024-08-09,1232.516357421875,1236.0593197586702,1225.381176549509,1233.4513842391168,540012
2024-08-12,1216.9666748046875,1235.0998040469894,1214.6292879311031,1231.0893883081942,950040
2024-08-13,1222.6748046875,1226.2670234465204,1217.1635162499874,1217.4095569850288,623692
2024-08-14,1217.7047119140625,1226.242252342112,1210.8155721363087,1223.757217180581,1123752
2024-08-16,1242.7271728515625,1246.6638247650953,1216.1056363685452,1225.2829080871359,1719668
2024-08-19,1231.753662109375,1252.839400786236,1230.4743223919172,1244.9660974034473,955402
2024-08-20,1239.3072509765625,1242.9978622063913,1229.7362898812896,1235.419855202643,969464
2024-08-21,1255.6688232421875,1257.2680879332963,1240.8571237404738,1244.916795648673,1249546
2024-08-22,1255.2998046875,1262.2135732291679,1252.347315926965,1262.1889451287484,1269810
2024-08-23,1244.5723876953125,1255.4720639684701,1240.0452623522349,1255.2751593049002,1023074
2024-08-26,1239.823974609375,1252.3474248302605,1234.1157811211297,1244.5725130573353,1266798
2024-08-27,1240.7587890625,1246.3439617593306,1235.8626025006731,1244.3017515921242,782130
2024-08-28,1226.512939453125,1239.5530970842215,1225.2827359030216,1239.5530970842215,1130322
2024-08-29,1232.442626953125,1239.7745925468923,1225.6026226752101,1229.6622946618493,1799588
2024-08-30,1230.57275390625,1238.7167263799913,1226.1686487134475,1232.4426875467195,3808974
2024-09-02,1235.0751953125,1238.0769402415242,1228.7520207007447,1230.2036369649484,1751182
2024-09-03,1245.335205078125,1259.2365068833042,1231.1878625330312,1231.1878625330312,1975054
2024-09-04,1247.303466796875,1250.6003885146183,1236.9451281522104,1242.5303007156283,1005886
2024-09-05,1232.6148681640625,1247.426568970777,1226.3408292077006,1247.3035485990836,2238592
2024-09-06,1231.7783203125,1239.6762519887875,1224.3233340445647,1234.4356323513769,1673400
2024-09-09,1238.446044921875,1240.0453097062184,1224.667763702917,1227.8170370695618,1167196
2024-09-10,1247.6724853515625,1253.7742471245238,1237.0927344404765,1244.4739560063504,3044078
2024-09-11,1243.416015625,1260.5158454024158,1239.7745409426761,1253.3314084339115,1959876
2024-09-12,1243.908203125,1249.8869449841677,1224.2987083152004,1244.9168740378636,3109758
2024-09-13,1245.6549072265625,1260.2205658827688,1244.104898747798,1244.9660412664605,1465434
2024-09-16,1254.6109619140625,1257.5634507292316,1230.203672987166,1244.966117063012,788794
2024-09-17,1253.2576904296875,1272.1781981765482,1249.2471545253281,1255.3735445574644,1390374
2024-09-18,1278.0093994140625,1279.9532174179215,1252.839479142833,1254.7831770096088,2354058
2024-09-19,1296.2408447265625,1317.3019534030796,1278.0092041979976,1280.887928542479,5068578
2024-09-20,1328.3985595703125,1330.711318457476,1294.7401148588742,1301.0634098184585,4645516
2024-09-23,1340.9957275390625,1343.3086064846357,1323.6991124699812,1331.1540984500664,2144494
2024-09-24,1326.8485107421875,1361.4911204818004,1315.8259331787701,1340.9220897203247,3080066
2024-09-25,1327.31591796875,1330.8835084026484,1308.4691748215691,1321.3616845001052,1437914
2024-09-26,1355.9305419921875,1359.3504843109317,1332.5320431791683,1332.5320431791683,2317212
2024-09-27,1351.1080322265625,1367.0022873123607,1343.8744588373136,1353.2240065187157,2194334
2024-09-30,1323.6744384765625,1348.3031384452854,1321.140267128838,1338.4615096975097,1766384
2024-10-01,1332.0892333984375,1333.5408497794524,1315.2845782829888,1323.699219891781,1105518
2024-10-03,1316.244140625,1326.1595339838152,1304.1881448615106,1321.2387193864727,1624730
2024-10-04,1278.50146484375,1317.9664961320873,1274.638697260755,1310.412997266873,2066068
2024-10-07,1266.5438232421875,1289.253332941269,1263.1237612302664,1281.8474834708154,2205716
2024-10-08,1270.4312744140625,1276.4592721332733,1255.595066857936,1264.9446143407934,2404340
2024-10-09,1238.0770263671875,1269.570241664286,1214.9245682815135,1269.078160175269,4733190
2024-10-10,1236.3299560546875,1245.8025235153655,1233.1560548809905,1244.4739276911512,2060004
2024-10-11,1236.01025390625,1241.0294608465724,1228.2845988950883,1240.045297911722,1256928
2024-10-14,1231.2125244140625,1239.897714716506,1226.8329270411743,1239.897714716506,1340768
2024-10-15,1222.453369140625,1231.212443171342,1216.425371245094,1231.212443171342,1590308
2024-10-16,1211.6275634765625,1226.7836963292705,1196.4714306238545,1225.2828238629875,2473286
2024-10-17,1170.51416015625,1217.8770012995963,1163.7726680936514,1217.8770012995963,5255508
2024-10-18,1156.514404296875,1172.9498763371498,1144.6306855763517,1171.153827136076,3278370
2024-10-21,1158.6796875,1168.2015128393516,1148.0261707894722,1161.312371651588,1497408
2024-10-22,1156.514404296875,1173.6142343359415,1151.495197636563,1158.6057504167609,1934262
2024-10-23,1145.1473388671875,1168.644228936812,1141.678260631491,1156.4160765535048,1414522
2024-10-24,1111.4398193359375,1151.4706969625236,1090.4525916533985,1150.9786154680953,5910994
2024-10-25,1112.4486083984375,1125.1443349589576,1110.627930899789,1116.5329088221627,2683018
2024-10-28,1118.03369140625,1141.1368916403771,1110.1603881435308,1117.4923537521086,1751130
2024-10-29,1115.7454833984375,1124.79985458042,1112.473189659071,1121.9457580106964,1859662
2024-10-30,1120.125,1130.4340820862906,1112.202440802898,1121.3305754942364,1787546
2024-10-31,1113.5556640625,1125.3902466522163,1112.104047850463,1125.3902466522163,1319530
2024-11-01,1123.0775146484375,1128.3181340234441,1116.2130024649405,1128.2935059235892,243228
2024-11-04,1105.313232421875,1125.3901778557208,1097.78436286705,1123.4218522276392,1926320
2024-11-05,1113.3096923828125,1115.9915123539101,1100.441810059457,1110.1357909440978,1451860
2024-11-06,1119.780517578125,1121.7979793001778,1111.1444647055134,1116.0406507641248,1613946
2024-11-07,1113.5067138671875,1124.3325072904686,1103.0991176530067,1118.501293232638,1783914
2024-11-08,1129.646728515625,1130.8031679737342,1111.5135992315359,1117.0248874240108,1669990
2024-11-11,1121.478271484375,1129.2531825523638,1109.2499991916804,1121.945724842311,1547190
2024-11-12,1110.234130859375,1127.0879203305533,1102.754516931697,1127.0879203305533,2210678
2024-11-13,1099.925048828125,1108.1427849239317,1093.4049696884435,1102.8775374951504,1526776
2024-11-14,1074.115478515625,1104.6982944412046,1071.9502479214893,1101.7950617641873,2318476
2024-11-18,1089.0745849609375,1091.904053152553,1067.1769615649582,1078.0027529067906,1383330
2024-11-19,1089.5421142578125,1104.058517296551,1084.4982793036745,1094.8812461421446,1612040
2024-11-21,1088.090576171875,1107.1833621781866,1076.1822280371973,1085.3103637839054,1655768
2024-11-22,1105.854736328125,1108.5858125752131,1084.6459764412452,1089.566791251465,1543916
2024-11-25,1110.603271484375,1123.7418229638,1105.3380236794615,1111.3906499066582,4059604
2024-11-26,1114.6876220703125,1125.8578481349366,1107.4294199179951,1117.0250092041097,634244
2024-11-27,1118.9686279296875,1120.371108165559,1107.4047134544387,1120.272715899568,874722
2024-11-28,1100.4171142578125,1126.620450796316,1096.3574423997345,1119.0178166167839,2492756
2024-11-29,1099.6298828125,1113.5804414797742,1095.8655073687394,1095.8655073687394,2698320
2024-12-02,1108.09375,1110.6279216156681,1093.9464071792422,1103.6403884933536,936544
2024-12-03,1112.940673828125,1115.4749655654812,1107.1833444643269,1113.0883223014698,1532464
2024-12-04,1111.0216064453125,1119.485384002442,1102.9760260702865,1112.5962431778116,1937738
2024-12-05,1114.8104248046875,1120.4693609712087,1092.9128022472792,1111.0214220075595,2375568
2024-12-06,1115.9423828125,1127.8261022700863,1109.6929721646486,1115.2780247725027,1291202
2024-12-09,1096.7757568359375,1120.2726454082049,1089.2960228980419,1117.0248598753255,1939702
2024-12-10,1089.6898193359375,1102.2625252924709,1087.500080757304,1096.8496289629097,1830596
2024-12-11,1102.7791748046875,1109.15160565448,1093.8970804657981,1094.881243381197,1469722
2024-12-12,1094.4136962890625,1109.1515106574755,1090.0095916472721,1107.158556897071,1931220
2024-12-13,1108.905517578125,1111.046119882549,1086.6388325679586,1094.8811966324952,1109322
2024-12-16,1101.6473388671875,1110.8738659933783,1096.628132137954,1108.9055402064575,1331372
2024-12-17,1084.0308837890625,1099.285409830194,1082.5792674351453,1095.373386050288,2997812
2024-12-18,1076.698974609375,1089.4438376946293,1072.9837351723947,1084.0309410714253,1932332
2024-12-19,1063.0927734375,1079.7497794665567,1056.6957142450356,1075.19802581038,3107980
2024-12-20,1064.6182861328125,1070.2772231748866,1055.7115632552375,1062.8960009460943,3303524
2024-12-23,1058.7625732421875,1072.7376393885636,1056.843383364702,1067.816824528983,877434
2024-12-24,1066.1929931640625,1070.2772937607742,1058.811770448471,1058.811770448471,645132
2024-12-26,1057.9259033203125,1070.7692777302723,1056.2036181769045,1062.010203544953,1047852
2024-12-27,1065.6517333984375,1067.349390528407,1058.4672955181438,1062.4039474773,925334
2024-12-30,1062.8466796875,1071.2613205681055,1057.4830399177117,1069.7850762127061,2470980
2024-12-31,1067.84130859375,1070.055674981874,1056.8678689096334,1060.4354592016111,1271114
2025-01-01,1067.44775390625,1072.3685687219986,1061.5674042288465,1067.816815017431,908580
2025-01-02,1082.6776123046875,1086.3928513826922,1064.445970048882,1067.3246946660897,1258328
2025-01-03,1098.6702880859375,1101.2537158364617,1081.6197129873103,1082.6776401065028,2022900
2025-01-06,1075.197998046875,1104.6736296639017,1067.8167760923197,1103.9847636696402,2276932
2025-01-07,1088.8040771484375,1090.600246696167,1072.6884081088663,1077.7568715594155,1191638
2025-01-08,1092.3714599609375,1094.8564950769032,1079.8972684600403,1093.8969603671512,899000
2025-01-09,1110.160400390625,1117.910683375364,1084.5721645045023,1090.1818450862454,2294636
2025-01-10,1106.14990234375,1120.9616028328523,1102.8776085817078,1118.0337420767496,1619708
2025-01-13,1100.95849609375,1112.6699386630303,1093.1835850441817,1104.7228711857224,1609062
2025-01-14,1091.953369140625,1110.4310516746082,1082.2101323720638,1107.7737397538697,1405098
2025-01-15,1082.406982421875,1092.4701448253809,1068.8993697859194,1091.9534352425353,1447250
2025-01-16,1067.472412109375,1091.559777284287,1061.1737449401849,1085.0889536739392,2651618
2025-01-17,1091.04296875,1095.5455861073265,1069.0715800253274,1073.057367694796,911802
2025-01-20,1089.468505859375,1094.8814026816212,1083.7358040979238,1092.0273057842912,802216
2025-01-21,1080.8323974609375,1102.262571027756,1078.4212461416487,1094.8813484539094,1528828
2025-01-22,1086.41748046875,1088.9516519540375,1079.700496401531,1080.8323077963776,896072
2025-01-23,1082.0625,1087.3032396194294,1065.3563584980802,1079.7004849699103,992014
2025-01-24,1086.466552734375,1093.7740101019974,1077.7075992973807,1083.563320321493,1327200
2025-01-27,1070.1541748046875,1098.276582705754,1067.1279218248944,1073.7463935561284,1099972
2025-01-28,1061.0751953125,1073.647899684176,1054.3337038519915,1070.1540735297697,1442066
2025-01-29,1073.08203125,1075.1487493843515,1048.7486267299453,1061.075291507899,794290
2025-01-30,1091.1168212890625,1098.6701992571716,1073.0819645589147,1077.1662645093195,1149120
2025-01-31,1138.2828369140625,1174.5984735722411,1087.2540122990645,1091.116899908794,6279774
2025-02-01,1145.171875,1168.2013098535062,1110.7508031452514,1138.1843427511203,2493130
2025-02-03,1140.2020263671875,1168.2014140578885,1137.54471433721,1145.1719771501405,2281742
2025-02-04,1131.5167236328125,1143.0068741286045,1123.7664404017578,1142.809969456362,2487034
2025-02-05,1106.66650390625,1130.7538657888624,1095.0041980854996,1123.8155897335878,2950590
2025-02-06,1101.9918212890625,1116.5328527196805,1095.8654310298496,1116.5328527196805,1973914
2025-02-07,1101.9422607421875,1108.3307138131295,1093.2509032153193,1106.3497831360728,1585116
2025-02-10,1099.9366455078125,1115.5116902086866,1092.5823913296604,1106.8451176987412,1520362
2025-02-11,1087.283447265625,1105.4090133553293,1078.5920887643615,1099.936667565169,953674
2025-02-12,1086.416748046875,1096.4452103365384,1075.4968427057347,1096.4452103365384,1006516
2025-02-13,1078.39404296875,1094.5633430543944,1075.967330075851,1086.4167889210353,1022294
2025-02-14,1087.456787109375,1101.8927721436544,1074.6797590982899,1078.3940043976506,1921722
2025-02-17,1097.683349609375,1099.4166641700035,1074.655027589598,1087.456842064239,1603030
2025-02-18,1100.605224609375,1104.1214255268897,1089.4872734584894,1097.683399722068,906118
2025-02-19,1091.96337890625,1101.397586551477,1088.298705083353,1092.4833974516898,852958
2025-02-20,1092.854736328125,1096.9156201961857,1082.9748683649673,1091.9632933067414,1316934
2025-02-21,1096.9156494140625,1098.4757049696427,1084.2129789668518,1097.906114818334,1188490
2025-02-24,1099.6146240234375,1108.2565312480936,1087.5557804834307,1089.0166927476246,968084
2025-02-25,1114.4715576171875,1117.4429536516163,1096.3709001659236,1100.6298286047563,1285668
2025-02-27,1128.2391357421875,1130.0220218607592,1114.2735975014539,1119.3249469621758,1502006
2025-02-28,1084.38623046875,1124.1782261763717,1082.0834467821023,1119.7211318875668,3687132
2025-03-03,1082.35595703125,1089.5120460615954,1065.1466190309588,1083.6930612701299,1043550
2025-03-04,1063.0169677734375,1071.7331114692508,1048.9028361258518,1069.7026090801887,2085044
2025-03-05,1088.0262451171875,1094.1424173428409,1044.9410000897888,1044.9410000897888,1693328
2025-03-06,1090.106201171875,1097.633714072804,1074.8035590186282,1083.0739209737233,2514922
2025-03-07,1108.5535888671875,1112.2926198516234,1085.1786301201555,1090.007148839458,1051212
2025-03-10,1113.481201171875,1126.1592071879243,1067.2760850427355,1108.9250843214413,1013160
2025-03-11,1114.966796875,1125.3914688719758,1106.2259885179944,1109.7174030603528,957110
2025-03-12,1087.283447265625,1116.304133300601,1085.3767529126317,1113.7783980416264,717178
2025-03-13,1085.525390625,1095.3310231518985,1081.6378861227452,1090.5520755278471,584340
2025-03-17,1076.809326171875,1091.1710752262911,1067.7217572869406,1077.4035812618067,820010
2025-03-18,1076.809326171875,1076.809326171875,1076.809326171875,1076.809326171875,0
2025-03-19,1081.5882568359375,1096.1480503923126,1079.681562507791,1092.7309929983955,845086
2025-03-20,1100.1842041015625,1103.7498552800168,1080.1767309280706,1091.4928462309174,953748
2025-03-21,1123.6087646484375,1126.6543974041263,1105.3346053950409,1109.7669138980498,1585274
2025-03-24,1120.9840087890625,1133.3896121775324,1119.2506943289768,1125.7135052828667,861902
2025-03-25,1116.675537109375,1129.130591543879,1104.467978126241,1119.2259372320905,1484284
2025-03-26,1111.02978515625,1124.1040010803927,1109.370828142377,1116.7001754334624,1066938
2025-03-27,1110.3365478515625,1123.1878127981931,1102.0166139458463,1109.4203189538612,1731172
2025-03-28,1114.64501953125,1133.067652120625,1110.8317518540916,1110.8317518540916,1432302
2025-04-01,1106.349853515625,1133.018182814548,1098.475701935983,1120.1667975044827,2040110
2025-04-02,1094.8109130859375,1104.3689284416268,1063.7598467679886,1104.3689284416268,2601704
2025-04-03,1112.1192626953125,1113.8031264165954,1087.0357748411589,1088.546258755138,635716
2025-04-04,1120.2906494140625,1130.517277628005,1098.0547486440948,1106.3498967057878,1183470
2025-04-07,1113.7783203125,1117.913561638433,1069.7026108826144,1069.7026108826144,1474570
2025-04-08,1126.8525390625,1130.5915704667184,1104.9880617439544,1116.7498394319853,1747016
2025-04-09,1161.2464599609375,1170.0368404995097,1125.2677312972378,1130.7152910676207,3706748
2025-04-11,1169.4425048828125,1174.6920201143596,1149.955169757402,1161.6673753053308,2236634
2025-04-15,1172.6614990234375,1179.3471406847032,1161.6179061895975,1179.3471406847032,1561748
2025-04-16,1180.2880859375,1183.6556923870428,1162.3111152359502,1162.3111152359502,1354424
2025-04-17,1196.7794189453125,1200.0478822972814,1168.0559216789884,1174.6919916503628,1815842
2025-04-21,1188.2613525390625,1198.9584277664642,1183.853829647143,1189.0537732619912,953130
2025-04-22,1192.173828125,1198.4632598943988,1183.6062773337244,1191.0347686140617,975908
2025-04-23,1205.0992431640625,1209.3087212515024,1188.5585188065743,1198.1165344099288,1165112
2025-04-24,1205.0001220703125,1245.5101791150594,1178.1585352344837,1205.891565067662,4674476
2025-04-25,1195.244140625,1205.9906662061196,1182.2690678581284,1201.8802105488924,2256568
2025-04-28,1191.5299072265625,1197.6707445038971,1181.6252529686526,1188.5585109491894,1961052
2025-04-29,1182.3680419921875,1191.5298467154778,1168.3529327477086,1191.5298467154778,1952120
2025-04-30,1182.7147216796875,1191.7279327277263,1170.8787083949583,1176.177674156188,2040862
2025-05-02,1154.7835693359375,1181.0309009652353,1152.4064283278503,1176.1775965958936,1265148
2025-05-05,1153.000732421875,1164.7872947043336,1150.772185301905,1163.2520249924532,1827594
2025-05-06,1167.015869140625,1175.7814638363993,1153.8922024602828,1157.3588313947128,1742026
2025-05-07,1158.0521240234375,1166.76826810701,1152.5551134705227,1154.3874503214943,1353304
2025-05-08,1159.191162109375,1163.8464220549163,1146.5132774741614,1152.9017309713568,2693092
2025-05-09,1151.614013671875,1163.3015531602741,1134.9246967116078,1140.0256174435722,1816458
2025-05-12,1180.5357666015625,1183.1109525304319,1161.815945850311,1168.6501814777741,801500
2025-05-13,1173.800537109375,1183.5071465221918,1159.8349989632625,1178.6538418157834,2333552
2025-05-14,1173.8995361328125,1178.257608045939,1165.4311295613797,1171.225327932659,1203066
2025-05-15,1187.6175537109375,1195.9373661179718,1159.5873352959466,1173.7014668594463,1928224
2025-05-16,1192.9166259765625,1195.7889999961133,1177.019606957387,1195.7889999961133,1369102
2025-05-19,1192.42138671875,1199.5032389107862,1186.6766387110943,1190.5394781709713,845862
2025-05-20,1168.00634765625,1198.3641369896773,1165.926394453538,1198.3641369896773,1555350
2025-05-21,1184.893798828125,1187.5680070285068,1168.006315503225,1168.006315503225,1350296
2025-05-22,1169.591064453125,1181.130010752029,1158.8445388510472,1181.130010752029,2161612
2025-05-23,1195.6898193359375,1200.444101764903,1164.8369179010303,1166.7682771279337,1154460
2025-05-26,1215.3011474609375,1220.6991359799154,1191.232787865031,1195.6898825378707,1248708
2025-05-27,1218.718017578125,1229.1674751776961,1204.504864266418,1213.3696015184366,1584098
2025-05-28,1197.9678955078125,1216.6381440262576,1196.4821974149959,1214.3601461611242,1447242
2025-05-29,1205.8917236328125,1208.2688649695144,1191.7775905225312,1199.1565099965621,1862596
2025-05-30,1186.6766357421875,1216.786809712033,1183.8538333807955,1205.8916897227514,2134920
2025-06-02,1191.678466796875,1196.383177433474,1184.1013823271737,1188.558476614478,2052718
2025-06-03,1184.2994384765625,1201.632583094514,1179.6442994274528,1196.333617349739,1468888
2025-06-04,1187.3204345703125,1190.4404248570377,1181.0804539968622,1182.8137684998844,1174082
2025-06-05,1189.202392578125,1193.0156604622434,1178.9015274928895,1191.0347295191764,1467916
2025-06-06,1197.0765380859375,1199.8993404828923,1183.6062319289524,1190.4899185554236,1004606
2025-06-09,1196.135498046875,1202.0782901167574,1189.0536466489823,1200.9392307887472,678874
2025-06-10,1204.1087646484375,1207.823009979351,1192.9660286556978,1196.1355905485977,1351562
2025-06-11,1198.0670166015625,1213.3202091261487,1192.5204341125575,1209.6059635880074,1751374
2025-06-12,1181.42724609375,1202.4746370660737,1171.8692302473858,1201.9298327018657,2717158
2025-06-13,1177.0692138671875,1178.6539344717455,1162.2122314998967,1169.7397450513708,829756
2025-06-16,1183.5072021484375,1186.0823881627452,1171.2749779006544,1173.7511415502634,532308
2025-06-17,1169.73974609375,1182.0709931070173,1165.282651379591,1178.7035071592427,1531068
2025-06-18,1159.24072265625,1170.779668690946,1151.6140665697994,1170.6805254262956,1308554
2025-06-19,1148.3951416015625,1159.240811049217,1143.9876186196689,1159.240811049217,1474774
2025-06-20,1168.947265625,1187.5680642866437,1148.3951077151185,1157.903672678084,22941194
2025-06-23,1168.303466796875,1188.0136307871358,1164.2424620851532,1175.1871527042574,1297744
2025-06-24,1171.62158203125,1180.436748544824,1167.6101486747734,1176.1776988306988,1100860
2025-06-25,1190.7374267578125,1202.870627614762,1174.691936027924,1174.691936027924,2300288
2025-06-26,1204.1087646484375,1210.1507004451953,1190.1432263854883,1198.4631601080187,3115098
2025-06-27,1217.628662109375,1220.1048257045486,1201.4841480126986,1212.8249289160235,2375672
2025-06-30,1220.897216796875,1225.998137860462,1209.8535032490518,1222.2343209245437,1658010
2025-07-01,1193.5604248046875,1223.9180937639178,1191.1337119369591,1223.224816319667,1077220
2025-07-02,1182.61572265625,1195.4422016038968,1178.6538609388087,1193.7584587365538,1475052
2025-07-03,1182.813720703125,1193.0651342176009,1181.1299779022265,1188.5088966972028,1263638
2025-07-04,1189.9752197265625,1192.0639182039135,1177.1942499762101,1186.0463588285445,790114
2025-07-07,1204.5465087890625,1206.485988399062,1187.5880215568675,1193.257363043616,868414
2025-07-08,1202.457763671875,1211.3099940253194,1197.0370793069835,1204.5465835843777,711576
2025-07-09,1207.3812255859375,1211.7078412450428,1200.7669126559226,1203.5021448032028,790360
2025-07-10,1194.2520751953125,1211.9067559621665,1192.3623755126587,1205.9887566090497,569850
2025-07-11,1195.29638671875,1207.8286981733916,1192.1136198592378,1195.545044173861,741064
2025-07-14,1190.02490234375,1200.8663926009767,1182.1176431577876,1196.1916806091774,942914
2025-07-15,1201.662109375,1203.5021503632606,1183.6593328963238,1190.0248669730329,1064608
2025-07-16,1223.394775390625,1238.3142238709984,1197.2359604891237,1201.5129176194105,2810630
2025-07-17,1217.9739990234375,1228.3678321138764,1216.4820542880764,1222.4000531724323,546708
2025-07-18,1229.4619140625,1231.799269890468,1208.972563756088,1222.897381438182,899652
2025-07-21,1229.660888671875,1232.5452180031384,1215.934948660959,1229.8099860122854,957974
2025-07-22,1215.1890869140625,1232.0977953057459,1212.4538546742315,1229.7604393110287,774548
2025-07-23,1219.6649169921875,1227.8706136814315,1210.2657129867848,1223.3947791236621,720228
2025-07-24,1154.8150634765625,1230.8544687583912,1148.7975041744985,1219.814101442787,5372012
2025-07-25,1131.192626953125,1151.2343221843544,1126.9156698432353,1151.2343221843544,3178714
2025-07-28,1108.6641845703125,1143.7745453626287,1105.083541399776,1131.2422335583633,1879938
2025-07-29,1105.879150390625,1122.9868562874594,1103.9893294337664,1109.0122586329464,1801922
2025-07-30,1109.75830078125,1113.7368203448843,1104.8845900328415,1109.0123283630685,929698
2025-07-31,1117.814697265625,1126.8658043312419,1104.5364134712797,1106.5256731083284,1346218
2025-08-01,1132.137451171875,1137.7073541690092,1115.527180884661,1117.814756740116,1410024
2025-08-04,1132.5849609375,1137.1603553765274,1122.937099964302,1136.861917855799,812794
2025-08-05,1127.5621337890625,1135.0715161748567,1119.008341513333,1133.7287901840648,1135934
2025-08-06,1110.6534423828125,1130.0983830331204,1107.0727992183497,1128.904875783225,1127544
2025-08-07,1111.300048828125,1117.1682681749041,1101.5526271282547,1111.996241200351,1014230
2025-08-08,1090.6116943359375,1120.351152873928,1087.5283659034894,1115.9747569949127,1242852
2025-08-11,1099.0660400390625,1102.9451209339215,1081.1627018302813,1091.1090008351598,1038967
2025-08-12,1085.2406005859375,1103.641252735213,1083.1519021924885,1102.0498692647172,758197
2025-08-13,1091.009521484375,1094.8886022347256,1080.7647853250874,1085.240619710543,813725
2025-08-14,1083.5498046875,1097.0767466368754,1078.874971449518,1093.9934183227558,941698
2025-08-18,1137.9560546875,1163.6175549074978,1114.482813116333,1114.482813116333,3478231
2025-08-19,1155.1630859375,1161.7276184023674,1124.1305630080258,1143.4264056103345,1851158
2025-08-20,1183.907958984375,1186.3945336092982,1150.488298893585,1158.743775214241,1652532
2025-08-21,1173.0665283203125,1183.90801851306,1162.5234756634727,1183.6095809771525,991563
2025-08-22,1156.655029296875,1184.6041026499095,1151.7813189492822,1168.6900257041507,921658
2025-08-25,1146.8082275390625,1160.5341681605148,1142.6308306967653,1156.6550874270804,931358
2025-08-26,1155.958740234375,1172.6685699496952,1142.8296750400336,1142.8296750400336,3619892
2025-08-28,1156.15771484375,1161.926494889977,1148.7974299705086,1159.340481668236,1065888
2025-08-29,1149.990966796875,1178.0396009960516,1143.8243103850568,1154.0690462526763,1593255
2025-09-01,1168.0933837890625,1169.6847673528443,1149.9910466835413,1151.681990369571,643866
2025-09-02,1194.4510498046875,1196.042433333235,1166.1040981622782,1168.0933579266577,1773623
2025-09-03,1188.3837890625,1200.0209096996446,1184.9025846000477,1200.0209096996446,827824
2025-09-04,1206.088134765625,1231.5506347047078,1201.512861727433,1223.394718480747,3346196
2025-09-05,1202.0101318359375,1209.867731660062,1184.6041100675232,1205.4913361896204,1434458
2025-09-08,1181.32177734375,1204.496700493893,1178.8352028175445,1202.0101259676876,1112974
2025-09-09,1195.7440185546875,1197.5344009426078,1181.520883817611,1188.7816092468818,1295618
2025-09-10,1210.9619140625,1212.652736341684,1195.2467129362683,1201.7118073439942,1015673
2025-09-11,1214.244140625,1218.3220986302517,1205.5907882865274,1205.5907882865274,783400
2025-09-12,1211.061279296875,1216.4323047619353,1203.0048018066727,1213.6472926201184,632659
2025-09-15,1205.9886474609375,1213.4483710534794,1203.1041967222002,1205.690209951327,523120
2025-09-16,1197.7332763671875,1208.4753278472988,1194.7493866687992,1205.4914381489104,1137133
2025-09-17,1197.832763671875,1206.088118486698,1189.1794112237224,1200.518215671261,1005661
2025-09-18,1202.60693359375,1206.784451834298,1193.5558261947288,1198.628414173101,1345158
2025-09-19,1188.0853271484375,1205.4913491033121,1184.6041227574626,1205.4913491033121,2395784
2025-09-22,1181.918701171875,1194.7493291251474,1177.6417442442664,1192.4617533154308,1107323
2025-09-23,1162.1256103515625,1188.0854267022848,1158.7438443768622,1183.4107146943174,2114020
2025-09-24,1172.270751953125,1178.8352848763102,1155.1631665878808,1161.6282608060503,1395188
2025-09-25,1167.1981201171875,1185.9966484224817,1165.3082991335739,1178.1390483841574,1273981
2025-09-26,1156.356689453125,1172.6686439831756,1153.9695534266914,1163.716974945136,1011036
2025-09-29,1146.3109130859375,1155.8593354542834,1143.0285859836415,1153.7706370322667,2130382
2025-09-30,1146.708740234375,1153.3727114419714,1140.2436464242578,1149.394192174207,1409305
2025-10-01,1160.1363525390625,1162.9212434411497,1138.8512481595,1151.6819982950838,727804
2025-10-03,1163.6175537109375,1165.0100598651647,1148.2007901361587,1153.7706933382833,1159975
2025-10-06,1175.35400390625,1177.3432635363968,1157.2517898378244,1157.2517898378244,639965
2025-10-07,1170.48046875,1185.7976714744277,1168.6900864346571,1175.3540579360754,922441
2025-10-08,1174.1605224609375,1176.1497821347384,1152.3781047498635,1163.7169091734831,893579
2025-10-09,1181.42138671875,1182.7143326774262,1166.6013776416564,1168.789514750048,922191
2025-10-10,1193.0584716796875,1195.5450462350848,1178.0395856480416,1180.0288452923596,1110822
2025-10-13,1181.7197265625,1194.3515987849366,1175.5530699224173,1192.5612164495426,1062394
2025-10-14,1169.1873779296875,1187.8864675037457,1164.7115436458223,1183.708949323273,1293553
2025-10-15,1214.8409423828125,1218.4215856167714,1169.1874072591957,1169.1874072591957,2283392
2025-10-16,1269.7445068359375,1279.5913671349344,1209.9672740922251,1214.8409848881713,6927367
2025-10-17,1282.5751953125,1304.5564907785995,1254.5266820266756,1257.112695361256,3171952
2025-10-20,1278.4971923828125,1298.5886661411737,1273.9219195028143,1282.575150353794,1246633
2025-10-21,1280.3870849609375,1285.0617968013464,1270.4407862240848,1273.1262383171234,245138
2025-10-23,1265.9649658203125,1296.7984922462133,1263.9757060508996,1280.0886616172322,1751448
2025-10-24,1275.115478515625,1277.6020531617164,1252.636867997915,1267.5563158744628,1433533
2025-10-27,1276.110107421875,1285.260653546752,1268.9488210123866,1275.1154775641805,1107997
2025-10-28,1264.174560546875,1281.9784594433547,1256.913713954219,1276.9058714062562,1343829
2025-10-29,1266.163818359375,1274.1208572807222,1259.6987242357804,1268.153078089712,836932
2025-10-30,1273.0267333984375,1274.5186781313644,1260.8921767217676,1271.1369124537753,728703
2025-10-31,1264.7713623046875,1277.1047974036921,1262.7821024956475,1273.0268390781168,943037
2025-11-03,1259.8975830078125,1263.0804713781406,1248.757777248606,1262.7820338570928,847050
2025-11-04,1258.206787109375,1262.1853065943058,1243.9835313848357,1259.2014169806077,770668
2025-11-06,1259.30078125,1272.0320914151678,1253.3330023753474,1258.2067127392681,1171263
2025-11-07,1255.9190673828125,1264.0751050299518,1249.6529721549566,1257.2121347582056,596683
2025-11-10,1256.1180419921875,1266.3626564363824,1253.4324685907732,1256.3169193931333,737986
2025-11-11,1261.2901611328125,1263.3788596551337,1248.2605336304632,1261.1907224250417,729912
2025-11-12,1271.3358154296875,1279.9891679036207,1254.8249843360766,1263.1798992915108,824792
2025-11-13,1268.3519287109375,1282.3763066454585,1263.4783396063588,1273.1262005288309,691337
2025-11-14,1264.7713623046875,1272.1316478810922,1255.6208157490166,1268.3520056780028,675047
2025-11-17,1263.4783935546875,1271.1369951158424,1257.3116154086997,1265.1692157960497,774802
2025-11-18,1258.30615234375,1263.080424012819,1245.87327967927,1255.3222629042748,810387
2025-11-19,1272.131591796875,1273.1262216575449,1256.2175140261556,1261.091224626394,726287
2025-11-20,1272.3304443359375,1281.6799891264577,1268.3519249710162,1281.0832355046746,796864
2025-11-21,1273.8223876953125,1281.9784252332868,1266.163786492181,1268.1530461724517,673231
2025-11-24,1262.3841552734375,1278.8951078919692,1252.7362943079568,1278.099355447181,2636542
2025-11-25,1256.4163818359375,1264.075104553466,1244.0830687896535,1260.5939000677104,1065974
2025-11-26,1269.9434814453125,1275.8117006151708,1250.3491999281139,1250.3491999281139,810809
2025-11-27,1259.5992431640625,1272.6288696765455,1253.730902874002,1269.1476652655506,708607
2025-11-28,1254.32763671875,1262.8814288536962,1251.443185969294,1259.4997846109952,626947
2025-12-01,1253.830322265625,1257.2120879243255,1244.8786539180626,1253.830322265625,644563
2025-12-02,1252.1395263671875,1255.023977178099,1244.2819263701444,1244.2819263701444,911551
2025-12-03,1235.2308349609375,1251.2443512625023,1229.4619332651996,1250.249721412532,642993
2025-12-04,1235.7281494140625,1238.3141627400423,1226.577481948965,1235.2308344892674,664641
2025-12-05,1240.2039794921875,1242.2926778862227,1227.5721075967606,1230.8544346550846,911699
2025-12-08,1208.2763671875,1241.29802900868,1206.287107525627,1240.2039604776048,1534927
2025-12-09,1209.27099609375,1214.9403375598429,1200.816642537255,1208.375804963637,810028
2025-12-10,1202.805908203125,1215.2387811423998,1198.5289513461046,1209.271002131548,514862
2025-12-11,1208.4752197265625,1213.8462449860792,1199.3246740361055,1202.9053170708594,339626
2025-12-12,1231.650146484375,1233.340968601226,1208.8730994748335,1212.453742520076,841766
2025-12-15,1236.822265625,1241.2981001206274,1218.918927642491,1231.3518012414556,857798
2025-12-16,1233.937744140625,1257.2121064705827,1227.77108775391,1229.859786116199,1086329
2025-12-17,1227.969970703125,1234.7335021508634,1217.725356245691,1230.3571065914311,526222
2025-12-18,1226.8759765625,1237.2201517625622,1220.9081971872467,1228.0694838716379,707432
2025-12-19,1237.7174072265625,1239.5076681042303,1223.096275611005,1224.1904655757078,754446
2025-12-22,1250.4486083984375,1253.1341818628018,1233.3410234137705,1239.308802559321,880387
2025-12-23,1249.75244140625,1254.7255907950532,1244.3814157833865,1253.2336459784121,663261
2025-12-24,1252.9351806640625,1257.3115763121143,1241.198621215625,1244.381388187966,598956
2025-12-26,1265.7659912109375,1270.1423870703306,1244.6798858176567,1257.2121983217683,1433973
2025-12-29,1273.126220703125,1279.591314792633,1263.9756745577324,1268.1530714035034,888206
2025-12-30,1267.2579345703125,1282.0779444014315,1260.892278910964,1277.1047948886253,2043408
2025-12-31,1281.083251953125,1287.3494685992414,1263.577790805665,1267.357311402002,738631
2026-01-01,1288.045654296875,1292.0241736923865,1277.104725959218,1286.0563945991191,932297
2026-01-02,1272.8277587890625,1292.0241632836676,1270.7390604062011,1285.0617543976125,736473
2026-01-05,1307.5404052734375,1312.9114308644753,1271.6342911819938,1272.1316061179273,2397082
2026-01-06,1312.81201171875,1316.3926550278604,1291.4274691550181,1311.916820537777,866154
2026-01-07,1307.7393798828125,1325.5431571277572,1297.196206304414,1305.4516826539652,676669
2026-01-08,1299.8818359375,1308.0377525223769,1292.024235472685,1302.0699731437503,555817
2026-01-09,1292.1236572265625,1303.760899711072,1283.1719882760692,1299.8818188829023,1194489
2026-01-12,1305.352294921875,1310.9221980357322,1284.6639445963697,1286.0564507285294,1032516
2026-01-13,1311.618408203125,1314.8012967505322,1301.9705466828477,1305.3523126455,1316337
2026-01-14,1300.0806884765625,1321.0673546069077,1295.206977794309,1313.9060680554846,904110
2026-01-15,1300.0806884765625,1300.0806884765625,1300.0806884765625,1300.0806884765625,0
2026-01-16,1308.83349609375,1313.8066455420774,1298.2904435462522,1311.1210719911116,1491989
2026-01-19,1308.5350341796875,1313.2098674228805,1298.4892967641995,1298.9866116997662,867546
2026-01-20,1288.7418212890625,1310.0269239195488,1284.6638632717893,1307.9382255609235,1173676
2026-01-21,1276.3089599609375,1304.655910352938,1264.4729620167993,1291.9247212713608,1046054
2026-01-22,1298.986572265625,1304.9543513112558,1265.4675951919091,1278.9945367457171,994359
2026-01-23,1286.8521728515625,1304.8549491943372,1283.3709683106754,1302.9651281606143,744221
2026-01-27,1296.3011474609375,1306.9436384163773,1283.3709592574269,1293.0188203510581,1159495
2026-01-28,1285.4595947265625,1298.9865359016962,1266.1637520695706,1290.2337449805539,940426
2026-01-29,1280.9837646484375,1287.4488584541489,1255.5212656350518,1279.5912586227143,1151521
2026-01-30,1325.244873046875,1332.4061595988705,1276.1101328160523,1279.094022448514,5292100
2026-02-02,1301.2742919921875,1303.9597440432992,1267.059000588645,1290.5322409581852,1254558
2026-02-03,1300.975830078125,1333.2018611611804,1284.1665615074633,1322.857686547329,1232271
2026-02-04,1296.2015380859375,1320.8684062873333,1288.1450607943987,1306.5457125386122,875783
2026-02-05,1296.5,1303.5618476004356,1280.0886075949368,1297.7930673614608,854891
2026-02-06,1303.300048828125,1305.199951171875,1278.699951171875,1291.0999755859375,835646
2026-02-09,1295.5999755859375,1307.0,1290.300048828125,1301.0,746303
2026-02-10,1308.5999755859375,1310.300048828125,1296.5,1296.9000244140625,936331
2026-02-11,1305.300048828125,1324.9000244140625,1296.699951171875,1315.0,911500
2026-02-12,1305.5,1312.0999755859375,1295.0999755859375,1312.0999755859375,534672
2026-02-13,1282.5999755859375,1310.4000244140625,1278.0,1305.0,522586
2026-02-16,1289.800048828125,1295.5,1274.199951171875,1276.699951171875,456222
2026-02-17,1285.300048828125,1289.5999755859375,1278.0,1281.0,396198
2026-02-18,1300.9000244140625,1303.4000244140625,1278.0,1286.5999755859375,446022
2026-02-19,1278.5,1300.0,1271.9000244140625,1299.800048828125,659360
2026-02-20,1293.800048828125,1301.0,1276.4000244140625,1278.5,754146
2026-02-23,1315.0999755859375,1318.5,1295.5,1299.0,933582
2026-02-24,1320.0,1323.9000244140625,1305.5999755859375,1305.5999755859375,1120203
2026-02-25,1323.4000244140625,1334.800048828125,1315.0,1328.0,991399
2026-02-26,1318.0,1329.199951171875,1310.5999755859375,1329.199951171875,438946
2026-02-27,1291.699951171875,1322.9000244140625,1286.0,1311.0999755859375,1640870
2026-03-02,1279.699951171875,1288.0,1261.300048828125,1261.9000244140625,1161869
2026-03-04,1245.300048828125,1270.0,1240.0,1259.699951171875,1112032
2026-03-05,1250.9000244140625,1254.4000244140625,1222.699951171875,1249.5,935711
2026-03-06,1252.4000244140625,1264.0999755859375,1234.199951171875,1250.0,830769
2026-03-09,1235.800048828125,1242.5999755859375,1217.4000244140625,1227.0,1467475
2026-03-10,1241.199951171875,1249.5,1233.5,1236.9000244140625,1301806
2026-03-11,1233.699951171875,1245.9000244140625,1226.0999755859375,1237.0999755859375,1472136
2026-03-12,1220.800048828125,1229.9000244140625,1209.300048828125,1225.0,1358564
2026-03-13,1202.199951171875,1238.5999755859375,1200.5999755859375,1219.0,1681371
2026-03-16,1213.4000244140625,1219.300048828125,1196.5,1200.0,1100151
2026-03-17,1206.9000244140625,1225.0,1199.0999755859375,1213.4000244140625,1673011
2026-03-18,1204.800048828125,1213.300048828125,1199.9000244140625,1206.0,1144239
2026-03-19,1186.300048828125,1203.0,1177.699951171875,1193.0,826831
2026-03-20,1193.5999755859375,1204.0,1177.5999755859375,1204.0,1395157
2026-03-23,1166.800048828125,1189.0,1164.800048828125,1189.0,944890
2026-03-24,1183.199951171875,1195.0999755859375,1163.199951171875,1180.0,1001494
2026-03-25,1204.0999755859375,1217.800048828125,1180.0,1183.199951171875,1003662
2026-03-27,1193.199951171875,1215.699951171875,1188.300048828125,1204.0999755859375,2005121
2026-03-30,1174.800048828125,1194.4000244140625,1169.5999755859375,1185.0,1814954
2026-04-01,1180.800048828125,1191.5999755859375,1167.0999755859375,1174.800048828125,1836376
2026-04-02,1191.300048828125,1200.0,1159.4000244140625,1173.300048828125,1357820
2026-04-06,1216.0,1218.800048828125,1179.0,1190.0,1460974
2026-04-07,1222.800048828125,1225.4000244140625,1194.199951171875,1204.4000244140625,1434686
2026-04-08,1213.699951171875,1250.5999755859375,1209.300048828125,1238.0,1638620
2026-04-09,1228.699951171875,1230.0999755859375,1206.4000244140625,1209.5,1258634
2026-04-10,1249.300048828125,1252.300048828125,1229.0999755859375,1230.800048828125,1358310
2026-04-13,1226.0999755859375,1246.800048828125,1222.0999755859375,1239.300048828125,1346881
2026-04-15,1256.5999755859375,1259.9000244140625,1232.300048828125,1235.0,1236533
2026-04-16,1257.4000244140625,1261.9000244140625,1246.5,1255.0999755859375,1126023
2026-04-17,1285.5999755859375,1292.0,1252.800048828125,1258.0999755859375,1994195
2026-04-20,1286.4000244140625,1294.300048828125,1274.5999755859375,1294.0,1156327
2026-04-21,1379.9000244140625,1396.0,1286.800048828125,1298.0999755859375,9586515
2026-04-22,1395.800048828125,1425.199951171875,1386.0,1391.0,7723484
2026-04-23,1410.5,1415.0,1382.0999755859375,1388.9000244140625,2963135
2026-04-24,1421.300048828125,1430.9000244140625,1409.0999755859375,1420.0,3419416
2026-04-27,1417.300048828125,1437.9000244140625,1410.0,1429.0,1719329
2026-04-28,1440.0,1445.0999755859375,1401.0,1417.9000244140625,4008095
2026-04-29,1465.5999755859375,1470.0,1436.0999755859375,1445.0,2753356
2026-04-30,1458.5999755859375,1466.0,1436.0999755859375,1466.0,2305703
2026-05-01,1458.5999755859375,1458.5999755859375,1458.5999755859375,1458.5999755859375,0
2026-05-04,1457.0999755859375,1472.9000244140625,1446.300048828125,1460.0,1744112
2026-05-05,1477.800048828125,1480.4000244140625,1447.5999755859375,1456.0,2490700
2026-05-06,1486.0999755859375,1490.0,1468.199951171875,1485.0,2133310
2026-05-07,1476.0,1493.0,1468.300048828125,1488.0,2247161
2026-05-08,1482.4000244140625,1496.300048828125,1470.0,1476.5999755859375,1471411
2026-05-11,1481.9000244140625,1498.0999755859375,1470.5,1475.300048828125,1358397
2026-05-12,1468.5999755859375,1491.0,1466.0999755859375,1470.0,1017058
2026-05-13,1468.9000244140625,1486.0,1463.5,1468.5999755859375,2205792
2026-05-14,1459.5999755859375,1479.4000244140625,1453.0,1468.9000244140625,1251986
2026-05-15,1430.5,1467.5,1427.5,1459.5999755859375,3292954
2026-05-18,1431.699951171875,1444.699951171875,1418.0999755859375,1430.5,2030857
2026-05-19,1431.4000244140625,1454.5,1422.0,1428.0,1803745
2026-05-20,1420.0999755859375,1426.9000244140625,1398.5,1400.0,1425216
2026-05-21,1406.5,1430.9000244140625,1403.5,1425.0,2049251
2026-05-22,1423.0999755859375,1434.5999755859375,1401.199951171875,1410.5,1306017
2026-05-25,1413.5999755859375,1438.9000244140625,1410.0,1430.0,812160
2026-05-26,1428.5999755859375,1431.699951171875,1413.199951171875,1417.5999755859375,1472818
2026-05-27,1427.5,1443.699951171875,1423.0999755859375,1432.0,1114165
2026-05-28,1427.5,1427.5,1427.5,1427.5,0
2026-05-29,1421.5,1444.0999755859375,1408.5,1431.4000244140625,13063475
