Price,Close,High,Low,Open,Volume
Ticker,ONGC.NS,ONGC.NS,ONGC.NS,ONGC.NS,ONGC.NS
2021-01-01,67.06397247314453,67.96343565271937,66.92006056036759,67.45973846811249,15130377
2021-01-04,69.76237487792969,70.01422900656938,67.42377017973344,67.67562430837313,39545073
2021-01-05,68.32323455810547,69.4385713192931,67.89149324373527,69.4385713192931,26998014
2021-01-06,69.76237487792969,71.45337035930554,69.25867760042746,71.16554099078058,50306161
2021-01-07,70.44596862792969,71.2734759839201,69.87030990466111,70.51792459586615,25285200
2021-01-08,72.42477416992188,72.89249610741017,70.91367717101825,71.20150098803805,36022114
2021-01-11,73.79197692871094,74.04382557384841,70.55390880294401,73.03642550340983,36301647
2021-01-12,74.43956756591797,75.19511880247191,72.49672937176119,73.39619251533144,28353142
2021-01-13,75.73480224609375,77.64166534836724,74.90729499530852,75.518928879841,42401579
2021-01-14,75.59089660644531,77.31786172034319,74.9792571812276,76.99405713395939,24455634
2021-01-15,72.96446990966797,76.34644999591113,72.42479188591287,75.73481600029976,28185982
2021-01-18,69.54649353027344,73.28825812839953,69.11475230585697,72.96445358255907,33623461
2021-01-19,70.5898666381836,71.23748120163043,70.15812542584816,70.3380180551452,26085121
2021-01-20,71.12956237792969,71.81315783475735,70.4099916801461,71.23749908057498,18486566
2021-01-21,68.14332580566406,72.10096365158702,67.56767268564406,71.2734619484403,26939349
2021-01-22,66.74016571044922,68.68300391792513,66.56027308050191,68.07137007408178,27311961
2021-01-25,65.73277282714844,67.4597433550144,64.76135362081382,66.95604613391882,28522112
2021-01-27,64.54547882080078,66.02060070554465,63.969825650815935,65.7687521005583,34022621
2021-01-28,65.22908020019531,65.76875818504544,63.89787560220936,64.04178753554739,26810222
2021-01-29,63.53807830810547,66.88407679186379,63.142312331157534,65.30102386384668,33858273
2021-02-01,65.37298583984375,65.6248344438831,63.646015356607286,64.04178137001757,24228098
2021-02-02,66.8121337890625,67.60366040649401,65.62484111797102,66.56028515940997,22141489
2021-02-03,67.17191314697266,68.57507908447961,66.92006453969333,68.07137638003304,25912911
2021-02-04,70.26606750488281,70.94965735282489,67.63963381719502,67.81952646032586,49670027
2021-02-05,70.26606750488281,71.92107652775385,69.65443361621553,71.2015059552305,30514219
2021-02-08,71.70520782470703,72.53271507156305,71.30944181841876,71.59727114209316,29096831
2021-02-09,72.67664337158203,74.36763348076481,71.81316069579606,71.81316069579606,39638657
2021-02-10,71.95706939697266,73.75599613189698,70.9496693274373,73.39621078491211,21467230
2021-02-11,71.561279296875,72.2088938020273,71.16551884197801,71.95704524165888,11287104
2021-02-12,69.79835510253906,71.52532581130124,69.4745504964724,71.16554047572114,18187705
2021-02-15,70.84172821044922,71.41738692570496,68.79095295841925,69.79835296517261,26118576
2021-02-16,74.65545654296875,75.4469831770129,71.41738854833396,71.41738854833396,76236798
2021-02-17,74.83843994140625,75.75333529521318,73.77716356462146,74.65546087064487,21014091
2021-02-18,81.02311706542969,84.53631688384367,75.64353438054599,75.89970392095432,110000964
2021-02-19,76.92439270019531,82.12099668424352,76.00949743595874,81.02312236715963,48225988
2021-02-22,77.80268859863281,79.44949992808958,77.07077245220758,77.5099210232473,36592043
2021-02-23,82.12100219726562,83.73122132086722,80.10823248082208,80.32780959261072,90860972
2021-02-24,83.14568328857422,84.42653670150936,81.24270219188612,83.43845089977495,26071364
2021-02-25,87.13461303710938,88.19588913749841,84.42652014468212,84.90226672157524,62038881
2021-02-26,81.24268341064453,86.65886342150279,80.54736538085068,84.53630571107607,55154985
2021-03-01,85.6707763671875,86.10992488283813,83.07247214146702,83.65800721838544,41672980
2021-03-02,83.0724868774414,85.37802397367484,82.52354973948475,84.82908683571819,36303917
2021-03-03,83.43843841552734,84.75588967677169,82.85290328073499,83.47503645548069,19434630
2021-03-04,82.48695373535156,85.63419563771924,82.19419172180083,83.4018489878913,38272786
2021-03-05,84.13375091552734,86.54907620607159,83.07247483627167,85.08524405036636,57756103
2021-03-08,86.54908752441406,89.54994271922735,85.78057330853679,87.06142661228075,63866178
2021-03-09,85.45121765136719,87.50058527620871,83.5848290793123,87.39079672772122,26817643
2021-03-10,83.73121643066406,85.63419748007237,83.14568122281031,85.56100697511005,23841269
2021-03-12,84.20696258544922,85.92696457012673,83.43844832774684,85.45121791460039,20691698
2021-03-15,83.69461822509766,85.52440876602274,82.56015144017066,84.90228109892372,19679802
2021-03-16,84.2435531616211,85.12185594850651,83.03589031970205,83.29206545592535,20680669
2021-03-17,80.0350341796875,84.06057322066387,79.59588558294192,84.02398076164687,31017863
2021-03-18,80.65718078613281,82.12101350881457,78.68100884414393,80.51079974749612,26710696
2021-03-19,80.87673950195312,82.8895090370696,76.4486442910659,77.76609567495493,50386785
2021-03-22,80.218017578125,81.42568047273845,79.44950888815475,80.87674330101213,15825065
2021-03-23,78.42481994628906,80.73035703429296,78.02226381292682,80.21801235691582,15815643
2021-03-24,76.70482635498047,77.58312363418918,75.27758629616892,76.85120737348927,31083656
2021-03-25,74.65544128417969,78.82736076937084,74.14310225409537,77.58310564826516,37295495
2021-03-26,74.9482192993164,76.1192840916025,73.37459836714568,75.38736789841401,26637085
2021-03-30,75.75332641601562,77.80269400196393,75.09460072166956,76.1558825581375,31843017
2021-03-31,74.7652359008789,76.26566065916815,74.58225686322824,75.24098251558605,19587582
2021-04-01,76.37547302246094,77.03419888029586,74.03334284357992,75.38738702774798,22299747
2021-04-05,75.71672058105469,76.48523474272235,72.7524636376441,74.7652329729789,24878516
2021-04-06,76.08267974853516,76.41204535864438,74.1431064644476,75.13119212662139,15156974
2021-04-07,76.59503173828125,77.10737084659986,75.71672894449259,76.04609458619238,10330347
2021-04-08,75.82652282714844,77.36354584433214,75.60695130130955,75.97290942845223,26105970
2021-04-09,75.972900390625,76.77800705774688,75.38736522322152,75.38736522322152,17645822
2021-04-12,71.76438903808594,74.8384349898573,71.32523483005198,73.81375114457427,27005598
2021-04-13,74.6920394897461,75.02139949781315,71.76437511909972,71.76437511909972,25505623
2021-04-15,76.92439270019531,78.13205556580309,75.9729049758358,76.30226503732995,28659714
2021-04-16,78.53461456298828,78.9371651434004,76.26566975815845,76.55843737014402,21627285
2021-04-19,75.4239730834961,77.54652577746236,74.58226826481399,76.08269325247711,19166492
2021-04-20,75.27758026123047,76.85120121239501,74.80183361310016,75.60694590258721,23082015
2021-04-22,75.46055603027344,76.44864174322105,74.3992798171218,74.94821694476794,14844968
2021-04-23,74.9482192993164,75.863114540802,74.36268411113466,74.65545170522553,12790334
2021-04-26,75.240966796875,77.36351872293538,75.02138976393556,77.03415875760213,11797791
2021-04-27,75.53375244140625,76.11928765701435,75.24099041767987,75.24099041767987,8886250
2021-04-28,76.04609680175781,76.41205491381238,75.60694818410784,75.93630825132591,6887787
2021-04-29,76.1558837890625,77.50992765905669,75.78992568451933,76.77801144997036,14990087
2021-04-30,79.15673828125,82.48695364645934,75.60694582203675,76.22907347627785,81358264
2021-05-03,78.82738494873047,81.02313389531436,77.58312944596426,79.15675064116506,33975507
2021-05-04,80.25460052490234,80.73034710104514,78.82736079647398,79.04693785748654,30811922
2021-05-05,81.31587982177734,83.4384376867648,80.87673126655712,82.26737301148523,47588366
2021-05-06,80.69376373291016,82.59674479936507,80.10822851981126,82.19419422642753,26083818
2021-05-07,81.57205200195312,82.2307776482618,80.25460629341279,81.13290343243969,28016564
2021-05-10,83.36524963378906,84.133758231919,82.34056591887214,83.32865159308321,33477142
2021-05-11,86.43929290771484,86.87844146418244,81.0597105268139,82.37716178029353,48355326
2021-05-12,84.2435531616211,88.67164838729848,83.21886936896016,86.87845035412248,49718697
2021-05-14,82.6699447631836,84.90229173643674,81.64526639914439,84.90229173643674,23626454
2021-05-17,83.62142181396484,84.46312652015499,82.15758948461755,83.40184473093188,19960145
2021-05-18,84.97545623779297,86.00013987223491,83.65801063700468,84.17034966218736,29395737
2021-05-19,84.09716796875,84.75589363009756,82.99929372786313,83.80440038769807,25295575
2021-05-20,81.8282241821289,83.95077645592868,81.38907004430305,83.03588130891953,21131045
2021-05-21,82.52355194091797,83.47504523905623,81.27929662865486,81.27929662865486,20562816
2021-05-24,82.74312591552734,83.40184600654688,81.13290697817101,82.88950691707007,24785960
2021-05-25,83.87759399414062,85.70738446340232,83.21886830839095,83.73121299023065,25820379
2021-05-26,82.96269989013672,84.46313032901033,82.70653033776445,84.46313032901033,12045621
2021-05-27,81.86483001708984,83.18228147773058,81.46227943706131,82.7065348067171,22821449
2021-05-28,82.23077392578125,84.57290883062258,81.86481587040699,82.85290150310213,19331994
2021-05-31,83.1822738647461,83.69461295028417,81.53546248170304,82.3405691521531,16430926
2021-06-01,86.0733413696289,86.6954690037784,83.58482524895366,83.69461379241,51620011
2021-06-02,86.1831283569336,87.39079114499269,84.90227506925093,86.36610739803112,27162991
2021-06-03,89.65972900390625,90.6112222392112,86.69546634198299,86.95164146354156,64241347
2021-06-04,91.81887817382812,92.7337733552496,90.28185538585545,91.19675056727692,72354379
2021-06-07,91.59931945800781,93.31932152218947,91.41634039619959,92.91676535258027,28709907
2021-06-08,91.3431396484375,92.14824631332309,89.76951877647916,92.03845777173024,15261479
2021-06-09,90.79419708251953,93.6852635280755,90.06228096120644,92.9533474067624,29718157
2021-06-10,90.72100830078125,91.34314152120365,89.62313403049794,90.5746272983744,12245640
2021-06-11,90.42825317382812,92.66059434274693,89.65973889254663,90.72101520090895,18360366
2021-06-14,91.3431396484375,92.07505581362024,88.74483502840788,91.05037206554897,19547491
2021-06-15,91.7457046508789,94.05124205144591,91.37974651060091,91.9286837210179,32779493
2021-06-16,92.73377990722656,93.86825224597457,92.29463130593223,92.95335699991244,31654780
2021-06-17,91.56270599365234,92.95334774603838,90.39164131209243,91.92866405564462,18124616
2021-06-18,88.01292419433594,91.16016612888707,87.02483842830443,91.16016612888707,87912730
2021-06-21,88.52526092529297,89.29377515823661,87.06142854564975,87.3907941815159,15669821
2021-06-22,89.33037567138672,90.90399105575251,88.927819522223,89.80611674066333,23629008
2021-06-23,90.2818603515625,91.05037457985738,89.1107955717472,90.3916488961871,21978870
2021-06-24,89.29378509521484,91.08697772620066,88.81803840207228,91.08697772620066,24358397
2021-06-25,88.48867797851562,91.45293551549551,88.0861217972092,89.98910297849469,34557609
2021-06-28,89.5499496459961,91.12357065770371,89.14739906984241,89.69633624247918,23728169
2021-06-29,87.39079284667969,89.62313384109164,87.17121575945615,89.14739279223613,20857415
2021-06-30,86.14653015136719,88.52525768111437,85.67078911267949,88.08610910013033,19094044
2021-07-01,86.98824310302734,87.6469688289961,85.85377629326567,86.1831363642112,16012542
2021-07-02,86.69548034667969,88.45208051957589,86.36612025729579,87.82995280402962,20014124
2021-07-05,88.52526092529297,88.89121902020378,87.02483608660509,87.2078151340605,12050022
2021-07-06,88.92781066894531,91.4895171491207,88.59845064083927,90.02568487473476,30193164
2021-07-07,87.75674438476562,88.12270244676708,86.21972164117486,87.75674438476562,18479814
2021-07-08,85.6707763671875,87.39077797753036,85.52438980591972,87.39077797753036,17151883
2021-07-09,86.29290771484375,86.84184477971671,85.34141456876667,85.7073726120153,11240925
2021-07-12,86.76866149902344,87.35419106643731,86.3661053843638,87.09802153168893,8420962
2021-07-13,88.12271118164062,88.41547877707679,86.80525979421658,87.09802738965276,8580799
2021-07-14,88.41546630859375,89.11078436363209,87.90312169281272,88.04950826192587,12709481
2021-07-15,85.56098175048828,87.39077175548556,85.04863719864348,87.24438520464021,28589465
2021-07-16,85.48780822753906,85.92695679904853,84.71929403933972,85.78057021916067,19691248
2021-07-19,83.87759399414062,85.30483391061117,83.5848264022433,84.02398058212798,14395883
2021-07-20,82.41376495361328,82.88951161168792,81.68184873629153,82.01121438453286,18634406
2021-07-22,84.53632354736328,84.75590064735111,83.40185117088883,83.73121682087059,11710140
2021-07-23,84.38994598388672,85.45122231433079,83.9873898121581,84.53632700047285,7841690
2021-07-26,83.84099578857422,84.60950438254261,83.51163017623607,84.06056727938933,8149770
2021-07-27,83.91419219970703,84.82908743611013,83.43844555996195,84.42653129846181,9704729
2021-07-28,83.69461822509766,84.31674589219666,83.03589251354911,84.0971743777322,11020097
2021-07-29,83.98737335205078,84.75588749870678,82.92609722959892,83.65801333724207,14142749
2021-07-30,84.38994598388672,85.45122231433079,83.2920716072572,83.65802973280037,12236156
2021-08-02,85.7073745727539,86.00014213086581,84.02397088574469,84.13375383396954,10895726
2021-08-03,86.29290771484375,86.51247919034698,84.28013847697625,85.01205456347353,15163353
2021-08-04,85.89037322998047,86.73207805790655,85.34143602708232,86.14654280785066,14304543
2021-08-05,85.52440643310547,85.81717402848294,83.95078549401929,85.04865978862675,11033147
2021-08-06,85.3780288696289,86.5124956693483,85.01207075667214,85.01207075667214,6606584
2021-08-09,84.17035675048828,85.63418904180112,83.6580176821596,84.9022728961447,8294214
2021-08-10,84.06058502197266,84.68271275337618,83.36526677818252,84.2435640949783,14300982
2021-08-11,85.63419342041016,85.85377050896521,84.06057250997178,84.53631914578952,11308648
2021-08-12,85.08525848388672,86.2929213340219,84.38994032560637,84.97546993676943,13519139
2021-08-13,84.97545623779297,85.59758379239382,84.4265191747787,85.48780084705223,10342014
2021-08-16,84.53632354736328,86.62228366093724,83.9507883367808,85.56100737384381,14771886
2021-08-17,83.32865905761719,84.902280019624,82.48695430267611,84.902280019624,16025745
2021-08-18,82.8529052734375,84.35333560238182,82.6333337806671,83.36524992472248,10074307
2021-08-20,80.65718078613281,81.79165337984264,79.41292520548481,80.98654649918342,23878081
2021-08-23,81.79161834716797,81.97459735913031,79.4128911916575,80.76693476336358,16886027
2021-08-24,82.8529052734375,84.31673756154825,82.04779863179199,82.81631281668095,17368602
2021-08-25,84.6461181640625,85.78058503776816,82.92611603780824,83.07249705890638,18637317
2021-08-26,84.57292175292969,85.08526087510573,83.73121698014538,84.60951421361219,8779246
2021-08-27,85.3780288696289,85.63419843188312,84.13376793512931,84.53632409301282,9706825
2021-08-30,87.93972778320312,88.12270682329132,85.45121172118822,85.45121172118822,15933414
2021-08-31,88.23250579833984,88.56186587581713,87.13463142797848,87.82994962890956,13376290
2021-09-01,87.61035919189453,89.47674757118187,87.39078770167524,89.14738754381445,10964080
2021-09-02,86.84185791015625,87.93973220590013,86.36611126518508,87.0248369594469,13031666
2021-09-03,90.098876953125,90.39164452995647,86.95164085839866,87.79333996368317,21326802
2021-09-06,89.03760528564453,91.01377675736367,88.67164719206119,90.6112262048684,12505630
2021-09-07,87.79334259033203,89.84271010538932,87.50058058881862,89.65973106240482,8530847
2021-09-08,88.42521667480469,88.8340787199601,87.34731589619507,88.46238801401884,7801721
2021-09-09,90.80403137207031,92.03061171139294,87.86767169047377,88.5367160275179,27242637
2021-09-13,91.47308349609375,91.7332658516628,90.02348636383768,90.84120476914752,9921031
2021-09-14,92.14213562011719,93.22004220932173,91.28725142341634,91.65894217730394,16593684
2021-09-15,95.48734283447266,97.15995105932248,92.3651430833731,92.3651430833731,42437332
2021-09-16,95.67320251464844,97.5688277218651,94.70680990966729,96.37941271334816,22431820
2021-09-17,94.96697998046875,96.41657153542523,92.73683563650471,95.67319008743722,25968166
2021-09-20,95.5245132446289,96.19355199081417,92.95984959345155,92.95984959345155,29857432
2021-09-21,100.50516510009766,101.09987250107697,95.97054527171831,96.34223597944285,51537119
2021-09-22,99.35292053222656,100.54233532095292,98.46086511223184,99.98479926556871,16424387
2021-09-23,102.40079498291016,102.84682839121939,99.91046258220162,100.2078219687747,18688982
2021-09-24,101.1742172241211,103.99905758542434,99.98480239812993,103.25567615495498,33667173
2021-09-27,104.07341766357422,104.63095382962908,102.21496377672467,102.62382590045205,34196564
2021-09-28,105.7088394165039,106.74958024739367,104.8167839493846,105.41149137516437,46109879
2021-09-29,107.6044692993164,110.61516656387607,103.59021384197099,104.7052860626893,68003697
2021-09-30,107.41862487792969,108.57086845146893,105.07697773098005,107.60447024969082,26714630
2021-10-01,108.71954345703125,111.24703599844987,107.12127778276673,107.9389906200015,42893182
2021-10-04,109.72309112548828,110.39212979915258,109.27705778097932,109.87176512595822,16099471
2021-10-05,121.65436553955078,122.36058696705855,110.76383221168253,111.50721363592201,131238378
2021-10-06,124.96243286132812,128.419152248579,123.2526531676906,123.40132719689791,101221817
2021-10-07,119.23835754394531,126.48632531384277,118.569318902425,126.48632531384277,59769140
2021-10-08,119.64722442626953,123.84733580389737,119.31270509182814,121.84019711105091,30561341
2021-10-11,122.65794372558594,123.54999922951542,120.94816405957874,121.72871687917997,18143592
2021-10-12,121.58003234863281,123.2898118669259,120.9853249496917,122.7322758072499,11619888
2021-10-13,118.94102478027344,121.76587638742494,118.71800809019042,121.65436237083341,16690451
2021-10-14,118.23482513427734,120.2419528357123,117.9374657402604,119.6844167329192,14821875
2021-10-18,120.50213623046875,123.0296285948755,119.8330861271136,121.72871107196896,22899876
2021-10-19,117.90028381347656,121.54284780368694,117.4542504769574,121.54284780368694,10331930
2021-10-20,115.1497802734375,118.45783674887029,114.22055347541719,118.38349406778843,17118996
2021-10-21,115.2241439819336,119.16406859316217,114.88962454221947,117.15694061177481,31555789
2021-10-22,116.74806213378906,117.71446031342309,114.85243711664175,116.71089079166832,27317028
2021-10-25,119.98175811767578,121.13400160138335,118.12330454495402,118.19764722510307,34568006
2021-10-26,121.24552154541016,121.87738898514702,119.1640511736454,121.5800409362239,33022684
2021-10-27,117.37992858886719,121.61721200672231,116.71088980873266,121.24552127484736,21652522
2021-10-28,111.65587615966797,116.59936892789841,110.54080413808055,111.50720215874281,24815027
2021-10-29,110.80101013183594,112.88248051194225,108.53369438463265,111.43287757410504,18736450
2021-11-01,113.84886932373047,114.18340006479607,110.31780728755932,111.50722219487851,11444653
2021-11-02,113.70018005371094,115.07544014699077,112.51077664894159,114.44356143535416,20609479
2021-11-03,112.99398803710938,114.62942506902618,111.35855100519257,112.39928056829376,11591857
2021-11-04,113.03117370605469,113.62588125024217,112.43646616186719,112.99400235771117,1114216
2021-11-08,115.1497802734375,115.63298501426841,112.77096193912561,113.70018873714592,16568525
2021-11-09,116.45069885253906,117.5657710203314,115.22412400520777,116.3391961730001,13601954
2021-11-10,117.23124694824219,117.9746283636947,116.30202017892654,116.48786553278967,13900618
2021-11-11,114.10904693603516,116.59937920770987,113.77452756868637,116.41353385439386,14158749
2021-11-12,114.96395111083984,115.67017265131365,113.96039283344922,114.48075764503348,10552485
2021-11-15,117.30558776855469,120.61363274628899,115.96749897331946,116.30201833635326,45750584
2021-11-16,116.82239532470703,118.71802037186986,116.56221861194427,118.49500365871519,12956283
2021-11-17,117.00821685791016,118.38347685627441,116.41352086811915,116.71086886301465,11420415
2021-11-18,114.70378112792969,116.7109091439503,114.25774763854606,116.7109091439503,18351511
2021-11-22,112.96932220458984,118.48095610041122,112.54534765205713,116.59235501625781,21558590
2021-11-23,113.08494567871094,113.85580422016415,110.5411101394418,112.39117769635021,21216047
2021-11-24,118.28823852539062,120.13830604619913,114.85792043533242,114.85792043533242,36294271
2021-11-25,119.56017303466797,120.25394106664342,117.59448126091256,118.71222387348134,11554142
2021-11-26,113.39331817626953,117.36323573085448,112.73808358382573,117.36323573085448,23135841
2021-11-29,111.08071899414062,112.58389077673944,109.3848208164725,111.77448696691924,18736522
2021-11-30,109.53902435302734,113.89437123859055,108.76816566444128,110.50259771375993,22980651
2021-12-01,109.6546401977539,110.73383757559606,107.65040305333936,109.77026428739084,14278744
2021-12-02,111.003662109375,111.50471560144797,108.22856585169211,108.30565643310547,8561767
2021-12-03,112.46826171875,113.20058677705127,110.34840063125742,111.0036351268843,10690334
2021-12-06,110.50259399414062,112.42974065073625,110.04007409160978,112.39119536513039,7749262
2021-12-07,112.46826171875,112.73806692574188,111.38906441551933,111.77449370415434,10253663
2021-12-08,114.39541625976562,115.89860000174453,113.16204950624687,113.31621888014055,12266948
2021-12-09,113.58601379394531,115.55169371677519,112.8151552320926,115.24335499698138,7989291
2021-12-10,113.74018859863281,114.08707261559839,112.19847140112473,112.7380700677788,10324085
2021-12-13,112.50682067871094,116.01422998419547,112.04431253353805,114.81939669168493,13595587
2021-12-14,113.23912048339844,113.6630950540722,110.96509002916267,111.19634995520003,12331999
2021-12-15,110.96509552001953,113.8558153326062,110.69530206159953,112.77661797418813,10361033
2021-12-16,112.04428100585938,112.73804890958714,111.42759189011994,112.00573573068193,12156709
2021-12-17,107.45767211914062,111.85157505770962,106.76390416166522,111.15779533786677,17667617
2021-12-20,103.29505920410156,106.10868857448935,101.48353666982808,105.99306448182062,17238729
2021-12-21,104.87532043457031,105.49200969969158,103.14088849274953,104.10446179376108,8615570
2021-12-22,105.45345306396484,106.339935700525,104.29716522721603,105.91596114124349,4968143
2021-12-23,108.30562591552734,108.69105518924808,105.72324507665121,106.76390882064439,6324169
2021-12-24,106.76393127441406,109.15359797900616,105.76181259950866,109.11505269105395,5657495
2021-12-27,105.87744140625,106.41704011450348,104.83677751275638,105.26075212723043,4404298
2021-12-28,107.53475189208984,108.30561032859228,106.76389345558741,107.26494673436747,8738089
2021-12-29,107.07225036621094,108.57543398336804,105.95450779533556,108.07436885685958,6571286
2021-12-30,108.30562591552734,108.84522454626278,106.76390882064439,106.95662345750476,11556524
2021-12-31,109.77025604248047,110.19423060991963,107.4962256055938,108.26708417825833,6393760
2022-01-03,110.27130889892578,110.57964758872612,108.84521599327336,109.73171031059167,3765911
2022-01-04,113.93289947509766,114.54958868615115,110.30986653341482,110.30986653341482,16351836
2022-01-05,115.89860534667969,116.47674934722042,113.6245628679903,114.47251210706463,12977680
2022-01-06,116.24547576904297,116.70798385784168,114.35687460778591,116.09130640611006,9012777
2022-01-07,121.06334686279297,121.41023088427426,116.66945514516921,116.78507923154,30889365
2022-01-10,122.06546020507812,122.8748522999206,120.5622765721,121.98836964253674,16418985
2022-01-11,124.06966400146484,124.60926255888754,121.48729527581109,122.41232305458804,14457548
2022-01-12,127.15313720703125,127.73128121836577,124.41658653424052,125.41870517302769,21220614
2022-01-13,126.38228607177734,127.57711945235512,125.68851792169772,127.15314479958614,7445346
2022-01-14,124.14679718017578,125.88122927183879,123.4915625739327,125.6114240192986,11646259
2022-01-17,127.8469009399414,129.6584115560339,125.1103506125854,125.26451997700647,32577835
2022-01-18,126.3051528930664,129.81254918507165,125.95825720496421,129.7354704028889,11175409
2022-01-19,131.23867797851562,131.8168219343681,127.11457972182029,127.42293022236295,36648534
2022-01-20,128.61773681640625,131.73970412243403,128.34793165452822,131.73970412243403,14474454
2022-01-21,126.15099334716797,128.2708542982423,125.11034139224297,127.42291697523318,8625926
2022-01-24,127.73125457763672,129.73549143719018,126.2280828141554,127.34582531713548,28783449
2022-01-25,127.30728912353516,128.50212226882837,125.64994789005542,125.64994789005542,14249846
2022-01-27,127.73125457763672,130.0823754191678,126.80622670490726,127.26874652245577,25936832
2022-01-28,130.12094116210938,134.66900244636093,128.15524927193067,129.1573678593129,32790065
2022-01-31,133.05018615722656,134.78461783896253,130.69906530284428,132.27932763201056,24031034
2022-02-01,131.77825927734375,134.82314802424307,129.88965828969992,134.1293800736367,14220953
2022-02-02,132.04808044433594,134.167941592921,131.4313912122738,131.46993649472182,12478192
2022-02-03,129.11880493164062,132.00952444503557,127.96251712628265,131.0459512739039,12529302
2022-02-04,130.73764038085938,133.12729529628697,130.3136657428797,131.04597915627895,17434362
2022-02-07,132.66477966308594,133.58980769962866,130.4292824988739,131.5855704851447,11723574
2022-02-08,128.69482421875,133.3585204960866,128.34794024623363,132.58766199610923,13231599
2022-02-09,126.38228607177734,130.73764494131947,125.7270632105623,129.42717569414793,17938632
2022-02-10,130.35220336914062,131.3543102115421,127.30730226957277,127.84691273839772,26763203
2022-02-11,129.61988830566406,131.4314109920273,128.81049606428994,129.46571891503902,12884995
2022-02-14,128.11669921875,135.94092120365588,127.34584060520473,130.19801512284843,44604164
2022-02-15,126.53643035888672,131.04595772678522,120.56227640369504,131.04595772678522,31146458
2022-02-16,129.92822265625,130.19801611562667,126.80624289511233,126.80624289511233,15960268
2022-02-17,132.3949432373047,132.89599654169854,129.88965319060168,129.9281984668705,24640791
2022-02-18,129.42715454101562,132.39496486297898,128.50212657130263,131.97099027950296,11829998
2022-02-21,127.28495788574219,130.5177226365724,127.01232280865865,130.4008688438877,14222260
2022-02-22,128.4923553466797,129.6997730283993,127.16809577709421,129.6997730283993,29399172
2022-02-23,125.22067260742188,129.62189211563714,124.36379233274383,129.5050502082979,21301826
2022-02-24,122.0268783569336,126.50600110120914,121.52054749686691,125.2206923725728,28766189
2022-02-25,124.24695587158203,124.9480311188622,122.14371824348389,124.16905333910306,20225258
2022-02-28,125.14278411865234,126.07756702727184,121.36474876030591,125.02594219820413,20210070
2022-03-02,126.93444061279297,131.14092821184653,126.11651147801098,129.0376784691903,41103406
2022-03-03,132.65994262695312,133.82840951112547,126.89549886661362,131.10198678138997,42345653
2022-03-04,128.72607421875,133.20519631713313,127.63551011451615,132.50412109101956,32658756
2022-03-07,145.62991333007812,147.85000505845662,130.1672094332672,130.1672094332672,132538155
2022-03-08,139.5149383544922,151.86173020408714,138.5022647674136,148.0057922054598,73127816
2022-03-09,136.6326904296875,143.1761105577199,135.42528444533224,142.55292599034678,51977091
2022-03-10,135.8147735595703,137.80115728516708,128.53132694485885,131.06300459680304,62112814
2022-03-11,136.86639404296875,137.41167611360655,133.7504829121726,134.37366751558338,26187452
2022-03-14,133.82838439941406,136.7105997956317,132.89361344472962,135.54213313071176,20214021
2022-03-15,127.55760192871094,132.0367238284977,125.92174395863393,131.10195293970662,42333127
2022-03-16,130.322998046875,130.75143824611297,126.07757109717251,129.31032445401948,25545119
2022-03-17,132.65994262695312,133.59471375703905,128.21977084435014,129.77772668991327,66314748
2022-03-21,134.41262817382812,136.321121497542,132.6599280402883,133.75049225776525,20614652
2022-03-22,136.671630859375,141.18970375684526,135.3863224486427,137.25586411629988,39742745
2022-03-23,136.78851318359375,138.42435951255098,136.2042798047679,137.48958848368136,10994784
2022-03-24,138.22958374023438,140.5275654658098,137.48955733860916,139.35909897284714,20332589
2022-03-25,136.9442901611328,139.6317610083091,136.39900811603658,139.0475276986509,13608989
2022-03-28,137.37274169921875,138.58014779704135,136.04846991175458,136.71060580548667,15253027
2022-03-29,133.2052001953125,136.4769044895248,132.85466257205005,136.2821600447948,14210783
2022-03-30,126.19440460205078,128.41449610418266,125.53226871228989,126.97338240823628,95239532
2022-03-31,127.67443084716797,128.72605541901157,125.53224233036143,126.07753618909842,33523683
2022-04-01,130.8292999267578,131.06299560970243,127.40180286442408,127.67443792264598,28335224
2022-04-04,130.9072265625,131.68620439162973,128.80398880110147,130.05034619595398,17745513
2022-04-05,133.86734008789062,134.5684153555,131.88094431465336,132.6209708496317,20054934
2022-04-06,134.60736083984375,135.1526429008088,132.65991641764188,132.8936121255576,12969222
2022-04-07,131.5303955078125,135.3863329246321,131.02405284754397,132.89360654612042,24550313
2022-04-08,133.12730407714844,133.43890233548416,131.41355525820563,131.64725098039287,9529874
2022-04-11,133.36099243164062,134.5684103576876,132.07568386000654,133.20519925420885,9724979
2022-04-12,131.56935119628906,134.13998042160242,131.02406909061858,133.20520939955895,13184429
2022-04-13,135.73687744140625,136.2042688614177,132.97150395989652,133.51678602573818,23458303
2022-04-18,136.9442901611328,139.43701657175637,136.39900811603658,137.10008333312356,23916912
2022-04-19,137.99591064453125,140.060208918298,137.10009094118004,138.1127644447017,17880666
2022-04-20,136.71060180664062,138.15171546907698,136.16531973224176,137.80116595543836,10076403
2022-04-21,135.65896606445312,137.64536164060394,135.4642216331885,136.86638391554533,12246720
2022-04-22,135.54212951660156,137.33378073229085,135.30843381259734,135.65897142547504,10267952
2022-04-25,132.153564453125,134.76314455007125,131.10195167075992,133.2051891217467,12583497
2022-04-26,130.05035400390625,133.75049891442137,129.07663165903384,133.28311932063806,20086229
2022-04-27,128.41445922851562,131.56930892860964,127.24599285477574,130.82928260249196,13981957
2022-04-28,128.37554931640625,129.31032033919695,126.54494665348653,129.31032033919695,13030499
2022-04-29,124.9869613647461,130.4398049059987,124.24693497568437,129.699778516937,15964743
2022-05-02,121.79318237304688,124.05221321236388,121.44263285810304,123.19533288779107,23405519
2022-05-04,126.38914489746094,126.8175850540259,123.03953806375898,123.85746711060887,23661920
2022-05-05,128.41445922851562,131.179820137363,127.2849322248967,127.90811666814224,26878516
2022-05-06,130.05035400390625,130.40089167080848,125.49334056165885,127.67446910516576,16768573
2022-05-09,128.3365936279297,130.32298941186548,126.77863801484405,128.7260825312011,9952775
2022-05-10,120.31309509277344,125.92173176883522,119.10567736376746,124.98696097053418,22602956
2022-05-11,123.5458755493164,124.63643964167824,119.76782871817518,119.96257315511531,15084514
2022-05-12,121.9100341796875,125.41543452351237,119.96258954422923,123.85747881514575,21459069
2022-05-13,119.61201477050781,124.87011365461386,119.14462344852969,124.63641799362479,12934346
2022-05-16,119.57308197021484,121.71527073515355,118.24882220186775,120.11836400585695,13205775
2022-05-17,127.09019470214844,127.51863477294015,121.16997188679437,121.52050944062204,17843200
2022-05-18,127.129150390625,128.14182371516927,124.79221743533317,126.1943795857594,12616832
2022-05-19,124.63645935058594,126.23336636326712,122.92271041176718,123.50694381497306,8932407
2022-05-20,126.11648559570312,127.59655036590908,124.71433523670107,125.92174116959102,7235654
2022-05-23,120.81947326660156,127.90816480318969,120.46892371355531,125.99967138511823,18029557
2022-05-24,117.35298919677734,122.88373578370015,116.96350033533932,122.61108882619082,19141394
2022-05-25,118.87202453613281,119.37835538358254,114.97713529033892,119.1057083818735,19366472
2022-05-26,118.32671356201172,119.41728952617618,115.36660766876085,119.02780065745823,12824105
2022-05-27,112.01699829101562,121.13103521968253,109.91376082843968,120.74154636045525,52469252
2022-05-30,112.21173858642578,114.74341607812879,109.9526961543832,113.45809575827967,40261336
2022-05-31,117.82038879394531,119.18359990395791,113.26336404311448,113.26336404311448,57675204
2022-06-01,116.65193176269531,119.1057072088763,115.8729539212082,117.78144725559991,22780094
2022-06-02,118.7551498413086,119.10568743452859,113.73074597513774,115.13290823427431,25429955
2022-06-03,118.09304809570312,120.1183833959209,117.74249855039302,119.9236389313081,16747177
2022-06-06,119.92359924316406,121.52050570175217,119.02777975691593,119.26147541436258,30327268
2022-06-07,126.07754516601562,126.93441350199528,120.11835864502439,120.58575001829065,61411715
2022-06-08,127.28495788574219,129.62189110435133,126.2722963333505,127.36286041419864,45994327
2022-06-09,128.95977783203125,130.36194025651088,128.14184876056328,129.31031546658664,31122996
2022-06-10,128.25868225097656,129.8166377566611,127.24602068128738,127.75235146613197,17812698
2022-06-13,124.28590393066406,127.71340131865576,123.4290236405375,126.19439706457437,12237777
2022-06-14,121.48157501220703,125.06487733638923,120.97524424055943,124.28589960385023,12844437
2022-06-15,117.93721771240234,122.4942419611677,117.46983822935992,122.26054627651834,16223385
2022-06-16,111.82225036621094,118.05407191906136,111.08222393406122,116.18451832145243,25130676
2022-06-17,110.18640899658203,113.06862452023664,109.56322437048583,110.96538680763777,22922034
2022-06-20,104.69459533691406,108.19999489354632,101.26709830270941,107.9663110987757,28656582
2022-06-21,108.35581970214844,109.21268817386157,105.16200588017321,106.01888623814459,20581784
2022-06-22,105.04515075683594,106.68099684425059,102.04608176719061,106.68099684425059,31824106
2022-06-23,105.00621032714844,106.25256768144583,102.98086328281043,104.38302570687074,26829020
2022-06-24,106.99259948730469,109.83586354077212,105.31779018099246,106.71995251833887,25461812
2022-06-27,110.22534942626953,111.08222968867969,106.91469405480913,109.05688282457763,24188349
2022-06-28,116.3403549194336,118.20989713778435,110.73170449186222,111.23804726209939,54387675
2022-06-29,120.07942199707031,122.61109982349014,113.88655092200266,116.3403381009027,165860322
2022-06-30,118.05408477783203,120.31311558229754,116.26243350898477,119.18360018006479,38725546
2022-07-01,102.08503723144531,117.74248298461501,101.26710821095156,116.02873429983498,125788305
2022-07-04,98.15119934082031,101.22815916512627,96.67114038435679,101.22815916512627,85993413
2022-07-05,99.24177551269531,100.17655246310092,98.15120537545334,98.93018319589345,44595740
2022-07-06,94.21736145019531,96.20375719462331,93.36048706866656,95.81426829909852,59092334
2022-07-07,96.2037582397461,96.71009499805476,94.45105819084384,94.45105819084384,36229792
2022-07-08,94.64581298828125,98.4238545403398,94.25632404594265,98.4238545403398,42778692
2022-07-11,97.76171875,98.07331107408402,94.2952697452796,94.64580739541833,31521678
2022-07-12,96.67115020751953,98.73544270315415,96.20376468512455,97.2943348661324,25216226
2022-07-13,96.94376373291016,97.29430723249165,94.56788552589812,95.38580847199957,27166975
2022-07-14,99.04702758789062,103.29246012644586,96.43745316945753,96.90483865672289,38464081
2022-07-15,98.57964324951172,100.02074505188322,97.06063296928501,99.39756637597628,18088858
2022-07-18,101.18919372558594,101.81237823358438,98.89121199570654,98.9691145165523,21010247
2022-07-19,99.6312484741211,103.75982669568066,96.94377185793176,101.65658929442655,33778758
2022-07-20,103.25350952148438,106.40837198122667,102.98086253763017,105.16200274969015,60317150
2022-07-21,103.68193817138672,103.99352450153287,102.66926476902684,103.60403564572188,20853780
2022-07-22,103.17562103271484,104.22724595787517,102.47454567344765,104.22724595787517,11630255
2022-07-25,101.11132049560547,103.17560690453557,100.02074444731994,102.82506927290225,21705935
2022-07-26,99.86495208740234,102.51348375254109,99.51441445288253,101.92925039958875,22172845
2022-07-27,100.1765365600586,101.4228937431484,99.55335202538552,100.56602540844723,20187969
2022-07-28,101.46185302734375,101.65659746693558,99.9038975106091,101.57869493659592,25736737
2022-07-29,104.49986267089844,104.77250964380536,101.18920716170756,101.61764731073669,19738642
2022-08-01,107.81050872802734,108.27790010167381,103.75982707269802,104.46091413316772,20592826
2022-08-02,106.48625183105469,106.75889878726116,104.85040575258601,106.48625183105469,15037928
2022-08-03,105.66832733154297,107.8494674149568,104.22722562172572,105.94097429931615,15853543
2022-08-04,106.13572692871094,106.83680220529642,104.3830268509891,104.65567383980463,14311959
2022-08-05,106.3304672241211,107.88842278784448,104.07143641122525,105.23990308401778,66480753
2022-08-08,106.3304672241211,107.10944500598278,105.20095181767317,106.17467404500029,12451233
2022-08-10,104.22721862792969,106.52520046547288,103.9545716784515,106.2525535159947,15829467
2022-08-11,103.4482650756836,105.94099192008072,102.86403166435962,104.77252509743276,19479706
2022-08-12,108.43370819091797,108.82319709382088,103.99353707507642,104.30512344289554,40876891
2022-08-16,109.01793670654297,110.53694098319214,106.01887941905767,108.66739908674046,31230003
2022-08-17,108.78424072265625,109.68007228905974,108.04421421911074,109.01793643068575,15694770
2022-08-18,108.1063461303711,110.29957700580681,107.42843353744773,110.25969764690454,42597708
2022-08-19,107.34867095947266,110.45906577784791,106.91002241599155,109.66152739678041,35382493
2022-08-22,105.1953125,107.26891725525029,103.52048912334755,107.26891725525029,31231393
2022-08-23,106.67076110839844,107.0296509548691,103.75975081322837,105.195310199111,24268146
2022-08-24,108.46522521972656,109.58177414096494,107.26891758862664,107.42842283887919,22730039
2022-08-25,108.90388488769531,110.17993918927904,108.58486218519555,109.26277477971973,14620592
2022-08-26,108.98361206054688,110.25967830473672,108.54497569798436,108.86398617429703,12105053
2022-08-29,108.38545989990234,108.94374649594457,106.67075726768633,107.02964710123504,9198908
2022-08-30,110.5388412475586,111.53576437508177,109.70142338654476,109.9805545605682,21720398
2022-09-01,107.42842864990234,108.66461570280093,106.98978006087754,107.66769262295871,20349294
2022-09-02,105.87323760986328,108.26585314906923,105.51434771287678,107.42843527645276,17495310
2022-09-05,106.39161682128906,106.79038601802473,105.79346302618555,105.99284762455338,14865879
2022-09-06,105.35482788085938,106.98977187107269,105.03580521804756,106.9499046865077,10870488
2022-09-07,105.6738510131836,106.03274090348498,103.7198841264568,104.47754326586454,12042788
2022-09-08,105.15544128417969,106.98976984028133,104.8762979807016,104.99592387106647,14629497
2022-09-09,106.87015533447266,107.02966059510744,105.23519903165548,105.67384762550468,12327341
2022-09-12,106.87015533447266,107.98670432838757,106.55114481320305,107.66769380711797,13500202
2022-09-13,106.7903823852539,107.78730534317998,106.47137190650544,107.02964632905011,10846178
2022-09-14,106.23212432861328,106.94991627058343,105.27508057545798,105.63397046170726,8597956
2022-09-15,105.75360107421875,107.18916051791498,105.27507314667285,106.55113950714808,10810473
2022-09-16,104.67691802978516,105.27507184709822,103.67999500093006,104.55729213411078,20909579
2022-09-19,104.11864471435547,107.14929318935074,103.44073217947879,105.35483171764614,19411428
2022-09-20,106.23212432861328,106.55114702597943,104.71680606690668,104.79655261414453,13080582
2022-09-21,104.39777374267578,106.23211453259789,103.71987339104336,105.43457611693354,11156865
2022-09-22,102.60330963134766,104.35790383562255,102.16467324974907,103.99900182235805,11366882
2022-09-23,102.5634536743164,102.96222291539934,101.6861564761454,102.28431033776978,10407849
2022-09-26,98.45611572265625,102.72295114643916,97.81808863615241,101.52664351391728,12848954
2022-09-27,99.25365447998047,102.00516569492665,98.77513264230058,99.1739018544897,14465123
2022-09-28,97.73834228515625,98.85489127939763,96.90092445473954,98.85489127939763,15267018
2022-09-29,101.00823211669922,102.24441289455655,98.49598512530129,98.49598512530129,20597761
2022-09-30,101.12787628173828,105.5940842288565,100.09107387937254,100.09107387937254,33530494
2022-10-03,105.59407806396484,107.66768274763321,104.15851869623913,105.03580362435261,50966493
2022-10-04,106.7903823852539,107.66767945601674,105.11555911761991,107.58792075159477,14137567
2022-10-06,105.79347229003906,108.90387959862359,105.59408767421202,108.86400024156394,14570735
2022-10-07,106.91004180908203,107.06954708033521,104.6370521429397,105.3149647576059,13532236
2022-10-10,106.2719955444336,106.8701493655092,105.43457776103361,106.0726109374084,10183057
2022-10-11,104.55728912353516,106.47137641603534,103.87937661564497,106.27199181600531,13176461
2022-10-12,104.7566909790039,105.27508615668353,102.96222928315134,104.5573063461314,9401804
2022-10-13,103.56036376953125,105.15544053351651,101.80577567830647,104.63703328353934,13320136
2022-10-14,101.76589965820312,105.91310303122903,101.32725718458236,105.27506987084499,13205955
2022-10-17,101.9254150390625,102.24442554719019,100.48984341354624,101.2873818533363,9320940
2022-10-18,102.64319610595703,102.96221878771685,101.76590502769173,102.44381149340876,6490293
2022-10-19,101.9254150390625,102.64319476708522,101.60639844619939,102.64319476708522,7381712
2022-10-20,103.36097717285156,104.47752601823566,100.33032894606224,101.28737255202999,18748363
2022-10-21,104.91618347167969,106.3916222735313,102.6830734216259,103.16160135001984,11945173
2022-10-24,105.91311645507812,106.87016023221854,105.59409374971672,106.07262172302288,2154912
2022-10-25,104.27816009521484,105.99286302249081,103.56038030460441,105.6339731271856,10232002
2022-10-27,105.11556243896484,105.4345729277931,103.91925485165372,104.27814469395304,13865026
2022-10-28,106.6308822631836,108.14621253363501,105.11556416220246,105.35482811748113,22918037
2022-10-31,106.91004180908203,107.82720624589196,105.91311865190946,107.18917299140708,8753855
2022-11-01,107.78730010986328,108.22594862394732,106.94989460143906,106.94989460143906,11630848
2022-11-02,108.8241195678711,111.01735031543323,107.94683457052885,108.34560379735834,21117499
2022-11-03,108.78423309326172,109.02349704759796,107.86706879935475,108.78423309326172,7561534
2022-11-04,109.94068145751953,110.37931787445879,108.5051097972088,108.78424095621823,7498344
2022-11-07,110.49895477294922,110.85784464185238,109.06338312786556,110.49895477294922,9987481
2022-11-09,110.57870483398438,110.85784816838395,109.26277121632089,110.8179688106881,12033732
2022-11-10,111.5357437133789,112.33328206765557,109.58176500982547,109.66152371304095,15908521
2022-11-11,112.01426696777344,112.69217948234987,111.01734395779063,112.13390503065357,18492513
2022-11-14,111.05723571777344,112.45292808765568,110.538840562463,112.13391755661414,12743505
2022-11-15,113.52958679199219,114.32712512654929,111.65536683799529,111.65536683799529,24636519
2022-11-16,113.96823120117188,114.28725385924008,112.61241837042465,113.88848466375737,11460200
2022-11-17,114.20751190185547,114.68603987440294,113.01120413995865,113.21058876694144,13368536
2022-11-18,113.05107879638672,114.24738650851779,111.81489172662367,114.16762779325384,19958908
2022-11-21,113.42792510986328,114.18160671460748,112.54863629330153,113.88850618310481,16348881
2022-11-22,113.21854400634766,113.80473215041401,111.29248629474974,113.0091901850423,11198874
2022-11-23,114.30719757080078,114.43280476464587,112.67424016109251,113.51165552791157,9010911
2022-11-24,116.7775650024414,117.23814598870007,113.46977701049185,114.30719233898256,11803087
2022-11-25,117.69873046875,118.32679198376154,115.35396492378477,116.40073411547066,9789098
2022-11-28,116.90318298339844,118.24303981946574,116.4426020049607,116.8194363407939,8925344
2022-11-29,117.447509765625,118.15931796629161,116.8194482160762,117.2800292413343,13558920
2022-11-30,118.15931701660156,118.74550523588005,116.9031939275999,116.9031939275999,17720938
2022-12-01,117.280029296875,118.9129867708862,117.07067544692624,118.45240574540998,27727625
2022-12-02,117.9918212890625,121.25774892006585,117.69873357442339,118.78737611809117,24518337
2022-12-05,120.37844848632812,120.54592898950304,117.74059542197897,118.49426407523777,18440387
2022-12-06,119.28981018066406,119.87599835105198,118.20116770540434,119.62478397655985,10977472
2022-12-07,117.782470703125,118.70363275277245,117.32190245624619,117.90809067968324,9731670
2022-12-08,119.45731353759766,119.75041406782326,117.53126814907355,118.28493697258766,10150945
2022-12-09,117.8243408203125,119.70852541587595,117.48937978116794,119.33169105235218,9438307
2022-12-12,119.2060775756836,119.33168476425789,116.5682116141284,117.23814643506039,8946335
2022-12-13,120.88091278076172,121.13212716734888,119.37356257151679,119.7922702530879,12593054
2022-12-14,123.60250854492188,124.43992387983884,120.67155487271249,120.88090870644173,17692988
2022-12-15,123.47689819335938,124.64928742030625,122.80696331766758,123.64437871779609,11426194
2022-12-16,123.26752471923828,126.03099765530872,123.10004422146433,124.23055994283862,20540447
2022-12-19,122.09516143798828,123.56063831071941,121.42522659772234,123.14193063279623,10635055
2022-12-20,122.13703918457031,122.43012690296418,119.83414687259342,121.84393868823173,6714207
2022-12-21,120.16909790039062,122.93257100003015,119.49916309169868,122.68134384952772,10011408
2022-12-22,119.1223373413086,121.55083682267764,118.5361491331793,121.42522962734444,9123323
2022-12-23,117.07066345214844,120.16909755834276,116.65195579515073,117.74059825893349,8007752
2022-12-26,118.3268051147461,119.62480161206696,116.8194547558556,117.65687020213414,7150680
2022-12-27,121.25774383544922,121.76018537288111,118.9967249721456,118.9967249721456,8765357
2022-12-28,120.5040512084961,121.13211265561044,119.4991554487017,120.12721689581605,9534858
2022-12-29,121.13213348388672,122.26264939425822,119.33169547042327,119.54104932212576,36752195
2022-12-30,122.89070892333984,124.56553970934787,121.04839761431997,121.80206635684564,9644998
2023-01-02,125.98914337158203,126.28224387042702,123.30941666850069,123.35128999375638,9631496
2023-01-03,125.23546600341797,126.1147546614489,123.93746967755746,125.36107319258926,14991139
2023-01-04,122.47200775146484,124.64929300044687,121.42523845444379,124.60741967297693,13535874
2023-01-05,122.68133544921875,123.10004307873827,120.7134044792999,122.13702064202049,16320559
2023-01-06,123.3931655883789,124.02122714493066,122.51387685361743,122.84883790593368,16804116
2023-01-09,124.06307220458984,125.7797761337683,123.76998451488939,125.02610747117457,18660445
2023-01-10,125.06800079345703,125.86354290407593,124.43993921487177,124.43993921487177,18490715
2023-01-11,122.93255615234375,125.61228228551293,122.47197522837511,125.19357467789456,12538238
2023-01-12,122.38825225830078,124.14682966147934,122.05329121862134,123.68624864846166,13270422
2023-01-13,123.05818939208984,123.51877041362793,122.17890067423437,122.59760837055175,8854484
2023-01-16,123.60250854492188,123.76998905631648,122.26263889787714,123.6862424116472,9696320
2023-01-17,123.81188201904297,124.77490469578507,122.80697323537785,124.1887164239444,18484595
2023-01-18,124.98426055908203,125.40296829964846,124.10497174830327,124.14684507794915,12139643
2023-01-19,127.07777404785156,127.37087451927118,123.97933993802316,123.97933993802316,18437610
2023-01-20,126.95217895507812,127.70584769917399,126.07289023500303,127.28714000179964,17512691
2023-01-23,127.58026885986328,128.20833054553123,126.74285327897266,127.74774942045185,16742252
2023-01-24,127.4127426147461,128.29203130317902,126.95217438656427,127.58023591002429,8276792
2023-01-25,127.6639404296875,128.45948228758567,126.57529815038089,126.65904477876657,9827342
2023-01-27,123.64437103271484,129.0875707952296,122.76509513958702,127.66396725908379,13052535
2023-01-30,121.34149169921875,124.64929289742794,119.95976133947111,123.51877694640132,12688399
2023-01-31,121.34149169921875,123.85373800999302,120.79717677639587,121.55084555844995,19050398
2023-02-01,120.79716491699219,122.26264178773559,119.2060808542199,122.09516127238234,11526089
2023-02-02,120.12724304199219,121.42523953746455,117.78247724016236,119.75040864729263,11886667
2023-02-03,120.8390121459961,121.71830063415493,117.32187097130226,120.16907745130644,9250428
2023-02-06,120.16909790039062,120.75528606626722,118.57801391044794,118.66174777531964,6436143
2023-02-07,121.13213348388672,121.38336066151872,119.08046829279125,120.50407192877923,8681511
2023-02-08,120.5040512084961,122.17888173413435,119.87598976138173,121.76017410272479,10325869
2023-02-09,122.43013000488281,122.59761053077187,119.9178837827117,121.13213356783872,8078404
2023-02-10,122.84884643554688,123.10007363119973,121.25776215965533,122.38826537317428,6396208
2023-02-13,124.06307220458984,124.60739981907952,122.76508870544993,123.47688404724545,6563018
2023-02-14,124.3143081665039,124.94236968918204,123.10005844491505,124.48178868362919,6991500
2023-02-15,123.5187759399414,125.10986014595572,121.84394507973882,124.77489908509335,12631259
2023-02-16,130.55303955078125,131.01362051922482,124.27242483003276,125.61229441496978,30949761
2023-02-17,131.13925170898438,132.98156296256008,129.29692767746423,130.2180896932243,19874561
2023-02-20,129.6737823486328,132.14415527157456,129.29693518887365,131.6417009105258,8348393
2023-02-21,129.0457000732422,130.55303735855617,128.50137247315158,129.71562207651812,7599927
2023-02-22,128.6269989013672,129.38066758192906,127.03590211870663,129.17131375089033,9599697
2023-02-23,129.5062713623047,130.80426763618564,128.33389505050843,128.71072938087553,18675946
2023-02-24,133.24574279785156,133.54662552847557,128.7325805417953,130.45188044886436,14648507
2023-02-27,133.46067810058594,134.14840080441934,131.5264653744905,132.38611547497734,11904749
2023-02-28,130.70980834960938,133.63261362208303,129.9791004728808,132.51506580005946,17607584
2023-03-01,133.07383728027344,133.33173493212203,130.53787212440437,130.66681439171893,7707977
2023-03-02,132.42909240722656,133.2887424545085,131.2255744707006,132.81593230505968,8219892
2023-03-03,132.60104370117188,133.8475338710288,131.91332091590635,132.38613115060272,8260104
2023-03-06,135.99664306640625,137.2861182151722,131.99927535211958,132.98786771928567,14491522
2023-03-08,136.0396270751953,136.55542237734448,134.4492691579182,134.57822454206521,7339476
2023-03-09,134.36329650878906,136.81329111813352,134.14838401057193,136.72733398917742,5314022
2023-03-10,133.93348693847656,134.70716677428155,132.55804154457948,133.76155954354428,4689681
2023-03-13,133.93348693847656,135.8247145171705,133.41769163646032,134.27734172834113,8785721
2023-03-14,131.7843475341797,134.8361076555562,131.56943503432527,133.93347253272398,7177342
2023-03-15,131.13961791992188,132.77294777013896,130.4948803815911,132.38610787058425,9832270
2023-03-16,130.8387451171875,131.87032263361712,127.22821725107396,129.9790950006262,18551936
2023-03-17,131.65541076660156,133.15979847814975,130.6238332449839,131.95629355579914,16593429
2023-03-20,130.92471313476562,132.51505795285112,130.32296068691653,131.52646558261472,8749355
2023-03-21,130.27996826171875,132.17119575641556,129.76417298261106,131.65540047730786,6148489
2023-03-22,130.27996826171875,131.35453082884408,129.67821584757232,131.01066293703266,4329409
2023-03-23,131.35452270507812,131.6553923349343,129.20539770374248,129.8931203276135,4484564
2023-03-24,128.4317169189453,131.698389851828,127.9159347404181,131.26856481111238,8301726
2023-03-27,129.1623992919922,131.05362647515372,128.30274937989907,128.56064697697033,7437261
2023-03-28,126.54048156738281,129.16241677766087,126.06767142828046,129.16241677766087,8964539
2023-03-29,128.3887481689453,129.67822332383707,125.93874012776311,126.58347770520899,24012834
2023-03-31,129.8501434326172,131.52645841644178,128.99049337760778,129.033478503802,7998472
2023-04-03,132.08523559570312,135.69577659087102,131.61243852382052,132.81594344406327,20016785
2023-04-05,131.4404754638672,135.26592833280708,131.13960584401616,134.75013310275162,15880397
2023-04-06,129.46331787109375,131.91331292890888,129.2913773472721,131.6984003913521,10670936
2023-04-10,135.09402465820312,135.39490747726327,128.94753093072694,129.54928345162608,17431401
2023-04-11,136.72735595703125,136.94226848977817,134.44927523958194,135.0510408250493,13305621
2023-04-12,135.52383422851562,136.72735224959632,134.62121210922967,136.6843671207685,7333339
2023-04-13,136.4694366455078,137.9738241360882,135.82469914954478,135.9536414018502,11610851
2023-04-17,137.6729736328125,137.93087131503853,135.8247309584311,136.77035142085288,9358885
2023-04-18,137.62998962402344,138.0168295550436,137.02822404552555,137.67296163629914,8008560
2023-04-19,137.62998962402344,137.93085929605255,135.867704252465,136.08261678272285,11374283
2023-04-20,136.81329345703125,137.6299714579922,136.25452619900148,137.20014645420986,5733670
2023-04-21,137.20013427734375,137.41504676016086,136.4264414688719,136.5983688316822,3512214
2023-04-24,137.7589111328125,138.1887361285467,136.94224626436107,137.20014388524518,7028440
2023-04-25,138.10276794433594,139.09137331961486,137.54400068842645,137.71592806584334,10169778
2023-04-26,138.53260803222656,138.91946107006422,137.32910314203238,137.5440156665113,9177783
2023-04-27,137.58697509765625,138.31766967408066,137.2001352492884,137.7159173413732,6456825
2023-04-28,136.64137268066406,137.37208046928475,133.116815349694,137.37208046928475,12656744
2023-05-02,141.19752502441406,141.6703351897966,136.98524489766623,137.11418716221638,16612560
2023-05-03,138.53260803222656,140.4238487414167,138.27472349662744,140.036995703579,8029435
2023-05-04,138.40365600585938,138.57558338987636,136.8562833152694,138.2317286218424,9929482
2023-05-05,137.80191040039062,139.2203277850186,137.28611510567904,138.44664796017048,5488707
2023-05-08,141.84225463867188,142.14313739539887,137.54400449810606,137.80190212998372,9699470
2023-05-09,142.0571746826172,143.1317372747701,141.32646687306553,141.8422621641866,7600834
2023-05-10,143.51858520507812,144.12033766686903,141.84227009108204,142.05718262152308,10901429
2023-05-11,143.6045379638672,144.9799701207417,142.78787307115758,142.78787307115758,7877677
2023-05-12,142.27207946777344,145.28085456225807,141.84225445427563,144.55014679242444,16373574
2023-05-15,142.3580322265625,143.21768214793735,141.32644182713923,142.2720619875383,8559162
2023-05-16,144.4212188720703,144.8510439282372,143.34665623165313,144.67911652921438,12249266
2023-05-17,143.77647399902344,144.42121155058857,142.78788166684453,144.42121155058857,7360259
2023-05-18,143.00279235839844,144.80804960940267,142.70190959128828,143.99138467795655,7433090
2023-05-19,141.75628662109375,143.34664444503255,140.9826068304968,142.87383429868166,5969632
2023-05-22,142.3580322265625,143.04574166988894,141.06855734450022,141.06855734450022,7331865
2023-05-23,141.84225463867188,143.60453981974754,141.36944449976596,142.35804990242715,10119254
2023-05-24,142.91680908203125,143.08873645447588,141.5413638680389,141.84224660773026,6107980
2023-05-25,142.70188903808594,143.90539369874926,142.05715158761268,142.91680152157704,8077606
2023-05-26,140.76766967773438,143.90538653358817,139.52117995899312,142.74486705084965,14873707
2023-05-29,136.68435668945312,137.75891924204316,134.53523158427305,137.54400673152514,43253971
2023-05-30,136.55543518066406,139.00543030253348,135.17998965745196,137.2861299571287,16117505
2023-05-31,133.15977478027344,137.02819963580748,128.99048030630615,136.6843448955359,83741017
2023-06-01,132.08523559570312,134.10541862313184,131.69839566542652,132.9878708444951,13982606
2023-06-02,132.98785400390625,133.2457516305057,131.8703063667874,133.2457516305057,9851058
2023-06-05,133.58963012695312,134.10542547180984,132.77296509528043,133.67560039016942,11850547
2023-06-06,132.08523559570312,134.019448364306,131.69839566542652,133.6755935634423,8118800
2023-06-07,132.25717163085938,132.81593894262994,131.13962389009887,132.04225910829848,12180164
2023-06-08,134.19139099121094,134.66418807052509,132.55804786838556,132.81594553169694,13850599
2023-06-09,132.60104370117188,134.87911149031655,132.2142037335916,134.70718407330543,11764248
2023-06-12,133.2887420654297,133.46066945094046,131.18260207918064,133.11681467991892,11017643
2023-06-13,133.8045196533203,134.27732978524526,132.60101487861886,133.41767976982473,10073644
2023-06-14,135.69577026367188,136.168567313509,133.976470105081,134.19138262490486,9695952
2023-06-15,135.52383422851562,135.73874675543507,134.27734419582677,135.39489195925182,7426254
2023-06-16,134.96507263183594,136.38349012279835,134.40630528502535,136.03963531202572,11466647
2023-06-19,135.6527862548828,136.21155356414485,134.53523851913937,135.73874339318962,4718221
2023-06-20,135.1799774169922,135.65278759261,134.57822497403293,135.43787506889458,6059738
2023-06-21,137.7159423828125,138.01682516248547,134.6212099159249,134.96506470650596,8284206
2023-06-22,136.64137268066406,138.36067277885982,135.3948827329159,137.7159352420364,10629027
2023-06-23,134.87908935546875,136.68435973087736,133.589614263668,136.68435973087736,8722650
2023-06-26,134.87908935546875,136.039622184977,133.97646728498339,134.96505960847637,4273205
2023-06-27,135.69577026367188,136.55542034296732,135.26594522402416,136.55542034296732,9730174
2023-06-28,136.29751586914062,137.6729480567919,134.5782157966626,135.69576346721703,40243993
2023-06-30,137.80191040039062,138.4036628327413,136.64137754589922,138.4036628327413,7840112
2023-07-03,140.03700256347656,140.337885359374,137.54402240428692,137.801920069739,9548822
2023-07-04,138.57559204101562,140.03699457222174,137.54401455529478,139.69313978272126,5394282
2023-07-05,139.95103454589844,141.32646679274094,138.70454456315332,139.2633118638676,8795342
2023-07-06,142.18612670898438,142.52999463241403,139.73613170099574,139.95104423418175,9845699
2023-07-07,140.5527801513672,142.70190523013426,139.9510277527561,142.27208021438085,7597171
2023-07-10,139.90805053710938,142.18611800250028,139.6931380170831,140.89664288234258,5437687
2023-07-11,141.49839782714844,141.9282228349864,140.03698230672472,140.3378650590986,6343183
2023-07-12,144.12033081054688,145.28086366660568,142.0571758633526,142.658928296516,15614026
2023-07-13,144.24929809570312,145.53877332340508,143.73350275773421,144.97999285440204,11350009
2023-07-14,145.49575805664062,145.92558304351402,144.593122960763,145.28084556320394,9448062
2023-07-17,143.04576110839844,144.7650611847841,142.83084859885022,144.24927903219955,4968847
2023-07-18,143.4755859375,144.55014848381808,142.74489127633487,143.04576091897277,4322257
2023-07-19,143.3466339111328,144.37821126186233,142.78786667200947,143.73347377800417,5968174
2023-07-20,143.73350524902344,144.507198269387,142.7019276724259,143.56157783912727,5217131
2023-07-21,146.61334228515625,147.00018224657148,143.13175639797748,143.8624643051558,7842863
2023-07-24,147.00015258789062,148.07471510680796,146.35541507654023,147.55891985084034,8451631
2023-07-25,148.71946716308594,149.02034994469676,147.25806461787525,147.85981706387736,10480578
2023-07-26,148.67645263671875,149.8369852880647,147.85978782739454,149.45014544335504,9103949
2023-07-27,147.00015258789062,149.27821988110807,146.7422549599068,149.10629250152493,7731146
2023-07-28,147.68789672851562,150.39578942360063,145.19490345128767,146.74227632728775,9004252
2023-07-31,152.2010498046875,152.5878897185583,147.3440189658497,148.54753695227132,9277749
2023-08-01,151.90017700195312,152.15807466720597,149.83702191437058,150.69667205373332,5584773
2023-08-02,151.2554168701172,153.5764692772653,149.5791019714668,152.15805200545762,8975495
2023-08-03,147.94578552246094,151.12648822742858,147.4299902223173,150.65367805516678,6152393
2023-08-04,149.0203399658203,149.96594714129716,147.9457774137657,149.0203399658203,4605271
2023-08-07,148.67645263671875,150.00891265046715,147.94575806720422,149.8369852880647,2240015
2023-08-08,149.0203399658203,149.40717986111625,148.37560243458753,148.63348695330572,3631238
2023-08-09,152.0720977783203,152.37298056087135,148.9773652818304,149.02035041036908,4852294
2023-08-10,153.57647705078125,154.5220973579959,152.07208945480633,153.10368001439278,10430692
2023-08-11,152.32998657226562,154.47911170200192,151.90016154631837,153.79138903704253,4112277
2023-08-14,153.0177001953125,155.12384007455717,152.4589329414865,154.73700019750703,12876956
2023-08-16,153.9203338623047,154.26418861260012,151.12647138519608,151.55629638167431,8371665
2023-08-17,152.80279541015625,153.96332821712087,152.24402812811772,153.61946032898902,5199363
2023-08-18,151.1217498779297,153.1476182320069,150.1303557370565,153.1476182320069,6734650
2023-08-21,151.768310546875,151.98382930279098,150.25967925546317,151.12175427912706,3599820
2023-08-22,151.85450744628906,153.36313871077365,151.38037671511333,151.7683078379938,5348036
2023-08-23,151.29415893554688,152.75968377017534,150.863121445702,152.58727140508145,6379611
2023-08-24,149.22518920898438,152.32865134655168,148.9665640756319,151.29416396736258,7976333
2023-08-25,150.60447692871094,151.0786207373323,149.00964631417182,149.22516503134347,4757915
2023-08-28,151.03553771972656,151.5527879826154,150.47519423011417,150.94933811205883,4354221
2023-08-29,151.46656799316406,151.8114058700421,150.82001177251522,151.38036838960954,4596468
2023-08-30,151.50967407226562,152.50105501361097,150.86311785289607,151.46656769346367,5937955
2023-08-31,150.13035583496094,151.72519984502011,149.1820812284619,151.55278747604032,15823452
2023-09-01,156.68214416503906,159.26836937821716,150.34588713106407,150.34588713106407,22460960
2023-09-04,157.7166290283203,159.00974161366466,156.72524797457822,158.49250447205978,10998180
2023-09-05,157.845947265625,160.34595965446303,157.2424842059139,158.19077202469873,13506519
2023-09-06,157.80282592773438,160.99250068666635,157.1993760794316,159.3976567300903,11954407
2023-09-07,156.68214416503906,159.65630052934952,156.03558786174455,159.48388814598198,11137801
2023-09-08,159.00973510742188,159.44077261823313,156.89765393529098,157.32869144610223,9737214
2023-09-11,158.1045379638672,160.3028316809988,157.15626342701992,159.87179421309926,10845871
2023-09-12,155.9493865966797,159.39768713528375,155.3459366332685,159.35459390192932,15524470
2023-09-13,158.5355987548828,159.2252614358264,155.94937356701053,156.8114486296346,10578786
2023-09-14,161.98388671875,162.84596171598488,158.79421185982497,159.26835573914826,17746404
2023-09-15,160.90628051757812,165.25976154748602,160.00111236392064,165.25976154748602,19924829
2023-09-18,160.9925079345703,161.63906419133565,159.57008943137484,160.17353930684502,5022956
2023-09-20,162.24249267578125,163.36319267059218,160.5183428850626,160.73386160890243,12687099
2023-09-21,160.9493865966797,162.45801772227242,160.3890431545759,162.414911344983,7814108
2023-09-22,159.57008361816406,161.8114706674301,159.4838708587145,160.86319608458606,7814821
2023-09-25,159.91493225097656,160.94941974790126,159.699413474358,160.3459698042137,5540062
2023-09-26,161.85459899902344,162.19942377514877,159.69941126268492,160.34596758358646,12446655
2023-09-27,161.42355346679688,163.19080995401995,160.60458479834364,163.19080995401995,5630907
2023-09-28,161.59596252441406,163.36321897530777,160.7769938727963,162.84596869311704,14890642
2023-09-29,165.3891143798828,165.73393916066084,162.19942596368608,162.50115751253352,10085766
2023-10-03,159.13905334472656,163.19080329237795,158.32007155548376,163.19080329237795,22118500
2023-10-04,157.54421997070312,159.13906412128813,156.9838764335904,159.00974496749322,9360058
2023-10-05,157.07005310058594,158.62179063986335,156.03556579247427,156.2510845297567,11128340
2023-10-06,156.42352294921875,158.19077952020714,155.69076701291175,158.19077952020714,5759904
2023-10-09,156.6390380859375,159.22526330415624,156.25110693404903,157.67352554238064,14622727
2023-10-10,158.1907501220703,159.05282505461565,156.94074410072346,157.1562628338598,11819690
2023-10-11,157.97528076171875,159.2252871737362,157.5442431607318,158.96666198229929,8499601
2023-10-12,159.00973510742188,159.3545730086034,157.75972895691348,157.9321413303938,8677885
2023-10-13,159.39767456054688,160.56148116220317,158.66491864643353,159.05284979557842,7435899
2023-10-16,160.82009887695312,162.2425174094544,160.56147373807445,162.02699865275898,12376549
2023-10-17,160.56149291992188,161.2511556545835,159.95804295992642,161.20804926725043,4381065
2023-10-18,161.16493225097656,162.1132200928739,160.38906994704,162.0701137083837,10181113
2023-10-19,160.6045684814453,160.90628682642114,159.52697477606017,160.34594336130888,9148124
2023-10-20,160.5183563232422,161.46664404921322,159.61317497649168,161.20801892811022,7912216
2023-10-23,159.3545684814453,160.30284308575764,158.79421184077754,160.30284308575764,4723090
2023-10-25,158.9235382080078,160.21665076249374,157.75973164728202,159.3545757261698,6812004
2023-10-26,155.9493865966797,158.7511307842955,155.08731146202868,158.1907872084614,8474867
2023-10-27,159.2683563232422,160.17353770450256,155.43212520232214,156.03557507175555,6422123
2023-10-30,162.759765625,163.10459036965523,159.13905318923688,159.4838779338921,7352638
2023-10-31,160.47525024414062,163.62183177404188,158.79420668515726,163.10458153086847,9404675
2023-11-01,160.9493865966797,162.7597492090788,159.52696822566574,160.4752427549352,9167869
2023-11-02,160.5183563232422,161.76836239531667,160.1304252186977,161.20801892811022,11471209
2023-11-03,163.79425048828125,164.35459397826344,160.1735381083318,160.90629396798383,7464912
2023-11-06,166.63909912109375,167.4149613547042,163.4063178906828,163.96666137559916,8962124
2023-11-07,166.55288696289062,170.69084958364118,165.82013110721036,166.72529933162593,13921916
2023-11-08,168.4063720703125,169.44085953504197,165.77704044655133,166.9839402963654,10186886
2023-11-09,166.12184143066406,169.57014125550074,165.69080395255946,169.39772889510292,5303833
2023-11-10,168.8804931640625,169.39774344390023,166.12185569811038,166.12185569811038,6025889
2023-11-13,168.79428100585938,170.08739345510617,167.32875619422367,168.8804806099438,11181086
2023-11-15,171.9839630126953,175.00122552168997,170.38911899625276,171.12188801012542,19769385
2023-11-16,173.9667205810547,175.34603255334144,173.27705801780166,174.57017039106884,18629240
2023-11-17,169.2684326171875,173.49259488308743,168.57876998183917,173.14777014252363,13199928
2023-11-20,170.56155395507812,171.12189747605677,169.82878490067097,170.69085995092817,6423265
2023-11-21,169.76242065429688,172.20408730832767,169.5848476072311,171.36060517379897,10720353
2023-11-22,169.58486938476562,170.33957186665543,168.4750207631376,169.76244245463477,7538825
2023-11-23,169.27410888671875,170.25078110756164,168.3418468689543,169.58487192461158,6541617
2023-11-24,167.67593383789062,170.33957050856114,167.05440777636883,169.45169161833763,5751331
2023-11-28,172.2041015625,172.648040990889,167.27637119779092,167.67592752170597,9277764
2023-11-29,170.47276306152344,173.58033947149914,170.20639665964822,173.58033947149914,8791333
2023-11-30,173.09197998046875,173.7134924690465,170.5171367215226,171.04985590546517,14965403
2023-12-01,172.73684692382812,176.02199622447918,172.47048053773054,173.3583594594177,9935740
2023-12-04,179.3959503173828,182.81427625586855,174.0686764463274,174.46821927706495,28615290
2023-12-05,179.3959503173828,181.08291495736714,176.8210931509312,179.529126744976,14557746
2023-12-06,179.30714416503906,180.90532892154474,176.77669738619906,180.90532892154474,12662213
2023-12-07,176.59912109375,178.37487902751502,174.06867416690955,178.37487902751502,16425880
2023-12-08,173.9798583984375,177.8421368251215,172.33729065045765,177.44259405117808,10414387
2023-12-11,175.62245178222656,178.3304851777206,172.47047893002718,174.95654259716855,10108266
2023-12-12,173.49151611328125,175.6224334113377,172.73682724460022,174.86773099470102,10719911
2023-12-13,171.49380493164062,173.49153246614412,170.51714626576862,173.49153246614412,10892122
2023-12-14,173.9798583984375,174.29062141592468,171.58258820682087,173.9354617462313,15257294
2023-12-15,178.508056640625,179.30714223630386,174.7789679475288,175.13411409050676,22863981
2023-12-18,176.6879119873047,179.04078579810331,175.22291713121615,178.50806655405188,8061011
2023-12-19,177.84213256835938,180.727738769263,176.95425373731211,179.35152387154858,16739742
2023-12-20,180.41697692871094,188.2303134021656,178.41924954590493,179.12955532493825,57762576
2023-12-21,179.9286651611328,183.5689743028883,178.64124338347315,181.08291051446682,22823936
2023-12-22,181.08290100097656,181.5712371111113,179.17396676348997,181.1272976560719,9910694
2023-12-26,184.10169982910156,185.12275516984832,180.8165369805275,181.5712394831366,17052969
2023-12-27,182.50350952148438,186.3657745847888,181.5712339724258,186.01062844607924,20361303
2023-12-28,184.9451904296875,185.47790967792702,182.32595020229257,183.34700558905334,22010872
2023-12-29,182.0595703125,184.67881034579372,181.34926448619407,184.67881034579372,12171663
2024-01-01,182.32595825195312,183.8797465035107,181.79322543223574,182.90307418334828,4820168
2024-01-02,183.83534240722656,187.12049186803463,180.81654579754405,182.32595087636423,21141219
2024-01-03,184.90077209472656,186.8541028718503,181.57122637873508,182.45910523633282,11650902
2024-01-04,190.5832061767578,191.24911537171218,185.833062048191,186.89851405052653,31054419
2024-01-05,192.181396484375,193.11367209372935,189.1626134662308,191.2935175322199,20743811
2024-01-08,193.51319885253906,196.04365907535586,192.75850993461506,193.5575955060538,19310595
2024-01-09,192.35894775390625,196.6207689506003,191.73743526746165,196.22122617702564,11951525
2024-01-10,188.3191375732422,190.89398120284145,186.1882198868542,190.89398120284145,16500666
2024-01-11,188.09715270996094,190.00608694938174,187.2092737989825,190.00608694938174,12586419
2024-01-12,198.35215759277344,199.55079962818823,188.54110575754035,189.828527561679,39228118
2024-01-15,207.31973266601562,209.05109389089407,199.46199862116137,202.88033796224656,57884916
2024-01-16,208.74032592773438,212.1586514185179,205.18881047884364,208.6071359696272,34505065
2024-01-17,206.0323028564453,210.649270458268,204.83366091410696,206.1654792731687,26010955
2024-01-18,207.36410522460938,208.2075874107119,199.46197544144206,204.2565292931062,19232183
2024-01-19,214.9110870361328,215.35502647907134,208.65153818110824,209.5394170669853,26391844
2024-01-23,204.12335205078125,218.10744461342557,202.43638757351795,217.53032875224517,20282617
2024-01-24,208.07443237304688,208.65154825755508,202.52518906832466,205.10003254253286,14458601
2024-01-25,207.8080596923828,210.87123919424468,206.6982110650447,208.6515419395684,18291957
2024-01-29,224.18943786621094,226.364738613143,212.29186519665257,213.97882980497755,54127939
2024-01-30,221.25941467285156,233.77849877960105,220.77107857818663,227.7409332206926,51491099
2024-01-31,223.96746826171875,225.83201950191122,218.68459114511714,222.36928341983344,33293192
2024-02-01,219.88320922851562,226.09836167161635,217.92987831313255,226.09836167161635,29758133
2024-02-02,228.40684509277344,230.84851204711794,221.0818442297399,221.9697231222288,30482663
2024-02-05,233.46778869628906,237.99594981885414,226.49793328210797,230.89291797681807,34001868
2024-02-06,241.7694091796875,242.74608137088578,231.02609636424606,235.5986671958639,36708949
2024-02-07,241.41427612304688,244.74382211710116,237.55199735076096,244.166706230648,23756939
2024-02-08,242.5241241455078,244.7438214689994,238.9282253198173,242.43533083338525,25252940
2024-02-09,237.552001953125,244.74382685880056,230.0938242011306,244.1667109611663,26743792
2024-02-12,228.9839630126953,236.70852028517226,228.00729080299274,232.5798888171575,30906374
2024-02-13,230.40457153320312,232.97941489030674,226.14275015941382,229.07275320064124,20711842
2024-02-14,238.7062530517578,239.41654534936404,227.29700351102542,229.07276135095532,36168962
2024-02-15,246.2088165283203,248.4729240580835,238.8394322453609,241.1923059914204,32831246
2024-02-16,247.47007751464844,250.44295046198525,243.5512704531661,247.87545428429056,27044984
2024-02-19,247.42498779296875,251.38882708049883,245.3980217092047,247.47004797921127,15322964
2024-02-20,249.1816864013672,253.28065099406237,246.88444182813808,247.56009714511984,18968785
2024-02-21,245.8935089111328,253.2356247095773,244.67732381130173,248.64116293937428,16340579
2024-02-22,247.47007751464844,248.64120261693498,241.88464819799654,246.70432918200402,16791453
2024-02-23,245.21788024902344,248.64118998368733,244.2269134860979,247.6502232207618,9464646
2024-02-26,243.10081481933594,244.94759522166518,241.2540069245185,244.94759522166518,8661999
2024-02-27,242.65037536621094,243.4161236320653,238.68653595133208,241.47922287358423,19582774
2024-02-28,239.4072265625,243.50619159884195,238.3712271294948,243.23594043979304,9118196
2024-02-29,238.3712158203125,239.94774498910758,235.578501508521,238.73155984611114,17179832
2024-03-01,243.7313995361328,245.89351868510118,240.08287158410093,240.08287158410093,12930057
2024-03-04,251.52398681640625,252.74014450492393,245.48812109881638,245.71333955854007,22280353
2024-03-05,255.62294006347656,256.7039996175678,249.22673060215746,252.24466332254954,18544484
2024-03-06,252.46990966796875,256.11843795431025,246.43404356026682,256.11843795431025,16807149
2024-03-07,250.53305053710938,256.1635127143525,249.76730218250609,252.46992402758278,11386963
2024-03-11,246.83946228027344,252.69514295480548,246.11877411732752,250.5330509734765,10684598
2024-03-12,243.59625244140625,248.28080686032132,242.3800674006798,246.83940338584864,13780189
2024-03-13,230.03814697265625,244.13681746425286,227.695869424686,243.95663169422107,20079496
2024-03-14,237.15504455566406,238.146011303967,226.29951175173048,227.47065052347645,21404057
2024-03-15,233.10108947753906,239.99276836359522,224.22747728781962,237.78564410847812,34961065
2024-03-18,235.66859436035156,236.97484489027872,232.02003893179173,233.28128426066885,9246173
2024-03-19,233.55154418945312,237.78566225564958,231.20926669522717,236.02894726185812,8758348
2024-03-20,237.69558715820312,238.371242592142,231.70478114244287,233.73174744425958,10484778
2024-03-21,236.88479614257812,240.48829163823257,236.3442663197322,238.46132542192694,12163200
2024-03-22,237.15504455566406,238.95679228258268,232.83086100805477,236.88479339362166,13025089
2024-03-26,239.1820068359375,241.3440985743749,233.59657797686012,235.7136370198566,10830926
2024-03-27,235.8037109375,241.61435779140695,233.91187050884525,238.73155071036294,28563001
2024-03-28,241.47921752929688,244.13680630712582,235.98390919681634,236.43434610882213,18888942
2024-04-01,243.14584350585938,244.58724714591665,241.2540029465647,241.4792214061834,6440401
2024-04-02,245.48812866210938,246.88447215842135,242.74047436582248,243.32603688064722,14439120
2024-04-03,248.0555877685547,251.34377139402986,246.70427716966205,247.78530915328545,22600929
2024-04-04,242.33506774902344,251.02849497832528,239.0468836665399,251.02849497832528,24624383
2024-04-05,241.38916015625,244.94759538376155,240.08288207106318,241.29906727235982,13029904
2024-04-08,243.59625244140625,245.03765591587893,240.17294324545767,241.02875679820252,13011300
2024-04-09,242.2900390625,245.62325589603577,241.43419788642944,243.23594563185057,13173933
2024-04-10,245.03768920898438,246.11874883484285,242.47019321693668,243.19090879833846,11137195
2024-04-12,239.36219787597656,245.48812918525533,238.73157517098227,244.94759936561576,21894584
2024-04-15,252.1095428466797,254.90225717411892,240.62340169538678,242.42514932696213,75063828
2024-04-16,255.0824432373047,263.55065252996525,247.9655448155737,249.5420741649915,79082544
2024-04-18,246.9745635986328,259.1814209158152,246.25387550652476,257.649924354475,34136482
2024-04-19,247.9654998779297,252.96533819727537,246.92950056313109,249.31681050396745,32658724
2024-04-22,249.3618621826172,250.44292176276065,246.61420803077598,249.81229909226244,14184019
2024-04-23,249.3618621826172,251.11857712722852,248.23576990850404,249.40692236907398,8799147
2024-04-24,251.65908813476562,252.60499457742824,248.91140669551004,250.08255906867123,9253985
2024-04-25,254.00137329101562,254.5869357495715,250.44291086269874,251.65909596430615,17050557
2024-04-26,254.85719299316406,257.7850328485826,254.22659782748897,254.94728587182811,11070290
2024-04-29,255.12747192382812,256.97425222238434,254.181537935493,255.80312727585894,8952420
2024-04-30,254.8121337890625,257.9651917668492,253.55091609644455,256.29856990866523,10658906
2024-05-02,254.76710510253906,256.38869447278086,251.38882828014425,253.14554322478443,15677336
2024-05-03,257.7400207519531,263.9110122850058,255.84818011877428,255.84818011877428,28913016
2024-05-06,254.18153381347656,260.1273063134235,247.9655101740946,260.08227362101303,15491865
2024-05-07,246.4790496826172,256.7490043584588,245.0376462649151,255.75803779050844,13179001
2024-05-08,249.4069061279297,252.46987141556255,245.35297420511066,246.38897353133402,12797721
2024-05-09,238.95680236816406,250.93841426088198,237.11002186712136,249.76728918595094,14869187
2024-05-10,243.46115112304688,244.31699225349934,238.2360939368275,240.53331119279747,9530738
2024-05-13,240.44322204589844,244.9475912393116,236.0739784297901,244.9475912393116,7163239
2024-05-14,245.8484344482422,247.4249634695203,240.03781540816493,241.38912599783188,9123849
2024-05-15,246.3439483642578,248.64116552702387,245.488107268529,247.2898548448118,6368662
2024-05-16,250.12762451171875,251.6591210877431,246.6592546136556,248.64118812468845,23757779
2024-05-17,249.94744873046875,255.30763138622618,249.18170049607863,251.16360637583847,11529157
2024-05-21,252.3347625732422,255.84816497403608,250.75823338766273,253.2356363935733,17559555
2024-05-22,250.4429168701172,255.8481596802636,249.45195018975969,255.8481596802636,17935064
2024-05-23,255.35267639160156,256.34361552632777,251.43387006591618,252.19961825478333,17719819
2024-05-24,255.1725616455078,257.60493245342417,253.91134353834454,255.84821714854093,11041667
2024-05-27,250.12762451171875,256.0283648558232,248.37093696067885,255.84817908482435,13719808
2024-05-28,247.10968017578125,251.61404931855878,245.98358789008685,251.61404931855878,6927361
2024-05-29,244.902587890625,246.65927559106433,243.4611840775143,246.65927559106433,8327205
2024-05-30,240.26304626464844,247.83038045962073,238.73154985349962,245.9385400377562,15390964
2024-05-31,238.14598083496094,241.83956870107474,236.929795776395,241.83956870107474,24167379
2024-06-03,255.9382781982422,258.14540273799804,246.11875827460977,250.39790926131792,30195397
2024-06-04,212.87648010253906,256.74903108627916,200.89485590259739,256.74903108627916,72779900
2024-06-05,222.96629333496094,224.99325963800604,207.6063903781924,222.5158563787287,37078551
2024-06-06,227.29046630859375,233.77675502833944,224.54279842317382,228.82194904507983,30881233
2024-06-07,234.58753967285156,234.9478837061073,226.8400329879035,228.37151574860596,22010688
2024-06-10,233.46144104003906,237.8306844922771,232.47047435615724,237.8306844922771,14138524
2024-06-11,246.43402099609375,247.74029902430763,238.95677933162764,240.3981829335392,47270206
2024-06-12,248.19076538085938,251.43391699685688,247.37998434998258,250.44295018467844,20560662
2024-06-13,249.1366424560547,250.44292048435275,245.48811450354722,250.44292048435275,16013386
2024-06-14,248.1006622314453,250.62312560291497,247.3799741210192,249.54206594478666,10642648
2024-06-18,248.46096801757812,251.3437750002379,246.83940627263507,251.29874230995586,17044769
2024-06-19,244.63226318359375,249.18169225360919,244.22688647937522,248.55106961262143,13361607
2024-06-20,244.902587890625,246.83946137738732,242.4251845373848,244.85752769779873,12826509
2024-06-21,242.92063903808594,247.5151013774389,242.24498362031312,244.5422285362343,17406416
2024-06-24,243.14584350585938,244.36202868629795,240.17297083588753,242.92062504624067,7282347
2024-06-25,240.5333251953125,243.95663493143374,238.73157744104049,243.3260397129319,14425434
2024-06-26,241.2089385986328,242.47015630849486,237.92075501819403,240.4431904379181,10650910
2024-06-27,240.98373413085938,241.5242638928276,237.38023904105214,240.89364125511705,22830930
2024-06-28,247.01962280273438,248.1457151249706,241.74950523617116,242.33506774523633,19532912
2024-07-01,245.8935089111328,248.46097718662674,244.67732381130173,247.74028916060843,11750972
2024-07-02,247.6051788330078,252.0644878168888,244.5872459898837,246.11874250504746,24470518
2024-07-03,247.47007751464844,250.17269928222382,246.83945477188473,248.64120261693498,9125400
2024-07-04,249.5871124267578,251.25373470321642,245.98361669062712,247.7403318589871,13444669
2024-07-05,259.6318359375,260.62277510740614,249.09160165180356,249.76725699082291,39781962
2024-07-08,269.4964294433594,272.9647995566866,258.86612811438556,261.25343851960105,53136198
2024-07-09,267.96490478515625,271.92874374007306,264.27131695506927,270.98280981819937,18686252
2024-07-10,268.5955505371094,270.0819869888336,260.2174341783074,269.99192159190295,19278800
2024-07-11,274.5412902832031,276.74844208805285,265.89289631311027,270.26213973736157,36020507
2024-07-12,276.6583557128906,280.8474134787922,274.04582713251557,276.3880770713081,31788101
2024-07-15,290.5317687988281,291.56776805728845,278.05466253176155,280.8924091936255,51435537
2024-07-16,290.66693115234375,295.12626753728733,288.0544025851742,291.5227722742984,37468292
2024-07-18,298.81988525390625,300.2612615077621,289.7660860141195,292.87411198303687,48189915
2024-07-19,287.9643249511719,300.1711822963225,286.5229212711648,299.9909965266384,26579496
2024-07-22,289.00030517578125,291.2975498702776,283.32481121053,288.279617129951,22234557
2024-07-23,283.009521484375,289.540857058546,267.91988412335917,288.324671832444,37871058
2024-07-24,287.87420654296875,293.45963499810046,281.1627133508599,282.01852694976026,28259305
2024-07-25,302.513427734375,304.089956971361,284.7662293906541,286.52291690208847,42054664
2024-07-26,298.72979736328125,304.94582191263305,297.3784864833139,303.1440740726766,25703985
2024-07-29,299.9009094238281,305.89171523273035,297.9640360785801,300.71169041806115,26721790
2024-07-30,299.0000305175781,304.72058506308423,298.1892495369723,299.0901234026429,19792253
2024-07-31,301.072021484375,303.9998612033576,297.0631222567739,299.1351209070598,21393361
2024-08-01,307.8736267089844,310.53121546396454,303.7296016556623,304.3151641377379,36044960
2024-08-02,297.37847900390625,304.49537729423815,296.0722008557961,304.49537729423815,22939377
2024-08-05,279.4961242675781,291.2525175306691,275.6674102365154,288.5949560516603,37986023
2024-08-06,275.75750732421875,290.4868011430386,274.90166611900844,283.5950937881623,28386636
2024-08-07,296.47760009765625,298.14422227803936,281.0726512152459,281.43299526958816,66110716
2024-08-08,290.7120361328125,296.38753104953037,289.8111621782547,296.38753104953037,23478224
2024-08-09,299.5855712890625,302.55847132550764,295.6667922517953,300.84681660345615,29814474
2024-08-12,307.4682312011719,310.53122425720073,297.19827490342243,299.76577085098177,34754596
2024-08-13,302.603515625,310.8014730205616,299.94595430770806,309.99069206770116,28943385
2024-08-14,295.6217041015625,303.1440051208897,294.40551908772187,302.5584427045913,17812763
2024-08-16,296.9280090332031,302.4683773870676,296.07216792893314,299.5855702392506,16584396
2024-08-19,302.06298828125,305.1710140337177,300.48645905745957,301.79273712559535,19636518
2024-08-20,297.37847900390625,302.6936294995977,295.531671018906,302.5585039134976,14972714
2024-08-21,295.21636962890625,298.6396792385674,294.1353100192828,297.8739309727914,11835143
2024-08-22,292.19842529296875,297.73879371688855,291.5227699365764,295.98207879327373,13387819
2024-08-23,289.52020263671875,294.8766387018133,288.29457062627245,294.5134956595428,13229612
2024-08-26,297.6456298828125,298.78046907886863,293.0608629071246,293.6963839393301,21346682
2024-08-27,298.55352783203125,301.9126355279345,295.9660886933512,299.05284604035654,20165503
2024-08-28,297.60028076171875,299.8699596195904,294.7404909420086,298.3719771146033,12446738
2024-08-29,299.23443603515625,299.73375425119883,295.01283932576655,296.05688595406156,13799961
2024-08-30,300.2784729003906,303.59219805029863,299.1890161113077,300.0061225561384,19666466
2024-09-02,296.1476745605469,301.36793533614235,295.7845038200232,299.59757494722106,8975511
2024-09-03,292.51617431640625,297.7818173207613,292.01682842593567,296.8739459264907,10321111
2024-09-04,285.43475341796875,287.06893850891356,279.987525193557,285.97948178161704,25397204
2024-09-05,282.711181640625,287.74988512635275,281.57634225726827,287.74988512635275,15571640
2024-09-06,280.3506774902344,284.29992362500064,275.72055551089085,282.801941354858,27946491
2024-09-09,271.36279296875,280.2599505271268,267.504338991944,280.2599505271268,30369085
2024-09-10,268.3668212890625,273.7232576047976,267.82209284714855,272.452243044358,15618589
2024-09-11,259.0157165527344,265.4616094623597,257.1545911414516,265.4616094623597,44826300
2024-09-12,266.95953369140625,267.5950546576541,260.10511674102764,261.46692363495976,21964895
2024-09-13,264.59912109375,269.8647639419097,264.23595038198556,268.45757440494634,13672371
2024-09-16,265.5523986816406,268.1852203410374,264.5083520570913,267.64049193073924,10971110
2024-09-17,267.5043029785156,269.27466329430354,265.2346244741908,266.64184177049407,11873436
2024-09-18,263.6458435058594,270.36408618417113,261.3761650533192,270.1825285315894,13421760
2024-09-19,258.9703369140625,262.55644030431506,256.4736903706316,260.92225503408264,17067311
2024-09-20,259.8782043457031,262.4202333407306,258.9249503990774,260.5591079378753,16585530
2024-09-23,268.23065185546875,269.0931131764526,261.05844467758163,261.8301410113336,14621229
2024-09-24,271.86212158203125,274.1771827379663,267.5497321184374,269.0023042992383,16986759
2024-09-25,271.1812438964844,273.4509227784233,269.3655007909332,271.8621475610661,10609614
2024-09-26,268.003662109375,271.18121217236404,264.6445266746572,269.68320212069614,27812412
2024-09-27,269.81939697265625,270.95423624709366,263.0103613260317,265.73397558468156,35706130
2024-09-30,270.1825256347656,273.99556877052925,266.68721531412234,269.63779727078924,16294341
2024-10-01,265.0530700683594,271.5897276173655,263.9182308022781,269.63780962091306,10919818
2024-10-03,265.14385986328125,270.54570635787604,263.7820526165134,267.8220918643404,28124665
2024-10-04,268.049072265625,272.08911170225645,266.18794669048145,269.63784746110287,23104209
2024-10-07,262.7834167480469,269.0023143579936,255.5658272408884,268.7299639904191,20917962
2024-10-08,266.4148864746094,266.82341200101735,254.70332267556788,261.60315119507044,10572360
2024-10-09,261.9208984375,265.00765565084214,260.4229161713524,264.41754478309144,13147475
2024-10-10,262.1478271484375,265.23458390092696,261.05837055060255,262.1024446677078,7237212
2024-10-11,265.5978088378906,266.59647307645764,262.8288117139937,264.4629694090737,7011704
2024-10-14,260.1051940917969,265.91556635927117,258.87956198156985,265.7340086763741,12690951
2024-10-15,257.56317138671875,260.01440796302927,254.97573191224558,260.01440796302927,15087155
2024-10-16,259.1064758300781,260.7860433563477,254.7940869495119,256.92759014742,18188885
2024-10-17,255.65658569335938,261.1038139636467,255.06647483861875,258.7433428386484,13343303
2024-10-18,257.199951171875,258.2894079115613,253.47770067435775,256.01972945891134,14028398
2024-10-21,251.1172332763672,257.8354760549003,249.2560802938985,255.24803703919846,10299773
2024-10-22,245.85157775878906,252.52443846241485,245.1252916806689,252.38826328602207,10028511
2024-10-23,245.89697265625,249.11990502319273,240.6313019463545,245.12527642998538,18823321
2024-10-24,244.30819702148438,247.34957172456052,243.62729347778236,246.85022583555738,7488521
2024-10-25,239.72341918945312,245.3976151341574,237.49915100274995,245.12526481122555,12961181
2024-10-28,239.0879364013672,240.63130114270575,231.7795689319814,236.63667256283946,13835091
2024-10-29,240.58595275878906,241.0852710122875,235.50186670645192,239.08797029225366,9122757
2024-10-30,237.54454040527344,241.67537179693036,236.99981203751219,240.58591506140783,11166643
2024-10-31,241.62998962402344,243.58190777098116,237.09063220968505,239.13334304613733,16173656
2024-11-01,246.7140655517578,248.75677630609619,243.89965852679515,244.9437051489161,2955757
2024-11-04,240.85829162597656,249.07454511168402,236.1827590633463,248.7567845537106,14355959
2024-11-05,242.76478576660156,243.85424243454008,239.31488582818614,240.7674854834262,11676017
2024-11-06,244.26280212402344,245.67001949274922,240.0412054299218,243.03719783344138,19244545
2024-11-07,240.76751708984375,245.5792246418155,240.40434634883354,245.5792246418155,6766663
2024-11-08,238.36163330078125,241.94773653826616,235.72881169016517,241.4484183332663,7836093
2024-11-11,233.232177734375,238.18008838413942,232.41509894336002,238.18008838413942,8450657
2024-11-12,232.55126953125,238.95177996420668,231.87036593451236,236.81827648655445,22445400
2024-11-13,229.28294372558594,233.27758652641722,226.059997219523,232.55127272297227,17483332
2024-11-14,227.6941680908203,230.87171824481058,226.0599966695929,229.28294316781546,12454540
2024-11-18,227.55796813964844,228.87439279412496,224.33503564908494,227.96652136511696,14636541
2024-11-19,230.67393493652344,237.55694183413758,229.8368174626488,232.53420860536636,17397559
2024-11-21,225.23263549804688,230.67394181886283,223.97695924977086,230.67394181886283,16189440
2024-11-22,228.4416046142578,229.6972807833126,226.48831164982423,227.69749233291353,9637581
2024-11-25,239.8822784423828,242.30063983375905,230.62741998977998,231.13899807558207,31973671
2024-11-26,236.4873046875,240.2078522538717,234.90607481034456,238.99868564901098,9242451
2024-11-27,236.53379821777344,237.64995957290992,233.0457851124959,237.18489115887292,11689970
2024-11-28,234.5805206298828,239.41722961542175,233.65038374063445,237.18490675833073,14202863
2024-11-29,238.76614379882812,240.57989364817968,234.627023409252,236.06873838371857,11476347
2024-12-02,239.55673217773438,240.2543348088699,235.04557701204834,237.64996300684004,13677959
2024-12-03,244.0214080810547,246.20723535392577,240.76592910863684,242.20762987078373,15345326
2024-12-04,242.48666381835938,245.83513343395836,241.83555673448117,245.41658892476906,10713838
2024-12-05,243.04473876953125,244.85851691570863,238.95214245450245,242.48667938811323,12896743
2024-12-06,241.882080078125,244.62599518055774,241.4170116462228,242.5796827259783,8783386
2024-12-09,240.81243896484375,243.0912857357121,239.69629171044906,241.88209072821078,6800856
2024-12-10,238.95216369628906,240.6729226366903,236.71984081560456,239.64976637059831,11318782
2024-12-11,238.67312622070312,240.62641932236593,237.78948484109804,239.5102437255516,5353032
2024-12-12,236.30126953125,240.53339503641044,235.8827107873906,239.97530724942328,7123877
2024-12-13,236.4873046875,238.85914240685184,232.06915445243362,235.32463357300884,11143128
2024-12-16,234.2084503173828,238.39405174676105,233.65036255732636,236.25474844965433,7283872
2024-12-17,230.1158447265625,234.8130385292964,229.27872726153578,234.1619455906354,10066884
2024-12-18,227.09291076660156,230.20887495317368,226.39530811522832,230.115855589219,8430930
2024-12-19,224.95361328125,226.90689224117108,221.88415869535953,223.23285435184943,9518542
2024-12-20,220.5354461669922,227.09289940769523,218.8611970488878,224.6280425065704,15556528
2024-12-23,224.02346801757812,225.3721636236746,220.30292058406394,221.60510650868906,7722901
2024-12-24,222.2561798095703,226.255770785335,221.93064045359324,224.16296303911915,3577400
2024-12-26,223.4653778076172,225.093117292168,222.30270674722377,223.2328435955385,6330006
2024-12-27,220.3494110107422,224.162977719591,219.79133742419282,223.23284088258023,6487888
2024-12-30,216.39633178710938,220.44243274884485,215.00112651654706,219.55880558270778,19401112
2024-12-31,222.5352325439453,223.1398157953823,216.1172942103781,216.3963239001112,12004845
2025-01-01,220.39593505859375,222.5259565021495,219.83786143566397,221.19585335827955,9418453
2025-01-02,228.8787841796875,229.53917340299554,220.442436038596,220.48894572019452,19745810
2025-01-03,240.80313110351562,244.3934455462421,230.66463141201095,231.09248639442148,49760410
2025-01-06,236.589599609375,241.37050224607623,233.8828980854395,241.00773526504855,19265884
2025-01-07,245.0817413330078,248.71857970123506,240.02179476725883,241.04495094517185,52956766
2025-01-08,252.37400817871094,254.39241754612925,247.1838572683139,247.83496438955146,42237794
2025-01-09,244.79339599609375,253.54598668265552,243.4260937658759,253.0251123459556,14706472
2025-01-10,244.64459228515625,247.88147885066306,240.41248082972075,245.55613664756117,13053552
2025-01-13,237.8638916015625,249.8347624580414,236.82214287595423,247.4443039518187,20416370
2025-01-14,242.1797332763672,243.69586092226217,238.87775872876782,239.52883750907733,8470150
2025-01-15,240.14273071289062,245.99329958358473,239.68697272914466,242.67270413922932,9344731
2025-01-16,244.79339599609375,247.0722425082977,241.8355677872216,241.8355677872216,14195450
2025-01-17,247.94659423828125,248.34654628306512,243.0447547273066,243.69586189574179,12148143
2025-01-20,250.54165649414062,251.57412319191795,246.49558377258398,249.36970332692505,9676264
2025-01-21,247.2303466796875,250.53234930550914,246.30952034374096,249.3231544508548,8989218
2025-01-22,245.60260009765625,247.77914509508332,243.42608348575038,247.4163781336717,7919682
2025-01-23,244.6724853515625,245.39799095414006,242.9238519294574,244.62598986359262,5026675
2025-01-24,238.5894012451172,247.0815548275274,237.8824881890279,244.61666958264428,6306281
2025-01-27,233.2597198486328,238.52429786519056,232.07844206634238,237.18489852035134,6944911
2025-01-28,231.30641174316406,234.7665217615959,229.47405531138293,232.5341991270804,8029472
2025-01-29,233.8363800048828,234.39446774805396,229.743783864164,231.51103806293784,5651586
2025-01-30,238.7847137451172,241.27747348679105,233.40852432707885,234.3944670366293,12588155
2025-01-31,244.26321411132812,245.0817390460205,237.38022158543913,239.0544706824183,8850307
2025-02-01,239.55673217773438,244.16092089743842,236.02222353419046,241.41700586076246,10921673
2025-02-03,231.6040802001953,238.44059185911323,227.74401787396363,237.7429892079078,25719512
2025-02-04,236.3477783203125,239.51023792060602,234.39448526599114,234.7665343274038,8402532
2025-02-05,243.3702850341797,244.62597537576045,239.74275723613025,240.90542822175647,11590755
2025-02-06,238.25454711914062,244.57949469511416,236.53380247191254,244.30043661035901,12327998
2025-02-07,236.1200714111328,240.81592221254462,234.79196105790186,239.96212457805282,10098454
2025-02-10,230.00125122070312,236.78413871359692,229.38463166467506,236.1675046822518,7582536
2025-02-11,226.6809539794922,230.00124420364347,224.6413529176402,230.00124420364347,6711630
2025-02-12,225.21054077148438,228.8628658718984,222.1274140809821,226.72839354770454,5985956
2025-02-13,222.88633728027344,227.1552818675857,222.1748465157214,226.25406312754978,10079210
2025-02-14,218.6648406982422,225.73231313160343,215.10738667386732,222.93378552749203,8065352
2025-02-17,221.653076171875,222.26971016532622,213.49465770160478,218.38022166155025,6692422
2025-02-18,224.45162963867188,224.9733779617011,217.76361343789318,220.2775417272197,6170974
2025-02-19,226.0643310546875,226.53865822245842,222.45944168456518,223.88242318787795,6168581
2025-02-20,229.47950744628906,230.19099828931226,224.35677916664935,224.64137839892226,8929816
2025-02-21,227.58218383789062,230.57045387084366,225.87461750513728,229.4794926301209,5697387
2025-02-24,222.31716918945312,225.73231641737354,221.985134352218,224.1670424139914,6883143
2025-02-25,221.03646850585938,224.54648678449416,220.60957693385134,222.93377724839894,5519036
2025-02-27,219.13917541503906,221.84284635639077,216.7675393174737,221.51081151260442,9664032
2025-02-28,213.6844024658203,218.6648380393855,211.69222244626732,218.1905108419031,17237276
2025-03-03,213.57057189941406,214.39589660379607,207.14817749230878,213.21007859160696,11928529
2025-03-04,215.11685180664062,216.05602480946195,204.41603206521157,208.79882493639474,12428265
2025-03-05,217.1849365234375,219.37632582972915,215.11686244358586,215.45837860010644,7466729
2025-03-06,220.65701293945312,221.5772088392448,215.06943926176103,219.60400600646042,10439208
2025-03-07,220.93211364746094,224.32829799831137,219.30042698782736,220.65701025179428,9079049
2025-03-10,211.7301788330078,222.93378503286394,211.05662783674757,220.93212366057745,16489167
2025-03-11,215.0789337158203,215.5912007393287,208.79884601582694,209.55775798023672,10941588
2025-03-12,212.87803649902344,217.09006425074185,210.94278793826157,215.43941489826418,6994310
2025-03-13,213.8551483154297,218.56996170634332,213.32390418270427,216.4354893675106,16105085
2025-03-17,217.94384765625,218.61738411408467,214.623557551967,214.88917960228434,8788971
2025-03-18,217.94384765625,217.94384765625,217.94384765625,217.94384765625,0
2025-03-19,220.62855529785156,223.0665895183701,219.7083593945916,220.56214254334225,8626593
2025-03-20,223.4934844970703,224.86903046892888,220.09730004032127,221.49182315308832,18955995
2025-03-21,229.97279357910156,235.2662867684293,223.6927062014974,223.6927062014974,29285333
2025-03-24,231.31039428710938,233.74842846463105,230.2858458414872,231.6519104356501,10566066
2025-03-25,229.8115234375,232.77132046948523,228.19881388738798,231.4811499343322,8915800
2025-03-26,227.41143798828125,231.94600494325695,227.07940315222316,230.8550581538963,7543985
2025-03-27,229.7356414794922,230.9024823748127,226.39637383420686,226.60507896674457,9935664
2025-03-28,233.72946166992188,241.81198625038184,230.76965027642657,230.9404155853381,32905564
2025-04-01,235.33270263671875,239.25063544353637,234.03303627278973,234.31763548625756,11258957
2025-04-02,237.77073669433594,238.58658005205547,235.26628967359744,237.21103407604346,15337906
2025-04-03,230.8170928955078,236.80309966574592,230.05816650297515,235.26628421547207,11141370
2025-04-04,214.40536499023438,228.82492272800505,212.6883029283175,228.2082887137107,38336194
2025-04-07,208.55218505859375,209.4628996746011,194.4741568831757,197.3201201546368,27024128
2025-04-08,215.02200317382812,215.57222444596655,207.92605805754653,211.54992470239438,11309092
2025-04-09,210.5443572998047,212.5554999713238,208.95061039995926,210.60127424706394,16889575
2025-04-11,218.54150390625,219.51861675523296,213.68439813458204,216.5777968756409,13886447
2025-04-15,220.7423858642578,221.98512076273354,218.28537454014804,221.98512076273354,12102239
2025-04-16,228.83441162109375,229.57436088244154,219.82219497488222,220.74239088520497,18748952
2025-04-17,230.98785400390625,232.0503422489166,226.97503566187245,228.62569944992785,12891813
2025-04-21,236.9548797607422,237.68534765524106,229.3371865726321,231.4811401687742,11698653
2025-04-22,235.05758666992188,237.73279903285675,234.5642823275823,236.1864877248348,9896443
2025-04-23,239.22216796875,239.77238923400057,232.34442386609322,235.96829046557616,16555874
2025-04-24,236.56594848632812,238.4632573295605,235.26629656081562,237.16360540404798,6538518
2025-04-25,233.68203735351562,237.80867526001805,231.85112685578355,236.2149428348269,15616265
2025-04-28,237.73280334472656,239.01347812601125,231.8321716967187,233.36898722438738,7669983
2025-04-29,233.06539916992188,239.1557729765744,232.51519237242871,238.33992963762384,8030552
2025-04-30,231.89857482910156,234.73505681417902,229.78307948221152,232.8946648855903,9822483
2025-05-02,230.27638244628906,233.6251314392077,226.72840965315456,228.62571852054495,10203190
2025-05-05,226.9181365966797,228.76800983877706,222.4594636739707,227.6770630351939,20086323
2025-05-06,224.8311004638672,230.5135457246802,223.88244603153018,228.74904790152067,11350559
2025-05-07,226.41534423828125,227.76243175119058,220.15423387442024,220.3724203336468,16689539
2025-05-08,221.24517822265625,227.05093846335956,219.51862028291822,225.45720603466344,15026122
2025-05-09,222.89585876464844,223.2183978076578,216.72010895271418,217.33674303821624,11184507
2025-05-12,231.4906463623047,232.040867640935,225.88409549027978,226.72839731129662,11374237
2025-05-13,228.77749633789062,232.69542912831045,227.9521571747565,231.61396370191284,9336026
2025-05-14,233.3784637451172,234.22276558214875,228.7774985900665,228.7774985900665,8234859
2025-05-15,234.8963165283203,236.13905147608597,229.85896398111507,232.3728923506168,16812750
2025-05-16,234.57376098632812,236.5849035402926,233.55869390181292,234.37453720724847,8030229
2025-05-19,233.91920471191406,236.64183821971795,232.33495359402457,235.2662922287665,8043270
2025-05-20,236.4615936279297,239.72496712269475,234.11841607123446,234.11841607123446,13183059
2025-05-21,235.91136169433594,239.0134655361529,235.03860141130363,238.58657396487754,7158307
2025-05-22,229.2613067626953,237.61894969794858,227.30708101771472,235.91136888547905,18502235
2025-05-23,231.69935607910156,232.11675185621687,227.81934857831044,230.04869221047707,8725218
2025-05-26,233.3120574951172,234.44095850866765,232.24007342757486,232.7049192788359,7159571
2025-05-27,231.9839324951172,234.17533624175735,230.44711705295632,234.17533624175735,9712093
2025-05-28,230.2099609375,232.74286644215235,228.91030904483904,232.07881125887002,7385958
2025-05-29,230.5609588623047,232.04087188464342,228.95774508657644,231.0922174852382,12938112
2025-05-30,227.10784912109375,232.60056599893355,226.62404060620648,230.5609504296201,10108840
2025-06-02,226.07383728027344,227.76244102544746,225.45721768440086,226.72841115992412,6278145
2025-06-03,225.0872344970703,228.67314698627487,224.45163778340893,228.15138416899538,9515918
2025-06-04,225.82717895507812,226.25407053271795,223.408107381363,225.77974334082546,6733580
2025-06-05,225.5615692138672,227.31657123459996,224.09115194357037,225.82719129781938,8941808
2025-06-06,227.7339630126953,228.12291477380285,225.31489150316764,225.58051356555407,5985346
2025-06-09,230.33328247070312,231.58549870399904,228.15137453847348,229.36565096634936,7719525
2025-06-10,232.1167449951172,232.4203213425739,230.13406082998517,231.70883056295378,7659657
2025-06-11,234.62120056152344,237.5430432183976,231.04476961241986,231.94598834897832,20842417
2025-06-12,235.15245056152344,242.09659304324748,234.08046648815912,238.58657475895447,35613271
2025-06-13,238.5960693359375,242.8080973010238,236.32878583810452,242.42864132096753,39320377
2025-06-16,243.60496520996094,244.27850171044133,239.24114929219132,240.94873006328888,41444122
2025-06-17,239.35498046875,243.88954717450866,238.6340083626097,243.74725480991415,18781097
2025-06-18,237.505126953125,242.75118486543363,236.9454243057733,240.9866870222579,12691905
2025-06-19,238.64349365234375,240.00955827637068,235.45601435472,237.63792232502314,10790997
2025-06-20,238.95654296875,240.24671346012505,236.54696729568312,239.30754044515905,15907673
2025-06-23,238.4727325439453,242.37170245909323,237.47664259220514,240.01902927442853,16776881
2025-06-24,231.39576721191406,235.26627869522838,230.98785278974768,234.79195152043962,22215004
2025-06-25,229.48898315429688,232.70492090406742,229.10003138676916,231.47166732244997,13056178
2025-06-26,232.1641845703125,232.7713228002688,229.13797475330702,229.57436214139307,15769123
2025-06-27,230.36175537109375,233.5776932874047,229.5743704626342,232.42981506595174,21691960
2025-06-30,231.6708984375,233.0843842356688,230.5230202391858,231.47167464346228,8783448
2025-07-01,230.8740234375,232.70493401012828,228.9103162993241,232.70493401012828,8470489
2025-07-02,228.69212341308594,231.23451025978994,227.86678424094285,230.42814822875704,10419419
2025-07-03,231.51910400390625,233.55870512787084,229.3846316519501,229.5743596326161,13891239
2025-07-04,232.64801025390625,232.8472195717172,230.05817331982476,232.61005597173067,7717259
2025-07-07,229.11900329589844,232.89464356620485,228.4644294765456,232.89464356620485,9222263
2025-07-08,230.7506866455078,231.18705953530093,228.2936609060866,229.96330180704513,7537067
2025-07-09,230.8550567626953,232.031378968416,229.8305082615299,230.8550567626953,9590680
2025-07-10,230.6083984375,232.12625129274087,229.88742629268526,231.00683155505428,8012201
2025-07-11,229.34666442871094,230.60837641815198,228.43596438277754,230.5704366142865,5608382
2025-07-14,231.6803741455078,232.31597084390344,228.7585169142373,230.42814341411312,7568906
2025-07-15,231.1586151123047,232.77132469166926,230.23841918945857,231.92702285759904,7843083
2025-07-16,230.38072204589844,231.61396116003434,229.85895924167022,231.47166879311624,5656962
2025-07-17,231.34832763671875,232.00290144276602,230.3522521669769,230.52300299882418,7006298
2025-07-18,233.66305541992188,234.6496640703136,230.9593991522172,232.17367558707093,10293817
2025-07-21,232.45828247070312,233.65359635430858,231.87960267118638,233.3689971212921,5424455
2025-07-22,233.75791931152344,234.1942922015932,231.53807163077764,232.45825302296387,5869862
2025-07-23,232.9420928955078,234.50736687936057,231.71832060240035,233.36898448425697,7357753
2025-07-24,232.25906372070312,233.5587156458764,231.24399654168624,232.9515773952132,4590999
2025-07-25,227.9521484375,232.2305888398189,226.96555427811586,231.47166246127597,7427827
2025-07-28,227.69602966308594,229.15695104763108,225.5900157692294,227.95215592494517,6865890
2025-07-29,229.04312133789062,230.05817402176504,227.5063058373904,227.69603382289503,6157824
2025-07-30,229.39410400390625,231.19655593796062,227.77191318610545,230.08661762011818,8767763
2025-07-31,228.62570190429688,230.34276398844028,227.35450852961043,227.866775517435,10254214
2025-08-01,224.63186645507812,228.35060439911317,222.03256269280894,227.77192464267418,12629251
2025-08-04,222.7725067138672,226.14971394394564,221.98512185231027,224.35675776953582,16174972
2025-08-05,222.4404754638672,223.88243417776192,221.08390664560332,223.40810698670734,9562689
2025-08-06,221.76693725585938,223.28477557038872,220.95109391449745,222.5068865101973,7568954
2025-08-07,221.91873168945312,222.17487244767693,219.43326162728522,221.17878236597844,5560413
2025-08-08,221.45387268066406,223.04760503260013,220.7328861140407,221.8902455733204,5249568
2025-08-11,221.785888671875,222.93376677633057,219.6893707160279,221.45386834271704,4699743
2025-08-12,223.4270782470703,224.2239444329932,221.6151449508539,221.79539159476147,7036778
2025-08-13,226.41534423828125,227.62962071401128,224.1670379391325,225.53310259315816,8501906
2025-08-14,224.774169921875,226.4153379374875,222.39303817649284,226.2635497634159,7258450
2025-08-18,225.93153381347656,226.33944825449936,223.40810965287537,225.0682548413787,8501972
2025-08-19,225.7228240966797,226.29200803596785,224.5275103210723,225.30541385601154,5538059
2025-08-20,225.7133331298828,226.81377570155288,224.83109149117104,224.83109149117104,7438061
2025-08-21,226.0548553466797,228.61623386063945,225.0492839776461,225.7797519340511,8111371
2025-08-22,224.1575469970703,226.37740934571087,223.77809101841123,225.77975242777097,5423818
2025-08-25,224.60340881347656,225.29593694240356,223.55040185852496,224.16703589899487,8854258
2025-08-26,222.1653594970703,225.1156750375799,221.79538488798528,224.50853684638096,14671897
2025-08-28,221.40646362304688,223.1994199716741,220.448327830502,222.26974265487584,13870643
2025-08-29,221.71002197265625,223.2847772454379,219.4522199115343,221.4064456222828,9928988
2025-09-01,226.46278381347656,226.90865254794326,221.1028921421287,221.98513380267917,4366396
2025-09-02,227.1932373046875,230.0486817098483,225.21053869613303,226.49122786897436,5921193
2025-09-03,226.79481506347656,229.5174485678663,226.21613529865908,227.2027295085964,4364007
2025-09-04,224.7921600341797,228.25388001685536,224.51559611553148,227.98686181696087,8778730
2025-09-05,223.27587890625,226.1654087675379,222.20779153656213,224.82077202575817,7210683
2025-09-08,221.7500457763672,224.0864623173586,221.30183353384794,223.27587654469662,8418326
2025-09-09,220.6056671142578,223.714530025583,220.06208502363418,221.75003284808673,11665314
2025-09-10,220.9966583251953,222.2363793543644,220.29095910514255,222.1982401363559,11775053
2025-09-11,222.9230194091797,224.31534107525258,221.33998708650583,221.33998708650583,11047708
2025-09-12,222.43666076660156,224.4965278698952,221.91215554797586,223.63824263448944,6073522
2025-09-15,221.4925537109375,223.33308757910552,221.24461240106112,222.34129323679934,6153784
2025-09-16,224.1913604736328,224.3630233447716,221.6451418710445,221.70235797762393,7319921
2025-09-17,225.89837646484375,226.92830999737222,224.27717590074903,225.0591681306206,7628371
2025-09-18,224.6681671142578,226.68034919799007,223.62870243748134,226.68034919799007,6497852
2025-09-19,225.71719360351562,226.39427027371585,223.86712853046046,224.21043972495937,16484017
2025-09-22,226.46102905273438,227.39559274408467,224.7253962173977,225.05917624000872,9962796
2025-09-23,225.68858337402344,226.5754621296114,224.24857678393056,226.25122782443302,7014239
2025-09-24,227.4623565673828,228.99771849236066,225.3071195308819,225.68858449598852,8299331
2025-09-25,228.5590362548828,230.91452965357823,227.46235540751957,227.8438058192806,10150654
2025-09-26,226.98553466796875,229.12168025184423,225.8602312181197,228.87373893983025,6349466
2025-09-29,228.8546600341797,229.97996347409776,227.12857292979888,227.92009634948184,10631271
2025-09-30,228.39691162109375,229.7224714029347,227.4432710715276,228.87373189587683,7167687
2025-10-01,231.77279663085938,234.8721284686589,227.41466681335862,227.53864474331868,10375310
2025-10-03,232.3640594482422,232.8790189416132,228.58763647505498,231.2578329200823,10702610
2025-10-06,234.4620819091797,236.02605193387743,231.47718213130497,231.47718213130497,9465503
2025-10-07,233.94711303710938,237.93332365923317,233.31770676475287,234.462072545419,12498420
2025-10-08,230.59982299804688,235.3584946621665,229.96088556482363,235.12008452060257,5073558
2025-10-09,232.10658264160156,233.16512427866502,229.40777802545958,230.6284368166714,9292031
2025-10-10,234.91981506347656,235.6255143254089,232.30684920854407,232.7359845557541,9050771
2025-10-13,232.7741241455078,234.29040916537696,230.18976633952715,233.64194055992363,12607116
2025-10-14,233.3463134765625,237.20856069658456,232.59292927723604,233.92803480650556,13865005
2025-10-15,236.23583984375,236.68405206946153,232.96484516790215,233.34631012138007,8520238
2025-10-16,236.83665466308594,237.17042015046508,234.59559337733552,236.50287462430572,6083826
2025-10-17,236.2072296142578,237.02736106742685,233.42260096083268,237.02736106742685,14250215
2025-10-20,237.20855712890625,237.6472236358655,233.63240504404249,236.20723163486437,10920554
2025-10-21,236.61729431152344,237.74259775436883,235.92114076763963,237.2085613617237,569979
2025-10-23,240.61305236816406,241.49994567413228,237.53279736971194,238.4101449569856,13879042
2025-10-24,243.14019775390625,245.46706844137188,241.12801563846767,242.22469643562812,17882209
2025-10-27,241.52854919433594,244.21780801224972,240.2315974480555,243.5788705819248,7889080
2025-10-28,238.92510986328125,242.02444181771637,238.27664123902568,241.36644202595141,8529692
2025-10-29,243.78866577148438,245.40985177061228,238.9346389409463,239.3160893343647,8806213
2025-10-30,242.73013305664062,244.60880614317784,241.66206027495866,244.60880614317784,5266883
2025-10-31,243.53118896484375,245.94389845531867,241.57623742734617,242.892251525805,7199008
2025-11-03,245.610107421875,246.5160775685659,242.51079024368926,243.1783357059354,5450040
2025-11-04,240.6511993408203,245.56244236761256,240.31741932675092,244.22735141413506,6006851
2025-11-06,239.84060668945312,243.65516902248618,238.83928116675185,241.79557279541268,6987258
2025-11-07,240.50814819335938,241.84325371858927,238.41014185531267,238.41014185531267,4449104
2025-11-10,239.7452392578125,243.65517150964297,237.93332795168658,240.3174294341684,7418162
2025-11-11,237.88563537597656,242.41542804729232,234.59557834603777,242.41542804729232,16183880
2025-11-12,242.0816650390625,243.7505360401749,238.31477313828856,240.88961432398222,11917811
2025-11-13,239.2207489013672,241.9386158642892,235.83532188131284,241.9386158642892,13057927
2025-11-14,241.9075164794922,243.91037368298927,239.46499315036962,239.8557909198375,9185042
2025-11-17,242.34716796875,243.9592274045859,241.76095640591186,241.90751675061105,6281588
2025-11-18,241.2724609375,243.71498436247566,240.63741081019828,241.3213143875955,7708871
2025-11-19,243.27532958984375,244.54544473395694,239.75808994583485,241.2724574288937,7075882
2025-11-20,242.34716796875,245.32704941521513,241.90751675061105,243.27532385326097,6918642
2025-11-21,241.2724609375,242.59142955017882,240.5397039100073,241.37016783769099,7589240
2025-11-24,240.1000518798828,241.76096482176922,238.68339127968494,241.27246013839206,15875282
2025-11-25,239.70925903320312,241.8098232517943,238.97650199304616,240.10005682476142,8983620
2025-11-26,242.00521850585938,242.2983242991075,239.4161496327907,239.70925542603885,7232643
2025-11-27,238.39028930664062,243.0799373237771,237.2178810293515,242.29832683625767,5600832
2025-11-28,237.65753173828125,239.70925739993325,236.97362815372392,239.36729815366456,3804191
2025-12-01,239.20120239257812,240.1977561098247,237.42303820902012,238.43913628761888,6307936
2025-12-02,237.94085693359375,240.59832362964534,236.9247737417999,237.90178311805474,5413988
2025-12-03,234.5017852783203,238.74200222366053,234.0523544237178,238.439131714419,11829802
2025-12-04,236.6609649658203,237.12016054187865,234.17936783621036,234.97074300533836,10825420
2025-12-05,235.6839599609375,237.60866956192592,235.37132472289798,237.12016488975587,7645591
2025-12-08,233.03627014160156,236.43625844416778,232.23511533319206,235.68395708397486,5285903
2025-12-09,234.325927734375,234.67765170991547,231.38513484720352,232.23512824310123,9026401
2025-12-10,233.78855895996094,234.82420138550393,232.93856560271152,233.81788295557112,3492031
2025-12-11,232.92880249023438,235.75235891273405,232.6650057917506,233.78856057999187,8868641
2025-12-12,232.5477752685547,233.89603806663862,231.5707658949965,233.01673559362823,4252781
2025-12-15,229.9391632080078,233.3000629475615,224.65353889206648,232.52823209800792,12334408
2025-12-16,226.87135314941406,229.8903085352076,225.44491290478487,228.7862831727476,7238404
2025-12-17,227.5552520751953,228.0535214785498,223.35410887403685,226.4219176473517,5848233
2025-12-18,226.66616821289062,228.7472028898814,225.8943373892629,227.64317755863584,3964839
2025-12-19,227.53570556640625,228.13168186266645,226.17766317433527,226.66616784641806,5070902
2025-12-22,228.79605102539062,229.87076731397062,227.41847912018557,228.41501796089048,4614185
2025-12-23,230.07594299316406,232.43052425590307,229.20640524608268,229.20640524608268,5810236
2025-12-24,228.39547729492188,231.13110642503094,227.779956640953,230.12477309077252,4114036
2025-12-26,229.13800048828125,229.8707574970251,227.6920308319277,228.46386165496023,3710774
2025-12-29,229.4213409423828,233.52477719894176,228.62018612577006,229.13799988461315,12621499
2025-12-30,229.2845458984375,230.18340761474056,227.946047866518,229.54834259578686,6236729
2025-12-31,234.853515625,235.45925665996174,229.21616742201886,229.29432996007517,11514802
2026-01-01,232.4696044921875,235.56672230766347,231.9517907351887,235.36154378697555,5840586
2026-01-02,235.90869140625,236.97362805231785,232.46961421511622,232.46961421511622,5925943
2026-01-05,232.61614990234375,241.12590780299902,230.28109817887704,241.12590780299902,21201434
2026-01-06,236.32879638671875,236.78799198417764,232.6161577916805,232.6161577916805,10840459
2026-01-07,233.56385803222656,236.12361781573415,232.6845555608174,234.68742775456045,8253161
2026-01-08,226.09950256347656,233.39776361918936,225.6891604243898,232.72362478069692,9218488
2026-01-09,228.70811462402344,232.77247708835003,226.66616866525584,226.94949481657642,12706408
2026-01-12,230.29087829589844,230.7305295176939,226.33398748378042,228.70811302626356,9807980
2026-01-13,238.1753387451172,238.5368274349664,230.3788082868825,232.52822588065396,22527192
2026-01-14,242.5230255126953,245.22934557232938,237.9799380220571,238.38051543138516,33094088
2026-01-15,242.5230255126953,242.5230255126953,242.5230255126953,242.5230255126953,0
2026-01-16,241.48739624023438,242.08337253262428,236.82705752459444,241.2235995447885,12287680
2026-01-19,237.520751953125,242.29832724481855,236.72937673731994,239.36729909266347,6459249
2026-01-20,234.86328125,239.69947463738478,234.19892203595015,237.52074792215913,6496057
2026-01-21,236.79776000976562,238.86903004459805,234.00351257071955,234.48225253652112,9610477
2026-01-22,238.40005493164062,240.8035045809201,236.99317393838206,238.97650179949548,10746306
2026-01-23,239.8264923095703,240.6374118792223,235.99661735115197,239.6604025048917,8080247
2026-01-27,242.2494659423828,243.26556401733228,240.23682906174545,240.9305122614502,15915509
2026-01-28,262.4051513671875,263.4505585006787,243.4707207877218,243.4707207877218,73427983
2026-01-29,269.0586242675781,271.3838815188969,262.8252997268123,263.7925294603933,48267023
2026-01-30,262.77642822265625,270.14308712044925,261.84828722339125,267.5931070111898,24420043
2026-02-02,248.1115264892578,251.09140804886562,241.9075259355621,245.81556341492188,17015974
2026-02-03,251.09140014648438,255.97644684194125,243.6172846656271,253.72933728841463,19213406
2026-02-04,260.8126525878906,263.79251911821297,252.11724569752343,252.11724569752343,26628393
2026-02-05,263.01092529296875,264.23218696350455,259.8844834900137,261.8385021628709,15268335
2026-02-06,262.7666931152344,263.7437025266077,258.61440311689785,261.8385222480453,10013728
2026-02-09,260.470703125,264.6718314754195,259.64023920011437,263.2551857832825,10824044
2026-02-10,265.8930969238281,266.77239940303303,260.861504577749,261.1057569228592,13459684
2026-02-11,268.2867736816406,268.77527835702017,260.2264465378781,266.0396342853192,18388416
2026-02-12,269.9965515136719,273.8557207235144,267.16323023931596,269.6545922631895,22753270
2026-02-13,261.2522888183594,265.1114875973499,259.8844817198676,263.79251903896335,20748628
2026-02-16,265.306884765625,265.9419647143231,259.5425353965288,261.4965541532367,13247757
2026-02-17,265.6000061035156,266.72356092811606,261.9362209259316,266.72356092811606,21292868
2026-02-18,264.6000061035156,266.1000061035156,262.54998779296875,265.0,11621040
2026-02-19,274.6499938964844,276.45001220703125,267.8500061035156,270.29998779296875,37728943
2026-02-20,278.6499938964844,280.79998779296875,274.3500061035156,277.3999938964844,31971956
2026-02-23,275.6499938964844,279.8999938964844,272.20001220703125,279.8999938964844,13113050
2026-02-24,276.5,278.1499938964844,273.29998779296875,275.6499938964844,16311581
2026-02-25,277.45001220703125,278.95001220703125,274.0,276.5,7573116
2026-02-26,280.1000061035156,281.04998779296875,275.6000061035156,277.3999938964844,13301761
2026-02-27,279.70001220703125,282.5,277.0,278.5,18554482
2026-03-02,282.20001220703125,293.0,277.6499938964844,288.0,65843426
2026-03-04,276.95001220703125,288.3500061035156,275.1000061035156,287.0,53722773
2026-03-05,276.3500061035156,287.6499938964844,275.3500061035156,278.0,40569479
2026-03-06,278.95001220703125,280.95001220703125,271.1499938964844,279.95001220703125,30725344
2026-03-09,270.79998779296875,289.0,267.6000061035156,289.0,56512457
2026-03-10,269.20001220703125,270.8999938964844,265.3500061035156,270.8500061035156,18476370
2026-03-11,270.75,272.3999938964844,268.0,268.0,16130216
2026-03-12,270.54998779296875,273.0,267.75,271.6000061035156,20059801
2026-03-13,264.1000061035156,271.29998779296875,263.45001220703125,270.54998779296875,18411729
2026-03-16,260.45001220703125,266.0,258.3500061035156,264.04998779296875,21725887
2026-03-17,264.75,265.3999938964844,259.1499938964844,260.6499938964844,15662659
2026-03-18,265.0,266.6499938964844,263.0,265.1499938964844,8780857
2026-03-19,269.1000061035156,271.5,262.5,265.0,28685305
2026-03-20,265.3999938964844,273.04998779296875,264.0,269.0,19436124
2026-03-23,265.45001220703125,269.70001220703125,263.8999938964844,267.29998779296875,23991581
2026-03-24,268.04998779296875,273.29998779296875,266.8500061035156,268.54998779296875,18567283
2026-03-25,270.20001220703125,271.5,266.3999938964844,267.3500061035156,13380625
2026-03-27,281.95001220703125,285.0,269.70001220703125,270.5,60048871
2026-03-30,284.6499938964844,288.3500061035156,281.95001220703125,282.75,44866906
2026-04-01,288.04998779296875,293.0,282.79998779296875,290.0,31626297
2026-04-02,287.20001220703125,288.79998779296875,283.5,288.5,20935809
2026-04-06,281.8500061035156,288.5,280.45001220703125,287.29998779296875,24449779
2026-04-07,286.6499938964844,287.54998779296875,280.0,281.8500061035156,22891122
2026-04-08,285.5,287.8500061035156,274.75,280.0,42071040
2026-04-09,288.6000061035156,289.79998779296875,284.8999938964844,284.8999938964844,13585661
2026-04-10,286.5,291.8500061035156,284.54998779296875,288.6000061035156,12889209
2026-04-13,287.54998779296875,290.29998779296875,281.0,287.20001220703125,23986567
2026-04-15,287.6000061035156,289.79998779296875,283.3500061035156,284.04998779296875,16529148
2026-04-16,282.75,288.1000061035156,282.0,288.0,13626398
2026-04-17,284.04998779296875,285.5,282.20001220703125,283.3999938964844,17846605
2026-04-20,283.3500061035156,285.20001220703125,282.5,284.0,11057036
2026-04-21,283.1000061035156,284.8500061035156,282.3999938964844,283.1499938964844,13645673
2026-04-22,283.6499938964844,285.04998779296875,282.6000061035156,283.1000061035156,7395183
2026-04-23,286.25,289.79998779296875,284.04998779296875,284.8500061035156,13525025
2026-04-24,284.79998779296875,288.79998779296875,283.8999938964844,288.79998779296875,11789941
2026-04-27,285.8999938964844,286.70001220703125,284.20001220703125,286.0,6497916
2026-04-28,301.29998779296875,302.3999938964844,286.0,286.25,51575179
2026-04-29,301.3999938964844,307.5,299.75,303.8999938964844,27267649
2026-04-30,299.54998779296875,307.45001220703125,296.8999938964844,304.8999938964844,17490096
2026-05-01,299.54998779296875,299.54998779296875,299.54998779296875,299.54998779296875,0
2026-05-04,292.8999938964844,299.8999938964844,292.3500061035156,298.3999938964844,15468437
2026-05-05,289.95001220703125,295.8999938964844,287.0,294.3500061035156,10750753
2026-05-06,280.79998779296875,290.25,280.0,289.95001220703125,22858013
2026-05-07,283.8999938964844,285.20001220703125,279.70001220703125,282.0,15608370
2026-05-08,279.20001220703125,284.0,278.6000061035156,283.6000061035156,9290168
2026-05-11,281.0,281.79998779296875,277.6499938964844,280.70001220703125,6948202
2026-05-12,294.5,299.8999938964844,286.8500061035156,286.8999938964844,52080828
2026-05-13,297.1499938964844,300.20001220703125,294.1000061035156,297.0,24381295
2026-05-14,300.8999938964844,303.70001220703125,298.70001220703125,300.0,22660293
2026-05-15,299.3500061035156,304.95001220703125,298.54998779296875,303.0,13695307
2026-05-18,297.20001220703125,300.70001220703125,295.1000061035156,299.3500061035156,10521642
2026-05-19,296.5,298.5,293.6499938964844,295.1000061035156,9565497
2026-05-20,298.29998779296875,301.75,293.8500061035156,294.79998779296875,12258794
2026-05-21,295.8500061035156,299.6000061035156,294.1499938964844,296.6499938964844,14084672
2026-05-22,290.0,296.79998779296875,289.3999938964844,295.79998779296875,11563330
2026-05-25,284.95001220703125,289.95001220703125,284.29998779296875,289.95001220703125,12837047
2026-05-26,287.5,289.6499938964844,284.0,285.1000061035156,10629491
2026-05-27,274.04998779296875,284.20001220703125,272.45001220703125,284.20001220703125,29178516
2026-05-28,274.04998779296875,274.04998779296875,274.04998779296875,274.04998779296875,0
2026-05-29,265.3999938964844,276.04998779296875,261.54998779296875,275.95001220703125,74403401
