Price,Close,High,Low,Open,Volume
Ticker,TCS.NS,TCS.NS,TCS.NS,TCS.NS,TCS.NS
2021-01-01,2534.896484375,2545.0681000811064,2492.2622653515323,2493.127934773329,2681440
2021-01-04,2631.158935546875,2640.9410424819716,2545.890495758471,2553.7248464547456,5113293
2021-01-05,2677.515625,2695.911100923456,2631.2889606292065,2631.2889606292065,5801309
2021-01-06,2641.591064453125,2695.2625853432096,2629.2119455917064,2683.5760445042397,3726716
2021-01-07,2625.40283203125,2666.998299006181,2597.2252439937083,2661.93404725628,3717827
2021-01-08,2701.668212890625,2707.814551686017,2648.949017953712,2674.9191063650233,5879039
2021-01-11,2749.75634765625,2796.1130001916113,2723.8729093751917,2796.1130001916113,9508039
2021-01-12,2748.37060546875,2778.79880063235,2726.858636134549,2749.7555497149824,3611458
2021-01-13,2734.607666015625,2750.233048709338,2706.3003048560176,2748.501709050094,3572801
2021-01-14,2819.386962890625,2833.0906120579352,2706.3755301382444,2736.384779134482,6931542
2021-01-15,2804.339599609375,2839.5959521291543,2784.087662289122,2805.7705880078847,4131692
2021-01-18,2794.278564453125,2824.6346596671733,2764.4861405941256,2818.7802698758924,4160906
2021-01-19,2828.060302734375,2843.932245079245,2803.1683489161696,2804.0356658558094,2975735
2021-01-20,2869.7783203125,2886.387354938711,2833.6112464291687,2836.1263808447598,3453446
2021-01-21,2839.4658203125,2870.0819407468534,2829.274845651639,2866.4826599272615,2778546
2021-01-22,2864.835205078125,2883.829364918048,2811.7552290237168,2811.7552290237168,3052459
2021-01-25,2854.60009765625,2896.6649664565352,2843.6284120445052,2869.90815593311,2272887
2021-01-27,2828.364013671875,2867.7401189418397,2798.831828845749,2862.145966901448,2786662
2021-01-28,2772.42236328125,2840.4633436209647,2761.3640708747866,2801.4340763040354,3083938
2021-01-29,2698.526611328125,2790.0285473235554,2688.68247948657,2784.1307498578026,5445659
2021-02-01,2722.8115234375,2745.0581182753135,2640.1995848069396,2688.682517110102,3985846
2021-02-02,2778.40673828125,2796.2301458594407,2732.048684695173,2752.8642937214217,2881837
2021-02-03,2775.4580078125,2806.6380138555264,2743.0202226311612,2786.68972142083,2505866
2021-02-04,2765.396484375,2808.242065615907,2754.5984314876746,2789.334515140999,2057261
2021-02-05,2738.943359375,2780.4879658934738,2713.834577493573,2774.5033522408476,2366135
2021-02-08,2787.6435546875,2797.964541919402,2736.515049968468,2766.3074725517463,2526592
2021-02-09,2755.379150390625,2815.137415654774,2744.1908463670006,2771.0776719793193,2658751
2021-02-10,2786.94970703125,2792.2402135852535,2738.3799559273443,2762.4045940346355,2127983
2021-02-11,2780.618408203125,2792.1537670931702,2762.4481587085925,2788.424261501262,1165882
2021-02-12,2767.43505859375,2814.8772549896066,2759.8026268300505,2761.7106818341476,2777404
2021-02-15,2723.244384765625,2783.2192489813638,2716.045613913047,2783.2192489813638,2630853
2021-02-16,2696.314697265625,2747.3561674386337,2688.682266546617,2732.0481095554337,3435770
2021-02-17,2665.35205078125,2717.174243346874,2641.4574242446233,2693.1061957536344,3678426
2021-02-18,2651.69140625,2686.8609371118364,2628.837521259043,2658.3262958294185,4189909
2021-02-19,2664.26806640625,2677.5378483797454,2615.958335479955,2652.2556401064417,3725028
2021-02-22,2565.913330078125,2685.2127975919084,2552.6433407638283,2685.2127975919084,5366696
2021-02-23,2584.778076171875,2626.235871043088,2574.1968511413097,2575.9314851380354,3832829
2021-02-24,2556.937255859375,2604.856518674956,2533.5628940112133,2577.6660468399523,3774549
2021-02-25,2597.874755859375,2627.883798205514,2574.587208783475,2579.400860674548,4224073
2021-02-26,2510.275390625,2577.969518222327,2497.8727163851563,2567.2580696180776,5553153
2021-03-01,2536.2080078125,2571.5945792798725,2516.7801941721673,2537.7692205642184,3265871
2021-03-02,2607.4580078125,2623.6333818146973,2556.849986641232,2567.2577884864477,3306469
2021-03-03,2653.209228515625,2657.458996650778,2599.261947632257,2632.306806408326,3509857
2021-03-04,2645.056884765625,2672.594202349618,2615.871749410973,2621.89956083186,3916760
2021-03-05,2608.932861328125,2656.7653076598276,2599.0021243430324,2615.91480530581,3203686
2021-03-08,2607.978515625,2630.572163267275,2598.4814378993588,2615.82777593607,2003125
2021-03-09,2646.140625,2659.974288101046,2595.0991491792706,2607.9786789296363,1942397
2021-03-10,2663.487060546875,2682.784863519715,2653.989981882737,2666.999736695888,3053778
2021-03-12,2652.2119140625,2703.42702403116,2637.8145792568857,2666.999710906582,2938317
2021-03-15,2659.323974609375,2687.815423184263,2637.511036432186,2637.511036432186,3097083
2021-03-16,2697.3994140625,2724.242834215091,2653.990153676593,2653.990153676593,4894756
2021-03-17,2699.913818359375,2736.3845325290654,2675.932593288257,2693.0186920769406,3838390
2021-03-18,2633.60791015625,2728.9693661508304,2590.7191294669396,2711.1893687333422,3656306
2021-03-19,2645.48974609375,2687.8148496444464,2606.287067822382,2627.9699885197397,5776626
2021-03-22,2714.398681640625,2722.8984309573634,2618.12649048069,2644.1894098063353,2821646
2021-03-23,2725.63037109375,2748.5274542051834,2708.5008610841087,2723.3752622922925,3305973
2021-03-24,2706.983154296875,2734.0434021564593,2698.3531808099215,2698.396589009078,2207104
2021-03-25,2658.19677734375,2715.439703331827,2645.317034297501,2699.2641131064956,3179786
2021-03-26,2659.886962890625,2704.2935366660317,2639.288190762396,2680.572339642625,3697370
2021-03-30,2739.463623046875,2765.3963116340788,2654.770007323295,2673.937794016288,4694008
2021-03-31,2756.203125,2779.7506943892795,2716.436560008494,2736.3848489229877,3530069
2021-04-01,2745.05712890625,2788.42296032657,2727.7107963381222,2767.6941776065464,4285076
2021-04-05,2809.1533203125,2830.0557474921484,2732.9162305693408,2750.2625728769854,5317862
2021-04-06,2831.529296875,2840.462702839493,2801.4334443271946,2840.462702839493,2291562
2021-04-07,2837.340576171875,2842.674702445161,2805.5969029549656,2826.585930726271,2491268
2021-04-08,2877.193603515625,2892.501661040814,2832.700207279695,2836.1260664478145,2578118
2021-04-09,2881.444091796875,2909.2850540175705,2869.0848237381483,2908.9814083487754,2911129
2021-04-12,2815.7880859375,2895.191000687045,2786.8629789060474,2881.443941356318,3791828
2021-04-13,2692.1953125,2787.55677204421,2665.3084861361635,2787.55677204421,8654596
2021-04-15,2791.85009765625,2807.7220415767556,2677.7979087714425,2740.9820387955283,6062760
2021-04-16,2771.2080078125,2816.178481881795,2760.323348153505,2800.5667748679753,3224657
2021-04-19,2742.28271484375,2765.873693017994,2719.125395135016,2748.5273543976236,2679106
2021-04-20,2727.321533203125,2797.400784488991,2711.536407203048,2797.0971388602725,3141893
2021-04-22,2704.988525390625,2730.3141415331434,2693.2363367203916,2730.3141415331434,1988980
2021-04-23,2696.92236328125,2705.161875244965,2680.9204060801317,2693.0194365615953,1615309
2021-04-26,2689.3759765625,2734.6498711860604,2678.317687359321,2690.4601225628116,2490260
2021-04-27,2716.436279296875,2719.9923629565487,2691.284091525608,2693.886041984704,1471417
2021-04-28,2709.585205078125,2732.915948373883,2699.0905843667165,2732.005223147303,1639037
2021-04-29,2701.9091796875,2738.423308673348,2693.452839264756,2728.232334317733,1621395
2021-04-30,2632.87109375,2716.4805899952744,2619.297665711063,2687.815717231319,3072305
2021-05-03,2634.0419921875,2649.6536997473863,2605.4205283277083,2623.547370739975,1545831
2021-05-04,2645.099853515625,2680.009360558499,2632.3069285744477,2656.418381999483,1990777
2021-05-05,2684.952392578125,2688.161422170152,2647.397535345978,2662.66239468542,1939289
2021-05-06,2698.613525390625,2718.1715667285157,2666.1325450298204,2693.4530314216354,1791671
2021-05-07,2717.217041015625,2740.591400951939,2698.9167814086395,2717.303857404851,1912540
2021-05-10,2728.145263671875,2744.3640470832393,2710.3652675169637,2728.53551392094,2137153
2021-05-11,2708.2841796875,2713.0544232417296,2681.0068903295523,2710.365655812237,2415625
2021-05-12,2677.92724609375,2706.028223718076,2663.18286154144,2706.028223718076,1978558
2021-05-14,2646.61865234375,2687.3825640790137,2636.644503727675,2687.3825640790137,2043935
2021-05-17,2662.4462890625,2667.173124235765,2633.1743411006596,2649.653363656955,2890462
2021-05-18,2678.968994140625,2709.498512495332,2669.601927484197,2688.682902924305,2098538
2021-05-19,2673.071044921875,2704.2944575166794,2660.1481060746196,2674.8056789549196,1986041
2021-05-20,2653.990234375,2678.9690083421133,2647.138514220481,2660.1482702713383,2329027
2021-05-21,2671.770263671875,2678.4485628352386,2649.740494549265,2654.8575806199024,1685566
2021-05-24,2672.637451171875,2693.019401554007,2664.3979393152686,2672.637451171875,1652260
2021-05-25,2714.0361328125,2726.4558550002257,2686.233471414257,2694.8618248735547,1841613
2021-05-26,2752.820556640625,2758.4856931352156,2705.1462966966087,2719.2655174034353,1923753
2021-05-27,2771.5595703125,2804.460945714795,2755.697227906956,2755.8278767357083,5959785
2021-05-28,2739.83447265625,2787.24722336257,2732.905404548071,2779.838967765765,1763701
2021-05-31,2753.386962890625,2763.14859899798,2726.76099180802,2745.4122790029396,1652799
2021-06-01,2748.026611328125,2762.7994996506827,2729.723865106149,2761.6230222062386,1377441
2021-06-02,2727.501220703125,2753.6479998169602,2714.907231319901,2746.1527174741473,2240078
2021-06-03,2737.786376953125,2749.3781612728867,2721.575284562109,2749.3781612728867,1281706
2021-06-04,2739.96484375,2751.382356919882,2723.623105119284,2726.2377833001988,1836060
2021-06-07,2774.34814453125,2780.6669508759305,2731.118921208525,2741.054614347618,2559821
2021-06-08,2789.121337890625,2816.0090363656363,2777.834683752434,2787.24756988465,2574057
2021-06-09,2789.208740234375,2806.4220431387193,2776.963284725547,2790.733969605646,1710925
2021-06-10,2803.63232421875,2809.907509350515,2782.889167914452,2797.705677734228,1874324
2021-06-11,2853.311279296875,2883.9901284053785,2798.577305019544,2799.056705258424,3452954
2021-06-14,2855.53369140625,2883.7285099917262,2850.304335068326,2857.8432386756117,1847360
2021-06-15,2843.680908203125,2874.4033821941325,2833.9194838462886,2874.4033821941325,1304985
2021-06-16,2853.791015625,2871.527124287829,2835.1831346541367,2843.1144114443937,1635552
2021-06-17,2891.616455078125,2907.566036065282,2841.283895276825,2846.077472400759,2273413
2021-06-18,2873.79345703125,2926.6970811893993,2854.3576357639317,2920.5089230337394,3380431
2021-06-21,2852.701904296875,2863.9449383878914,2834.0504005827283,2845.6421861949075,1130569
2021-06-22,2877.1923828125,2899.722282597916,2863.0731604681805,2879.632792142121,1708688
2021-06-23,2842.50439453125,2901.4219086087305,2838.146596530936,2901.4219086087305,1467104
2021-06-24,2940.293212890625,2948.485787073429,2857.4078193674954,2862.201396615176,4155204
2021-06-25,2946.568359375,2962.997128052771,2919.724284589916,2941.7311616603324,2722861
2021-06-28,2908.17626953125,2955.8941539267953,2904.90792128498,2955.8941539267953,1355238
2021-06-29,2911.75,2933.9311494555513,2899.2430345184002,2912.7522084354405,1497322
2021-06-30,2916.019775390625,2947.6138026962844,2909.700969929493,2916.2376652341122,1693146
2021-07-01,2912.315673828125,2930.182641152224,2904.340990599126,2926.6964036255704,990310
2021-07-02,2898.32763671875,2910.7473601936704,2871.962960570235,2903.1648347340215,1682274
2021-07-05,2894.449462890625,2940.6421221899936,2877.889830311606,2912.752214688488,1972858
2021-07-06,2843.288330078125,2900.5497412474615,2837.884704246596,2887.4763499858295,2159420
2021-07-07,2854.313720703125,2861.068306777802,2825.2473392645243,2854.3573412344163,2640710
2021-07-08,2839.976318359375,2874.4029148225313,2816.7927530962797,2874.4029148225313,2485811
2021-07-09,2796.093505859375,2860.4582596113323,2789.8619405898457,2832.568355800375,6365067
2021-07-12,2782.976318359375,2820.366130338717,2778.8364113386365,2819.49457096593,1892226
2021-07-13,2778.1396484375,2801.1923556653715,2767.2015336768995,2801.1923556653715,1809339
2021-07-14,2801.67138671875,2808.1644618657065,2775.9167632036856,2777.6598820502813,2044279
2021-07-15,2797.65283203125,2822.8959915843825,2789.8353960349814,2819.1837810542797,2232968
2021-07-16,2790.534912109375,2812.415165876921,2788.0891771991855,2806.4318691544436,1256526
2021-07-19,2781.625244140625,2794.9018146966923,2774.113390843784,2777.607236424192,1597058
2021-07-20,2800.14306640625,2808.1788699787835,2756.7755727052318,2781.625724283251,1811945
2021-07-22,2809.357421875,2816.869061332024,2786.3416306302406,2786.3416306302406,2859334
2021-07-23,2806.300537109375,2831.368836575758,2800.8849058453,2821.280314782086,1776193
2021-07-26,2792.937255859375,2816.2586385488767,2787.08510563354,2795.077194186681,1259611
2021-07-27,2780.184326171875,2803.8115031390935,2761.142822223809,2795.0768878645167,1121367
2021-07-28,2793.1552734375,2798.9637072093665,2736.030762446464,2784.5953079467704,1660654
2021-07-29,2791.408203125,2817.3062503618876,2786.604165049208,2795.2950640095637,1731997
2021-07-30,2766.645751953125,2815.603314622655,2762.191225983625,2811.6727376362114,2999943
2021-08-02,2812.02197265625,2816.826011085384,2766.25267364857,2777.6076735719776,2608669
2021-08-03,2869.233642578125,2873.688381599337,2811.6288983685017,2820.407229235337,3804735
2021-08-04,2859.6689453125,2886.96461441979,2848.5323123167254,2882.4226577298195,2929598
2021-08-05,2868.404052734375,2895.5250768731294,2849.668344886451,2860.5866144070887,2534521
2021-08-06,2890.983154296875,2903.3862659725373,2851.852033213097,2858.446710732652,2292362
2021-08-09,2902.250732421875,2914.7412755930864,2891.1578130695584,2903.2988436623186,1510489
2021-08-10,2912.033203125,2926.0085870941607,2896.0490283082218,2896.0490283082218,2040777
2021-08-11,2921.030029296875,2934.8307642305435,2906.0939649630977,2926.0961488608095,1929707
2021-08-12,2927.62451171875,2941.8182607499816,2905.132878638491,2905.132878638491,1310205
2021-08-13,3025.146728515625,3039.646275935448,2932.647233176226,2935.4859832902466,4363584
2021-08-16,3033.48828125,3052.1804865769095,3001.6506500469623,3022.1769967008554,2083489
2021-08-17,3103.451904296875,3110.221229785615,3024.7966667750043,3041.4798639236333,4336019
2021-08-18,3110.00341796875,3140.0941242989843,3089.084057481392,3121.6204986858806,2631309
2021-08-20,3109.08642578125,3122.6250799741447,3057.11546291175,3062.3562322767416,2836148
2021-08-23,3177.129150390625,3208.2244687655843,3111.1827993446677,3126.992539662617,3744176
2021-08-24,3155.9912109375,3203.289281535624,3139.5700912462094,3194.248869248207,2511141
2021-08-25,3195.995361328125,3229.8419916236876,3150.61908284588,3153.1957514059936,2123263
2021-08-26,3207.2197265625,3220.976745326856,3186.3001528276395,3196.869122383676,1902533
2021-08-27,3249.408203125,3257.5751546785104,3189.0958480679137,3202.110341078273,3944728
2021-08-30,3232.9423828125,3267.051089548479,3220.9760055391853,3244.908760085815,2033114
2021-08-31,3307.318359375,3322.7350832895377,3234.821052565711,3240.0181060067675,3207480
2021-09-01,3244.865966796875,3333.74068017422,3237.921990071919,3315.660068603454,2643336
2021-09-02,3351.25341796875,3370.818870315569,3251.023710609158,3261.5052486336904,3403717
2021-09-03,3355.882568359375,3368.853342795532,3323.1277643578337,3340.99000815719,1746812
2021-09-06,3364.573486328125,3386.9341846203447,3331.381951416269,3362.564482355028,1723693
2021-09-07,3333.041748046875,3380.2523861240065,3326.359852679405,3375.0553326995914,1585039
2021-09-08,3296.57470703125,3332.2556953856665,3280.72146575847,3327.8883877901417,4147175
2021-09-09,3311.64208984375,3326.753017556797,3288.58278984343,3310.1572478338157,1441148
2021-09-13,3358.765380859375,3364.9231140500738,3290.3295846609585,3290.3295846609585,1691473
2021-09-14,3394.18408203125,3403.4428595697864,3340.990360029368,3362.783182604123,1991188
2021-09-15,3454.14697265625,3476.3765236062077,3376.8019196637183,3390.864734115968,2461369
2021-09-16,3409.3828125,3477.905834512401,3399.6000849237034,3432.7041952994878,2946666
2021-09-17,3343.4794921875,3445.805415618494,3323.520812782857,3423.9688793978444,6477148
2021-09-20,3339.680419921875,3381.169845826488,3326.0108312122866,3327.015226750993,2002008
2021-09-21,3374.138427734375,3381.650282754764,3338.064421190229,3369.8148354860814,1568129
2021-09-22,3373.438720703125,3403.7480006231276,3364.966188124243,3373.7445174793984,1744067
2021-09-23,3379.64111328125,3388.157363421327,3349.725055096878,3380.296209445871,2003869
2021-09-24,3381.431640625,3445.281550083093,3367.19417513383,3397.7653284748635,2320754
2021-09-27,3351.427978515625,3409.9936133201095,3321.6865725122584,3406.4997674048227,1673362
2021-09-28,3300.942138671875,3362.8269749249935,3276.5726466720475,3362.8269749249935,2253075
2021-09-29,3312.078369140625,3324.3942608183484,3251.1544333308298,3284.0403846948934,2489161
2021-09-30,3297.797607421875,3323.5210059352767,3275.568054906828,3323.5210059352767,2252412
2021-10-01,3258.18603515625,3327.8883053026266,3253.6440780189723,3303.2130179995297,1578374
2021-10-04,3295.832763671875,3304.8729634637243,3238.3152308655813,3253.4698752268573,1356860
2021-10-05,3348.240234375,3354.092384166634,3268.143852121344,3278.9746901462354,1877966
2021-10-06,3328.6748046875,3369.3344857764355,3314.7868502187716,3350.5987766638227,1678154
2021-10-07,3400.29833984375,3405.6265405305808,3336.666794676636,3345.3576943401195,1647233
2021-10-08,3437.638671875,3485.023958314772,3406.49985465641,3428.336392186259,2934339
2021-10-11,3219.230224609375,3282.032029644776,3196.8695218895223,3279.8483755997695,11845402
2021-10-12,3190.623779296875,3237.9216320544865,3171.189261812868,3237.0481705945313,5752877
2021-10-13,3192.676513671875,3210.364109498508,3183.7672487938744,3188.1345564053886,3545655
2021-10-14,3160.515380859375,3211.7547258242166,3157.671183895089,3172.373537087952,6442299
2021-10-18,3191.757568359375,3196.614624095019,3151.76382833439,3153.5141032909023,3590107
2021-10-19,3180.380615234375,3229.3447255138362,3172.548177943891,3210.8792402232566,3135441
2021-10-20,3158.239990234375,3176.749062532768,3131.5044974037755,3160.9965878425232,2933693
2021-10-21,3091.42333984375,3157.014855306704,3072.826667240302,3154.083272760841,4871211
2021-10-22,3061.97509765625,3116.889978835823,3049.8543571444025,3115.489673295286,2691670
2021-10-25,3056.8115234375,3075.7145791199464,3019.22441010677,3065.6066981460913,2595594
2021-10-26,3047.75390625,3088.360200298218,3041.1027758674713,3058.167956911908,3878763
2021-10-27,3054.01123046875,3072.8266875803133,3048.104052073259,3048.104052073259,2510813
2021-10-28,2994.414306640625,3078.7338948809274,2988.594727407154,3078.7338948809274,2424942
2021-10-29,2973.498291015625,3028.8507351056073,2963.17162630388,2975.5111498956726,3960501
2021-11-01,3042.328125,3051.604668589135,2986.800689606296,3008.6791285838494,2020718
2021-11-02,3049.154296875,3074.883469780658,3036.508601644295,3057.7306878435525,3087414
2021-11-03,3056.198974609375,3080.396441340284,3033.2704145388475,3066.6568251407275,1537639
2021-11-04,3070.55126953125,3074.576987711035,3067.35710294661,3074.314403715549,328991
2021-11-08,3065.387939453125,3104.9879121203876,3046.5286832194915,3104.9879121203876,2526082
2021-11-09,3067.96923828125,3093.6108076502364,3059.4804479618747,3069.982097096755,1782692
2021-11-10,3049.24169921875,3080.221481918905,3045.6535499293364,3061.2310404939344,1516489
2021-11-11,3052.654296875,3071.7761349092793,3006.9721664145727,3045.4782127830945,1284514
2021-11-12,3085.77783203125,3092.866315766619,3050.4659575133787,3068.2312869317175,1747259
2021-11-15,3109.62646484375,3123.891250400179,3087.485440917633,3087.485440917633,1809157
2021-11-16,3112.33837890625,3129.0973873140833,3099.736486557918,3123.365194953475,2013204
2021-11-17,3082.146728515625,3117.9837806790056,3068.5820970335662,3107.263346120604,1632914
2021-11-18,3041.715576171875,3081.2281652207835,3020.6248891586815,3076.2397102008363,2136598
2021-11-22,3026.575439453125,3076.9396452248434,3010.7355789237035,3044.078189423723,3167936
2021-11-23,3031.6953125,3046.3100671183884,2982.2938396390264,3014.8489143573643,2153461
2021-11-24,3013.361083984375,3056.8991758736497,2996.4708870125883,3038.6524730061487,2161746
2021-11-25,3015.63623046875,3030.601167204628,3005.2659792716213,3013.885955466033,1849619
2021-11-26,3016.468017578125,3054.2301182479646,2985.881788591854,2997.3461762175584,1941251
2021-11-29,3064.7314453125,3088.666540777799,2981.1120166304045,3016.7300692229596,2981745
2021-11-30,3088.491455078125,3118.771298358579,3055.105044565359,3055.105044565359,5588446
2021-12-01,3131.0673828125,3141.7440189198405,3093.611450384857,3093.611450384857,2102118
2021-12-02,3188.03857421875,3192.501861296703,3127.8292802160927,3141.043729353686,3152938
2021-12-03,3185.89404296875,3208.2100476344785,3177.492851759142,3191.14486759598,2486263
2021-12-06,3094.8359375,3201.2527349839775,3082.234043907482,3185.894030279183,1849642
2021-12-07,3136.930908203125,3148.7452664848215,3084.2476643745927,3117.6778798922114,1484458
2021-12-08,3174.035888671875,3191.1448683174553,3151.3699144885136,3151.3699144885136,1428660
2021-12-09,3152.026611328125,3180.906149934033,3120.7404445050583,3159.246495979602,1567957
2021-12-10,3182.699951171875,3187.2506232238497,3128.7040127244727,3137.367788099259,1510718
2021-12-13,3158.940185546875,3204.7537219500196,3151.9828847256335,3194.2520713046342,1883864
2021-12-14,3171.3232421875,3181.1247392304226,3130.104181424236,3154.8706148351234,1747007
2021-12-15,3124.547119140625,3170.6230209966334,3113.870271191835,3167.9976086138045,1603233
2021-12-16,3134.392333984375,3157.889646005069,3124.2406542390527,3134.7423034969993,2072320
2021-12-17,3136.798828125,3195.4330339805606,3127.478486612213,3152.6824864874143,4333992
2021-12-20,3112.7763671875,3155.7457022284616,3071.863690654172,3140.8683653072517,2312310
2021-12-21,3157.759033203125,3186.550974674627,3121.090639703937,3135.311625651659,2340989
2021-12-22,3177.4052734375,3182.699897702745,3155.964406068714,3171.4980956930385,1224328
2021-12-23,3205.366455078125,3212.192571111366,3176.749498197591,3192.5019750481574,1792861
2021-12-24,3212.54248046875,3242.3847576277903,3189.701517657581,3224.882005899705,2209923
2021-12-27,3234.595703125,3238.0086538109676,3196.964791742873,3212.6296670648817,1534135
2021-12-28,3243.740966796875,3259.887211057231,3232.6267631978826,3246.7601484623697,1456218
2021-12-29,3233.37060546875,3255.4678282113414,3224.881814116782,3231.226561240893,1456923
2021-12-30,3267.544677734375,3273.0142871714934,3220.506036575159,3221.687557676224,1966475
2021-12-31,3271.570068359375,3290.51670809093,3265.400306800385,3275.464387157578,1207141
2022-01-03,3341.05615234375,3351.776586595917,3277.3898999482267,3281.765587398091,2346158
2022-01-04,3399.6904296875,3403.5409492549384,3335.7615920816875,3352.7393879083083,2488606
2022-01-05,3378.8623046875,3386.7823423019872,3336.374333605073,3382.406654521235,1733031
2022-01-06,3332.04248046875,3356.1525631255286,3301.0188965083426,3336.024399122429,1810293
2022-01-07,3372.342529296875,3382.3190118461575,3322.372090020068,3343.0254215425102,2460591
2022-01-10,3395.402099609375,3481.2967543270247,3378.905673317406,3481.2967543270247,3937092
2022-01-11,3426.950927734375,3434.9147646258375,3374.530275769995,3374.530275769995,1906106
2022-01-12,3377.943359375,3438.4154498217918,3357.509025682152,3434.9148996056333,3203744
2022-01-13,3411.198486328125,3433.164523752587,3375.405446880889,3428.7888361107916,6684507
2022-01-14,3472.6767578125,3480.421810089149,3378.0745230015314,3393.6520131101706,3348123
2022-01-17,3517.30859375,3538.1807073776067,3467.557157953258,3494.1612509482666,3442604
2022-01-18,3492.323974609375,3537.043374991402,3483.0474311642265,3530.2610590136323,2389041
2022-01-19,3431.87646484375,3517.2208806487747,3428.238348399061,3517.2208806487747,3102539
2022-01-20,3354.641845703125,3436.567108062124,3341.0095022512132,3427.8003552354353,6176776
2022-01-21,3360.734619140625,3376.5586504367925,3306.0301683677976,3337.5027246819773,3112358
2022-01-24,3306.24951171875,3374.893017177605,3278.8534083165705,3366.4331860598354,3258414
2022-01-25,3304.97802734375,3339.606700640597,3263.160659611942,3304.6274428472343,3330501
2022-01-27,3199.207763671875,3272.9799143577297,3178.0361379761725,3270.8759789709575,5718297
2022-01-28,3234.9755859375,3269.823427522156,3196.357997928472,3196.357997928472,3143862
2022-01-31,3275.478271484375,3294.545960318041,3262.4595569437342,3286.655882179972,2739393
2022-02-01,3331.935791015625,3338.3794398855766,3275.609404720287,3305.065779508567,2105169
2022-02-02,3380.634765625,3387.472874793566,3331.9354168675645,3355.8248153763957,1984212
2022-02-03,3352.9326171875,3403.6920341574723,3345.437000165492,3376.076760731597,1960538
2022-02-04,3344.428466796875,3353.0199274159713,3304.189156735994,3344.7792653309098,2307366
2022-02-07,3312.95556640625,3359.2440595715475,3292.9234525604707,3323.4756687605436,1919149
2022-02-08,3281.7900390625,3331.1030236369234,3262.1087218032067,3323.958205706961,2946443
2022-02-09,3296.78125,3312.0353141804735,3284.1133350757727,3287.532283037312,1638721
2022-02-10,3305.372802734375,3322.4240945117594,3294.5457771673173,3322.4240945117594,2112459
2022-02-11,3239.271240234375,3289.723944738236,3234.9317404621156,3289.723944738236,3851488
2022-02-14,3273.287109375,3325.449301007491,3252.466066496485,3264.739523351189,5951745
2022-02-15,3346.970703125,3362.049474126932,3285.778729863818,3319.0923882775924,3931683
2022-02-16,3342.850830078125,3378.794519077385,3336.6263495410367,3369.9400125159605,3256906
2022-02-17,3317.514404296875,3362.049549347574,3312.9557358499305,3353.2827969372806,3134372
2022-02-18,3326.018310546875,3345.3490435758326,3294.195168617033,3304.1891813505617,3688883
2022-02-21,3260.706298828125,3355.738037741911,3248.5644733234813,3340.1331732860235,7465922
2022-02-22,3144.108154296875,3215.5571899740557,3129.730765245821,3199.864787996428,5408531
2022-02-23,3124.29541015625,3176.10679085941,3117.150378194761,3165.6744406252515,2426203
2022-02-24,2982.142578125,3054.205462139813,2972.8938245340382,3045.5701244470206,5039136
2022-02-25,3086.554443359375,3094.6636895714246,3035.049771472032,3040.309823069037,2549723
2022-02-28,3115.87939453125,3124.2516866839496,3029.7021673541517,3059.59688152283,3288942
2022-03-02,3108.822021484375,3131.440286972598,3073.6235938927493,3114.3889952378754,2761341
2022-03-03,3107.28759765625,3137.2700617291334,3094.7513131007195,3123.462426865267,1928039
2022-03-04,3089.7109375,3122.0162965868326,3057.0109032695236,3069.678819607283,2370257
2022-03-07,3055.12548828125,3110.4437820815947,3008.354992186932,3024.529607717447,3054130
2022-03-08,3155.987548828125,3163.921503967849,3033.296869971947,3033.296869971947,3300992
2022-03-09,3184.61083984375,3203.3716060011575,3153.4449895405287,3160.414515499226,2719654
2022-03-10,3174.397216796875,3229.671634344163,3169.181041844232,3229.671634344163,2005441
2022-03-11,3155.285888671875,3190.9667453797583,3149.763005387988,3158.880343092492,1623423
2022-03-14,3193.728271484375,3198.418570177751,3138.497724928373,3138.497724928373,1765688
2022-03-15,3150.683349609375,3207.7549986026397,3143.23160938305,3207.7549986026397,3651133
2022-03-16,3205.037109375,3215.644966004357,3170.277019714628,3191.5363955122302,3090475
2022-03-17,3219.80908203125,3252.465235677881,3208.8945177799264,3240.7178727305695,3600452
2022-03-21,3179.43798828125,3255.927901483996,3169.1809309790942,3240.1916240383766,2413831
2022-03-22,3244.53173828125,3253.342368747572,3177.9482852896654,3191.098416125347,2907611
2022-03-23,3254.5693359375,3269.8236147540456,3234.9318946020617,3250.712050185486,1596195
2022-03-24,3287.40087890625,3294.720989062963,3239.31515426463,3243.6985306574106,1879046
2022-03-25,3250.2294921875,3313.3939844123242,3219.1513985347415,3296.2110645371786,1690133
2022-03-28,3250.44921875,3255.0956410062754,3209.6838141427306,3239.3154843841066,1760990
2022-03-29,3248.388916015625,3262.985474181719,3235.8085398185717,3239.0960722012105,2689063
2022-03-30,3271.357421875,3277.0119341716986,3249.1336196941684,3277.0119341716986,1583455
2022-03-31,3278.721923828125,3291.609008632917,3261.4075857110292,3278.7658004019236,2168110
2022-04-01,3295.203369140625,3298.9292392620346,3268.289479540621,3285.779109421766,1387014
2022-04-04,3305.372802734375,3313.832633765955,3276.2233490114336,3298.0524783670694,1472994
2022-04-05,3344.341064453125,3362.5759539750275,3306.8193178283004,3306.8193178283004,2314947
2022-04-06,3292.22265625,3339.5192456312348,3271.0069428753104,3339.5192456312348,2051729
2022-04-07,3229.8037109375,3283.5878343659406,3225.288918070297,3283.5878343659406,2494829
2022-04-08,3231.1181640625,3248.081916364023,3193.2897112971536,3234.9317871479743,2296773
2022-04-11,3240.542724609375,3254.525867868103,3205.2128787232596,3234.932087901723,2291660
2022-04-12,3235.896240234375,3277.8889009048767,3198.4183716829752,3228.7950847907623,4483476
2022-04-13,3210.3408203125,3252.3336923091606,3204.7301844452404,3249.835082287249,1621672
2022-04-18,3092.954345703125,3164.7978439809913,3088.0887549648314,3164.7978439809913,3820792
2022-04-19,3043.728271484375,3124.07567486195,3015.017161229203,3112.196684148446,3170014
2022-04-20,3118.158447265625,3128.9852577507763,3050.8297479526764,3068.363252251255,2640370
2022-04-21,3181.1474609375,3194.6045112174907,3127.4511035521896,3138.4972969699825,2280996
2022-04-22,3167.033203125,3170.9343651637614,3131.045641465959,3139.461809441389,1581465
2022-04-25,3110.619140625,3142.0041580007246,3097.3814725080088,3119.210601050943,1960694
2022-04-26,3108.953857421875,3145.4234238079243,3084.275317734149,3134.245813020245,1943469
2022-04-27,3122.01611328125,3128.3720093644906,3073.886723725813,3108.690691195903,1727648
2022-04-28,3142.26708984375,3159.8881336605136,3101.720860196266,3145.510745409141,1703660
2022-04-29,3109.303955078125,3176.413485870001,3100.668832593926,3153.4007613811887,2051115
2022-05-02,3105.5341796875,3110.3997699115944,3062.007341104243,3085.8089874536313,1324161
2022-05-04,3050.610595703125,3108.2081148301027,3037.9426815850666,3102.1152648596903,2305825
2022-05-05,3080.110595703125,3097.2935154235815,3055.520027300212,3078.9710891563063,1612262
2022-05-06,3009.27587890625,3046.008490298316,3002.174722989375,3032.420022432544,2010812
2022-05-09,3020.234130859375,3029.7898059191575,2934.100783512281,2978.9426390374124,2481830
2022-05-10,3014.667236328125,3037.50467106659,2999.9829248171122,3010.5030285861963,1622685
2022-05-11,2991.216064453125,3023.1708356998556,2965.047221652753,3011.379595954421,1841769
2022-05-12,2988.279296875,3024.2668622053225,2936.9501272047946,2961.40928345353,2807195
2022-05-13,2993.75830078125,3015.6751825815522,2965.047185622854,3011.3795593615127,2187823
2022-05-16,2960.35693359375,3006.9960126156675,2951.4148891323207,2993.8458842806135,1195813
2022-05-17,3025.932373046875,3039.4330862596703,2937.2126666815007,2954.3955871632793,1754076
2022-05-18,3023.478271484375,3063.9806336202337,3018.4373877523817,3037.6803706707037,1866781
2022-05-19,2859.670654296875,2985.0790857115144,2831.660924184491,2978.0656840417078,4642963
2022-05-20,2886.8916015625,2905.2140286957065,2866.771947358323,2901.795080829601,3065125
2022-05-23,2912.09619140625,2927.1310872588047,2864.098218506576,2897.2365878081046,2293690
2022-05-24,2882.508056640625,2914.813623362685,2871.6373697770555,2906.3097026998907,1711510
2022-05-25,2795.70654296875,2906.2058140394383,2783.7035752705465,2906.2058140394383,3548046
2022-05-26,2848.0439453125,2860.8855384874714,2807.0922841672077,2816.3152100303937,2813186
2022-05-27,2878.360107421875,2893.893396446921,2850.0291844295866,2871.2111184877385,3103153
2022-05-30,2978.929931640625,2988.9473068380908,2900.468608772178,2909.8680052200993,2094624
2022-05-31,2969.309814453125,2986.122800729855,2934.580185318574,2960.30732090412,4840965
2022-06-01,2961.234130859375,2990.182815139659,2947.86312211105,2990.182815139659,1493835
2022-06-02,3021.0732421875,3029.0164671888692,2953.3793566594723,2961.0577643993756,2657939
2022-06-03,3036.20947265625,3068.997470234373,3028.31041962099,3053.19914869008,1913622
2022-06-06,3028.08984375,3047.550788928705,2980.6069647315944,3016.6604681605313,1084210
2022-06-07,2967.853759765625,3017.4107900611675,2961.9405128020458,3001.7008121845647,2308256
2022-06-08,3004.43701171875,3013.0863456965512,2953.5563204177347,2983.2550748623253,2185707
2022-06-09,3024.6923828125,3033.429845494202,2959.381411451845,2987.5356494029306,1279197
2022-06-10,2965.3828125,2994.59631990641,2958.4105111483304,2984.8879321908275,1527582
2022-06-13,2841.55615234375,2906.3374723089673,2817.5939634259803,2903.6897309129977,3030921
2022-06-14,2833.56884765625,2858.5898753729225,2801.9282507618755,2815.431775412681,2611493
2022-06-15,2829.818359375,2854.265800096779,2825.1406388713017,2840.585800127237,1404536
2022-06-16,2773.068115234375,2863.841611879597,2765.1690623293366,2859.561009980705,2032028
2022-06-17,2726.203369140625,2752.5484885593214,2668.7916684356446,2728.939455430997,5240434
2022-06-20,2746.943603515625,2770.199687078133,2708.6396940319523,2730.704207668576,1502769
2022-06-21,2834.8046875,2857.575309853257,2758.4172942182936,2762.4772511283127,2964461
2022-06-22,2844.513427734375,2868.8727412761314,2809.2543718174775,2824.169899477694,3336315
2022-06-23,2920.282470703125,2928.4021684008044,2844.512846792943,2844.512846792943,3692578
2022-06-24,2906.426513671875,2952.2323646195014,2892.6581689209015,2946.9368805574036,2132118
2022-06-27,2925.489501953125,2968.0298384014122,2918.2523850426282,2956.6446362899756,2037686
2022-06-28,2928.534912109375,2938.9935790531804,2888.3335356818407,2918.694224002663,1400046
2022-06-29,2904.131103515625,2941.6407743557447,2886.920783953688,2886.920783953688,2133994
2022-06-30,2883.479736328125,2922.136601895892,2872.800422760592,2887.8042959363,2719603
2022-07-01,2925.8427734375,2941.6408785851318,2870.1960284541215,2877.2125005063094,1502879
2022-07-04,2855.1923828125,2928.3582275862204,2846.3665769061995,2923.106916166727,2622535
2022-07-05,2838.64404296875,2887.80373957271,2830.3918281224514,2872.7998692876445,2170627
2022-07-06,2877.875,2884.7150003833476,2826.24402936441,2840.585965652074,2182144
2022-07-07,2901.793212890625,2929.6384632490503,2881.6703286416773,2886.921641023554,1989921
2022-07-08,2882.022705078125,2916.9288100296644,2868.3868782439968,2912.5159071400585,2136916
2022-07-11,2748.179931640625,2846.3228661315457,2741.2957588231257,2829.6861331120735,6974600
2022-07-12,2722.496337890625,2767.949238860167,2718.568897309372,2749.1502289566492,3734815
2022-07-13,2681.9423828125,2744.8262642688196,2678.632704841115,2739.530779514603,3863530
2022-07-14,2653.625,2705.171029595665,2625.5290954564402,2704.28611921634,4764908
2022-07-15,2649.952392578125,2680.304642138172,2613.140038767697,2671.145950429042,4574806
2022-07-18,2710.922607421875,2722.8246073241294,2667.385065422238,2675.0837415493156,3202795
2022-07-19,2720.435791015625,2724.5948266776545,2681.322794633056,2681.322794633056,1865074
2022-07-20,2800.56396484375,2806.890986629367,2741.4962064485426,2750.1240812703145,3402251
2022-07-21,2811.625244140625,2817.554099319506,2782.2019797554576,2802.5106257992697,2420640
2022-07-22,2806.050537109375,2829.058204711029,2781.7155040691646,2818.439281202573,2075886
2022-07-25,2802.289794921875,2819.722485260362,2786.671213973187,2800.741201840289,1797504
2022-07-26,2757.291748046875,2804.1919910670576,2740.1245756980134,2800.4754112437777,2639367
2022-07-27,2821.84619140625,2826.491970308109,2752.070930434643,2756.4954817697467,1389808
2022-07-28,2885.249755859375,2888.346941611716,2833.1727032922854,2845.871251293897,2106333
2022-07-29,2921.884765625,2935.51251168997,2898.0807687808765,2911.354421156972,2430257
2022-08-01,2919.14208984375,2944.0965166592227,2894.5415407250725,2944.0965166592227,1306913
2022-08-02,2912.94775390625,2931.6192315155813,2895.116681826572,2911.3548721658553,1269114
2022-08-03,2955.157470703125,2963.564117198612,2899.894874580768,2902.505316336652,2895824
2022-08-04,2968.829833984375,2997.9875858111113,2926.7082323905533,2964.4495711102013,2150567
2022-08-05,2977.767578125,2988.342213462795,2968.874186013526,2974.3605869043527,1106933
2022-08-08,2986.08544921875,2990.02325675371,2952.0606921831227,2977.723090286633,1068836
2022-08-10,2968.21044921875,2995.4214416353784,2951.175925510779,2995.4214416353784,1878359
2022-08-11,3028.605712890625,3034.092113924601,2986.6167594368567,3008.6952297525563,1449248
2022-08-12,3010.06640625,3025.5080464020416,2992.102685550425,3025.5080464020416,1472354
2022-08-16,3002.2353515625,3021.8362457691064,2997.633860873879,3018.429254447469,839942
2022-08-17,3009.66845703125,3024.57906570946,2983.121148478597,2995.5098924698354,1622326
2022-08-18,2992.102783203125,3001.615568391867,2975.0682608884013,2999.8457478916357,1430659
2022-08-19,2996.0849609375,3027.7205032408347,2983.253761961322,2997.191098780274,1398410
2022-08-22,2968.4765625,2994.625710996879,2962.149322796206,2977.7238340212034,1536532
2022-08-23,2906.57666015625,2957.2818510423613,2893.656882459739,2937.858111813569,1849256
2022-08-24,2880.692626953125,2927.28306452254,2876.1352096062324,2913.124500727993,1691923
2022-08-25,2847.818603515625,2900.868938739498,2844.765705846881,2898.9664677982364,1946930
2022-08-26,2851.358154296875,2882.1530784169363,2846.5797247103874,2862.065656203263,1457962
2022-08-29,2772.025634765625,2781.0073873469664,2726.4084683684146,2765.3445191987325,2539173
2022-08-30,2841.579833984375,2855.1632945129086,2780.4769460757943,2791.892203374625,3431525
2022-09-01,2771.273193359375,2822.863500543327,2761.8046975535185,2822.863500543327,3546935
2022-09-02,2770.123291015625,2798.9714550279446,2761.185826048759,2798.9714550279446,2052900
2022-09-05,2772.778076171875,2785.653565306753,2754.0623082010966,2764.150200035652,2147912
2022-09-06,2767.1591796875,2779.3709867256357,2748.8415771515884,2774.636629548569,1936453
2022-09-07,2787.11376953125,2797.997994176971,2744.9919497778506,2744.9919497778506,1291534
2022-09-08,2804.8564453125,2817.1125420033727,2796.4057229758146,2805.16625040072,1346113
2022-09-09,2847.33154296875,2861.3574576535334,2803.838288101197,2827.2884110725345,1561185
2022-09-12,2869.719482421875,2893.479407647125,2853.8353875816706,2867.020463110385,1785928
2022-09-13,2857.684814453125,2887.8601223695387,2853.8353687015865,2887.8601223695387,1972678
2022-09-14,2761.27392578125,2779.857041489545,2755.4336476127423,2774.1937021668928,5090269
2022-09-15,2747.0712890625,2776.627205727724,2743.221842962614,2769.769151120317,2138023
2022-09-16,2662.42919921875,2738.221885301835,2654.7305239079215,2721.9836971802556,5322221
2022-09-19,2680.216552734375,2691.897326326489,2643.935227823334,2686.5878641443855,2072220
2022-09-20,2690.392578125,2725.4791818403546,2681.277959674037,2698.976164028321,1544295
2022-09-21,2655.792236328125,2691.365580310537,2653.0932172257844,2679.5078709972368,2253818
2022-09-22,2661.27880859375,2681.23357650881,2636.412961977395,2645.8814577649046,2017983
2022-09-23,2638.84716796875,2674.6417513414617,2636.1481479722793,2658.2709085292804,2652374
2022-09-26,2649.775634765625,2677.606239883684,2589.3364268366727,2619.202153055586,2925489
2022-09-27,2670.172119140625,2676.853234057272,2633.492636216344,2663.0485491439686,2227447
2022-09-28,2686.277587890625,2698.931847080091,2637.0324212069113,2637.0324212069113,2739767
2022-09-29,2652.34130859375,2704.152842506657,2645.881421112963,2702.5156722672205,2493902
2022-09-30,2658.75732421875,2672.1636290441115,2610.574000882851,2646.6340961387687,2817353
2022-10-03,2641.4130859375,2673.0486307094293,2631.7233608871984,2650.306478095884,1763331
2022-10-04,2735.390625,2741.45234749849,2675.0840692343236,2681.234153144955,2145875
2022-10-06,2744.94775390625,2764.4600713056393,2736.5411051618826,2752.956236181768,1790816
2022-10-07,2712.161376953125,2747.6463648942195,2706.144160002529,2740.9209604826137,1939879
2022-10-10,2759.637451171875,2767.114901060243,2659.155829128887,2663.5803812572212,3064063
2022-10-11,2716.276611328125,2783.0430541076635,2701.9411068493428,2743.2220883096206,4730645
2022-10-12,2743.885986328125,2751.9828302585565,2709.6399962637565,2729.860069746357,1665247
2022-10-13,2746.141845703125,2752.0707007889237,2701.0557145691237,2743.8852815020114,2054781
2022-10-14,2742.468994140625,2787.4667582261327,2717.558861749985,2783.04220781625,2245977
2022-10-17,2760.74609375,2775.5178951019166,2724.9918710842394,2726.056468339946,1517005
2022-10-18,2789.979736328125,2799.4285528580644,2775.651533007503,2794.6819429175034,1793722
2022-10-19,2769.70703125,2802.666443942167,2760.9680194833886,2802.666443942167,1194289
2022-10-20,2801.157958984375,2803.5533568233523,2754.7573332077563,2754.7573332077563,1587601
2022-10-21,2783.5029296875,2803.9085424163673,2774.276130572517,2801.60195093847,1021913
2022-10-24,2805.061767578125,2819.523178997157,2799.1175675695504,2812.5143817126964,260949
2022-10-25,2805.41650390625,2825.067906352721,2795.701486132634,2821.7409048142667,2069643
2022-10-27,2801.246826171875,2815.974441397047,2780.7970275331877,2804.1746311987695,2438421
2022-10-28,2806.4365234375,2819.966328853582,2790.245116955959,2794.681118731724,1355739
2022-10-31,2832.9638671875,2838.1540761618767,2819.3454710249935,2838.1540761618767,1919414
2022-11-01,2892.00732421875,2894.580335538735,2842.1022978592464,2851.9059063577597,2991060
2022-11-02,2876.037841796875,2901.1456594790648,2858.6044384654506,2901.1456594790648,1405955
2022-11-03,2845.0302734375,2863.92768787321,2834.6056673057806,2863.92768787321,1422652
2022-11-04,2854.478759765625,2856.8299710167985,2809.0097348143217,2854.1239662115554,1464013
2022-11-07,2868.93994140625,2877.013551831129,2834.6941353155285,2864.7701427720986,1474498
2022-11-09,2853.281494140625,2883.2245139833467,2840.5056757133734,2883.2245139833467,1162267
2022-11-10,2844.05419921875,2861.2216155527403,2812.425588000678,2812.425588000678,1573092
2022-11-11,2941.912109375,2964.66892949014,2887.881691906993,2900.7905009872784,3265394
2022-11-14,2959.25732421875,2971.2345311973,2935.746510520115,2949.0545182740593,1342074
2022-11-15,2956.6845703125,2963.205364241237,2920.664142185574,2946.392957532895,1400708
2022-11-16,2976.867919921875,2988.002111552608,2946.791696692448,2962.273300202032,1748235
2022-11-17,2971.234375,2980.993580173186,2943.509360303449,2963.249570767393,1417986
2022-11-18,2966.310302734375,2983.433314748381,2946.3926959421224,2972.1215090051523,1164540
2022-11-21,2913.122802734375,2957.660223917546,2903.8071976091396,2947.723621770964,1304194
2022-11-22,2941.025146484375,2944.5739483544544,2888.0593218937793,2910.017533464894,1149739
2022-11-23,2935.125,2954.377204529003,2919.7763904219064,2954.377204529003,1150011
2022-11-24,2998.870361328125,3010.226569828701,2935.1251422109576,2942.178342108042,1296591
2022-11-25,3007.299072265625,3019.4538923326327,2970.3472582768977,3001.3992756125285,1588981
2022-11-28,3012.266845703125,3031.563452401908,2985.917039876149,2986.3162366944166,2195437
2022-11-29,3014.130126953125,3042.2099307493936,3001.398715580402,3001.398715580402,1576028
2022-11-30,3008.3193359375,3029.7007368695226,2994.3015254756792,3001.3991290916215,3410702
2022-12-01,3083.598388671875,3087.4577975595,3034.2257665670945,3038.661769149795,2180856
2022-12-02,3051.215576171875,3077.6097915939044,3028.015369256716,3068.0281992766704,2411749
2022-12-05,3039.459716796875,3051.215121915398,3022.6917161363995,3045.7589261802937,1475065
2022-12-06,3003.484619140625,3023.535222614695,2988.0916021858316,3016.5264245590397,1166999
2022-12-07,2999.2705078125,3010.892705993621,2975.6708846388997,2988.357896847238,1167505
2022-12-08,2972.609619140625,2999.270036952731,2962.7616071469197,2980.993620377601,1285619
2022-12-09,2921.329345703125,2993.5031905316173,2906.779344645206,2993.5031905316173,1797896
2022-12-12,2915.740234375,2924.2130430354455,2871.06981618164,2888.281420388924,1527610
2022-12-13,2956.240966796875,2960.1001591337144,2899.1939295105562,2907.5335278353573,1378016
2022-12-14,2985.740234375,2996.076033369137,2964.0480092678117,2971.0570230498492,1213311
2022-12-15,2932.286376953125,2985.2077986532413,2926.829964070142,2979.928999146625,1415694
2022-12-16,2874.75146484375,2920.6640914329523,2861.399053790707,2905.581682698335,2703680
2022-12-19,2840.8603515625,2879.409169250931,2834.1619445916185,2862.9959603058865,2120965
2022-12-20,2878.033935546875,2882.514341262833,2806.7916941337708,2838.06551085569,1529971
2022-12-21,2899.85888671875,2912.723292412185,2874.529272188241,2882.5140757220975,1432566
2022-12-22,2892.00732421875,2922.438343612525,2879.0543273380003,2922.438343612525,1384101
2022-12-23,2864.193603515625,2898.3508201741924,2854.1237919639257,2854.1237919639257,1360281
2022-12-26,2885.97412109375,2902.9197355304514,2861.265719687228,2864.1935243545195,870157
2022-12-27,2891.829833984375,2904.516843595851,2866.9882216660553,2900.435634931459,835883
2022-12-28,2889.70068359375,2897.6854876748585,2862.1086628505846,2883.224076963183,910795
2022-12-29,2900.03662109375,2902.4764224575765,2863.8832008843215,2866.633609062399,1037927
2022-12-30,2889.345947265625,2926.8745733236387,2880.0303416215215,2915.3853696829165,1163131
2023-01-02,2893.56005859375,2898.351071306402,2870.2710452177225,2893.160861684784,709547
2023-01-03,2937.83154296875,2945.505740863758,2879.2319050146616,2885.176105207512,1245178
2023-01-04,2940.759033203125,2952.026652767493,2915.5182224485047,2933.7058325903895,1231668
2023-01-05,2937.60986328125,2960.854474652095,2911.747836974885,2954.555264030216,1826057
2023-01-06,2849.28857421875,2929.1366126366033,2839.0413659681253,2927.761408654629,2488376
2023-01-09,2945.461181640625,2951.7159883266663,2857.805731152668,2864.7703415409696,2885060
2023-01-10,2915.695068359375,2925.9866787944575,2865.7458632246403,2914.453074542084,3864655
2023-01-11,2953.224365234375,2971.6781796058563,2902.165931337438,2918.9785546870203,2720512
2023-01-12,2958.23681640625,2972.1214163824147,2941.5574051372632,2953.4902075036,2250391
2023-01-13,2993.902587890625,2997.850586923589,2932.1977477900155,2965.8225611920748,1742837
2023-01-16,3025.206787109375,3042.4013462974403,2992.5415773071954,3009.736136495261,1843607
2023-01-17,3065.448486328125,3068.5336669447215,3013.3657108008815,3021.5320135401794,1688475
2023-01-18,3075.973388671875,3093.167944872854,3059.86762830346,3066.899720858684,2421189
2023-01-19,3060.639404296875,3073.2517157010698,3049.6601761060806,3066.900147348573,1585044
2023-01-20,3051.565673828125,3080.1929219636927,3044.7604221587917,3053.289582307642,1529349
2023-01-23,3098.56689453125,3102.2871871387383,3044.76021881266,3074.15881545073,1067916
2023-01-24,3117.984619140625,3132.184821132738,3100.7446497194815,3107.731329864083,1387863
2023-01-25,3112.041259765625,3116.804935431131,3089.583931628239,3108.003521839882,874110
2023-01-27,3095.07421875,3126.7866507783147,3068.987417760483,3108.63931095952,1785879
2023-01-30,3115.580322265625,3138.0830660856614,3071.936106524571,3103.19485247326,1953798
2023-01-31,3047.5732421875,3129.5085196989075,3040.5865611803533,3129.5085196989075,2820375
2023-02-01,3092.624267578125,3102.287637094733,3044.216151638733,3051.475087320733,2205161
2023-02-02,3139.851806640625,3147.655249284631,3103.2851039108023,3109.545845862908,1813847
2023-02-03,3159.723876953125,3179.4136948565433,3133.0471565298344,3179.4136948565433,1804469
2023-02-06,3139.443603515625,3151.4208005439305,3118.483564097363,3151.4208005439305,1138714
2023-02-07,3150.876708984375,3169.4323162301434,3140.7594359817185,3147.5646871617146,1455647
2023-02-08,3194.022216796875,3211.987903653968,3155.867395499648,3155.867395499648,1986946
2023-02-09,3212.85009765625,3218.9748240809963,3180.5931608475644,3189.3945752566206,1655427
2023-02-10,3209.855712890625,3214.2111181684145,3183.17899401736,3193.9313800289237,1187821
2023-02-13,3159.814453125,3220.2451782155104,3151.6481508979105,3220.2451782155104,1087939
2023-02-14,3175.875244140625,3198.3325768166574,3171.2475839488407,3180.3212537169347,1579818
2023-02-15,3194.520751953125,3199.3752528157324,3139.6250619941484,3163.987948544657,1429449
2023-02-16,3228.45703125,3243.8368567974812,3200.2832430558647,3200.464672141428,1618931
2023-02-17,3176.82763671875,3211.0807383085594,3166.7105840645268,3199.5118099570345,1061369
2023-02-20,3164.26025390625,3195.7458372424326,3153.145010718794,3177.5985014261782,1296082
2023-02-21,3131.3232421875,3183.859698266715,3125.6521989352045,3170.340019763293,1139541
2023-02-22,3086.4541015625,3127.6938852483454,3080.510803718634,3098.6127301158713,1218430
2023-02-23,3097.56884765625,3132.593073464419,3092.306075874683,3104.101844356599,1441570
2023-02-24,3085.455810546875,3115.852602482513,3068.987189496275,3105.463295514014,977592
2023-02-27,3023.21044921875,3075.9737450556004,3008.8285954585162,3075.9737450556004,1128022
2023-02-28,3005.970703125,3077.7887089468877,2994.2201238468547,3020.170907349562,4116217
2023-03-01,3072.072265625,3075.066620891651,3007.921465994636,3015.180401659178,1669307
2023-03-02,3013.774169921875,3057.73605810997,3010.643797981265,3049.6605801733067,1556538
2023-03-03,3032.556396484375,3046.9382514091512,3022.5301687973756,3043.3087835694737,1043190
2023-03-06,3059.505126953125,3089.5388380017994,3047.845373843557,3050.4766492061635,1334132
2023-03-08,3076.3369140625,3081.4182577501183,3022.3033877346093,3052.3825144497637,1844590
2023-03-09,3027.747802734375,3071.437437196996,3022.303600482327,3071.437437196996,1648500
2023-03-10,3022.43896484375,3028.1100076327843,2985.2369241476845,3006.0155363166627,1024404
2023-03-13,2977.932861328125,3057.6451349988492,2968.9046046501835,3024.253987560838,1901233
2023-03-14,2917.13916015625,2998.3030847586924,2912.1032295746863,2976.1634210899015,2670334
2023-03-15,2902.576171875,2958.3340505571196,2896.31542826231,2948.9427136129407,1780522
2023-03-16,2889.96337890625,2921.539789172319,2878.167610012755,2910.8328161793565,1901060
2023-03-17,2884.79150390625,2922.9915158184126,2852.761409425427,2858.6592940187047,6739966
2023-03-20,2852.126220703125,2876.0352039233617,2808.3457708538554,2876.0352039233617,2289468
2023-03-21,2818.372314453125,2864.3303576607777,2810.523458137798,2852.1263176035486,1815297
2023-03-22,2840.78466796875,2852.308184645108,2818.3727472154897,2840.1041427139435,1123939
2023-03-23,2835.20361328125,2854.8936502715574,2813.744476842171,2826.356786886793,1372218
2023-03-24,2831.438232421875,2876.35289113198,2818.2814132037633,2857.207362142478,1329577
2023-03-27,2833.071533203125,2860.700809218684,2818.2814093833103,2844.595047783863,1524217
2023-03-28,2827.264404296875,2857.7974330642905,2822.0470446787185,2837.336265387191,1303530
2023-03-29,2848.134521484375,2858.2063849748315,2816.5583234038386,2839.1516757416657,1740616
2023-03-31,2908.927490234375,2915.369883910021,2860.0205023605313,2894.455032314574,2382581
2023-04-03,2903.573974609375,2926.2127336376348,2879.7555943489074,2926.2127336376348,1521830
2023-04-05,2939.687255859375,2961.9631570208894,2890.4171900754327,2890.4171900754327,2655065
2023-04-06,2922.3564453125,2955.611574142893,2917.1844984383324,2926.258167173755,1703464
2023-04-10,2961.1015625,2968.9050077931392,2917.1850855913635,2921.7219208722213,2203187
2023-04-11,2916.095703125,2969.766365096571,2896.4510773934976,2961.6454758816367,2348779
2023-04-12,2941.365966796875,2958.8781931293734,2902.666855227049,2928.9350839632298,2417727
2023-04-13,2893.45703125,2930.7950906210835,2885.4267455650293,2912.6477525986616,4174070
2023-04-17,2848.678466796875,2870.3644477381677,2785.8433071135864,2843.7787740020203,5505048
2023-04-18,2840.73876953125,2864.4211329587547,2822.4554160887333,2862.6970030263255,2617302
2023-04-19,2803.40087890625,2849.1320823181222,2786.9774493121377,2840.738938445051,3298034
2023-04-20,2817.193359375,2824.633725139399,2792.8758772820656,2803.7642822617227,2419999
2023-04-21,2868.050537109375,2871.3169247867468,2813.5631145888788,2821.910845131191,1929184
2023-04-24,2880.708740234375,2886.288958566477,2836.565203622376,2859.204187054987,1640676
2023-04-25,2881.797119140625,2895.5890509725477,2855.937163883853,2888.1486870984286,2024090
2023-04-26,2901.895751953125,2911.196263925913,2886.334496140423,2886.334496140423,2000029
2023-04-27,2892.640625,2902.848503896997,2876.943131368921,2889.963936616484,2434446
2023-04-28,2921.040771484375,2928.2997063828375,2900.1713336512958,2903.936817519828,2931312
2023-05-02,2921.1767578125,2935.3317693287354,2912.647598004711,2935.3317693287354,2321159
2023-05-03,2885.335693359375,2918.0917245239298,2879.210967258462,2918.0917245239298,2468285
2023-05-04,2922.3564453125,2925.7590710882832,2883.611924117269,2885.5626742853387,1953253
2023-05-05,2931.430419921875,2943.4984449042227,2912.6933806381967,2921.7216376669535,1710027
2023-05-08,2949.4873046875,2953.3436144974826,2931.975077010079,2944.405960798404,928235
2023-05-09,2979.112548828125,2992.496211386631,2945.3131298244402,2951.3018403250803,1107375
2023-05-10,2982.3330078125,3000.2080880605745,2963.5051481943974,2985.2365370389502,1559987
2023-05-11,2978.114501953125,3003.112507036917,2968.904815539429,3002.477394443756,1719623
2023-05-12,2970.991455078125,2985.237070959748,2958.0160642336714,2975.392051583769,1027479
2023-05-15,2953.524658203125,2987.0518206947813,2947.4453443068564,2979.792885529059,1150390
2023-05-16,2956.33740234375,2980.700292430745,2949.3507214579936,2954.5680811783823,986306
2023-05-17,2911.468017578125,2976.1633194055926,2901.9860781368707,2954.341101981148,1588815
2023-05-18,2903.4384765625,2929.842724193188,2899.037657861475,2927.1206231059946,1369364
2023-05-19,2924.307373046875,2934.878108354694,2906.3414649157826,2912.6476202870826,1152449
2023-05-22,2993.13134765625,3001.9781755192334,2919.044923957323,2930.795281788258,1333243
2023-05-23,2991.63427734375,3019.671827774928,2985.328121281898,2999.7551673241283,1687418
2023-05-24,2997.3505859375,3009.9174847895656,2972.5340122132757,2972.5340122132757,1016555
2023-05-25,2988.412841796875,2999.7549278823344,2964.458444594432,2988.8665252402934,1374917
2023-05-26,3020.53369140625,3029.3805189934887,2986.144573292574,2988.4129906226353,1791115
2023-05-29,3012.775634765625,3059.6410443587624,3005.1990328933043,3049.478579856899,1210372
2023-05-30,3009.01025390625,3018.7644486791137,2995.535987530445,3007.9214578645388,1344224
2023-05-31,2984.783203125,3019.444571909924,2962.6887320872042,3002.4768564038986,5815424
2023-06-01,3016.08740234375,3030.605271909785,2992.0421808750048,3007.0137338649783,1177314
2023-06-02,2999.39208984375,3026.885129479105,2991.9969167513864,3018.1291275724834,2030661
2023-06-05,2984.238525390625,3018.8092884490875,2980.745296189502,3007.920887048009,1861468
2023-06-06,2932.8818359375,2984.193474251993,2922.265688378492,2976.1631892319806,2022849
2023-06-07,2971.535888671875,2975.1201652874615,2940.776238166273,2951.664641393053,1567196
2023-06-08,2936.647216796875,2967.089417047442,2933.51684566189,2958.923115899605,1759366
2023-06-09,2912.0126953125,2948.942484583645,2908.4286402901084,2944.405649991978,1775689
2023-06-12,2946.1298828125,2952.935135449067,2913.55549546886,2917.1849635416957,2324605
2023-06-13,2943.22607421875,2962.5530341832255,2938.961493941644,2958.016199521383,1371928
2023-06-14,2949.895263671875,2954.250669184191,2927.0296616386267,2943.2260282131615,1658544
2023-06-15,2940.068359375,2968.542954682689,2934.3093897698986,2966.5776965411455,2273810
2023-06-16,2902.224365234375,2924.6201884525344,2884.947676592289,2922.426401161454,4156189
2023-06-19,2934.675048828125,2938.788566807641,2902.3154633249883,2916.027189923374,1468186
2023-06-20,2950.48974609375,2954.8775439257606,2926.1286639643267,2937.9664118104856,1528452
2023-06-21,2978.369384765625,2981.294508068641,2947.060946684183,2970.873686560209,1645987
2023-06-22,2960.361572265625,2987.007936549625,2952.68309515918,2980.015045726706,1529603
2023-06-23,2940.114013671875,2970.3253373650405,2933.5322068110854,2959.2646792263045,1119505
2023-06-26,2915.707275390625,2937.8745675991736,2900.487347535049,2929.7390320989075,1978803
2023-06-27,2922.746337890625,2933.9897763659774,2908.9888594306585,2926.9968843217794,863542
2023-06-28,2939.29150390625,2953.460288680506,2919.1352202864086,2932.4813906976683,1575872
2023-06-30,3018.63623046875,3025.7206216523773,2938.0570832427293,2943.4502724231584,2672406
2023-07-03,2991.258544921875,3033.764892219911,2988.013392052773,3029.6513747394556,1687264
2023-07-04,3024.669921875,3030.2916406270174,2995.8295450348064,3007.4387624925753,1656681
2023-07-05,3034.81640625,3043.0891926066924,3021.150430028573,3034.8621566398974,1453008
2023-07-06,3037.5126953125,3042.58607828234,3018.4077807602575,3022.567048714725,1848238
2023-07-07,3043.3173828125,3068.592573451774,3018.407748906473,3018.407748906473,1789326
2023-07-10,2990.938720703125,3039.2040404212626,2984.7684440589132,3039.2040404212626,1407431
2023-07-11,2991.350341796875,3012.0094335540425,2980.7467399101047,3012.0094335540425,1110172
2023-07-12,2979.923828125,3006.661695723324,2970.9656783737587,2999.1659962790054,1515240
2023-07-13,3053.6474609375,3078.2370696219364,2991.6704080781747,3001.954203690696,4585146
2023-07-14,3212.79443359375,3222.1185858228855,3064.113707093481,3075.997202974214,6306101
2023-07-17,3191.8154296875,3245.016880200195,3178.4237336660526,3208.5437794971795,2743228
2023-07-18,3196.523193359375,3221.341326855405,3167.408540736089,3177.4638059447752,2600090
2023-07-19,3172.025634765625,3214.8062726533203,3149.721088994992,3199.4033415826343,2405370
2023-07-20,3174.087646484375,3188.3847912979368,3149.113232732391,3164.7394703076247,1715404
2023-07-21,3087.020751953125,3148.058998813378,3078.543199020897,3119.785348420925,3770223
2023-07-24,3111.26171875,3128.4000771632996,3090.5032611034767,3098.659951717726,1680132
2023-07-25,3115.29443359375,3122.3057333138704,3097.926950811684,3113.782310935107,1272980
2023-07-26,3105.350830078125,3135.182698475512,3102.3263608103393,3116.3946067778425,1066803
2023-07-27,3113.23193359375,3126.750192106114,3102.3716364305046,3111.444818744401,1701769
2023-07-28,3075.197509765625,3110.299202025282,3052.8351919764364,3102.3257654879126,2599831
2023-07-31,3135.73193359375,3140.4976478889985,3080.2382907228434,3083.446013157544,2743678
2023-08-01,3163.776611328125,3171.062678801949,3129.8205341354496,3129.8205341354496,1956167
2023-08-02,3153.328369140625,3158.5981985732005,3128.5374375079987,3148.104409062401,1914899
2023-08-03,3116.02734375,3146.546576146607,3086.7454652186043,3134.4030555367062,2026351
2023-08-04,3155.986572265625,3181.1442369080387,3117.2189097618743,3117.2189097618743,2248493
2023-08-07,3193.104248046875,3196.7243469805094,3153.8783426165933,3165.517747179838,1853889
2023-08-08,3180.778076171875,3198.5120668673753,3167.9471847371406,3193.1048521210755,1634225
2023-08-09,3173.354248046875,3177.4784629540836,3139.0316598474765,3175.5537398295282,1794589
2023-08-10,3154.65771484375,3175.5535568337395,3143.613939700264,3161.8979133179873,1096701
2023-08-11,3160.7978515625,3177.1571005314463,3128.903883221951,3150.991431301233,1679974
2023-08-14,3161.7607421875,3166.48058757082,3126.1549303050842,3153.3747042088594,1190425
2023-08-16,3169.596435546875,3176.5618655495573,3148.333861924489,3161.8979908095707,1328445
2023-08-17,3148.83740234375,3171.795571791625,3128.1704629055844,3166.479873418513,1843241
2023-08-18,3085.9208984375,3125.238323326548,3076.205991860868,3125.238323326548,2526749
2023-08-21,3117.585205078125,3125.008880452658,3090.4113043144994,3093.160780563889,1375579
2023-08-22,3099.713134765625,3126.154016815938,3084.0412567958697,3116.0726054453794,1222012
2023-08-23,3114.46923828125,3117.9060836115095,3094.0772893217095,3105.0751943785403,1330046
2023-08-24,3104.84619140625,3128.033486881535,3096.0021319156044,3123.4051569072394,1152881
2023-08-25,3098.93505859375,3103.059273411215,3070.477931602647,3093.1611130987044,1158046
2023-08-28,3093.6650390625,3110.5742740278224,3079.5052804737493,3110.5742740278224,1037485
2023-08-29,3094.21484375,3106.4959726571,3083.9960459073914,3098.705789480217,944517
2023-08-30,3107.77880859375,3123.496782192859,3100.5386105821626,3114.240122580418,1188200
2023-08-31,3076.481201171875,3132.0204967577633,3064.429193943753,3116.990113497606,3417652
2023-09-01,3097.010009765625,3105.9916769517795,3076.4806765569438,3084.9123589907613,1277950
2023-09-04,3133.0283203125,3146.1800717696538,3088.6243217343977,3095.9103893566257,1828332
2023-09-05,3142.972412109375,3159.148408891023,3120.7931233027793,3134.403121092921,1501842
2023-09-06,3143.47607421875,3156.3069632511065,3114.3318052761847,3147.233781222262,1314818
2023-09-07,3166.709228515625,3171.0625658531403,3136.5108595249253,3144.3010421288996,1885092
2023-09-08,3154.474609375,3175.645670009594,3148.196771667325,3166.709870505238,1518917
2023-09-11,3189.988037109375,3194.6163668180566,3157.3151842826364,3172.8955494880947,1783604
2023-09-12,3281.775634765625,3290.115580347699,3192.142644108113,3200.3910747130435,4476016
2023-09-13,3269.90673828125,3289.153074204672,3248.964802311003,3272.8853378884464,1754929
2023-09-14,3262.7578125,3297.2636512739155,3249.514546133057,3271.922733688605,2604721
2023-09-15,3297.813720703125,3306.1080193423236,3264.9573878973515,3269.906579718022,2952897
2023-09-18,3305.0078125,3317.05981755895,3276.6882968344953,3281.0875035527256,1395753
2023-09-20,3304.916748046875,3322.28423051511,3281.0420814466465,3281.0420814466465,1649396
2023-09-21,3285.8994140625,3303.9542650181074,3233.3843680953905,3288.8780136079395,2004073
2023-09-22,3302.716552734375,3330.3030534939417,3267.3400931464826,3284.7075730917886,1989083
2023-09-25,3278.4296875,3317.701464222715,3261.474583332011,3301.6628521719144,1238778
2023-09-26,3286.265625,3294.7431767877106,3240.716013118244,3269.677252510413,1726062
2023-09-27,3289.565185546875,3312.2024959846676,3258.770961052586,3290.2066852753064,1541134
2023-09-28,3241.403564453125,3301.937914832368,3232.788627869385,3299.3716920990314,1755753
2023-09-29,3233.934326171875,3270.4564045061975,3212.8091371274368,3241.816024498274,2243791
2023-10-03,3220.415771484375,3239.066250983437,3189.484163912358,3239.066250983437,1948148
2023-10-04,3242.31982421875,3251.7138679466116,3186.9179232767315,3195.166351915829,1788138
2023-10-05,3289.611083984375,3321.3674464755695,3254.646775316749,3257.2129980061186,2990768
2023-10-06,3318.984375,3331.402887606666,3276.5051007551597,3291.123104883123,2075691
2023-10-09,3334.5185546875,3371.7738627181334,3327.782249396451,3340.6590059630685,4233074
2023-10-10,3325.85791015625,3343.3629978093345,3300.6087331855642,3336.07693076371,1848148
2023-10-11,3308.445068359375,3345.1964946926682,3303.954346127964,3345.1964946926682,2426417
2023-10-12,3246.71923828125,3288.969391201641,3242.6408930553534,3276.459363134494,4241281
2023-10-13,3272.65625,3278.2925875083633,3230.634993281236,3235.2174542646135,2890357
2023-10-16,3229.763916015625,3276.1382803907245,3225.227325030977,3268.2107135060846,1671104
2023-10-17,3214.18408203125,3239.02088691928,3210.793105570875,3235.2175337108697,1672065
2023-10-18,3196.036865234375,3228.526463289023,3193.058266105545,3217.8035511758235,1408245
2023-10-19,3175.270751953125,3194.750838771474,3171.8250136242077,3187.9971019140276,1514545
2023-10-20,3211.0146484375,3215.5629781222533,3164.612039380442,3170.446688296385,1481211
2023-10-23,3133.462890625,3196.6807567158576,3125.3310816509666,3191.2135626827485,1106272
2023-10-25,3115.039306640625,3147.1075537327565,3103.185832642016,3115.4067623155947,1518537
2023-10-26,3066.017822265625,3099.969784152135,3059.815493562458,3094.778295044471,1984471
2023-10-27,3079.066162109375,3089.219650502849,3066.2480588126136,3078.193286491536,1108851
2023-10-30,3104.4267578125,3108.377916282555,3063.261622377677,3078.1931563450225,910972
2023-10-31,3095.4208984375,3123.2165146683674,3078.2381987247927,3123.2165146683674,999811
2023-11-01,3060.41259765625,3098.0402370916254,3042.357019784433,3082.787013402831,1563475
2023-11-02,3087.473388671875,3102.037240795796,3071.944460658224,3071.944460658224,1245384
2023-11-03,3079.01953125,3113.017479853767,3072.9551669090106,3107.596275079441,1402598
2023-11-06,3105.988525390625,3117.060876071951,3086.462674887097,3101.164491736812,1099852
2023-11-07,3096.983154296875,3127.9488065367595,3092.894256963761,3103.9206179511543,1191144
2023-11-08,3107.18359375,3125.928323522244,3096.1572293352783,3097.902980634826,992899
2023-11-09,3075.849853515625,3116.32583917985,3070.88807990428,3115.0395198974807,2112352
2023-11-10,3062.985595703125,3075.8496851503864,3052.786345097661,3067.1664696398684,1338557
2023-11-13,3061.239501953125,3083.705667927278,3057.058628484521,3083.705667927278,1030990
2023-11-15,3128.08740234375,3136.081470807579,3083.7522335870945,3108.6075388652434,2059802
2023-11-16,3214.046875,3242.991076076638,3137.183806430668,3151.7478830543773,3951984
2023-11-17,3218.273193359375,3238.5341769694555,3209.1765350847563,3214.046556157104,2021292
2023-11-20,3234.031982421875,3247.1715506735513,3207.982113123897,3207.982113123897,1475621
2023-11-21,3225.394287109375,3251.903586140033,3216.940788629454,3234.0317377362467,1807236
2023-11-22,3243.726318359375,3246.023477409339,3198.656237264632,3216.0226699495847,1798051
2023-11-23,3223.603271484375,3256.45264566112,3216.022646674357,3243.588555074423,2729804
2023-11-24,3176.603515625,3220.20354959885,3172.836085044069,3210.7392094309985,1989733
2023-11-28,3188.594482421875,3198.7939582765516,3154.4587888727906,3176.6034917170814,1689195
2023-11-29,3228.656982421875,3232.562152731457,3193.7861535827024,3198.564199448039,1441634
2023-11-30,3204.62890625,3231.3217154069443,3198.5643165203733,3215.5173057360876,3266235
2023-12-01,3226.72705078125,3231.597072394953,3206.879732976231,3216.022380305287,1172141
2023-12-04,3227.462158203125,3259.9440736924166,3214.184625072852,3257.0495189763487,1625213
2023-12-05,3245.05859375,3250.9392307206267,3218.595278718338,3250.9392307206267,1377656
2023-12-06,3311.67578125,3319.715836270886,3239.1313339103185,3245.9770459364727,1896572
2023-12-07,3321.599609375,3335.979957891831,3300.282020829863,3312.502950367504,1967653
2023-12-08,3332.4423828125,3349.2576305979355,3309.792486099661,3338.2312680280656,1641155
2023-12-11,3347.327880859375,3356.608492292705,3321.6916779737553,3328.950610165191,1102503
2023-12-12,3374.1591796875,3398.3251133631525,3336.3937952739866,3343.698716167012,2236866
2023-12-13,3301.982421875,3353.85222859886,3273.9110932870517,3347.9256030886827,3850968
2023-12-14,3369.702392578125,3379.580175854481,3333.269542133453,3335.4747249461025,3290396
2023-12-15,3547.732666015625,3579.8469067429264,3369.1974082492507,3369.1974082492507,8531230
2023-12-18,3546.078369140625,3610.215093447748,3519.3853366273415,3545.0677537772526,2521612
2023-12-19,3506.56689453125,3542.310819797178,3482.4927153495696,3533.030208580236,2004435
2023-12-20,3473.350341796875,3582.4653925926305,3460.9456833906206,3516.7206581730966,2586083
2023-12-21,3480.1953125,3497.837445851442,3439.627580966257,3451.4808297235973,1517562
2023-12-22,3513.73388671875,3533.902894889367,3456.7643519445446,3491.681163580348,2413058
2023-12-26,3487.5927734375,3522.9230339059286,3482.6307754103036,3509.921203730051,1285231
2023-12-27,3501.972900390625,3508.4049455776526,3462.2780378170705,3490.762809359621,1293976
2023-12-28,3491.58984375,3526.5986380449217,3484.4228868485006,3513.734547129698,1682889
2023-12-29,3485.61669921875,3512.447692792302,3459.8885213069443,3484.330380055923,1574996
2024-01-01,3501.881103515625,3521.0852627367144,3466.8723111444738,3482.4929921117296,825907
2024-01-02,3476.24462890625,3501.881057224548,3461.588799764739,3501.881057224548,1344068
2024-01-03,3392.214111328125,3465.815162750429,3387.8954980179637,3461.3585853248583,1803075
2024-01-04,3369.288818359375,3417.2534494983192,3354.770729797893,3401.4030536919613,3598144
2024-01-05,3434.6201171875,3443.6710132655903,3376.685947407125,3376.8236872126063,1963127
2024-01-08,3379.855712890625,3436.319831034353,3374.4342835516945,3434.6198437984353,1067805
2024-01-09,3390.5146484375,3447.897858716544,3383.944863545508,3408.937908160742,1370944
2024-01-10,3411.786376953125,3426.671921717854,3388.7687999719633,3390.606527086916,1292227
2024-01-11,3432.46044921875,3466.8718409930243,3406.2268525208433,3421.847531369738,1777909
2024-01-12,3567.763671875,3588.392115065258,3511.5292637762777,3535.787173361786,6813450
2024-01-15,3587.059326171875,3643.293726721728,3569.784647746258,3638.6994092857612,2801505
2024-01-16,3548.0078125,3582.6489229025124,3542.7243471738425,3582.6489229025124,1432672
2024-01-17,3569.417236328125,3592.7102914180577,3503.213076388841,3509.1397010883193,3458696
2024-01-18,3585.95703125,3591.6539404750943,3548.6510808536727,3581.7301691267776,2239110
2024-01-19,3648.3662109375,3667.334143476537,3622.4587908841813,3650.1704325122582,2941975
2024-01-23,3569.903564453125,3639.899768957106,3555.5619574424277,3608.533376885165,2618854
2024-01-24,3554.6826171875,3593.404816399615,3521.1880741248146,3590.027689987292,2657709
2024-01-25,3525.537109375,3572.447997496506,3496.298646388011,3552.924816553991,2205154
2024-01-29,3516.932373046875,3534.512408586967,3498.288373082006,3516.747365220146,1646747
2024-01-30,3516.515869140625,3560.234639498123,3503.978483467616,3522.900107152383,1411621
2024-01-31,3530.764892578125,3547.4659708226372,3512.722225277384,3526.3698838766622,2459358
2024-02-01,3566.110107421875,3613.0673074626943,3520.679730209892,3534.512397161187,2363107
2024-02-02,3669.87890625,3686.626068543693,3582.62636463885,3585.4484682920206,2826510
2024-02-05,3676.35546875,3721.415829059659,3665.9925459315737,3685.3304940687767,1691523
2024-02-06,3826.896240234375,3839.757334049395,3691.8075431661405,3698.2843985050285,4474396
2024-02-07,3778.22705078125,3844.4761158429774,3769.4833416173137,3842.625585823318,2124267
2024-02-08,3825.13818359375,3847.2519270638386,3780.679154505362,3784.3339061306156,2345173
2024-02-09,3824.7685546875,3872.0031576984056,3793.586939856255,3827.405198811571,2100596
2024-02-12,3812.73974609375,3848.7324649898974,3798.721619618426,3821.3445300582025,1013716
2024-02-13,3839.386962890625,3858.3548946268,3776.468945424289,3817.1345212525353,1257415
2024-02-14,3793.67919921875,3807.372940800221,3746.8606988444094,3800.063437499442,1391283
2024-02-15,3796.547607421875,3836.4261683169548,3777.857073318582,3819.493999181755,1091582
2024-02-16,3819.771240234375,3837.9530585421244,3793.6790388446657,3805.8461829865505,1307556
2024-02-19,3797.102294921875,3819.7712872346397,3751.949544010636,3814.9136460247614,772291
2024-02-20,3729.4189453125,3791.7356277963377,3710.312315144781,3777.02400598197,1193648
2024-02-21,3693.1953125,3759.6756942779607,3683.1100141804095,3713.088510350119,1885939
2024-02-22,3781.65087890625,3788.9140740170506,3674.2275161668267,3674.2275161668267,2982052
2024-02-23,3749.266357421875,3821.344409805824,3743.9921662615307,3821.344409805824,2538072
2024-02-26,3702.031494140625,3747.3231697416345,3685.0990998243196,3734.369460019071,1379284
2024-02-27,3797.657470703125,3815.792754559911,3700.13463275584,3700.13463275584,2960475
2024-02-28,3811.120361328125,3844.3833662089555,3783.408494524996,3789.5153337368693,1939225
2024-02-29,3789.052734375,3828.8391287714094,3760.785843874876,3792.661177462347,3772719
2024-03-01,3788.358642578125,3830.5968972344103,3781.37284701895,3800.248387556673,2043265
2024-03-04,3775.728759765625,3810.148571852321,3771.287442681426,3798.212743964883,1749271
2024-03-05,3712.255615234375,3760.276776027011,3682.554519829602,3758.426246117549,2070859
2024-03-06,3760.554443359375,3767.678938412685,3662.6150564319732,3695.5545795520343,1744204
2024-03-07,3801.543701171875,3815.792691183568,3735.942280037316,3761.20205859874,2688905
2024-03-11,3814.2666015625,3842.6258859710188,3783.408920716469,3783.408920716469,2304068
2024-03-12,3878.94189453125,3913.8245630337647,3813.0628509397507,3814.265966419898,4039801
2024-03-13,3838.9248046875,3924.0491917762565,3823.1026815119985,3890.7396490023953,2837260
2024-03-14,3893.145263671875,3909.2447849727837,3780.6329447097737,3843.0422522294866,2919608
2024-03-15,3903.923828125,3922.19780942629,3864.831387113379,3879.2656095371062,3373143
2024-03-18,3842.162353515625,3936.7706860013495,3810.102016287895,3900.2227238186,1526904
2024-03-19,3680.056396484375,3754.7252341028843,3670.1561065216574,3748.479695578933,8931209
2024-03-20,3674.134765625,3717.714838283346,3664.2344751221162,3688.1063577395266,1817913
2024-03-21,3676.031494140625,3708.8320928330704,3652.946177836041,3691.853615815909,3829582
2024-03-22,3618.619140625,3643.693914856103,3566.896912587679,3605.7580462656765,5852485
2024-03-26,3587.715087890625,3651.7433816109683,3582.1171893830456,3585.401925358136,3440925
2024-03-27,3553.8505859375,3603.9075175533485,3543.21003742611,3597.8932944816934,1968575
2024-03-28,3586.604736328125,3622.412446366123,3553.4802044110074,3562.3628386987034,4311783
2024-04-01,3624.03173828125,3639.3449194194973,3597.4766775972653,3606.405394611388,1569676
2024-04-02,3593.54443359375,3617.6476332395196,3583.5515259103177,3599.2810317043986,2142666
2024-04-03,3652.298583984375,3683.4799693421774,3563.195519200383,3563.195519200383,3973090
2024-04-04,3704.11328125,3727.5686125865695,3641.148955174128,3678.7608856605966,3394637
2024-04-05,3681.8603515625,3702.9101280274235,3664.511634695805,3680.7037704380537,1636819
2024-04-08,3675.66162109375,3731.269913572256,3664.049499848355,3685.3305954282823,2302538
2024-04-09,3651.60498046875,3715.7258962855026,3631.7117810645286,3686.256112856679,1876992
2024-04-10,3686.857177734375,3691.992443782896,3625.18835440643,3660.718440875778,2101965
2024-04-12,3702.35498046875,3713.412077038102,3650.632761520108,3674.2270171071723,4354821
2024-04-15,3646.654296875,3760.4618895048175,3626.1597679097335,3702.3552035360053,4200329
2024-04-16,3583.3662109375,3635.088432257424,3574.159869690793,3610.383902806716,3051420
2024-04-18,3573.373291015625,3641.8428983525378,3562.270111447477,3587.067257661961,3476284
2024-04-19,3540.248779296875,3564.6296015885387,3516.8395304016394,3551.1669511103,2957749
2024-04-22,3575.779541015625,3588.178002807687,3527.1105071436054,3550.2421342890907,1728883
2024-04-23,3585.124267578125,3603.907192347492,3572.0781665521927,3587.298730696502,1807586
2024-04-24,3544.736083984375,3606.682522875856,3538.629245383536,3599.2804037935043,1317312
2024-04-25,3564.305419921875,3584.152306944371,3526.184551035576,3526.369558837525,2856271
2024-04-26,3535.76171875,3587.0676210226866,3518.366690485543,3567.0354969857567,2039178
2024-04-29,3580.96044921875,3587.9925533633923,3533.7719356498687,3551.1669623012726,1110693
2024-04-30,3535.113525390625,3591.6473055453566,3525.2595437954037,3582.62597206714,2203078
2024-05-02,3574.576171875,3581.793283755537,3495.6973338865346,3495.6973338865346,2491044
2024-05-03,3556.16357421875,3602.612060071111,3513.786615985312,3599.419714958449,2962234
2024-05-06,3628.01025390625,3645.497671472227,3565.0459275516187,3565.0459275516187,2053831
2024-05-07,3681.582763671875,3689.9564562754226,3621.024220570177,3637.0313486712853,2062112
2024-05-08,3679.73291015625,3686.5336988437207,3644.2491299192034,3664.9749773275407,1247685
2024-05-09,3664.234130859375,3674.227037283015,3617.832184974583,3665.8996529124415,1726486
2024-05-10,3602.889404296875,3676.6332077878074,3594.7009443311135,3666.4552924738027,1672489
2024-05-13,3652.76123046875,3659.423093323152,3580.7755679293546,3594.191910496532,931326
2024-05-14,3609.643798828125,3650.9107084833586,3601.9640540938385,3641.8430662390724,1058317
2024-05-15,3590.3984375,3633.4695710904066,3585.8647290777635,3612.6974157358086,1115021
2024-05-16,3635.646484375,3643.6150446878205,3582.103702329617,3626.466519045034,2599399
2024-05-17,3573.343505859375,3653.401368297977,3569.522255250319,3652.4693781530027,2765804
2024-05-21,3560.38818359375,3583.2685838009415,3550.928576025766,3570.0810162003927,1908117
2024-05-22,3571.3857421875,3580.006649837613,3557.9185319603234,3574.1817122361854,1311168
2024-05-23,3628.65625,3639.420779503035,3565.3275779741,3579.726777292213,2095742
2024-05-24,3587.6953125,3619.6626132920987,3582.8490102673554,3614.490023562313,1309452
2024-05-27,3585.412109375,3642.5431408365193,3580.099811979568,3592.8213842320465,1841538
2024-05-28,3578.748291015625,3606.8012808815743,3569.5216810791803,3595.617400940856,1801993
2024-05-29,3544.96337890625,3587.1359229136956,3541.561706702611,3587.1359229136956,1568095
2024-05-30,3482.0078125,3536.342645636951,3462.7620831275535,3520.126111198893,2919230
2024-05-31,3421.28857421875,3494.7760752132112,3405.25839205768,3485.6425278948263,10956800
2024-06-03,3451.01904296875,3496.406907573954,3444.634820860251,3478.9320961856615,2156773
2024-06-04,3462.3427734375,3490.3024728192295,3347.2420109827135,3448.3629237466353,3395997
2024-06-05,3491.65380859375,3526.4637252968946,3448.3629196102897,3463.274759262659,2799670
2024-06-06,3569.894775390625,3578.7486813092887,3487.0409468085227,3523.8545556282306,4328036
2024-06-07,3629.1220703125,3648.74050345654,3576.324932841619,3576.324932841619,4552445
2024-06-10,3596.269775390625,3640.259657979909,3580.6122978489143,3630.101057972248,1734661
2024-06-11,3590.118896484375,3616.074682376751,3579.773716105295,3583.5016762366204,1419898
2024-06-12,3571.059326171875,3628.7029976160984,3567.145013751887,3610.901897932011,2177001
2024-06-13,3614.39697265625,3625.441145308923,3590.0255248663166,3594.4991224295495,1932323
2024-06-14,3571.43212890625,3624.508910984573,3567.657524106183,3624.508910984573,1860730
2024-06-18,3555.635009765625,3580.7054488326035,3536.9485654428177,3565.8402543844654,1774045
2024-06-19,3543.146240234375,3573.109854433855,3534.9913279582247,3567.3313345631773,1509050
2024-06-20,3529.679443359375,3550.835572745243,3522.9691602662183,3537.8343565891314,2846526
2024-06-21,3551.58056640625,3614.070535675963,3539.7443400003353,3566.725402515704,4642195
2024-06-24,3557.21923828125,3594.6851882543083,3533.4534948795167,3549.7166737784796,1702154
2024-06-25,3577.396728515625,3585.9709904295314,3534.9445413738563,3557.4055898723664,1338808
2024-06-26,3593.61376953125,3603.958722115837,3579.7736268740387,3583.035591907639,1639845
2024-06-27,3666.587890625,3673.9041021881344,3558.430647220754,3570.453225642502,4526556
2024-06-28,3638.628173828125,3690.679899280851,3632.756819653996,3651.3499721241155,2731571
2024-07-01,3707.642578125,3729.544343158271,3619.849165498956,3619.849165498956,2658723
2024-07-02,3744.1767578125,3749.768698145293,3711.6970409015075,3721.9955765217287,2307449
2024-07-03,3695.572998046875,3752.2846751988714,3686.0201014501963,3746.5994457218176,1821198
2024-07-04,3747.48486328125,3772.089533953604,3711.2771910250785,3727.8200122814974,2518001
2024-07-05,3738.95751953125,3752.8907244942034,3716.776112071244,3737.2798920275045,1668616
2024-07-08,3721.6220703125,3757.084331964001,3707.5025141632937,3748.4634252798046,1758882
2024-07-09,3714.446044921875,3734.437184375931,3704.753440197671,3713.9800499344306,1305801
2024-07-10,3643.28857421875,3731.0355681986657,3636.6249368125336,3712.7684734009517,2669716
2024-07-11,3656.848876953125,3709.319956009016,3630.6600961977388,3663.652449012925,4872189
2024-07-12,3899.400146484375,3914.3119880291547,3701.212315931301,3709.320584263946,13509164
2024-07-15,3885.652587890625,3951.637292730522,3874.328546212561,3947.6299180714223,4848030
2024-07-16,3894.273681640625,3909.2783561355113,3863.005145027192,3888.2621642902236,2029521
2024-07-18,4022.049072265625,4030.8565593784106,3877.078216650679,3877.078216650679,5613364
2024-07-19,4019.106689453125,4071.746392777355,4003.086029171015,4033.11900855646,3903354
2024-07-22,4005.047607421875,4035.5011370254547,3984.169161970746,4016.818045996283,1896386
2024-07-23,4019.060302734375,4074.502471790674,3985.3837543169,4000.9843192418566,2365208
2024-07-24,4022.70361328125,4053.3906859171716,3987.065703265684,4005.1882129331457,1809793
2024-07-25,4037.88330078125,4057.0334702817745,3992.763815580868,4012.1940490122543,2810342
2024-07-26,4098.93017578125,4131.252014771132,4051.474850472995,4063.5723344725097,3552210
2024-07-29,4092.62451171875,4139.23873164348,4083.18945971872,4124.29225913021,1746803
2024-07-30,4077.912109375,4108.412167596899,4042.3672511181926,4101.96659171143,1797906
2024-07-31,4096.595703125,4123.359146002476,4058.9024670096874,4063.5732408497443,2330091
2024-08-01,4107.57080078125,4128.308756789134,4077.6308756871877,4109.719173657026,2202244
2024-08-02,4001.031005859375,4108.412268405413,3988.840469779698,4077.585164072221,2811282
2024-08-05,3881.459228515625,3959.8816965119863,3839.8428198897195,3959.8816965119863,2787771
2024-08-06,3896.545654296875,3977.863625691211,3886.830082040627,3896.312115658603,2203067
2024-08-07,3923.869873046875,3965.439752757732,3905.0462929478185,3949.6056498315265,1237666
2024-08-08,3897.80615234375,3953.341819476297,3886.0826958935245,3905.699940271833,2441283
2024-08-09,3950.305908203125,3973.5662644176555,3928.633340987178,3939.3295926438254,1302536
2024-08-12,3919.385498046875,3959.8811895481867,3910.698043069639,3951.473798487575,936912
2024-08-13,3920.6005859375,3955.210833666653,3907.5689459677865,3935.593585790649,1495593
2024-08-14,4012.427734375,4022.6569101782006,3912.379680783193,3931.8568963353414,3226545
2024-08-16,4125.27294921875,4135.502123822571,4040.3118679924623,4063.5722246731834,3457058
2024-08-19,4194.35400390625,4198.32416081418,4101.265592573427,4129.897338812813,2055210
2024-08-20,4225.4609375,4264.415363248319,4203.69531974095,4208.366092318441,2212298
2024-08-21,4251.8046875,4259.745001647808,4196.736091046363,4220.510508211579,1896990
2024-08-22,4205.56396484375,4260.63256038501,4201.080205263111,4259.744931072301,1829872
2024-08-23,4169.97265625,4209.300656405166,4161.658771479141,4203.69572876681,1809253
2024-08-26,4205.984375,4252.411582886306,4189.683195499672,4193.419813734232,1844164
2024-08-27,4201.03369140625,4213.037670451652,4191.365099096131,4208.366896981085,930697
2024-08-28,4209.34619140625,4262.079388983344,4163.8061650582085,4202.527046835905,1848058
2024-08-29,4214.71923828125,4256.009060876179,4166.330204457366,4166.330204457366,2133641
2024-08-30,4253.90673828125,4289.871692313383,4192.29905664945,4203.695925833791,3637222
2024-09-02,4223.35986328125,4285.901701999436,4214.905945819847,4274.691845760554,1216500
2024-09-03,4215.23291015625,4255.915163522401,4199.86588340543,4223.359782095085,1717263
2024-09-04,4184.31201171875,4191.551709902781,4144.563915753981,4182.163638580721,1265505
2024-09-05,4181.2294921875,4202.761573408929,4160.864648093675,4185.946790496868,1688793
2024-09-06,4163.29345703125,4221.398054814522,4147.646367693666,4179.361098385194,1649179
2024-09-09,4156.56787109375,4194.588149910487,4138.7724064759,4161.659196670836,1184938
2024-09-10,4211.02880859375,4241.01526179445,4148.066881218769,4149.935190376069,1385591
2024-09-11,4184.4052734375,4249.7960919167,4176.838530358877,4223.733271206021,1325919
2024-09-12,4220.22998046875,4234.14879133681,4139.518666509012,4213.270346969656,2742216
2024-09-13,4224.80712890625,4247.600406919028,4208.365918885027,4231.719780810027,1458786
2024-09-16,4216.0732421875,4246.713330569917,4198.511318185657,4228.917867918421,1155120
2024-09-17,4208.97412109375,4237.138794663336,4171.934977688061,4216.07378818868,1699364
2024-09-18,4059.9755859375,4200.9394121289515,4036.4816909272813,4200.9394121289515,2961779
2024-09-19,4013.267333984375,4131.017769772164,3999.862127119527,4100.984340910718,2927551
2024-09-20,4002.7587890625,4045.543341654271,3949.13840846222,4032.651735028388,5447908
2024-09-23,3987.43896484375,4025.645797282258,3972.9595683449616,4016.864835147739,1702319
2024-09-24,3990.05419921875,4008.457226546826,3960.815343872883,3971.69815329688,3012026
2024-09-25,3993.277099609375,4007.149385684038,3960.815229509036,3972.352129245545,2713073
2024-09-26,4009.858642578125,4032.5584170310385,3979.4986179109637,3979.4986179109637,3964251
2024-09-27,4024.991943359375,4089.7286720477664,4016.911141494716,4049.5600258855798,3012477
2024-09-30,3987.43896484375,4015.697141881708,3979.5451759133052,4004.6273184936945,2503416
2024-10-01,4005.561767578125,4012.894973053944,3963.571788322826,3975.3417724055544,1823365
2024-10-03,3954.042724609375,3997.2473731270484,3932.790708311492,3981.927329527354,3350119
2024-10-04,3972.2587890625,4014.9963608420544,3945.9154476118897,3946.803076909651,2965463
2024-10-07,3991.502685546875,4014.295967198759,3950.913484588828,3992.4833654522513,1472619
2024-10-08,3973.193115234375,3997.6211671843516,3927.1394751787057,3991.2690982560466,1541867
2024-10-09,3972.913330078125,4012.1943519330907,3967.074863326185,3979.498938122227,1082504
2024-10-10,3949.045166015625,4011.119923228477,3922.1416952982436,3973.1931542704974,2378875
2024-10-11,3875.994384765625,3962.6372224848437,3841.6642037825386,3870.2024438892004,5759183
2024-10-14,3864.270263671875,3891.1272065370717,3850.7720043272802,3867.399772588283,2137590
2024-10-15,3845.727294921875,3895.377974493319,3825.3629080466067,3859.0389973491433,2759474
2024-10-16,3825.31640625,3844.0462519484536,3799.393615608063,3816.0216134166303,2359151
2024-10-17,3838.44140625,3858.0121283615904,3823.4481787021273,3841.9910114211275,2522659
2024-10-18,3860.96240234375,3882.594110124687,3820.649118439755,3830.013454514362,2361000
2024-10-21,3820.508544921875,3876.788293233767,3811.2845829224775,3869.905415130514,1595450
2024-10-22,3760.2490234375,3829.8260838402684,3751.6807476679483,3807.538919013043,1928049
2024-10-23,3807.773193359375,3852.066320525731,3741.192671772974,3745.359984263881,1966476
2024-10-24,3790.58935546875,3819.7125309359994,3749.480013206115,3749.480013206115,2676744
2024-10-25,3799.6259765625,3831.886066466202,3776.3555115186805,3799.15775978996,1759676
2024-10-28,3830.809326171875,3871.2163428984345,3793.4923573008123,3810.301294003955,1532534
2024-10-29,3816.200927734375,3842.655176236552,3802.0140505171976,3835.4915508341114,1445885
2024-10-30,3825.003173828125,3845.9325549291766,3801.967045880175,3815.966681601265,1935002
2024-10-31,3716.189697265625,3819.0570147766425,3708.276879446656,3811.284570542396,3740372
2024-11-01,3730.9384765625,3744.7508713227357,3723.306634635094,3736.22946325371,154895
2024-11-04,3712.1630859375,3738.149117791104,3664.49870814831,3714.176555308054,2269192
2024-11-05,3718.9052734375,3732.623932770423,3690.578160049064,3690.578160049064,967590
2024-11-06,3876.5068359375,3886.0115444872176,3722.5572604185204,3749.1052415175327,3792017
2024-11-07,3887.04150390625,3938.4516087006496,3825.377498590955,3904.6467270565036,3724349
2024-11-08,3883.389892578125,3904.6937556251837,3855.90547671498,3890.8813609023655,1648039
2024-11-11,3931.8037109375,3965.140379367605,3855.9054977183528,3865.785145970524,1406487
2024-11-12,3930.5859375,3949.8765593236603,3899.6369927808482,3948.0036922969543,1587640
2024-11-13,3886.527099609375,3929.977525148187,3868.4536576373816,3912.513130781797,1098813
2024-11-14,3882.35986328125,3895.5636681242045,3854.7821688707118,3872.1528287724964,1825432
2024-11-18,3763.99462890625,3945.1945196123975,3736.557080351516,3945.1945196123975,3313944
2024-11-19,3782.770263671875,3869.48387485758,3758.9380751010713,3764.369206895897,1776233
2024-11-21,3813.95361328125,3832.307574351096,3768.208741263394,3787.780111716493,2384347
2024-11-22,3974.786376953125,3984.478556715104,3796.3020311537834,3812.221403262716,3096553
2024-11-25,4040.80517578125,4052.978813957961,3981.9035871286924,4007.936261255527,4052167
2024-11-26,4076.0146484375,4089.030983820762,4036.0287514597285,4046.376159677075,2060669
2024-11-27,4057.14501953125,4099.144155960028,4049.185334306465,4081.8672312002336,1558993
2024-11-28,3975.06640625,4064.0746832827954,3963.92293923487,4044.4562188885902,2558544
2024-11-29,3999.367431640625,4025.447198194722,3928.9474437906947,3951.7496928270443,2017425
2024-12-02,4004.79833984375,4015.6144213940793,3961.160446167199,3998.5711483563714,1670944
2024-12-03,4029.23974609375,4050.0753940748286,3994.310955072099,4040.1024675010203,2010905
2024-12-04,4077.606201171875,4108.087387887844,4016.4101765929463,4039.352798807075,3302642
2024-12-05,4180.2861328125,4203.65033349106,4082.850401875924,4121.056708977947,3746747
2024-12-06,4162.91552734375,4181.175982361904,4132.247327249158,4169.938779273809,1842087
2024-12-09,4169.14208984375,4185.295566844141,4134.868534150862,4148.821758339719,2066639
2024-12-10,4150.7890625,4208.1456272946625,4131.639267457229,4144.795978198632,2087828
2024-12-11,4146.0126953125,4165.864811228231,4126.8624472810225,4150.132911276676,1635256
2024-12-12,4171.76416015625,4199.903800942114,4144.654230316565,4148.4466026911705,1914642
2024-12-13,4189.509765625,4209.17486922556,4115.063301994309,4153.035954959239,1967048
2024-12-16,4134.5419921875,4190.540540988883,4117.498717034216,4175.557602741771,1646224
2024-12-17,4053.352294921875,4151.162954243801,4043.519743438294,4129.6716231039545,3225027
2024-12-18,4071.47314453125,4084.72358925596,4016.9258843125067,4037.621159466414,1575404
2024-12-19,4000.350341796875,4086.5959621440575,3991.0797412140178,4009.808411984614,3015763
2024-12-20,3905.20849609375,4103.451653679163,3888.5401624606857,4053.8206774936325,4116989
2024-12-23,3893.9716796875,3948.940515239312,3853.3305526486893,3933.067782725499,2195338
2024-12-24,3913.823974609375,3949.8766658457575,3893.971400693724,3893.971400693724,1181886
2024-12-26,3904.085205078125,3932.9742715466155,3879.784571556427,3913.824022550346,1208464
2024-12-27,3900.10546875,3915.1821407656116,3883.624146371002,3898.372975186565,858100
2024-12-30,3894.439697265625,3932.3652563563705,3850.6147896579423,3887.135698411994,1527169
2024-12-31,3834.508056640625,3876.7881676077986,3775.746852751546,3872.1526387464664,1555429
2025-01-01,3851.036376953125,3871.216337275171,3825.752442210114,3834.1334768483284,763161
2025-01-02,3910.3125,3917.1016434173503,3836.521717202397,3858.1063282045143,1720835
2025-01-03,3839.283935546875,3914.245717822352,3832.1671775259365,3914.245717822352,1791953
2025-01-06,3834.695556640625,3885.871560960142,3807.9134644789865,3844.52810934996,2085593
2025-01-07,3772.235595703125,3877.1630285076126,3756.5503325742256,3853.3777060174593,2669054
2025-01-08,3847.24365234375,3863.724974901958,3762.3560392419636,3778.415783789389,2181277
2025-01-09,3782.11474609375,3874.727933015094,3769.4260257292876,3840.3139999504324,2392472
2025-01-10,3994.49755859375,4023.8548409344226,3904.927783732032,3933.020789370392,7894300
2025-01-13,4018.330078125,4048.155577994656,3958.6790783856877,3975.160400233359,4003771
2025-01-14,3963.969482421875,4039.6802192540545,3950.859413957183,4028.5367525076463,3441709
2025-01-15,3979.468505859375,3985.8831677707726,3939.99791920476,3949.8771112539193,1653474
2025-01-16,3938.92041015625,4021.0458185510897,3925.3892191834284,3989.207076624975,2637705
2025-01-17,3933.1982421875,3967.8165423249693,3910.071878467617,3967.148790924069,1761466
2025-01-20,3888.853271484375,3953.7022267709062,3879.602772098358,3953.7022267709062,1287799
2025-01-21,3848.84716796875,3920.514965783352,3843.2681372189027,3905.5424789112035,1971591
2025-01-22,3964.002197265625,3970.2485138616216,3856.81016118588,3862.3414621912134,2409223
2025-01-23,3953.36865234375,3997.1417593700044,3948.218491564728,3974.87360036335,1822998
2025-01-24,3959.94873046875,3984.4101308405807,3913.838960500178,3913.838960500178,1910099
2025-01-27,3876.789306640625,3963.7636988388535,3853.806130953275,3911.931938025521,1551782
2025-01-28,3853.0908203125,3911.9318748383976,3841.6468460321344,3882.1775882750967,2468272
2025-01-29,3909.83349609375,3917.5107746444246,3866.155848644477,3866.155848644477,1217089
2025-01-30,3910.072021484375,3938.539000483225,3870.447447016769,3909.929064937949,1531251
2025-01-31,3921.849853515625,3937.1564483563893,3895.9579550966228,3919.5611518137493,1492943
2025-02-01,3884.41845703125,3944.260904282812,3868.0632040212854,3922.4220804091583,437172
2025-02-03,3880.126953125,3888.0901447868278,3813.4181682881867,3844.1261184510477,1265713
2025-02-04,3916.74755859375,3928.0010789730964,3877.6475473199966,3894.4796324423637,2547132
2025-02-05,3901.537109375,3957.7078578894043,3887.136681628244,3957.7078578894043,1693912
2025-02-06,3893.573486328125,3947.6939432135873,3863.8192024122486,3915.1738927290917,2284536
2025-02-07,3842.695556640625,3900.487717170586,3822.2872299314695,3900.487717170586,1548940
2025-02-10,3849.895751953125,3864.2484488532355,3828.3430745365245,3852.8044751646275,1339511
2025-02-11,3779.896728515625,3852.804328210295,3771.7428510078503,3832.2050832252044,1810908
2025-02-12,3767.11767578125,3835.400146101803,3757.5810309224153,3787.097133023103,1678002
2025-02-13,3728.97119140625,3799.828511079361,3721.437334907012,3784.140776452309,2277310
2025-02-14,3752.526611328125,3765.067205571011,3719.29131249416,3743.132923471687,1681975
2025-02-17,3723.582763671875,3751.715864332221,3677.520725177595,3677.8068710719904,1799806
2025-02-18,3693.733154296875,3742.5607282734563,3685.4363200281987,3717.765452216856,2149879
2025-02-19,3608.761962890625,3695.402243866394,3593.5508277041968,3692.779666465734,4366672
2025-02-20,3604.279541015625,3612.4811488989126,3577.4817080927064,3587.209039488717,2888572
2025-02-21,3610.573974609375,3640.1375755636514,3600.0836645933414,3601.1327887262482,1833931
2025-02-24,3505.28955078125,3588.830426562075,3499.948936112553,3569.709405563437,2508516
2025-02-25,3461.372802734375,3488.5045093924064,3453.457341344246,3457.033582981813,4101954
2025-02-27,3445.16064453125,3469.4313588459286,3433.8596273751255,3444.349936596485,3823856
2025-02-28,3321.851806640625,3433.192134904543,3296.8181139902795,3418.83943788603,7085018
2025-03-03,3331.19775390625,3359.9983745974937,3315.08068451919,3323.520708287026,4990439
2025-03-04,3368.390869140625,3386.462765522496,3303.780096861225,3313.03059628982,2797737
2025-03-05,3382.69580078125,3433.526166541638,3357.7098367858857,3357.7098367858857,2501894
2025-03-06,3434.718505859375,3442.2046332492396,3372.253474752731,3392.1849716997262,2786513
2025-03-07,3443.872802734375,3457.0334178978096,3408.7779065746236,3433.191808119204,2051315
2025-03-10,3423.32177734375,3454.2683775177134,3416.5986286887846,3439.391117760303,1004626
2025-03-11,3409.636474609375,3422.46321459512,3373.7308692128186,3393.138033446029,1995450
2025-03-12,3343.73828125,3403.8668719856255,3325.285013656077,3399.8137980328515,3174167
2025-03-13,3348.36376953125,3360.999824081682,3322.662557973568,3340.019205205493,1693004
2025-03-17,3335.632080078125,3366.864590627224,3316.2251483346326,3327.3352459788202,2690906
2025-03-18,3335.632080078125,3335.632080078125,3335.632080078125,3335.632080078125,0
2025-03-19,3335.06005859375,3382.647821765271,3302.301591434365,3382.647821765271,3051244
2025-03-20,3398.04931640625,3413.117260947197,3349.269474003577,3349.269474003577,2845192
2025-03-21,3412.30712890625,3448.6893373916764,3304.4475780330895,3313.9842232799383,4161925
2025-03-24,3460.80078125,3480.6370496480163,3401.33993867541,3433.1922402172363,1834751
2025-03-25,3488.2666015625,3538.0955756399085,3469.4317261935275,3476.107378223037,3135390
2025-03-26,3467.33349609375,3509.9622534210275,3457.8445807190283,3478.7297405017125,1734499
2025-03-27,3482.019775390625,3493.2730630548403,3443.2056768112207,3447.354210516991,2528474
2025-03-28,3439.05712890625,3491.3179898494645,3425.467409839091,3481.829074680501,2051919
2025-04-01,3386.271728515625,3417.9333412495,3361.6671394822783,3407.156886548775,2618493
2025-04-02,3379.739013671875,3398.9554916534353,3366.4831712122864,3379.786743459071,1764313
2025-04-03,3245.462890625,3339.7327091413904,3238.787239864295,3329.2424008031394,4537821
2025-04-04,3146.520751953125,3242.1256239661316,3142.80155330537,3206.7925383276747,5317367
2025-04-07,3122.345458984375,3138.891399190129,2914.446587584341,2956.3600978903933,6623955
2025-04-08,3140.36962890625,3193.8225734236476,3104.46425178094,3149.0480694302546,5557558
2025-04-09,3096.167236328125,3118.4828923346345,3063.2180815269526,3109.4708094407843,2990265
2025-04-11,3081.7666015625,3146.0912207172287,3057.448158628926,3137.126868218105,7108961
2025-04-15,3097.69287109375,3160.825412160961,3088.537831919463,3160.825412160961,3512160
2025-04-16,3122.10693359375,3126.2077375710383,3079.3827167859167,3097.693028895488,2384391
2025-04-17,3146.04345703125,3150.5258660607433,3068.8920987065558,3095.1178702150796,2932346
2025-04-21,3167.692138671875,3198.5907757535792,3131.929719443861,3137.6517065203434,2432946
2025-04-22,3160.82568359375,3179.422142272889,3142.3246845006793,3168.6459191470717,2710498
2025-04-23,3254.857177734375,3262.39103470682,3182.664816343833,3209.081278369813,3543923
2025-04-24,3243.985107421875,3254.379956863419,3230.7290317834236,3243.5082751937634,2252175
2025-04-25,3288.2353515625,3316.6546015726303,3247.2277761224805,3261.5327442992316,2742991
2025-04-28,3283.943603515625,3297.581052006719,3247.227521408655,3275.837455517982,1593296
2025-04-29,3311.60009765625,3333.0575496928996,3271.450727603039,3294.9109682944113,1578332
2025-04-30,3293.671142578125,3347.2670426291115,3210.0348098149666,3311.123250052752,2809332
2025-05-02,3272.022705078125,3329.7194038998173,3261.5323962014536,3311.122947254809,1721761
2025-05-05,3294.2431640625,3342.117073001106,3286.7090751925784,3290.142360352066,1284443
2025-05-06,3299.679443359375,3312.077082886448,3277.745158042246,3299.679443359375,1324763
2025-05-07,3285.4697265625,3299.202402500721,3262.1049458539387,3262.1049458539387,1477128
2025-05-08,3289.09326171875,3315.89132616591,3269.8292861996833,3288.2350568363695,2543591
2025-05-09,3280.89208984375,3286.518617372084,3240.6474937252347,3241.505698660658,2531757
2025-05-12,3452.646728515625,3462.278832722667,3339.923635561146,3342.5939426230407,2228678
2025-05-13,3352.130859375,3455.126629734175,3347.839368943368,3452.647008797929,3062887
2025-05-14,3384.269287109375,3395.999407449705,3346.0274789718064,3357.8528260686357,2119499
2025-05-15,3414.0234375,3433.192187008764,3351.272499900048,3398.8602651386764,3548330
2025-05-16,3396.285400390625,3427.37472311883,3381.789746684424,3427.37472311883,1666727
2025-05-19,3355.754638671875,3385.5089240585153,3341.3542118072583,3385.5089240585153,2537377
2025-05-20,3336.20458984375,3393.1383143193784,3332.103785899918,3368.1523508133114,2038374
2025-05-21,3362.43017578125,3373.111171091834,3336.2044033172906,3345.454901948022,1440153
2025-05-22,3315.89111328125,3335.7273793338804,3291.381984807686,3333.05707245268,2034383
2025-05-23,3351.749267578125,3371.2039297984234,3305.0197081551764,3315.8913900733005,1274331
2025-05-26,3373.3974609375,3380.7406309750972,3347.457833268305,3357.8526831208233,967470
2025-05-27,3336.5859375,3375.972327891045,3321.708911006242,3368.3430118958113,2467680
2025-05-28,3335.632080078125,3365.481823748712,3331.149903755809,3356.8988437504863,1222933
2025-05-29,3336.013916015625,3368.8198820327834,3324.951314566822,3342.3079620855306,3188072
2025-05-30,3302.921630859375,3344.2153514588645,3293.0990724903722,3328.2892004179307,3404365
2025-06-02,3289.951904296875,3299.679235825276,3260.197617868956,3290.1425906350296,1877585
2025-06-03,3247.418212890625,3312.553542881876,3242.936036438699,3286.3277699067066,2848125
2025-06-04,3252.902587890625,3266.276489448532,3242.4153443856753,3260.6960243688586,2544807
2025-06-05,3243.4736328125,3279.9386829080418,3236.353648443686,3279.9386829080418,3584683
2025-06-06,3256.077880859375,3262.524179283919,3231.54328267963,3243.47397332136,2070390
2025-06-09,3292.350341796875,3303.992342378787,3262.5239694574043,3271.27954690969,1718678
2025-06-10,3331.7978515625,3353.831020585222,3293.6009022564963,3309.7649174374747,2419874
2025-06-11,3340.457275390625,3356.909980604606,3318.5206483022603,3338.629301432497,2847013
2025-06-12,3304.184814453125,3343.1515277744293,3293.601262686845,3340.457485799832,4060134
2025-06-13,3315.249267578125,3319.8675914563746,3264.7368639985107,3264.7368639985107,2178493
2025-06-16,3363.93359375,3376.152737355931,3296.487416323079,3309.7650089781714,1934088
2025-06-17,3382.214111328125,3386.736126790608,3356.043924600645,3377.1147173394984,2111940
2025-06-18,3320.7333984375,3404.0549041256045,3312.747815947458,3385.8705329382847,2696327
2025-06-19,3294.370849609375,3320.3486571267385,3283.787298398597,3319.386516107577,2672768
2025-06-20,3305.627685546875,3315.826473793808,3281.7665424976394,3295.332824141505,2351248
2025-06-23,3265.1220703125,3295.3332063326347,3242.415446814884,3285.7117955112253,3123421
2025-06-24,3262.042724609375,3311.785601803136,3253.9608342374113,3304.569544364703,3403048
2025-06-25,3314.383056640625,3319.386142397456,3271.2790968554636,3278.302772484131,1757699
2025-06-26,3311.496826171875,3320.7332385135887,3286.000090554292,3314.3832490719788,2879106
2025-06-27,3310.82373046875,3335.1657116254887,3301.106011701098,3324.197397384813,1778433
2025-06-30,3330.931884765625,3333.721999491074,3300.143375143297,3309.66847634863,1468351
2025-07-01,3299.854736328125,3353.06117731207,3284.268100073099,3324.1969490999145,2375183
2025-07-02,3293.697265625,3357.7757139896216,3290.5221534097136,3355.1779803217332,3090585
2025-07-03,3272.04931640625,3305.243182495177,3268.9705120384147,3300.1437879715377,2531870
2025-07-04,3290.330078125,3297.2574468493704,3261.7545353258965,3278.9767665195955,1109320
2025-07-07,3282.536376953125,3296.3913481829886,3279.361264698508,3288.8866014623586,1639174
2025-07-08,3277.244873046875,3295.333172183221,3264.9294203435506,3276.090350739815,2325242
2025-07-09,3255.69287109375,3284.7494832808984,3239.5288547764453,3280.90091915286,2034938
2025-07-10,3253.9609375,3270.3173348795094,3228.9452709195743,3252.036655455352,3035012
2025-07-11,3142.352783203125,3208.740518059529,3137.638385846326,3174.9692720213116,7635550
2025-07-14,3100.69189453125,3148.125494964879,3078.8513398189525,3142.3526487027184,3924009
2025-07-15,3129.17138671875,3136.002447241285,3084.624209084001,3084.624209084001,2590889
2025-07-16,3121.2548828125,3132.6464874286985,3109.187305299685,3115.365810708297,2540733
2025-07-17,3098.181640625,3129.8470122556437,3093.2582102459683,3112.5663349360093,2947640
2025-07-18,3079.549072265625,3117.103513998714,3076.749488627971,3113.434923384125,3432645
2025-07-21,3048.94580078125,3086.982946316993,3042.960329505588,3079.645764950135,3844346
2025-07-22,3050.297607421875,3070.0884350644405,3045.470576289542,3050.297607421875,3198036
2025-07-23,3069.122802734375,3071.92238630693,3048.3665703944635,3050.297382705153,1922875
2025-07-24,3039.098876953125,3063.909770455093,3031.3756269481614,3055.6074181166887,2934778
2025-07-25,3027.32080078125,3047.6907301283586,3017.47370470728,3031.375459671135,2568917
2025-07-28,2972.775146484375,3010.136316617078,2963.700187435582,3002.41306756867,3374473
2025-07-29,2950.281494140625,2967.658806606113,2935.993434530025,2954.1431191329557,4785312
2025-07-30,2947.96435546875,2962.831516110354,2941.7856146047457,2954.14286063789,2880121
2025-07-31,2931.74560546875,2953.9499481457733,2910.6997030967705,2936.47600158721,2968371
2025-08-01,2899.11474609375,2931.7455219766357,2896.2185275661836,2925.0840779463133,2053847
2025-08-04,2968.044677734375,2972.8717086542492,2888.1092342571515,2905.0038424767117,2519252
2025-08-05,2957.907958984375,2971.0375775693733,2936.7656575031788,2968.044724074376,1927996
2025-08-06,2927.401123046875,2960.7076353045086,2921.319017147813,2957.0390447864347,1487081
2025-08-07,2941.5927734375,2946.0337363593026,2906.741514367591,2911.665180402855,2543076
2025-08-08,2931.359130859375,2953.94977611907,2920.353595060068,2942.6545713366527,2762140
2025-08-11,2935.607421875,2944.392477481908,2916.7819996810535,2931.359492886099,1884215
2025-08-12,2930.393798828125,2989.2835752923374,2922.187846369997,2935.8001676667204,3358232
2025-08-13,2931.166259765625,2939.0825434733065,2923.8293140563796,2931.0698605624675,2148166
2025-08-14,2917.7470703125,2950.1845757137776,2914.6578177545016,2929.0422751905776,3342174
2025-08-18,2907.03125,2943.5236533530624,2899.501034118434,2941.1101377304376,2945609
2025-08-19,2911.8583984375,2920.3540209100356,2906.9349677861255,2907.0313669979796,2650784
2025-08-20,2991.40771484375,2996.0414760002127,2906.741403418293,2906.741403418293,4952358
2025-08-21,2995.26953125,3021.721568272579,2976.444109339037,3021.721568272579,3230726
2025-08-22,2948.3505859375,2988.6079780367672,2944.4889610705222,2979.2435848733217,1593791
2025-08-25,3031.954833984375,3042.960370488012,2970.6515397185153,2980.498635910434,3448370
2025-08-26,3047.980712890625,3052.6147102538985,3012.0676457913232,3020.756302461875,5522097
2025-08-28,2986.677001953125,3037.650494543196,2979.7261247124025,3036.202385297426,3116051
2025-08-29,2977.988525390625,3007.2403810515466,2970.747978726777,2986.001444170926,2271789
2025-09-01,3004.92333984375,3022.7833539936464,2983.105066117822,2983.105066117822,1246862
2025-09-02,3003.861328125,3045.8564969417885,2995.7520104934983,3013.1293217280318,2185229
2025-09-03,2990.345703125,3033.2096441073413,2981.1743442292172,3021.6247697126682,1799774
2025-09-04,2988.608154296875,3010.136761338951,2983.877757833792,3008.205948791588,1481391
2025-09-05,2942.84765625,2996.0413944584525,2923.8292019621163,2989.959524182405,2802055
2025-09-08,2914.561279296875,2958.8733290135365,2911.6650607351357,2944.4888711015133,2626187
2025-09-09,2943.909423828125,2954.1428233110028,2925.9530108288373,2927.208085964641,2489301
2025-09-10,3002.413330078125,3014.6739418754814,2947.7712440051832,2950.667462651561,2079428
2025-09-11,3016.1220703125,3030.4101295308183,3002.5099840051885,3030.4101295308183,2263446
2025-09-12,3025.00390625,3039.7746692912174,3013.032962803265,3035.23730697003,1447167
2025-09-15,3004.247314453125,3025.5828847209655,2988.897450892185,3025.5828847209655,1732539
2025-09-16,3036.87841796875,3041.029712016194,3001.5446903508278,3019.79077434497,2573429
2025-09-17,3063.040771484375,3072.308529384687,3033.692282229551,3042.9602758247306,2418271
2025-09-18,3066.805908203125,3092.1961390627853,3052.035145819797,3074.8188270106057,2633138
2025-09-19,3059.565185546875,3070.474322402291,3035.2369972120114,3060.337557621526,4901694
2025-09-22,2967.465576171875,2999.420379452393,2958.96995461183,2987.93214013821,3634901
2025-09-23,2956.459716796875,2974.1266965843156,2946.4195870560184,2963.79689785779,3177741
2025-09-24,2930.393798828125,2951.2466664114318,2928.0769182943645,2944.4888232106205,1625714
2025-09-25,2855.092041015625,2924.794553291062,2848.913535961088,2917.4573723057974,4974361
2025-09-26,2798.809326171875,2852.5824066299083,2791.279110356836,2839.2597533717444,3934636
2025-09-29,2795.912841796875,2827.964278797825,2793.885394606466,2815.124329879908,3110035
2025-09-30,2788.479248046875,2814.448816935253,2785.2935960579534,2810.297523025748,2253458
2025-10-01,2813.38671875,2823.620118812873,2767.433524755383,2790.989341906879,1952902
2025-10-03,2801.51220703125,2822.8477787064007,2791.086008442819,2822.8477787064007,2899519
2025-10-06,2885.019775390625,2890.040076154485,2795.4302691582598,2801.608774520881,2112774
2025-10-07,2870.828125,2900.562680563452,2853.2577807972316,2891.3913224455114,3062943
2025-10-08,2922.4775390625,2937.7310038355854,2865.325540382523,2872.083383638142,4121889
2025-10-09,2955.7841796875,2959.9354735767624,2915.5267874109013,2929.042474504859,3211304
2025-10-10,2923.53955078125,2963.7969409179377,2902.8797173331764,2944.4888175243354,8817365
2025-10-13,2903.169677734375,2930.4907222176985,2894.481021335113,2922.284768951729,2866865
2025-10-14,2857.89208984375,2922.477671901626,2853.2580928331454,2916.492200456414,3611416
2025-10-15,2877.756591796875,2887.349664986807,2859.539215693528,2878.9193527026337,4282226
2025-10-16,2878.628662109375,2882.7954389661986,2851.8842144350965,2877.8534092983937,3251495
2025-10-17,2870.391845703125,2896.1675207642234,2863.8025522629873,2877.950145926403,4374683
2025-10-20,2921.749267578125,2929.307567962745,2886.186765192536,2892.9698128193104,3133039
2025-10-21,2913.512939453125,2937.8351067763124,2903.1446131495227,2937.1568492749448,310644
2025-10-23,2977.951904296875,3001.9833223001874,2942.001890896718,2960.3160263483123,5564758
2025-10-24,2968.26171875,2994.231149497321,2963.513679841537,2984.541081052346,2684318
2025-10-27,2989.2890625,2998.300873295387,2965.3546412157716,2971.4594315335457,1946312
2025-10-28,2963.1259765625,2994.424945391891,2945.974602490029,2980.6650953225503,3470737
2025-10-29,2962.83544921875,2980.665080689528,2951.691870406029,2963.125962015583,2895420
2025-10-30,2941.226318359375,2968.8430115115416,2938.8038014162025,2954.598659200471,2241536
2025-10-31,2963.222900390625,2972.3314700068563,2931.342670159881,2940.9357431934422,1868085
2025-11-03,2923.2998046875,2963.2228381217715,2916.710511035491,2952.4667678534975,2194877
2025-11-04,2897.5244140625,2935.412678861251,2883.764563259587,2926.0133591519766,2670720
2025-11-06,2917.582763671875,2930.276848617888,2897.330614208824,2897.4276095278424,2542721
2025-11-07,2899.074951171875,2910.896788283535,2868.7449872547954,2907.989767522932,1830520
2025-11-10,2931.439453125,2953.4358611387806,2899.2684732632038,2900.237480105872,1556656
2025-11-11,2952.56396484375,2960.9942773891976,2924.462765309628,2950.6259510827763,2806868
2025-11-12,3034.735595703125,3039.192885115363,2962.3508338140637,2965.1608589527805,4460315
2025-11-13,3009.444580078125,3034.8325126833847,3005.859301984357,3034.7357539410323,1740435
2025-11-14,3009.7353515625,3016.6153949995773,2981.924901585002,2994.2312415737683,2210794
2025-11-17,3006.052978515625,3026.6928715689805,2990.93661372188,3009.7352518307202,2232853
2025-11-18,2991.421142578125,3008.7662705711664,2982.6030856096777,3005.8592500198897,2548350
2025-11-19,3050.142822265625,3057.216619603584,2987.932629650603,3001.0142221592077,3151053
2025-11-20,3047.3330078125,3066.422396812198,3040.8407087665255,3050.433782640164,2700767
2025-11-21,3052.952880859375,3071.7515179167412,3038.0300343800313,3047.3325941742696,4177037
2025-11-24,3043.84423828125,3080.375748831919,3033.960415828725,3060.1236005069036,6703764
2025-11-25,3022.526123046875,3052.1778273241375,3018.4563415864895,3047.817296493595,2737920
2025-11-26,3064.87158203125,3079.503679669953,3020.394263540353,3022.1385231343734,2508527
2025-11-27,3039.386962890625,3081.4417653096157,3028.1463888655812,3081.4417653096157,2836233
2025-11-28,3040.2587890625,3049.7551028737985,3028.146204245518,3042.6813060258964,1616690
2025-12-01,3036.285888671875,3056.2475238822894,3025.433059554359,3040.646419381282,1747647
2025-12-02,3038.5146484375,3046.557452385492,3023.688796726563,3033.96036368288,2512003
2025-12-03,3081.441650390625,3112.3528729457903,3041.7123712503685,3042.6813780586676,3952112
2025-12-04,3129.11669921875,3149.27208789607,3088.6121678196405,3095.00770730463,5025905
2025-12-05,3137.837890625,3170.2028609083113,3122.527535293584,3129.892081880524,5244013
2025-12-08,3136.190673828125,3158.8653395160463,3109.1554773099156,3142.489218360763,2544725
2025-12-09,3108.86474609375,3133.4774256277456,3082.604565643986,3129.8921475722495,2734893
2025-12-10,3090.356689453125,3125.0471830165943,3079.6008550466445,3125.0471830165943,1386849
2025-12-11,3092.972900390625,3108.9615135733166,3055.3756234989633,3105.6669848803986,1914362
2025-12-12,3120.6865234375,3123.1090405337873,3086.9650381423917,3098.5931202045713,1146554
2025-12-15,3130.0859375,3137.8379924435076,3098.2057061744017,3111.578048266741,1562190
2025-12-16,3105.763916015625,3120.202023295087,3092.197820262168,3120.202023295087,1734623
2025-12-17,3118.0703125,3136.5782015286727,3101.306446555184,3101.306446555184,1376350
2025-12-18,3179.117919921875,3185.9009682967376,3121.171259347543,3127.9543077224057,2307422
2025-12-19,3180.280517578125,3215.067769256,3177.179742937931,3196.753634213965,3902511
2025-12-22,3221.850830078125,3225.436344736965,3189.0015919916527,3207.4127224224762,2632816
2025-12-23,3207.41259765625,3217.005670614833,3191.423985009323,3217.005670614833,2365420
2025-12-24,3216.1337890625,3223.98283930865,3193.943626455098,3201.695681385047,1367708
2025-12-26,3178.342529296875,3217.102804044398,3170.3967202884214,3210.4167512800273,1176664
2025-12-29,3150.7255859375,3186.094333865139,3142.392032892103,3178.342279524835,2079473
2025-12-30,3146.17138671875,3166.229780553915,3139.097589626445,3149.2721612242462,2807593
2025-12-31,3106.82958984375,3145.3961082329884,3099.3682847144837,3139.582067367493,3362634
2026-01-01,3127.37255859375,3133.865093634826,3099.0776063813255,3115.35696849259,1255735
2026-01-02,3149.950439453125,3153.4389586535176,3119.717473820805,3133.7680727866077,1184324
2026-01-05,3116.4228515625,3146.3650669323792,3092.1006863508537,3140.066522757738,2341703
2026-01-06,3154.892578125,3162.063134250383,3105.666982384277,3110.512016678168,2912325
2026-01-07,3193.458984375,3198.3040184958663,3123.3027483604965,3142.3921354819236,1989442
2026-01-08,3104.600830078125,3185.028395467413,3083.3796755266676,3185.028395467413,4159336
2026-01-09,3108.380126953125,3129.6012816982266,3092.1007650495476,3092.1007650495476,1938673
2026-01-12,3139.19482421875,3151.2104150586442,3075.9186268106855,3103.7290773163704,2228342
2026-01-13,3166.71435546875,3178.3424375573745,3110.9964621274244,3144.42719813222,5645341
2026-01-14,3093.554443359375,3158.9624073145064,3084.348878061986,3158.9624073145064,3539511
2026-01-15,3093.554443359375,3093.554443359375,3093.554443359375,3093.554443359375,0
2026-01-16,3163.8017578125,3178.7983689605644,3128.579389024886,3176.3318131508636,4293470
2026-01-19,3121.278564453125,3176.9239686725823,3109.9324074221513,3145.3520534559602,3387562
2026-01-20,3060.798583984375,3117.7266457653604,3049.7484617692403,3109.4391143226594,4499273
2026-01-21,3080.826904296875,3096.5141025881594,3040.769942385441,3058.5291438659533,2015150
2026-01-22,3108.2548828125,3117.7265535020897,3080.5309399469356,3107.8603302315137,2269827
2026-01-23,3120.193115234375,3151.7650297600667,3109.8335807806325,3147.621264153488,2068857
2026-01-27,3115.75341796875,3132.5259981161435,3088.127991843631,3132.5259981161435,4279874
2026-01-28,3157.290283203125,3162.3219126707263,3128.184923835551,3133.5125881835056,2751234
2026-01-29,3102.335205078125,3157.2902623909354,3083.786897692938,3157.2902623909354,2457641
2026-01-30,3082.109375,3098.980713054142,3050.636219281569,3098.980713054142,3022068
2026-02-02,3127.1982421875,3155.218220087344,3092.074390792288,3155.218220087344,2636272
2026-02-03,3182.153076171875,3305.1848335937134,3143.674804974814,3305.1848335937134,4366060
2026-02-04,2958.979248046875,3078.2617963038065,2946.0543986420407,3078.2617963038065,10852595
2026-02-05,2951.480712890625,2989.1696378838233,2932.5376122480607,2950.000779389259,3521545
2026-02-06,2902.248291015625,2945.0676030314735,2876.990663463912,2936.7800719556926,4687389
2026-02-09,2908.760009765625,2937.174782066686,2898.2031986297916,2919.5143380742375,2380318
2026-02-10,2944.673095703125,2971.3118985519286,2904.1228216834434,2910.3385905230825,3547763
2026-02-11,2870.873779296875,2957.893822910036,2865.348597754142,2940.134620504305,3363513
2026-02-12,2713.31005859375,2841.472197833708,2703.3450771056805,2831.4086986412967,10612156
2026-02-13,2656.1845703125,2676.706362809734,2550.4187054416375,2550.4187054416375,11168735
2026-02-16,2670.39208984375,2683.4154564010123,2635.2682386101537,2663.880286127823,2918730
2026-02-17,2681.04736328125,2723.0775699498763,2659.144396219614,2679.666188399951,4209118
2026-02-18,2658.848388671875,2693.478928386682,2621.751534036431,2693.478928386682,2950820
2026-02-19,2642.075927734375,2711.9288391622777,2630.9272877397234,2671.7733571903564,3238849
2026-02-20,2650.264892578125,2666.4456435463158,2612.0826560359187,2631.3217917460984,2293482
2026-02-23,2640.497314453125,2667.8267040377664,2624.612599044486,2650.0675026055624,4699596
2026-02-24,2539.269775390625,2612.0825495938816,2527.035755172012,2605.669504618486,7798833
2026-02-25,2594.126220703125,2618.6930211303556,2560.2850255621997,2561.2716479227247,3621285
2026-02-26,2612.27978515625,2635.26813265383,2599.749730266882,2614.549064594777,3464267
2026-02-27,2602.11767578125,2652.6329325338243,2590.969035984877,2645.726576120342,5083717
2026-03-02,2578.537353515625,2588.6996112720262,2545.7815416803182,2557.324974292137,3374385
2026-03-04,2553.181396484375,2599.7499237945026,2545.880246481027,2589.8837001747893,3446434
2026-03-05,2544.3017578125,2574.5910157046947,2512.335049229941,2565.2181034037962,2960636
2026-03-06,2523.385498046875,2584.161292192951,2519.4390085227947,2537.5927639837228,3998643
2026-03-09,2493.589111328125,2525.7530947438377,2471.4888680989507,2496.1544256648085,3653428
2026-03-10,2479.480712890625,2511.1511456572443,2456.7883989435327,2507.007379980955,4323710
2026-03-11,2431.92529296875,2487.2749022159755,2427.1896984686477,2474.547570466413,2720664
2026-03-12,2409.726318359375,2439.818299872899,2403.412031703097,2426.8936916820116,2752075
2026-03-13,2378.253173828125,2413.179508655849,2364.9337721078678,2404.398666093815,2466488
2026-03-16,2376.970458984375,2392.5591399058967,2334.4471812699776,2377.759805019881,3807907
2026-03-17,2359.70458984375,2387.6260500920594,2328.428710007132,2387.6260500920594,2993367
2026-03-18,2408.14794921875,2449.684606821956,2377.759931791064,2377.759931791064,3082388
2026-03-19,2324.482177734375,2391.5724952581177,2318.7597201236085,2384.6661390424383,2757060
2026-03-20,2358.619384765625,2375.5892402804725,2332.5724113216993,2354.0808258010857,4206320
2026-03-23,2351.910400390625,2374.602714385491,2316.589272171523,2333.3618520807718,3860515
2026-03-24,2366.709716796875,2402.819949907421,2347.2733048784753,2371.9388633725343,3420182
2026-03-25,2345.595947265625,2389.204849113034,2338.097761710688,2368.781573169959,5843778
2026-03-27,2357.830078125,2389.69802736586,2353.0942427947716,2371.7413083689694,4979411
2026-03-30,2327.34326171875,2365.9202902405636,2314.8132066050703,2343.3267357786763,6804756
2026-04-01,2375.98388671875,2438.9304406017563,2365.8216283746565,2396.5056797013217,4132661
2026-04-02,2417.915283203125,2436.858383664294,2343.91860884341,2354.080866963729,5378361
2026-04-06,2440.804931640625,2448.7966690134326,2415.4487854587173,2440.903690225315,2572417
2026-04-07,2505.823486328125,2509.868493428073,2415.251506653692,2428.0775971710527,4516550
2026-04-08,2524.9638671875,2545.781695099603,2506.119524847839,2537.592681428627,4769337
2026-04-09,2554.365234375,2570.1511917909907,2497.2398973257214,2519.8334525275204,5628261
2026-04-10,2490.53076171875,2531.4755878535475,2467.641172150841,2531.4755878535475,10480239
2026-04-13,2439.5224609375,2471.390169384871,2436.9571465386753,2456.5908344868626,3739587
2026-04-15,2520.72119140625,2524.7664391435346,2460.0439205944767,2468.430210056267,5261384
2026-04-16,2542.427001953125,2559.298340252972,2523.779936147688,2537.5926488552986,3905403
2026-04-17,2546.965576171875,2554.365243737743,2521.707947863873,2535.6194192375438,2718206
2026-04-20,2545.091064453125,2559.2983296867455,2526.937069016173,2552.490731944509,2288558
2026-04-21,2575.57763671875,2579.0308149330826,2525.7532081976633,2525.7532081976633,2719959
2026-04-22,2504.540771484375,2545.485597963241,2470.107748698972,2545.485597963241,5232045
2026-04-23,2488.064208984375,2525.2598221872495,2482.637786236952,2495.167841496993,2509050
2026-04-24,2364.8349609375,2471.4889309127534,2356.8434646078067,2454.7163513416886,5107719
2026-04-27,2414.85693359375,2426.1043319099444,2364.8349883004043,2364.8349883004043,5853425
2026-04-28,2411.99560546875,2453.7297789552113,2394.9269906770533,2411.3050180002156,4508363
2026-04-29,2441.59423828125,2454.6176048964962,2414.8569175928637,2418.211337173827,2835961
2026-04-30,2440.804931640625,2457.6762701500647,2405.3852856787867,2445.8368019678887,3970446
2026-05-01,2440.804931640625,2440.804931640625,2440.804931640625,2440.804931640625,0
2026-05-04,2398.77490234375,2464.8785979918853,2392.559133533261,2460.6360738276094,2632358
2026-05-05,2394.828369140625,2427.485422911908,2379.9302759850466,2397.4922011892513,3385720
2026-05-06,2402.81982421875,2437.9436740268407,2374.306536440952,2409.2328690917466,3147628
2026-05-07,2369.274658203125,2407.0623398832377,2365.9202387848723,2405.582406456141,5829594
2026-05-08,2362.368408203125,2374.7999458983372,2343.326789953136,2365.920344937355,3792199
2026-05-11,2360.888427734375,2382.6928771212197,2339.2814955090735,2339.2814955090735,1975188
2026-05-12,2269.52734375,2343.2279819983573,2252.4587296430527,2343.2279819983573,6347884
2026-05-13,2242.395263671875,2278.308219875756,2238.6460506699204,2275.1510766173806,3171843
2026-05-14,2215.953857421875,2234.6996825737074,2176.883514966109,2234.6996825737074,5633313
2026-05-15,2233.712890625,2274.06564640704,2221.873423006846,2221.873423006846,3410637
2026-05-18,2252.656005859375,2262.226194073794,2222.070714305826,2233.7129057172556,3773336
2026-05-19,2295.968994140625,2345.793423403843,2266.3703232911885,2269.2314317901273,10394707
2026-05-20,2296.2646484375,2310.669430390967,2286.793218866712,2292.8114703818346,2537422
2026-05-21,2296.0673828125,2304.650948701518,2283.0440165455843,2299.816595750975,3299087
2026-05-22,2286.300048828125,2308.696328282268,2277.223171267918,2299.9154856057353,2617262
2026-05-25,2308.199951171875,2326.10009765625,2293.0,2325.0,3298364
2026-05-26,2276.199951171875,2327.89990234375,2272.39990234375,2308.199951171875,3587597
2026-05-27,2284.199951171875,2295.60009765625,2260.89990234375,2275.0,2653950
2026-05-28,2284.199951171875,2284.199951171875,2284.199951171875,2284.199951171875,0
2026-05-29,2258.89990234375,2334.0,2235.0,2291.0,16331582
