Price,Close,High,Low,Open,Volume
Ticker,CMCSA,CMCSA,CMCSA,CMCSA,CMCSA
2021-01-04,40.22432327270508,41.729449401704336,39.515556710543116,41.633885735056,23796341
2021-01-05,39.984317779541016,40.24031774755143,39.3603125661072,40.128315726389786,19050858
2021-01-06,40.44832992553711,40.61632973988268,39.28031881150752,39.296320034303136,24063624
2021-01-07,40.528324127197266,40.78432737655789,40.08032251113075,40.160322101945845,21586264
2021-01-08,41.23233413696289,41.32833496041918,40.248327324661986,40.28832712506009,23623807
2021-01-11,41.216331481933594,41.392331886164925,40.58432559003241,41.392331886164925,20053518
2021-01-12,40.00832748413086,41.240337034706606,39.68832580695265,41.03233415360203,22406467
2021-01-13,40.12833023071289,40.30433393561908,39.616326853377885,39.69632646526546,17314209
2021-01-14,39.66432571411133,40.216332131964904,39.55232691311751,40.12832865484152,20066002
2021-01-15,38.95231628417969,39.40832182461488,38.52031257778154,39.36832202413854,27713298
2021-01-19,39.08031463623047,39.272316259361425,38.64831098418582,38.93631341888225,20215702
2021-01-20,39.104312896728516,39.33631431343863,38.92831249569014,39.1923130972477,16873751
2021-01-21,39.30431365966797,39.41631243057408,38.59230821559792,38.80030779371014,24116654
2021-01-22,38.9443244934082,39.15232741049861,38.60832153455214,39.07232779142667,14896067
2021-01-25,39.17631530761719,39.30431530382927,38.65630819995512,38.80030941678808,17422403
2021-01-26,40.07232666015625,40.16832748303697,39.10431782006703,39.32031804342262,25140867
2021-01-27,38.7363166809082,40.18432641390598,38.65631382241924,39.576322273151355,26322890
2021-01-28,41.28032302856445,41.83232923751541,39.82431311664178,40.000313491777746,31117028
2021-01-29,39.656314849853516,40.96032637030643,39.592316481902884,40.248320919031926,29321373
2021-02-01,40.12032699584961,40.28832680744765,39.28031816910326,39.88832555036791,17995702
2021-02-02,40.94434356689453,41.18434241995103,40.056334134323926,40.28033501759497,18524614
2021-02-03,40.376319885253906,41.224329173442236,40.33632009223824,41.00032512255215,18409271
2021-02-04,41.16033935546875,41.20033915995619,40.18432979846479,40.26433266369205,19961543
2021-02-05,40.888328552246094,41.65633503945338,40.752324689926766,41.48833199225096,15154601
2021-02-08,41.48033905029297,41.66434009582674,40.816333861517954,40.84833305231662,15756496
2021-02-09,42.17634201049805,42.39234222288495,41.08833056893209,41.60033710246379,16101030
2021-02-10,42.20033645629883,42.448339087914356,41.6323322147367,42.43233786772898,17533691
2021-02-11,42.5843505859375,42.64835222680226,42.00834558691186,42.336347890870506,11925219
2021-02-12,42.5843505859375,42.88035369758997,42.36034972728944,42.656352838941906,10790891
2021-02-16,42.2723388671875,42.584343148628044,42.03234008242807,42.400342126561384,11542806
2021-02-17,42.392337799072266,42.60034063512932,41.928334979215876,42.18433821926675,11714060
2021-02-18,42.04833984375,42.296342506097,41.80833779248709,42.14434066425516,15507245
2021-02-19,41.680335998535156,42.08034048558995,41.41633538158031,41.92833865025906,16158115
2021-02-22,42.000335693359375,42.288338129228194,41.44833265273664,41.57633264992778,14381346
2021-02-23,42.672340393066406,42.73634201831199,41.66433189076933,42.2403367492248,19500492
2021-02-24,42.72035598754883,42.82435744445722,42.056350693444806,42.056350693444806,20588619
2021-02-25,41.79234313964844,42.728349585649475,41.56033842482553,42.472346291923785,24118148
2021-02-26,42.17634201049805,42.768344884032,41.512336895333874,41.8163373148507,24309034
2021-03-01,43.56035614013672,43.768355755397046,42.30434481216171,42.57634606240712,18530909
2021-03-02,43.40035629272461,43.824359416419405,43.25635504753096,43.44835670778916,15986968
2021-03-03,42.98434829711914,43.84035504718845,42.91234605558197,43.13634687855517,24286200
2021-03-04,43.14435577392578,44.2003649733969,42.880355102184254,43.05635555001194,30075529
2021-03-05,44.07236099243164,44.21636223399458,43.144351905830824,43.75235931882028,23530231
2021-03-08,44.38435745239258,44.66435929480222,43.736353560673344,43.85635295474096,26997661
2021-03-09,44.45635986328125,44.89636415571,44.088357812569,44.376357010679364,26987844
2021-03-10,45.76837921142578,46.15238257064607,44.61636913376493,44.88037307135518,25176719
2021-03-11,45.512367248535156,46.160371119743125,45.28836317669634,45.296363787297985,18662043
2021-03-12,45.67237091064453,45.9123729709508,44.96836595249683,45.48036926239951,19599083
2021-03-15,46.02437210083008,46.072372509849075,45.22436636926406,45.78437005573508,15720218
2021-03-16,46.432376861572266,46.8723811812185,45.89637497411901,46.07237539947667,16166864
2021-03-17,46.0003662109375,46.30436985999517,45.248360954717754,45.92036662171247,20526199
2021-03-18,44.69636154174805,45.696369512923205,44.64036052226191,45.34436543061882,20206526
2021-03-19,44.368350982666016,44.83235376079308,44.2163491743137,44.41634812609175,36232226
2021-03-22,45.09636306762695,45.21636571819372,44.200356518819376,44.56036121426781,19518631
2021-03-23,44.9123649597168,45.37636785787505,44.80036616899879,45.16836824296898,15702612
2021-03-24,44.736358642578125,45.20836208996701,44.6883582368055,44.84036006446076,16806530
2021-03-25,45.04037094116211,45.20037015360703,44.344363295768915,44.936369499321536,18632701
2021-03-26,44.144351959228516,45.248361277158466,43.08834630267758,44.96035884639413,25743829
2021-03-29,44.15235900878906,44.496362505081265,43.336352002614206,44.02435899519861,21839569
2021-03-30,43.98435592651367,44.41635634731617,43.648353066582516,44.30435756484035,13019214
2021-03-31,43.288352966308594,43.896360376754615,43.17635091569965,43.82435812814824,23448712
2021-04-01,43.800350189208984,44.06435077975968,43.384344522278425,43.69634877247634,17781555
2021-04-05,43.840354919433594,44.09635492887071,43.560353077470076,43.664351249662225,15832039
2021-04-06,44.07341766357422,44.24218739616744,43.5108475266968,43.70372909033192,16593877
2021-04-07,43.88053894042969,44.298447931633,43.59121657624849,44.28237664773975,18493031
2021-04-08,43.66354751586914,43.90464620773837,43.47869995155586,43.864463092426824,11502580
2021-04-09,43.05275344848633,43.301892687399324,42.16067782592542,43.23759774056448,19425695
2021-04-12,42.851837158203125,43.15723079042985,42.691101429385064,42.96434922431821,15819555
2021-04-13,43.30188751220703,43.39029100905501,42.803609093932415,42.98845663509377,16840461
2021-04-14,42.83576202392578,43.30189137865867,42.715209411150894,43.012569033408944,14228018
2021-04-15,43.51084899902344,43.80017135426625,43.00453324176096,43.16526897395423,19558750
2021-04-16,44.29041290283203,44.603843821205174,43.872500650100974,44.20200612317151,20533455
2021-04-19,43.51084899902344,44.21004305527266,43.3260047061475,44.12967682476359,18144548
2021-04-20,43.52692794799805,43.6153347425376,43.125093453510026,43.24564282050372,15312730
2021-04-21,43.928749084472656,44.017152574371444,43.213480618449,43.406362149564345,17202494
2021-04-22,43.71980285644531,43.99305393456558,43.51084999808887,43.647473901561405,16023779
2021-04-23,43.711761474609375,43.968937973640806,43.374218750769636,43.63943252651688,13073204
2021-04-26,43.65550994873047,43.86446280119819,43.406370710042886,43.70373034101919,13660054
2021-04-27,43.63943099975586,44.017156822784706,43.57513605945369,43.76801760918542,13252247
2021-04-28,43.47869873046875,43.86446186050566,43.35814938791973,43.5188851158268,13403441
2021-04-29,45.327144622802734,45.399473568465105,44.42703181319728,44.98960191030384,23164997
2021-04-30,45.126224517822266,45.311068786138776,43.98500980305098,45.311068786138776,23375196
2021-05-03,45.463768005371094,45.78523616141837,45.14229984932382,45.35928995508267,15470326
2021-05-04,45.511993408203125,45.688800422838774,45.15033883051417,45.29500000735473,27010145
2021-05-05,45.33518600463867,45.833461206475846,45.214633389384865,45.81738992330373,19055340
2021-05-06,45.79327392578125,45.88971470074065,45.36732771490637,45.54413471194034,13951879
2021-05-07,46.7014274597168,46.95056669195325,45.568249905861535,46.01830470811929,19043069
2021-05-10,46.2192268371582,47.50510293264153,46.20315228194301,46.88627508213502,20509020
2021-05-11,46.211181640625,46.43621229037453,45.76916415970564,46.227256193085594,16429133
2021-05-12,45.50395202636719,45.92186096470712,45.455731638436625,45.73701668950243,20565785
2021-05-13,46.12278366088867,46.6612452497988,45.319111551706804,45.319111551706804,16693215
2021-05-14,47.159523010253906,47.32025546695284,46.11474568583566,46.4924715387232,16927315
2021-05-17,44.57170104980469,46.830019123768196,44.29041595029696,46.717507046670335,33647418
2021-05-18,44.161827087402344,44.96550255771557,43.94483693481708,44.684214180400666,37027141
2021-05-19,43.591217041015625,43.90464796996609,43.133124928432196,43.88857668590149,19827528
2021-05-20,44.23416519165039,44.46722993136014,43.47067601043108,43.49478457672993,16343452
2021-05-21,44.266300201416016,44.59580566801522,44.137713579887695,44.467219046486896,17551403
2021-05-24,44.73242950439453,44.8208330110205,44.09753040365349,44.49936482206015,14091229
2021-05-25,44.76457977294922,45.190526033930965,44.60384403871689,45.190526033930965,12797491
2021-05-26,45.68879699707031,46.235295825660714,44.69224338839357,44.93334533171656,25308386
2021-05-27,46.082603454589844,46.18708152232435,45.64058262173058,45.81739291757946,27231014
2021-05-28,46.082603454589844,46.50051245435255,45.9861626645542,46.35585126929908,13889886
2021-06-01,45.7691764831543,46.548736877421554,45.680769691992005,46.54069959902721,12878903
2021-06-02,45.56021499633789,45.83346280270606,45.190526402877985,45.83346280270606,14742206
2021-06-03,45.319114685058594,45.51199626629203,44.88513112728336,45.42359275342259,11386384
2021-06-04,45.809349060058594,45.9781187827921,45.3512537376001,45.53610128459728,12072998
2021-06-07,45.745052337646484,46.002228821179784,45.511987682807565,45.59235390277279,11843060
2021-06-08,45.351261138916016,45.76113614017432,45.11015915910977,45.64058351468352,15733555
2021-06-09,45.21463394165039,45.74505825866072,45.18248810373844,45.640580196477984,9838700
2021-06-10,45.48788833618164,45.84150568917718,45.28697273113648,45.37537625159147,13202311
2021-06-11,45.71290588378906,45.7209431599115,45.343217351554294,45.447692127621984,10390339
2021-06-14,46.03437423706055,46.04241151321905,45.2146276788624,45.632536598532646,13309651
2021-06-15,46.0665283203125,46.42818291398921,45.98616208668445,46.02634520349848,12902911
2021-06-16,45.905792236328125,46.693389768887066,45.68076156601843,46.347813028807884,15962320
2021-06-17,46.227264404296875,46.508549495272916,45.608436549914515,45.793280851345905,16591210
2021-06-18,45.57628631591797,46.19511411063194,45.359292924777705,46.01026982702354,28513121
2021-06-21,46.03437423706055,46.13081500861327,45.696831536626014,45.793272308178736,13834829
2021-06-22,46.31565856933594,46.46031972445922,46.042410811161275,46.179034690248606,15284242
2021-06-23,44.587772369384766,46.45229326820427,44.129680240381745,46.187082724292075,36279814
2021-06-24,45.05389404296875,45.254812871480645,44.684205492058744,44.76457498616839,21896441
2021-06-25,45.34321975708008,45.48787765025961,44.92530754593984,44.973527934057955,18438507
2021-06-28,45.08604431152344,45.56021092717892,44.861016918799194,45.5119905379398,14387321
2021-06-29,45.439666748046875,45.83346391222501,45.14230710211981,45.14230710211981,13333659
2021-06-30,45.8254280090332,45.92186880135211,45.31107820705747,45.4316308330438,13855102
2021-07-01,46.41210174560547,46.60498329576959,45.82541981866047,45.86560292974887,10706171
2021-07-02,46.950565338134766,47.038968840630034,46.47639871844203,46.613022610586974,11383290
2021-07-06,46.53893280029297,47.03127763512916,45.94972942005306,46.805283123143674,13728662
2021-07-07,46.95056915283203,47.055496239237975,46.595432080050514,46.79721443310288,13731223
2021-07-08,46.99899673461914,47.111995640660695,46.33715350833897,46.65193148197771,22923001
2021-07-09,46.83757019042969,47.386417795845055,46.821429836163944,46.99092490997471,15729074
2021-07-12,47.02321243286133,47.11199588010211,46.42593719108311,47.02321243286133,12351912
2021-07-13,46.668067932128906,47.17655636051397,46.57121268050952,47.023204949811124,12128696
2021-07-14,46.62771987915039,46.95864149634427,46.498577332025484,46.91828568233047,10431846
2021-07-15,46.77299880981445,46.91828169907029,46.40171812489373,46.522788841890446,13612039
2021-07-16,46.45015335083008,47.0958529506264,46.409794251263065,46.74878769098803,13241043
2021-07-19,45.70759201049805,46.46629046571631,45.457382036797576,46.39365066202824,19512763
2021-07-20,46.070796966552734,46.36135944182793,45.61880468846141,45.78829973947473,18752845
2021-07-21,46.66000747680664,46.9021456648234,45.812525461365105,45.94973655370223,14927650
2021-07-22,46.64386749267578,46.78915040664321,45.91745292283865,46.67615148959047,14273686
2021-07-23,47.10392761230469,47.289566340576506,46.63579488142496,46.74879051132761,9123704
2021-07-26,47.37834548950195,47.434844941936575,46.81335753562348,46.982855892927354,12372292
2021-07-27,47.265350341796875,47.68505540156289,47.03935252980185,47.354133788551806,12404195
2021-07-28,46.797210693359375,47.24920299666689,46.312934398827636,47.01513666851549,14126653
2021-07-29,46.90214157104492,48.18547221290316,46.86178575743689,47.78191079158892,21094163
2021-07-30,47.48326110839844,47.80611082047636,46.7407031568628,46.86984566988045,23984346
2021-08-02,47.19270324707031,47.83840606407176,46.82142585204214,47.588196099287444,12413798
2021-08-03,46.99899673461914,47.41870179454877,46.19994242827932,47.37834598102933,11958403
2021-08-04,46.78915023803711,47.16042769953788,46.40172585028583,46.82143423483546,10144609
2021-08-05,47.0877799987793,47.32184962970525,46.82950147916307,47.055496005135744,9307975
2021-08-06,47.370269775390625,47.59626756654921,46.92635258254403,46.97478021133035,11298570
2021-08-09,47.03936004638672,47.37028171227694,46.83757766139075,47.34606953439934,12931186
2021-08-10,47.17656326293945,47.18463508262763,46.85371347204966,46.99092455104698,8780663
2021-08-11,47.6931266784668,47.74155431116682,47.19270671215523,47.54784378036672,9442630
2021-08-12,47.64469909667969,47.733482542518956,47.2895620280887,47.660839450774354,9938998
2021-08-13,47.87876892089844,48.02405182971382,47.6124152787865,47.919124736919244,8048061
2021-08-16,47.822265625,48.08861596049407,47.50748437188825,47.73348217983531,13040127
2021-08-17,47.99983215332031,48.02404761194652,47.467128201115905,47.717338180750886,13776677
2021-08-18,47.64469909667969,48.16933123728494,47.604343283592186,47.99983288003678,13352438
2021-08-19,47.58819580078125,47.78997813515559,47.23305876087307,47.6446952486341,11160927
2021-08-20,47.95140075683594,48.177398545336395,47.378341037143564,47.50748028397698,12311259
2021-08-23,48.26618194580078,48.524460439269305,47.62047914166232,47.709262579119226,13251927
2021-08-24,48.048255920410156,48.4679642209664,47.9433288452711,48.3146095177042,10257605
2021-08-25,48.00790786743164,48.28233004272108,47.789985148286284,48.032123328022294,8276719
2021-08-26,47.620479583740234,48.18546748933539,47.59626741204248,48.096684051054275,8662546
2021-08-27,47.943336486816406,48.03212322355492,47.58820268079873,47.70927012778636,14009283
2021-08-30,48.193546295166016,48.225833575755345,47.7012014037537,47.806125209966766,12798772
2021-08-31,48.976463317871094,49.04103459781331,47.95141108561418,47.99983872426227,17838853
2021-09-01,49.34772491455078,49.65443428908959,48.87959231992479,49.242801135587406,16047787
2021-09-02,49.84008026123047,49.880436072161416,49.46073103915236,49.53337084178132,10908688
2021-09-03,49.81586456298828,49.880432541814436,49.50108334658521,49.55758279198321,8621787
2021-09-07,48.66974639892578,49.69479511993953,48.58903149548595,49.58179951149746,17049593
2021-09-08,48.54060745239258,48.84731688060157,48.4598958282255,48.55675109131952,17872677
2021-09-09,48.072471618652344,48.726242958983114,47.967544542986026,48.726242958983114,11086664
2021-09-10,47.86262130737305,48.30654181722083,47.668910778365564,47.975620211038695,10895350
2021-09-13,48.40340042114258,48.903820417347866,48.04826333171618,48.41147224128042,14956993
2021-09-14,44.86817932128906,49.113667262946585,44.714827892257716,48.710105856454604,58417503
2021-09-15,46.00623321533203,46.555077551319535,44.79554234883897,44.79554234883897,39523174
2021-09-16,46.23222351074219,46.59542909477948,45.52195269591863,46.20801133824877,19836384
2021-09-17,46.09501266479492,46.53086133891185,45.85287451250774,45.94972977342261,25350426
2021-09-20,45.59458923339844,45.99815388474654,45.086100795114625,45.91744226857031,20579442
2021-09-21,45.24753189086914,46.24837187450738,44.99732518019363,45.98201823846364,14615766
2021-09-22,45.21524429321289,46.0546576643294,45.126460850017004,45.90130295097569,18681143
2021-09-23,45.336307525634766,45.91743900536481,45.09416940908058,45.25559262996121,16276765
2021-09-24,45.392818450927734,45.58652570794367,44.99732554629494,45.13453663284969,12182793
2021-09-27,45.43316650390625,45.46545049368737,44.99731785831032,45.07802947537988,10870703
2021-09-28,44.19019317626953,45.061887208746576,44.069122461748464,44.8358927029365,22819609
2021-09-29,45.14260482788086,45.3524557083106,44.15790855543963,44.35161908213405,18060896
2021-09-30,45.14260482788086,45.94165910787842,45.13453300839629,45.20717281328979,20760939
2021-10-01,46.17572784423828,46.393653840701276,45.26367461456992,45.513884605413594,16527297
2021-10-04,45.82866668701172,46.16766015667007,45.61881577690322,46.16766015667007,15217021
2021-10-05,46.03943634033203,46.46100075271385,45.61787522771236,45.666517021467016,16667074
2021-10-06,46.12860870361328,46.18535800839155,45.326020821068816,45.47194619060071,24375508
2021-10-07,46.533973693847656,46.987964984913496,46.43669008145948,46.550188729166685,14765573
2021-10-08,44.34507751464844,46.19346552894387,44.239689719775264,46.19346552894387,25618350
2021-10-11,42.334556579589844,43.8586639454913,42.29402230067407,43.72084607727279,34074538
2021-10-12,42.423736572265625,42.66694556799014,41.75896641720611,42.45616333844139,29525064
2021-10-13,42.71558380126953,43.210109267920515,42.24538088204182,43.16146747283619,21284729
2021-10-14,43.769493103027344,44.028917138760406,42.780445360085096,42.780445360085096,22343514
2021-10-15,43.79381561279297,44.21537678317853,43.52628406060183,43.98027529777576,20141332
2021-10-18,43.1452522277832,43.56681664960336,42.877724006023996,43.46142554414832,21453209
2021-10-19,43.972164154052734,43.98027167008109,43.364143348836734,43.54249550241113,16362445
2021-10-20,44.35319519042969,44.491013076616646,43.70464004369545,44.199162270657446,13506833
2021-10-21,43.80191421508789,44.37750818628771,43.5992395379585,44.37750818628771,14603602
2021-10-22,43.955955505371094,44.0613466295201,43.37225386371146,43.81813761216193,15905662
2021-10-25,43.84245300292969,44.00459012151119,43.493852918359835,43.88298728257506,14373664
2021-10-26,43.58303451538086,44.0694525322777,43.40468234243958,43.8829928424277,14347309
2021-10-27,42.51290512084961,43.66409636313136,42.26158865317341,43.59113202746191,24370600
2021-10-28,42.07513427734375,42.75611943001756,40.37267469542155,40.85908936185479,22577080
2021-10-29,41.694114685058594,42.61020146438167,41.44279814210881,41.78329077777173,28727908
2021-11-01,42.36698532104492,42.71558541561757,41.7022151963563,41.734641961050606,20328697
2021-11-02,42.675048828125,42.92636531526813,42.05892053366216,42.52912344524468,16506277
2021-11-03,42.926368713378906,43.039864042539925,42.36698638484179,42.545341844544716,17404797
2021-11-04,42.74802017211914,43.16958135846534,42.26159884974053,42.79665867461801,17693101
2021-11-05,43.696529388427734,44.045129487134794,43.21821892964272,43.25875321093193,18805662
2021-11-08,43.36414337158203,43.810023755751885,43.145253637751075,43.63977911811654,14328103
2021-11-09,43.57491683959961,43.78569903103493,43.1776750017847,43.258746852208546,14406527
2021-11-10,43.9154167175293,44.25590930692835,43.59924667725426,43.59924667725426,17362224
2021-11-11,43.50196838378906,43.93163710616731,43.323616200852435,43.842461014699,11573002
2021-11-12,43.372249603271484,43.76949150922939,43.09661384392874,43.688422944660935,12910913
2021-11-15,43.27496337890625,43.55870993719616,43.161468055352564,43.33171269056423,10638203
2021-11-16,43.06419372558594,43.5587193052676,43.01555191938386,43.33982952747674,13714791
2021-11-17,43.55870819091797,43.60734998470871,42.902042324861874,43.080397768602694,15706347
2021-11-18,42.78855514526367,43.46143287073934,42.70748327368253,43.08851018089674,16061338
2021-11-19,42.08324432373047,42.79665628379159,41.84003532600934,42.75612200079849,19447355
2021-11-22,41.75896453857422,42.585875086836936,41.4590062407146,41.95353172640074,19200238
2021-11-23,42.188629150390625,42.577763488736906,41.75896053509362,41.969742734951865,20821545
2021-11-24,42.05891799926758,42.26158938014248,41.742744705531166,42.08323724506777,10800387
2021-11-26,41.42658233642578,41.64546878796314,41.09419725089863,41.4103673030665,13737412
2021-11-29,41.77518081665039,41.961640493917756,41.199583452362596,41.8076075823344,20384075
2021-11-30,40.51860427856445,41.5887206151791,40.38078309074393,41.5887206151791,33628852
2021-12-01,39.788970947265625,41.669785879840774,39.76464840041262,41.450896157212334,22658705
2021-12-02,41.750858306884766,42.123777661770696,40.27539262031708,40.34024615174618,27911013
2021-12-03,41.97785568237305,42.358882584634415,41.67789735087626,41.70221990196327,23848944
2021-12-06,42.439945220947266,43.22632140545486,42.20484377707388,42.318339091497094,23829845
2021-12-07,40.1943244934082,43.12094018905948,39.497127517268304,42.39942066155046,49174722
2021-12-08,39.67547607421875,40.4051030522665,39.391732799382815,39.94300431628836,39058069
2021-12-09,38.75939178466797,39.578194893393494,38.581039612399834,39.45659203950959,37396429
2021-12-10,39.27823257446289,39.326874371024076,38.73506529623595,39.14041470083326,29732382
2021-12-13,38.67831802368164,39.23769701603585,38.467535812193965,38.897204451196956,32200246
2021-12-14,39.529544830322266,39.724111995682655,37.52712716995656,37.52712716995656,37056483
2021-12-15,39.059349060058594,39.489017745179154,38.72696397533373,39.02691899341831,24584107
2021-12-16,39.59440231323242,40.14567375778478,39.25390976816572,39.35930086778956,30303760
2021-12-17,39.52144241333008,39.92679182670753,38.94584835818204,39.0836662347969,44217974
2021-12-20,39.237709045410156,39.46470305830646,38.89721637618408,39.11610617056818,20263610
2021-12-21,39.610618591308594,39.983541240462166,39.23769924191743,39.42415891661301,21079972
2021-12-22,39.74843978881836,39.85383090934512,39.26202507058267,39.54576836445461,28330984
2021-12-23,40.559139251708984,40.71317217618657,39.97543762195988,40.024079424438966,19654140
2021-12-27,40.91583251953125,41.01311609813591,40.25917001383073,40.55102074964471,17521954
2021-12-28,40.948265075683594,41.36171866008235,40.78612466820221,40.91583501433009,9904748
2021-12-29,41.01313018798828,41.1590556060272,40.78613619318206,41.04556025850558,12852655
2021-12-30,41.01313018798828,41.507655765747344,40.96448838197531,41.118521317643555,12103088
2021-12-31,40.80234909057617,41.58061464624307,40.76991902175807,41.17526848388197,13172542
2022-01-03,41.134735107421875,41.304979773431114,40.299716912854734,40.51860668316704,22093302
2022-01-04,40.890323638916016,41.566533163106364,40.67035334424886,41.313972220264986,26240518
2022-01-05,40.91475296020508,41.71316720008648,40.857722661049124,41.1999011398842,22116669
2022-01-06,41.15102005004883,41.53393352381797,40.8903115224163,41.0858420891155,19513509
2022-01-07,40.7762565612793,41.21620039721955,40.711081907429715,41.02066980346832,19093432
2022-01-10,41.15917205810547,41.485055264999794,40.62960728726313,41.03696378295689,21571219
2022-01-11,41.6642951965332,41.69688584214261,41.02882071646937,41.20805600291508,20098225
2022-01-12,41.50949478149414,42.11238186238245,41.40358182770553,41.900555954805235,19198104
2022-01-13,41.77834701538086,42.104230190054885,40.83328149789512,41.3872858793317,19125655
2022-01-14,42.1042366027832,42.446415148942066,41.66429275772181,41.93314898775443,20048823
2022-01-18,40.88216781616211,41.86796840461598,40.78440252335844,41.60725985177248,24929922
2022-01-19,41.00437927246094,41.37099749087644,40.33631749182301,40.906613972069955,19048404
2022-01-20,40.91475296020508,42.055345678921555,40.857722661049124,41.15101850005061,21395804
2022-01-21,40.51554870605469,41.50949361625123,40.45037074029879,41.04511014403091,35376812
2022-01-24,40.79255294799805,41.71317563159984,39.74157763719198,41.19176180668144,44367887
2022-01-25,40.46666717529297,40.7681073994763,39.7741624619046,40.13263630928356,34308638
2022-01-26,39.48086929321289,41.0206711099966,39.00019045428149,40.34446167108622,36514127
2022-01-27,39.1142463684082,40.79254827215523,37.044879995671444,37.044879995671444,52462363
2022-01-28,40.50740051269531,40.64590078651536,38.88612557917616,39.00833384884743,36766686
2022-01-31,40.727378845214844,40.81699980828892,39.945256375489386,40.15708231640725,26110237
2022-02-01,40.686649322509766,40.74367964627801,39.831204414292436,40.04302706758607,25063617
2022-02-02,40.727378845214844,40.9392047861327,40.21411263250833,40.68664385260025,21639294
2022-02-03,40.442222595214844,41.53393609900747,40.401487610643656,41.09399229665684,30320299
2022-02-04,40.18966293334961,40.474814466218746,39.69269212715161,40.05116265515665,24757708
2022-02-07,39.8067512512207,40.35260804476484,39.68454628818313,40.287430074817394,20309278
2022-02-08,40.091896057128906,40.36074892027411,39.78230489705198,39.98598311730782,19168122
2022-02-09,40.54813003540039,40.564425353455185,40.12448161088064,40.32815982216339,20425474
2022-02-10,39.85563278198242,40.41778488127428,39.71713250131665,39.88007576356523,23029488
2022-02-11,38.79651641845703,40.189670436979235,38.69875110782033,39.70899154569905,28075544
2022-02-14,38.617271423339844,39.42383337549628,38.34841522855378,39.187567820139364,26121867
2022-02-15,39.14683151245117,39.36680174065099,38.853535664117565,38.86983098328079,22500683
2022-02-16,39.1794319152832,39.317932226108674,38.82096130281772,39.04093160445773,15847191
2022-02-17,38.104007720947266,38.82909981534429,38.02253774237275,38.81280780929021,21947123
2022-02-18,37.99809265136719,38.413593462109986,37.82700174146069,38.11214994187061,22642167
2022-02-22,38.24250030517578,38.67429972647755,37.981795099828375,38.291386261791715,23085079
2022-02-23,36.767879486083984,38.29138911501394,36.49902328516649,38.14473786644007,38709800
2022-02-24,37.48482894897461,37.52556393865375,36.06723207475232,36.230175349570295,31779528
2022-02-25,38.348426818847656,38.66616575270886,37.47668664046212,37.631482276232816,32481507
2022-02-28,38.095863342285156,38.397303589184865,37.558154188745796,37.85145009067636,31822955
2022-03-01,37.7944221496582,38.250658037207714,37.32188762284406,37.59074387452643,23306908
2022-03-02,37.78627014160156,38.37286191477788,37.68035718542786,38.07956602818972,27719273
2022-03-03,38.389156341552734,38.812804840274815,38.04697781517306,38.185478094595595,24681417
2022-03-04,38.46247482299805,38.617270407913566,37.80255750122153,38.20991395456755,22800403
2022-03-07,37.721092224121094,38.62542286705492,37.395209010611325,38.2913919928897,32776853
2022-03-08,37.58259582519531,38.53580921446898,37.54186083380955,37.753686768337374,26240411
2022-03-09,37.57444763183594,38.40545271908799,37.46039032079057,38.11215680594021,21461318
2022-03-10,36.979705810546875,37.33817967602866,36.621235261166376,37.142649079602464,19397527
2022-03-11,36.67826843261719,37.68036115942963,36.62123811819342,37.444095556332464,20896982
2022-03-14,36.63753128051758,37.281150075924536,36.53161831941982,36.9552668477095,18741001
2022-03-15,37.101905822753906,37.27299671454779,36.75157969621452,37.11820114085824,24353421
2022-03-16,37.664066314697266,37.75368727627355,36.67826889837397,37.16709543378287,21454916
2022-03-17,37.86774826049805,37.8840435852915,37.028598723469536,37.66406996498751,18091625
2022-03-18,38.21807098388672,38.266953637628454,37.42780086237843,37.72924444646939,37542822
2022-03-21,38.02254104614258,38.39730695947032,37.63147980924349,38.201776341020775,19082975
2022-03-22,38.47063446044922,38.69875242097496,38.266956170361105,38.40545647911251,16442043
2022-03-23,37.90032196044922,38.576534586805,37.90032196044922,38.41359134579026,17316983
2022-03-24,38.12844467163086,38.307679922577364,37.827001156056575,38.19362263383907,14271552
2022-03-25,38.39729690551758,38.59282747276938,38.16917901575741,38.33212226050084,16017271
2022-03-28,38.72319412231445,38.73948613003154,38.0714242788847,38.42175052827692,20236082
2022-03-29,38.92686080932617,39.26903932402348,38.609125275157744,39.089804064549035,21830073
2022-03-30,38.85354232788086,38.9757506103635,38.62542440097496,38.75577702833528,16487284
2022-03-31,38.14474105834961,39.040924048264934,38.14474105834961,39.00018906074173,22606102
2022-04-01,38.861690521240234,38.94316049994386,38.169185753955304,38.42174666725819,16079903
2022-04-04,39.195716857910156,39.33421713205033,38.8046556998198,38.85353834458109,16164303
2022-04-05,39.22029495239258,39.564404647745754,38.84341401670646,38.851607660493784,16476614
2022-04-06,39.10559844970703,39.53164133353905,38.85980576088742,39.22849646152535,22776716
2022-04-07,38.63039779663086,39.14656074145376,38.17158369637521,38.999085137959106,20092677
2022-04-08,38.85161209106445,38.982700402161676,38.13061804298789,38.605819423496705,19439566
2022-04-11,39.00727462768555,39.67091644012701,38.95811609842383,39.04004920373766,21613152
2022-04-12,38.71232223510742,39.47428108211846,38.61400517967479,39.32680549896952,14833541
2022-04-13,39.25306701660156,39.35957771843962,38.68774560120695,38.7860626590857,15439277
2022-04-14,38.982696533203125,39.52344034818438,38.90895707284293,39.318612589737235,17648287
2022-04-18,38.39279556274414,39.335001284410126,38.22073903896086,39.04824041143798,15833640
2022-04-19,39.41693115234375,39.50705456914638,38.294478594788494,38.30267223900992,22874880
2022-04-20,38.83522033691406,39.37596414339628,38.78606180905204,39.24487251255333,24066932
2022-04-21,38.458335876464844,39.48247131272,38.368212464966476,38.94992448746896,23844569
2022-04-22,37.18021774291992,38.507497997541826,37.13925285876518,38.40098729784968,31987486
2022-04-25,37.450592041015625,37.581683686308246,36.75418226522171,37.21299301929573,29964774
2022-04-26,36.51657485961914,37.56529120287284,36.45103238085196,37.1064771774213,31183075
2022-04-27,36.41825866699219,36.934424874671045,36.11511719219603,36.549350297255955,27259609
2022-04-28,34.1651611328125,35.82016383823166,33.39501195332731,35.00904977353375,53279578
2022-04-29,32.57570266723633,34.26347653213664,32.45280468273271,33.763700954961955,47090765
2022-05-02,33.14103317260742,33.31308973126663,32.44462329655978,32.82150432769347,40131791
2022-05-03,33.075477600097656,33.41139360394369,32.74775523887497,33.386812676073646,26004177
2022-05-04,34.099613189697266,34.15696535373729,32.928002320079216,33.16560128411712,28958914
2022-05-05,33.08367919921875,34.08323380852254,32.80511195711003,33.69815919114335,32266614
2022-05-06,32.772342681884766,33.116452431778725,32.33810950567854,32.977170469767316,39047505
2022-05-09,32.57570266723633,33.091865531629175,32.43642073033084,32.772336774589085,39132865
2022-05-10,33.01813507080078,33.63261509424236,32.73137750420692,33.01813507080078,33469976
2022-05-11,32.64125442504883,33.427790997682955,32.452810592174494,33.07548760205444,33884719
2022-05-12,33.91117858886719,33.96852742797076,32.59209192797178,32.68221534349623,42257788
2022-05-13,33.98491668701172,34.32902641567097,33.63261331377209,33.64080695835247,31672935
2022-05-16,34.30445098876953,34.54205002256102,33.88660176724696,34.03407737458136,22423752
2022-05-17,35.09917449951172,35.156526674879174,34.35360622418446,34.47650088441482,19670679
2022-05-18,34.51746368408203,35.18929578961249,34.353604147015886,34.992661677280026,25136599
2022-05-19,34.42735290527344,34.76326908130724,34.247106014430315,34.34542310667522,18591088
2022-05-20,34.41914749145508,34.96808495795818,33.73912172504693,34.72229231137593,25955522
2022-05-23,35.13195037841797,35.312197220694024,34.44373091814269,34.959893845940805,21617847
2022-05-24,35.28761672973633,35.31219432675218,34.476499336334236,34.984471912703555,22323027
2022-05-25,35.803775787353516,35.95944500119892,35.02543305294253,35.246644741700486,17694381
2022-05-26,36.15608596801758,36.45103716563574,35.83655383652289,35.83655383652289,26064463
2022-05-27,36.180660247802734,36.57392847521452,36.03318466252331,36.15608265099769,19284425
2022-05-31,36.27897644042969,36.59031489131955,35.62353163356809,35.97583163321845,26941323
2022-06-01,35.992218017578125,36.50838087340219,35.61533709634734,36.50019056474536,19185407
2022-06-02,35.885711669921875,35.91848291296839,35.22207315562599,35.68907754200952,17864568
2022-06-03,35.172908782958984,35.86932175947414,35.07459173532899,35.779195020133244,20988637
2022-06-06,34.640357971191406,35.50063045333789,34.41914295104082,35.312190004952434,21494182
2022-06-07,34.92711639404297,34.99265886968415,34.1897385319589,34.3699853421963,15455495
2022-06-08,35.09917449951172,35.58256616575426,34.75506478212353,34.83699789042701,18351120
2022-06-09,34.55842971801758,35.279423710433115,34.54204576465573,35.0254374177515,23113674
2022-06-10,34.107818603515625,34.42734743513301,34.017695172413724,34.26348452915506,22729447
2022-06-13,32.93620300292969,33.74731711111278,32.829692294776535,33.63261275851451,34198524
2022-06-14,32.64125442504883,33.55887931484968,32.46100423727558,33.14922373833044,25295369
2022-06-15,32.87884521484375,33.526096328101225,32.534735550598484,33.042704736511745,33895389
2022-06-16,31.059988021850586,32.38726850471559,30.773230448639367,32.36268756910592,38455107
2022-06-17,31.715435028076172,31.797364807226295,31.059986790424784,31.059986790424784,55635087
2022-06-21,31.526987075805664,32.19882251532092,31.363127538942344,31.944836231403137,31123323
2022-06-22,31.871097564697266,32.223400913422495,31.28119854857373,31.412286848288243,28614593
2022-06-23,32.04315948486328,32.11689562374969,31.51880286281623,31.89568387227345,28413463
2022-06-24,32.4200439453125,32.46920248807518,31.87929997492297,31.88749362118631,28474922
2022-06-27,32.633056640625,32.79691618259451,32.362683060668964,32.46919376383902,19373306
2022-06-28,32.05954360961914,33.23934505900996,32.034962675873146,32.79691826493215,18464435
2022-06-29,32.22340774536133,32.288953576523696,31.756403285928766,32.18244285144128,18117767
2022-06-30,32.1496696472168,32.49377940395287,31.543379916599967,31.96122914575939,23011242
2022-07-01,33.00994110107422,33.09187088077601,32.18243965467232,32.25617578944056,17259685
2022-07-05,32.85321807861328,32.85321807861328,32.09436751180472,32.45729662763752,20614867
2022-07-06,32.85321807861328,33.08417113924412,32.67175184203935,32.96869628758623,21352057
2022-07-07,32.943946838378906,33.067673960401635,32.50678416470719,32.75423505143786,20292633
2022-07-08,32.96045684814453,33.16666319876336,32.581029776910626,32.919212220704736,13978127
2022-07-11,32.3088264465332,32.94394988839035,32.1768537471635,32.83672060132711,22360799
2022-07-12,32.787235260009766,33.29038607678091,32.275838876129185,32.44080393536749,26460213
2022-07-13,32.89445877075195,33.11716290443551,32.14385713997587,32.47379055767244,18132918
2022-07-14,32.64701461791992,32.70475373335026,32.209851825826945,32.39131473948026,17565488
2022-07-15,33.73579788208008,33.76054129811454,32.902713586993265,32.943954851927764,23626261
2022-07-18,33.438846588134766,33.96674066210733,33.35636408332128,33.735787634240815,17722870
2022-07-19,34.0739860534668,34.1482230287728,33.71105681741608,33.88427418825262,16125144
2022-07-20,34.49464416503906,34.62662023759322,33.77703811945228,34.16471069828467,17924853
2022-07-21,34.86582565307617,34.95655711348355,33.93376091667596,34.29668675830545,20835309
2022-07-22,35.13801574707031,35.39371560440295,34.8245801363889,34.98129962038732,25713206
2022-07-25,35.03078842163086,35.37721635728441,34.76683965073998,35.37721635728441,17971374
2022-07-26,35.236995697021484,35.33597606916642,34.816330794063184,34.816330794063184,27080994
2022-07-27,35.77313995361328,36.061832155299115,34.997794799678125,35.05553391147839,29251378
2022-07-28,32.50678634643555,33.25738797944849,32.152106158764376,32.655256888438714,49754103
2022-07-29,30.947847366333008,32.259338976327314,30.16425331282282,32.24284112852612,57761725
2022-08-01,30.93960189819336,31.03033334675781,30.3209728914651,30.5436804082282,28357766
2022-08-02,31.07982635498047,31.401510916127684,30.881865592023505,31.005589390213757,27275188
2022-08-03,31.73969268798828,31.87166876551455,31.046833388895713,31.19530060081041,29531893
2022-08-04,32.110870361328125,32.35007238234428,31.640711886380025,31.82217815122878,21247491
2022-08-05,31.56647300720215,31.690200137895257,31.154053714645155,31.154053714645155,22142597
2022-08-08,31.83042335510254,32.4820413041033,31.764435324932823,31.978893904998003,16754354
2022-08-09,31.475746154785156,31.954150186590557,31.228295214659,31.830426395185235,18717207
2022-08-10,32.135616302490234,32.226344396592154,31.80567947893445,31.97889681489856,19661182
2022-08-11,32.49854278564453,32.861471956195544,32.275838614551475,32.30883095466863,16072861
2022-08-12,32.993446350097656,33.0511854662226,32.53153677841389,32.81198343426134,18064737
2022-08-15,33.46359634399414,33.5130865277324,32.49853943975575,32.65525891447944,20279082
2022-08-16,33.29037857055664,33.455346949913924,32.94394732402674,33.12541019119936,18823801
2022-08-17,32.38306427001953,33.05942905893125,32.23459370484509,32.97694653071729,19683696
2022-08-18,31.846912384033203,32.506782500640256,31.681947372867405,32.39955322899372,30982372
2022-08-19,31.904651641845703,31.99538306990761,31.459240066284355,31.665449688596677,21011577
2022-08-22,31.030336380004883,31.863420703688853,30.96434833945516,31.863420703688853,22834013
2022-08-23,30.71689224243164,31.18705065768306,30.700397753041965,31.055074598674683,17611582
2022-08-24,30.609664916992188,31.06332551463964,30.576672578781324,30.69215079849242,18852076
2022-08-25,31.013837814331055,31.10456926966932,30.543682688554345,30.75814129740163,23016257
2022-08-26,30.353967666625977,31.40975603630385,30.337469819272627,31.137561698865355,23199034
2022-08-29,29.933298110961914,30.41995101348895,29.90030577501072,30.287978312369034,24853951
2022-08-30,29.463146209716797,30.156008840083366,29.37241475814995,30.123013143284144,25290674
2022-08-31,29.850811004638672,30.081764035432013,29.71883832380171,29.908550101665664,34654346
2022-09-01,30.436450958251953,30.461194372592242,29.817821954644803,29.817821954644803,24252056
2022-09-02,29.496135711669922,30.543678480645884,29.405404268831447,30.469441527304742,21437417
2022-09-06,28.65480613708496,29.67760226214415,28.531082342658358,29.67760226214415,31841627
2022-09-07,28.852764129638672,28.93525000866904,28.5310796090976,28.67955016257393,35412450
2022-09-08,28.3496150970459,28.795026784749265,27.829969806716385,28.795026784749265,41693772
2022-09-09,29.223941802978516,29.281677553021375,28.3248695704538,28.40735209107094,30190765
2022-09-12,29.438398361206055,29.611615691124722,29.174452940351966,29.46314513290103,23240327
2022-09-13,27.599016189575195,29.00123766830067,27.55777492447256,28.927004062579055,38369960
2022-09-14,28.43210220336914,28.63006296196948,27.755735718598707,28.069173026829972,33878530
2022-09-15,28.044424057006836,28.539324206467754,27.81347098965659,28.415600428095708,39478467
2022-09-16,28.47334098815918,28.630060467951594,27.98668805854586,28.118660767011153,55798232
2022-09-19,28.423851013183594,28.679550865546236,28.04442569655801,28.34136848944675,24976229
2022-09-20,27.912452697753906,28.234138901502707,27.714490278327748,28.036178160734213,28407808
2022-09-21,26.97214126586914,28.118662859085,26.955645095748057,28.060923745674508,39194858
2022-09-22,26.782426834106445,27.15360323899456,26.642205196256846,26.889656132848923,26870154
2022-09-23,26.262781143188477,26.7329379155037,25.941094930551746,26.6999438982448,29287550
2022-09-26,25.479185104370117,26.271026349196948,25.182242329405888,26.114308556362378,36436983
2022-09-27,24.959537506103516,25.908098196590082,24.74508061305271,25.800870589393444,36665641
2022-09-28,25.701892852783203,25.891604674533102,25.075016598492052,25.297722437412336,28175949
2022-09-29,25.099761962890625,25.45444219566683,24.74508340877214,25.45444219566683,30373756
2022-09-30,24.19244384765625,25.2812263460351,24.151202582321105,25.2812263460351,33524713
2022-10-03,25.264728546142578,25.380206767485543,24.406899203357035,24.613108874048574,36646755
2022-10-04,25.78899574279785,25.880535782335276,25.2980148783895,25.37291035060025,30071688
2022-10-05,25.58095932006836,25.72242801083677,25.08165606607777,25.406201487584877,23828991
2022-10-06,25.00675392150879,25.56430794432685,24.956823609400523,25.489412476164453,34686783
2022-10-07,24.357662200927734,24.94850371969759,24.299409600017345,24.86528765392445,30783590
2022-10-10,24.24115753173828,24.75710528008341,24.1579414641367,24.582349167098954,25163168
2022-10-11,23.866682052612305,24.25780231586037,23.82507232485494,24.074723917052967,37072702
2022-10-12,23.875003814697266,24.407594468712926,23.733535136706212,23.908291259819062,31779528
2022-10-13,25.156545639038086,25.389552640388168,23.625348788973177,23.85835748390964,37521909
2022-10-14,25.00675392150879,25.664168568543378,24.973466482241168,25.397874135161413,29430528
2022-10-17,25.64752960205078,25.76403311685248,25.298017364059096,25.356269968253237,31059303
2022-10-18,25.589277267456055,26.2883017508041,25.356270235397776,26.080258185278787,31195239
2022-10-19,25.289695739746094,25.764033789402752,25.18151450660145,25.57263479003508,31036789
2022-10-20,25.347946166992188,25.639205783361227,25.18151234243652,25.381233609337915,24537906
2022-10-21,25.364585876464844,25.589272273693307,25.00675311363999,25.22311722792383,32882806
2022-10-24,25.863887786865234,26.113539327810877,25.572628220290717,25.66416655410872,30569977
2022-10-25,26.263334274291992,26.304942306292638,25.863891747609145,25.963752379279857,27008651
2022-10-26,26.213403701782227,26.7792800445132,26.171795670188995,26.629489098473847,34201191
2022-10-27,26.60452651977539,28.510199277838392,26.512988163962213,27.45334196294707,41570427
2022-10-28,26.587881088256836,26.654454277576818,25.489414149751745,26.17179569123069,36719738
2022-10-31,26.413127899169922,26.529631416733,25.988720171549225,26.529631416733,27599769
2022-11-01,26.263334274291992,27.137114801410718,26.246691400209023,26.621168768974194,24896311
2022-11-02,25.72241973876953,26.629485896091385,25.67248942942755,26.205078266684534,26980055
2022-11-03,25.281373977661133,25.44780951354772,24.998436615109927,25.347948869450434,31133886
2022-11-04,25.797319412231445,26.163474509290854,25.281371669117608,25.53102495015065,30902347
2022-11-07,26.29662322998047,26.504665095547434,25.905502964614953,26.071936795785835,28448247
2022-11-08,26.546268463134766,26.91242348141583,26.188434033587402,26.396477542894402,23344360
2022-11-09,26.12186622619629,26.546273920798207,25.947110116654326,26.346552652750248,22251538
2022-11-10,27.270259857177734,27.378442767430485,26.762636133222884,27.23697411062794,33641550
2022-11-11,28.310476303100586,28.34376374576204,27.3201939367705,27.569843829178645,26125388
2022-11-14,28.402015686035156,28.843067940085607,28.13572123170039,28.218937296037623,30706233
2022-11-15,28.526840209960938,29.192578856628664,28.252223483946754,28.818099809386577,27835896
2022-11-16,28.277193069458008,28.726565964222882,28.002576300435027,28.46026978641556,20782706
2022-11-17,28.510194778442383,28.751524056729384,27.63641600666124,27.84445784554832,27760779
2022-11-18,28.709915161132812,29.051105053735284,28.526838483924795,28.643343671514934,22841589
2022-11-21,28.585092544555664,29.03446536481233,28.318796410901538,28.809777261097626,21108354
2022-11-22,29.2092227935791,29.292442249250826,28.65998928970733,28.768172211059408,27532228
2022-11-23,29.567058563232422,29.69188267128131,29.084399925966217,29.150971428722993,19089057
2022-11-25,29.66691780090332,29.94153285792189,29.53377141451611,29.650273232415014,11535230
2022-11-28,29.616985321044922,29.675237919329405,29.334048000432105,29.425586346090792,20547539
2022-11-29,29.525447845458984,29.691879974407357,29.217543664862394,29.51712556157698,17636230
2022-11-30,30.49076271057129,30.540693022888405,29.267471752388253,29.508801030725543,38620812
2022-12-01,30.191181182861328,30.85691981711426,30.124609690456932,30.27440062912589,22598420
2022-12-02,29.841670989990234,30.03307335818873,29.517125628071447,29.63363082833611,27538203
2022-12-05,29.250829696655273,29.991462161736393,29.234188515902943,29.433909782314615,34945530
2022-12-06,28.93460464477539,29.383977463582845,28.701594258389708,29.375655180187252,24498747
2022-12-07,28.809776306152344,28.98453409071257,28.51019443591134,28.87635118415233,24214498
2022-12-08,29.10103988647461,29.24250855786078,28.610058985180736,28.793135690836596,19201199
2022-12-09,29.392303466796875,29.766779169609453,28.959571772842406,29.10936273140207,19224032
2022-12-12,30.39090347290039,30.432511503868096,29.50048009380393,29.575377259284053,31123430
2022-12-13,30.549022674560547,31.522665693173348,30.365945947630568,31.173153422651172,30258306
2022-12-14,29.41726303100586,30.132931978254216,28.901315335345625,29.017820527829603,36185598
2022-12-15,28.80146026611328,29.26747429680497,28.66831049691026,29.05110846222978,29568277
2022-12-16,28.701595306396484,28.934605701290284,28.343762511115592,28.568448928723495,73475967
2022-12-19,28.277193069458008,28.909642681180436,28.235585032619774,28.768174001061116,25314575
2022-12-20,28.635025024414062,28.759849123676386,28.110756694449012,28.277190520385275,34072511
2022-12-21,29.192583084106445,29.458875871598092,28.851389734277898,28.90132005532924,24542387
2022-12-22,28.976215362548828,29.217544667544203,28.635025421888262,28.92628504471623,33027171
2022-12-23,29.242504119873047,29.292437818026194,28.9096365090601,28.9429256411622,13213408
2022-12-27,29.126005172729492,29.359012184410762,28.826423277493753,29.217543520633814,16339611
2022-12-28,28.809776306152344,29.334046272660405,28.801457410178394,29.209218799807008,15311557
2022-12-29,29.167612075805664,29.41726364550582,28.876352475684282,28.967890820045543,13420939
2022-12-30,29.10103988647461,29.109362170763163,28.73488647516289,28.96789349937699,16416969
2023-01-03,29.830657958984375,29.847432035922942,29.134581555426806,29.302312084228273,24728045
2023-01-04,30.686084747314453,31.004771799580286,30.216444622798193,30.400945856463235,25680236
2023-01-05,31.013153076171875,31.155722495101106,30.367395464828768,30.946060179340623,28776563
2023-01-06,31.776315689086914,31.868569692719475,31.17249333444446,31.499563918772783,20038260
2023-01-09,31.491182327270508,31.868575204411226,31.382157642462555,31.860188165037005,24380843
2023-01-10,31.767927169799805,31.809858939429358,31.31505791345144,31.36537330618505,16812719
2023-01-11,31.826642990112305,31.95244176545768,31.39054762354111,31.91889360481691,14241249
2023-01-12,32.447235107421875,32.48077984637474,31.62535998808929,31.75115873283641,21741939
2023-01-13,32.64851379394531,32.7575384738918,32.26273730816078,32.455625551053046,15104132
2023-01-17,32.656898498535156,32.74076205548612,32.23757388672423,32.69883027701064,19584038
2023-01-18,32.103397369384766,32.82463160049652,32.0111467572042,32.59819859001046,19421107
2023-01-19,31.98598289489746,32.17887114265085,31.675682925238366,32.06984645995675,17082990
2023-01-20,33.017513275146484,33.08460616767315,31.843409843861753,32.06984280915627,24112173
2023-01-23,33.763916015625,33.8980984035437,32.9168830781769,32.9168830781769,32383770
2023-01-24,33.33620834350586,33.91487657495017,33.25234476762707,33.70521422172439,25809983
2023-01-25,33.62972640991211,33.80584397431549,33.17685706169657,33.80584397431549,26188875
2023-01-26,33.889705657958984,34.16645742647879,32.715602280925374,32.74914701887473,23805944
2023-01-27,33.210411071777344,33.87293942750993,33.15170520662327,33.69682524557632,22168739
2023-01-30,32.90849685668945,33.143316894764695,32.65690273963438,32.79947217037751,20288685
2023-01-31,33.000755310058594,33.059461186917034,32.77431884410878,32.916891722277555,27748295
2023-02-01,33.52070617675781,33.79745796902911,32.43884988285554,32.79108160890054,19008712
2023-02-02,34.47675704956055,34.51030520074881,33.3194243447047,33.4200653847417,22882562
2023-02-03,33.52070617675781,34.26710140826514,33.3781333477995,34.22516621531969,21771495
2023-02-06,33.13492965698242,33.36974969365241,32.92526732510315,33.16847781474132,15210725
2023-02-07,33.26911926269531,33.45362049733876,32.723995772105376,32.98397695680315,19130243
2023-02-08,32.50594711303711,33.04268010550841,32.31305885387688,32.90011067106514,21008270
2023-02-09,31.784700393676758,33.05944472629916,31.75954269528043,32.975577766747,21762639
2023-02-10,32.17048263549805,32.187256713155854,31.767935493464684,31.78470615759427,17178807
2023-02-13,32.78270721435547,32.925276684773635,32.011153983026695,32.011153983026695,19610073
2023-02-14,32.75753402709961,32.93364816808414,32.313051742179596,32.62334824836796,19213256
2023-02-15,33.059452056884766,33.143315621505195,32.47239686395671,32.87494743578013,17869796
2023-02-16,33.31105041503906,33.53748343382028,32.53949391607776,32.581425703738816,25511437
2023-02-17,32.807861328125,33.3781390879178,32.68206255471095,33.30266255469234,14930318
2023-02-21,31.734386444091797,32.455623973662846,31.692454664656854,32.262735740145224,20022255
2023-02-22,31.876951217651367,32.08661349782314,31.516335918906865,31.616973540307104,17725111
2023-02-23,31.608596801757812,31.985986298207244,31.398934453273135,31.89373568412088,18885046
2023-02-24,31.029918670654297,31.281512725756517,30.937668086038087,31.038305708078976,19375866
2023-02-27,31.32345199584961,31.50795662276631,31.13056374302946,31.239588428587403,18688078
2023-02-28,31.172494888305664,31.365379702525676,30.87896561398473,31.046696140235547,26114078
2023-03-01,30.719627380371094,31.097016820139167,30.476416907999056,30.92928628383768,18438187
2023-03-02,30.987991333007812,31.05508422848201,30.518347891744714,30.526734930370004,14539262
2023-03-03,31.222816467285156,31.357002280239453,31.029928201383136,31.231203507285887,17900952
2023-03-06,31.097013473510742,31.558269838553738,31.046694659388375,31.549882800612036,13254381
2023-03-07,30.350614547729492,31.20603428206429,30.14095227921639,31.08862259245037,21414797
2023-03-08,30.10741424560547,30.585441320297335,29.8642071888738,30.56867065628259,18619150
2023-03-09,29.746793746948242,30.300300724935603,29.62938203801735,30.19127605428949,15230145
2023-03-10,29.61261558532715,29.839048583570634,29.34424738969739,29.553909722514845,21782272
2023-03-13,29.780344009399414,30.14934986766672,29.302316873795714,29.60422982687025,23668301
2023-03-14,29.587451934814453,30.1996648019194,29.293926059401223,30.174503685640914,29261515
2023-03-15,30.09903335571289,30.18289693350355,29.042337938729254,29.377795663420777,24189103
2023-03-16,30.392555236816406,30.451261098849432,29.69647875884289,29.69647875884289,23735522
2023-03-17,30.2164363861084,30.367392830738485,29.880975344578484,30.082250604085267,55189188
2023-03-20,30.55190086364746,30.644151476015406,30.325464439172805,30.350625559016066,17623106
2023-03-21,31.021541595458984,31.105408583111124,30.753176792852617,30.837040366976016,18201099
2023-03-22,30.3590087890625,31.24797346844773,30.333847672376834,31.113791086708897,17241866
2023-03-23,30.166120529174805,30.593828790801762,29.88936531345175,30.283528833047647,21684641
2023-03-24,30.12417984008789,30.30029738406575,29.587446997849526,29.93967867227762,21735857
2023-03-27,30.526731491088867,30.71123607947374,30.333843278551374,30.342230316231742,17428165
2023-03-28,30.568674087524414,30.85381295659122,30.484807103924087,30.53512592867285,12609913
2023-03-29,30.987991333007812,31.021536073980844,30.803490137363944,30.887353696560588,15556540
2023-03-30,31.15572738647461,31.365386321622832,31.004770905050645,31.357002695039895,15921987
2023-03-31,31.7930965423584,31.826641287676072,31.20604472489195,31.26475058934431,16920699
2023-04-03,31.876951217651367,32.16209342063713,31.717607748179717,31.8685675938077,21018086
2023-04-04,31.91921615600586,32.14739347931942,31.657239625955597,32.07133322495733,21469107
2023-04-05,32.045982360839844,32.19809943102939,31.716393655542788,31.80090543216326,17616704
2023-04-06,31.851612091064453,32.18119736661384,31.73329766406065,32.14739471880112,21723160
2023-04-10,32.307960510253906,32.350214676294144,31.62343201312987,31.71639186637291,13265371
2023-04-11,32.434722900390625,32.69670285669496,32.3502145685915,32.39246873449106,15167192
2023-04-12,31.809354782104492,32.738956743281584,31.72484301125384,32.70515409880483,17293403
2023-04-13,32.155845642089844,32.367119926475226,31.89386566704288,32.02062817381044,16580326
2023-04-14,32.07978439331055,32.29105867115678,31.631884712958318,32.10513895774298,20997600
2023-04-17,32.189640045166016,32.31640251946836,32.06287413109176,32.10513172896445,15930844
2023-04-18,32.341758728027344,33.00938409143831,32.07132728670627,32.83191249063546,18405857
2023-04-19,32.32486343383789,32.47698051107467,32.096689537869175,32.13894370825057,14298867
2023-04-20,31.88541603088379,32.257258930982324,31.758653516619987,32.14739602142323,15308996
2023-04-21,31.89385986328125,31.986819705949344,31.69103713754281,31.94456554471586,14595920
2023-04-24,31.445955276489258,31.88540329948716,31.33609241079688,31.83469762607311,14260242
2023-04-25,31.18398094177246,31.378352151165387,31.057218455557514,31.243138144581664,19403822
2023-04-26,30.86284828186035,31.226239632008028,30.75298538067934,30.998065747824395,20857503
2023-04-27,34.031951904296875,34.15871784766174,31.775550446265683,31.860062221766494,33697354
2023-04-28,34.961551666259766,35.00380582724678,33.7953210000663,33.837575161053316,26468856
2023-05-01,35.18973159790039,35.493962267842605,35.09676830901059,35.493962267842605,18390279
2023-05-02,34.81789016723633,35.1897330184894,34.24322456798568,35.09676972584673,22383313
2023-05-03,34.555908203125,35.096767686432585,34.48829947779692,34.95310215491122,20905624
2023-05-04,33.98969650268555,34.46295073308487,33.81222831614367,34.45449921186429,16157581
2023-05-05,34.16716384887695,34.33618049302553,33.677010077210646,34.285474811826525,20203965
2023-05-08,34.302391052246094,34.47986272462255,34.023511418220416,34.251685351534746,17447477
2023-05-09,33.482635498046875,34.22631767715729,33.440381336927395,34.150260875096656,24880626
2023-05-10,33.685462951660156,33.744620161440174,33.19530911023596,33.744620161440174,20490988
2023-05-11,34.116455078125,34.24321754975694,33.617849831450044,33.6262979110747,20276628
2023-05-12,33.98124313354492,34.27702916131734,33.820677998175825,34.184065872718925,18316869
2023-05-15,33.97279739379883,34.23477735658172,33.86293449587962,34.12491445866251,14393617
2023-05-16,33.58404541015625,33.95588820353774,33.40657725316481,33.87983140476199,13159311
2023-05-17,34.048851013183594,34.200968063781474,33.575596820288304,33.685459707904386,14027742
2023-05-18,34.91084671020508,34.9531008720697,33.65165617573288,33.660107696060244,20044022
2023-05-19,34.80099105834961,35.147479385378446,34.631974375763605,35.07987408825321,18916310
2023-05-22,34.851688385009766,35.20662814891998,34.79253118439605,35.06296262729929,14481644
2023-05-23,34.124908447265625,35.071413315313784,34.116456927411015,34.826336438390136,20907545
2023-05-24,33.78687286376953,34.29392972594123,33.70236453333174,34.234775958498275,22360906
2023-05-25,33.03474426269531,33.685466764382895,32.95023591902878,33.36433299458625,29973310
2023-05-26,33.36431884765625,33.52488738435782,33.03473025551541,33.18684727347929,38219727
2023-05-30,33.093894958496094,33.60095180013312,33.01783471236437,33.060092315644404,25942505
2023-05-31,33.25446319580078,33.35587456310402,32.831914685446534,33.13614878735624,57247964
2023-06-01,32.99247741699219,33.44037697000364,32.688243368934785,33.44037697000364,32494311
2023-06-02,33.1192512512207,33.42348537210168,32.51923109078389,32.57838829869506,26251614
2023-06-05,33.62630844116211,33.668566051377574,33.144606082434926,33.19531177492057,25653881
2023-06-06,33.34742736816406,33.81223010189073,33.18685877581055,33.744621368328,15261194
2023-06-07,34.09955978393555,34.20097116018212,33.330522940770216,33.3812286288935,19692445
2023-06-08,34.200965881347656,34.234771961393704,33.79532043897171,34.0657518804797,11483694
2023-06-09,33.99814224243164,34.2094164779281,33.88827936479172,34.0150452819984,12955621
2023-06-12,34.38689041137695,34.47985370484018,33.88828505811064,33.96434530916736,17926240
2023-06-13,34.378440856933594,34.75873177660516,34.3277317318868,34.58126015825865,13414324
2023-06-14,34.51365280151367,34.83478993558564,34.3192815929125,34.412241437045914,19875543
2023-06-15,35.04606628417969,35.11367501776795,34.39534383262571,34.479855609554235,16736108
2023-06-16,34.81789016723633,35.20663262097417,34.73338183549485,35.1897330184894,36421298
2023-06-20,34.344635009765625,34.91084907251883,34.32773196796712,34.851691865996486,14793848
2023-06-21,34.327735900878906,34.59816740177605,34.074210883489684,34.31083629691666,14199849
2023-06-22,34.29392623901367,34.43759176205933,33.97279255213872,34.39533760113674,13875268
2023-06-23,33.87982940673828,34.234769139560996,33.75306349655855,34.074200591893515,20334459
2023-06-26,34.27703094482422,34.462950652150056,33.947442256631064,34.03195058909325,19510202
2023-06-27,35.05450439453125,35.14746421779213,34.11645120371433,34.11645120371433,15991983
2023-06-28,35.215084075927734,35.527769718465166,34.91084995450308,35.46016098933551,17284226
2023-06-29,35.04606628417969,35.26579208851197,34.90240073510579,34.97000946869406,11898864
2023-06-30,35.113670349121094,35.39254988851946,34.98690786024155,35.29113852150691,17361797
2023-07-03,35.5391845703125,35.590246641993616,34.79878626291079,34.87538110240695,8939646
2023-07-05,35.3008918762207,35.539180361194326,34.986008560822505,35.39450508589075,13846246
2023-07-06,35.07112121582031,35.2583476720118,34.781767144311644,34.977507987724564,13211167
2023-07-07,35.25834274291992,35.64130652503703,34.849846194555674,34.99452147810988,15309529
2023-07-10,35.615779876708984,36.0498057597138,35.52216665472456,35.52216665472456,20940622
2023-07-11,35.75194549560547,35.98172656117363,35.42855466873612,35.72641619051408,16701218
2023-07-12,36.03278732299805,36.20299192127284,35.879601106181326,35.93917410115711,19035280
2023-07-13,36.22001647949219,36.37320270778227,35.93066586959401,36.32214063168558,18296489
2023-07-14,35.75194549560547,35.97321563816013,35.57322996811835,35.68386503939568,13767714
2023-07-17,35.820030212402344,35.97321643820494,35.326431306132605,35.61578191133221,18576897
2023-07-18,36.11789321899414,36.41575475958706,35.71790752368654,35.73492937078878,19975734
2023-07-19,36.34767150878906,36.44979566539649,35.92215649889105,35.93917834630876,19894855
2023-07-20,36.77317810058594,36.95189704887646,36.40723274699436,36.50935687060372,19213256
2023-07-21,36.500850677490234,37.019982283737406,36.466810453194086,36.79871562988932,56112036
2023-07-24,36.84126663208008,37.01998213887144,36.61148559312121,36.68808042742374,16371728
2023-07-25,36.84978103637695,37.04552188807021,36.71361665010934,36.71361665010934,15134648
2023-07-26,36.517879486083984,36.9178651876544,36.27959094266849,36.84127380239383,18835111
2023-07-27,38.59439468383789,39.522022818234056,37.81995621547558,37.88803666265876,33702369
2023-07-28,38.49227523803711,39.300757492424665,38.279516020787945,39.02842874262093,22052969
2023-07-31,38.51780700683594,38.994384038594525,38.398661016921785,38.61142022864748,17010861
2023-08-01,38.560359954833984,38.73056456099362,38.373133502478716,38.68801340945371,16113301
2023-08-02,38.37313461303711,38.8241823747326,37.96463800411299,38.72205822250157,17766937
2023-08-03,38.44120788574219,38.78162397217485,38.219941239904436,38.38163489741904,13178730
2023-08-04,38.160377502441406,38.7646115260075,38.117826347309204,38.50930113126483,13555275
2023-08-07,38.67950439453125,38.80715784401648,38.373131959027866,38.41568310885628,13369190
2023-08-08,38.63694763183594,38.81566660791406,38.42419189452698,38.55184533691235,21221563
2023-08-09,38.53483200073242,38.84120099535258,38.441215307322906,38.63695268963962,16201541
2023-08-10,39.0880012512207,39.59862202591622,38.86673455815222,38.86673455815222,17231730
2023-08-11,39.1731071472168,39.34331176335558,38.781632373358356,38.87524560502456,14513868
2023-08-14,39.624149322509766,39.88797059698017,39.30926597762408,39.30926597762408,22244709
2023-08-15,40.02413558959961,40.245405719510444,39.35181774128885,39.411390735030146,21404340
2023-08-16,39.43692398071289,40.390081500282164,39.41990213545218,40.06668722402251,18508075
2023-08-17,39.35181427001953,39.896478624223974,39.35181427001953,39.68371943560805,13351905
2023-08-18,38.943328857421875,39.45394967033909,38.84120469483843,39.19863926388049,18780374
2023-08-21,39.02842712402344,39.19863171960472,38.74758399899599,38.7646058441337,13157924
2023-08-22,38.78162384033203,39.23267151617587,38.739069231711156,39.06246347353818,12764734
2023-08-23,38.688018798828125,39.096515452834915,38.57738717499266,39.01141313790005,19614448
2023-08-24,38.50078582763672,38.93481518129924,38.44972375449695,38.59439905106811,16335983
2023-08-25,38.69652557373047,38.82418249639392,38.43270426898204,38.5603611916455,13925737
2023-08-28,39.130550384521484,39.19863083563914,38.77311589233273,38.77311589233273,11531816
2023-08-29,39.81137466430664,39.89648042195705,39.130549386796076,39.173100533646895,15149693
2023-08-30,40.10073471069336,40.16030424684707,39.726278327152514,39.93903755725642,14907697
2023-08-31,39.79435729980469,40.25391593263287,39.74329522949045,40.10072972169014,21271605
2023-09-01,38.91779327392578,39.74329736570188,38.59439898990344,39.71776459719793,20130769
2023-09-05,37.92208480834961,38.89226429089743,37.845493423281056,38.76461082780004,23164357
2023-09-06,38.236961364746094,38.80715504479548,37.6582602265039,37.85399757996516,29705067
2023-09-07,38.160377502441406,38.89226499140411,38.160377502441406,38.19441773375728,22205230
2023-09-08,38.32207489013672,38.45823928015635,38.09229380153228,38.27952027080295,21189553
2023-09-11,38.51780700683594,38.90077081678298,38.236963877452304,38.36462079006732,21172588
2023-09-12,38.45823287963867,38.705032310952866,38.18590068097358,38.398659886435475,22415109
2023-09-13,38.45823287963867,38.46674380208898,37.93059032720908,38.37313058303348,18048092
2023-09-14,39.122039794921875,39.181612788118215,38.73056160989545,38.80715644799044,20977433
2023-09-15,38.58588409423828,39.27522374153225,38.458230656709,39.08799385029445,48481706
2023-09-18,38.841190338134766,39.16458455476405,38.653963930585356,38.688004150881156,13713938
2023-09-19,38.91779327392578,39.00289557437416,38.69652313602112,38.78162890041856,16928489
2023-09-20,38.72206497192383,39.181623737066516,38.696532197440966,38.96886447217548,16676997
2023-09-21,38.892269134521484,39.147579556461885,38.82418866463726,38.86673982430236,17364358
2023-09-22,38.551841735839844,39.011400320608374,38.51780151383982,38.77311183871123,13294393
2023-09-25,38.18590545654297,38.59440207365318,38.06676291918538,38.47525953629559,12666677
2023-09-26,37.649749755859375,38.05824631196376,37.3263554942938,37.43699055556354,19629919
2023-09-27,37.95612716674805,38.15186454830936,37.658265632724365,37.76038978518673,17452919
2023-09-28,38.177391052246094,38.500781839331765,37.99016116082944,38.03271230671319,13980368
2023-09-29,37.734859466552734,38.373137192883036,37.436997913178395,38.20292910640506,16151179
2023-10-02,37.86250686645508,38.058244211460526,37.52209077919039,37.65825859967572,18453978
2023-10-03,37.22004699707031,37.80254858317496,37.10011927698738,37.57982667064275,18118194
2023-10-04,37.237178802490234,37.33140622676466,36.971626569831976,37.168648181801466,22129580
2023-10-05,36.85169982910156,37.348540740540805,36.73177559807247,37.22004625918842,18792324
2023-10-06,37.237178802490234,37.35710303035033,36.31203111323475,36.58614662263743,25039289
2023-10-09,37.768280029296875,37.8967745080981,37.142951622273245,37.22861228368991,16788818
2023-10-10,38.09379196166992,38.25654998993003,37.53699074990964,37.896770369919835,16600813
2023-10-11,37.89677429199219,38.48783912841385,37.768279813923705,38.239420422381144,17968600
2023-10-12,37.60552978515625,38.08523372814684,37.51986562723344,37.982439527980766,17879826
2023-10-13,37.5284309387207,37.7511528593497,37.27144544825512,37.60552832919862,17668560
2023-10-16,37.90534210205078,37.973869238015,37.49416533956027,37.73401728878763,18208889
2023-10-17,37.999568939208984,38.29081797922712,37.77684703409144,37.879641223118576,16801195
2023-10-18,37.708316802978516,38.13662356430602,37.60552262239176,37.93103520313251,14281582
2023-10-19,36.894535064697266,37.98243738278101,36.82600443956486,37.85394638316874,19108796
2023-10-20,36.714637756347656,37.125814469674786,36.25206395385463,36.714637756347656,23962366
2023-10-23,36.78316879272461,37.09154784458142,36.60327723524256,36.94592333805362,15438850
2023-10-24,37.22861099243164,37.33997194041653,36.99732581995818,37.14295033398607,20848967
2023-10-25,36.62042236328125,37.34854861329066,36.594722066922856,37.117259892773234,24906874
2023-10-26,33.53658676147461,34.658756019735804,33.47662290650226,34.3075431396704,53355762
2023-10-27,33.95633316040039,34.615928648091526,32.48295089620683,32.55148152012619,38357583
2023-10-30,34.65018844604492,34.79581295518474,34.21331491862546,34.2304484444099,19421854
2023-10-31,35.3697509765625,35.41258130829651,34.83864998171389,34.86434678608378,20124687
2023-11-01,35.823760986328125,36.097880013075596,35.412584189545214,35.43828448268244,20812048
2023-11-02,36.4062614440918,36.47479207025187,35.858026894840606,35.858026894840606,17877905
2023-11-03,36.98876190185547,37.194350287279015,36.68037932372015,36.71464289239862,20278869
2023-11-06,36.37200164794922,37.05729403394325,36.1492797048289,36.954499827376466,19932520
2023-11-07,36.0122184753418,36.37199816386213,35.95225461280899,36.36343139968937,21096084
2023-11-08,35.5667724609375,36.01221274697744,35.369747376333805,35.85802147642408,20154776
2023-11-09,35.01853942871094,35.780929125799815,34.92431199791112,35.686701695,27728022
2023-11-10,35.90085220336914,35.94368253122022,35.16415940696739,35.18985969568364,21422586
2023-11-13,35.54107666015625,35.83232571241784,35.3611850784584,35.703834714070574,15164738
2023-11-14,35.86659240722656,36.40626017353917,35.780928255846966,36.23493535745632,24027133
2023-11-15,36.43196105957031,36.53475525356247,35.875156269882424,35.875156269882424,18268641
2023-11-16,36.329166412353516,36.894534472257156,35.866592545159634,36.646112267644945,19598443
2023-11-17,36.33772277832031,36.808863319744916,36.26062889178893,36.54331112463827,14282862
2023-11-20,36.78316879272461,36.95449010079218,36.12356990196634,36.21780080541461,15421671
2023-11-21,36.49191665649414,36.868829814013935,36.26919825645259,36.8345662493943,12507161
2023-11-22,36.38913345336914,36.77461348999953,36.320606303457474,36.594721876458145,13716392
2023-11-24,36.47479248046875,36.60328348345294,36.3206011848818,36.449092187866,6252620
2023-11-27,36.05504608154297,36.414825742841764,35.81519413623585,36.294898026850085,20604304
2023-11-28,35.86659240722656,36.063614028049834,35.79806178345815,35.97794987667024,15484624
2023-11-29,35.66100311279297,36.03791281721238,35.472544773906996,35.95225215469456,14164532
2023-11-30,35.883724212646484,35.926554547104175,35.498247715850766,35.78949677950427,25225374
2023-12-01,36.15784454345703,36.423396810719666,35.815198368715016,36.19210811492823,18111151
2023-12-04,36.90309143066406,37.194343917922716,36.12356835497671,36.19209896727447,24282146
2023-12-05,35.64387130737305,36.834571309932784,34.85578131944164,36.77460744860329,30967648
2023-12-06,35.71239471435547,36.037907273858565,35.36974514363805,35.78092183915837,17733220
2023-12-07,36.123573303222656,36.56901711416181,35.78949393169454,35.969385506114484,20830294
2023-12-08,36.06361389160156,36.183538124397096,35.686700692315924,35.72096426073231,21464946
2023-12-11,36.54331588745117,36.84313168379491,36.09787557459844,36.61184650738088,21289318
2023-12-12,36.551883697509766,36.95449369193949,36.115010135472055,36.86883302958142,18708245
2023-12-13,37.40850067138672,37.45133100244012,36.183537164548675,36.60328068488926,19904778
2023-12-14,38.239418029785156,38.54780057384294,37.63121970456164,37.742580648806275,31791052
2023-12-15,38.10236358642578,38.393612629946254,37.64835649387576,38.213724540323696,64390036
2023-12-18,38.29081726074219,38.44500854138966,37.96530465938164,38.17088954690209,19095032
2023-12-19,38.29081726074219,38.47070883150233,38.11949245335293,38.36791464440402,17517579
2023-12-20,37.862510681152344,38.47927232046844,37.862510681152344,38.22229033798118,17371934
2023-12-21,37.708316802978516,38.04239614654749,37.16007884873185,37.87963811283913,19290827
2023-12-22,37.69118118286133,38.222285581938614,37.52842315819728,37.80254212008809,12690791
2023-12-26,37.6312255859375,37.75115331181767,37.26287913074259,37.69118944887758,10269128
2023-12-27,37.682621002197266,37.83681229144037,37.442769047822345,37.6055271009139,9873805
2023-12-28,37.79397964477539,38.042398347788264,37.59695803502988,37.665485168268916,9627968
2023-12-29,37.56269073486328,37.811109436243484,37.31427203348307,37.76827910658154,14613205
2024-01-02,37.65754699707031,37.97660641188124,37.303995905754235,37.562692254264626,17620972
2024-01-03,37.34710693359375,37.83863169220379,37.26949979322224,37.66616631042843,16477361
2024-01-04,36.76073455810547,37.38160578151329,36.64000842803551,37.31261892006064,20908505
2024-01-05,37.11428451538086,37.34710946214691,36.846964383991285,36.890079854882146,13495950
2024-01-08,37.709285736083984,37.78689639448923,37.01943115635719,37.114285897827976,17204735
2024-01-09,37.32124710083008,37.45059353262415,36.907332903266536,37.252260231273134,15836521
2024-01-10,37.49370193481445,37.56268527500743,37.062540264112,37.338480644660066,13003529
2024-01-11,37.3126220703125,37.66617318406588,36.933199565121846,37.579942232386216,13557729
2024-01-12,37.0711669921875,37.441965637142715,36.95906466814426,37.441965637142715,13596141
2024-01-16,37.15740203857422,37.27812817164749,36.85559021577979,37.04529970213315,18334474
2024-01-17,36.519287109375,37.13153455818521,36.33819790781617,36.92457747634013,19813016
2024-01-18,36.683128356933594,36.760739024232954,36.286461752638644,36.312333145034785,21123719
2024-01-19,37.38160705566406,37.390230852375666,36.66588106704378,36.72624062424746,25187815
2024-01-22,37.61442947387695,37.88174960441613,37.45058787710207,37.51957473624111,19294241
2024-01-23,37.89899826049805,38.080083944724365,37.450588928340245,37.71790906638309,16764811
2024-01-24,37.7696533203125,38.226682999280115,37.51095694449224,38.183567521624916,20749736
2024-01-25,39.037261962890625,39.95994858463901,37.57131824241509,37.68342058495669,31713481
2024-01-26,39.89095687866211,39.94269614510583,39.08900000372877,39.175230944505465,21432189
2024-01-29,39.76161193847656,40.10654276456922,39.50291557385154,39.73574405695853,20554261
2024-01-30,40.22726058959961,40.391102185939175,39.675376247619226,40.01167972651537,16726079
2024-01-31,40.13241195678711,40.62393682057202,39.99444172777739,40.218646421071114,19824433
2024-02-01,40.2962532043457,40.62393644383008,39.8219759397938,40.30487700168303,19828274
2024-02-02,38.882041931152344,39.51153339834391,38.6923289525121,39.08899899156831,26924785
2024-02-05,38.69233703613281,39.13212263634116,38.61472987720731,38.76132390731371,16568803
2024-02-06,38.30429458618164,38.75270047840105,38.06284228969572,38.75270047840105,19902644
2024-02-07,36.959068298339844,38.623348711323935,36.94182070528883,38.48537498669326,33314408
2024-02-08,35.57073211669922,37.13153400396599,35.40689051103588,37.09703881758083,47886533
2024-02-09,36.27783203125,36.45892121878516,35.55348230088638,35.76043936670456,29201763
2024-02-12,36.74348831176758,37.07117152831505,36.15711225254214,36.16573253938705,23118476
2024-02-13,36.08812713623047,36.691750818155455,35.7949390924193,36.631387747985166,26194317
2024-02-14,36.23472213745117,36.32957688890143,35.941534085716015,36.25196973221996,26281064
2024-02-15,36.045013427734375,36.36406936875462,35.93291107904847,36.03638963016021,22290697
2024-02-16,35.56210708618164,36.00189261822312,35.49312022569372,35.967397433034854,24091580
2024-02-20,35.92428207397461,35.98464513835455,35.13094546048849,35.484500050444076,22252178
2024-02-21,36.08812713623047,36.174358087965764,35.77769149811666,36.14849020640076,22036111
2024-02-22,36.139862060546875,36.20884891956731,35.700080047749,36.12261446831963,20587765
2024-02-23,36.13124465942383,36.49341959107874,35.932911353261,36.09675297875308,15654597
2024-02-26,36.381317138671875,36.709000388729535,36.01914220804099,36.14849215249659,22527678
2024-02-27,36.45030212402344,36.484793802812305,36.131242688087276,36.40718664806511,14024541
2024-02-28,36.34682083129883,36.76073498504457,36.32094944174537,36.42442798018181,14079705
2024-02-29,36.9504508972168,37.03668185761935,36.596899747699176,36.67451041997291,30629836
2024-03-01,36.90732955932617,37.14015802930508,36.36406546930123,36.78660342601202,16022179
2024-03-04,36.08812713623047,36.97631857470426,35.863922449851955,36.84696863721236,21399325
2024-03-05,36.26921463012695,36.70899667502892,35.97602309030352,36.13986469875716,28526032
2024-03-06,36.34682083129883,36.57102550120734,35.932906677553085,36.312329155116245,17705371
2024-03-07,35.99326705932617,36.536527590663006,35.79493379376053,36.47616452942815,18899131
2024-03-08,36.717620849609375,36.76073632388005,35.87254491830437,35.99327105417332,19213789
2024-03-11,37.545448303222656,37.6661709263603,36.769359254957465,36.84696640483961,27018681
2024-03-12,37.24363327026367,37.64029980188936,36.907326290059636,37.64029980188936,20077846
2024-03-13,37.32124710083008,37.66617442883667,37.252260231273134,37.433349447651715,15441624
2024-03-14,36.92457580566406,37.20914002538136,36.22609393109582,37.16602455359588,26745209
2024-03-15,36.881465911865234,37.34711588548457,36.81247904064167,36.94182547556056,48338941
2024-03-18,37.18328094482422,37.502336915489344,37.02806310373465,37.122917866085594,23076863
2024-03-19,37.0711669921875,37.29536813038564,36.76073140709314,37.028051523683565,24630308
2024-03-20,37.1660270690918,37.26950561233608,36.81247596465529,36.993561660388366,29404173
2024-03-21,36.98493957519531,37.08841812322876,36.60552057233201,37.07979783580016,20008597
2024-03-22,36.855587005615234,37.19189047575728,36.62276206626896,37.1573988021215,16045439
2024-03-25,36.76935577392578,36.97631283387011,36.47616426574571,36.96768903805769,19047230
2024-03-26,36.631385803222656,36.78660361403904,36.33819777497685,36.78660361403904,20592353
2024-03-27,37.140159606933594,37.15740369107614,36.81247637966952,36.855591854859235,15051742
2024-03-28,37.38160705566406,37.588564137187454,37.18327377085227,37.24363683794472,22574732
2024-04-01,36.45892333984375,37.12291004632418,36.088124657032935,37.10566245320643,19529941
2024-04-02,36.31993103027344,37.058314926584735,36.1461917710049,36.64134353299091,17927201
2024-04-03,36.076698303222656,36.44154830238122,35.97245544632021,36.25912507070875,20079553
2024-04-04,35.711849212646484,36.49367065930597,35.57285991184492,36.31993491725744,26096793
2024-04-05,35.529422760009766,35.781342391825916,35.30356207281641,35.503360279573585,24362811
2024-04-08,35.364376068115234,35.624983230821776,35.25144570830675,35.39912251120481,29999665
2024-04-09,34.87790298461914,35.4251797125971,34.70416725926574,34.99083332758687,34832535
2024-04-10,34.504371643066406,34.877905602096796,34.209014523335945,34.877905602096796,23867083
2024-04-11,34.86922073364258,34.97346358828203,34.434874327373684,34.79103682475622,26205840
2024-04-12,34.200321197509766,34.70416394604733,34.078706908535615,34.6346675410528,24992981
2024-04-15,34.2524528503418,34.67810824869733,33.97447071182411,34.53043145304577,22720271
2024-04-16,33.983154296875,34.40012568877841,33.887598942199354,34.22638643021422,20195322
2024-04-17,33.8702278137207,34.243765317485654,33.774672448160445,34.1482099519254,21820257
2024-04-18,34.41749954223633,34.47830846376951,33.9918441631312,34.182954885823854,16735575
2024-04-19,34.956085205078125,35.008206627334985,34.37406206724097,34.49567989777805,25850743
2024-04-22,35.24275588989258,35.35568624225514,34.71285764050572,35.164575514142285,26295895
2024-04-23,35.060333251953125,35.72053685323204,35.01689931626307,35.13851362903247,16351668
2024-04-24,34.930030822753906,35.04296118645633,34.59124326746063,34.71286112618847,20893140
2024-04-25,32.897300720214844,34.08740629821144,32.306589911125926,33.5748794140055,40370372
2024-04-26,33.505374908447266,33.63567670409126,31.64637858039509,32.228401753557115,31778674
2024-04-29,33.74860763549805,33.8354755007717,33.409820132280025,33.50537549124373,15933511
2024-04-30,33.105777740478516,33.653050927058615,32.8712295635061,33.54880807858495,21560549
2024-05-01,33.1839599609375,33.61830636575662,33.027595679500244,33.05365816097988,21059379
2024-05-02,33.32295227050781,33.661743345523156,33.071032605806415,33.47932010191016,18104536
2024-05-03,33.609615325927734,33.73992064795094,33.34032072478451,33.40112963934113,23771373
2024-05-06,33.435882568359375,33.93103793806747,33.375077177807604,33.68780223260504,34321549
2024-05-07,33.435882568359375,33.63568080083649,33.33163970482229,33.56618791568766,32621818
2024-05-08,33.9223518371582,34.57386799312541,33.32295357928695,33.40982499301283,23894718
2024-05-09,33.47931671142578,33.97446849607127,33.35769887079091,33.887600630368354,25173944
2024-05-10,34.1482048034668,34.26981909774716,33.296887064438366,33.33163350054516,16247636
2024-05-13,34.486995697021484,34.521742136572016,34.15689214594406,34.37406534871534,19638562
2024-05-14,34.486995697021484,34.799724260416866,34.39144033639737,34.75629032702532,17175179
2024-05-15,34.09608840942383,34.7041705779368,33.887602690412095,34.64336165392276,20089583
2024-05-16,34.200321197509766,34.252446153115436,33.783353374981644,34.017897996142025,16713275
2024-05-17,34.11345672607422,34.21769957599701,33.80072817630584,34.12214421953668,14653538
2024-05-20,34.061336517333984,34.14820791924713,33.592243675931606,34.02659007805683,13373138
2024-05-21,34.061336517333984,34.42618650509139,33.844166852084875,33.87891329136203,14374624
2024-05-22,33.78335952758789,34.04396667401273,33.58355776881746,34.04396667401273,18944798
2024-05-23,33.60093307495117,34.00052952464373,33.44456878561751,33.722550923037474,17159281
2024-05-24,33.47931671142578,33.72254885688203,33.22739353642306,33.65305244283161,15338872
2024-05-28,33.47931671142578,33.71386136314904,33.14921316445314,33.21002208477057,18071992
2024-05-29,32.958099365234375,33.383758277525345,32.87991899218403,33.23608148946417,30445245
2024-05-30,33.76598358154297,33.80073002147624,32.94072823057267,33.06234253824589,19478298
2024-05-31,34.773658752441406,34.825783710950915,33.1231482123301,33.40981780506628,28850933
2024-06-03,34.382755279541016,34.80841422141245,34.12214812490685,34.747605296028844,16700044
2024-06-04,34.365379333496094,34.556493598780825,34.05265075664509,34.243765021929825,15557820
2024-06-05,34.00053024291992,34.40013023686791,33.93103735895714,34.40013023686791,13482079
2024-06-06,33.93972396850586,34.678111552933174,33.887606069369916,34.02659538396522,21698832
2024-06-07,33.84416580200195,34.1829532979298,33.800728334486365,33.931033665406346,17124603
2024-06-10,33.69649124145508,33.861543038774876,33.46194655586357,33.80073410967663,14060179
2024-06-11,33.288204193115234,33.531436351258925,32.975475617296055,33.14052739939179,17584160
2024-06-12,32.86254119873047,33.56618217517557,32.55850015471358,33.470626822577486,20169181
2024-06-13,32.64537811279297,32.87123530002581,32.410829894888394,32.57588168974459,19755292
2024-06-14,32.52375793457031,32.73224365301791,32.367393645734616,32.46294901072081,13542898
2024-06-17,32.410823822021484,32.54981310626167,32.0720363367444,32.480320232048214,33189569
2024-06-18,32.054664611816406,32.82779855075297,31.924362807548142,32.436889602134535,23948708
2024-06-20,32.879920959472656,32.99285131469209,31.88961378143001,31.95042270622615,22623921
2024-06-21,33.42719268798828,33.62699444201893,32.98416231748264,33.201335523653746,52256112
2024-06-24,33.42719268798828,33.70517481618492,33.06234269164863,33.26214444567928,20736398
2024-06-25,33.357696533203125,33.58355367536614,32.958096600182586,33.58355367536614,19688818
2024-06-26,33.20133590698242,33.39244663342895,32.68012162047949,33.26214482971004,25139160
2024-06-27,33.25345993041992,33.34901530109943,32.9754777773227,33.25345993041992,13949104
2024-06-28,34.01789855957031,34.09608245846073,33.444562932355254,33.47931290333459,40854256
2024-07-01,33.15789794921875,33.94840324132143,33.13183547014906,33.7920389743429,18038382
2024-07-02,33.14921188354492,33.322947608237484,32.8104208559304,33.322947608237484,16760223
2024-07-03,33.32437515258789,33.552082134615844,33.0265989995165,33.06163358503822,8171086
2024-07-05,33.15797424316406,33.2718295257581,33.00032928990453,33.24555358449505,12987737
2024-07-08,32.69379425048828,33.27182567894252,32.588697627132966,33.09666345175949,18798086
2024-07-09,32.851444244384766,32.99157190884623,32.53615432576665,32.64125096530602,19947885
2024-07-10,32.781375885009766,32.9915691464892,32.52739295485092,32.9127484558208,20513502
2024-07-11,33.0616340637207,33.44698599185777,32.8952304744012,32.92150284915023,19878210
2024-07-12,33.53457260131836,33.57836227392532,33.20176538586852,33.27183100090351,17870756
2024-07-15,34.103843688964844,34.541743956877625,33.4557465869537,33.499536257267685,20292526
2024-07-16,34.69063186645508,34.74318375099011,34.03377965181703,34.10384526642401,19783460
2024-07-17,35.548919677734375,35.680288685145506,34.743181210158056,34.751936292167215,33812910
2024-07-18,35.154808044433594,36.083160409781804,35.1460493979123,35.233628733579806,18947679
2024-07-19,35.102256774902344,35.28617766072537,34.91833945385208,35.18983967686354,20598648
2024-07-22,34.620567321777344,35.198598797504594,33.96371158970088,35.12853318794672,24768698
2024-07-23,33.72724533081055,34.65559770773272,32.37850643380698,34.51547005596316,32839593
2024-07-24,33.35940170288086,34.025012396551396,32.73758067047162,33.91115713840871,25018909
2024-07-25,33.49077606201172,34.48043539853952,33.482020980171974,33.75352120129505,19617115
2024-07-26,34.76069259643555,35.12853078308012,33.75351957983826,33.779791953640874,26209681
2024-07-29,35.627742767333984,35.7153221027402,34.708145486477974,34.79572482188419,23469625
2024-07-30,35.74159240722656,35.95178565184481,35.36499914792928,35.70656138804768,26916249
2024-07-31,36.14447021484375,36.45976012578398,35.62774567715387,35.69780772529194,26539704
2024-08-01,35.25990676879883,36.27583853019595,35.21611353358955,36.12695222480313,23257399
2024-08-02,34.944618225097656,36.030615640358654,34.89206990557256,35.79414642010919,27690464
2024-08-05,34.31403350830078,35.48761010085936,33.814822761457826,35.18983752084446,22823984
2024-08-06,34.086326599121094,34.55050281086661,33.91992299911279,34.0688093049814,16916005
2024-08-07,33.72724533081055,34.68187364762417,33.69221430906135,34.32279408918344,17866061
2024-08-08,34.462921142578125,34.54174183133846,33.66593778463293,33.683455077589755,14583863
2024-08-09,34.22645568847656,34.480438640253155,33.89365203932275,34.21769704104063,14937467
2024-08-12,33.7447624206543,34.24396962785531,33.692214105960886,34.156390291623865,13027430
2024-08-13,34.2614860534668,34.38409640813162,33.876130567215256,34.068806527954706,14962114
2024-08-14,34.16515350341797,34.261491499099975,33.95496021655789,33.96371529953273,19143687
2024-08-15,34.61180877685547,34.6293260704897,34.086325615556824,34.40161551233601,18449497
2024-08-16,34.69938659667969,34.88330747747036,34.59428996902007,34.71690388954718,15119603
2024-08-19,35.25990676879883,35.3036964392352,34.568019994540016,34.568019994540016,14170507
2024-08-20,35.05846405029297,35.27741593895098,35.005919304378395,35.07598134211279,14460731
2024-08-21,34.97964859008789,35.29493850129163,34.85703465858433,35.23363153553985,13602223
2024-08-22,34.51546859741211,35.11977241210614,34.3140339925141,35.11977241210614,9883728
2024-08-23,34.874549865722656,34.97964649650037,34.585532348697555,34.70814627286248,12464907
2024-08-26,35.25114822387695,35.43506555319709,34.90958237689253,35.04971360042236,11867601
2024-08-27,35.24238204956055,35.50512358159514,35.15480272713974,35.18107509795712,13943129
2024-08-28,34.970890045166016,35.33872827597971,34.95337275067913,35.25114893309126,11971313
2024-08-29,34.559261322021484,35.102258225714266,34.506713004582,35.04971347304769,24142369
2024-08-30,34.65559768676758,34.79572533845236,34.30527677516926,34.79572533845236,27608518
2024-09-03,34.59429168701172,34.935857526254374,34.51547099473901,34.75193663632998,19580517
2024-09-04,33.867374420166016,35.18108235118402,33.63090877496922,34.769454460260526,26178525
2024-09-05,34.857032775878906,34.883308716113156,34.0512943117266,34.07756668718806,20308958
2024-09-06,34.69063186645508,35.33872899844369,34.58553522693115,34.857035473163485,19791996
2024-09-09,34.78697204589844,35.05846871660748,34.11259899834491,34.80448577527691,14501384
2024-09-10,34.27900314331055,34.997165872884445,34.077568516459536,34.87455194142166,14673811
2024-09-11,33.87613296508789,34.27900220779513,33.403198111346526,34.27900220779513,18014588
2024-09-12,34.427886962890625,34.44540068946799,33.72724165094248,34.0425315066033,18198325
2024-09-13,34.63808822631836,34.93586085962918,34.35782932364318,34.42789494050527,13978234
2024-09-16,34.471683502197266,35.07598739702846,34.32279719034493,34.848276823152496,17851870
2024-09-17,34.401615142822266,34.87454998291118,34.349066827256834,34.63808434525311,13991784
2024-09-18,34.874549865722656,35.128532795973335,33.7184869271678,34.47168063599901,18436800
2024-09-19,35.26866149902344,35.96930691333041,35.16356486511604,35.34748575684043,17997516
2024-09-20,35.12853240966797,35.59270859636957,34.97964611183229,35.22487039269266,63664049
2024-09-23,35.671531677246094,35.837931698028434,35.13728990011747,35.2161105873541,23449779
2024-09-24,36.21452713012695,36.328382398180295,35.575188751652426,35.759109622686076,25816599
2024-09-25,35.548919677734375,36.17949946876253,35.49637136181536,36.17074082198056,25666578
2024-09-26,35.92551040649414,35.97805871344759,35.610220564773456,35.6540102264393,20610919
2024-09-27,36.4685173034668,36.85386924701703,36.074403148286166,36.109434170943594,18663110
2024-09-30,36.582366943359375,36.69622221650424,36.17073908258381,36.56485321541045,23877753
2024-10-01,36.521060943603516,36.75753014246988,36.05688475723452,36.4597575470119,19447462
2024-10-02,36.441650390625,36.935775888132554,36.39753274810098,36.52106502034587,11869735
2024-10-03,36.0092887878418,36.28282246423109,35.76222785020235,36.20341143092519,11158259
2024-10-04,36.34458923339844,36.49459064786067,35.876936497202585,36.07987979862042,14614592
2024-10-07,35.788700103759766,36.34458810378023,35.7534031192385,36.123996316409404,18206328
2024-10-08,36.13282012939453,36.203410506119084,35.6298740207133,35.79752032929256,19391125
2024-10-09,36.52988815307617,36.56518154772463,35.96517228986936,36.141646446055475,12159959
2024-10-10,36.26517868041992,37.0151857626936,36.22105744781095,36.635771894031826,12778179
2024-10-11,36.40635681152344,36.600475874240196,36.24753114435372,36.32694218220257,11147803
2024-10-14,37.032833099365234,37.10342347786344,36.44164810705626,36.494589993061965,12933107
2024-10-15,37.15636444091797,37.738725172515046,36.95341755671073,36.95341755671073,15836094
2024-10-16,37.2798957824707,37.59754711337841,37.24460238730495,37.27107153581127,12556456
2024-10-17,37.26224899291992,37.72107747271839,36.750475035847074,37.57107606152303,17379403
2024-10-18,36.99754333496094,37.38578147610403,36.94460144376214,37.01518823771243,15138809
2024-10-21,35.76222610473633,37.04165555320934,35.700459975473166,37.02400706157082,17427845
2024-10-22,36.6622428894043,37.32401472274819,35.79752415024914,35.885763028441204,19840545
2024-10-23,36.6622428894043,36.98871847832908,36.371064288345174,36.644594395471465,17511284
2024-10-24,36.7504768371582,37.05930392089836,36.47694314852573,36.874009107243054,17672508
2024-10-25,36.75929641723633,37.5887180330122,36.72400302660912,37.11224468939452,20660534
2024-10-28,36.91812515258789,37.024008924804306,36.72400610068174,36.72400610068174,20339688
2024-10-29,37.12107467651367,37.49166794142512,36.82989604981946,36.85636520157692,22504631
2024-10-30,37.27106857299805,37.474015455616076,36.89165472857926,36.900475383065526,29374937
2024-10-31,38.53285217285156,39.97993163873375,37.80048998908775,39.89169635609077,37556693
2024-11-01,38.435794830322266,39.42404226315122,38.37402869236943,39.132863658980604,26758760
2024-11-04,37.526954650878906,38.62108565036003,37.491657669576284,38.550495279226226,23210238
2024-11-05,37.55343246459961,37.994616100958204,37.34166489378305,37.71225814271203,17907674
2024-11-06,39.829933166503906,39.9005199612484,38.321087454625356,38.67403579423664,33154358
2024-11-07,38.99168395996094,39.70639764506869,38.95638697399973,39.679928497069696,18300757
2024-11-08,38.74461364746094,39.168148684072875,38.5240254754517,38.96520541094155,24562020
2024-11-11,39.00050735473633,39.379921213758195,38.744618577993435,38.788736218009575,11831536
2024-11-12,38.85933303833008,39.00051381955036,38.69168310530126,38.73580434410287,14310497
2024-11-13,38.74461364746094,38.99167814646549,38.39166898077478,38.5240254754517,12369731
2024-11-14,38.36520767211914,38.87697808205459,38.10932246715142,38.74462156034625,21530780
2024-11-15,37.835784912109375,38.665206579845886,37.57107548714328,38.36520376204156,19494837
2024-11-18,37.94166946411133,38.1357885159302,37.721077673514344,37.80931295316441,20380660
2024-11-19,37.3416633605957,37.73872933531001,37.33283911359528,37.588724319247014,31241013
2024-11-20,37.93284606933594,37.95931521723639,37.050482478613276,37.721078520244745,22480196
2024-11-21,38.38284683227539,38.58579011649256,37.509307567281596,38.02990214630952,16695562
2024-11-22,38.356380462646484,38.57696866266949,38.08284678485175,38.171082064860954,11349999
2024-11-25,38.11814498901367,38.85050724333985,38.0563788486237,38.75344770478659,25102242
2024-11-26,37.624019622802734,38.17108340614348,37.44754546511142,37.941670951763925,19624904
2024-11-27,37.55343246459961,37.97696760623273,37.52696331398367,37.59755010994102,17323599
2024-11-29,38.10932159423828,38.179908385491935,37.429897690249696,37.46519467734855,10197319
2024-12-02,38.19755935668945,38.215204259911374,37.659316183239596,37.950494796859985,17342378
2024-12-03,37.81814193725586,38.338736617060285,37.79166919516126,38.135793293557434,15313797
2024-12-04,37.54460525512695,37.91519847481771,37.39460383621174,37.68578242737563,15600607
2024-12-05,37.756378173828125,37.92402810989685,37.4651995412923,37.59755248567972,14527205
2024-12-06,38.07402801513672,38.109325005395,37.703434757731245,37.72108325286038,16654376
2024-12-09,34.45633316040039,38.2063796625566,34.20044794704025,38.126968620104805,48285911
2024-12-10,34.87986755371094,35.1092800203809,33.99750390092706,34.47397732842319,30599533
2024-12-11,35.038692474365234,35.15340050097333,34.782807271955214,34.82692491492631,25525734
2024-12-12,35.50634002685547,35.62104803663403,35.14457109780338,35.22398212520605,23970689
2024-12-13,35.22399139404297,35.47105596980059,34.99457890558982,35.0739899538887,19240784
2024-12-16,34.28868103027344,35.06516086765343,34.22691489485658,34.491624338448844,21535048
2024-12-17,34.235740661621094,34.51809861114687,34.0239730973448,34.29750679978037,20479038
2024-12-18,33.40631866455078,34.35927269711482,33.34455252682442,34.01514861184174,24161788
2024-12-19,33.00042724609375,33.56514312073006,32.86807431987936,33.485728491823835,24163816
2024-12-20,33.723968505859375,33.803379542631426,32.921015934143874,33.168076882567114,64062787
2024-12-23,33.512203216552734,33.71514653698303,33.23866950974452,33.556320861236856,17799054
2024-12-24,33.88279342651367,33.90044191939618,33.273959928258016,33.39749219549178,7995138
2024-12-26,33.75043869018555,33.93573710079427,33.60926151410658,33.75043869018555,11549742
2024-12-27,33.468082427978516,33.750436764022275,33.25631488020976,33.38866780182929,16425611
2024-12-30,32.991607666015625,33.42396703705565,32.744543116008686,33.33572815856512,25318096
2024-12-31,33.11513137817383,33.17689750640299,32.859246211057226,32.921012339286385,14623555
2025-01-02,33.0180778503418,33.48573063255132,32.82395877622862,33.35337769787568,30710501
2025-01-03,33.238670349121094,33.30043648982753,32.97396088285944,33.19455270332287,21696378
2025-01-06,33.07984161376953,33.67102663239136,32.90337104687727,32.94748868860033,33522793
2025-01-07,32.806304931640625,33.32689952111645,32.656303526881516,33.035720957432,17634949
2025-01-08,33.073246002197266,33.135527840407434,32.245745386666194,32.726228563586844,29122271
2025-01-10,32.35251998901367,33.07324657777186,32.316929849178656,32.735127573498254,29541602
2025-01-13,32.43259811401367,32.6728378645858,32.25464019463805,32.48598150599114,21311511
2025-01-14,32.37031936645508,32.60166072572906,32.16566608702971,32.5927659063359,26781807
2025-01-15,32.47709274291992,32.78851644363254,32.281337908613004,32.717332538278285,23760490
2025-01-16,32.30802917480469,32.6016559568951,32.27243541576202,32.494881923104295,22528745
2025-01-17,32.54826736450195,32.8418977540478,32.432598518218036,32.69953358977406,23517000
2025-01-21,32.89529037475586,33.14442861011304,32.512682770039056,32.548272911756065,22541335
2025-01-22,33.01985168457031,33.09993401597543,32.48598154743081,32.79740881215251,22536214
2025-01-23,33.34017562866211,33.39356264535734,32.84189922061903,33.16222132079041,18639636
2025-01-24,33.47365188598633,33.491448769111976,33.17112660286639,33.24230689203029,19479365
2025-01-27,34.016414642333984,34.167677257381115,33.420259000479895,33.429157440483024,26139259
2025-01-28,33.41136169433594,33.963028776564634,33.34017779356387,33.767273954858645,19094605
2025-01-29,33.24230194091797,33.66049965872951,33.1444263416432,33.535932360411074,22981259
2025-01-30,29.58529281616211,30.857682846532388,28.917955071066793,30.626341509345202,82541199
2025-01-31,29.950105667114258,30.26152934811462,29.62978354579923,29.781046166142076,41793430
2025-02-03,29.531904220581055,30.056877759263696,29.3984366786845,29.46072213518099,48476371
2025-02-04,29.85222625732422,29.905613273968726,29.015830870449793,29.078116326813152,43224917
2025-02-05,30.199243545532227,30.208141985746103,29.638679839580092,29.852227918038047,35732656
2025-02-06,30.67082977294922,30.679728213070334,30.03018373341949,30.34160921848043,31837466
2025-02-07,30.58184814453125,30.84878323241153,30.341608376273324,30.80429465470959,25697628
2025-02-10,30.67082977294922,30.946663308360062,30.599645873649038,30.902171107754484,28800891
2025-02-11,31.347061157226562,31.453835185180996,30.323811263219387,30.323811263219387,34827414
2025-02-12,31.053438186645508,31.347064988574083,31.04453974628364,31.071231445700395,25011120
2025-02-13,31.48052978515625,31.58730382295971,31.089027394322713,31.17800455193602,21941575
2025-02-14,31.489425659179688,31.694078899683092,31.400448508817124,31.49832409854963,19134938
2025-02-18,32.3436164855957,32.37031180254474,31.231387667753157,31.373751826476497,25624325
2025-02-19,32.45929718017578,32.699540606965705,32.281339220393214,32.423707036886945,24222287
2025-02-20,32.39700698852539,32.67284051837775,32.112278640399914,32.37921010864179,27582057
2025-02-21,32.24574661254883,32.610557323801636,32.20125803142077,32.530478602104914,22850125
2025-02-24,32.299129486083984,32.7351240441486,32.22794559241982,32.37920819749626,30006174
2025-02-25,31.898725509643555,32.90418398773082,31.80974835757169,32.4325992870803,36571425
2025-02-26,31.23139190673828,31.880934580640112,31.142414748168008,31.83644600135497,33249000
2025-02-27,31.489425659179688,31.569507991840748,31.14241187543094,31.222490586423557,24810097
2025-02-28,31.92542266845703,32.112279044580625,31.613998996586428,31.720773033894563,28571699
2025-03-03,32.014400482177734,32.245745441645795,31.80975084341851,31.91652488291626,21175362
2025-03-04,31.587305068969727,32.31693010385373,31.38265542538516,32.21905450228449,33088097
2025-03-05,31.64069175720215,31.756364238447006,31.11571999309289,31.42714729708629,26180019
2025-03-06,32.272438049316406,32.33472351105521,31.453839471231863,31.614000534987827,31067092
2025-03-07,33.44695281982422,33.47364814152647,32.094484016969076,32.10338245753649,46225748
2025-03-10,32.130069732666016,33.79396561788691,32.058889461267384,33.28678717041237,46334688
2025-03-11,31.98770523071289,32.31692575288053,31.5695075594015,32.09447925835275,34393145
2025-03-12,31.311473846435547,31.92542275172424,31.053437192546006,31.818648714137623,25026485
2025-03-13,30.875478744506836,31.961012360874584,30.83988860645715,31.293676447848142,34203539
2025-03-14,31.525020599365234,31.667384769620018,30.830989384161732,31.213596939744324,29242949
2025-03-17,31.80974578857422,31.96100838354763,31.44493514853994,31.578404487537092,18031446
2025-03-18,32.04109573364258,32.14786977290958,31.649589715773974,31.872036234525027,19081161
2025-03-19,32.11227798461914,32.227946836494354,31.969910191795087,32.07668422557882,23197220
2025-03-20,32.47709274291992,32.64614863292404,31.907628743424052,31.943222506935705,18212410
2025-03-21,32.69953918457031,32.81520805064484,32.1033834858166,32.24574767444844,58220322
2025-03-24,32.56606674194336,32.815204953955785,32.45929270512821,32.73512623717878,37273831
2025-03-25,32.868595123291016,32.87749356415677,31.961015723357768,32.45039737595289,33540505
2025-03-26,33.251197814941406,33.56262146920608,32.797409992870506,32.921977281575266,27680327
2025-03-27,33.251197814941406,33.49144119613722,32.95757103977821,33.17111910232182,19053099
2025-03-28,32.5838623046875,33.34907378981469,32.557166985728585,33.18891274106687,24894924
2025-03-31,32.83300018310547,32.948672654117196,32.343618602031206,32.77071472781696,29669322
2025-04-01,32.6728401184082,33.04654923970817,32.49488218675677,32.868591308056736,22127766
2025-04-02,32.87036895751953,32.90628184256287,32.42144144917583,32.601013183415624,20089049
2025-04-03,32.07128143310547,32.91526165790812,31.963539121236547,32.87036963704801,28631985
2025-04-04,29.970304489135742,31.739073389977154,29.93438977832611,31.361975321870965,39814678
2025-04-07,30.051111221313477,30.922026970055256,29.072453167386673,29.602185558794456,49231060
2025-04-08,29.48546600341797,30.796332018446286,29.18019551013294,30.051113141788104,36247484
2025-04-09,31.58643913269043,31.6492894199246,28.91083793955046,29.180193703045905,48117325
2025-04-10,30.239660263061523,31.335041584224353,29.709927871519305,31.22729927901199,33907980
2025-04-11,30.27557373046875,30.526971214135585,29.826648086273142,30.49105833204354,28608297
2025-04-14,30.661651611328125,30.931007385444868,29.853584288977903,29.970305733513747,21801798
2025-04-15,30.8861141204834,31.209341036394125,30.760413546125424,30.92202700408079,19195223
2025-04-16,30.12293815612793,30.939984561643257,29.952347394823953,30.79632937604577,22073029
2025-04-17,30.535951614379883,30.796330070249084,30.275574985766383,30.329446138393706,23021592
2025-04-21,30.167829513549805,30.535950258325986,29.853581746264233,30.30250738913728,24482742
2025-04-22,30.706541061401367,30.751433077578508,30.2845509930205,30.392293293650138,24656770
2025-04-23,30.948965072631836,31.451760071843974,30.87713564938232,31.002836226441097,30051628
2025-04-24,29.799711227416992,29.943368240172603,28.228470530442515,28.713310892830087,47249214
2025-04-25,30.437185287475586,30.4730999967443,29.745839468028322,30.0960019448175,31336510
2025-04-28,30.320466995239258,30.742458908870304,30.185789113709284,30.437186607728098,29764712
2025-04-29,30.473102569580078,30.580844879227246,30.167832083161173,30.212725930351343,24265287
2025-04-30,30.706541061401367,30.769391345853865,29.772775065029727,30.320465702315587,30062512
2025-05-01,30.365358352661133,30.733479105670863,30.230680474061394,30.392293928381083,21636306
2025-05-02,30.939985275268555,31.002835562451875,30.51799518855235,30.526972495824467,26487101
2025-05-05,30.931007385253906,31.137512869656877,30.509017281558876,30.5898240137934,21687949
2025-05-06,30.9669189453125,31.065682115843643,30.58982270494204,30.75143433524041,17182861
2025-05-07,30.877134323120117,31.3170826694173,30.71552086863409,31.092618929101487,26839425
2025-05-08,30.724502563476562,31.173426427009122,30.66165227240898,30.966920938152516,37632450
2025-05-09,30.751432418823242,30.93100413419628,30.661648388392308,30.832240969820017,18053320
2025-05-12,31.173423767089844,31.792943835309813,31.002834833119977,31.254232321427807,24640338
2025-05-13,31.236278533935547,31.52359260072766,30.966922738352896,31.29014969305208,20349291
2025-05-14,31.029769897460938,31.2632127815467,30.841222686862032,31.11955758992318,19372772
2025-05-15,31.721115112304688,31.75703165036024,30.984877245325503,31.101598684983244,19370318
2025-05-16,31.85579490661621,32.017408364766396,31.60439741210862,31.712139717542076,22184637
2025-05-19,31.81987762451172,31.900686178953205,31.640309555995227,31.739072724581565,15132728
2025-05-20,31.954557418823242,32.125150007994975,31.73907281239818,31.766006560945645,15010556
2025-05-21,31.514610290527344,31.981496058847192,31.388913368258635,31.801924328377137,18449390
2025-05-22,31.05670738220215,31.63133180469991,31.03874911276077,31.613373535258535,15394996
2025-05-23,30.993854522705078,31.13750970278534,30.733477909960957,30.74245704393682,14863310
2025-05-27,31.379932403564453,31.523587586856024,31.047726366098388,31.25423183411479,23493740
2025-05-28,31.09261703491211,31.532565354407257,31.038745886698646,31.39788565661804,21086267
2025-05-29,30.778371810913086,31.254233050186013,30.383317300606638,31.09261959225305,24132339
2025-05-30,31.038747787475586,31.2093403763503,30.616757709713113,30.8502005844376,33772791
2025-06-02,30.82326316833496,30.904071722825016,30.374337515006914,30.814284034001474,26976748
2025-06-03,31.119556427001953,31.137511041214267,30.62573692770356,30.841221534342033,23528310
2025-06-04,30.922025680541992,31.335040269535266,30.913046546399123,31.191381432271843,20493549
2025-06-05,30.724502563476562,31.056708634468336,30.607781116424142,30.975900073235263,20115297
2025-06-06,31.15546989440918,31.245253930689096,30.88611413105802,30.975898167337935,14674558
2025-06-09,31.065683364868164,31.33504279279952,31.02977047991604,31.1554710590158,16065072
2025-06-10,31.981494903564453,31.99944951780484,30.99385590342332,31.10159820691103,22664040
2025-06-11,31.58643913269043,32.11617152514623,31.53256797999134,32.017408354283134,20289859
2025-06-12,31.66724395751953,31.77498626265585,31.48767588529993,31.58643905592299,15181916
2025-06-13,31.433805465698242,31.83783729212487,31.379934311873924,31.658265561206655,18342264
2025-06-16,31.523588180541992,31.864773358610208,31.218319539856534,31.58643846645049,19551175
2025-06-17,31.00283432006836,31.451758137866786,30.93998403540365,31.38891150771334,17498160
2025-06-18,30.760412216186523,31.164447670862003,30.71552020000286,31.020788833660777,17338217
2025-06-20,31.00283432006836,31.335040357216627,30.868154616570948,30.975896917564373,45554391
2025-06-23,31.05670738220215,31.09262026657342,30.67063017079291,30.87713565132282,30696630
2025-06-24,31.613372802734375,31.676223089811387,31.065682142577916,31.227299254782466,25948907
2025-06-25,31.28116798400879,31.595419431762256,31.245255099056198,31.55950289229812,23071741
2025-06-26,31.613372802734375,31.631331071759636,31.263212138321588,31.29014588734808,17958250
2025-06-27,31.71213722229004,31.92761816169054,31.595415791502724,31.69417895462703,28744873
2025-06-30,32.044342041015625,32.11617146264509,31.676223107373485,31.75703166352056,19729257
2025-07-01,32.61896896362305,32.91525846526794,31.936598618299165,31.954556886705987,24388953
2025-07-02,32.464935302734375,32.71863727862286,32.3652668010643,32.53742316213587,25762502
2025-07-03,32.60990524291992,32.98139858351537,32.41962969520483,32.43774889288522,10841680
2025-07-07,32.1115608215332,32.74582128703687,32.04813809419285,32.546480597644916,16088760
2025-07-08,32.61896514892578,32.6733301154274,32.06625404149091,32.23841038341448,13563597
2025-07-09,32.274662017822266,32.6461554084201,32.06625986835436,32.546483211713095,15908437
2025-07-10,32.093441009521484,32.591787191460625,32.05719523686413,32.220290149789065,16146591
2025-07-11,31.703821182250977,32.03001097119253,31.6766405438445,31.930342483684385,17994315
2025-07-14,32.29277420043945,32.319958526727994,31.5316646965089,31.622275429460096,19787835
2025-07-15,31.45918083190918,32.3290203751338,31.441061633432724,32.27465909169335,18142094
2025-07-16,31.16923713684082,31.595095470137057,31.060507192679605,31.50448841267309,22516794
2025-07-17,31.44106101989746,31.731005069973694,31.06050622716277,31.078629113296664,18721155
2025-07-18,31.296091079711914,31.649461566786258,31.19641888734664,31.58603514910336,15778903
2025-07-21,31.721948623657227,31.803494238602017,31.41387798672614,31.486365846241306,16874712
2025-07-22,31.957529067993164,32.40151031132649,31.74913061206397,31.81255703082749,15528478
2025-07-23,32.42869186401367,32.528360361525266,32.01189129985925,32.048137072053294,17531237
2025-07-24,32.04813766479492,32.6370909057199,32.04813766479492,32.45587310543103,17215618
2025-07-25,30.516857147216797,31.205478890241476,30.081937375198876,30.933654032730274,35130548
2025-07-28,30.380945205688477,30.580282208389814,30.181606358981565,30.5077961932262,20947237
2025-07-29,29.746686935424805,30.489673624687015,29.52016561386631,30.408126170206614,35116571
2025-07-30,29.44767951965332,30.027573178644893,29.348011017328826,29.746688714637983,38032682
2025-07-31,30.109119415283203,30.897411490397605,29.810112076446703,30.79774299212061,43303235
2025-08-01,29.465801239013672,30.326579327902966,29.420495867384144,30.21784938640093,23900587
2025-08-04,29.502046585083008,29.855418911944092,29.438620168157353,29.556409714440644,31347180
2025-08-05,29.45673942565918,29.74668716202408,29.411435898604566,29.628895778875496,29278587
2025-08-06,29.139612197875977,29.683261920001254,29.11242971176971,29.592653018311854,23014230
2025-08-07,28.695632934570312,29.42955821834341,28.65032756154322,29.320828273487308,26822993
2025-08-08,28.695632934570312,29.03088236853957,28.623145075329194,28.713753977377806,17371507
2025-08-11,28.460050582885742,29.076188175604823,28.115739700370213,28.713754406005695,21291665
2025-08-12,29.085247039794922,29.32082796987521,28.559720207769228,28.559720207769228,21284089
2025-08-13,29.846357345581055,29.900722318720618,29.07618812210764,29.14867413829186,31729166
2025-08-14,29.81011199951172,29.918841940626194,29.53828714672553,29.656078530934717,15556647
2025-08-15,30.308460235595703,30.390007696968713,29.90072292873066,29.927905415854994,22090314
2025-08-18,30.290334701538086,30.44436816711534,30.090997709380577,30.12723979304259,26802933
2025-08-19,30.707134246826172,30.797743146444617,30.308458407714962,30.3809444210064,17918344
2025-08-20,30.163484573364258,30.82492382495641,29.95508613239755,30.752437811577888,21651244
2025-08-21,30.444366455078125,30.453427897486797,30.009448567553196,30.109117058027103,17252536
2025-08-22,30.94271469116211,31.169236014677885,30.54403885825941,30.54403885825941,26961169
2025-08-25,30.815866470336914,30.96989810748209,30.643710101517268,30.852110401668856,18296276
2025-08-26,30.516857147216797,30.788682004728,30.371883275208976,30.788682004728,23766145
2025-08-27,30.634647369384766,30.670889453005394,30.30845755276624,30.435308533449398,18694587
2025-08-28,30.417186737060547,30.707132618860093,30.136300453938674,30.67088869213311,22818329
2025-08-29,30.779621124267578,30.79774401110339,30.3175188580492,30.408127760211524,17850910
2025-09-02,30.92459487915039,30.95177736529325,30.489675100864666,30.534978629767572,21662341
2025-09-03,30.707134246826172,30.969895814506952,30.335639049194416,30.942715173027498,19108583
2025-09-04,30.761499404907227,31.214540217744084,30.55310096292327,30.833985418639575,29809633
2025-09-05,30.725255966186523,31.15111430016661,30.435310062626204,30.888350882690247,22531732
2025-09-08,30.80680274963379,30.90647309242878,29.465801361536275,29.511104889348662,29665908
2025-09-09,30.507795333862305,30.843046602060898,30.507795333862305,30.797743074360476,18289981
2025-09-10,30.33563995361328,30.57122273084374,29.81011311457275,30.38094532677599,18866267
2025-09-11,30.263153076171875,30.40812694695319,30.063816078353792,30.317518047214175,23239900
2025-09-12,29.95508575439453,30.245031648255328,29.402374607842056,30.145363150616884,25474412
2025-09-15,29.55640983581543,30.036634998499892,29.46580277584168,29.9279050513269,22823023
2025-09-16,29.257404327392578,29.683262672518364,28.97651801583842,29.55640983813617,23070781
2025-09-17,29.384254455566406,29.719505730874275,29.175854166913016,29.302706997573054,17270569
2025-09-18,28.66844940185547,29.37519406308048,28.38756493250056,29.293646602169904,41634233
2025-09-19,28.623144149780273,28.885907560017355,28.450989638661902,28.668447677336868,57393503
2025-09-22,28.53253746032715,28.614084922647667,28.36038293587649,28.387565423316662,38791959
2025-09-23,28.650327682495117,29.15773347929715,28.623145196166337,28.623145196166337,28049830
2025-09-24,28.641265869140625,28.80436078500689,28.50535343925207,28.80436078500689,24464496
2025-09-25,28.650327682495117,28.913091102338132,28.559720624069573,28.73187514148146,20702681
2025-09-26,28.740936279296875,28.894969752186782,28.595962405749827,28.695632750565856,16608282
2025-09-29,28.53253746032715,28.876850197239783,28.460051441821903,28.84060626598433,23759956
2025-09-30,28.4691104888916,28.822482795864296,28.29695413492871,28.496292974043346,40287999
2025-10-01,28.331756591796875,28.725506502505294,28.29512795636273,28.423325385014483,32274829
2025-10-02,27.837276458740234,28.203555333230916,27.81896121051084,28.130299931048455,26690578
2025-10-03,28.295127868652344,28.569837974610614,27.846435937972835,27.864749323843885,34826773
2025-10-06,28.4691104888916,28.4874238740756,27.855592517654156,28.20355615404227,29735156
2025-10-07,28.020418167114258,28.50574060369755,27.745708057191084,28.469111967848285,32197579
2025-10-08,28.176088333129883,28.37754117036314,27.892220599746725,28.029575654032364,25357468
2025-10-09,27.544254302978516,28.359226980789067,27.5259390538737,28.258500565026416,24066185
2025-10-10,26.976520538330078,27.81896235709638,26.949049528432113,27.644980536794908,24430886
2025-10-13,26.930734634399414,27.260386757519854,26.912421248752214,27.04061867543956,17972655
2025-10-14,27.461841583251953,27.57172562480947,26.930734761197805,26.967363396243137,24966413
2025-10-15,27.214601516723633,27.580882263345604,26.96736243205895,27.406898582573945,21912552
2025-10-16,26.793378829956055,27.315328010225123,26.692652416360094,27.15965957765347,21743966
2025-10-17,27.049776077270508,27.141344868330822,26.70181057136871,26.830007997000227,22066520
2025-10-20,27.077247619628906,27.13218964077661,26.848321910320646,27.058932370194007,18012454
2025-10-21,27.443527221679688,27.461842471584056,27.00399290481011,27.150503722573788,32098561
2025-10-22,26.92157745361328,27.47099953145021,26.903264067664168,27.416055646445866,23490859
2025-10-23,26.830007553100586,27.15050204366605,26.7842212947495,27.123031034086768,22618373
2025-10-24,26.811695098876953,27.123031975866915,26.78422222476532,26.9856769232012,19207601
2025-10-27,26.939891815185547,27.214601913260147,26.82085015149374,26.93073419072358,25722596
2025-10-28,26.811695098876953,26.93989252683879,26.674338182632745,26.839166109410094,28876008
2025-10-29,26.12491798400879,26.793377950554152,26.060818342781527,26.692651540264194,45729166
2025-10-30,25.016921997070312,25.731166360073235,23.579271919810054,23.890610639769047,68328653
2025-10-31,25.493085861206055,25.584656514879747,24.12869299843377,24.4766585006683,52397489
2025-11-03,24.705583572387695,25.41982980750552,24.449186866793628,25.309945771333545,42307297
2025-11-04,25.12680435180664,25.21837500271689,24.623170430746224,24.75136785115787,48614334
2025-11-05,25.58465576171875,25.630440155418576,25.071862352535813,25.135961994578278,42945896
2025-11-06,25.00776481628418,25.69454004632524,24.98029380708254,25.575498385258655,35022568
2025-11-07,25.04439353942871,25.438145323221192,24.73305665324726,25.24584824381207,38966093
2025-11-10,24.833782196044922,25.16343432052522,24.49497431049249,24.952823862188968,59186383
2025-11-11,25.135961532592773,25.319100967604456,24.76968266256941,25.06270613130377,56995939
2025-11-12,25.538869857788086,25.60296950071741,25.10849133303567,25.126804718053304,33011806
2025-11-13,25.61212730407715,25.895995044170952,25.4198320871099,25.4198320871099,34101960
2025-11-14,25.190906524658203,25.85021080486225,24.952825044666266,25.65791372313607,40374320
2025-11-17,24.925352096557617,25.291630981384863,24.86125245310256,25.190904567594135,28365982
2025-11-18,25.053550720214844,25.22753441016939,24.787998236455604,25.053550720214844,31200787
2025-11-19,24.604856491088867,25.06270790641372,24.513287698886682,24.989450636357795,29309743
2025-11-20,24.385089874267578,24.85209517947658,24.31183260540548,24.70558436890929,26345084
2025-11-21,25.04439353942871,25.108493187091266,24.348462494429015,24.348462494429015,33688178
2025-11-24,24.229419708251953,25.035236625096925,24.201948698172902,24.998607990465374,55123888
2025-11-25,24.43087387084961,24.8063103792206,24.28436119909532,24.3118322085756,32485455
2025-11-26,24.33014678955078,24.540759114970303,24.266049006665284,24.513288104139804,25848609
2025-11-28,24.44002914428711,24.614012822052423,24.220261072827086,24.24773394533797,14547478
2025-12-01,24.339303970336914,24.577385438665157,24.220262304383553,24.266048563984796,30211892
2025-12-02,24.742212295532227,24.97113801015768,24.174478685012204,24.467502183413096,48848754
2025-12-03,25.117647171020508,25.1909044384732,24.586542231669753,24.68726864494419,29501163
2025-12-04,24.907039642333984,25.200063133863733,24.760526964779864,25.163434498580582,43540215
2025-12-05,25.00776481628418,25.71285343126687,24.916194164419238,24.934507549360866,50881282
2025-12-08,24.40340232849121,25.035235532740757,24.33930268657745,25.026077908587826,42823191
2025-12-09,24.531600952148438,24.65980024226483,24.220262215038087,24.403403525610514,29309316
2025-12-10,25.255002975463867,25.364887016360115,24.513287562992684,24.614013979288085,39408045
2025-12-11,25.273317337036133,25.392358998352336,24.852094573868225,25.31910173127541,49189234
2025-12-12,24.93450927734375,25.50224288566265,24.88872488002758,25.227534638187112,30849211
2025-12-15,25.83189582824707,25.914308858199824,25.15427820316167,25.227533608593525,42691310
2025-12-16,27.223758697509766,27.33364273334823,25.529713766192867,25.83189486474865,98031159
2025-12-17,27.764022827148438,28.011261921807055,26.949050136318416,27.068089939509125,76466448
2025-12-18,27.718238830566406,27.864749646387732,27.23291639537003,27.39774246085291,49457691
2025-12-19,27.077247619628906,27.80980728040544,26.994834587907352,27.59919682053208,97603932
2025-12-22,26.793378829956055,27.287857000737276,26.72928105020336,26.994833520726395,32785176
2025-12-23,26.903263092041016,26.930734101757725,26.55529759015551,26.81169430203761,22459603
2025-12-24,27.269542694091797,27.342798095724408,26.894104334726055,26.903261958772017,11046544
2025-12-26,27.15966033935547,27.342799786551176,27.02230528806407,27.232915745518056,13253527
2025-12-29,27.351957321166992,27.379428331334886,27.03146096015595,27.159660249991752,25635529
2025-12-30,27.443527221679688,27.5625688917439,27.26038776768582,27.287858778963827,24549536
2025-12-31,27.370269775390625,27.55340921575183,27.23291472922512,27.351956390428025,18388891
2026-01-02,27.049776077270508,27.42521259320609,26.903263402564168,27.37027057313852,25911241
2026-01-05,27.484466552734375,28.26610911767017,27.074104718627154,27.093646202055695,47571600
2026-01-06,26.790760040283203,27.298827416141023,26.4781037670102,27.201121864848613,34552600
2026-01-07,27.25974464416504,27.269515385721647,26.712596162043937,26.8200724555882,36361700
2026-01-08,27.562631607055664,27.84597753615173,26.86892569277798,27.025253838631503,30813300
2026-01-09,27.718961715698242,27.894829482729037,27.142500976958207,27.484467632500174,22315300
2026-01-12,28.393125534057617,28.64715923237814,27.836206291561215,28.080469247994966,40310200
2026-01-13,27.826435089111328,28.578765429734094,27.748271018889383,28.23679692367116,35155000
2026-01-14,28.093332290649414,28.211953805170545,27.707815667949504,27.727584349182184,27336300
2026-01-15,28.024137496948242,28.221837509395964,27.865976732820055,28.083447312140056,31081600
2026-01-16,27.500228881835938,28.05379155818588,27.243217167888634,27.925286643924746,38596900
2026-01-20,27.836320877075195,28.251493354186866,27.371723868217508,27.510114065446388,50568300
2026-01-21,28.55792999267578,28.676551510096704,27.76712616128646,27.76712616128646,44865500
2026-01-22,28.89402198791504,29.10160917129493,28.538161207788878,28.548044605898593,35617700
2026-01-23,28.96321678161621,28.99287263190757,28.42942467434697,28.64689525354184,29380200
2026-01-26,29.091724395751953,29.1609194962785,28.82482739192806,28.95333419469886,43266700
2026-01-27,28.370115280151367,29.08183872887941,28.300918295111437,29.002758345687404,40826400
2026-01-28,28.083446502685547,28.76551595671959,27.915400459964843,28.498618967911707,46428800
2026-01-29,28.903907775878906,29.763908604161326,27.262988388972296,27.312412922083606,65923400
2026-01-30,29.408044815063477,29.506895762955416,28.567814586119518,29.299308583839842,51300200
2026-02-02,29.2498836517334,29.5859757387048,29.062067041855265,29.279539501322045,31343400
2026-02-03,29.417930603027344,29.93195403254292,29.190574738773357,29.299309086437194,37200800
2026-02-04,30.149423599243164,30.772181355476604,29.576090373428652,29.665056036522714,41031100
2026-02-05,30.49540138244629,30.58436704674812,30.001148529847242,30.1790798584509,30243800
2026-02-06,31.00942611694336,31.068735933851922,30.416322291582482,30.455861541046495,30791600
2026-02-09,31.246665954589844,31.315861052307728,30.40643572781912,30.74252781852741,24316900
2026-02-10,31.938621520996094,32.01770001862136,31.167586372186676,31.226896188118154,32111400
2026-02-11,32.106666564941406,32.46252924113087,31.90896465918612,31.9188518284415,27355300
2026-02-12,31.454252243041992,32.48229911430933,31.444366959423068,32.32413834725667,34309400
2026-02-13,31.207124710083008,31.51356094978019,30.762298275443552,31.335631507179404,28487900
2026-02-17,31.187355041503906,31.58275884202365,31.098389374929468,31.305976558744838,28089700
2026-02-18,31.23678207397461,31.454252660199923,30.979770352749192,31.256552641474663,20768600
2026-02-19,31.01930809020996,31.39494131269942,30.851262045501517,31.20712470145469,25767800
2026-02-20,30.979768753051758,31.088504983262162,30.436091372849713,30.93034422227884,25242200
2026-02-23,31.266435623168945,31.45425224106658,30.900689556417046,31.00942579079332,19564600
2026-02-24,31.246665954589844,31.483907097661874,30.99953952821169,31.1181591570352,20735400
2026-02-25,30.436092376708984,31.404827541039413,30.337241426477807,31.236781491273927,32273600
2026-02-26,30.49540138244629,30.86114743753158,30.455860249234362,30.50528666574927,25478000
2026-02-27,30.604135513305664,30.821607973596137,30.04068756696215,30.35700908873921,34865700
2026-03-02,30.46574592590332,30.70298707196306,30.179080248115522,30.386665543883407,22490300
2026-03-03,30.653562545776367,30.999539924210417,29.922068540603675,30.327355734207124,27217400
2026-03-04,31.721149444580078,31.770573977561412,30.27793007933918,30.495402549477234,28509100
2026-03-05,31.23678207397461,32.02758780515092,31.108275270649354,31.57287417977515,24202700
2026-03-06,31.543216705322266,31.602526519345272,30.633791386794524,31.029193289322894,23119100
2026-03-09,30.683218002319336,31.394941431493752,30.119768166453127,31.27631991725218,45897400
2026-03-10,30.712871551513672,30.821607780979374,30.19884813912579,30.584366641129193,21238700
2026-03-11,30.21862030029297,30.969884892179905,29.912184047492072,30.70298788872828,23701900
2026-03-12,29.813331604003906,30.21861878803342,29.65517084367166,29.981377647535048,23947600
2026-03-13,29.813331604003906,30.198848221635643,29.76390707343445,29.981377647535048,20252800
2026-03-16,29.99126434326172,30.20873492760474,29.714482056931903,29.813333008151485,19653200
2026-03-17,29.7342529296875,30.43609299367318,29.704597078389483,30.248276372969254,24222000
2026-03-18,28.241607666015625,29.763907355416993,28.20206841827046,29.59586131029379,36334100
2026-03-19,28.646894454956055,29.002757106831897,28.379997466049172,28.459079731288227,36163200
2026-03-20,28.68643569946289,29.18068854658489,28.508504372830973,28.59747003614693,246107100
2026-03-23,28.676551818847656,29.05218317144562,28.49862048351307,28.795171452120666,31505500
2026-03-24,28.884136199951172,29.368503772145242,28.597470524149585,28.706206755707953,21804200
2026-03-25,28.399768829345703,29.081838302773757,28.281149199008233,28.824826589809202,22266800
2026-03-26,28.389883041381836,28.81494079429141,28.281148696409037,28.399768324638455,28571200
2026-03-27,28.00436782836914,28.488735419726854,27.93517272752162,28.37011578553828,19776200
2026-03-30,28.56781578063965,28.894022602525382,28.053792338448464,28.281150093734045,32458500
2026-03-31,28.3799991607666,28.95333430543672,28.043908940555802,28.943449021691535,28734100
2026-04-01,28.049999237060547,28.389999389648438,27.75,28.229999542236328,27163500
2026-04-02,27.93000030517578,28.15999984741211,27.579999923706055,28.040000915527344,25105400
2026-04-06,27.65999984741211,28.170000076293945,27.6299991607666,27.989999771118164,19631400
2026-04-07,27.790000915527344,27.93000030517578,27.479999542236328,27.729999542236328,37148500
2026-04-08,27.959999084472656,28.09000015258789,27.65999984741211,27.790000915527344,23123100
2026-04-09,28.309999465942383,28.31999969482422,27.6299991607666,27.81999969482422,24209100
2026-04-10,27.93000030517578,28.469999313354492,27.829999923706055,28.420000076293945,18153900
2026-04-13,28.049999237060547,28.190000534057617,27.59000015258789,27.950000762939453,20312900
2026-04-14,28.139999389648438,28.3799991607666,27.799999237060547,27.829999923706055,17564400
2026-04-15,28.299999237060547,28.510000228881836,28.010000228881836,28.15999984741211,18045000
2026-04-16,29.350000381469727,29.459999084472656,28.270000457763672,28.34000015258789,27115800
2026-04-17,29.6299991607666,29.780000686645508,29.15999984741211,29.299999237060547,32422000
2026-04-20,29.729999542236328,30.139999389648438,29.559999465942383,29.6299991607666,22174000
2026-04-21,29.049999237060547,29.920000076293945,28.889999389648438,29.760000228881836,37226100
2026-04-22,29.3700008392334,29.530000686645508,29.110000610351562,29.139999389648438,25222700
2026-04-23,31.639999389648438,32.08000183105469,30.399999618530273,30.5,46477900
2026-04-24,27.559999465942383,31.030000686645508,27.5,30.959999084472656,65543100
2026-04-27,27.510000228881836,28.010000228881836,27.299999237060547,27.450000762939453,31684600
2026-04-28,27.639999389648438,28.309999465942383,27.549999237060547,28.040000915527344,23549000
2026-04-29,26.760000228881836,27.729999542236328,26.600000381469727,27.489999771118164,31883500
2026-04-30,27.040000915527344,27.350000381469727,26.719999313354492,26.719999313354492,41994900
2026-05-01,27.190000534057617,27.479999542236328,26.989999771118164,27.290000915527344,28829300
2026-05-04,27.06999969482422,27.18000030517578,26.889999389648438,27.0,24758600
2026-05-05,26.459999084472656,27.219999313354492,26.219999313354492,26.979999542236328,31384300
2026-05-06,26.440000534057617,26.84000015258789,26.389999389648438,26.510000228881836,30097200
2026-05-07,26.239999771118164,26.690000534057617,26.110000610351562,26.3799991607666,34373800
2026-05-08,25.399999618530273,26.260000228881836,25.350000381469727,26.25,36599400
2026-05-11,25.030000686645508,25.68000030517578,24.8700008392334,25.5,35016100
2026-05-12,24.899999618530273,25.399999618530273,24.799999237060547,25.290000915527344,33690600
2026-05-13,24.940000534057617,25.079999923706055,24.530000686645508,24.760000228881836,33453200
2026-05-14,25.170000076293945,25.549999237060547,24.90999984741211,25.020000457763672,31812300
2026-05-15,24.760000228881836,25.540000915527344,24.690000534057617,25.3799991607666,33033500
2026-05-18,24.93000030517578,25.360000610351562,24.6200008392334,24.719999313354492,34687900
2026-05-19,24.799999237060547,25.260000228881836,24.68000030517578,25.110000610351562,33394200
2026-05-20,24.8799991607666,25.170000076293945,24.739999771118164,24.8700008392334,33277100
2026-05-21,25.079999923706055,25.139999389648438,24.559999465942383,24.860000610351562,27771400
2026-05-22,25.209999084472656,25.350000381469727,24.90999984741211,25.1299991607666,26573600
2026-05-26,25.149999618530273,25.540000915527344,24.84000015258789,25.31999969482422,25780100
2026-05-27,25.219999313354492,25.829999923706055,25.139999389648438,25.229999542236328,25684500
2026-05-28,25.15999984741211,25.34000015258789,24.899999618530273,25.229999542236328,23353400
2026-05-29,24.8700008392334,25.049999237060547,24.780000686645508,25.049999237060547,50614300
