Price,Close,High,Low,Open,Volume
Ticker,CRM,CRM,CRM,CRM,CRM
2021-01-04,217.12228393554688,220.51251222794806,212.59870126030512,219.41857245962103,10319900
2021-01-05,218.31478881835938,219.77337020368816,214.83586626884826,216.31416248098068,8657200
2021-01-06,213.02249145507812,217.270142135105,212.6578498454779,214.8457295790946,9789800
2021-01-07,214.8260040283203,217.46723444685637,213.36742262471478,213.88975275650608,8443100
2021-01-08,218.82725524902344,219.10321771181535,216.04806617425712,216.81677900587377,7301700
2021-01-11,215.09210205078125,217.38839067219578,213.10132557831764,216.45213939824737,7199000
2021-01-12,212.401611328125,215.14138586648477,210.99229440397187,214.84572360621422,10736000
2021-01-13,215.02310180664062,215.73268518264805,212.41145121300676,213.86018268585468,6839200
2021-01-14,212.48045349121094,216.32401772255926,212.43117394198708,215.07238935470704,6548000
2021-01-15,210.05606079101562,214.71761785646734,209.90823716744225,213.04221829126567,8525600
2021-01-19,213.6236572265625,214.1361374686352,210.60793529383966,212.2340701856068,7753800
2021-01-20,220.2069854736328,221.38961932461152,216.78719268786588,218.77796894378332,9857700
2021-01-21,218.9553680419922,221.48818932381542,217.62491053334313,220.4533790139732,6785900
2021-01-22,222.5032958984375,224.49405731366176,220.5125194452065,221.64587386514114,10186100
2021-01-25,222.651123046875,226.96775288935459,218.11769025701722,226.36657848224215,8213500
2021-01-26,222.98619079589844,224.6123256197533,221.29107663661077,224.50391663149634,5021000
2021-01-27,221.52761840820312,224.5137756152616,218.3739227648748,220.46324330895348,7641100
2021-01-28,223.22271728515625,226.27786865834534,221.74442114419494,221.74442114419494,7246000
2021-01-29,222.2963104248047,225.47957049171126,219.7930689718763,221.4093387775322,6473000
2021-02-01,225.15435791015625,226.57350953395488,221.49803227348002,223.92244449372978,5696700
2021-02-02,230.81129455566406,232.53597333762698,228.0321057096353,228.1207998664435,7134900
2021-02-03,231.42236328125,232.5852824753833,228.89939165298057,231.5997516174368,5357600
2021-02-04,234.53663635253906,234.78301907436776,232.0629592390617,232.11223879102903,4770700
2021-02-05,235.43344116210938,235.89664181941293,232.989329103448,235.68967374440257,5020000
2021-02-08,235.4728546142578,237.62131946660298,233.69891129665888,236.04446425317522,4336400
2021-02-09,233.275146484375,236.606245530939,232.82181071991204,236.09376528423516,5157200
2021-02-10,233.29486083984375,234.7731570947238,230.57480114454705,234.01429413991005,5535600
2021-02-11,237.7494354248047,239.3755550915722,235.1279201102051,235.47284683812276,6091600
2021-02-12,236.8920440673828,238.0648281773649,235.45317745699015,237.46365376123993,4314400
2021-02-16,244.9930877685547,247.5948883707718,240.27240204970843,241.45503595289694,10837600
2021-02-17,244.07652282714844,245.88989560243013,241.94777302764166,244.99305910754475,5879200
2021-02-18,243.43594360351562,244.42147434727983,239.06019973312735,242.41099824672335,4152800
2021-02-19,242.99246215820312,245.78151601791038,242.4208525119516,244.41162886089575,4647700
2021-02-22,237.46365356445312,240.98200589148365,236.90190880382232,240.72575824803167,5055000
2021-02-23,232.23048400878906,235.5024535802247,225.696409798535,231.85597748150238,8641600
2021-02-24,236.9906005859375,238.0056961407644,228.16023770660053,232.12207586542416,6128300
2021-02-25,227.73648071289062,236.8723563078163,226.4454376482695,235.0786828631004,8828900
2021-02-26,213.3673858642578,227.16481497326293,213.20969735103387,226.0708753495288,20372900
2021-03-01,214.3923797607422,217.01389549528494,211.91870268013685,216.71823322541786,14027700
2021-03-02,210.38125610351562,215.4370338001084,210.25313229038363,215.23991561436497,10211500
2021-03-03,203.01934814453125,210.23344093761904,202.42802363958717,209.75052542398114,11459000
2021-03-04,202.35903930664062,206.06462967052522,198.5943044633162,203.8471853887365,12800500
2021-03-05,207.7104949951172,209.2775006147895,200.279598342329,206.9713467919164,11406000
2021-03-08,204.7144317626953,211.7905347476994,204.5666081775508,210.52905669445076,9576400
2021-03-09,208.4693145751953,212.66767008060415,208.11452291008996,209.10990353591072,9732200
2021-03-10,208.89309692382812,213.02245798687807,208.70584368193698,211.61315628296944,7186400
2021-03-11,212.8253936767578,215.0132734657641,211.24855326823604,211.88914233450924,6431000
2021-03-12,209.13949584960938,210.755765745907,206.27159763765243,210.3615444065622,6114600
2021-03-15,209.72093200683594,209.85890570070998,206.4686777506566,208.78468086711888,5733700
2021-03-16,211.37664794921875,213.55467769757786,210.39111712042418,211.73143964910508,5311000
2021-03-17,210.0363311767578,211.70188072914752,207.80903685632373,210.43055254188383,5805100
2021-03-18,206.44898986816406,208.32150742996816,205.38461478880322,207.65133865940464,5580100
2021-03-19,209.12965393066406,209.6716989331575,206.04495244012517,206.77423568165443,7088400
2021-03-22,212.05665588378906,213.84046418745345,208.3116359165014,208.42004490369675,5002500
2021-03-23,211.88912963867188,214.2839623507632,211.22882578342848,211.65259682446242,4578000
2021-03-24,206.49826049804688,212.16506241080998,206.38000161811638,212.01723881089686,4617700
2021-03-25,202.46746826171875,205.15796337830534,201.41294299214348,203.18690160011573,7977200
2021-03-26,206.0646209716797,206.37999803001935,201.80713595013486,202.66454289073639,7333200
2021-03-29,207.72035217285156,208.5876091397125,203.00951567005475,205.9858081631134,5686900
2021-03-30,206.96144104003906,208.23276898970582,204.35964066848447,205.6211187251167,4717900
2021-03-31,208.80442810058594,210.57838673778565,207.0698991208841,207.39512612420472,6838000
2021-04-01,215.55528259277344,215.76223562490952,210.28268716903486,210.5093700644294,7763500
2021-04-05,217.10256958007812,218.63014530139785,215.7622471136178,216.43241586585114,5553200
2021-04-06,217.8909912109375,218.3443419753702,215.09208747332696,216.63937797831952,5448500
2021-04-07,217.5953369140625,219.45798950912354,216.21559982068635,218.7484211739633,4403400
2021-04-08,221.20240783691406,222.44418639714522,219.23134603388874,219.77339103732234,6169100
2021-04-09,227.93353271484375,227.96309743197605,220.3942290860132,221.08409754910807,7319300
2021-04-12,225.45001220703125,226.5242521689049,223.86330707513267,226.19902521215482,6205700
2021-04-13,228.6431427001953,230.11158898725387,225.19378494394238,225.68655033769278,5397100
2021-04-14,224.72073364257812,229.76664644593893,224.36594195871643,229.48084913522,4617600
2021-04-15,229.62869262695312,229.70753690108552,226.1793345832006,226.54397619280627,5073900
2021-04-16,228.55445861816406,230.61421444575876,226.56368212897323,230.61421444575876,5088700
2021-04-19,227.1648406982422,228.84023998646316,225.55842074361547,227.49006765434487,4257700
2021-04-20,224.66159057617188,228.1010831803906,223.60706548270286,226.67206663745122,4081200
2021-04-21,227.22398376464844,227.45065164291728,223.3902694711126,223.8239054385882,4024000
2021-04-22,228.00254821777344,230.50578974107466,225.69639480162272,226.67207567145596,4975400
2021-04-23,230.13128662109375,232.0826483894409,228.39675786501365,229.56954189724078,5447100
2021-04-26,232.05307006835938,232.388146904212,229.05704825672143,230.65360321178832,3459600
2021-04-27,230.8211669921875,232.4867013524256,228.55444322602105,232.0530804479295,3445200
2021-04-28,233.4525604248047,234.8815771978445,230.15102595087836,231.5997575522244,4274500
2021-04-29,230.968994140625,234.23109861547263,228.8106793269205,233.88617186536854,4140800
2021-04-30,226.98745727539062,231.10696873220348,226.1990296409844,229.43156940784422,5024800
2021-05-03,220.52235412597656,228.1109528942046,219.8423505437328,227.43093427395507,5835700
2021-05-04,214.03756713867188,218.78783270667236,211.2583781645936,218.46260574538547,6727500
2021-05-05,212.2833251953125,216.39300180456056,211.7314303614776,215.65385371538747,4205800
2021-05-06,214.89500427246094,215.1216721567096,210.41083590941295,212.6874097607123,5200000
2021-05-07,213.3673858642578,218.04865645481314,211.97778403772983,217.3193583596556,5774700
2021-05-10,210.795166015625,212.8352218331359,210.14471212847613,212.38187108324277,5263700
2021-05-11,212.44100952148438,213.43640521950857,205.88723594252133,205.97593010234345,6097900
2021-05-12,207.49363708496094,210.2826909066004,205.97592634963357,210.25312618719835,5482500
2021-05-13,208.7945556640625,212.51986088099935,207.42466845506198,209.88849545240151,5337000
2021-05-14,214.51063537597656,215.11180975944012,211.0514126785032,211.09084233138967,4429000
2021-05-17,211.94825744628906,214.56977305767666,209.74067801607384,213.45611840996537,3816100
2021-05-18,211.22882080078125,214.20512806451225,210.6966257408656,212.3227606039336,3540600
2021-05-19,218.1373748779297,218.39362249993417,211.40619798045057,212.72682062815073,8092100
2021-05-20,220.54209899902344,223.54797118893035,219.14264695477334,219.75367128786635,6705500
2021-05-21,219.3594512939453,222.51314690421628,219.22147758093365,221.95140215767134,4913600
2021-05-24,223.70562744140625,224.3068017925935,220.96585319514466,221.7444158607778,5288300
2021-05-25,224.41522216796875,226.3961336365402,223.0059053225224,224.7010194795313,6256300
2021-05-26,226.3567352294922,226.90864517842874,224.98684784772118,225.17410112921647,5807100
2021-05-27,222.56239318847656,226.19900376976275,222.12875728724936,226.19900376976275,15344100
2021-05-28,234.6549072265625,239.9767679334986,234.3888096798134,235.7586969938067,17810800
2021-06-01,232.78237915039062,234.95054396983232,229.09650346874184,234.55633765284549,8103900
2021-06-02,231.22523498535156,234.84213127156252,230.5156515955656,231.00841700302772,5543900
2021-06-03,227.4999237060547,229.8060621430149,226.11032168455057,229.52026483094983,5109000
2021-06-04,234.0438690185547,234.44794028821204,228.17011339888396,228.27852239713332,6177600
2021-06-07,234.69432067871094,236.0050785398046,232.42759667109038,233.17660975629113,3510800
2021-06-08,232.99917602539062,238.2914712933694,232.26002796950507,235.34474400156262,5827300
2021-06-09,232.67396545410156,235.4137399043956,232.1023557794206,235.4137399043956,3350900
2021-06-10,236.71463012695312,236.8131741778501,231.74754679117228,232.58525393282753,4659500
2021-06-11,236.83290100097656,236.89203044211132,234.96039852101282,235.57142279674716,4624200
2021-06-14,242.6968231201172,243.07132965745964,237.00045597699778,237.21727396830053,6764700
2021-06-15,239.07003784179688,241.80981197136228,238.50827812730077,241.66198838228698,5135300
2021-06-16,238.88279724121094,241.4648829870257,236.0148991573903,238.49844085127663,5099300
2021-06-17,240.89328002929688,243.60348965958258,237.71001983782122,238.49844746514196,5170200
2021-06-18,239.26718139648438,242.45044186908004,237.57206711134813,238.35064491336232,7822200
2021-06-21,240.94256591796875,241.1790987237931,235.43345235178384,239.92747039640003,5895100
2021-06-22,239.59239196777344,241.17909714787814,237.40451240171583,240.27241062181923,4457200
2021-06-23,238.3407745361328,240.96229017745094,237.36510862967754,240.22314204807225,4482400
2021-06-24,240.24285888671875,244.10613800405235,239.18833366173362,239.82893773536236,4987300
2021-06-25,238.37033081054688,240.66661938899824,237.5030739286559,240.65676949463818,15409300
2021-06-28,241.03126525878906,244.00755732745634,240.0752992182815,240.67647358356967,4274900
2021-06-29,242.25332641601562,243.20929250639776,238.92222746033332,240.90315401615928,3871900
2021-06-30,240.73561096191406,243.0614642343845,239.9767480408351,241.92809479988878,4168800
2021-07-01,241.435302734375,243.0220077369952,239.10944971882003,240.96225221673808,3899600
2021-07-02,244.6087188720703,245.3577318349454,242.28286579820514,243.34724076807618,4056200
2021-07-06,246.6290740966797,249.2604394363273,244.78613637713016,245.39716063965332,5590200
2021-07-07,244.8452606201172,249.8320437822339,244.2736509836287,249.33927840988235,5101400
2021-07-08,242.2434844970703,243.01219735245846,238.24223167594542,241.29736826997328,5159600
2021-07-09,241.51417541503906,244.41163837279763,240.5582093361049,242.0365055359404,4213500
2021-07-12,239.39529418945312,243.68234421742685,238.3506339302872,243.64292960149902,5604500
2021-07-13,240.48924255371094,243.58380882538643,238.18308893269852,238.78426335353393,6699800
2021-07-14,238.92221069335938,242.58838625861227,236.39925439856293,240.9622665486397,6375700
2021-07-15,234.1424102783203,238.5280193496323,232.4078814765224,237.72974180427073,7912600
2021-07-16,234.9801025390625,237.39466504090765,234.3296636368658,234.85199376030002,7288100
2021-07-19,234.11285400390625,235.04910529412206,230.9197286692469,233.08789350922225,8843000
2021-07-20,236.63580322265625,239.66137498744519,232.85136852406407,235.24620117242097,8487000
2021-07-21,238.6068572998047,239.46426426463458,234.82242272082402,237.94655348300387,15323100
2021-07-22,244.68756103515625,245.10148212466703,239.81903697023586,239.97672549138426,7868700
2021-07-23,244.6580047607422,246.93457835062227,243.11071428983337,246.38268354556112,5877300
2021-07-26,244.01744079589844,244.8846977049769,242.26319711238958,244.60875027417822,3960700
2021-07-27,239.98658752441406,244.5397498153642,237.70016400412376,243.63306332990373,6352500
2021-07-28,240.43011474609375,242.51943535299296,239.48399850564448,240.29214102748736,4100200
2021-07-29,240.50894165039062,242.59827727504842,239.96691171412334,239.96691171412334,3271100
2021-07-30,238.42945861816406,240.70604739228813,238.13381140932273,239.48398378971996,3748400
2021-08-02,237.3749542236328,238.96165944747145,235.42360740806956,238.80397090693927,3525700
2021-08-03,237.64105224609375,239.5332696223613,235.5812813964109,237.88743495193077,3077900
2021-08-04,240.63702392578125,241.11007444074326,236.20213587325009,238.12391768841263,4121600
2021-08-05,246.93458557128906,247.26966242158775,240.01615540438488,241.13965987268503,5235200
2021-08-06,246.96414184570312,248.43258804603934,245.6139695587264,245.62381945233741,4045400
2021-08-09,245.71253967285156,248.76767604796734,244.2638082327331,247.78214527444493,3312200
2021-08-10,239.8683319091797,247.6146043112427,239.52339012677754,247.2400978089782,4430600
2021-08-11,238.7744140625,242.58841365465346,236.62596401939768,241.12983220162954,3999200
2021-08-12,244.79600524902344,244.83541986598124,238.42946939281995,238.99122919101757,4467400
2021-08-13,247.9201202392578,250.09814987651723,245.26904003894896,248.06795887884007,5986400
2021-08-16,245.5942840576172,247.3682425897668,240.93272736208556,246.55025018221983,4047500
2021-08-17,243.41627502441406,245.5942898260931,242.3814646031874,244.66788840209986,3472600
2021-08-18,247.58505249023438,253.08430120321998,244.13569463853,244.4116420636258,8306700
2021-08-19,249.4082794189453,251.743982533901,244.7861376971758,245.56470038949232,6600800
2021-08-20,252.4240264892578,254.13884057835247,248.95495361698536,249.33931005467977,5510700
2021-08-23,256.75048828125,258.07109602175797,252.85765943802497,253.28143048869242,7603900
2021-08-24,255.9029083251953,258.7018119385714,255.31158388270507,258.13021735897075,6685200
2021-08-25,257.0757141113281,258.11050941656,255.00609342485134,257.0855489675977,9701000
2021-08-26,263.915283203125,271.23776932529495,263.4914821305009,265.8961795232045,18987000
2021-08-27,262.67352294921875,266.99015266584524,261.5894330538995,263.98426567991396,7992500
2021-08-30,261.1360778808594,263.7082986412987,260.91925991792493,261.9639200822425,5730000
2021-08-31,261.4317626953125,262.9100589982643,258.8989712206934,260.9389972609952,5901500
2021-09-01,264.4376220703125,269.30614645525907,261.74711225462767,262.41726595655246,7189000
2021-09-02,260.3279724121094,265.364050780252,260.1013195614281,265.10780313059644,4498300
2021-09-03,263.2155456542969,263.54078765199694,258.0119443752074,259.78591781245,7356700
2021-09-07,261.3726501464844,264.0237307605794,260.2491605231377,262.68342312907566,4672500
2021-09-08,258.82012939453125,260.51524380614524,257.7951688006207,259.80566032974826,3851500
2021-09-09,256.96728515625,259.8943127668164,256.681502885665,258.03167523791734,4126500
2021-09-10,253.47853088378906,257.804995406651,252.78864730129462,257.22353585044016,5280900
2021-09-13,250.43321228027344,253.9614140683449,248.54099509926402,253.2813954643248,5258200
2021-09-14,250.689453125,251.4187512967648,249.3392808039547,250.433220542599,4097500
2021-09-15,252.4535675048828,253.03502705432822,249.2900070932452,250.85699741992266,4764600
2021-09-16,256.5927734375,257.44034552798496,251.31034301684724,251.83267311497906,5122600
2021-09-17,256.76031494140625,257.91339910675504,254.93707711080006,255.51853662118606,7049400
2021-09-20,254.48379516601562,255.45946115172563,251.25125495398945,252.87737495551178,5985500
2021-09-21,254.23741149902344,258.7511298590001,254.0402932854978,255.71570787241558,6040600
2021-09-22,255.42007446289062,256.5928286460349,252.50288113998923,255.15396185261545,4355600
2021-09-23,273.839599609375,275.34749074928396,262.5454239920588,266.0933412235764,15617200
2021-09-24,281.4972229003906,282.2166412780536,274.1845696843961,274.4703820942176,13368300
2021-09-27,275.6332702636719,279.6542531106966,275.0025461377952,278.35334512630527,5941100
2021-09-28,268.3403015136719,272.6963605015159,266.1327223393856,271.1293401998993,7127100
2021-09-29,266.58612060546875,270.7056327370613,265.3443419905224,269.5328485065049,4361900
2021-09-30,267.2956237792969,270.29164537302904,266.52691107624815,266.7338640912205,5224200
2021-10-01,271.2772521972656,272.34161236343584,264.881136038612,267.5716462927896,4756000
2021-10-04,266.94085693359375,271.3166160733496,262.2891804500471,271.23778684312555,6393800
2021-10-05,267.83770751953125,269.5919512245286,267.1084243169188,268.1727843984617,4050400
2021-10-06,271.2870788574219,271.50389685753686,263.62951462448035,265.76812990179707,4745500
2021-10-07,270.6070251464844,275.4558497603262,270.1142597622977,272.8934637473533,5374200
2021-10-08,268.5373840332031,272.9131422269889,268.3304009560869,271.5531052105411,2683300
2021-10-11,269.7890930175781,272.27262014237374,267.5815133510932,267.8475958757443,2693000
2021-10-12,274.9631042480469,276.68778321734464,272.0262115186775,272.42044791532845,5970100
2021-10-13,280.2948303222656,280.974849009181,274.56889853755405,275.94863570085545,6573500
2021-10-14,285.8236083984375,286.4346627082833,280.5411781792082,281.86178573401554,5433900
2021-10-15,287.4399108886719,288.6323947111251,285.13377247271575,288.25788820258293,5119300
2021-10-18,287.4793701171875,289.0069309528577,284.5326123302912,286.5726684729081,5163300
2021-10-19,288.1100769042969,291.25392263266644,287.14424587133857,287.87355913133314,3631200
2021-10-20,285.892578125,291.13560831826874,283.78355820690064,288.86886981353575,4487900
2021-10-21,285.61669921875,287.35124317542954,284.09897325665537,285.2816223318488,2828500
2021-10-22,288.3268737792969,288.7605097153257,284.01024428265333,284.8183867157991,2927000
2021-10-25,289.667236328125,290.8597202174853,287.49905646018425,289.0561819464222,2993500
2021-10-26,290.8399963378906,294.04297161835126,289.3715649874811,291.5003152445398,3601400
2021-10-27,290.87939453125,294.8609471782072,290.8202650923952,292.23943177693417,3742700
2021-10-28,294.0626220703125,294.48639300550275,289.2827926966353,290.8005182255569,3450400
2021-10-29,295.3537292480469,296.4279542159807,291.983200662739,293.6881797821276,4251900
2021-11-01,298.37933349609375,300.4489242461243,295.38331125339926,297.13755498526336,3825100
2021-11-02,298.56658935546875,299.04948985786206,295.07780165136313,297.3543755569534,4177500
2021-11-03,298.5074462890625,299.5521065584204,293.87543937699326,299.5521065584204,3260200
2021-11-04,303.5829162597656,303.94755784385154,298.0245081074988,299.1085980034387,3833800
2021-11-05,302.8043518066406,306.8942987938708,298.9509225976362,304.0362653615903,4681800
2021-11-08,305.47509765625,306.88442946256305,301.4738452853442,302.75505328417324,3893000
2021-11-09,305.228759765625,307.23925117777594,302.77479750403927,305.5145721414933,3126500
2021-11-10,295.3340148925781,304.12493239378784,293.57977134988744,302.13417109397403,4350900
2021-11-11,298.59613037109375,301.32603983924736,297.1375339706724,297.1375339706724,2681900
2021-11-12,302.2130126953125,302.77477246749334,297.26565892483995,300.094127498294,3803700
2021-11-15,301.0697937011719,303.3069678601246,298.84251455053135,302.4593957347556,3595300
2021-11-16,302.64666748046875,303.12956797641453,298.33990244450354,299.68020997448167,2989400
2021-11-17,303.56317138671875,305.41597401253716,302.80432353508536,303.3266536305757,3864700
2021-11-18,298.6059875488281,302.5481110139346,295.24532368570306,301.73013362837173,4443100
2021-11-19,296.8123474121094,301.5724483138119,296.74335303248665,301.28663593824325,4758900
2021-11-22,292.5449523925781,301.0697876030012,292.42669351143667,297.472606280223,4474700
2021-11-23,287.203369140625,292.1802871333191,284.1383530314294,289.4010833477229,6431100
2021-11-24,284.9859313964844,285.261878794909,279.1023117979211,281.90121543223114,5091400
2021-11-26,280.09771728515625,283.40911661411667,278.9446630215829,280.383529655826,4195300
2021-11-29,292.4463806152344,294.07253038843555,280.5806122231731,285.33084750705945,8215600
2021-11-30,280.8368835449219,294.9398286544091,279.2994577103123,291.90440664341554,13597600
2021-12-01,247.86099243164062,272.93289800854046,247.82157781696276,267.33509036789,30723100
2021-12-02,257.42059326171875,258.78060016517566,248.49167379229357,249.16184239014578,12200800
2021-12-03,254.58230590820312,257.96266910071677,248.0580822365265,257.76555092391254,8944000
2021-12-06,255.0060577392578,255.47912328242717,247.0823978662266,252.39440751094642,7123000
2021-12-07,263.12689208984375,266.3200327391229,259.78595789300783,261.6288959109342,7401200
2021-12-08,262.4566650390625,264.6149795690021,260.7418513321001,264.4277263393903,4586500
2021-12-09,260.4954833984375,262.8213214278471,258.83979903078887,262.1905974156045,3967000
2021-12-10,262.1807556152344,266.6550738359954,260.613765263746,262.249749988976,3480100
2021-12-13,261.91473388671875,266.645270759304,260.78134915122735,261.95413347284267,3625700
2021-12-14,251.89183044433594,258.35691051953603,249.63497137780715,258.20908690483174,7227300
2021-12-15,256.2774353027344,256.42525890617594,248.25520022782712,251.1625280915667,6484900
2021-12-16,249.45755004882812,257.56847932003745,248.57057834842198,256.2380067314217,6556700
2021-12-17,249.2703094482422,250.22627557108862,243.21915066047603,247.6047749518468,12119400
2021-12-20,243.633056640625,247.90039143761388,242.93332321059825,246.27427175992563,5580100
2021-12-21,248.89581298828125,249.34914874672853,241.70143495451092,244.41164472464305,5428200
2021-12-22,249.14218139648438,250.58104789785827,245.89977674537727,249.7532056610673,4982400
2021-12-23,249.47726440429688,250.6303336278502,245.73224438230787,247.59489698004887,3769500
2021-12-27,254.56260681152344,254.6907306343302,249.57583814899115,249.72366176145482,3531800
2021-12-28,251.75384521484375,257.00672629529276,251.25122990982024,255.97193096365652,3293700
2021-12-29,250.85699462890625,252.71964717563085,249.4575427453677,252.2958761643789,2592700
2021-12-30,251.6355743408203,254.1683806103462,250.77816737956536,251.60600962063953,2950600
2021-12-31,250.4529266357422,252.7787646979925,249.9601612758406,250.78800347135396,3169300
2022-01-03,251.7637176513672,252.98578131950438,245.05223992844466,251.32021673829635,4316800
2022-01-04,244.6383056640625,253.15329115333483,239.87819010735723,253.13359136474864,7240700
2022-01-05,224.37579345703125,234.7534314866721,224.021001770633,232.75280518331724,18882500
2022-01-06,225.83436584472656,231.08724655835738,222.7792295358007,224.7404261082968,9376100
2022-01-07,225.00653076171875,228.91908917502673,222.77923660482057,225.19378401665386,6286700
2022-01-10,226.3074493408203,226.50455249925005,215.72284281126534,222.23720220011492,7803800
2022-01-11,231.44204711914062,232.93020823639472,223.28185338081676,225.48944776414356,7635300
2022-01-12,234.38877868652344,235.81779525794448,232.3487228278835,233.57078636431558,6718900
2022-01-13,225.32192993164062,235.3349122446691,224.6221963900393,234.06358402605107,6680300
2022-01-14,227.88426208496094,229.9144529434606,224.31664572344238,224.73056681748554,5805100
2022-01-18,222.78907775878906,227.39150453234896,222.04007980643865,225.144495637292,6032000
2022-01-19,222.99607849121094,228.8501343786489,222.89751938709603,224.1787125505501,5332600
2022-01-20,219.7142333984375,228.05181533417982,219.27074755726076,225.75554186173048,5663700
2022-01-21,215.4665985107422,221.51775687784144,215.0920920034539,219.8324926330504,9128400
2022-01-24,219.8029327392578,220.14787453386143,204.50749053917747,209.31688564698777,11664300
2022-01-25,212.2734832763672,220.6603451629346,211.56389988106108,217.8023117926233,9092700
2022-01-26,207.94700622558594,218.25566537842107,206.04493893190812,216.43242731811236,10029600
2022-01-27,209.66183471679688,219.92119925409284,208.9916659309426,210.9824424232067,9462100
2022-01-28,218.9159698486328,219.07364335382124,207.82874792156176,211.1992615828305,8254900
2022-01-31,229.26402282714844,229.53997023367765,219.04405873974144,219.72407736226194,7084200
2022-02-01,228.76141357421875,229.41186753718767,223.04534673748248,229.00779628400937,6387100
2022-02-02,221.75425720214844,231.09709905745783,219.79306073516238,230.35795103309502,9378900
2022-02-03,209.69137573242188,217.5953212880287,207.35565769764548,214.9146915616869,12826600
2022-02-04,216.05792236328125,218.462620024758,210.10532269205802,211.8792812159349,6176500
2022-02-07,213.83058166503906,218.23590477739924,213.5250695762899,215.83120763781963,3922300
2022-02-08,214.283935546875,214.78656583444726,209.08033458922085,212.48042757689706,5628700
2022-02-09,218.82725524902344,218.97509389387696,212.45088471958968,217.9402835319294,6107700
2022-02-10,214.5204620361328,218.7779618063657,212.68737436361667,214.55002675359236,5312600
2022-02-11,204.89186096191406,216.74779607313377,203.12776732905087,214.47122217946924,8165600
2022-02-14,203.4135284423828,206.862885858088,201.66914994808974,202.82221905106488,7005900
2022-02-15,211.1499786376953,211.46535571901478,205.50289123763017,206.71508993818713,6353000
2022-02-16,208.67630004882812,209.3464537843579,205.1973774771352,207.94700183251032,7072700
2022-02-17,197.1356964111328,206.71505561452193,196.61336636518294,205.31560388405208,8820100
2022-02-18,193.99188232421875,199.66854945197758,192.95707195922046,197.50036962512144,6691800
2022-02-22,192.30662536621094,198.54503699041567,190.72977010749653,192.7008316618864,8434800
2022-02-23,187.78302001953125,196.12061667164107,187.37896384622772,193.50896623367828,7784300
2022-02-24,201.33407592773438,201.93525030355644,181.77129901629038,182.06696125715482,11792600
2022-02-25,205.0791015625,205.45360808048758,198.6928661580133,201.75786756247334,5853600
2022-02-28,207.48379516601562,208.60729966049462,203.95559314770279,204.78343539879126,7904700
2022-03-01,205.8675079345703,211.28792680071277,205.44373695055074,210.3122459911253,12587300
2022-03-02,207.34580993652344,214.1656807918956,198.239500566515,212.97319702842165,16670100
2022-03-03,201.7874298095703,208.56788647565102,201.26509969246882,207.345822878995,6559900
2022-03-04,200.07260131835938,203.39385032400273,196.37686083638727,201.73815076831585,6813600
2022-03-07,193.39073181152344,201.96484796711206,193.2034785271655,200.50626638907383,7043500
2022-03-08,189.30075073242188,194.34666342604217,186.46241732325745,191.46891540308647,8229000
2022-03-09,200.220458984375,202.26050010449458,194.36640309862744,195.48005781517094,6881300
2022-03-10,197.25399780273438,198.2888082248192,194.67191173304323,196.2192024186572,5604200
2022-03-11,195.0365447998047,201.80715181240592,194.77046230367276,201.80715181240592,5196900
2022-03-14,190.32571411132812,197.26385975931782,189.0445360288481,195.37164232023176,5665500
2022-03-15,193.30201721191406,197.06675221667382,189.95121839095052,195.65743530405192,5276300
2022-03-16,202.5955810546875,202.92079299692847,194.474801557178,195.78555937284202,6043400
2022-03-17,207.36553955078125,207.63162203981898,199.62911674387655,201.65930778886636,5842600
2022-03-18,215.63414001464844,216.40285282836066,205.29591660643266,206.20260312932382,12220600
2022-03-21,210.6276397705078,215.92980018576256,207.56263843931873,215.032963565709,6448700
2022-03-22,215.0526885986328,218.64002021109974,209.54355984112425,210.62764976714735,7018800
2022-03-23,208.055419921875,210.8346091201747,205.29593051335934,210.77547967480774,8404700
2022-03-24,210.88388061523438,211.01200443397366,206.8333483442387,209.27747560476644,4150300
2022-03-25,207.9765625,212.73667804519332,205.46345596473554,211.1696876900073,3656500
2022-03-28,212.16506958007812,212.26362867535468,206.2715996023,207.33597467165905,4290900
2022-03-29,218.08807373046875,218.94549563285415,213.63348596246254,215.4567086656407,5370400
2022-03-30,211.82998657226562,216.6689462726496,210.31226076186928,216.5309725660687,4951200
2022-03-31,209.24789428710938,213.65320286735624,208.72554915906528,211.39634408568148,7141300
2022-04-01,209.17889404296875,210.9331375108187,207.0008645483432,209.40556189654345,6007900
2022-04-04,215.68344116210938,217.80232655913304,211.0021694374221,211.52449960576763,7843600
2022-04-05,207.09945678710938,215.11182758656392,205.65072520260267,214.84573004055045,7304600
2022-04-06,197.914306640625,202.49701894189508,195.21394677809616,202.24078634218338,7171300
2022-04-07,197.26385498046875,199.78681150479653,195.32235803801194,196.23889449370617,5246000
2022-04-08,194.31710815429688,197.24413586531432,193.77506320077387,195.76583964916435,3897700
2022-04-11,192.62200927734375,194.2481442672509,189.37961926875403,191.39996059911917,5173800
2022-04-12,191.99124145507812,198.2099380314104,191.7645735950454,196.85976572694685,4832200
2022-04-13,192.88809204101562,194.2481293759471,186.58070084917236,189.21206631692604,8733000
2022-04-14,186.6693878173828,193.6075178609534,186.48213456393594,193.47940908596834,5126700
2022-04-18,184.3040771484375,186.6102302445862,182.8454960310644,185.57542007859695,4899500
2022-04-19,188.62075805664062,189.41903567831997,182.83569649478468,184.53081084319362,6120400
2022-04-20,183.53538513183594,190.5030946679185,183.38756153633437,190.09902345620674,6015400
2022-04-21,174.66561889648438,187.41838981244643,174.1827184304035,186.04850260649107,9119500
2022-04-22,168.94955444335938,176.45931010385115,168.62434248081786,175.1288373777854,8843900
2022-04-25,172.04409790039062,172.2313360975301,166.7813526441445,167.23470337333603,7988900
2022-04-26,167.6190948486328,171.20642667115072,165.12570291078973,170.1223366816503,8073300
2022-04-27,172.15252685546875,174.66563360641797,168.16113882291108,168.52578043625394,9644600
2022-04-28,183.052490234375,184.22525921619288,176.3902926193766,178.78514020501834,10614800
2022-04-29,173.39430236816406,182.67800128909377,172.76356321763404,179.92837679922275,7110800
2022-05-02,175.000732421875,175.2076854934819,170.6151078040033,172.55660491655092,6278400
2022-05-03,175.77928161621094,177.7799080228352,173.58155204874822,174.38967951958801,5047700
2022-05-04,182.79623413085938,183.2889994919266,172.21164379945864,177.1097326915074,7563100
2022-05-05,169.8069610595703,179.60313968756995,167.3628488687677,177.87846077526035,8379400
2022-05-06,167.2445831298828,169.93507815409833,163.18420081837735,167.03763007156255,7232700
2022-05-09,161.2328338623047,167.82602183121813,159.78410248239845,164.30768493573555,9997800
2022-05-10,164.73146057128906,168.7819925977,160.91746134103565,164.99755808721554,8598700
2022-05-11,158.93655395507812,167.52051867370923,158.50291800346753,163.10534496623185,7220100
2022-05-12,158.0988311767578,164.43580132085572,152.40246500271294,154.6593236616872,10187500
2022-05-13,164.49490356445312,166.2392817666339,159.66579496834194,161.1835203983778,6499700
2022-05-16,161.74530029296875,163.70651187993383,159.53772105892355,162.35633957782542,5065800
2022-05-17,161.36097717285156,166.65328856543158,155.97998664248513,164.90889458474828,7317700
2022-05-18,155.05355834960938,162.13952701488378,153.9300538696998,160.4641277080721,7454400
2022-05-19,153.3485565185547,156.945736938683,152.49113473141531,152.98389999652892,8382200
2022-05-20,157.3400115966797,158.40438683701174,152.31381272834446,156.4431898528336,9068700
2022-05-23,158.00030517578125,158.4043613751559,153.6541107358666,157.52723956411248,6148800
2022-05-24,154.6593475341797,156.09822917759334,152.31379436035104,155.4872048688323,6928400
2022-05-25,157.3400115966797,159.54760635862863,153.07267577745333,153.07267577745333,7436800
2022-05-26,160.109375,161.32157393543278,155.2901289476104,157.37944988315465,6697700
2022-05-27,162.7111358642578,162.83924463829482,157.93130562272032,158.34522674085252,7883600
2022-05-31,157.92149353027344,164.85962518327455,157.04437153803593,164.54426308168843,18114600
2022-06-01,173.52239990234375,181.75157233528117,171.84698565939354,175.43431685414828,37037400
2022-06-02,185.6739959716797,187.37897507631246,172.17222707259157,172.4678893190255,19231200
2022-06-03,182.2344970703125,186.89605337057574,181.14055732141287,182.32319122989747,9224000
2022-06-06,180.22401428222656,187.66477489994787,179.0709450399211,186.1963285804272,5811700
2022-06-07,184.44207763671875,185.87110928398332,179.08080287849455,179.08080287849455,6331100
2022-06-08,186.4525604248047,187.80273270702241,182.70754065907076,184.29424572916832,6226200
2022-06-09,184.40267944335938,189.89207850269892,183.90991401435548,185.80213145716954,8467700
2022-06-10,175.86795043945312,181.28836929044107,174.6360370642286,180.9730072861462,7855800
2022-06-13,163.62767028808594,170.18144380318526,162.6717042513022,168.08227351781989,10726200
2022-06-14,162.07052612304688,167.17558314254683,159.80380242830384,166.2885964595575,8576200
2022-06-15,166.11122131347656,169.0185342002824,162.2972068464944,164.31754801800582,7740700
2022-06-16,157.53709411621094,164.48507377246338,156.3248804839408,161.3609431448677,8090900
2022-06-17,160.89773559570312,163.82476295823068,155.8813879752655,156.26574434418302,13074600
2022-06-21,164.4160919189453,166.89963354544878,162.51400980846284,162.6618484393531,6736800
2022-06-22,165.02711486816406,167.98370700687587,161.83400498267866,162.3169054076782,5864500
2022-06-23,170.54611206054688,170.88118893150613,164.7019064558427,166.64340338170499,7258000
2022-06-24,183.22987365722656,183.71278913424916,173.99545542142718,175.14852458443477,12107100
2022-06-27,178.68658447265625,183.88033592752586,177.85874222121777,183.4171352548863,6170600
2022-06-28,168.97914123535156,179.69185771856078,168.9594264059504,177.68136618388505,6668600
2022-06-29,168.14141845703125,171.26554943836786,165.62831178884977,170.004071156882,5430400
2022-06-30,162.6519775390625,165.07638963944453,158.77884916755548,162.66184247022974,9539400
2022-07-01,165.76629638671875,166.70254774549406,161.6763491172227,162.37606764344085,4561600
2022-07-05,169.7083740234375,169.85621264295696,162.22820003868173,163.69664611308477,4614200
2022-07-06,170.23072814941406,172.52701668123083,168.3582256745795,171.00930589023935,4085100
2022-07-07,174.0841827392578,174.37984502563123,170.66438921175776,171.64992014099678,4000100
2022-07-08,172.9606475830078,174.05458732308725,170.33913216436616,171.5316309951938,2869200
2022-07-11,171.837158203125,173.76880527006122,168.78200657789128,171.48236649850438,3689300
2022-07-12,163.92333984375,170.87133499453827,161.9719930694968,169.71826576257016,7073000
2022-07-13,161.1244354248047,163.44042377508865,158.83799675738544,160.06006035942053,6225900
2022-07-14,158.70986938476562,159.37018823744233,155.36892065913085,158.70001949069814,6096100
2022-07-15,164.9581298828125,165.18479772836815,159.87278796944616,161.34123409501262,6037700
2022-07-18,165.4607696533203,170.14204107336016,164.69205681264904,166.50542992202705,3818200
2022-07-19,171.2951202392578,171.58093261639715,165.38193494570717,168.44693659105124,4373400
2022-07-20,179.8101043701172,180.8449147920602,173.06907682295733,173.55199236333277,5654000
2022-07-21,182.6681365966797,182.84552491933044,177.30684673247492,178.04599481953244,3886000
2022-07-22,179.82981872558594,184.84616723566043,178.31209276725602,182.3922049981388,3804700
2022-07-25,174.72476196289062,179.35676909919215,172.54674715353053,179.19908055029512,4407900
2022-07-26,167.9935760498047,174.56706426119297,167.3036925034835,174.5473494358109,3886500
2022-07-27,177.6912078857422,179.59327512903425,171.82730257928398,172.32991787823522,4960900
2022-07-28,178.66685485839844,179.24832940312064,173.3844096790932,175.8285366543873,4562100
2022-07-29,181.35739135742188,181.75159768250103,177.61237111714044,179.1892264934718,4751400
2022-08-01,180.33241271972656,182.50057736567666,177.15900249648834,178.67672827525752,3997100
2022-08-02,181.13070678710938,182.4611794386645,176.8337917155923,178.1938290893591,4317900
2022-08-03,186.90589904785156,187.9209945082171,182.68782867868072,182.84551720638945,5786300
2022-08-04,188.50245666503906,188.80796876860887,184.54061913570334,185.8316619155653,3759700
2022-08-05,187.41836547851562,189.02478528079862,183.58465177845738,184.29423506302385,4090300
2022-08-08,187.0044708251953,191.55761834616834,186.34416698837072,188.3250784988445,3396800
2022-08-09,179.60313415527344,184.42237905170305,177.2181514802762,183.6043867025005,5851700
2022-08-10,185.8809814453125,186.82709771481177,183.51571332857623,185.43749555317544,4179200
2022-08-11,184.02816772460938,189.7146848258763,183.62411151308638,189.35004323084078,4175100
2022-08-12,187.14244079589844,187.27056461054437,182.8258111308179,183.92961583960033,3846200
2022-08-15,188.29550170898438,189.33031199870013,186.16675169094148,186.3145903254756,2768500
2022-08-16,186.8468017578125,188.08858032966845,183.66354112676908,186.80738713810658,3835900
2022-08-17,185.2404022216797,186.68911886947012,183.77195570642502,185.00386938224005,3181300
2022-08-18,185.2108154296875,185.84156964425588,183.90992245716063,185.69373098596336,2791600
2022-08-19,181.1110076904297,182.7568423978743,178.9526927326767,182.540024408821,4346100
2022-08-22,174.41921997070312,177.9769864174864,173.51253352660945,177.3955269106228,5182900
2022-08-23,173.45343017578125,175.53290087770438,172.3792051548371,173.33517128555104,5076800
2022-08-24,177.4053955078125,178.60774429778834,173.51255182000858,174.1137262149965,11438800
2022-08-25,171.39366149902344,171.62032936770248,163.16447347369683,166.14078063889846,24025600
2022-08-26,162.83924865722656,173.7490817499919,162.2479392044466,171.44294330433638,11074700
2022-08-29,157.89190673828125,163.42073550085232,157.73421819051984,161.90300954516195,9329900
2022-08-30,157.3596954345703,161.47922185181307,156.088367364511,159.79395762703055,8079400
2022-08-31,153.86106872558594,158.87743209084806,153.71324511594466,157.47796507554426,9166100
2022-09-01,151.3085479736328,153.08250648516187,148.68703234204023,152.62915568410168,9924000
2022-09-02,151.46621704101562,156.37415576018077,150.74678383423563,154.1961413150234,7315700
2022-09-06,149.5247344970703,152.1955145494672,148.6377627903864,150.66795383662344,6373700
2022-09-07,151.06216430664062,151.83087715042646,148.3026749770983,149.1009525427215,6211400
2022-09-08,154.6297607421875,154.75788454528896,149.58384837271856,150.1160433717515,6659200
2022-09-09,160.2374725341797,160.92734118719858,156.1770898581181,156.3052136929676,5642300
2022-09-12,163.23345947265625,163.26302419148877,160.38527626708338,161.32152745212534,6353400
2022-09-13,155.8124237060547,158.9266895694095,155.52661135605288,155.96024730915462,5463200
2022-09-14,157.9608917236328,159.31106424681798,155.72373236610042,156.29534209365534,6037300
2022-09-15,152.54043579101562,157.52721857158642,152.07723517340486,154.5312119536403,7012200
2022-09-16,149.3177490234375,150.00763253497124,147.3959671907482,149.7218202143633,9882300
2022-09-19,150.61865234375,151.31837069000545,148.2238050238226,148.5293321598826,4874800
2022-09-20,147.63250732421875,149.38675083201662,146.69625613221515,148.81514120032884,5505700
2022-09-21,145.493896484375,151.08185353493505,145.3756225790585,149.03194795283468,6164400
2022-09-22,147.97744750976562,150.648242664968,146.99191668375852,147.34670838264137,12405100
2022-09-23,144.8828887939453,147.67194298002852,142.69500904426886,145.9275641553466,9175800
2022-09-26,144.20286560058594,149.00239550905022,143.24689957639407,144.87301928789262,7862400
2022-09-27,146.7356719970703,148.43078608122823,144.14372132599053,146.22319179911415,7046600
2022-09-28,147.99717712402344,148.69691069712525,143.56228796388075,143.88751497351888,7908400
2022-09-29,144.68577575683594,146.82437580918904,142.91181729188665,146.30204568312158,8602500
2022-09-30,141.75872802734375,146.47942836004643,141.67003387612502,143.89732777764365,7575600
2022-10-03,145.75999450683594,146.80466975237405,141.81787143659824,142.88224647012316,6819900
2022-10-04,153.47671508789062,155.14226463077603,149.03197636726145,149.5050269647058,8017900
2022-10-05,153.96946716308594,154.688915448703,149.741546799118,149.99777938426556,4256200
2022-10-06,153.21063232421875,155.9602567748049,152.20538664810877,153.46686493114558,3853900
2022-10-07,148.11541748046875,150.95375099979643,147.11018689071238,149.60357861445272,5956700
2022-10-10,143.53269958496094,148.7757304573653,142.48803938325784,148.44063856938018,5497800
2022-10-11,140.50711059570312,142.87237811705128,137.50123913540358,142.41902740582407,7415000
2022-10-12,140.23118591308594,141.36455547710443,137.5604055807281,140.2509007418363,5707100
2022-10-13,143.3356170654297,144.22258886371247,135.59919345482018,136.9493810189723,6548600
2022-10-14,140.16220092773438,145.56290586131473,139.94538293423227,145.19826425315557,5736300
2022-10-17,145.0504150390625,146.8440883023409,143.8283664788571,143.956490294236,6288200
2022-10-18,151.3085479736328,156.6698381249175,149.7021278995805,154.1862962087768,16354800
2022-10-19,151.446533203125,153.69354247589303,148.46037574752515,149.66272466130553,6220500
2022-10-20,155.22108459472656,158.96610424651777,151.37752089615438,152.75725785512773,9203400
2022-10-21,157.85247802734375,158.10871064048433,152.57989688282186,155.2211124026034,8335500
2022-10-24,158.32550048828125,159.23220196313997,156.10805641960502,158.84783055475125,6259200
2022-10-25,162.87869262695312,163.62769068151258,159.3504902746195,159.36034016972934,5804500
2022-10-26,157.59622192382812,161.74529785690012,156.4037231292507,157.4878129425029,6617500
2022-10-27,157.43853759765625,162.27749719804208,157.0147665926315,159.4588786464167,4987700
2022-10-28,160.66122436523438,160.73020369680765,155.88139429316934,157.20200186676885,5055400
2022-10-31,160.2374725341797,161.62707477398052,158.67048194274918,159.7742717875794,4878100
2022-11-01,157.50753784179688,163.30244865253425,157.33013448009737,162.61258010816152,4545900
2022-11-02,147.83946228027344,157.4582520172097,147.79019777321594,157.20200439808278,7238200
2022-11-03,144.2127227783203,148.24354011352102,144.01561962727504,146.84408819169118,5999400
2022-11-04,137.74765014648438,144.82375438148085,134.07160927446944,144.38026850970095,14265300
2022-11-07,142.49790954589844,142.8329864435384,136.7621275146203,138.58535066096118,7379900
2022-11-08,144.97158813476562,149.3670471251287,142.98081168835543,142.99066158277085,9101800
2022-11-09,140.00450134277344,144.2127220183428,139.8862424603708,143.73967145072575,5588500
2022-11-10,154.0384521484375,154.10743147800213,147.56350820047464,148.81513640605442,8777900
2022-11-11,155.44776916503906,157.60608402716994,153.32888395626583,154.22572059507024,7382500
2022-11-14,156.36431884765625,157.8426150335746,152.41233075297714,153.56541501143911,6580100
2022-11-15,159.72499084472656,162.8589717052899,158.42408291452557,160.3261502220988,8116100
2022-11-16,152.87551879882812,158.4930558716681,151.60419080068337,157.6849134718822,6454700
2022-11-17,147.5240936279297,149.56413436738424,146.19362116106421,148.01685898039761,7357900
2022-11-18,145.89796447753906,150.11604988966886,143.54254660489497,149.64298430598723,7555700
2022-11-21,142.754150390625,145.20811259574313,141.32511862018205,143.9072196866457,8015900
2022-11-22,147.09048461914062,147.2186084463818,140.85207231113472,143.09908152639653,7017700
2022-11-23,150.03721618652344,150.69752002580003,145.41507427358067,145.48405361063598,5558900
2022-11-25,151.13113403320312,151.81113756256013,149.18963741317248,149.86965598053408,3023700
2022-11-28,151.46621704101562,153.0726369085156,149.8006677370687,149.8006677370687,7931700
2022-11-29,149.4853057861328,151.791459306462,149.07138465120366,150.5102662480584,6398100
2022-11-30,157.93133544921875,157.93133544921875,147.95776700243565,148.56879138202638,14591500
2022-12-01,144.87303161621094,145.45449119520873,140.02422175035164,145.41507657883898,33721500
2022-12-02,142.46832275390625,143.1089267639399,140.71407922268565,142.20222524087671,15086700
2022-12-05,131.9921417236328,142.30080120328475,130.9573463442803,140.73381073477213,20294600
2022-12-06,131.34170532226562,132.60318365267497,129.01585183094693,130.78981043246253,16981800
2022-12-07,128.59205627441406,131.81474624368667,128.1387205217009,130.58283272739052,12915900
2022-12-08,128.24713134765625,129.55788915231088,125.18212235473266,126.5717169111157,15156900
2022-12-09,129.2129364013672,131.44023046833232,126.50272685633189,127.86276409472961,10287500
2022-12-12,131.1840057373047,132.14982171322333,129.05525559453952,129.20309423773543,11852400
2022-12-13,133.65765380859375,137.85602374647155,132.10051367177562,135.40204716359935,12579800
2022-12-14,132.80027770996094,135.28381958167228,131.3022666561343,133.0565103089285,9611800
2022-12-15,128.55264282226562,132.17938902882727,127.80362977325322,129.76484152263185,10807300
2022-12-16,126.41403198242188,128.00073707222904,125.0539947517284,127.05462094696279,15464700
2022-12-19,127.14330291748047,127.70506260257594,125.35949485864057,125.92124702473393,9441400
2022-12-20,126.5914306640625,128.10915654626004,125.34966724608833,125.65517939382751,8455500
2022-12-21,128.41464233398438,130.2477298821436,124.76817454163451,126.10849678155743,9313200
2022-12-22,127.32072448730469,127.66565123916168,124.51195573557852,126.80824426859544,9968600
2022-12-23,127.56710815429688,127.98102928247908,125.74387017344071,126.86737467507996,5821300
2022-12-27,128.76947021484375,129.8436952801458,125.8030201186821,126.69984932230994,8300800
2022-12-28,126.61113739013672,129.24250270334318,126.31547515582012,127.83320094090922,6249800
2022-12-29,130.6222381591797,131.02630937323633,127.62623131491878,127.82333445606655,7628800
2022-12-30,130.67149353027344,130.7207730659453,128.4737645889356,128.72014722929197,5630200
2023-01-03,132.82986450195312,134.96846492754364,131.10518528408892,133.23393581354642,8196400
2023-01-04,137.5702362060547,139.79754536460237,135.62873939132356,139.17665616900635,14322600
2023-01-05,134.3672637939453,136.58470806310257,132.29765816553572,135.64845682372635,8493500
2023-01-06,138.47691345214844,139.60041785032254,133.5886895940596,135.58931571503624,9145700
2023-01-09,144.97158813476562,147.04119381251277,140.52683455830515,140.52683455830515,13679700
2023-01-10,145.30667114257812,147.12004430010825,143.493297985048,143.70025104256655,6527700
2023-01-11,142.8034210205078,144.9124565394597,141.4828132270911,143.17792757368883,13595000
2023-01-12,147.4354248046875,147.65224280006558,141.85731644724692,145.70088084166272,11678000
2023-01-13,147.34669494628906,147.7901958079556,143.97618163325828,144.08459061575365,8378100
2023-01-17,146.32176208496094,148.31253855249975,143.98605885314018,147.4354167240011,9407600
2023-01-18,143.34544372558594,147.3762608599416,143.18775519740433,146.7061071721784,7812600
2023-01-19,144.29159545898438,144.55767799818722,141.0886197502756,141.44341150722218,7070100
2023-01-20,149.0615234375,149.33747083983144,142.21208784747714,142.21208784747714,10127100
2023-01-23,153.61468505859375,155.58574671087777,151.0128842790991,155.07328150864896,19922900
2023-01-24,152.61929321289062,157.8918887636143,152.2645015398213,153.64423858064322,6390200
2023-01-25,153.9103240966797,154.13699194185756,147.65221331751752,149.0221003576873,9390500
2023-01-26,162.70127868652344,162.78012295630717,155.81242791199531,155.90112207624946,13354600
2023-01-27,162.13954162597656,164.82018677364218,161.23285503750253,162.66187177979305,9872300
2023-01-30,162.36619567871094,164.03174509964487,161.03572311318212,161.6960419679007,8169800
2023-01-31,165.5396270751953,165.5790416946144,161.90301563495166,161.90301563495166,6421300
2023-02-01,169.3339080810547,170.5756714666224,164.58364244028363,165.30307570857238,8853900
2023-02-02,172.1131134033203,176.2523401186936,170.39828424726218,173.1676386700363,10667100
2023-02-03,168.56517028808594,172.5467228785425,167.4022512390948,167.55993976580717,6481700
2023-02-06,166.60398864746094,168.69330918020555,164.92858925584457,165.56917827563683,4310600
2023-02-07,168.80169677734375,169.24518258391353,164.19927022150972,165.14538630846295,6179200
2023-02-08,167.1756134033203,169.95480275520643,166.78139201574223,167.54025502857277,7694500
2023-02-09,171.1472625732422,172.842376556533,169.5211279182223,170.8220356422382,11512300
2023-02-10,164.61318969726562,167.28398447982522,162.93779053441506,165.23407884318274,11273700
2023-02-13,168.60462951660156,168.68347379378918,164.53438205508934,165.845139967068,8820300
2023-02-14,167.5008087158203,170.2898474354259,165.42133828358052,165.7859798398388,8393100
2023-02-15,168.62432861328125,169.1269439157006,165.8057098783273,166.40688427753796,4997000
2023-02-16,165.67758178710938,167.90487595988492,165.52975818374173,166.54485369488336,7483500
2023-02-17,162.7801055908203,164.69203757459104,160.3852731833997,162.6421318929196,8084500
2023-02-21,159.281494140625,162.12967774881608,159.11395569755584,161.37082980750415,5210800
2023-02-22,160.9962921142578,162.61256182420243,159.76437876710477,160.7499094448272,4343700
2023-02-23,161.74530029296875,163.0757728076344,159.23220893549808,162.89836945460965,4679400
2023-02-24,159.8530731201172,160.04032635520082,157.34983181227452,158.26636812546735,6569900
2023-02-27,160.7794952392578,162.38591526669805,159.87280870145307,161.46936379649983,6891200
2023-02-28,161.24267578125,162.07051794653734,159.19277015434457,160.1783008381642,6912600
2023-03-01,164.9285888671875,165.54946305841332,160.6218089546791,160.63167388721098,15841200
2023-03-02,183.89019775390625,191.10429079656356,182.52031047346821,190.32571300351893,37712500
2023-03-03,183.73248291015625,187.02416690798754,181.62344779384793,185.34876770983695,12087200
2023-03-06,181.1405792236328,186.26533680538577,180.97304077815716,182.3922076551366,10770300
2023-03-07,180.6675262451172,183.46643030584218,180.3817138716302,181.79103083501425,9024300
2023-03-08,180.30287170410156,182.2246539147991,179.1695172059488,180.64781352771735,6749100
2023-03-09,176.13404846191406,181.17996084964855,175.95664511559255,180.45067775367434,7102400
2023-03-10,170.6742401123047,176.76482911062786,169.22552347276113,175.91727190497153,14109000
2023-03-13,172.9705047607422,174.53751015679333,167.54023548317573,168.5257662801356,9154800
2023-03-14,180.2437286376953,182.62871138537304,176.51842339137156,177.39554520782332,10138100
2023-03-15,180.26345825195312,181.19970958752953,175.63146608804246,176.56771742361886,7716900
2023-03-16,184.5899200439453,184.93484679777103,180.33241981130283,180.6477968824644,8369500
2023-03-17,182.1753387451172,184.94467734510133,181.51502000488986,183.34810753569127,10493300
2023-03-20,182.569580078125,182.83567760386043,180.00719399165044,181.5446346663391,5513200
2023-03-21,185.94992065429688,186.5412450748598,182.2147660104883,183.1805818619367,6982000
2023-03-22,183.81134033203125,188.67001489634637,183.7127962768522,187.2508481673131,6575600
2023-03-23,184.7279052734375,187.80275671899042,182.89481728751002,184.6884756180801,8685000
2023-03-24,187.3099822998047,187.5662299333025,183.39742380284451,183.80149504181676,6102700
2023-03-27,188.4925994873047,189.3303066118127,186.1766113255564,186.18646121904277,7776500
2023-03-28,189.517578125,190.03990825223622,188.4137733898913,188.4137733898913,4899000
2023-03-29,193.79478454589844,194.573347295868,190.08919398646117,190.34542659219642,8085200
2023-03-30,193.75535583496094,195.30263132759356,192.66141607626912,194.90842503390536,6932500
2023-03-31,196.88934326171875,197.10616124212564,194.13971892911405,194.63248433221938,6634300
2023-04-03,193.64694213867188,196.05162453249372,192.70082600362272,195.3519061225146,5340800
2023-04-04,194.34666442871094,195.82496058060985,193.77505477874928,195.2829156506457,4659100
2023-04-05,192.48402404785156,195.4209017113211,190.92688353151348,195.13510438727496,3953700
2023-04-06,189.76397705078125,191.2619882234886,186.85666391490128,191.19299384251804,6304700
2023-04-10,188.71926879882812,189.76392887741116,186.54123945464698,187.83228219470732,5263800
2023-04-11,186.1569061279297,187.70419665161617,184.5997657102474,186.3244445538947,4907700
2023-04-12,187.56625366210938,189.11352940117672,186.78767580676273,187.54653883288313,5033400
2023-04-13,191.21270751953125,191.56749924150927,187.6943550234154,187.6943550234154,4716400
2023-04-14,191.83358764648438,192.3460679357503,188.4236590830815,189.07411309968728,5073800
2023-04-17,194.22842407226562,194.66206005759275,192.2080827977228,192.33620662193513,5413500
2023-04-18,195.62786865234375,197.22442377578253,194.20870185906176,196.19947833508272,4679000
2023-04-19,196.0417938232422,196.1896324727516,192.89794802256674,193.45970782228946,3665100
2023-04-20,194.65219116210938,197.18501264393336,193.97218751315197,194.3269641797347,3620000
2023-04-21,196.1501922607422,196.23888642286988,193.62723584017758,194.17913067742526,4860100
2023-04-24,192.09967041015625,195.8939701767785,191.25211328234488,195.5785930882872,4449700
2023-04-25,187.91114807128906,191.311226183275,187.87173345763966,191.16340258458231,5010000
2023-04-26,188.7488555908203,191.55760923736463,187.81260437530557,189.8329304053089,4007600
2023-04-27,193.1049041748047,194.6521796855349,190.47353878674275,191.36051047691865,4794400
2023-04-28,195.49974060058594,195.77568802241595,192.44460413375177,193.31186101464323,4094600
2023-05-01,194.92811584472656,196.16989418486696,194.2678120623052,194.89855112596183,2882900
2023-05-02,191.03529357910156,195.53917671640286,190.13845690951098,195.15482029200794,6051000
2023-05-03,189.82308959960938,192.9570703519488,189.77381005159006,191.39994490818697,3779900
2023-05-04,189.59642028808594,191.74487021579097,187.9998501647937,189.12335467629222,4386500
2023-05-05,194.73101806640625,195.24349826910858,190.45381820332872,191.14368672350156,4284400
2023-05-08,195.0365447998047,197.59893096720063,193.24288651303314,195.84468729681666,4169400
2023-05-09,198.2690887451172,200.85118979223668,193.93275902993545,193.93275902993545,6996800
2023-05-10,201.885986328125,203.29528812549086,200.10216298413533,201.97468048921664,6535600
2023-05-11,200.52593994140625,200.85116688865952,195.67713052764108,199.97404513564518,5366300
2023-05-12,198.8899688720703,201.0088691205223,197.23428434190018,200.4865239601639,4733600
2023-05-15,200.38800048828125,202.4280416395262,199.55029320478917,200.80192166334533,4518200
2023-05-16,201.60015869140625,202.69409837592514,198.83081981530123,199.0082081240315,4423200
2023-05-17,206.35044860839844,206.4588576004889,201.83671563282434,203.51211502494402,5772200
2023-05-18,210.23342895507812,210.78532377463296,206.30115580874093,206.4686942333911,5165500
2023-05-19,207.3162841796875,210.15461803114053,206.89249806586244,209.87867057758353,6091600
2023-05-22,207.21771240234375,209.74068402603748,206.01536355478896,206.14348737825205,3890800
2023-05-23,203.65008544921875,206.60667787155816,203.48254701651365,204.73417535261257,4256800
2023-05-24,206.03506469726562,207.16843412937234,202.44773322064478,203.05875749871555,4894000
2023-05-25,206.87277221679688,209.2577549295558,205.4240407491035,208.95224279002977,6496700
2023-05-26,212.32276916503906,213.02248764868838,209.47458560422467,209.7209683172294,6933300
2023-05-30,215.70310974121094,218.92579949390733,212.60854379776114,216.0973310627367,10421000
2023-05-31,220.14788818359375,221.74444336364962,213.91932593398008,216.37330318755383,19624000
2023-06-01,209.8195037841797,212.24391619755124,203.0784766416443,205.20722680392078,20907400
2023-06-02,209.94761657714844,213.01261784193858,207.385230586222,209.8194927662003,11026900
2023-06-05,206.82347106933594,209.24788318186876,204.06398213154395,207.42464539136202,7804400
2023-06-06,209.77020263671875,210.3122324580506,205.35501454431278,205.53241787918827,6796000
2023-06-07,202.7532196044922,213.52507759826617,201.8169684798597,211.7708342167008,9323900
2023-06-08,206.49826049804688,207.33596766557082,201.88598372468437,202.40831382838553,5548600
2023-06-09,212.19464111328125,215.49617541695122,207.64149347985597,207.64149347985597,7676700
2023-06-12,210.5980682373047,217.20112125043076,209.070492568192,213.02246545945263,11568300
2023-06-13,205.95623779296875,213.10133662791074,204.91157747283776,212.38190330068977,11698900
2023-06-14,206.37013244628906,208.64672110422177,202.0535179994428,204.69473318366798,8963400
2023-06-15,208.85366821289062,210.24327013611443,204.36950043283107,204.94111005454027,7905400
2023-06-16,208.69598388671875,210.55863638199565,207.5527796583096,210.45022739918036,13672700
2023-06-20,213.83058166503906,213.90942591987817,205.5915450093994,205.63095961781696,9522900
2023-06-21,206.55738830566406,214.64860245910307,205.05939237836225,213.38712428979315,7971600
2023-06-22,210.203857421875,210.86417629039912,206.06463107525383,206.59682612779469,5689800
2023-06-23,207.05015563964844,207.94699224851468,205.05939431373324,207.45422686403953,14037600
2023-06-26,204.35968017578125,208.6861600590748,204.34983028084253,205.99566501606273,4771500
2023-06-27,205.79855346679688,207.4345232024198,204.51736039060475,205.1283846880781,4014800
2023-06-28,209.10008239746094,209.12964712045164,204.5962141517904,205.39449174855426,4775900
2023-06-29,207.38522338867188,209.5731028027438,206.68550499471516,208.8339547584764,3838300
2023-06-30,208.2032012939453,210.7557371258049,207.90755412709294,208.79452570365896,5984200
2023-07-03,208.5876007080078,208.89312790683323,206.88263652918073,207.5232406116124,2400000
2023-07-05,210.72621154785156,211.5146241898978,207.05017068517893,207.44439204420925,5069300
2023-07-06,207.09945678710938,209.4253102459494,204.82288287945818,208.14411710507852,4250900
2023-07-07,206.55738830566406,209.04093003062064,206.25187617625392,206.73479166216396,3022200
2023-07-10,209.73077392578125,209.78990335833555,205.30575095891902,205.9759045785402,3820100
2023-07-11,217.9698486328125,219.13278281472327,214.0967197466163,218.84697045697953,10028100
2023-07-12,223.991455078125,224.78973267726968,218.40349684610456,218.68929418186949,8923500
2023-07-13,227.03672790527344,227.61820251210398,224.30681838872502,224.95725729449072,5800300
2023-07-14,226.01174926757812,228.84021746469963,224.8488152628144,226.37639080156117,4278700
2023-07-17,224.70103454589844,226.94804368831683,224.51378127769567,225.92309821763774,3557900
2023-07-18,224.3363800048828,226.29757666546624,222.20762987545956,223.76477033838918,5092700
2023-07-19,230.97885131835938,234.7731509551967,227.88428517392308,230.5944949036621,8516300
2023-07-20,224.8587188720703,230.1214499206631,224.0308765799785,227.75618193239876,5303000
2023-07-21,224.76016235351562,227.47037218026688,224.00129939138324,226.67209460101404,3529700
2023-07-24,222.39486694335938,224.29693402377438,220.30553158116638,223.97170708006504,5363200
2023-07-25,222.75953674316406,224.22798312282399,221.9316944385805,222.6117131309196,3203700
2023-07-26,222.31602478027344,224.21809187865068,219.89161255791106,221.21223517035526,4856700
2023-07-27,221.89227294921875,226.81007748363209,220.76876834079263,224.74045660800127,4299600
2023-07-28,222.3357391357422,224.02098826603765,220.73916912419241,222.7299454133069,4238700
2023-07-31,221.75425720214844,222.11891378667752,218.54143253659998,219.13275697129222,5571900
2023-08-01,221.02499389648438,221.55717390494706,218.4231932193199,220.65048738511769,4212600
2023-08-02,217.3095245361328,219.62552775160668,215.6341253137501,218.76810579630072,5127000
2023-08-03,212.44100952148438,215.0526750742938,211.49490840736945,213.07174861022966,5515200
2023-08-04,211.48504638671875,214.10656186959454,209.9870504290808,213.27871962384629,4800400
2023-08-07,212.93377685546875,213.7517692033373,211.26822743952005,212.1946287741665,3615200
2023-08-08,208.51861572265625,211.0908518016613,208.08497974948955,210.46011266923898,4843800
2023-08-09,202.88134765625,208.5974286436306,201.94509651199053,208.5875637124458,7847500
2023-08-10,205.23678588867188,207.2965416193214,203.45297757466406,205.16779151550824,4004700
2023-08-11,205.68026733398438,206.46869495238226,202.52657189839883,203.14746109156317,2930800
2023-08-14,208.9916534423828,209.03108309461007,204.12312901474468,204.89184181510794,3304700
2023-08-15,205.75912475585938,209.29717681391105,204.83272337285823,207.28670054455233,4076400
2023-08-16,203.99501037597656,206.65594032841312,203.9555807256559,204.99039099549387,2759600
2023-08-17,200.8905792236328,203.93586555246878,200.4470934053178,203.5810889282211,4062700
2023-08-18,201.8662567138672,202.52656048363275,197.3032447238991,198.0621075796617,4267200
2023-08-21,206.00552368164062,206.38988013272052,201.2651224389858,203.01936624524873,4023300
2023-08-22,203.7683563232422,207.06989073764572,203.01935827919584,206.8136581263159,3153200
2023-08-23,206.1040496826172,207.937137471337,204.14283808478075,204.9903951276943,3833200
2023-08-24,202.5364227294922,208.92267293385902,202.46744339549144,207.9568419537998,3960300
2023-08-25,206.4391326904297,207.74002549396982,202.50685948358048,202.53642420379688,3068800
2023-08-28,208.6565704345703,210.39109913125804,206.60666468139078,207.40494217837778,4086900
2023-08-29,208.89309692382812,209.38586228122364,203.5318074292841,203.75847528304453,5850400
2023-08-30,211.92855834960938,212.4706033528001,206.39972939308007,208.70588313047267,9946000
2023-08-31,218.25567626953125,225.47960441852396,217.99942861526975,224.7010416365943,19268400
2023-09-01,218.3246612548828,220.72935908098552,217.32928044962253,220.26615835031777,5600900
2023-09-05,215.52572631835938,217.13214628428702,214.46135128308276,216.15646540911524,5807300
2023-09-06,218.41334533691406,218.99481997574455,215.85097411250445,216.29445999384384,5066700
2023-09-07,219.3101806640625,219.50728382809368,216.1367700977357,216.59012090921416,4201900
2023-09-08,221.50790405273438,222.2076375591227,219.63540148995983,220.08875228871955,4578900
2023-09-11,222.04994201660156,223.54795304239798,219.56640019136134,222.73981056861092,4418000
2023-09-12,218.4527587890625,221.5374599397101,218.058537449774,220.21685228860824,4002300
2023-09-13,215.63414001464844,218.6498618281358,215.14137461929414,217.9796930706906,4173600
2023-09-14,215.6144256591797,217.37853419968525,215.18078970423963,216.24516476509072,4297200
2023-09-15,211.5047607421875,216.01849350730114,210.3714063633647,215.7031164402859,9939000
2023-09-18,211.88912963867188,213.24916700386376,211.0809871352949,211.45549366495808,4279400
2023-09-19,212.5789794921875,212.93377116324842,209.18875131049566,211.28793661743987,4001500
2023-09-20,209.94761657714844,214.03756321550557,209.83920759203988,212.0862165215574,2990900
2023-09-21,205.59158325195312,208.82412311162972,205.05940323030197,206.76436732408098,4957300
2023-09-22,203.443115234375,206.68551997823346,202.90108532635588,206.28144874228644,3848300
2023-09-25,203.3544158935547,203.54166914632322,200.92015368357607,202.03380826814293,4067300
2023-09-26,199.5601348876953,203.45297849682746,198.3676360162263,202.4970124284119,5404500
2023-09-27,199.79664611816406,200.9792800187391,198.03255268019046,200.05289373925936,4123800
2023-09-28,200.25987243652344,202.18165465094964,196.66269072844383,197.85517467569974,4344000
2023-09-29,199.84591674804688,204.7834202057278,199.17576308155355,202.11264039519574,4405100
2023-10-02,200.76248168945312,202.14221876541856,197.618636097068,197.89458351226108,3745700
2023-10-03,196.9385986328125,200.62448880923088,194.56346607230222,199.81634642910512,4622400
2023-10-04,198.9490966796875,199.80651869677337,196.62324340307552,197.9734308174266,3656400
2023-10-05,199.08706665039062,199.22504035751336,195.61800914615995,199.07721675631265,3592600
2023-10-06,204.35968017578125,205.25651686945446,196.99776343252205,197.5792230320654,4989200
2023-10-09,204.22169494628906,205.26635519520192,201.72830320863653,201.9254063623548,2781100
2023-10-10,203.88665771484375,206.1927966414536,203.275618270128,204.63565585977415,4503500
2023-10-11,203.85707092285156,206.1730594950817,201.45237314149998,204.23156243577773,3971000
2023-10-12,202.70396423339844,205.5620125269615,200.32884647520402,204.82286443969616,3548500
2023-10-13,201.62974548339844,204.14285206490823,200.2697231868926,202.14222571695498,3677500
2023-10-16,205.51272583007812,206.45884196558356,202.07321810332078,202.86164570990766,3623200
2023-10-17,206.80377197265625,208.87339259289934,203.0193374468462,203.5022529350379,4006100
2023-10-18,201.8662567138672,206.59680711962605,201.23551766229969,205.8576590886639,3380800
2023-10-19,205.30580139160156,207.89773739595938,202.55616179835252,203.46284840891968,4995900
2023-10-20,200.78219604492188,205.09882598406293,199.1954907734391,204.35967784588163,5539100
2023-10-23,199.07720947265625,200.6244999526419,194.9872629170094,197.00758890353032,4564100
2023-10-24,201.2650909423828,201.67901205276937,198.0226863540129,200.78217546126228,3959600
2023-10-25,194.20867919921875,200.79203215814417,192.60225933064464,200.25983715375529,4490000
2023-10-26,193.41041564941406,196.77107921962858,190.87759432559656,194.56348485789695,5149100
2023-10-27,193.7257843017578,195.4405981608005,192.5825650370589,194.44521752954003,3168600
2023-10-30,196.38671875,197.67776163948065,194.22840397958325,196.12062123416624,3438300
2023-10-31,197.9241485595703,198.98852360764752,195.7855485692878,197.52007733022495,3425400
2023-11-01,200.95957946777344,201.53118910911516,197.58906609683225,198.01283710240986,3593600
2023-11-02,205.09878540039062,205.24660898357354,202.97003557453053,203.3248272121739,4963600
2023-11-03,204.4680938720703,207.13887414858831,204.20199632253266,206.3603113663214,3861900
2023-11-06,204.4188232421875,205.46348361958678,201.72832801990336,205.1974010964437,3729700
2023-11-07,208.77484130859375,210.2531375103336,205.9365228270977,206.46870284300115,5467100
2023-11-08,208.4102020263672,209.44501238661664,206.61652873020057,209.34645329020935,3433500
2023-11-09,206.97129821777344,210.48965005753058,206.04491198576955,210.47980016414937,4731400
2023-11-10,210.53895568847656,211.16969481714793,205.81825459903953,206.3701494568761,4112600
2023-11-13,212.16506958007812,213.01262667023403,208.69599695083454,209.4942895313588,3306600
2023-11-14,217.97970581054688,218.04870018817198,214.7964453811537,215.83125577947868,4743800
2023-11-15,216.24513244628906,218.16691419754866,214.51060392376834,217.55589000945696,4800700
2023-11-16,218.2458038330078,219.54671177389577,215.7721268119651,216.8167871074014,3712300
2023-11-17,218.01913452148438,219.5664101268628,217.19129222161285,217.96985497168095,3634900
2023-11-20,221.87255859375,222.82852469337536,217.42780496571677,218.22608252482505,4599300
2023-11-21,221.0742645263672,222.70038424475263,220.30553670825128,220.75888746888316,3852300
2023-11-22,220.60122680664062,222.42446493526919,219.98035258304907,221.0545776245401,3893600
2023-11-24,221.1334228515625,221.24183184948328,218.90611344664637,221.11370802339297,1869100
2023-11-27,221.53744506835938,222.94676182495064,221.00526509355214,222.2371784998707,4885500
2023-11-28,221.6656036376953,222.26677807577875,219.01452316545868,220.37456059148528,5535300
2023-11-29,227.0170440673828,228.15039856340178,223.9717422213871,225.302214923677,12327400
2023-11-30,248.2552032470703,248.84652774404097,240.12457412276004,245.4464494814762,24425700
2023-12-01,256.2380065917969,259.6183699989763,246.08703639998205,246.38269864595853,14538200
2023-12-04,247.03314208984375,251.42860082576152,246.23486458620877,249.14217729917783,11429200
2023-12-05,247.38795471191406,248.02854374023693,245.04238650961145,246.37285915367542,5771500
2023-12-06,245.52528381347656,250.3050989915174,245.24933640286005,247.88070173567144,5374800
2023-12-07,245.24935913085938,247.10214691127285,243.31771203952616,245.1508000302171,6568200
2023-12-08,247.1809844970703,248.44246275352512,244.411645277228,244.95369024008133,4605800
2023-12-11,248.45233154296875,249.85178353550995,246.09691342964828,246.3827107574037,4766000
2023-12-12,252.73941040039062,252.8675041530631,247.38796981342418,248.15668270953967,5827600
2023-12-13,253.5968017578125,255.37074523094802,251.46805154444135,253.78405502260077,6567600
2023-12-14,253.4883575439453,255.02578311852514,249.55609944850212,252.78863912787662,6613200
2023-12-15,257.8148193359375,258.51453766334686,250.82739572645804,251.32016104243803,13739500
2023-12-18,259.7760314941406,261.7470928781329,255.92260287931452,256.06059161267876,7498500
2023-12-19,260.51519775390625,262.72277703422486,259.9238732821032,261.6288523259994,4665500
2023-12-20,256.484375,261.0868167877197,256.31682154081057,257.87397695206084,4510500
2023-12-21,263.3830871582031,264.477011830214,260.416630041471,260.91926033726577,5160700
2023-12-22,262.48626708984375,264.27007541427685,261.4613066466073,263.39296865040154,3110600
2023-12-26,262.3680114746094,262.6735236173383,260.7911561752263,261.6879928147255,3218800
2023-12-27,262.8608093261719,263.1466217154969,261.5599012878823,262.0920964082766,3387000
2023-12-28,261.7372131347656,263.0578506541922,261.46126575966343,262.6439145535348,2958700
2023-12-29,259.33258056640625,261.8062423408565,258.8496500386989,261.1755182892559,3706600
2024-01-02,252.4240264892578,256.7899210241455,250.09817303505355,256.7702212341154,4741400
2024-01-03,248.19607543945312,250.48251413558984,248.12709610255604,249.8320601922399,5097100
2024-01-04,247.60476684570312,248.98450396855498,246.2250146848445,248.1862264161902,4489800
2024-01-05,247.4864959716797,250.23613539482295,246.55024469549386,247.5752051748185,3676000
2024-01-08,257.09539794921875,257.77541656224315,247.75257079489737,248.56071321559466,6626000
2024-01-09,257.5586242675781,260.11114551573297,255.03566774137047,255.74525114411728,4571800
2024-01-10,260.3082580566406,262.60453161401597,258.9482207245929,259.46068591921386,5128300
2024-01-11,267.4533386230469,269.0104639680571,261.26420674210044,264.12223988988575,9012600
2024-01-12,267.9953918457031,271.2574964925461,267.1379848342871,267.3055383091222,4847600
2024-01-16,265.29498291015625,267.64055053519934,263.8462517344536,265.7976131372389,5858700
2024-01-17,267.51251220703125,267.96584800365275,260.30828367203924,264.4080958604861,4706500
2024-01-18,270.4888000488281,271.70101387268966,268.20239123841304,269.049933368581,4752400
2024-01-19,276.81591796875,277.9197077405215,271.5433217535051,272.5091528418129,7413600
2024-01-22,276.2442932128906,281.5858838078026,276.1161994625388,279.68381643054306,6735900
2024-01-23,272.7653503417969,277.63387492938483,271.7206900935465,276.7666030079664,6573800
2024-01-24,272.8737487792969,276.89470085712753,272.6864955376419,275.9289000064974,7037800
2024-01-25,274.99261474609375,275.80075709345556,272.85400001241845,274.57867864163745,4178000
2024-01-26,275.8894958496094,279.24029457009294,274.6575823438424,275.23904190944285,4877400
2024-01-29,283.69488525390625,283.9806976108192,276.934158316544,277.3283646263471,5762300
2024-01-30,283.5667724609375,285.10419801908824,282.37425860318336,283.468213371105,4810900
2024-01-31,277.0228271484375,281.4971450493865,276.75674468075516,279.93998966543893,4557300
2024-02-01,279.6936340332031,280.9255475553297,277.28893643193106,277.9295555242478,3218300
2024-02-02,281.5267028808594,283.9905296265688,279.06287613514996,281.07336718093165,3629600
2024-02-05,283.94122314453125,284.86762436816826,277.2888912099512,282.1081505590423,5274800
2024-02-06,281.6942138671875,284.46358267748843,277.83095054239953,283.77369918862905,4207200
2024-02-07,284.66070556640625,285.60680668953665,281.0733891833634,283.19227433533786,3621400
2024-02-08,287.7256774902344,288.8688665463255,284.7986503361213,285.1139972777976,4488400
2024-02-09,287.0850830078125,290.9680764006787,286.838700330986,289.0068799174632,4376300
2024-02-12,283.1627197265625,286.78946589141344,282.8473426489198,286.61207756374444,3750000
2024-02-13,277.08197021484375,279.3289791693864,272.42042891727743,276.35268706872404,4956600
2024-02-14,284.9662170410156,285.271729174611,280.5214937057992,280.8762703476471,3850700
2024-02-15,287.71588134765625,287.77501079310787,283.84275229049945,287.1245568171249,3986500
2024-02-16,285.5279846191406,287.8439880146685,283.7146115560075,287.7749936404157,4159400
2024-02-20,282.2461853027344,286.6416443281612,280.03857581951326,285.3111717091335,4295500
2024-02-21,279.447265625,279.46699549101214,274.33235801337634,276.0176374525924,3797200
2024-02-22,289.401123046875,290.3669540904187,287.18367867299565,287.77500318789964,5264300
2024-02-23,288.56341552734375,293.6881878832286,286.86830129356775,293.6881878832286,4416800
2024-02-26,296.0436096191406,299.4338078802594,290.731584203479,291.3130437627643,8719300
2024-02-27,295.1664123535156,297.3838561858876,292.3083796514376,297.21630275177654,6178800
2024-02-28,295.43255615234375,296.5265109764036,292.318275225092,295.24530289485614,12490800
2024-02-29,304.35162353515625,306.04673768446025,290.52462785675675,295.6592348133993,21737800
2024-03-01,312.29498291015625,314.0984909147805,302.18342798387164,302.55793447388385,9450200
2024-03-04,310.08746337890625,313.0538909990323,309.0033733507463,310.0184689962013,9350000
2024-03-05,294.4273376464844,308.02765117096226,291.85511659759106,306.8056025570219,9015300
2024-03-06,299.3746643066406,301.4640147549526,298.3595688398716,300.24193617650377,8270000
2024-03-07,298.04425048828125,302.331285590417,297.3839315906568,301.5724376693984,6788900
2024-03-08,300.86279296875,304.40084436184577,297.8273718270328,297.8273718270328,4851600
2024-03-11,301.5724182128906,303.15910832974697,295.90561623666804,298.2610492337057,4895500
2024-03-12,302.1834411621094,304.56843886903255,299.47323153315745,302.2721353226627,4832000
2024-03-13,300.66375732421875,303.6735708571097,299.1144455463743,300.9795463710344,5548800
2024-03-14,299.32171630859375,305.4103679954856,298.0191090018402,300.979563727024,4828800
2024-03-15,290.4501953125,296.09479677186596,289.89757951496506,295.01916851897465,11885100
2024-03-18,296.5487060546875,297.00263393185213,292.1178724688483,295.6704235223695,5240500
2024-03-19,297.476318359375,297.792077253206,292.70997023094037,294.2494040063199,3329900
2024-03-20,302.0452880859375,302.9728995622566,296.726353882444,297.9894799181317,4946600
2024-03-21,304.3248596191406,307.68988296367894,302.3117421880755,303.88077941152494,6083900
2024-03-22,303.7130432128906,306.14063780091533,302.6078115867833,305.24262957587734,3779000
2024-03-25,302.02557373046875,303.6538177258052,298.5519845327309,299.6966972504096,4141200
2024-03-26,301.7985534667969,303.9202363840115,300.8709721982292,303.42682735494714,3893900
2024-03-27,297.4072570800781,305.2228399165923,294.6935071838691,303.38737262395483,3859900
2024-03-28,297.2098693847656,298.80850989506524,295.6803133694292,296.0454312495225,4892300
2024-04-01,298.2756652832031,299.5091879774329,296.0355687966898,297.7131717069623,2918100
2024-04-02,299.99273681640625,300.4466647621992,291.0028373493911,293.57841843052915,4746100
2024-04-03,300.7229309082031,303.1110439033692,299.1045649231689,299.9828173510435,3047400
2024-04-04,290.26275634765625,307.1965322901668,288.2496385339187,304.1966262674933,8351000
2024-04-05,297.9302673339844,299.4203723576426,289.43374751507235,289.67060434633896,4918200
2024-04-08,297.7526550292969,299.4993123355115,295.5717652070336,297.13095476843904,3142900
2024-04-09,298.3841552734375,301.57158827023966,295.30528791710987,299.32164442405445,2997700
2024-04-10,295.67047119140625,296.9533529506377,294.2198471988144,294.5159107349304,3036400
2024-04-11,295.2066345214844,297.1210640831616,292.50276251006966,295.52242354749893,3468600
2024-04-12,290.4403076171875,293.9237742719633,289.63110955532386,292.9566817017874,3820000
2024-04-15,269.30267333984375,282.70368099132395,268.0790284424417,279.21033622725275,18365100
2024-04-16,273.75323486328125,276.8617061064903,268.84874730522216,271.15789823204324,7624300
2024-04-17,272.6776123046875,275.29267451213565,271.217110526895,274.07887728439107,4199400
2024-04-18,268.33563232421875,272.6874743139041,266.19422346672803,272.6776266097906,5918200
2024-04-19,266.8059997558594,269.54935281657487,265.1876337628873,268.89804926924415,4913600
2024-04-22,270.2007141113281,276.01308830629677,266.00673637051386,275.70717704501465,6747200
2024-04-23,273.0328369140625,273.0525925507387,266.8454979913349,271.3256607983604,6285200
2024-04-24,272.5493469238281,275.2630972312801,270.49674800853035,274.335485626054,3938800
2024-04-25,269.53955078125,269.9737231043995,265.730416683063,268.01984224666637,4811900
2024-04-26,270.6743469238281,273.24992772701745,269.85527103068534,271.3749793473139,3754600
2024-04-29,272.1051940917969,273.63478010824196,269.61842349645616,271.26642285811323,3576400
2024-04-30,265.3948974609375,270.99013996627673,264.82252602237395,270.8914822354162,5218000
2024-05-01,265.148193359375,270.3881957659061,263.0363878860041,265.47383012544026,3761000
2024-05-02,268.5428161621094,269.48027529418135,264.4080458863146,266.8652133348036,3859900
2024-05-03,270.0526428222656,274.0097930103041,269.74673162279765,273.1709916085732,4041600
2024-05-06,271.9966735839844,273.476900711468,270.44736196288,272.5295637821619,3744800
2024-05-07,273.5262451171875,275.20384800314525,270.45725515376915,271.9572078867045,3507700
2024-05-08,275.2926330566406,276.2498477712947,272.09535220638446,272.09535220638446,3283300
2024-05-09,271.542724609375,271.72034462320767,267.4967647520663,268.58227058431436,4709700
2024-05-10,273.0230407714844,275.9538924179104,271.3454375633812,272.46054709538214,2912300
2024-05-13,273.86175537109375,274.13806324164585,271.5624823892103,273.48678978022247,2998700
2024-05-14,273.1512756347656,275.1841187913746,271.41449601809063,273.30917016633657,3056800
2024-05-15,283.74969482421875,284.0062470607831,276.04264760305733,276.0524953059986,5828500
2024-05-16,280.9273986816406,286.19700426955984,280.8287108383227,285.6049374402556,3559200
2024-05-17,281.84515380859375,283.5523602703427,280.51297322608343,283.2563268331857,3478900
2024-05-20,283.2858581542969,283.9272838485968,281.3516731389389,282.22995563804983,2799300
2024-05-21,280.01953125,283.4339136577968,279.55572550930765,283.0095890758634,3492100
2024-05-22,280.0787658691406,283.3056507388484,279.10179531302646,279.6741667685767,3309200
2024-05-23,274.89794921875,283.2168192965478,273.80256537266393,282.9010302494508,5456600
2024-05-24,268.70074462890625,271.3355324418681,264.9902984423775,267.35865617440123,8325100
2024-05-28,266.273193359375,269.6283999831199,263.63840511832876,269.5001087737605,9294100
2024-05-29,268.03955078125,269.2730735133744,264.2402947432467,264.467273767466,13397900
2024-05-30,215.13623046875,222.12290513515936,209.20545850454064,220.45517996710188,66763300
2024-05-31,231.3496551513672,231.52727519503773,213.21193229247976,216.2217307350947,36807400
2024-06-03,233.5009307861328,237.81333680165244,227.17543721251346,231.52729427523278,19962700
2024-06-04,231.7641143798828,237.4185782381064,229.1391744522924,232.6127786024252,11197500
2024-06-05,233.412109375,233.7969678735524,228.49775891864206,232.53384177278292,10772100
2024-06-06,239.55996704101562,243.49737685344226,236.29360139599484,236.71794102758162,11693800
2024-06-07,238.66197204589844,240.71454051659524,237.1225231064012,239.13564053470157,6883800
2024-06-10,238.652099609375,240.42837530450484,237.26068239338576,238.6027556899672,7656900
2024-06-11,237.81332397460938,240.5369367919921,233.14566303658336,237.98108126206927,7264400
2024-06-12,232.6917266845703,239.00735692744513,231.7937185391716,237.38897573660532,10260100
2024-06-13,226.01095581054688,232.5436870329685,225.6458379197619,232.41541091487227,13566700
2024-06-14,228.8826141357422,232.14897994594887,226.17872686567063,226.32675862923824,8833700
2024-06-17,227.44187927246094,228.78395277282544,224.76761009170343,227.24451862251223,10563700
2024-06-18,228.7543182373047,229.22798674412678,226.208325544454,227.44184826050665,7119800
2024-06-20,238.61264038085938,240.55667341184684,229.78062062789198,229.78062062789198,14809600
2024-06-21,241.8296661376953,242.13557737104665,237.02386631310307,237.39886204825675,15719600
2024-06-24,236.77716064453125,241.18823919061128,236.6488694604475,239.9843197854196,7545700
2024-06-25,238.57315063476562,239.89549840019777,236.7080649326998,238.59289121391686,6037800
2024-06-26,239.94483947753906,240.39878247522816,236.7376803252588,238.28699212803272,4524700
2024-06-27,249.51698303222656,255.19118757168755,241.2277012791194,241.77045429007617,12869000
2024-06-28,253.71095275878906,256.7503394144983,249.84261235440454,250.15840139053796,12619300
2024-07-01,252.83267211914062,256.0595867732972,251.17482483946952,254.74710175708236,5871700
2024-07-02,252.8129425048828,254.33265087763013,250.7110150415082,251.68797042398865,5130600
2024-07-03,257.51019287109375,257.7766229141342,253.55304268961834,253.59252384553855,4755700
2024-07-05,259.7206726074219,262.30613135491205,257.8753274761354,259.25686686998887,6562100
2024-07-08,253.97738647460938,259.3752830453209,253.79976643246468,257.9345369557576,6539300
2024-07-09,249.490234375,254.00702014331887,248.16584341472546,253.10761423463438,7014900
2024-07-10,249.64840698242188,251.83267660329537,243.2438753933363,248.2745951198647,8947700
2024-07-11,248.1955108642578,252.44543709434896,247.99784303331867,249.65828599160284,5341800
2024-07-12,251.01234436035156,252.31696420241173,246.78218913616374,248.6897057082693,4705500
2024-07-15,249.91525268554688,253.40415701277269,249.1838651218105,253.03844060927128,4404300
2024-07-16,253.04833984375,253.78960553834705,249.72746892871174,250.82454275995892,4780400
2024-07-17,248.2943572998047,252.59370434412605,246.7031063450356,251.041980923902,5625300
2024-07-18,244.46942138671875,249.51001884021582,242.8583991885146,249.20363144619654,6351600
2024-07-19,244.74618530273438,246.0903477823598,242.31482703771704,245.75429585163587,4468900
2024-07-22,251.1210479736328,252.60357933873772,245.11185236401028,245.85311804656274,5647600
2024-07-23,253.07797241210938,254.33317137965676,250.7948766377604,253.60179892825488,3905500
2024-07-24,246.87112426757812,252.92974066833654,246.0013676984269,250.6762941765257,5204100
2024-07-25,253.53260803222656,261.00456335671157,248.78851994632944,251.77335384722548,7155800
2024-07-26,259.6505432128906,261.4098126163984,254.0762407846553,255.16343651989695,6127300
2024-07-29,255.57852172851562,262.9812854044981,255.50932969213608,259.65053641002555,5101400
2024-07-30,254.9262237548828,257.7133901897218,252.14895051518948,256.59654497675706,3944300
2024-07-31,255.7860565185547,258.7807685570745,252.37625260421925,253.2262227437691,4647700
2024-08-01,250.1129150390625,260.2929513807197,246.8315868899981,256.87325424490723,5527400
2024-08-02,241.1287841796875,245.11185054454933,238.3119685744618,244.90428951929624,6504500
2024-08-05,236.22654724121094,239.00383539153933,229.50575030997865,229.61446988227684,6899300
2024-08-06,235.64341735839844,241.010188752628,235.25795980596894,238.28232138366022,5673900
2024-08-07,237.24453735351562,243.65896158994738,236.86897300977265,239.78461490593676,4035500
2024-08-08,246.21881103515625,246.52519844602966,240.2491578771575,240.40729817989518,4474300
2024-08-09,249.58909606933594,250.0042030421493,245.55660894346317,245.80369750450132,2975300
2024-08-12,248.38331604003906,251.13093978002982,246.11999133491474,249.65830152895887,3679700
2024-08-13,251.63499450683594,252.8012452663414,250.05362169687078,250.05362169687078,4031600
2024-08-14,252.34661865234375,254.7087696657944,250.90361478705617,252.4157956088572,4145200
2024-08-15,259.7296142578125,259.82845571237675,253.25587601106656,254.89654763786672,5167900
2024-08-16,259.8482360839844,260.5302029730172,256.6558407941956,258.7017414612941,3494900
2024-08-19,262.2894592285156,262.299352423046,258.5831307410274,260.0360127146099,4501300
2024-08-20,258.7906799316406,262.4080602001894,257.9901153812923,261.86447741342215,5731300
2024-08-21,258.0494079589844,259.08719802058465,256.16164771876066,258.05930115339845,4648200
2024-08-22,255.57852172851562,260.19414934449304,254.2738868804072,258.4546362136818,5111400
2024-08-23,260.9255065917969,262.5068793308491,257.66394982426993,258.93890501471293,4711300
2024-08-26,262.19061279296875,264.1870775086156,260.17436168863674,260.8662217247067,3818300
2024-08-27,261.1231994628906,261.3801510522447,256.37908106463607,256.6261696219771,5276400
2024-08-28,255.8849334716797,262.0917975416924,254.36285933744577,258.780804458894,10981900
2024-08-29,254.01695251464844,268.7829684149171,253.29544300527803,267.8539129445092,14301700
2024-08-30,249.95477294921875,256.11223051798476,248.07690598811854,254.4419094949711,10507700
2024-09-03,245.17115783691406,250.73559720372722,243.76769658305193,249.67805089575904,6190400
2024-09-04,244.7955780029297,246.57461870259124,242.3049361044928,243.5996777833581,4706500
2024-09-05,243.2537384033203,245.60602629803864,242.14678649102402,243.11536941428326,4083600
2024-09-06,241.1287841796875,247.08855901668278,238.62824916892578,244.85488387236393,6259400
2024-09-09,242.89793395996094,246.4560152764173,241.91947290875214,243.62932153086834,4588800
2024-09-10,243.29330444335938,244.45955530880806,240.47648858256733,244.25200934581338,3544800
2024-09-11,246.66357421875,247.1083306092755,239.19160351734814,241.95899839774637,4822200
2024-09-12,250.41932678222656,251.18036382388541,246.66359246784654,248.4623894704794,5219700
2024-09-13,251.6053466796875,253.83900675681332,249.51002543105048,249.59897369338853,4998900
2024-09-16,253.91810607910156,254.80761891402653,251.6053606434249,251.6053606434249,5367000
2024-09-17,252.21812438964844,256.34943793078173,251.7931242184333,255.7070136983761,5423400
2024-09-18,249.88192749023438,253.5346825084804,248.42677978114872,253.4158986395178,4436700
2024-09-19,263.3050842285156,266.8192686136035,255.44522826263156,258.08829054426633,11022800
2024-09-20,264.1069030761719,267.59139145586204,258.6822376461174,263.32489910373585,11463200
2024-09-23,261.54302978515625,265.35417354796135,259.59291395075655,264.55235218448274,6034000
2024-09-24,267.71014404296875,269.70974301107066,263.60204075286475,267.1062857575011,7154500
2024-09-25,271.32330322265625,274.25341621412997,266.6608549143755,267.7200614726534,7920000
2024-09-26,272.97650146484375,275.8274357166231,269.95726989270815,273.3427618690799,5253400
2024-09-27,273.8475646972656,275.03543357355835,272.28349656061647,273.4713956464379,5220100
2024-09-30,270.9471435546875,272.9566513835614,266.4232964152831,271.18474152029273,5059700
2024-10-01,268.13580322265625,271.92715969348814,266.96772152434716,271.37281481261164,4369900
2024-10-02,276.658935546875,279.15348775349554,268.11604206330475,270.95706740656146,8512300
2024-10-03,278.07452392578125,278.28239574642873,274.9266298035449,276.17389093696625,3868400
2024-10-04,284.845458984375,284.98406032859293,278.62885034941365,280.9947100426196,6129900
2024-10-07,281.69757080078125,285.2612386087977,280.51958018911,283.68726141104185,4794700
2024-10-08,288.6268615722656,289.67615937699827,281.2322635199527,283.1130786297831,5211200
2024-10-09,285.0137023925781,288.6268526622048,284.182154903621,287.88442328312277,4851000
2024-10-10,287.24102783203125,287.30041977330836,281.74703158763606,285.0137394055412,3965500
2024-10-11,285.1919250488281,287.3103081828932,283.4100761205655,286.29070620981975,3597000
2024-10-14,288.6961975097656,289.4980189451407,285.3404017020947,286.9935579980795,3642500
2024-10-15,285.4393615722656,290.61654990046526,285.09288847838945,290.49776603045734,3850800
2024-10-16,287.9240417480469,287.98346390021703,281.3609904104182,284.64745533794115,3497000
2024-10-17,288.1715393066406,290.3790407010872,287.17175472616344,289.01296550153506,2830000
2024-10-18,289.98309326171875,291.7352161706632,287.22124680394484,289.0921838200442,3087900
2024-10-21,288.3497009277344,289.9632523942525,285.1325067208462,286.0828079355968,2712600
2024-10-22,285.4195556640625,288.9931316821507,284.74642690044135,286.82523533824155,3100100
2024-10-23,281.5589294433594,285.3898604640144,279.76720217121596,284.8256370571383,3227100
2024-10-24,283.8654479980469,285.99373980943795,282.30137963502915,283.6674547185781,3210700
2024-10-25,287.528076171875,291.40852082037213,285.91452462641774,287.0727278897534,3351200
2024-10-28,290.8046875,293.0814895255865,289.53760897280404,290.63642038995823,3867800
2024-10-29,295.8729553222656,297.5656857601991,289.8543112170155,291.032301520886,4280700
2024-10-30,293.4081115722656,296.51643069264003,293.3586283595846,294.071361837474,2826500
2024-10-31,288.42889404296875,293.10125137139346,286.62725794978286,289.6464892462931,4301800
2024-11-01,291.7450256347656,293.99210082559534,287.07266925777526,287.3003584570988,3527500
2024-11-04,295.00189208984375,297.1499711587387,289.96327425419105,294.9820746360537,5107900
2024-11-05,294.48712158203125,295.793804731505,291.76488012539414,294.43763836663294,4456100
2024-11-06,303.8020935058594,305.4453408105378,300.0107674651489,301.92127846877924,5874900
2024-11-07,307.6429748535156,309.0387458904855,302.9112255452103,304.3960844939613,5722600
2024-11-08,318.70025634765625,319.55156102728444,306.3165223266973,306.9005632554145,8485000
2024-11-11,338.2805480957031,341.39874558361265,321.96688827698347,321.96688827698347,13954200
2024-11-12,337.7063903808594,345.33855638040427,335.09305452435694,335.86517991486113,7659700
2024-11-13,338.2706298828125,344.67532197122284,335.350395527581,342.0124728052675,6902900
2024-11-14,328.3022766113281,342.50743192527966,327.4806680292496,338.9833694355276,7630600
2024-11-15,321.976806640625,326.9263362011854,320.9076913382066,323.6299325965148,7093000
2024-11-18,318.9971618652344,323.69921467783286,316.97774546178704,323.69921467783286,4250400
2024-11-19,320.16522216796875,321.42242185441813,312.81022940410185,315.77994677186234,5469900
2024-11-20,322.412353515625,323.95660425401655,318.7595984434024,322.00648848431916,3763500
2024-11-21,332.390625,339.4783553618525,325.283107394203,328.0053488084416,8364200
2024-11-22,338.5675964355469,339.3496305353347,332.39059344362767,335.5286083590469,5649400
2024-11-25,335.68695068359375,344.3387481589551,334.87525086423545,341.51751050850095,7117200
2024-11-26,339.7159118652344,340.3395574384377,335.7167136346685,338.52804286775677,4492800
2024-11-27,326.6788635253906,333.9744653490456,325.5602649981596,333.06373860710886,7471500
2024-11-29,326.6590270996094,328.638838831884,323.94669469344257,326.01559432852605,3517600
2024-12-02,327.6687927246094,331.1235549764459,326.7778531624271,328.6487899915697,6063400
2024-12-03,328.0845031738281,329.4406694149828,320.38303652745986,324.09518362968487,12632400
2024-12-04,364.1567077636719,365.2753063537819,353.0499614677853,363.10740984239925,24733100
2024-12-05,357.73223876953125,361.76116348099475,353.0697899205507,357.1382891215544,10942100
2024-12-06,358.33599853515625,363.4439161974923,357.44508933801666,361.3057159986403,5738900
2024-12-09,348.0212097167969,358.04896089098133,347.2490843560058,358.04896089098133,6475000
2024-12-10,345.29901123046875,351.9016672004297,343.92302741754713,347.80347215175277,6033000
2024-12-11,351.2681579589844,356.5641612187477,348.32813586517614,349.92187006006674,7546600
2024-12-12,354.4160461425781,356.3661621829048,349.3576409521693,351.4166321525867,5422000
2024-12-13,350.73358154296875,361.1176854931957,348.9418541554156,360.32577280162064,5538000
2024-12-16,353.62408447265625,354.45560177750644,347.0213990339651,347.23917953353515,5482300
2024-12-17,347.4272766113281,353.624097242342,345.58603591946905,353.29741137642515,6911000
2024-12-18,334.2068786621094,351.5896177937052,332.234697651179,351.32204912367956,8400000
2024-12-19,333.2158508300781,340.45039731314677,332.42300434607,338.63681579822986,7423400
2024-12-20,340.5693054199219,343.3442226558385,328.1714732680367,329.7571056954178,14932300
2024-12-23,339.8260498046875,340.76754557992257,333.6618080950479,339.18188281089596,5330300
2024-12-24,341.34228515625,341.85764287450144,337.774551985268,339.92511191905356,1811000
2024-12-26,338.6566162109375,341.7882916867694,337.97279936922735,341.7882916867694,3483300
2024-12-27,335.4159240722656,339.20165609862534,332.264408694806,337.29888517593116,3220400
2024-12-30,332.7301940917969,335.0789429995094,328.6372133143239,330.4805547665022,3411100
2024-12-31,331.33282470703125,334.1275515635944,329.4300538322632,333.25543564432667,3026000
2025-01-02,327.6957702636719,335.88173237748686,324.87131331392214,333.29511424657903,4807100
2025-01-03,329.91571044921875,330.45087808518434,326.31824676101087,329.12289415030926,4101200
2025-01-06,327.5669250488281,333.5825171026854,324.3460600431088,331.02562886919753,5785300
2025-01-07,322.01715087890625,328.5282612334049,320.0152700995029,327.5372257545711,4643100
2025-01-08,323.969482421875,325.8524437272939,320.21344959961186,324.80194857024964,3788200
2025-01-10,315.0006103515625,319.87648762026936,313.1869986190309,319.87648762026936,6540000
2025-01-13,316.2096862792969,317.67639937980897,310.9869101348471,311.7797566362065,4583000
2025-01-14,320.63958740234375,326.9822076290517,318.617866808706,322.08649055312424,5935200
2025-01-15,318.28094482421875,328.55797747487685,317.9043465188251,326.9227750513529,6042700
2025-01-16,317.1313171386719,324.7821113744023,316.6853391263459,320.0449635344034,5047700
2025-01-17,321.6504821777344,326.61557975275986,320.17384894834106,325.7731935218428,6303600
2025-01-21,323.9100341796875,326.56600202003773,319.5594041288754,326.44708260091795,6397200
2025-01-22,329.63818359375,332.2248016650757,324.3460582884166,328.2804699608011,7259300
2025-01-23,331.6598815917969,332.4526977448702,326.64524532581396,329.35075237507493,4355900
2025-01-24,330.88690185546875,335.61412979226145,328.8156415133688,333.28519056990024,3299100
2025-01-27,343.9884033203125,349.98415556581966,327.53720915653935,329.3805205366387,15661100
2025-01-28,356.7231750488281,363.799151497173,347.31822930883783,351.5895891127373,12099300
2025-01-29,350.8265380859375,356.9511297126064,348.3489495401329,355.5438763552298,6266700
2025-01-30,340.4900207519531,344.88030007189485,336.95201731162143,337.8439430733525,7591100
2025-01-31,338.6368103027344,346.36687437136203,337.05114760445167,344.8803212624721,5778000
2025-02-03,336.1988525390625,338.39895242268784,328.29040909457257,332.9581775424258,4549400
2025-02-04,341.054931640625,343.81989858690304,335.6339668792129,342.5216446531023,4965600
2025-02-05,344.8109436035156,344.91997322570484,335.83216519122925,342.62076381153867,4521000
2025-02-06,327.84442138671875,334.45464087523317,326.1497593048479,334.45464087523317,13240600
2025-02-07,322.9090576171875,330.8274511895444,320.8179873979399,329.02375946643923,7626100
2025-02-10,324.2667541503906,328.7759525550543,323.7216666026204,324.98030075831065,5981900
2025-02-11,321.49188232421875,323.5136030375481,318.3800468504478,321.115284027775,5455900
2025-02-12,323.19647216796875,324.06858819235845,314.12850396001033,316.6853620824243,5643400
2025-02-13,326.8930358886719,327.3885535934466,320.3224662843192,323.27576269261664,4312100
2025-02-14,323.6127014160156,325.5551222922706,319.727829419506,325.0893344539646,5879700
2025-02-18,326.0110168457031,326.2092360355426,320.1044539653139,325.6443385641021,5262100
2025-02-19,321.6206970214844,326.78398266398597,319.9755747311752,326.78398266398597,5012000
2025-02-20,315.57537841796875,321.5414305655505,315.35734943177806,319.3512206720901,6393100
2025-02-21,307.02276611328125,316.11057437284904,304.10911951061075,316.11057437284904,7353200
2025-02-24,305.5560302734375,309.9264998520415,300.7990423862771,308.71743549983813,6652900
2025-02-25,303.1379089355469,305.6551472861904,297.92505312320634,303.5045871896013,7360100
2025-02-26,304.57489013671875,310.88781091453103,303.7028044069673,309.85712565064335,12638500
2025-02-27,292.25634765625,302.186542204424,290.0463579626917,293.6834411213289,16691400
2025-02-28,295.1799011230469,299.27288218050774,289.5309872227836,293.30682969241207,10863100
2025-03-03,290.4328308105469,300.35310480526164,288.4507600180125,298.3016542764285,6298200
2025-03-04,284.76409912109375,289.0354591392926,279.70981269355474,287.40025683026505,9096300
2025-03-05,289.3526306152344,290.05625733846716,283.05954926169443,284.6452120801931,6612600
2025-03-06,283.48565673828125,295.4078110820806,282.2765923718012,285.6461368398272,10396800
2025-03-07,280.3540344238281,285.72542965408707,272.7032395003285,280.64141293013955,8248100
2025-03-10,270.4535217285156,275.85467609942447,268.2930720777507,274.48704257466613,10040200
2025-03-11,274.56634521484375,277.9358897668832,269.5616285471385,271.26621064329953,8313400
2025-03-12,282.02880859375,283.3667122796514,276.58803454761403,279.3233016171016,7463900
2025-03-13,269.3039245605469,280.02693383743974,267.3317739783226,279.5214961529511,9494500
2025-03-14,276.8952941894531,277.3809221179966,270.2355348637265,272.5347443289896,6976900
2025-03-17,278.2331848144531,280.195445767948,273.60503625123033,274.8834803683861,4484300
2025-03-18,276.2312927246094,277.98541439821315,273.4662956424894,277.5097065445586,5881700
2025-03-19,276.88543701171875,279.69005431268084,274.80425630656407,275.0123653038781,5245400
2025-03-20,276.5285949707031,280.344087151083,274.5762541040048,274.5762541040048,5504700
2025-03-21,278.1043395996094,279.32332398776816,271.5932299856867,273.7338700057708,9804100
2025-03-24,283.396484375,284.1893308689832,280.6810569626108,281.19638450069885,6763800
2025-03-25,286.022705078125,287.84623678294975,283.04959895295354,283.04959895295354,4301700
2025-03-26,278.47100830078125,286.4488608709313,277.0736448531798,285.7551240408319,5070300
2025-03-27,275.3195495605469,278.3818454007545,273.53569788951364,278.0250871641483,3757200
2025-03-28,267.5498046875,274.72489067626833,266.7767983530415,274.2293730197181,4973400
2025-03-31,265.95428466796875,266.0435044818532,256.866505645723,262.1784416563697,7585800
2025-04-01,267.7778015136719,268.39223867847284,263.4370612281385,266.44978734225964,4598200
2025-04-02,269.10577392578125,271.1770343821094,263.3676702155123,263.5757791912003,5396900
2025-04-03,252.94195556640625,260.21616674151517,252.16894918049002,257.80795802892993,8872600
2025-04-04,238.6016845703125,248.0462510039967,237.38271522614775,245.4794728707878,9705000
2025-04-07,242.02076721191406,250.68240712753988,227.9381472027918,227.9381472027918,11965200
2025-04-08,241.802734375,255.0826179007452,238.11608145154835,251.6734385594671,9340300
2025-04-09,262.7928466796875,265.76595261217227,238.74040032972732,238.74040032972732,12491100
2025-04-10,253.23020935058594,259.3048709781,246.29199704152617,258.07406589557706,9692300
2025-04-11,253.11111450195312,254.51067371124074,245.84532935687287,252.38652614046657,6089000
2025-04-14,252.66444396972656,258.074070495185,251.264884798597,258.074070495185,6038100
2025-04-15,253.0416259765625,254.81837522432568,251.92000663001826,252.48577654008724,5227700
2025-04-16,247.98931884765625,254.70915950053566,244.8626583761,250.0638336404224,7190900
2025-04-17,245.42843627929688,249.69658740942216,244.97185217337696,247.91985335245417,5566900
2025-04-21,234.50991821289062,240.68384529096377,231.04577979142212,238.64902746661141,9240000
2025-04-22,241.5871124267578,242.41096610265356,233.85482273309714,236.46533097326102,7145300
2025-04-23,248.6245880126953,255.88045257709055,247.6518515140943,250.7388150786776,5818900
2025-04-24,262.7392883300781,263.0172130622773,255.0963127573155,256.287436061897,7857600
2025-04-25,265.86590576171875,267.03715763549144,262.2429492143945,262.75908640668786,5651700
2025-04-28,263.6723327636719,267.503725949774,261.37941581589985,266.16371978003235,4977700
2025-04-29,265.776611328125,266.5905142601848,263.2058000608287,263.4340769783174,3139800
2025-04-30,266.71954345703125,266.878361904675,261.0518483118115,262.8385028376411,4624100
2025-05-01,267.3349609375,272.56594350820075,267.0074186963658,271.37482023012063,5208900
2025-05-02,273.0423278808594,274.27316316245447,270.233304472099,272.4269253858212,4323400
2025-05-05,270.6105041503906,274.1242901602972,270.2928672733496,271.3450129234681,4219600
2025-05-06,271.3351135253906,272.7644493713569,266.5508399517086,267.82135733795377,4681600
2025-05-07,276.1690368652344,276.7248862714701,271.6824991400905,271.6824991400905,4267600
2025-05-08,277.6678161621094,280.9532949126684,276.31790490249847,277.1417433489494,4789900
2025-05-09,273.3798828125,280.3875845448627,271.85128163969,279.53393910858347,4324200
2025-05-12,286.68060302734375,286.82948585957183,281.1320140084806,282.8888920118165,5937400
2025-05-13,287.0279846191406,290.5715167987081,286.78974182251295,288.84441555363225,6711600
2025-05-14,288.58636474609375,293.85702906375394,287.1173470749179,291.3259300335637,7926200
2025-05-15,288.6062316894531,289.8072602439233,285.8170489297744,287.42504408187136,4635600
2025-05-16,288.9933166503906,290.0057804441866,287.57391656513175,288.93376352034625,3846000
2025-05-19,285.4993896484375,287.75256375027027,284.7847218266968,285.96590934167824,5781200
2025-05-20,285.92620849609375,286.3033985130119,283.0973136607281,285.9559850610336,4032300
2025-05-21,280.18902587890625,285.4994021190672,279.02767925853004,282.30325287271876,5689800
2025-05-22,281.32061767578125,284.2289068236345,278.94830674042794,280.4074191241686,6642700
2025-05-23,271.1068420410156,278.660457754257,269.63779397776244,276.93335619386266,8887800
2025-05-27,275.1367492675781,276.5164372502968,268.28786628506094,271.14653786178667,10958000
2025-05-28,273.9853210449219,276.7447271291104,271.55345717477724,275.6528692630961,12758600
2025-05-29,264.9427795410156,265.80633009151484,252.61476847424123,261.6374298507754,28053100
2025-05-30,263.404296875,267.7419217473283,258.7689063353696,266.0942143747041,12388500
2025-06-02,259.68206787109375,261.83600711403915,257.22045764089535,261.161021133045,9213500
2025-06-03,262.5109558105469,262.78888051595675,259.4239771943492,260.05925097329805,7838500
2025-06-04,261.2205810546875,263.53330824700487,259.68204450771253,262.2330144978082,7372500
2025-06-05,265.16119384765625,266.7592533463778,261.6871198505871,261.75657830897234,8642900
2025-06-06,272.4765930175781,272.86368836393075,266.2232417220396,267.9702143188662,7507000
2025-06-09,270.2333068847656,272.16887436749,267.66249595654665,270.8288684403361,5728300
2025-06-10,266.2331848144531,271.72222060720446,264.86340219817333,270.05467233152547,6309700
2025-06-11,263.9403076171875,267.5136471128804,263.4440113064391,266.51111887188137,6568100
2025-06-12,264.9328918457031,267.02724767078183,261.4488821613344,262.73927070331484,8054000
2025-06-13,256.48590087890625,263.73184444329814,256.08886992956747,261.5282878392201,7659300
2025-06-16,261.9253234863281,262.0245887983231,258.03434741337384,258.46118522580036,7177000
2025-06-17,260.8136291503906,268.4962858241233,260.15851442984837,261.8955513991357,9110100
2025-06-18,257.9862060546875,263.5336417603326,255.9680492787089,263.255276354665,7628000
2025-06-20,259.109619140625,261.33654238673626,257.74761589315324,259.16926670332055,12859200
2025-06-23,261.8734130859375,263.1956412405084,257.24059334855605,259.11958268034937,9283800
2025-06-24,269.588134765625,271.78523416718275,263.89154997564634,264.15996400005474,9713900
2025-06-25,266.19805908203125,272.4016489703623,265.4226103459899,270.41331576619905,6074300
2025-06-26,269.1606750488281,269.42911946756624,263.6132383688821,267.21211686692794,6708000
2025-06-27,271.8250427246094,272.5706676680349,267.85829739468716,270.2741149298922,21741400
2025-06-30,271.0992736816406,274.7677506070595,268.82262383127994,272.85893751872624,8541900
2025-07-01,270.3238220214844,272.4016264069809,269.0612414636624,270.49281333968855,6256800
2025-07-02,267.6395568847656,270.1249731525477,264.10032654660836,269.9360790890319,6115200
2025-07-03,270.56243896484375,273.1274058289055,267.74896078589074,268.12674895498185,5031800
2025-07-07,268.2261047363281,272.40161609699385,266.64538367052626,269.9261512652074,6283500
2025-07-08,272.0537109375,275.1853299694128,268.1565944700938,269.21040874318754,6661200
2025-07-09,269.339599609375,273.95251635992315,267.7986233416278,272.75950443260615,6373600
2025-07-10,262.4301452636719,269.9062667930616,261.67456897745586,269.3197121696511,7244600
2025-07-11,256.5645446777344,261.4160818391642,255.75927227523627,261.048214765082,7011200
2025-07-14,258.1651611328125,260.7003040263811,255.99788534613265,257.09147461358054,6533900
2025-07-15,256.077392578125,260.28272777660254,255.72945857632033,259.4774553423595,5201500
2025-07-16,256.4452819824219,257.4692723483783,253.0352827176153,257.4195458155407,5649500
2025-07-17,258.364013671875,258.6821542565146,255.15284472100365,256.4850242871813,5837400
2025-07-18,260.84942626953125,261.4459322720758,257.60843358269847,258.7815428393175,6381200
2025-07-21,260.75,262.76815687115004,260.11374918827875,262.0821795284855,6714700
2025-07-22,262.0523376464844,264.3389387439551,260.4716165911243,261.46578306666294,5001400
2025-07-23,265.6611633300781,266.9138227815191,260.96869641336804,262.3804261395597,5620700
2025-07-24,266.1383972167969,267.7290394230367,264.0904165536856,266.41676263684434,5877100
2025-07-25,267.5401611328125,269.5185733122775,265.45243552908687,266.44660213640657,4015400
2025-07-28,268.67352294921875,268.76299430223855,265.03486956196264,267.92789800116356,4533700
2025-07-29,265.8302001953125,272.4016263258066,265.750649883607,270.0156327470681,5137100
2025-07-30,263.2652282714844,266.20795261454987,261.79385093017476,265.313208833026,3928200
2025-07-31,256.8230285644531,263.4939078828691,256.35576907773384,263.4541327262501,7340300
2025-08-01,249.27732849121094,254.49670292651433,248.67088628336552,253.50253636740894,7646900
2025-08-04,250.84811401367188,252.02122327444218,249.17790630250352,249.53580687134115,4403500
2025-08-05,246.04627990722656,251.81243364391432,245.56906905071017,251.53406822916847,6761000
2025-08-06,247.71649169921875,248.8001296603355,245.5790395616194,247.91532198670592,5834700
2025-08-07,239.47483825683594,251.53406793296992,235.5876434893715,249.2276094749663,10010200
2025-08-08,239.10699462890625,241.53276347002299,236.4426355213045,239.88244333453827,8812000
2025-08-11,231.32266235351562,240.45905524804178,230.2191520613582,237.5262670003088,10740100
2025-08-12,230.30862426757812,232.30689355160166,225.15883370275498,231.6408037902605,13178000
2025-08-13,235.64730834960938,235.96544894359607,228.2705939865508,231.6507543638778,10209200
2025-08-14,232.00865173339844,235.61748130133012,231.51156843951378,235.61748130133012,7544800
2025-08-15,241.02574157714844,243.0737222495095,233.26130322407292,234.7724254626479,12942800
2025-08-18,242.54681396484375,243.09360860027977,238.09295207668592,238.37131749658468,8809200
2025-08-19,244.56497192382812,247.05038830516784,242.02984418090608,243.57080537129224,8642200
2025-08-20,245.01234436035156,246.12582121701215,243.02401125104495,244.2667194443616,8195100
2025-08-21,244.39596557617188,244.85327369553588,238.61986032965456,243.61056550412414,5646800
2025-08-22,246.84161376953125,248.07438579132983,242.686004741641,244.34626111185875,6694300
2025-08-25,246.42405700683594,247.91530682646618,245.35035531632886,247.91530682646618,4957700
2025-08-26,242.3181610107422,247.3784651231242,241.4333533856503,245.26088551159216,8862300
2025-08-27,248.70071411132812,248.90948059705997,244.17725315987514,244.3164358736224,6506900
2025-08-28,253.04519653320312,254.15865815228202,248.82992513704096,251.00715218631447,8461200
2025-08-29,254.7551727294922,256.137078766016,251.39488501145345,253.91012511301514,7363200
2025-09-02,251.38494873046875,253.50252828820425,247.2989236959773,253.33352179891597,9312500
2025-09-03,254.9540252685547,256.4949712936049,249.08843348981875,253.57211919355984,17417900
2025-09-04,242.58657836914062,243.78952658900343,233.2513549188597,238.65962346641524,30967500
2025-09-05,249.2971954345703,249.66504736882345,242.93453566370152,243.40179514981912,13029400
2025-09-08,250.79840087890625,251.46449064985578,245.85739189088432,249.3369748306306,12602200
2025-09-09,250.58963012695312,253.8504953530182,249.74459762098473,249.85395655349575,10901900
2025-09-10,241.1549835205078,252.50836352249323,240.31987210261696,251.27559155877046,11363600
2025-09-11,244.84332275390625,245.72813032614337,242.07954111614188,242.27837138084453,6944900
2025-09-12,241.3438720703125,246.1456984436469,239.84268600452347,244.66439995687796,8386400
2025-09-15,241.10528564453125,243.28251290370721,239.43507788511445,241.8310230076638,7244600
2025-09-16,237.91400146484375,241.26433797993545,235.85608453570973,241.1052828564127,8779800
2025-09-17,241.21640014648438,242.0031526808087,238.39800769707,238.98558372110153,10124000
2025-09-18,243.27789306640625,246.2755397236182,241.9533472793982,243.15839020316116,9344400
2025-09-19,246.0763702392578,246.18591959908863,242.3517223973972,245.01076755380677,11813900
2025-09-22,248.66571044921875,249.45246298166114,242.16249938826553,244.27379774546753,7523800
2025-09-23,243.55674743652344,250.32885506809865,243.12851870500444,248.7155056015298,7669800
2025-09-24,244.8813018798828,247.81919726001365,242.01311144158052,244.66220315494616,6707100
2025-09-25,239.96156311035156,243.65635049978948,238.50756088530252,243.4970032105202,8145500
2025-09-26,242.43138122558594,243.52687482561674,239.36402953788692,239.70263112473512,4974600
2025-09-29,244.09454345703125,244.81159104935898,241.8736805437026,243.71609745102674,6373500
2025-09-30,236.0277557373047,244.20408256963498,234.84263503870963,244.04473528998338,10801100
2025-10-01,234.72314453125,241.4753301008956,232.5520795212582,235.51986577524877,10016600
2025-10-02,237.90005493164062,238.417910810692,232.64171612572034,234.46419560147106,7679200
2025-10-03,239.3739776611328,241.81392404684235,237.5216072857734,237.77058171689055,8849800
2025-10-06,244.77174377441406,249.44250657688326,234.4442891386711,238.348206431253,13922600
2025-10-07,238.7565155029297,246.34525096902988,236.57549715024606,245.46885614700727,8387400
2025-10-08,239.44369506835938,240.3300586776376,234.68330491320722,238.75653836749612,7120200
2025-10-09,244.3236083984375,244.95102887342443,236.17715651572658,238.28847017909752,7929100
2025-10-10,240.6885528564453,248.02832936128195,239.73249955836667,245.50870935395082,7988300
2025-10-13,247.72955322265625,248.32709792197198,241.37572102495773,241.89359208461852,8276500
2025-10-14,238.78640747070312,247.26149184186426,238.5673087502845,247.09219104812144,9123900
2025-10-15,235.60948181152344,240.33004242266787,234.93226346740383,239.8818762966772,8389200
2025-10-16,244.9908447265625,255.68677675857293,241.67450341952556,252.15135192862007,24869700
2025-10-17,242.08282470703125,249.7512342735308,241.1666006088499,245.55851329376827,10851200
2025-10-20,253.23687744140625,254.352278053282,243.2978221989444,243.99494758136672,9963900
2025-10-21,262.3294372558594,266.0341782043845,252.95803552115822,253.4559844099794,13354700
2025-10-22,255.5872039794922,261.32355414688476,255.45773241385484,261.12439283946185,9370000
2025-10-23,254.00372314453125,257.4993187621963,253.07753033877435,256.54326543594993,6110100
2025-10-24,253.7846221923828,257.43956506433716,252.95802524696958,256.3640088808192,5490800
2025-10-27,254.4219970703125,257.0412129915265,253.874250273607,256.0253778447331,4942400
2025-10-28,253.21694946289062,257.77816285567604,253.09744659896745,254.42199239349145,6435600
2025-10-29,250.42845153808594,252.52979637021275,248.0183656428028,250.9662296295384,7904200
2025-10-30,255.59713745117188,258.21635325290924,248.97442385510325,249.47237270281346,7767800
2025-10-31,259.34173583984375,260.7459553096397,251.59365258697179,253.75474887355597,6878300
2025-11-03,260.2679138183594,260.4870125386175,254.05352159632866,258.9334144831098,7054300
2025-11-04,253.39622497558594,258.1964594064631,252.42024943924005,257.09099710413506,6792200
2025-11-05,251.6434326171875,255.77640214276323,250.9761829576667,253.65515029867285,5241200
2025-11-06,238.2884521484375,249.5122085317898,233.51809355117896,249.5122085317898,11041800
2025-11-07,238.89596557617188,239.9814905149515,234.82273208560284,235.18125589612202,5741500
2025-11-10,240.71844482421875,240.91762132917594,234.1156380713445,239.0154530350192,6486600
2025-11-11,243.4969940185547,244.69206825057273,240.17069926064326,240.90765385235449,5762800
2025-11-12,245.01077270507812,247.41087477260695,242.68036038297123,244.73192254622668,4278200
2025-11-13,239.44369506835938,244.89125712056887,238.92583916592858,244.2439296444333,5542100
2025-11-14,242.6604461669922,244.17419978548932,236.44603881946762,237.33238719726674,5512900
2025-11-17,236.05764770507812,241.83385782249474,234.6235524818636,241.0769809863289,5280900
2025-11-18,232.54212951660156,236.81452426764758,229.32538397137048,235.27089487963178,8045100
2025-11-19,226.9451904296875,231.32713457279306,224.13675140259053,231.04828441075148,9710700
2025-11-20,224.44546508789062,230.1220942689338,222.38396470221582,228.3095531179468,7521100
2025-11-21,226.17832946777344,227.7418809700509,221.04946234106984,223.93755962084978,7479300
2025-11-24,225.88954162597656,227.90124419917868,224.11682959808087,226.40739753002381,8563300
2025-11-25,233.15957641601562,233.6674939941859,225.59076263214777,225.86961278651063,10233000
2025-11-26,227.21405029296875,231.86490584512586,225.07287635304297,229.5643694326447,8506600
2025-11-28,229.59426879882812,231.60598658061255,227.69211557749833,228.0605928953768,3691500
2025-12-01,231.87486267089844,233.2890355774298,227.66221966652606,227.73192460331222,5634700
2025-12-02,233.74716186523438,235.67919068812355,230.66982634397957,232.06409227755546,7626200
2025-12-03,237.74070739746094,238.27848548550813,232.20351844827792,234.39449041574116,13782000
2025-12-04,246.44485473632812,247.94865481227382,236.62530267865807,242.6903161035208,20912100
2025-12-05,259.5010986328125,260.80572232742827,248.4765026249778,249.80104853065026,15852400
2025-12-08,258.46533203125,263.1958461641941,255.28841589794504,260.80569773339437,10805400
2025-12-09,259.94921875,261.1741839189824,257.93751624410464,258.93341399022086,8045900
2025-12-10,263.1161804199219,264.83906396309857,258.0868788774203,259.6803212512068,8894700
2025-12-11,261.2737731933594,266.8009933881776,259.7002377743795,262.41904949407825,7783800
2025-12-12,261.1542663574219,263.4049745059162,259.83967409147124,262.4389525155051,6006600
2025-12-15,253.53564453125,261.20405397079736,252.05175145108907,260.13843611139066,10271800
2025-12-16,253.86428833007812,254.81038811320366,251.0757717091347,252.95801776893774,6145300
2025-12-17,257.0810546875,260.89532962189156,255.19879338889092,255.2784518346646,6269000
2025-12-18,257.20672607421875,259.4211888717437,255.52093982359895,257.7753113533743,5654200
2025-12-19,259.2615966796875,261.3862877614952,254.86259481484151,260.029664773634,20732100
2025-12-22,263.9698181152344,263.9698181152344,257.76533426755947,259.9698123375785,5664200
2025-12-23,262.7727966308594,263.5807734355272,259.87005274535335,262.06457643793505,4745100
2025-12-24,264.5982666015625,265.63565019957264,261.8950053106858,262.57333205270294,2076600
2025-12-26,265.4161682128906,267.2416197622822,264.1393627842122,264.1393627842122,2456400
2025-12-29,265.5658264160156,268.4386158867702,264.0495989948868,264.0495989948868,4300100
2025-12-30,265.2566223144531,267.6107202065141,264.668067399992,265.9947664939221,3291800
2025-12-31,264.2491149902344,265.43614865310394,263.73042322787006,264.6281718494961,3367900
2026-01-02,252.98727416992188,264.7179455369111,251.85011880482824,264.3388886749725,9680600
2026-01-05,255.62069702148438,258.9423760046907,251.68053923202604,252.9872686328812,6421500
2026-01-06,262.2441101074219,262.892482396947,254.36382514228285,254.56332313746586,6103300
2026-01-07,265.4560852050781,267.16181061364534,262.84262639015986,262.84262639015986,5976200
2026-01-08,259.8800354003906,264.53839820162807,259.76033964386096,263.7403757556908,5243500
2026-01-09,259.29150390625,260.37878092036664,255.87006837906054,259.3513517828845,5174400
2026-01-12,258.75286865234375,260.9074837526564,255.13193476454603,258.35387262075534,4927700
2026-01-13,240.4586181640625,260.2591038794056,239.76036751858797,257.0172117490315,13661000
2026-01-14,238.9723358154297,241.63567295926623,235.8700939340521,238.58329416292764,10149300
2026-01-15,232.94740295410156,238.2441534676664,231.09204255526936,236.42870180297643,11489600
2026-01-16,226.5434112548828,232.36883809010013,225.87508458358042,232.36883809010013,13902600
2026-01-20,219.52098083496094,227.37134203727652,218.81274543240602,222.9823099415697,13050800
2026-01-21,221.0272216796875,222.83270380044326,218.41376271777347,219.60078121508738,12616600
2026-01-22,227.52096557617188,228.14939874534454,220.55838329222703,221.68556907928988,9483000
2026-01-23,227.4810791015625,230.27409689230103,226.084562595832,226.21424315112648,9408000
2026-01-26,228.82769775390625,230.37383393211957,227.02221569072847,228.8576216936821,7239600
2026-01-27,227.95986938476562,235.1518888025041,225.70551304056352,231.36136587786606,9838400
2026-01-28,227.39129638671875,231.28156065195455,227.10201134964737,228.8177215437313,8465900
2026-01-29,213.54592895507812,216.73794275889466,208.2591480064982,216.12946393842319,18555600
2026-01-30,211.7603759765625,215.0122527276515,210.50352488167195,213.62572108382403,11090400
2026-02-02,210.28407287597656,216.3489064366914,209.2765980837965,213.81524987641757,7950900
2026-02-03,195.8900909423828,205.04718206875432,192.6282444285455,204.488581549593,20194200
2026-02-04,198.94244384765625,200.16937100852354,186.81277669902488,192.8277319681121,23010000
2026-02-05,189.49607849121094,199.06215043466523,188.3190143508059,193.50605396236043,21956300
2026-02-06,190.8726348876953,194.11452693680988,186.65317673869706,191.15193513888434,13652600
2026-02-09,193.5459442138672,194.71302354057786,185.26664751883544,188.82774859992284,12112000
2026-02-10,192.96739196777344,198.60330589119863,190.27413077551486,191.421255750879,13393000
2026-02-11,184.53846740722656,193.1868359181489,181.35642329067295,192.66812893714805,16350200
2026-02-12,184.96739196777344,187.85019676410866,179.7903524842344,185.49608375552793,16849100
2026-02-13,189.2467041015625,192.9673945570117,183.84022727724403,185.97488798072564,14822900
2026-02-17,183.83023071289062,192.51850789587922,182.71302973459214,190.49357351235233,13692900
2026-02-18,187.32150268554688,187.67063560851238,181.40630390682867,183.42126875733624,9852900
2026-02-19,184.82774353027344,186.48360592024,182.77288512329625,186.13448821053632,9565100
2026-02-20,184.6980743408203,191.25167586879246,183.27163392937373,184.85767883258197,10816200
2026-02-23,177.71554565429688,182.01479100763024,174.13450532554185,180.81778770690732,15498600
2026-02-24,184.95742797851562,188.19932015231703,175.84023028933072,177.196838084735,15564700
2026-02-25,191.27163696289062,192.1195225370647,181.80530639984335,182.54346578466223,21875100
2026-02-26,198.9723663330078,200.53844160483254,190.85267449666222,196.26912050488014,26680500
2026-02-27,194.30404663085938,195.43123246694375,189.4462007919714,191.43124177696404,16346500
2026-03-02,192.4686279296875,195.4511739979618,190.2042868328992,192.01975362768917,9932700
2026-03-03,195.5609130859375,198.17437204754034,189.1070527100527,190.274132060556,13208900
2026-03-04,192.5983123779297,195.97985451184678,191.62076151056044,194.61327721210554,11583700
2026-03-05,200.88758850097656,203.91002829331285,193.75543180990664,193.87512757333457,15860900
2026-03-06,201.6057891845703,202.45367474586595,196.87760876152007,200.2890749323073,9657400
2026-03-09,198.2940673828125,203.16189800680186,195.38135379950296,198.0646454308295,10754800
2026-03-10,194.4237518310547,199.07212994665105,190.12450664106865,196.76788003492268,14467400
2026-03-11,193.6457061767578,199.0521830041587,190.81277959479434,195.91003221863537,9580000
2026-03-12,198.7828369140625,204.34891780907077,192.66812510973307,193.64569117387683,26309700
2026-03-13,192.34893798828125,200.49855400363384,191.2716304984915,199.2317180822067,14834700
2026-03-16,197.84518432617188,198.13446936744256,194.66314019652606,194.66314019652606,13419600
2026-03-17,194.82275390625,201.87512354558928,193.96489875615978,197.7254979255844,11559300
2026-03-18,193.85516357421875,195.66064561292413,192.1594077201115,192.9175062186935,10525100
2026-03-19,194.50355529785156,199.90004716370177,192.8177689803211,195.10204931886724,9254300
2026-03-20,194.892578125,195.1818479466855,189.52599507795117,192.72799358664898,20201100
2026-03-23,194.6930694580078,197.5559199060217,191.52101003524578,196.59830815872763,13976200
2026-03-24,182.56341552734375,191.66065855717017,181.83522573428624,191.66065855717017,18631400
2026-03-25,181.5060577392578,186.92250381404787,179.40132110218693,185.23671754568545,12565200
2026-03-26,185.1768798828125,187.0023163747792,179.08212200290018,180.72799962938814,10330700
2026-03-27,178.8626708984375,183.65069932879598,178.37390304819075,183.54097313819966,9902000
2026-03-30,184.56838989257812,185.92499760247125,179.13198948025172,179.65069645716662,11617700
2026-03-31,186.2042999267578,188.02973632874367,181.85517650417125,184.43871140340727,11041400
2026-04-01,185.77537536621094,188.50852989411632,182.55342258633885,186.3838541517522,11677700
2026-04-02,186.71302795410156,187.11203919201645,181.1270076097946,184.83772840842994,11635500
2026-04-06,184.56838989257812,187.67063173987012,183.14196473196435,187.0322290070217,14391000
2026-04-07,182.50357055664062,186.11453475668867,181.5659131692702,184.48859629898368,12344600
2026-04-08,175.92999267578125,186.30405620795747,175.34146824261524,186.03472553385433,13472100
2026-04-09,170.85000610351562,174.2899932861328,167.1199951171875,173.1699981689453,20855400
2026-04-10,164.9600067138672,171.25999450683594,163.52000427246094,171.25999450683594,18109300
2026-04-13,172.82000732421875,173.39999389648438,165.77000427246094,167.0500030517578,12390800
2026-04-14,171.30999755859375,177.5,170.5,175.2100067138672,13123600
2026-04-15,177.60000610351562,179.6199951171875,172.8800048828125,174.22000122070312,14340300
2026-04-16,181.22000122070312,184.5500030517578,178.57000732421875,184.0,11866700
2026-04-17,182.13999938964844,187.97999572753906,181.02999877929688,185.42999267578125,17225700
2026-04-20,186.27000427246094,189.0,182.1199951171875,182.5,14382300
2026-04-21,187.11000061035156,193.55999755859375,184.10000610351562,186.60000610351562,12073700
2026-04-22,189.8000030517578,191.14999389648438,187.02999877929688,188.1999969482422,14565900
2026-04-23,173.3000030517578,178.8699951171875,170.64999389648438,177.55999755859375,22719900
2026-04-24,178.16000366210938,178.4499969482422,174.39999389648438,175.6199951171875,10817600
2026-04-27,180.17999267578125,184.2899932861328,177.50999450683594,178.25999450683594,11907000
2026-04-28,181.32000732421875,184.4199981689453,181.32000732421875,182.42999267578125,8711700
2026-04-29,181.22000122070312,181.77999877929688,177.35000610351562,179.1999969482422,6882800
2026-04-30,176.52999877929688,178.69000244140625,173.0,178.3000030517578,14408300
2026-05-01,183.82000732421875,186.0399932861328,178.75,182.19000244140625,12324400
2026-05-04,185.47999572753906,190.30999755859375,183.97000122070312,184.24000549316406,8444700
2026-05-05,186.99000549316406,187.38999938964844,181.10000610351562,185.5500030517578,9740800
2026-05-06,181.19000244140625,187.10000610351562,179.5800018310547,185.52000427246094,11303400
2026-05-07,186.33999633789062,188.5800018310547,184.0,184.60000610351562,13955100
2026-05-08,181.82000732421875,181.8699951171875,176.8800048828125,179.67999267578125,15123900
2026-05-11,177.49000549316406,182.5,176.30999755859375,179.91000366210938,11145000
2026-05-12,171.30999755859375,177.5800018310547,170.5800018310547,177.5800018310547,10214000
2026-05-13,165.83999633789062,169.77999877929688,164.75,169.77999877929688,11951900
2026-05-14,167.5800018310547,169.35000610351562,164.3300018310547,166.0,9749400
2026-05-15,173.50999450683594,175.97000122070312,169.0,169.25,13883400
2026-05-18,179.47999572753906,180.77999877929688,171.8000030517578,172.88999938964844,13671200
2026-05-19,179.4199981689453,187.44000244140625,178.80999755859375,185.0,17510800
2026-05-20,180.10000610351562,180.30999755859375,173.33999633789062,176.0399932861328,13025300
2026-05-21,176.30999755859375,177.33999633789062,171.99000549316406,175.3800048828125,10949100
2026-05-22,180.07000732421875,183.35000610351562,177.67999267578125,179.83999633789062,10176700
2026-05-26,179.0800018310547,182.36000061035156,177.67999267578125,178.42999267578125,13617200
2026-05-27,177.50999450683594,183.9199981689453,176.88999938964844,178.0,18524900
2026-05-28,176.1699981689453,182.47999572753906,171.64999389648438,178.42999267578125,22559400
2026-05-29,191.10000610351562,194.13999938964844,180.02000427246094,180.24000549316406,33957300
