Price,Close,High,Low,Open,Volume
Ticker,CVX,CVX,CVX,CVX,CVX
2021-01-04,67.2135238647461,68.1974056603957,66.56289147597471,67.56264575018625,9234900
2021-01-05,69.0305404663086,70.79201039850402,67.69753668412645,67.83242249424802,13414800
2021-01-06,71.25221252441406,72.0297945007909,69.68117003897036,70.6174465385914,13916800
2021-01-07,71.58546447753906,72.06153595697413,70.86341799176033,71.72035028688983,9286600
2021-01-08,72.26782989501953,73.33899214935596,71.76794973703954,73.06128431357642,11152100
2021-01-11,72.68041229248047,73.07713944042366,70.27624674451677,70.71264902868464,10635000
2021-01-12,74.06105041503906,74.52125554184298,72.76772157961935,73.52150709150403,10923900
2021-01-13,73.98961639404297,74.20384639992139,72.95019315717987,73.94994125604734,9723300
2021-01-14,75.76695251464844,76.42552106347497,74.4180825708427,74.5371019314317,13950200
2021-01-15,73.0692367553711,74.83070706966653,72.76772616376991,74.75929905596308,10244600
2021-01-19,74.9893798828125,75.4019735228855,74.02136450953033,74.18798921342002,9574800
2021-01-20,75.67967224121094,75.82249426355622,74.82274616071537,75.37816177340474,8735400
2021-01-21,73.0057601928711,75.1084161152415,72.37893032598615,74.47365000727291,10393100
2021-01-22,72.7835693359375,73.02160200600161,71.27600487789323,71.72827360994889,7810600
2021-01-25,72.125,72.22814688388758,70.87927694072195,71.90283375557988,7689400
2021-01-26,70.9030990600586,73.71986513350396,70.83168500271046,73.15650707595265,7827800
2021-01-27,69.9826889038086,71.68861739739565,68.83218222748917,69.4510758080515,10178500
2021-01-28,70.63330078125,71.5299080355954,70.02234361947505,70.3555929804432,8155500
2021-01-29,67.60230255126953,69.30029423413814,67.38013632040085,68.89563690801695,14699800
2021-02-01,68.5624008178711,69.26857478262808,67.10244150569719,68.22914535355923,8073600
2021-02-02,69.078125,70.11755418291031,68.65759521648518,69.83191016890487,9233100
2021-02-03,70.585693359375,70.92687894838062,68.94324321080744,69.07019880372854,9256500
2021-02-04,70.61743927001953,71.13318582371811,69.78430975607748,71.02210269566936,7917600
2021-02-05,70.82374572753906,71.78382488324482,70.33180179046315,71.36329499435305,8017300
2021-02-08,72.58521270751953,73.02954524375285,71.41883374633028,71.64100001444694,9886600
2021-02-09,72.17262268066406,72.41859164563223,71.26014876856159,72.28370582959018,7605500
2021-02-10,73.410400390625,73.46594195796955,71.88696935468036,72.50586283468432,8778800
2021-02-11,73.01366424560547,73.34691966247038,71.4743669731673,73.29137810192223,8572400
2021-02-12,73.43419647216797,73.57701848556042,72.48204769835978,72.62486971175221,7858300
2021-02-16,74.93893432617188,75.52634627974759,74.52050851887213,74.87456537522718,14006000
2021-02-17,77.1839828491211,77.8277216210648,75.79994878684566,76.78164765144325,14342300
2021-02-18,76.44367980957031,77.07132167205901,75.88041304557977,77.04718254490903,9030600
2021-02-19,77.08740234375,77.55410636208143,76.16203044920572,76.54826868086938,8913900
2021-02-22,79.1715087890625,80.17734664453808,77.61849489464231,78.04496916310043,13178700
2021-02-23,80.16929626464844,80.5957766618371,77.89208408122296,80.44288734701199,14874000
2021-02-24,83.13050079345703,83.71791291306701,80.3141542669548,80.73258633167242,16116000
2021-02-25,82.35799407958984,84.458183801326,81.74644300612333,84.40990555365505,13219200
2021-02-26,80.4670181274414,81.31996655506548,78.54385688532726,80.70842163748225,14454100
2021-03-01,82.1166000366211,83.52477294957242,81.59356315540983,82.4465116410134,10439900
2021-03-02,82.430419921875,83.13047908949133,81.84300795562838,81.98784884188463,10643500
2021-03-03,83.35578918457031,85.09387989083315,83.20290600997734,83.21095443152862,14958200
2021-03-04,84.0880355834961,86.5664212635627,82.98563520355277,84.10412628621111,22994200
2021-03-05,87.70905303955078,87.81365795693641,85.41574416496981,86.06752507165427,23638200
2021-03-08,88.31256103515625,88.85973705752309,86.95266633122685,88.40107525488816,18033600
2021-03-09,88.11138153076172,89.06894097493783,86.80781367610444,87.76537312028056,19010700
2021-03-10,89.61612701416016,90.1311154776356,88.27232304498048,88.67465816576735,17389900
2021-03-11,89.4712905883789,90.56564266264259,89.2298870482057,89.84143818127001,10989500
2021-03-12,89.76901245117188,90.68633605858707,89.09309237798043,89.8333875455178,10930300
2021-03-15,88.71489715576172,90.05065274906984,87.62054509880832,89.74487411780093,10488000
2021-03-16,86.6147232055664,87.61251280380957,86.1641097365175,87.33087938565401,11698400
2021-03-17,86.92852020263672,87.35499442381676,85.7778415779687,86.26869088815798,9168600
2021-03-18,83.78227233886719,86.52619482014805,83.4523545750117,86.1077689729002,13246600
2021-03-19,83.18681335449219,84.40186722573164,82.67182485392988,83.6374328968446,18491000
2021-03-22,82.5108871459961,84.08804007969272,82.3258102895722,82.92931296957,12508500
2021-03-23,82.05224609375,83.92712970022161,81.02226890848698,81.63381402526922,14781700
2021-03-24,84.24897003173828,85.10192464414824,82.80861573263581,82.87298468483083,11026800
2021-03-25,84.54669952392578,84.699588829808,82.13268887094705,82.76033065845807,11138200
2021-03-26,86.48595428466797,86.53423253129678,84.78005128040986,85.72956234536969,9820200
2021-03-29,86.03536224365234,86.52621170473743,85.05366332148216,85.61693631475352,7542300
2021-03-30,85.2387466430664,85.96295132372113,84.96515547964185,85.3433515983809,6284600
2021-03-31,84.32139587402344,85.47207457217425,84.16850656264951,84.93294698037234,8954400
2021-04-01,85.09387969970703,85.18239391913163,83.85468676690965,84.69959299263641,8515800
2021-04-05,84.0960922241211,85.15825674237506,83.82250113805348,85.07779094264234,8692700
2021-04-06,83.34774780273438,84.55475320429846,83.2431367388781,83.8868754087044,8125100
2021-04-07,83.83859252929688,84.14436500405498,83.09024897606966,83.25922898626334,7699300
2021-04-08,82.89714050292969,83.37994764607181,82.1327060915344,83.29947569611623,8283000
2021-04-09,82.81665802001953,83.42820910951104,82.156828681592,82.97759574838393,7163700
2021-04-12,81.89934539794922,83.57306116168498,81.6820871095626,83.42017183409786,7845900
2021-04-13,82.26948547363281,82.55916725769623,81.50505118405522,81.72230945252934,6829900
2021-04-14,83.90296936035156,84.7559240517576,82.55917143465959,82.5994074052612,10194800
2021-04-15,83.21900177001953,83.90297030390833,82.82471503810788,83.69376044403936,7860500
2021-04-16,82.84883880615234,83.9753782562037,82.42236460428877,83.5247649318416,7459700
2021-04-19,83.0902328491211,83.54889454181009,82.24532682299355,83.09827512960753,7068700
2021-04-20,81.53726196289062,82.87301177963788,80.87743240877843,82.74426769400918,9783800
2021-04-21,82.66378784179688,82.87299771282593,80.57968844079532,80.73257777197989,8264400
2021-04-22,81.23146057128906,82.77643214156512,81.16709161601885,82.77643214156512,9899400
2021-04-23,81.71427154541016,82.2131632031176,81.0463937219952,81.35216622636904,6756000
2021-04-26,81.69012451171875,82.61549656593593,81.48091465811262,81.4889569407649,5639700
2021-04-27,82.6396484375,82.96151782849674,81.68209482669846,81.923492265585,6898900
2021-04-28,84.66740417480469,85.18239264055592,83.1787654491442,83.31555791742102,8718400
2021-04-29,86.01925659179688,86.62275931885932,85.09388451580502,85.63301214525214,9740300
2021-04-30,82.9373779296875,84.8042130131852,82.85691211747125,84.47430134135418,13730000
2021-05-03,84.91685485839844,85.0697441782721,83.05806845002749,83.66961959037505,7938100
2021-05-04,85.3835678100586,85.70543716462042,84.3696814918904,85.26286603470449,8704300
2021-05-05,87.67687225341797,88.14358248538764,85.95487835946486,86.17213663205929,12872400
2021-05-06,87.72515106201172,87.81366528377966,86.43767984422401,87.66882438808186,9654900
2021-05-07,88.52980041503906,89.05283720027202,86.66296605571732,86.97678689902797,10273000
2021-05-10,88.16771697998047,91.0162503348987,88.12748101276502,89.67245252229716,13586500
2021-05-11,85.85832977294922,88.17578446881173,85.46404299339127,87.75735242021523,12754800
2021-05-12,86.3974380493164,88.63442013153139,85.87440121288611,86.09970787740473,11661900
2021-05-13,85.84224700927734,86.79980684452869,84.84445733353513,85.35139752558955,9706300
2021-05-14,88.08724975585938,88.36888310435927,86.74345196505517,86.74345196505517,9124100
2021-05-17,89.1655044555664,89.22183112498482,87.6849142084846,87.78147070511814,12692900
2021-05-18,86.48574829101562,88.83156404560252,86.31469980816719,88.7338256064294,12759900
2021-05-19,84.05847930908203,84.94630952846478,83.05662297699847,84.56348405313526,14762700
2021-05-20,84.35169982910156,84.7671068213929,83.05661584894565,83.95258671886609,9706300
2021-05-21,84.80783081054688,85.68750775171726,84.44943999588438,84.79153692935591,10352800
2021-05-24,86.01332092285156,86.2088040059528,84.71009001168467,85.4838816174195,6785600
2021-05-25,84.60420227050781,86.02961239911455,84.39242531139793,85.87485159657714,7884000
2021-05-26,84.80783081054688,85.45130240310232,84.4331523289883,85.13363386282745,9232400
2021-05-27,83.90371704101562,85.45130647018594,83.5453262092954,84.80783484700424,11703400
2021-05-28,84.53903198242188,84.80782507524106,83.85483194745437,84.40056507313724,7278200
2021-06-01,86.86857604980469,87.50390077843738,85.76897507991767,85.76897507991767,10260600
2021-06-02,88.03331756591797,88.42428366137365,86.51016302437452,87.32468297325023,9141800
2021-06-03,87.63420867919922,88.04146870179453,86.79525402694003,87.60977407213066,8809300
2021-06-04,88.33468627929688,88.51388166296431,87.3246832791552,88.16363783514906,6699300
2021-06-07,87.76454162597656,88.53833324276127,87.61792775798317,88.26954633001942,6748600
2021-06-08,88.56277465820312,88.76640468653918,86.58349053420494,87.68309144436053,10559500
2021-06-09,87.78897857666016,89.21438880350334,87.6830931969553,88.83156334829248,10146900
2021-06-10,88.30213165283203,89.80084573253586,87.35728530443964,88.8315647741498,13526200
2021-06-11,87.89485168457031,88.75824085180948,87.85412320093694,88.65234928008037,7731700
2021-06-14,87.94371795654297,88.7500909483424,87.01516573221781,88.1147663963614,9051900
2021-06-15,89.84156036376953,89.98817421540613,88.28582414838702,88.30211802873252,10540200
2021-06-16,89.32841491699219,90.01261500976483,88.70123719505435,89.62164264042404,9283300
2021-06-17,87.2106704711914,89.58092704324264,78.44643209212403,88.97817766998078,14337800
2021-06-18,83.91999816894531,86.5590413409963,83.82225974194378,85.72823364000986,22284500
2021-06-21,86.3798599243164,86.69752226923835,84.653075058506,84.79154198541141,13591500
2021-06-22,86.66493225097656,87.12106147823448,84.96258216045533,85.79339606929754,10230100
2021-06-23,86.5590591430664,88.0740672161194,86.5264838035628,87.44688939479126,7792800
2021-06-24,87.2676773071289,87.7889696398783,86.632352664984,87.2676773071289,8724600
2021-06-25,87.39801788330078,88.01704874639981,86.97446390929007,87.63422326714637,8102300
2021-06-28,84.7019271850586,87.15363395501026,84.43314032656546,87.11290547211743,11348400
2021-06-29,84.51458740234375,85.50015574540484,84.39240817327305,85.19063420318659,7225500
2021-06-30,85.31285095214844,85.42688329228658,84.48204301481395,84.57978146962009,7927500
2021-07-01,86.51016235351562,87.23508460524994,86.12733698622567,87.11290537100723,10873200
2021-07-02,86.3961410522461,86.66493415892404,85.55718639894353,86.09476639800464,7107700
2021-07-06,84.7019271850586,86.3146794074874,84.21321646181453,86.3146794074874,10162800
2021-07-07,83.83856201171875,85.44316775363455,83.17880265735987,84.67751679918642,8245000
2021-07-08,83.56975555419922,83.96886863710661,82.44572012682352,82.67378474562773,8695500
2021-07-09,84.76709747314453,84.89742365803795,83.37426899714242,84.2702397682538,8567900
2021-07-12,84.93816375732422,85.54090695322657,84.09106202060684,84.35170823080482,9898600
2021-07-13,84.653076171875,85.18251549180658,84.07476763340354,84.7100923316033,6738000
2021-07-14,83.05661010742188,85.7852510194026,82.85298009586668,85.10105716343863,9216600
2021-07-15,82.5108871459961,83.28467874149489,82.14434937894792,82.30725712462325,9665700
2021-07-16,80.32797241210938,82.82854880556897,80.09176084353106,82.7796733751181,12199100
2021-07-19,78.16134643554688,78.96771957788533,76.98843552720362,78.04731412104628,17385500
2021-07-20,78.62561798095703,79.85554497375783,77.42013180921275,78.10432565572252,12114600
2021-07-21,81.30538940429688,81.83482866833758,79.57860469806562,79.80667552719761,11478100
2021-07-22,80.49087524414062,80.9714453298617,79.73337130999684,80.96329838893892,7694300
2021-07-23,80.5234603881836,80.73523736156352,79.77410336151054,80.4745911690557,7570800
2021-07-26,82.22578430175781,82.47828970532923,80.99586368393364,81.01215134821538,10227500
2021-07-27,81.94886016845703,82.03845786830257,80.58861321886704,81.49273094327586,8332100
2021-07-28,82.41314697265625,82.92629241722736,81.68007761305793,82.18508233062464,8546100
2021-07-29,83.54533386230469,83.79783312725809,83.03218839066835,83.39057304092253,8681300
2021-07-30,82.92627716064453,84.7508063898156,82.07917563587816,83.9444271354655,12295300
2021-08-02,82.77967071533203,84.69379781053375,82.72265456021718,83.14620846760877,8911800
2021-08-03,83.56975555419922,83.82226099441371,81.99773161539038,82.74708856697418,8437300
2021-08-04,81.69635772705078,82.99958847208954,81.53344999998696,81.81039002884827,10389800
2021-08-05,82.45386505126953,83.43128659775928,81.99772961051896,82.21765349777067,7986100
2021-08-06,83.04029846191406,83.55344995840477,82.75521774958226,83.09731460438043,6475600
2021-08-09,81.6556167602539,82.57602197387223,81.39497065108718,82.19320285595033,9243100
2021-08-10,83.14622497558594,83.34170808703482,81.92444465401235,82.05476465687957,9762600
2021-08-11,83.77339935302734,83.87114401187056,82.75524912701998,83.11363999514923,7079800
2021-08-12,83.60234832763672,84.09920612001727,82.90186049622464,83.78154375627176,7377600
2021-08-13,83.04847717285156,83.52090037076323,82.78783096267544,83.26840110242583,6572600
2021-08-16,82.20135498046875,82.42941958083219,81.37869427405693,82.12805116504948,9476600
2021-08-17,82.04661560058594,82.82040723998422,81.15063848427789,81.61491471077596,10937500
2021-08-18,79.82599639892578,82.0713615954225,79.7021762063871,81.4687489981444,12893600
2021-08-19,77.83654022216797,78.67854901380687,76.65607277927077,78.26579824773201,17423400
2021-08-20,77.84479522705078,78.32358131824878,76.94499530251191,77.2008987562623,9707600
2021-08-23,79.85077667236328,80.073659344746,79.29768578519555,79.322449826785,10277800
2021-08-24,80.7670669555664,81.40270666282015,80.39559378499351,80.48639945745832,8924900
2021-08-25,81.32015991210938,81.49351448281679,79.84251137351525,80.25526215084064,9342300
2021-08-26,80.2552719116211,81.50178117420788,80.23875835159653,80.98996788076907,8124800
2021-08-27,81.42747497558594,82.10438601617231,80.94043206868666,81.0147241874704,10281200
2021-08-30,81.22109985351562,81.9805597946529,80.87439070187608,81.79894843958155,8127200
2021-08-31,79.88380432128906,81.23763303204117,79.77649135740988,81.01474402495835,15676900
2021-09-01,79.00875091552734,80.1314335035127,78.8106323111996,79.95807893746631,10557300
2021-09-02,80.6597671508789,81.2211085365296,79.70218849187357,79.77648061884835,12340100
2021-09-03,80.47815704345703,81.25413063827068,80.38735135478403,80.40386491531257,9097000
2021-09-07,80.12318420410156,80.88265047139386,79.85902394098,80.09016338395168,9237800
2021-09-08,79.57010650634766,81.28715151390467,79.53708568334717,80.48641387585751,10775900
2021-09-09,79.24816131591797,80.58547630543217,78.71158396405917,79.15735562723057,10219400
2021-09-10,79.3059310913086,80.65149630697657,79.1573405651919,80.56894741426213,11006000
2021-09-13,80.87439727783203,81.48526673249727,80.12318775678771,80.24701426332089,11500900
2021-09-14,79.41325378417969,81.51002866687897,79.23164871711423,81.21284757811355,15294100
2021-09-15,81.09728240966797,81.3366786500689,80.06540532073869,80.06540532073869,11623400
2021-09-16,80.33780670166016,81.38619084821141,79.99935435755843,81.1633082116641,10616700
2021-09-17,79.87554168701172,81.21285033375486,79.55359654627149,80.16446600587118,16006100
2021-09-20,78.24102783203125,78.62901452820911,77.0275396709903,78.12545813079653,15796100
2021-09-21,78.298828125,79.15735057354738,77.6219170422327,78.89319030461569,10958400
2021-09-22,80.60196685791016,81.54303807459252,79.4462634853651,79.4462634853651,13292800
2021-09-23,82.59968566894531,82.77304024411458,80.69277904400619,81.09727305273448,10094900
2021-09-24,83.04545593261719,83.35089377806736,82.26123196742834,82.26123196742834,8225300
2021-09-27,85.00189971923828,85.67055399166895,84.68820508430849,84.68820508430849,12697500
2021-09-28,85.32384490966797,86.5868613356144,84.92760137501942,85.77787330373637,15560800
2021-09-29,85.29907989501953,86.05028305889451,84.48182879503426,85.20001743796995,10268100
2021-09-30,83.74713134765625,85.39813447958107,83.74713134765625,85.37337044029455,15319800
2021-10-01,86.12457275390625,86.29792731262854,84.10209030599289,84.38276409016942,10854900
2021-10-04,86.446533203125,87.38760457382799,85.94297669623052,86.67767265584816,13305400
2021-10-05,87.3875961303711,88.96430084372035,87.02437342657086,87.53618666391873,13017300
2021-10-06,86.61988067626953,86.96658982686981,85.50545480758166,86.0007544938788,10630100
2021-10-07,87.23899841308594,87.7508116082883,86.85926848041706,87.18121356024668,8830900
2021-10-08,89.1954345703125,89.50912285533647,87.99845368388627,88.1718082333529,10586700
2021-10-11,88.43598937988281,90.49974350214526,88.26263478938209,90.44195863864503,9794800
2021-10-12,88.45250701904297,88.80747299636556,87.6435125946526,88.32042372604941,9085000
2021-10-13,88.98081970214844,89.43484181086579,87.8994146035175,88.13880452919751,9220700
2021-10-14,89.82283020019531,90.1117608086919,89.24498157935737,89.8806150622791,7648600
2021-10-15,90.48323822021484,90.82994740880272,90.33464766823748,90.61531521192923,9968100
2021-10-18,90.44194793701172,91.14362929401602,89.9466482658911,90.9867819838983,10677400
2021-10-19,92.20853424072266,92.20853424072266,90.64008610242662,90.93726720818496,10362800
2021-10-20,93.41376495361328,93.4220154350748,91.44906709645032,91.70497057946132,10811400
2021-10-21,92.2415542602539,93.12484078965687,91.52337184265582,93.04229188279338,9372600
2021-10-22,93.11659240722656,93.1826277553596,92.00216009616845,92.6377999193134,8673800
2021-10-25,93.98336029052734,94.39611110980772,93.52933816816554,93.719200018111,9579800
2021-10-26,94.18973541259766,94.60248623061787,93.70269247041108,94.09067924704252,7463000
2021-10-27,92.51396179199219,93.76047094089427,92.16725264003072,93.4632898683338,9096100
2021-10-28,93.38075256347656,93.50457277735171,92.10947921704154,92.10947921704154,7538200
2021-10-29,94.51168823242188,95.1720921141888,93.40551897325219,94.79236208650019,15294200
2021-11-01,94.5447006225586,95.00697951971144,94.1484633673069,94.95745143732438,11213800
2021-11-02,93.96685028076172,94.26403136579846,93.45503701251454,94.25577458619259,9189700
2021-11-03,93.2899398803711,93.50456576704892,92.43141743942715,92.67906414668869,10416000
2021-11-04,93.70268249511719,94.32180865623728,93.2073828258365,94.28878783854164,9673000
2021-11-05,94.71803283691406,94.97394256431663,94.04937869031217,94.33004615498294,8102100
2021-11-08,95.0565185546875,95.74993693437051,94.67678854227854,95.00698417179734,7695900
2021-11-09,95.75819396972656,95.85725643769297,94.48692063884188,95.15557497790071,10945900
2021-11-10,94.23101806640625,95.93154951244914,93.82652400651875,95.56007627554318,10305100
2021-11-11,94.23927307128906,94.66027438569705,93.75222381408423,93.77698785633437,7317500
2021-11-12,94.29706573486328,94.36310108696588,93.76873883149368,93.9420997377384,8682800
2021-11-15,96.43510437011719,96.54241731938905,94.33007260258776,94.89141398739042,11050400
2021-11-16,96.8148422241211,97.47524612965405,96.46813300785158,96.67450844107083,10566300
2021-11-17,96.38059997558594,97.30749762327395,95.74597228793185,95.92133044143114,11108000
2021-11-18,95.57061004638672,96.3471998137868,94.7021714666565,95.9046283152122,8368600
2021-11-19,93.4496078491211,94.48505874994386,92.77321910194703,93.95063206752768,13532600
2021-11-22,95.11971282958984,96.18856641921924,93.39952061108946,93.54147633483431,9947100
2021-11-23,97.1154556274414,97.56637301903604,96.07999823028582,96.18855784418807,10366800
2021-11-24,97.85863494873047,98.53501735119198,97.43276147972526,97.54131471380278,8500900
2021-11-26,95.62071990966797,95.88793325888757,94.05083590849263,94.65206753695392,11861800
2021-11-29,95.90462493896484,97.84192318490922,95.78771950462178,97.14883641639794,12003800
2021-11-30,94.2512435913086,96.74801873207264,93.89217508310227,94.7355633702755,24451200
2021-12-01,93.60826110839844,96.9150285779262,93.59990889972183,95.98813091174775,12302700
2021-12-02,96.14678955078125,96.61441129561778,93.46630398478307,94.5685597910895,11392400
2021-12-03,95.53721618652344,97.69997321943234,94.85247521544727,97.48286038399036,10445100
2021-12-06,97.03193664550781,98.07573977797183,96.07164286033588,96.83152822791796,9833900
2021-12-07,98.46820068359375,99.08613666170871,97.9003715828926,97.9003715828926,11419600
2021-12-08,98.9107894897461,99.58717830104948,98.25111146833476,98.86068897441591,8827900
2021-12-09,98.65191650390625,99.03603527407485,98.18429476124335,98.40975342406485,8334700
2021-12-10,98.81893920898438,99.5370763617976,97.59143192630407,99.3116176607374,9090700
2021-12-13,96.76471710205078,98.4097517528124,96.53925844305816,98.08408570600731,8533000
2021-12-14,97.04865264892578,97.63317992453867,96.42237069468219,96.6478293950273,12245300
2021-12-15,96.49750518798828,97.13213924504247,95.15308631006913,97.13213924504247,11069500
2021-12-16,97.39936065673828,98.69367913279447,96.79812901291525,97.02359406478337,11344700
2021-12-17,94.86082458496094,97.24904659073188,94.80237186611488,96.7981228864043,22727900
2021-12-20,94.90259552001953,94.95269603879616,92.46427258622253,93.4078684581103,13464400
2021-12-21,96.42236328125,96.92338753194973,95.4370128274973,95.5539182736316,11368200
2021-12-22,96.97349548339844,97.43277146477216,95.5372275534659,96.38061599799657,8345200
2021-12-23,97.20729064941406,98.46820010983353,97.19893844141575,97.29079361679307,7416600
2021-12-27,99.19470977783203,99.21976003612909,96.37226812433727,96.92339291948079,7745500
2021-12-28,99.00262451171875,99.6539565617904,98.56840526862696,99.08613384808108,6516000
2021-12-29,98.4932632446289,99.07779683446759,97.94213849115292,98.60182285020106,6957400
2021-12-30,98.05904388427734,99.1111992487482,97.98388674423784,98.64357110294512,6016000
2021-12-31,97.99225616455078,98.61018595722747,97.80854575759744,98.01730642534078,5706600
2022-01-03,99.58716583251953,99.94623434612444,97.94213116253584,98.05068438911653,10717700
2022-01-04,101.39920806884766,101.85848397878368,99.92118569019003,100.16334240175429,16413100
2022-01-05,102.05889129638672,103.41165601504481,101.93363365221175,102.07558934253812,15487100
2022-01-06,102.92735290527344,103.81249602470584,101.57458159653476,103.2279687516598,13318500
2022-01-07,104.40535736083984,104.83123079767739,102.66846752157973,103.16949809238548,14164600
2022-01-10,104.4721908569336,104.9565171433672,103.42838750041469,104.50559332884662,12626100
2022-01-11,106.86038970947266,106.8854399651255,104.23835676999767,105.09844952537806,14609000
2022-01-12,106.32596588134766,107.24450501073034,105.607828802582,106.87709063315104,12469200
2022-01-13,105.88340759277344,106.96896555561462,105.59113757679106,106.16731902777734,9691300
2022-01-14,107.68708801269531,107.88749006097272,105.84999066277076,105.84999066277076,13281000
2022-01-18,108.0378189086914,108.55554125887717,106.7769027609948,108.2966800837843,12905500
2022-01-19,107.64533233642578,108.68077688751808,107.33635794531241,108.5137709349294,12064300
2022-01-20,107.26121520996094,109.2736708549577,106.78524120148518,107.1109136638973,11370400
2022-01-21,105.9752426147461,107.2194477366835,105.40741348197757,106.68502743798963,13055700
2022-01-24,106.2007064819336,106.65998240993909,102.57661868232599,103.92103763063072,19513700
2022-01-25,110.71827697753906,110.84354099187998,104.60576641059035,106.15060006197076,19984500
2022-01-26,110.80178833007812,112.48857770158263,109.88323650853185,110.97714011490432,17266500
2022-01-27,113.03971099853516,114.40083449358899,111.55333621204514,112.27147334700291,20654100
2022-01-28,109.06490325927734,110.27571235618618,106.94390088015835,108.55552681608621,24817800
2022-01-31,109.66614532470703,110.108716879888,107.99606013783885,108.71419727786173,16401800
2022-02-01,112.55538177490234,113.34868240535961,108.98140061461514,109.2486203515562,16169700
2022-02-02,113.07312774658203,113.39879386883432,110.8936659309738,112.18798458054965,10906700
2022-02-03,112.06271362304688,113.02302025167513,111.21932518970691,112.60549895446427,9447700
2022-02-04,113.46558380126953,114.40082736367484,112.73908813100165,112.73908813100165,13034700
2022-02-07,115.69514465332031,116.42997341262954,112.58878543383334,113.01465253553769,18422500
2022-02-08,113.9332046508789,115.59493112822682,112.73908720917227,115.38617049605845,11021600
2022-02-09,115.06048583984375,115.51976170479888,113.64927489732452,114.16699710414535,10140800
2022-02-10,113.59916687011719,115.89553355866704,113.05639438588175,114.86843493474728,11012700
2022-02-11,115.91226959228516,116.43835054542538,113.79961268189061,114.2839389536842,12821200
2022-02-14,114.12527465820312,115.2776375644055,112.77250967561032,115.1857823654801,15945000
2022-02-15,113.28987884521484,113.7792899867209,111.53475323014554,112.29418963959155,11746800
2022-02-16,113.3236312866211,114.89311764976836,112.8679668946198,113.87210237366465,11348800
2022-02-17,112.74141693115234,113.55991338761105,111.76259456819965,113.21394831312551,10073900
2022-02-18,112.58110809326172,112.99457955293256,111.42509272456097,112.07482991103903,10691800
2022-02-22,111.72039031982422,115.6019197839429,110.13403696426946,115.6019197839429,19428700
2022-02-23,114.3784408569336,114.82565909866914,111.85544448096753,112.16765004109892,16134200
2022-02-24,113.7877426147461,116.63981063084732,111.1466141470546,116.38666514703584,22108900
2022-02-25,118.45401000976562,118.5552630537751,114.27714168717496,114.72437267441676,28028000
2022-02-28,121.50859069824219,121.50859069824219,116.994203879734,117.51737462281177,24394300
2022-03-01,126.33517456054688,126.53769350008172,122.09924675607697,122.36082567244736,31159900
2022-03-02,130.0648193359375,131.42335339163563,126.61364094694812,126.74020724463195,31329500
2022-03-03,131.8199462890625,132.57936983385844,128.04811607384778,128.47845436583032,22492900
2022-03-04,133.8704071044922,134.96736231704298,130.86644655740952,131.45711078708624,29034400
2022-03-07,136.7308807373047,136.78152012089063,131.3980115867051,134.92512898806066,34824700
2022-03-08,143.89486694335938,146.82288762899015,138.4691767589257,138.64636958543136,57231000
2022-03-09,140.30026245117188,143.2535968227428,136.03058681978334,137.34692807960096,43430000
2022-03-10,144.1395721435547,147.46417138488147,142.0047218606207,142.38444650761565,34913600
2022-03-11,144.20704650878906,145.96217191254394,139.97113185096484,139.97956531125504,28423600
2022-03-14,140.67994689941406,142.05536075906423,138.6379290766501,140.24960860997453,25156200
2022-03-15,133.5581817626953,135.16986118042843,131.0098731788175,134.25854527211095,28534400
2022-03-16,133.07723999023438,135.43146350366976,131.81152537805056,133.98854318055368,22299700
2022-03-17,135.38082885742188,135.84492676248317,133.2544248313773,134.96735747372836,15750700
2022-03-18,136.4693603515625,136.4693603515625,133.98012392541497,135.7605631837031,23214700
2022-03-21,138.92483520507812,139.71801842148272,137.30472204786471,137.55786754519818,13180600
2022-03-22,138.46070861816406,139.44796426548905,137.1865608084736,138.12318994191202,11063900
2022-03-23,139.95425415039062,141.21153503009867,139.1779509001757,140.07238697378176,10755000
2022-03-24,140.32553100585938,141.25371378731006,139.22857601367951,140.43521749221898,9024800
2022-03-25,142.86541748046875,143.18606928491306,139.36361239446103,139.41423891610717,10254700
2022-03-28,140.36778259277344,140.6040483357042,139.3383334804962,139.98805783579718,9992000
2022-03-29,138.65481567382812,138.78981544003773,135.43145644912246,137.97131900341932,15102600
2022-03-30,139.63363647460938,140.36775972639063,138.0979093957345,139.43113037109612,9906000
2022-03-31,137.3975067138672,140.20739398153572,137.3046871509528,137.93754429568412,10395900
2022-04-01,138.5704345703125,140.03022179469383,136.97563469931973,137.35534650183902,8795300
2022-04-04,138.69699096679688,139.60830695302124,137.540975842153,139.22859517763953,8718600
2022-04-05,137.84474182128906,141.52375232709883,137.6253559524359,139.25390235985546,9538200
2022-04-06,139.0682830810547,140.92466195920395,138.66325800548933,139.08516288122846,9269000
2022-04-07,141.00062561035156,141.5069037753836,137.89539878765456,139.31300597587943,8018400
2022-04-08,143.38856506347656,144.37583366665905,140.93308881156165,140.95840207056497,10801200
2022-04-11,139.70111083984375,142.41817869482892,139.15263976762205,142.24098589479337,10206100
2022-04-12,142.6122589111328,145.70903866430797,141.8865821245909,142.57851219163658,9528400
2022-04-13,144.85679626464844,145.20276129979388,142.00471562210515,144.23237250917956,7330700
2022-04-14,144.78929138183594,145.9284395330153,143.9201684926153,144.02986786472513,9421100
2022-04-18,146.73007202148438,147.27854319049604,145.02557277815674,145.97908188403795,7639000
2022-04-19,144.99183654785156,146.56132325914285,144.3167861463955,146.04659877652807,6970200
2022-04-20,145.58248901367188,146.468491789006,144.679619314418,144.814619083348,7495000
2022-04-21,138.87417602539062,145.5065195432996,138.24131886862645,144.9158554387554,14594800
2022-04-22,135.8111572265625,139.62518035518258,135.73521745006775,138.70543094960013,12160100
2022-04-25,132.8916015625,133.6257119215197,127.7190436981963,131.4064881688777,15449800
2022-04-26,132.08152770996094,135.32175377949778,131.96339487020222,134.01385908056687,9810600
2022-04-27,131.8368377685547,133.25443194458038,130.38548399280566,132.54563485656755,10396600
2022-04-28,136.51995849609375,137.54097384445956,130.7314237444291,132.85782768140132,9366400
2022-04-29,132.1996307373047,137.06841508074643,131.87897901219256,136.0895929860438,14713200
2022-05-02,134.79856872558594,135.0095211023083,130.91703984369005,131.89586196180448,11559000
2022-05-03,137.1106414794922,137.90381177448958,134.38512690413643,134.64671872407152,8827200
2022-05-04,141.4140625,141.66720798146378,137.93757070614032,139.20328523794524,9183200
2022-05-05,140.29177856445312,143.02572628616974,137.24562541289532,142.82320734827914,9807600
2022-05-06,144.02989196777344,144.2661576737692,139.5830108665044,141.98787386565843,10418100
2022-05-09,134.37669372558594,141.549076122242,133.72695665627433,141.549076122242,14110700
2022-05-10,135.66773986816406,138.54513440288844,133.21225023734007,136.8743945885874,11636000
2022-05-11,137.6759796142578,141.3043635270276,137.12749564023295,138.0303781068289,9105500
2022-05-12,138.98388671875,139.10201954929133,134.04759534328156,137.72660576294274,8936400
2022-05-13,141.6503143310547,142.42661762292127,139.1273318513665,140.4942992918802,9229900
2022-05-16,145.9875030517578,147.6413756325748,142.4856981510944,142.6038309871875,13296300
2022-05-17,146.84817504882812,148.21514240052414,145.64996703213586,147.53165872467613,12827600
2022-05-18,142.97726440429688,148.14133113485994,141.04605527792893,148.1328153135629,13107500
2022-05-19,141.9563751220703,144.32146290889298,138.5278481152218,140.0592031883462,10958700
2022-05-20,142.7731170654297,145.51252483938615,139.59980475483303,143.67491154116104,9615000
2022-05-23,146.09103393554688,147.14597036283743,143.87057222445821,144.14280592674962,10216400
2022-05-24,146.87371826171875,147.6734266388766,144.46609028973094,145.21475566093164,9782700
2022-05-25,149.23031616210938,149.72375356485648,147.1544805303584,147.29910672025096,10174500
2022-05-26,150.2342071533203,151.37421106965854,148.89001819974501,150.14913979054998,11213900
2022-05-27,151.67198181152344,151.7315406497458,149.46853846318257,150.17466379123522,10512300
2022-05-31,148.59225463867188,153.95199148776877,147.57985831388902,153.10124001906885,20547600
2022-06-01,150.00450134277344,151.54435938457377,148.83046019203644,150.3532995700971,8824100
2022-06-02,149.7322235107422,150.16610198509906,148.1158012904158,148.66028158392476,7441900
2022-06-03,151.09347534179688,151.64645863794348,149.7322677154449,149.7322677154449,8435300
2022-06-06,150.4383544921875,151.43373195909027,149.3153565409528,151.34865163620228,6734200
2022-06-07,153.30543518066406,153.69678662711107,150.51497098106375,150.9828869556941,9668300
2022-06-08,154.0966033935547,155.17704831200197,153.34793801644676,153.94346139303897,8715200
2022-06-09,151.02540588378906,153.6797463388821,150.91480403768108,153.1607874184761,9764600
2022-06-10,149.22181701660156,151.91871085989737,147.73300180071755,150.04704706049236,9529700
2022-06-13,142.3562469482422,146.3292548088256,139.57428596910913,145.9974622503189,14614900
2022-06-14,142.5434112548828,146.57596491060508,141.0886205307783,144.09177217841577,10269300
2022-06-15,139.7444305419922,142.79863815793286,137.7706938995505,141.88832786206538,11565300
2022-06-16,132.27481079101562,136.57961036689727,130.80301465120544,136.06916736687543,18125900
2022-06-17,126.2344970703125,132.2663213895719,124.03104107520484,131.76438117838396,35575100
2022-06-21,131.51763916015625,132.73422025848234,128.83777778200454,129.35673658956114,13772000
2022-06-22,125.80060577392578,128.29331413439633,124.49045432548789,125.97076643962926,13735800
2022-06-23,121.17252349853516,126.95763598853489,119.23281121974657,126.58330327132359,15713700
2022-06-24,123.1633071899414,125.13704406222178,121.31717785930725,123.52912413028632,11108300
2022-06-27,125.5453872680664,126.60882649213785,123.86940601241497,124.09059669770492,9242400
2022-06-28,127.5616455078125,129.4758358354053,126.00476915026496,128.36135376614737,9183300
2022-06-29,125.0434799194336,129.4078402487105,124.28631143363427,128.99948307179775,9082900
2022-06-30,123.17178344726562,125.84314225447146,122.00625821366437,122.97611426516112,10685000
2022-07-01,124.64360046386719,125.02644903283938,121.20657003649967,124.72017796652442,7684600
2022-07-05,121.36820220947266,122.96760607168348,118.60326005991942,122.21043781767867,11513100
2022-07-06,119.76876068115234,121.87862015946901,116.38277431990133,120.51742593986604,12421200
2022-07-07,122.09984588623047,123.61418235612932,121.72551318914333,122.59328326135113,12741800
2022-07-08,121.46178436279297,123.74179194658763,120.03251522102605,123.25687038555999,7915500
2022-07-11,120.38983154296875,121.5298483379104,119.04564271064521,120.73013990766654,7056800
2022-07-12,118.18636322021484,118.78188650461182,116.774113016192,117.82904924957664,8653900
2022-07-13,117.39517974853516,119.72623006572367,116.67203593132217,117.07189009169618,9414600
2022-07-14,115.6511459350586,115.83831227921395,112.75858342266237,114.264417016481,10150200
2022-07-15,117.10592651367188,118.220421766318,116.06800875389564,118.220421766318,7051900
2022-07-18,118.74787902832031,120.92580048134218,118.3225033388571,119.58161174486615,7943900
2022-07-19,123.02718353271484,123.36747896392326,118.61178086208919,118.84148741794608,9152100
2022-07-20,124.65210723876953,125.28165500945774,121.92970516994163,122.93358565911312,7856600
2022-07-21,123.6992416381836,123.75880046403294,120.38131655125326,121.75952959021888,6724200
2022-07-22,122.66984558105469,124.46493154169845,122.0147633728557,123.83537083680523,5889500
2022-07-25,126.31957244873047,126.43017429197982,122.661338594636,123.9544844415004,6210900
2022-07-26,125.33270263671875,128.19121488213517,124.66060176026922,127.18733445996195,6112800
2022-07-27,126.98314666748047,127.78285504398997,124.77120086203627,126.20045695342151,6223000
2022-07-28,127.94451904296875,128.86333223134974,125.93674496052982,128.1997470922031,6574300
2022-07-29,139.3360595703125,140.08472493658203,132.63213456146272,133.17661492381262,17143700
2022-08-01,136.55409240722656,137.70261190457126,135.39707006982985,137.1240942451553,8017800
2022-08-02,135.3885498046875,137.37080172223577,134.67392188923924,136.8773644525881,5928300
2022-08-03,132.17274475097656,136.08620658274998,131.31349046655671,135.53321035574027,8751400
2022-08-04,128.58258056640625,132.24081459493112,128.23376933755486,132.13872856948686,10640000
2022-08-05,130.70944213867188,131.87496738087225,126.77897489804488,127.30643660214677,7170200
2022-08-08,130.51373291015625,131.84940542307703,130.29252931003407,130.66686188122674,5966900
2022-08-09,132.2152862548828,134.24858170565955,131.526179655876,132.66618348587335,5842200
2022-08-10,132.56410217285156,133.11708544364552,130.10541792738522,132.71723120854068,6145800
2022-08-11,135.7969512939453,137.1071158833721,134.09544828118993,134.5123211926326,7888600
2022-08-12,135.99264526367188,136.0436882814447,133.6871027699015,134.63143754301527,7244700
2022-08-15,133.40634155273438,134.2400743936487,130.53931313213528,132.01961244416555,8975200
2022-08-16,133.06600952148438,134.35063926842872,132.56406938672805,133.91676079318017,7218400
2022-08-17,134.16351318359375,135.55874516832486,132.30036526282277,133.25321580024166,6741100
2022-08-18,136.5157470703125,137.06517476780334,134.85887077827024,134.9103775781304,6477500
2022-08-19,135.37396240234375,137.13385226065276,135.3138624040563,136.0349968865591,6834200
2022-08-22,134.6957550048828,135.41688948945313,132.566724348896,134.51548120828227,9147000
2022-08-23,139.0654296875,139.3658903675303,136.2496112780325,136.58441855539633,10354800
2022-08-24,140.0956268310547,140.2329870430966,137.9322493392619,138.78215091445676,9468100
2022-08-25,141.32322692871094,141.56360071196957,139.5976837490211,140.72229247056438,8050700
2022-08-26,140.2844696044922,142.61954040810656,139.46891477294338,140.9454909493518,7765800
2022-08-29,141.33181762695312,143.2204743617333,140.4819162015772,140.69653658278833,8462600
2022-08-30,137.8893280029297,139.5547846154416,136.29255149911214,139.34875738874987,8814300
2022-08-31,135.69161987304688,138.5675389024782,134.05191662821417,135.30530571520768,13582700
2022-09-01,133.5281982421875,134.67857333445792,131.54510819938773,134.33517289669538,8244400
2022-09-02,135.51132202148438,136.61017739089536,134.5412336487273,135.84612931217384,7526600
2022-09-06,134.88461303710938,137.34846392182558,133.67416404220697,137.26261052955687,8550000
2022-09-07,133.1590576171875,133.7685852075969,131.02143410080143,132.25764947898193,9442100
2022-09-08,133.88018798828125,134.24934184684676,131.6738973337049,133.5711341227287,9232500
2022-09-09,137.33128356933594,137.9150446887345,135.23658665970518,135.9920545548213,8261100
2022-09-12,139.50326538085938,141.2459820481275,138.43016333946815,139.76939259122196,8920800
2022-09-13,136.85052490234375,139.64058948872537,136.27534392876996,138.56748772473244,10308300
2022-09-14,140.164306640625,140.42185376281122,137.65754172342,138.16404276743876,11160800
2022-09-15,137.8893280029297,138.81648982121646,136.99651278868575,137.94083480960262,9665000
2022-09-16,134.30943298339844,138.33571346203863,133.58831164079115,137.8034591043126,43741600
2022-09-19,134.6957550048828,134.73868170386987,131.17598837756285,131.28758207566196,6813800
2022-09-20,134.16348266601562,134.65282339009843,132.49802652349794,133.95744239807743,8955200
2022-09-21,133.07322692871094,136.3097062000477,133.02172012906672,135.90621880364864,6877000
2022-09-22,132.97019958496094,135.88045135854688,132.8414325991604,135.2966902237335,6981100
2022-09-23,124.28241729736328,128.92679400850807,123.32950194898483,128.55765311198866,13919700
2022-09-26,121.0115737915039,124.52276044073767,120.95147379095665,123.25221132280417,9444000
2022-09-27,121.06307983398438,123.42390425220113,120.58233223017713,122.15334204283658,10121000
2022-09-28,125.1494369506836,125.71603790685063,121.38928364079706,121.97305789546908,8279800
2022-09-29,124.28241729736328,124.83184514061074,122.1362127378977,124.05920363956729,8197600
2022-09-30,123.33805084228516,124.60001985187684,122.3250488342536,123.64710474462169,9402700
2022-10-03,130.25741577148438,130.78109009667256,127.31283002942274,127.88801115718839,9597400
2022-10-04,135.3224334716797,135.53705383150947,131.88850771440312,132.57528238634868,9520200
2022-10-05,136.09510803222656,137.12528349155224,132.89297483719704,133.78579007544155,10633100
2022-10-06,138.57608032226562,139.02249436418035,134.95328739230808,135.07347427674034,9498300
2022-10-07,137.38278198242188,140.7308543144877,136.5500539486591,139.51181225769994,9972500
2022-10-10,134.90179443359375,138.6190212324918,134.3008599498042,138.21553384350682,5904500
2022-10-11,134.92755126953125,137.29695576570253,132.3005996739221,132.85002737300775,7533300
2022-10-12,135.33102416992188,136.33544596066886,133.5110475678219,134.04330191008398,4942000
2022-10-13,141.88983154296875,142.49935921582116,134.22359748074257,134.22359748074257,10227500
2022-10-14,137.4772491455078,142.0443777526959,137.2969622375861,140.8253222978523,7327900
2022-10-17,138.48167419433594,141.57221340374596,138.30140038176484,140.1814642098162,5890400
2022-10-18,139.692138671875,140.198639714342,136.46425230195044,139.38308474607652,5631200
2022-10-19,144.2248992919922,145.26366772324295,140.43899254172408,140.43899254172408,9766800
2022-10-20,145.0490264892578,147.5042838744727,144.17337177301542,145.34090702820964,8871500
2022-10-21,148.68043518066406,149.23844299885073,144.9546280607157,145.2121620694849,7971300
2022-10-24,148.62892150878906,149.950977390458,147.32402582731814,147.72751322159277,7007700
2022-10-25,150.1741485595703,150.2342485466947,147.80474455541315,148.56879249547515,7280600
2022-10-26,152.0284881591797,153.22177693957602,150.380205224348,150.5089853110715,6865300
2022-10-27,152.723876953125,155.72856266237224,152.36331623994215,154.4322601150203,9177400
2022-10-28,154.509521484375,156.9819527927392,151.54776245420803,155.78866384031986,10773900
2022-10-31,155.29931640625,157.82325440950038,152.86123180286938,152.86123180286938,13281000
2022-11-01,156.43251037597656,158.38984727812917,156.1577899900097,157.84899970537498,9185600
2022-11-02,153.23895263671875,157.0162661174203,153.04150555325094,155.32505646053733,8087500
2022-11-03,155.4967803955078,156.40676881898887,152.30322771349392,152.78397532594505,6607800
2022-11-04,157.46266174316406,159.16245130052312,155.0417509310935,158.68170379738214,7491900
2022-11-07,159.34274291992188,160.00377730616464,156.3380578362205,156.67286507871458,7578000
2022-11-08,159.11097717285156,159.892198575517,157.84042806810743,159.09381697235034,6308200
2022-11-09,152.74961853027344,157.79749432287446,152.1401039549508,157.6258006298,8021700
2022-11-10,155.6427001953125,156.52693510159585,152.84404209247666,156.441081710944,6981500
2022-11-11,160.07247924804688,160.62190692867262,157.86617532623788,158.00353552124162,8428300
2022-11-14,160.1497344970703,162.8367728195884,159.83208741851536,159.94369421093106,9722400
2022-11-15,161.43743896484375,161.77224620568896,159.05086158663676,160.63904440628215,7747300
2022-11-16,158.8105010986328,161.24000537212964,157.68587930396032,160.14113697510575,7941100
2022-11-17,159.26036071777344,159.38147731150053,155.95560040280924,157.02834360418672,6550500
2022-11-18,158.30873107910156,158.67208085332604,155.41921262570386,156.55253390332402,7661500
2022-11-21,156.79476928710938,157.19271814987155,152.10580803860407,155.488426174957,8432900
2022-11-22,160.8175811767578,161.39721152414833,158.38658966581372,158.9662200132042,9018000
2022-11-23,159.39013671875,160.17738797631188,157.95403053785293,158.49906180908079,5831200
2022-11-25,158.92295837402344,160.3071592864428,158.58556121671995,159.9524559875366,2796400
2022-11-28,154.30323791503906,156.99376921383265,153.95719422159556,155.96427140486523,9365500
2022-11-29,156.6130828857422,157.3224894807859,155.419209933458,155.94693504417742,6985400
2022-11-30,158.5855712890625,158.61152390275586,155.3932677975882,158.18762241195157,10936700
2022-12-01,157.87615966796875,159.65830934020576,156.96777869114106,159.40741650243402,5217400
2022-12-02,156.6130828857422,158.86240605946523,155.66144311207825,157.04564401909522,6852300
2022-12-05,152.74600219726562,158.27413356511894,151.07632237413492,158.0319003596981,8162200
2022-12-06,148.80967712402344,154.04366950517925,148.03971883064705,151.83760507336933,8765000
2022-12-07,149.2509002685547,151.03305006311172,147.8061476370379,147.98781592444192,6936300
2022-12-08,150.13333129882812,152.60758182182312,148.82700126353518,152.4778187457317,8076600
2022-12-09,145.34056091308594,149.83054821055183,145.27999600969324,149.06058981469585,10754300
2022-12-12,146.85452270507812,147.52067062798312,145.08967887381687,146.14511602341207,9364900
2022-12-13,150.1246795654297,150.9292502111556,149.2162984624692,150.15929185165413,7838800
2022-12-14,149.08653259277344,151.32719625749414,148.16950503582794,150.95519999223927,7045500
2022-12-15,147.9705047607422,148.25599668912085,145.39244413575642,147.58986205695533,7272900
2022-12-16,145.96343994140625,147.2005585316024,144.56194599710705,145.7990645873032,23876000
2022-12-19,146.9669952392578,147.78021239466312,145.5568415250669,147.16596969194634,7131600
2022-12-20,149.3806610107422,149.9170325947523,146.72474250205653,146.90641078663882,6199100
2022-12-21,151.13685607910156,152.22691857442004,149.80457360792332,151.56077073847186,5479400
2022-12-22,148.87022399902344,151.57806060446356,145.6260158745696,151.53480185599417,5755000
2022-12-23,153.47268676757812,153.62841564192132,150.2630905100504,150.61779381204258,6079100
2022-12-27,155.4019317626953,155.9209972516222,153.4726994200613,154.30322268335158,5168000
2022-12-28,153.1093292236328,155.11641914215616,152.2009482381066,154.7357632472143,4494400
2022-12-29,154.26864624023438,155.02994504254275,152.82388008883345,152.82388008883345,4142100
2022-12-30,155.28077697753906,155.67872576778677,153.73220096135253,154.01769285038216,5005100
2023-01-03,150.52261352539062,154.85687091436705,148.37710100485415,154.02634780952764,7565400
2023-01-04,148.92214965820312,150.78215729124443,147.80614771852206,147.8926520266179,7684500
2023-01-05,151.60403442382812,152.42589795686402,148.14354527359828,148.36847231610457,6088200
2023-01-06,152.74600219726562,155.1943000670087,152.00199643755317,153.1439642922968,7191200
2023-01-09,151.55210876464844,154.27725176081913,150.86002152820942,154.2166868672359,8385600
2023-01-10,152.29611206054688,152.8757555731801,150.28903534473508,152.60755659239737,8307000
2023-01-11,151.56942749023438,154.11288921755096,150.79082268423576,153.896608638027,6962600
2023-01-12,153.1958465576172,154.3118484295355,152.17499545861125,152.25286649210324,6891400
2023-01-13,153.61109924316406,153.98310866206953,151.9846652456301,153.20449074378058,5726300
2023-01-17,156.1459503173828,156.8640035099742,154.1475064388422,154.37244671647355,10697700
2023-01-18,153.32562255859375,157.78101035383287,153.07474289823153,156.43142166891872,8899200
2023-01-19,154.8568878173828,155.67875134163307,152.39994371515652,152.78924610025206,5907200
2023-01-20,156.50062561035156,156.89858769401184,153.5765210854014,154.69252309272298,10477900
2023-01-23,156.29298400878906,157.92806448258017,155.74795278395285,156.76880387168436,8381300
2023-01-24,156.4400634765625,157.4522549600768,154.5973487959317,156.664990517104,5989000
2023-01-25,154.92608642578125,155.74794988235217,152.5643064966871,155.1077546968638,6727500
2023-01-26,162.4613037109375,162.478609852372,158.7326288752491,160.03897193883236,14307800
2023-01-27,155.2461700439453,159.38145294124516,153.92253418606197,159.38145294124516,19654700
2023-01-30,150.70428466796875,154.28589004955882,150.2457709578189,153.991751669598,11476000
2023-01-31,150.54859924316406,151.07632441941516,148.29927579012528,149.44989013181112,14481300
2023-02-01,148.24734497070312,150.23712872789935,146.67281618521267,149.9343306689304,11526400
2023-02-02,146.2143096923828,148.30790399585376,144.31970301497364,148.04837787615264,10463400
2023-02-03,146.59495544433594,148.41171736066536,145.76444551740389,146.9496587176402,8404900
2023-02-06,146.75933837890625,147.17459336388495,144.7955071696261,146.69012701462347,7659500
2023-02-07,150.60911560058594,150.86865489206266,146.73337197020822,147.13133397723476,10256500
2023-02-08,147.07080078125,150.59185511277002,146.61228698781306,149.2163005317397,9784700
2023-02-09,145.72119140625,147.6417638244125,145.3405355106549,147.26975439891083,10123400
2023-02-10,148.7750701904297,149.43255832961825,147.74557262986514,147.7628787705778,11602400
2023-02-13,147.94456481933594,148.71452316458195,146.87182157918863,148.2127638300919,9442900
2023-02-14,149.07786560058594,150.1073499421392,147.05346959613777,147.48603070124526,8077300
2023-02-15,147.50686645507812,147.95198771910958,146.1889884282923,147.84724625364743,8885700
2023-02-16,145.37733459472656,147.20142106621165,145.2289519454947,146.79121801813773,6727500
2023-02-17,142.130615234375,143.86741919950552,141.25784513976396,143.77141395640172,9612100
2023-02-21,140.51600646972656,142.91612459265667,140.2541727382872,141.54586894466016,7259700
2023-02-22,139.94871520996094,141.09204210908825,138.69192391652055,139.88761489997168,6205900
2023-02-23,141.3276824951172,142.12190663175068,140.1319914946896,141.60697537203254,6445500
2023-02-24,141.74659729003906,141.91242574234406,138.9013581976798,140.3152548369963,5330200
2023-02-27,142.1044464111328,142.58445935387317,141.31894526249076,142.27026155789954,6386800
2023-02-28,140.31527709960938,143.41361415673654,139.8876148819912,143.41361415673654,10854200
2023-03-01,141.4324188232422,142.7764791214685,140.15816842428072,140.4461841990614,7470400
2023-03-02,141.8775177001953,142.68920088904846,141.03092956396017,141.37130939995254,5582000
2023-03-03,143.97218322753906,144.51329650941912,140.00979891933608,140.40254285997216,6007500
2023-03-06,145.0281982421875,145.5780476376553,142.96846038251823,143.43102744564015,7703600
2023-03-07,143.16050720214844,145.40353320218782,142.76776324171928,144.618031963912,7393000
2023-03-08,142.2528533935547,144.26021467518783,140.84769250595977,142.46230976803074,5435800
2023-03-09,140.08836364746094,144.43476956545112,139.8090840613894,142.95104932114214,6214700
2023-03-10,139.35520935058594,143.71906013497485,138.48243919370816,140.46363117869714,7385800
2023-03-13,138.51736450195312,140.47236122963346,134.23205961757682,136.53617241621183,10106100
2023-03-14,140.30653381347656,143.151773214088,137.7929646708232,138.12460829394828,10035200
2023-03-15,134.2320556640625,137.8540465656553,132.66978959206352,135.79430841864547,14063100
2023-03-16,134.65969848632812,135.68957417234253,130.8369743447149,131.05516687881624,12849600
2023-03-17,132.9578094482422,135.611038321507,131.43919781908926,134.07495424201167,33161800
2023-03-20,134.91281127929688,135.9601327949925,132.0413900302958,132.43414725142028,8469200
2023-03-21,139.04103088378906,139.26795967925938,136.56236648997873,137.16458011269987,9753500
2023-03-22,136.21322631835938,139.6955702492719,136.0910257282365,139.5297418111496,6315000
2023-03-23,134.86045837402344,138.56099559055718,133.6560312066107,137.0423839280803,7859400
2023-03-24,136.2045135498047,136.71944476507903,132.51269937961098,132.74835105949202,6600100
2023-03-27,137.5922088623047,138.31660968511449,135.8815868255381,137.37401632473845,7006800
2023-03-28,139.19808959960938,139.80902592517774,136.74559475693493,137.2692620745153,5605400
2023-03-29,140.39382934570312,140.79530953866285,139.0584918677427,140.18435968188703,7569700
2023-03-30,141.72915649414062,142.2702697727892,141.02221474173416,141.6069691951743,6322400
2023-03-31,142.40118408203125,142.88993324626847,141.5196776875029,141.999703944313,7041400
2023-04-03,148.32728576660156,149.3309794392787,147.4283335687822,148.19637556979902,12868200
2023-04-04,147.53306579589844,149.36588850618645,146.38101608000983,149.36588850618645,7521400
2023-04-05,148.26620483398438,148.75495401188948,146.39847715132336,147.72507825780403,6478100
2023-04-06,146.31988525390625,147.85596897789978,145.86605444219302,147.80360490865695,5803200
2023-04-10,146.8784942626953,148.09164433413483,146.02318317714503,147.05305896038925,5923500
2023-04-11,147.690185546875,148.66768398367785,146.6865050674733,147.55927533388083,5469600
2023-04-12,148.21385192871094,149.3484426126481,147.90837701077874,148.76368813660469,6157900
2023-04-13,150.1949920654297,150.52664894016624,148.21381367532945,148.58909839786702,6856600
2023-04-14,150.50050354003906,150.88452457954807,149.43572277318844,150.5528676240781,4930700
2023-04-17,149.17385864257812,150.58774189323276,148.56292225756775,150.45683170980712,7006000
2023-04-18,148.82476806640625,150.45684396734316,148.48438824435482,149.08660177200323,8045600
2023-04-19,148.9644012451172,149.0167786401962,147.58543614192575,147.89963392532246,5506800
2023-04-20,148.24002075195312,148.4232950324353,146.64284972067082,147.28869113225804,5851100
2023-04-21,147.6029052734375,148.8858786485309,147.3585306607928,148.22257803098356,7179000
2023-04-24,149.66262817382812,150.44812933381618,147.13159995450442,147.58544418133644,7177600
2023-04-25,147.4894256591797,148.7200213928441,147.00066321103057,148.6502115033807,5807200
2023-04-26,144.86241149902344,147.45454037033846,144.20783377025535,146.80869886776813,5927400
2023-04-27,145.70896911621094,146.0929901004449,144.06817034368655,145.25512492416942,6417200
2023-04-28,147.131591796875,147.44578957996646,143.17794412813313,143.5706880276436,10036300
2023-05-01,145.9620819091797,147.26250088484525,145.19403993018796,146.37228493728523,6099800
2023-05-02,139.67813110351562,144.3387338977295,138.29042973976382,144.28636981870727,10701700
2023-05-03,136.87655639648438,139.26795161444633,136.79801027217817,138.02860617189236,7538100
2023-05-04,136.34414672851562,138.0722278057653,135.64592798174945,137.12091158847156,7500400
2023-05-05,139.82650756835938,140.62071826077408,138.57843936471014,139.03228355852943,5802000
2023-05-08,139.2766876220703,141.65062392988276,139.22432353427442,141.0135053326694,5028200
2023-05-09,138.87518310546875,140.009786972931,137.81913867336408,137.99369004126234,5019800
2023-05-10,137.1034698486328,140.02725539521956,136.04742534646363,140.02725539521956,6161200
2023-05-11,136.34414672851562,136.431429065892,134.3105907878636,135.61102303724786,6666100
2023-05-12,136.69325256347656,137.836579295165,135.76811836279478,137.02490947217956,4898900
2023-05-15,137.19949340820312,138.03735878586224,136.35290512150218,137.225675452747,5096700
2023-05-16,133.9789581298828,137.04239027275355,133.8218658750778,136.5710868735039,7007700
2023-05-17,135.89903259277344,136.51869188076998,134.3716849800129,135.09607241416902,6169600
2023-05-18,135.73158264160156,135.93429516879334,133.54592095048096,134.72688212289222,7477700
2023-05-19,136.80679321289062,137.8731923808761,135.71396906646794,136.50714875002157,8100900
2023-05-22,134.347900390625,136.4542464598437,134.03943421128795,135.53766969415994,11661000
2023-05-23,138.23455810546875,138.96603928230016,135.58178568817146,135.84618344192523,10436200
2023-05-24,138.60467529296875,139.75038964391769,137.74097528118375,139.2039641685828,7064000
2023-05-25,136.21630859375,137.1593239287373,135.28211503247428,136.32206229568285,7037700
2023-05-26,135.7932586669922,137.15930203953033,135.24684669710638,136.85964418549986,7736200
2023-05-30,134.94723510742188,135.0706189315614,133.26393010262447,133.66932833287078,7814800
2023-05-31,132.74392700195312,134.330299870442,132.51478948399287,133.55473681299708,13346400
2023-06-01,134.10116577148438,135.49364791111432,131.96838075696064,133.34323279542826,9887700
2023-06-02,137.71453857421875,138.14638858549574,135.3790547683309,136.23393301754083,9464300
2023-06-05,137.05355834960938,139.6446316592644,136.81561251753357,139.6446316592644,6443800
2023-06-06,137.3003387451172,137.6264351065663,135.0177314541093,135.13230694173959,6176400
2023-06-07,140.86083984375,141.1957444694427,137.92605382591958,137.97012234737778,9900000
2023-06-08,140.34088134765625,141.4425272634629,138.44604230377317,141.15169112795078,7142200
2023-06-09,140.0059814453125,141.35439501627172,139.79446058106979,140.37613287186733,6669500
2023-06-12,138.65756225585938,140.42019570964595,137.68810847714636,138.4196029742069,7159600
2023-06-13,139.69752502441406,141.52185730627087,139.48601759312226,139.70634679926957,7660800
2023-06-14,138.44602966308594,141.6892819359681,137.6175898583871,140.99303424996592,7721100
2023-06-15,139.49481201171875,140.82559544294378,138.6487554752532,138.6487554752532,7705400
2023-06-16,138.59584045410156,140.34085696398432,138.59584045410156,139.75037646944477,22908100
2023-06-20,135.44076538085938,137.9877839558281,134.17168042870324,137.61761904930967,10438700
2023-06-21,136.49835205078125,137.4501758208175,134.40081373637764,134.550635980574,7328200
2023-06-22,134.52418518066406,135.3614333849186,133.9337045850777,135.14992597624652,7088600
2023-06-23,133.38729858398438,133.69575138493948,132.31209104823142,133.08764066168925,15172700
2023-06-26,135.73158264160156,136.57765260632695,133.554729276427,133.62523622747293,7371800
2023-06-27,135.30857849121094,136.34853939464702,134.6828510419088,135.28214006083638,6581700
2023-06-28,136.53358459472656,136.6217216458221,134.12759371546824,135.22923961503307,5773800
2023-06-29,137.69692993164062,137.72336835756002,136.11055713734706,136.983052088339,5633500
2023-06-30,138.67518615722656,139.17752967623224,138.0141986416017,138.77213153076457,6346600
2023-07-03,138.5518035888672,139.33617490979216,138.1023234676438,138.52535171600798,3272600
2023-07-05,137.75860595703125,138.9836355852693,136.70983697248732,138.9836355852693,6318700
2023-07-06,134.7357177734375,137.33559966483028,133.63407176455692,136.78036577304974,9203000
2023-07-07,135.91668701171875,137.47662161686245,133.92491575246274,134.0835463320563,6602200
2023-07-10,136.82443237304688,137.30033752512662,135.65227942239198,135.66108774912098,5167900
2023-07-11,139.3538055419922,139.60939494006044,137.18577378476974,137.4854182637636,5060500
2023-07-12,140.6934356689453,141.31035483696402,139.53891262997544,140.32328416813408,6464000
2023-07-13,138.81622314453125,141.53950264604416,137.9877965364056,140.86969318063626,8143900
2023-07-14,135.35263061523438,138.38436244370095,135.1058629964361,138.37554066942675,7065700
2023-07-17,135.229248046875,135.84616709953238,134.52419193762654,135.1499327646391,4351700
2023-07-18,135.50244140625,137.547102586816,134.28622006788487,134.55061776507193,6798300
2023-07-19,136.33090209960938,137.29153421341508,135.0882421462492,135.5729690905912,5653100
2023-07-20,137.83795166015625,138.53419951102333,137.22985432233497,137.62644422015862,5866600
2023-07-21,139.8561553955078,139.97953920099474,138.41960480833245,138.83382475128698,8760100
2023-07-24,142.6146697998047,144.5711804325365,141.01947533310766,141.4248869177977,9722100
2023-07-25,143.266845703125,144.10409390838038,141.59234929261422,142.69399520685187,6767600
2023-07-26,142.191650390625,142.8526379957668,141.49541603025298,141.78625219025463,6056400
2023-07-27,140.71104431152344,143.1875423818814,140.3232627656773,142.85263769268204,6470100
2023-07-28,140.01480102539062,140.12937651704274,137.9348927605579,139.60940281279147,6542300
2023-07-31,144.23629760742188,144.51831196492256,141.55708724812274,142.0065673818838,13056300
2023-08-01,143.0377197265625,144.2186810143617,141.49541532228187,144.2186810143617,7531400
2023-08-02,140.77272033691406,142.08588713213163,139.30092298207595,142.0418186051838,7067100
2023-08-03,140.71983337402344,142.50890516739736,139.99716068573798,140.93135421948097,6680700
2023-08-04,140.40257263183594,143.67226376918438,140.16461333828212,141.5923556517783,10185400
2023-08-07,140.91372680664062,142.22689353254975,140.19986243037297,141.90079720860817,13927400
2023-08-08,140.70223999023438,140.82562382032444,137.6793294291138,139.19519559755088,6451300
2023-08-09,140.8872833251953,142.27976527675435,140.4025564674018,141.76859999470165,10531500
2023-08-10,141.74217224121094,143.19633947624033,140.67577307378355,141.3015138732837,8647100
2023-08-11,144.66812133789062,144.68575143611335,141.16929319495182,141.45132097521653,6682600
2023-08-14,144.5624237060547,144.7563145182221,143.31095520341148,144.33328613159776,6060100
2023-08-15,140.34088134765625,144.01597050904803,140.21749754299896,144.00714873511288,7876500
2023-08-16,139.80328369140625,142.6234946691291,139.66226978056343,141.46897185073527,7920500
2023-08-17,142.14340209960938,144.26999142205457,141.44936967317557,141.63621724648794,8270500
2023-08-18,143.16665649414062,143.5403788086987,140.7286499337772,140.9244040691873,5999200
2023-08-21,142.6861572265625,144.20769804662146,141.8764482897062,143.43357459424652,6802300
2023-08-22,141.51165771484375,143.47809211400534,141.44937971167494,142.80185917225066,6080800
2023-08-23,141.6985321044922,141.8409012351185,139.42957330200517,140.7108683235069,4975600
2023-08-24,140.53289794921875,142.2679791059401,140.19477469614165,140.34603678907982,5989600
2023-08-25,141.5828399658203,142.28577898555147,140.27485257286514,141.53836149731026,5291800
2023-08-28,142.55270385742188,143.96746116090614,141.6718103178798,141.94764196580965,4386100
2023-08-29,142.3302459716797,143.21112586449067,141.5650290845231,143.17554038053478,5374800
2023-08-30,142.5260009765625,143.478079088123,142.30355434231737,142.89081671522018,5534900
2023-08-31,143.34463500976562,143.46920459791232,142.30357267952994,143.26454389254738,7003700
2023-09-01,146.1919403076172,146.53895653666456,144.71489130108083,144.71489130108083,6663000
2023-09-05,148.11387634277344,149.0926334098332,146.99273659094547,147.0639211447969,9755800
2023-09-06,148.26513671875,148.98586164972036,147.33085812868777,147.95370599637417,7195500
2023-09-07,148.2740478515625,149.39517415067183,147.953724112236,148.71894117967895,7925900
2023-09-08,148.78121948242188,149.9201452145743,148.33632619401655,148.96806706039533,7434400
2023-09-11,145.71144104003906,150.00911172052767,144.91953155090548,149.55532546621473,7155100
2023-09-12,148.42530822753906,148.76343149763625,146.9037806662352,147.0817352799986,7521100
2023-09-13,147.88255310058594,149.26172525953024,147.33088966783546,148.95920102718762,5759500
2023-09-14,148.7989959716797,149.92902865391343,148.70111891137495,149.21719672233945,8822800
2023-09-15,148.1494598388672,149.81335633443865,147.59779652526922,147.89142771455803,17439700
2023-09-18,148.7901153564453,149.80447153066993,148.06048383226775,149.3684712118029,7027600
2023-09-19,148.77232360839844,150.33835678534018,148.08718409348643,150.0981105907745,6615100
2023-09-20,148.3185272216797,149.93793173752377,148.23844968795973,148.65665046680718,5939100
2023-09-21,146.9838409423828,149.36846235628167,146.85927136967265,148.701122450249,7150000
2023-09-22,147.95372009277344,148.96807631023918,147.651195896369,147.90922804575712,5963000
2023-09-25,150.1158905029297,150.1781684995629,147.69567007043685,147.99819423023223,5510000
2023-09-26,149.3061981201172,149.84896850346723,148.5765665719462,148.98587439261442,5659200
2023-09-27,152.18910217285156,152.35816380816098,150.20488175104813,150.70316010118114,9124400
2023-09-28,151.78871154785156,152.77637533869233,150.75655570611266,151.75312605337368,7151800
2023-09-29,150.0358123779297,151.70861553316175,149.32399395848853,151.69972255489188,7396100
2023-10-02,148.18507385253906,149.9913533786744,147.01945542577872,149.78669265830695,6839600
2023-10-03,148.5321044921875,148.91471987751325,147.26860886130856,147.6334247089968,6168600
2023-10-04,145.07078552246094,146.7969735111735,143.6916273040134,146.5478343764175,9664700
2023-10-05,145.83602905273438,146.59235314927827,143.6026694099493,143.62936192375042,8073000
2023-10-06,144.35006713867188,146.25420979852422,141.46716742728836,146.200824778249,10190400
2023-10-09,148.34524536132812,149.65323294632088,146.7703190407529,148.04272113029978,8183500
2023-10-10,148.18507385253906,148.9502909721244,147.41985673295375,148.38973457290652,6512900
2023-10-11,143.34463500976562,146.88598208170757,142.7929580533444,146.87708910293523,12570700
2023-10-12,143.46029663085938,145.2665624297517,143.16666540945914,145.2665624297517,7397000
2023-10-13,145.9783935546875,146.67242604567124,144.41237396065927,145.40003767122326,8042800
2023-10-16,147.17071533203125,147.5355311389723,145.79155680322324,147.11733030215063,5446000
2023-10-17,149.1193389892578,149.66210938001117,146.50336410848158,146.66353276295084,7538300
2023-10-18,150.302734375,150.99676676079383,149.11042372013003,149.9023331642827,6893500
2023-10-19,150.46292114257812,151.41498575495535,149.04815011447687,150.10699835243125,6580200
2023-10-20,148.44308471679688,150.46290389096225,147.79354436771914,149.848949028286,7458300
2023-10-23,142.97088623046875,146.30758555709915,142.588284558006,145.30213605907826,16232400
2023-10-24,139.38507080078125,143.32683264991442,139.22491572363538,143.15777101710495,17689900
2023-10-25,138.6910400390625,140.06131907579228,138.068192102852,139.6431182663938,10502400
2023-10-26,137.69447326660156,138.07707497904224,136.69791664157862,137.9258128896774,10830400
2023-10-27,128.44070434570312,134.58022660807123,128.09368810612693,134.1086407844694,24524300
2023-10-30,129.98892211914062,130.30035286232365,128.41400960071067,129.60632039523713,13857100
2023-10-31,129.66859436035156,130.37153336094144,128.33391449180772,129.99782462699707,14261300
2023-11-01,128.1114501953125,129.9177156157017,127.96909468085211,129.89102310817387,10819600
2023-11-02,132.36463928222656,132.578192937117,127.97799820740575,128.60973904039267,11099100
2023-11-03,131.34140014648438,132.18669469835137,130.04230574075524,131.95535507083952,13160000
2023-11-06,130.7986297607422,132.87183416102772,130.52279808799906,132.33795677199421,10634200
2023-11-07,128.4940948486328,129.56183612538177,127.45304608552256,129.16143484373427,15054600
2023-11-08,126.7055892944336,128.70760887401107,126.57212675328745,128.0224830600419,12654100
2023-11-09,126.29632568359375,128.04920655922785,126.15395655387168,127.28398945830602,10359500
2023-11-10,127.19497680664062,127.63097707714567,126.10943619604801,127.49750095659215,11988200
2023-11-13,128.1292724609375,128.39621116064436,127.10602328530513,127.37294840794574,8747700
2023-11-14,129.0635223388672,129.46392351060072,128.00467433163936,128.55633756482501,11224400
2023-11-15,129.51736450195312,130.47833587569323,128.49411511225708,128.89451645704818,10052100
2023-11-16,127.46734619140625,129.03179516432505,126.54126022808047,128.5912382555769,14031300
2023-11-17,129.88595581054688,130.54230489266226,128.03377028284083,128.5282855033598,11075600
2023-11-20,129.81405639648438,130.9918932935573,129.7151533285186,130.03883484918953,8062400
2023-11-21,129.50836181640625,129.7421402138786,128.30355246727316,129.31955557779037,6783300
2023-11-22,129.7690887451172,129.8230333748329,126.52328756981477,127.4403874331427,7216100
2023-11-24,130.28158569335938,131.21667173942134,129.65220876969536,129.7421256385279,3861000
2023-11-27,129.79605102539062,130.20964935354723,128.43839431142078,130.05678795532117,9850800
2023-11-28,130.8300323486328,131.73814598547958,129.52632019960217,130.17368317501084,9746500
2023-11-29,129.3914794921875,131.71119490819518,128.62722721984713,131.62127803401793,16417100
2023-11-30,129.11273193359375,131.27958550918945,127.7011168488457,130.3534995020104,16276000
2023-12-01,130.20066833496094,131.729159064608,128.21363450223612,129.01384524254115,11906500
2023-12-04,130.2545928955078,131.0008588874346,128.79803314128625,129.47236839333488,11842800
2023-12-05,128.44740295410156,130.43445056501133,128.24061061358137,130.15571375201137,9597600
2023-12-06,128.1506805419922,129.49935115491098,127.0897329118018,127.58423449436248,18079700
2023-12-07,128.0517578125,129.4813451499525,126.76603194431418,129.03178834803273,14786700
2023-12-08,129.75111389160156,130.07479541737948,128.68116624474158,129.03182008771864,10821700
2023-12-11,129.78707885742188,130.73113734528673,129.31054965441226,130.22763582658882,9849600
2023-12-12,128.1237030029297,129.10373364903623,127.4493677239669,128.7261075391434,9863900
2023-12-13,130.0208282470703,130.08375906983142,127.35944574980512,127.82698869920019,10641300
2023-12-14,134.80409240722656,134.80409240722656,131.13572107543246,131.13572107543246,14960500
2023-12-15,134.28265380859375,134.705238399354,132.4574538610072,132.4574538610072,30850900
2023-12-18,134.57931518554688,136.7731545340482,134.25564746467086,135.6133040427554,11561700
2023-12-19,136.3415985107422,136.51243230582622,134.40850957764485,134.83109410673077,8738100
2023-12-20,135.0918426513672,137.61835012581827,134.92100884159794,136.80015331028517,9370000
2023-12-21,135.5054473876953,135.58636433737257,134.1657628812468,135.56837821987054,7264700
2023-12-22,135.81114196777344,137.01595116475968,135.54140508442438,136.43153268365992,6396100
2023-12-26,137.033935546875,137.57339558735407,136.57537873517205,136.7282401519981,5165600
2023-12-27,136.58438110351562,137.53743953957357,136.07187965051023,136.90806262136434,5337200
2023-12-28,134.6602783203125,136.6832843801208,134.3275968835158,135.92801835772426,8148000
2023-12-29,134.11181640625,135.073861028883,133.67124570952262,134.8940410144961,7658600
2024-01-02,134.39952087402344,136.1977483922928,134.18374235223894,134.85807767158994,8879700
2024-01-03,136.96197509765625,137.73521333544986,133.6802022556575,134.3185789424227,10255300
2024-01-04,135.46046447753906,138.7781960087102,135.39751993734927,138.1578054011728,8220300
2024-01-05,135.22669982910156,136.69225960272604,134.7142121358515,136.6473011722407,7455400
2024-01-08,134.41751098632812,134.59733099962295,131.7921003779384,133.44646645127096,10038200
2024-01-09,131.00086975097656,134.82210316280313,130.90196669036558,134.82210316280313,11784700
2024-01-10,129.9219512939453,131.28860818704746,129.57129744130467,131.28860818704746,8490400
2024-01-11,130.6232452392578,131.4234559324961,130.02982686825763,130.8749959931269,8612500
2024-01-12,132.41249084472656,133.51839695789883,131.42346019432043,132.9159923687924,9386900
2024-01-16,129.19366455078125,131.79210289272822,129.09476148367375,131.72915834121076,9380400
2024-01-17,128.68115234375,129.49036293047257,127.71010787131495,128.0517754781125,8167000
2024-01-18,127.51231384277344,128.74409524401474,125.53425269122113,128.5732614428001,11187800
2024-01-19,127.88994598388672,127.89893218249485,126.78402618266277,127.4313891865153,11192500
2024-01-22,128.11473083496094,128.26757853527147,126.70311557777117,127.59324318246084,9184600
2024-01-23,127.75505828857422,128.86996418019385,127.58422449589044,127.66515515305728,6767200
2024-01-24,130.29954528808594,130.35348991064967,127.87194123702155,128.3035119369166,8100000
2024-01-25,133.58132934570312,133.68921859978332,130.57827915306976,131.46840665739037,9773600
2024-01-26,134.09381103515625,134.2017002844196,132.1517222321021,133.09579432131335,9151900
2024-01-29,134.03988647460938,134.16576185738714,132.26863119734466,134.04887267359788,10494800
2024-01-30,134.9749298095703,135.1457635893905,132.80807645118784,133.2306472231314,9902900
2024-01-31,132.5563507080078,135.20874758879785,132.47543375270345,135.19974766972703,10428000
2024-02-01,132.9699249267578,133.9859278008843,131.7381435444178,133.23966178141106,8641100
2024-02-02,136.88108825683594,137.90607742812318,134.46246996790157,135.64030683708222,12839100
2024-02-05,136.96197509765625,138.02292255077197,135.57733248330314,136.32359841089104,8277800
2024-02-06,136.98001098632812,138.04994502517377,136.49448178742642,137.11487258636214,6198200
2024-02-07,136.7821807861328,138.26571300332293,135.9190255394526,137.58239148426705,6252000
2024-02-08,138.51747131347656,138.73326356676273,136.35060373966238,136.6203406264231,9237000
2024-02-09,135.80213928222656,139.65035888211048,135.74819465053352,138.84114824855212,9194500
2024-02-12,136.73721313476562,137.21374229818838,136.11682248669814,136.32361479625854,6713000
2024-02-13,135.40652465820312,137.62733652833705,134.50741098509258,137.22272439992858,6987100
2024-02-14,135.77516174316406,136.84510929520758,134.93899254531377,136.01792629583127,5995100
2024-02-15,140.3925018310547,140.96511490628328,136.03874516794988,136.25689206794917,8950300
2024-02-16,140.5470428466797,141.58321653873597,140.05621569991584,141.2196383061162,7570200
2024-02-20,139.97438049316406,141.43774957126521,139.81986498418294,141.31050068921675,6977900
2024-02-21,141.2832794189453,141.40144408631366,140.06532346132153,140.49251924586147,6628900
2024-02-22,141.274169921875,142.3648907378895,139.81989861567448,140.71973912815906,8874900
2024-02-23,140.57431030273438,140.8106257535009,139.29272302979993,140.76517674052113,6561600
2024-02-26,140.38339233398438,141.3832148749415,139.8198635576746,140.46519221394783,6900800
2024-02-27,138.30198669433594,139.86533829932253,136.24780798106102,139.2472622868651,15093800
2024-02-28,138.465576171875,139.84714550645208,137.95658059310696,138.4837585479994,6715900
2024-02-29,138.16563415527344,139.2836214856153,137.68390518948638,138.98367468009113,9334400
2024-03-01,138.89276123046875,140.29251283402922,138.38376569066068,139.11090811999574,7459100
2024-03-04,135.32070922851562,138.69281198555188,134.22090427605974,138.6110120938813,12503200
2024-03-05,135.9660186767578,136.90220984389032,134.79351212198094,135.27524101889037,6985500
2024-03-06,134.82077026367188,138.5291838195923,134.64807239280185,137.0930814717785,14692100
2024-03-07,135.76608276367188,137.0204033317833,134.92987367462783,134.97532268504028,8739300
2024-03-08,136.22964477539062,136.3296270517789,134.87534191687504,135.76608428073092,7528400
2024-03-11,138.15655517578125,138.2292708164804,135.96604330789935,136.79316811812552,7577100
2024-03-12,138.0565643310547,138.67464030407382,137.05674166988672,138.00203107118907,6432900
2024-03-13,139.87440490722656,140.77424524617274,139.20179571627895,139.28360947006578,8065600
2024-03-14,141.51956176757812,141.54682839688363,138.84732114292524,139.7653438931745,9047200
2024-03-15,141.3832244873047,142.73751326684547,140.3561352498633,141.05601107611648,20387200
2024-03-18,141.2559814453125,142.401221497335,140.82878575554687,141.81951028326318,7242700
2024-03-19,142.35577392578125,142.55573845786017,140.892404687798,141.15600060239726,7736700
2024-03-20,140.47430419921875,142.18307307092172,140.1834416607481,141.5740952337241,8449100
2024-03-21,140.75608825683594,141.5104974685421,140.3470748904893,140.83788815628705,7899100
2024-03-22,140.57431030273438,141.1378392302269,140.11984791112002,140.95605704739944,5974700
2024-03-25,142.21942138671875,142.98291465833483,141.12871473168326,141.3195811150435,6058700
2024-03-26,141.12872314453125,142.57390989532973,140.56518047505088,142.26487886731405,6677900
2024-03-27,142.11038208007812,142.19218197431655,140.74699503307676,140.7651635412918,7416900
2024-03-28,143.37376403808594,143.7827773132752,142.12852796901845,142.83748801110332,8331600
2024-04-01,144.59173583984375,145.05528242120795,142.64663763212505,143.85550908805197,6285700
2024-04-02,145.2279815673828,146.53683530136237,144.5372038162668,145.47339510977642,8815400
2024-04-03,145.82786560058594,146.29141215548623,145.17343877655682,145.51883456398573,7819700
2024-04-04,146.05508422851562,147.20032413782795,145.2643243294015,146.15506648108882,9269700
2024-04-05,146.8822479248047,147.40032783017293,145.30071383702915,146.63683435431906,7432800
2024-04-08,146.582275390625,147.70024877493034,145.7278840401958,146.92765731062593,7253200
2024-04-09,147.2458038330078,147.72753282244042,145.84606587427905,147.10947067339123,6576200
2024-04-10,147.8547821044922,147.94568012386185,146.34596374513538,147.43668450120907,7525800
2024-04-11,147.1457977294922,148.71823334847477,145.2461487113312,148.71823334847477,7682500
2024-04-12,144.482666015625,148.94547543091696,143.6464431470106,147.509372843986,11071000
2024-04-15,143.23741149902344,145.87330092333812,143.02836274317542,145.37338966449502,7236900
2024-04-16,142.04672241210938,143.43737581364013,141.26504677269904,142.9738293028257,5541900
2024-04-17,142.15582275390625,143.34652580467792,141.46504494940572,141.78317415372706,6733900
2024-04-18,143.21925354003906,143.64643533550048,142.1467153176301,142.82840875649637,4979200
2024-04-19,145.42796325683594,146.10965683460236,143.74644688404223,144.2918072938919,7734700
2024-04-22,147.17306518554688,147.88202524291006,144.01001155507345,145.38248266733538,6779200
2024-04-23,148.0183868408203,148.0183868408203,145.9733063501254,146.61863509383224,5597600
2024-04-24,148.67282104492188,148.91822073017207,146.74589123427393,147.13673607037856,7610300
2024-04-25,150.22708129882812,150.51794387546587,147.85478715085412,148.790978532134,9702600
2024-04-26,150.781494140625,151.7722185787445,148.4273828675963,150.1816006046838,9736400
2024-04-29,151.18142700195312,151.89038706457404,149.6907912460465,150.79968034277942,6364000
2024-04-30,146.582275390625,150.99055141722346,146.2914128589517,150.85421827368214,8457300
2024-05-01,145.09164428710938,146.74587991503248,144.42811931615068,146.1369020723456,7713700
2024-05-02,146.09144592285156,147.0458195191449,145.32795259345232,145.8005972650708,8597100
2024-05-03,145.65516662597656,146.02782903921712,142.73751256807435,146.02782903921712,11664500
2024-05-06,147.5184783935547,149.08182995327255,146.09145998825232,146.09145998825232,8430300
2024-05-07,147.8547821044922,148.29106208546733,147.26398658586106,147.5275686514882,6869900
2024-05-08,147.7366180419922,148.22744515799982,146.82769332103493,147.20035578520915,6706400
2024-05-09,150.38157653808594,150.43610979656998,147.90930044682185,148.17289635494697,6683300
2024-05-10,150.7178955078125,151.26324198861641,149.9907529976508,150.9178461757444,5490900
2024-05-13,149.5453643798828,151.70860938120035,148.13652846615994,151.31776458852627,6848300
2024-05-14,148.70916748046875,150.1543543933875,148.1729052477389,149.37267861366146,4924000
2024-05-15,148.2001495361328,148.88184294350316,145.58244241372253,148.2728651638762,7603100
2024-05-16,147.8971710205078,148.7326478986746,147.33712777361032,148.30113847848457,6409400
2024-05-17,149.34779357910156,149.62322724450613,147.9890052413474,148.50314061189556,5497900
2024-05-20,147.94313049316406,149.65080279089824,147.8788705619951,149.39373504793966,4913800
2024-05-21,146.86891174316406,148.2368900116047,146.65775201351804,147.4289550332894,4783300
2024-05-22,144.6654815673828,146.4557794315692,143.70147071462443,146.4557794315692,6260500
2024-05-23,144.08706665039062,145.61112077668992,143.52702333935957,144.98680354037657,6718400
2024-05-24,144.83071899414062,145.9508055486139,144.41757552942374,145.13369460403624,4477700
2024-05-28,146.0150909423828,146.36397455571768,145.014362062084,145.17043788669704,6928300
2024-05-29,144.0503387451172,145.51013299636162,143.62801925817328,145.07862351461128,5909600
2024-05-30,145.29896545410156,145.48259724841822,143.96771900014005,144.00445096265898,6369600
2024-05-31,149.0081024169922,149.2651701064413,145.528484605507,145.6386664789412,10334200
2024-06-03,144.5644989013672,148.43888052173315,143.64639593720267,148.26445272621905,9009900
2024-06-04,143.34341430664062,143.5453980710739,141.48884247372558,142.96698874482055,6360500
2024-06-05,142.28759765625,144.160535603451,141.87445411203032,143.3709664706388,7058500
2024-06-06,143.1597900390625,143.24242995368456,140.82781464867386,141.84690951037612,5215100
2024-06-07,143.2974853515625,144.77563140596595,142.42529050162833,142.95779180169495,5887700
2024-06-10,143.90345764160156,145.24388006823023,143.51785609383967,143.60048199497317,7074700
2024-06-11,143.67391967773438,143.91262137484327,141.8285239880366,143.38012004208863,5132000
2024-06-12,141.58984375,144.7205782972915,139.91888958957819,144.59204443950057,10017400
2024-06-13,140.32286071777344,141.4704894805316,139.76281732118184,141.1767038020184,6163000
2024-06-14,140.07496643066406,140.73598763145188,139.52409908601263,140.58910181413154,6159100
2024-06-17,140.64418029785156,141.32356745291017,139.48736172072935,140.0106870787871,6321400
2024-06-18,140.772705078125,143.17812994953633,140.32282965940655,140.97468881639554,6942900
2024-06-20,143.81163024902344,144.5185733679765,140.69926213954838,141.12159561570076,8336000
2024-06-21,142.56301879882812,144.7572841942054,142.50793486566914,143.95853914512298,21289800
2024-06-24,146.2629852294922,146.47414499482656,143.39850838099156,143.47195830135567,7971600
2024-06-25,145.4825897216797,146.3088767167994,144.75728059541527,146.08852698050293,5985400
2024-06-26,143.17816162109375,145.4826091422595,143.03126177728635,145.4826091422595,8637800
2024-06-27,143.5178680419922,144.08708742048572,142.89355071568374,143.86673765664625,5568700
2024-06-28,143.60963439941406,145.59273975581414,143.38010870564008,144.61955305567426,11283400
2024-07-01,143.7014923095703,145.70295022026892,143.20570882089808,144.2890776971199,5584100
2024-07-02,143.9126434326172,144.80320445210205,142.7191067458616,144.76647248744752,7216800
2024-07-03,143.87591552734375,144.8215604192744,143.7381916831233,144.08707527751517,3264200
2024-07-05,141.67247009277344,143.72902583289928,141.0940607263637,143.72902583289928,6183100
2024-07-08,141.69082641601562,142.5630213949056,140.76354750296358,140.76354750296358,4990700
2024-07-09,140.4513702392578,142.08559219349107,139.87297496927627,140.46973621883845,5301600
2024-07-10,142.42529296875,142.70990259752983,139.82706034318835,140.01067810280722,5416600
2024-07-11,142.54464721679688,143.84835161717217,141.58982639157063,142.30594551277483,8322500
2024-07-12,142.84764099121094,143.6280341371279,141.90199603131995,143.37096642040842,6446300
2024-07-15,145.0969696044922,146.45577192175608,143.56373951177565,144.0962408508432,5661200
2024-07-16,144.84909057617188,145.34485995118246,143.36175443286464,144.15132344427983,6924200
2024-07-17,148.02572631835938,148.25525204285375,145.32650155684325,145.51930932943947,7296600
2024-07-18,148.70510864257812,150.82592382641394,147.11679475311692,148.02570754096845,6577700
2024-07-19,146.11605834960938,149.37532616578864,145.43667122795856,149.17334242444994,6427700
2024-07-22,144.1329803466797,145.95999616491753,144.00444650012457,145.26224299920955,5577300
2024-07-23,141.470458984375,143.77490600908374,141.24093328130118,143.54538030600992,6238700
2024-07-24,142.37022399902344,142.9486193021316,140.8553458024579,142.0213404126983,5971700
2024-07-25,144.63790893554688,145.29894407222102,141.95705044087376,142.64562754081456,5432100
2024-07-26,144.91336059570312,146.01508129076765,144.19724144345423,144.81236871478913,5232500
2024-07-29,143.77493286132812,145.28979718088524,142.1774286262859,145.28979718088524,5072000
2024-07-30,146.5016632080078,146.97906655360043,143.62799710451807,143.64636308215972,5740900
2024-07-31,147.32798767089844,148.44807443748994,146.94238609686298,148.44807443748994,6209200
2024-08-01,140.120849609375,146.4374015707095,139.57917230118102,145.7121064981102,16689900
2024-08-02,136.38418579101562,139.58835588024806,134.9794895036453,138.75289290538117,13278600
2024-08-05,132.81275939941406,133.83185410606268,131.66513085630243,133.60232839744035,13037200
2024-08-06,131.4998779296875,133.20754992931282,131.39888604764528,132.6566965801962,9692700
2024-08-07,130.74700927734375,133.79510296610852,130.62765144304782,132.7392904614668,8867900
2024-08-08,132.6566925048828,132.9596681417018,131.02247047050534,131.3529880734771,7531100
2024-08-09,133.11575317382812,134.1440240057956,131.46316504449513,132.3996339859737,7653100
2024-08-12,133.14329528808594,134.72243350127818,128.24980482628132,133.89613243113465,8442200
2024-08-13,132.34451293945312,132.71176246472194,131.33460826552206,132.28025302824167,7794800
2024-08-14,132.8219451904297,133.34527056911057,131.68349254832395,132.56487749852494,5874200
2024-08-15,134.77749633789062,135.43853148686387,133.5655938950606,133.66658576529645,6304200
2024-08-16,135.2090301513672,135.5303577897489,133.71251780701138,134.08894339201888,6874400
2024-08-19,136.31378173828125,137.14931650666134,135.44110390654808,135.55250476475126,5967400
2024-08-20,134.32705688476562,136.01669800424656,134.20636317411396,135.8495967118936,7497600
2024-08-21,134.91192626953125,136.13737812221595,134.19707109200772,135.01403427182183,5985000
2024-08-22,135.29257202148438,135.84960469391365,134.73555351498442,134.93979788381318,4027000
2024-08-23,137.0471954345703,137.48353435394944,135.8403150185121,136.03526652193705,4824100
2024-08-26,137.8641815185547,139.3402996582233,136.98222494135243,138.3005204653894,5780300
2024-08-27,136.4251708984375,138.83895983600402,136.2302194132984,138.0219825034258,5100000
2024-08-28,135.54322814941406,136.60157881627234,135.06046747995623,135.95171685696081,5614400
2024-08-29,136.8615264892578,137.5670888934156,135.02334143242004,135.97029125936677,4466700
2024-08-30,137.3535614013672,137.47425510885074,135.26471030621516,135.7474709702213,6414800
2024-09-03,134.29920959472656,135.32971008446853,133.94642130417003,135.12546572319147,7944700
2024-09-04,131.89471435546875,135.10689540082086,131.5233545289435,134.28063926495446,9820700
2024-09-05,130.8363494873047,132.91592201826572,130.5299971085432,132.91592201826572,9371100
2024-09-06,128.63609313964844,131.9318388906459,127.99550985527168,130.96633170547858,7836400
2024-09-09,130.25148010253906,131.84829193362725,128.61752520602343,128.7103687036632,9892300
2024-09-10,128.3297119140625,130.9755953946522,127.27136135501198,130.80847995589326,8202500
2024-09-11,128.0048065185547,128.5618250076199,125.67456788328928,128.31117306220852,9534000
2024-09-12,129.23956298828125,129.4809362719698,127.57775772333008,128.32974195898493,6591500
2024-09-13,130.53927612304688,131.39338247741247,129.70374130153874,129.85227106661134,5900700
2024-09-16,131.91326904296875,132.91591930532803,130.96633337790328,131.54192338991507,6864300
2024-09-17,133.13873291015625,133.81644509000787,131.5883428780946,131.64404330850317,7338800
2024-09-18,133.6493377685547,135.17187751671543,132.93448255673252,133.05517626112436,6180300
2024-09-19,134.60557556152344,136.2673664947097,134.5498609638351,135.36683840545268,7247400
2024-09-20,135.24615478515625,135.45969201074118,133.16659629266132,134.82838734985538,23162900
2024-09-23,136.97291564941406,137.78989301195728,135.4967976869413,135.7753139847108,6960600
2024-09-24,136.8893585205078,138.42119100265856,136.38804054103002,138.21694667170513,6014200
2024-09-25,133.6586151123047,136.8522384949736,133.2222762102582,136.42517827550748,7888400
2024-09-26,131.82041931152344,132.96232047556973,130.55782445424595,130.80847635659725,8046200
2024-09-27,135.06976318359375,135.3297079728123,132.60955220330098,132.73952459791025,8049200
2024-09-30,136.7222900390625,136.91724156886485,133.9464335415068,134.9583625910564,7491700
2024-10-01,138.97824096679688,139.7395180397631,135.03263284288286,135.86818188632847,9489100
2024-10-02,140.13870239257812,141.37344723889743,138.56974078961653,140.81641458918403,8105400
2024-10-03,140.417236328125,141.27134277645715,139.27533483552045,140.47293676689637,6553300
2024-10-04,139.9437255859375,141.57766600866472,139.38669303690997,141.55909447945018,7892400
2024-10-07,140.29653930664062,141.80980063208062,139.8973433941968,140.6493276318181,5895900
2024-10-08,138.0962677001953,138.885394896282,137.14931789807693,138.51403508862373,5892700
2024-10-09,138.9318084716797,139.60024198837795,136.80582837407601,136.94507945425116,4973500
2024-10-10,139.83233642578125,140.695735619788,139.11749532702706,139.88803685779547,4420900
2024-10-11,140.57501220703125,141.4198396899027,139.48881151445045,139.60950520226802,5051300
2024-10-14,140.90927124023438,141.020672114205,139.4238601462855,139.73951956575243,4214700
2024-10-15,137.14930725097656,139.21960083239009,136.99148465719688,138.14267872267638,6704600
2024-10-16,138.0777130126953,138.35622936093372,137.59496645274066,137.7249388597946,4303700
2024-10-17,140.3708038330078,140.49149755173093,138.30052407681188,138.56974756558336,6593100
2024-10-18,139.95301818847656,140.25938470432285,138.6811445463282,140.01801146422923,5208200
2024-10-21,140.07371520996094,141.55911191376435,139.711648258279,141.11349431921613,5074000
2024-10-22,140.11085510253906,140.81641752977163,139.46099310825525,140.4172216496862,4416400
2024-10-23,139.70237731933594,140.18513805260002,138.5976047595249,139.59097644470967,5248600
2024-10-24,139.67453002929688,140.60290844646192,138.68117248921408,140.30583471925294,5474300
2024-10-25,140.0087127685547,141.2248859326541,139.68378890114394,140.54717381943973,6839900
2024-10-28,139.758056640625,139.90660056163665,137.54852602077074,137.6320766641168,8892000
2024-10-29,137.8827667236328,139.6466800529422,137.27931225186768,139.29389172070813,6014700
2024-10-30,137.44644165039062,138.93183877128084,137.08437459704336,138.40267038528035,5784000
2024-10-31,138.16127014160156,138.8575538904691,137.29787092672268,138.1055555423117,8400900
2024-11-01,142.10687255859375,144.7620208856797,140.83498466032975,141.55911859788569,11728000
2024-11-04,142.94241333007812,143.36018074751618,141.68909691183475,143.36018074751618,6130000
2024-11-05,142.42250061035156,143.59225202248325,141.62409480545716,143.4622796433575,5978900
2024-11-06,146.423828125,147.25008425391596,144.9384171632521,145.84823810613887,12118900
2024-11-07,145.54188537597656,146.69306552294577,145.19837573599014,146.62808640138954,8143200
2024-11-08,145.6903839111328,146.29383823979762,144.5206324805946,145.38403157160124,6041500
2024-11-11,145.2911834716797,146.62805030180124,144.73415090382017,145.8853449332974,7771700
2024-11-12,144.16786193847656,146.1917340263375,144.01003932523747,146.0339114130984,5681900
2024-11-13,147.35220336914062,147.6307196894153,143.46229606624956,144.8920065662262,8824000
2024-11-14,150.21160888671875,150.2394591019093,148.24343729570768,148.39198122067612,10111200
2024-11-15,149.85882568359375,150.7500750976715,149.24609259678587,149.95166918132665,9022800
2024-11-18,150.76853942871094,151.4813135406183,149.18358727716307,150.58097256626377,6075400
2024-11-19,149.68064880371094,150.45905058243338,148.88347173481526,150.03702155613814,4657400
2024-11-20,151.30311584472656,151.40627976279583,149.84944765754472,149.9713725544722,6391300
2024-11-21,151.58447265625,152.54106791753654,151.26559325872063,151.9502330350793,7945200
2024-11-22,152.2690887451172,152.50355087891353,151.13428572095236,151.4719117660364,7005900
2024-11-25,150.3933868408203,153.0287388503168,149.8963282779831,152.0721293682537,10702400
2024-11-26,152.42852783203125,152.81304918249245,151.3687543623716,152.22220000058542,7369500
2024-11-27,152.03463745117188,154.4449009170215,151.56571315014554,152.64423331833248,7674500
2024-11-29,151.8657989501953,152.63484158015967,150.67474167271234,152.16591733567375,5077000
2024-12-02,152.12841796875,152.8224167296672,150.15893031059284,152.2034332587683,6229600
2024-12-03,151.85643005371094,153.05687500983257,151.35937148486838,152.8505471913961,5900100
2024-12-04,148.48019409179688,151.78141079071148,148.048777448298,151.77203745666526,7862700
2024-12-05,149.4274139404297,150.68412758606786,148.82719142979403,149.38989198389615,6358400
2024-12-06,145.5916290283203,148.95850223461002,145.52597275405944,148.883472625641,9701700
2024-12-09,147.31724548339844,150.1307910098718,147.0734100228598,147.24221588544057,9404500
2024-12-10,147.24221801757812,149.6056003009598,146.96086059877007,149.17418368406308,9126200
2024-12-11,146.50131225585938,147.40163875146584,146.11679095794562,147.11090802245891,13764700
2024-12-12,145.09454345703125,146.80142023532093,144.6818878395191,146.18243680905272,7621500
2024-12-13,144.30673217773438,145.32899783409502,143.556464888147,145.24458060014987,5816200
2024-12-16,140.0770721435547,144.32552529851407,139.9739082216942,144.32552529851407,11961200
2024-12-17,138.90476989746094,139.4112018929194,137.77935433277025,138.80160596925558,11909300
2024-12-18,135.12522888183594,139.42995054925737,135.0314382970539,138.57650488321676,10174500
2024-12-19,132.3773193359375,135.76295323082738,132.18975248486782,135.58477402409292,16544300
2024-12-20,133.97166442871094,133.97166442871094,131.8146100089035,132.06783311173098,32209200
2024-12-23,134.08421325683594,134.44060029824763,132.74308233971507,133.62466229872265,8156500
2024-12-24,134.90013122558594,135.08769807242604,133.41832880781297,134.20613246123432,3556100
2024-12-26,135.0314178466797,135.34090955706728,134.01853978825625,134.74068711249396,4492600
2024-12-27,135.05020141601562,136.65392885442188,134.47811318482206,135.32217121949844,5296500
2024-12-30,134.17800903320312,135.03144040211419,133.50275688146115,134.85324687451086,6194800
2024-12-31,135.83799743652344,136.3069217698258,134.41247776679745,134.6000446380314,6137800
2025-01-02,137.59178161621094,138.8672563514985,136.43821747421978,136.43821747421978,7170300
2025-01-03,138.6609344482422,139.2705303721617,138.14511480699898,138.37018933377033,5809000
2025-01-06,138.10755920410156,140.98676084814946,137.74179887675797,139.1767058771391,5888700
2025-01-07,140.2927703857422,141.14621605686932,138.45459512070516,139.27989216788265,7736000
2025-01-08,140.95863342285156,141.78393037767543,138.82971330566474,138.83908663897628,7640900
2025-01-10,143.6221160888672,144.74753140618222,141.49319602591171,143.87533918615352,11074700
2025-01-13,145.6947479248047,147.57044463804104,144.42864691919806,144.52243747903196,11774100
2025-01-14,147.1484375,147.15782514454276,144.86009896966823,145.56348540955435,6830200
2025-01-15,148.4895782470703,148.82720433297683,146.66077624442445,147.12970056871492,7900000
2025-01-16,149.47430419921875,149.96197513427106,148.20820295185044,148.20820295185044,5578900
2025-01-17,151.4344024658203,151.71575988538686,148.93034862150023,149.23984035198018,9260400
2025-01-21,148.4051513671875,151.3687417427804,147.7017649941998,151.13427961845116,10131400
2025-01-22,146.6888885498047,148.5927198759378,146.55759033112076,147.8799458512829,7232200
2025-01-23,146.31373596191406,148.12379096663201,145.94797562775912,147.83306022800016,5979800
2025-01-24,145.97613525390625,147.68302664961004,145.61976250140606,146.73580467391477,8003800
2025-01-27,147.45791625976562,148.07689970683708,145.85420333195523,146.61385833043727,7141000
2025-01-28,146.50131225585938,149.04287353431405,145.53531518950018,147.90808492687214,6425400
2025-01-29,146.0136260986328,146.84831063887518,145.18831489104699,146.04176040703402,5630600
2025-01-30,146.6044921875,147.66425131777885,145.85421048550296,146.82956668079586,6931900
2025-01-31,139.91761779785156,144.7756660822216,139.4111716019972,144.2035779338274,16726800
2025-02-03,140.0583038330078,141.4838376848912,138.61402331299246,139.7394387495599,7605000
2025-02-04,143.6971435546875,143.8565760771542,139.4768254444908,139.4768254444908,8458100
2025-02-05,143.4814453125,144.24110029801355,142.8249399226383,143.4814453125,6533700
2025-02-06,142.45919799804688,145.6103698970387,141.67140860090745,144.6350136401662,6420500
2025-02-07,143.13442993164062,144.25047190855955,142.4779388600507,143.00313171732265,4724900
2025-02-10,146.0886688232422,146.11680313417241,144.4849415480557,144.7006427019983,5653800
2025-02-11,147.65487670898438,148.8459483639781,146.41690976481456,146.63262523293793,6011800
2025-02-12,145.27273559570312,147.68301325355606,144.96325816541406,147.00776114842242,6693500
2025-02-13,146.19183349609375,146.69826540591237,143.7909435479718,145.1601943884947,7836400
2025-02-14,147.30126953125,149.30207921287536,146.8650822845402,147.05472954263828,5828800
2025-02-18,148.078857421875,149.16934012064593,146.770266608022,147.30128477330734,5981500
2025-02-19,149.09347534179688,150.16500341983402,147.92713086137,148.42022534893923,4945800
2025-02-20,150.57273864746094,150.72446224854465,148.9417605778674,149.34950147797605,6256200
2025-02-21,148.79953002929688,150.72447820571867,148.70471362045058,149.94691998887288,6689800
2025-02-24,149.7193145751953,150.13654723206665,148.6383092683735,148.96071105989822,5925000
2025-02-25,148.3253936767578,150.76240526465705,147.4150809791001,149.8141544309206,6810900
2025-02-26,147.1116180419922,148.58140957100602,146.40990729113736,148.51502507454393,6005200
2025-02-27,148.56246948242188,150.09863133837155,146.79872219741415,147.63318763479953,7517200
2025-02-28,150.41152954101562,150.45894497241224,146.90300465503867,148.59088983481934,8828500
2025-03-03,145.16770935058594,151.80546485233188,143.90653406895515,151.20807669620268,9059800
2025-03-04,144.1341094970703,146.17284275821447,142.2850234861697,143.3849977944031,8826300
2025-03-05,143.00570678710938,143.53672494215337,140.09458423386474,142.37985776045343,9288300
2025-03-06,145.0349578857422,145.39529782215774,141.7350491321841,142.72122360400684,7314700
2025-03-07,148.24954223632812,149.30210131411533,145.75565220830802,145.9832231640498,8562600
2025-03-10,149.4158935546875,152.0709843624693,148.0883336816369,149.0555536011344,11750300
2025-03-11,146.10650634765625,150.62017560624307,145.83150547274735,150.23138924884006,10466300
2025-03-12,144.7694549560547,146.77974211990926,144.34274496908776,145.6892594344205,9710200
2025-03-13,145.66079711914062,146.4383552039481,144.05825104941593,144.3806528292347,9022800
2025-03-14,148.8943328857422,149.10294920276763,145.091838218362,146.02113434662365,6671500
2025-03-17,150.50637817382812,151.19859725264163,148.64780011541225,149.08400187894125,7615200
2025-03-18,152.48822021484375,152.75372930112897,150.6012102422567,151.47359930707384,9289500
2025-03-19,155.56056213378906,156.02519581182315,152.573563134671,152.6399476424818,11503900
2025-03-20,156.24330139160156,156.75535049985538,154.00542873828905,154.68817052873425,9545900
2025-03-21,156.22433471679688,156.35708926313123,154.66920383009716,155.97779469336461,21625500
2025-03-24,156.48036193847656,157.81738466280234,155.81658922619428,156.1674374164378,8068000
2025-03-25,157.35275268554688,159.13546896263787,156.56570272213244,157.48550722942642,7869200
2025-03-26,159.27769470214844,160.2164682423501,158.5949529400308,158.7087384106639,10076100
2025-03-27,158.0260009765625,159.5147617808642,157.2674118593529,158.59495728362964,6862700
2025-03-28,157.49496459960938,158.48115348862913,156.74585286876015,158.0733981395657,4923000
2025-03-31,158.63287353515625,160.1785270040677,157.53291357896555,157.5898063131803,10675300
2025-04-01,159.7897491455078,159.87510272050335,157.56136827900755,158.63288192475994,6378600
2025-04-02,157.85531616210938,159.28716970047526,157.26740528011902,158.73718248509488,7044900
2025-04-03,148.04090881347656,153.00027086661592,147.7374760844161,151.83391197626435,15501000
2025-04-04,135.86537170410156,144.57032145914872,135.36279994415335,143.90653433243182,20374700
2025-04-07,132.89736938476562,138.62481342072115,130.1853709965582,131.55085472616776,17817000
2025-04-08,129.84397888183594,137.01276729279363,127.89058449198879,136.69035101483917,12904400
2025-04-09,138.4730682373047,139.83855175437367,126.95182638306424,128.03283175588393,16846800
2025-04-10,127.99490356445312,136.19728260360858,126.54408083213413,135.8084962585661,20991200
2025-04-11,128.61126708984375,130.02415159250256,125.2070355504057,128.02334172530445,17224400
2025-04-14,128.3173065185547,131.37066081427545,127.1604393731451,131.3137680807568,9628200
2025-04-15,127.5776596069336,129.5595148274008,127.3026732341614,127.36905773709637,9334800
2025-04-16,128.35525512695312,130.43192711888463,127.8242368853776,128.393178800282,8637200
2025-04-17,130.7353515625,132.98271611376953,129.38883697332216,129.61642240624442,8434400
2025-04-21,126.80957794189453,129.23709772286392,125.48203258328915,128.9810804195924,9967500
2025-04-22,130.19482421875,131.0861821932866,127.95695198428955,128.26038468482858,7984700
2025-04-23,129.60691833496094,131.38015725120556,128.15609570204418,130.10950459360623,10002000
2025-04-24,131.8732452392578,132.18615526930185,130.11897547773927,130.78274814158235,7745800
2025-04-25,131.5508270263672,131.85427422201295,130.14741991940218,131.17153250096865,6878500
2025-04-28,132.84994506835938,133.19131594078064,131.50341617719388,131.77841701647836,6715500
2025-04-29,132.09136962890625,132.76461974858674,131.3991504375107,131.51293592947647,7343800
2025-04-30,129.0189971923828,131.00083782511012,127.19835745393317,130.85860599755875,13858000
2025-05-01,129.20864868164062,130.8111948472492,128.1276433493897,128.41212148296287,10199800
2025-05-02,131.33274841308594,132.5465083961217,128.28885668632321,130.74483749075432,12393200
2025-05-05,128.48797607421875,129.91035219312155,128.1845288903236,129.69225857292074,9665000
2025-05-06,128.58282470703125,130.20432560394846,128.05179206182433,129.2940128647711,9916200
2025-05-07,128.76296997070312,129.24658713973528,127.65351826923472,129.02849350675234,8422100
2025-05-08,129.94827270507812,131.70254233017766,129.40777731696517,129.61639363354428,8669300
2025-05-09,131.32327270507812,132.1577236603059,130.57414638932215,131.71204457856766,5965700
2025-05-12,134.29127502441406,136.2731302130241,133.2956232496688,135.07832493267526,8028200
2025-05-13,134.98350524902344,135.8179561021346,133.62749910033492,134.20593265887948,8536800
2025-05-14,134.33868408203125,134.86970219513182,133.44732604825884,134.42402317824562,6453600
2025-05-15,134.89816284179688,135.0878245901189,132.29047296312817,132.75512109586126,7545400
2025-05-16,134.74644470214844,135.59986463597,133.41888489834287,135.31538650164316,8200100
2025-05-19,132.92283630371094,133.9114300917317,131.60789906840765,133.86343711606662,7713600
2025-05-20,131.7518768310547,133.17237809670763,131.52151933713807,132.7308632280507,6503900
2025-05-21,130.11061096191406,131.6175054429389,130.04343251281733,131.12799759846337,9073200
2025-05-22,129.85145568847656,130.52332802636977,128.392568883461,129.56352713840724,8877600
2025-05-23,131.05120849609375,131.29115872119274,128.67090636382352,128.98764241840215,7025900
2025-05-27,132.28936767578125,132.4237392239605,130.92645207413452,131.85746017416227,8348900
2025-05-28,130.55210876464844,133.21074643286522,130.20657989123498,133.20115369721967,6876300
2025-05-29,132.3661346435547,132.39492749653206,130.62889750206116,131.01281197202502,7554300
2025-05-30,131.20477294921875,131.9246235849812,129.7746790592259,131.37754471740905,12858900
2025-06-02,132.29893493652344,133.11477145112258,130.94561233270971,132.92281422574558,9076600
2025-06-03,133.94020080566406,134.9383871656422,131.10879145429982,132.11657054966517,9001300
2025-06-04,131.84783935546875,134.97679952984095,131.80945376507225,133.81543404611284,8735600
2025-06-05,131.396728515625,132.73085109109147,131.2047712776137,132.5964795599437,6342600
2025-06-06,134.5736846923828,134.95759917727557,132.53889691533442,132.53889691533442,6563500
2025-06-09,135.10157775878906,136.42610776915183,134.07459834794577,134.90002775876016,7159500
2025-06-10,137.58746337890625,139.11354327843654,136.20534775465265,136.50288368715738,9841500
2025-06-11,138.9599609375,139.28628969997084,136.87719492469765,138.3936819710833,9256700
2025-06-12,139.142333984375,139.36308408485613,137.664232435834,138.6912264016098,6999400
2025-06-13,140.0445556640625,141.6666215611068,138.72961844561723,141.16752098230862,14148000
2025-06-16,140.15972900390625,140.965958272325,137.96179131241703,139.871785795071,10105100
2025-06-17,142.8663787841797,143.95094391033533,140.61084066954558,141.40747722396102,11330300
2025-06-18,142.23287963867188,144.1332810784485,141.76257198509688,143.43263061120214,9841900
2025-06-20,143.5382080078125,143.87412948989905,141.95452795089892,142.54961438685925,23705900
2025-06-23,140.9563446044922,146.03368433959108,140.43805862186989,146.00489148752305,10540600
2025-06-24,137.7794189453125,140.50524992352783,137.4050971887646,138.72961244133452,10778400
2025-06-25,137.4722900390625,138.40329815976654,136.78123216296464,137.64506183078728,7386100
2025-06-26,138.63363647460938,139.24790842994588,137.6354353938134,137.92337857655832,7415700
2025-06-27,138.00975036621094,138.85437975538076,136.83880686585903,138.73920834609322,9213500
2025-06-30,137.43386840820312,138.30729058445107,136.67561763263953,137.28988951195083,6980300
2025-07-01,139.71823120117188,140.39008893651422,136.7812279945607,137.57786453982385,8508200
2025-07-02,142.0313262939453,142.0601191479374,139.6222314224141,141.10031829380404,8228700
2025-07-03,142.40565490722656,142.99113404229232,141.4362612701568,141.8969616016415,5173300
2025-07-07,141.47463989257812,142.2136906501966,139.72780995549658,141.47463989257812,9460900
2025-07-08,147.07989501953125,147.07989501953125,141.34027509943135,141.39787545550078,14082100
2025-07-09,146.8687286376953,147.7709437705602,146.35042798267148,146.7919428130474,9495900
2025-07-10,147.9724884033203,149.03786788307443,145.5825791256562,146.6479586054103,8395100
2025-07-11,149.06666564941406,149.62335189231518,147.3966215661092,148.08766469497425,8333200
2025-07-14,145.55380249023438,148.67315545516863,145.06430929731164,148.67315545516863,10706300
2025-07-15,144.6324005126953,146.1872732900634,144.21008577183002,145.50582284990313,7346300
2025-07-16,143.89334106445312,145.3906280408409,143.2214834013815,144.69957026013907,7923400
2025-07-17,145.29466247558594,145.7361626807086,142.62641719026462,143.16390334192658,8359600
2025-07-18,144.00852966308594,149.6425712598445,140.63963356422383,148.7883489908532,45782600
2025-07-21,143.66297912597656,145.57298802238444,143.13510039343305,145.12188046717955,17982200
2025-07-22,144.00852966308594,144.87235931473805,142.5112425080361,143.25988608556102,26196500
2025-07-23,146.96470642089844,146.98390653925748,144.4212399407961,144.84355467229972,13162800
2025-07-24,149.56578063964844,149.72894504025712,146.08169857814525,146.55200630606438,15701000
2025-07-25,148.61557006835938,149.92089989773794,147.77095522257304,149.56577824594368,7875500
2025-07-28,149.99766540527344,150.256815717757,148.72112860465137,149.15303602852555,8755400
2025-07-29,150.71751403808594,150.89028579263265,149.20102706105374,150.3815779097658,6446000
2025-07-30,147.38702392578125,150.0264764019461,146.56159456560098,149.86331200632202,9191700
2025-07-31,145.54420471191406,147.7421422809416,145.0643042723937,145.88973361418468,10237100
2025-08-01,145.3138427734375,148.43319553468382,144.3060635976615,146.4080151561818,10706500
2025-08-04,144.96832275390625,145.96652390001884,143.79737911948126,145.16988738863657,10116600
2025-08-05,146.88792419433594,146.94552455082533,143.8741499356387,144.95872964582898,8604100
2025-08-06,146.6383819580078,148.922712811891,146.10089579130582,148.27004057703883,7840900
2025-08-07,147.00311279296875,148.9131072555316,146.6863767311217,147.60777741522242,6510400
2025-08-08,148.77871704101562,149.48897490681665,147.3294231023843,147.79973076769284,6332800
2025-08-11,147.2814483642578,149.66175054707455,146.83994814212394,149.09547151871166,6169700
2025-08-12,148.23165893554688,149.7769390287028,147.19507216696402,147.89572274970428,6641600
2025-08-13,149.60414123535156,149.73851275724763,148.00127570794947,148.35641195148708,6581900
2025-08-14,148.92269897460938,149.44098497422942,147.90531244711198,149.44098497422942,7337300
2025-08-15,150.2568359375,152.16683038230914,149.04747741343425,149.22984193026318,11617000
2025-08-18,149.07627868652344,150.19924395095538,148.52918515889297,149.85371505071484,8174300
2025-08-19,147.51377868652344,149.39652270489788,147.36821180198183,148.93069386593294,8567500
2025-08-20,148.69776916503906,148.95980436057556,147.44583474847803,147.9213779094989,8076300
2025-08-21,150.9590301513672,151.07548367858118,148.22225379436406,148.30960874820883,7533600
2025-08-22,153.51136779785156,154.10336446233828,150.73579387239266,150.73579387239266,9084300
2025-08-25,153.53079223632812,153.6472605577927,152.53119342698278,153.23964364531543,7030000
2025-08-26,152.71559143066406,155.27767243347915,151.92950058331883,152.86115832519732,10270000
2025-08-27,154.5401153564453,155.26797947676093,152.5700309887991,152.75441079352828,7483000
2025-08-28,154.6177520751953,154.81184620736653,153.1911372506656,154.3168891406319,6502000
2025-08-29,155.8599853515625,156.3452281268682,154.74391808329884,154.98653947095167,6934800
2025-09-02,157.05364990234375,157.08276327889865,154.6759636969593,155.74348872364638,8947300
2025-09-03,153.39492797851562,157.07307612963612,152.3856296254308,155.27767212234835,9556100
2025-09-04,153.03585815429688,154.93800140788977,152.85146354321287,153.39493304423942,7243000
2025-09-05,149.12478637695312,152.09446925710404,148.9598056401038,151.45394535514907,11011700
2025-09-08,149.4547576904297,150.45435650848978,148.3678187368341,149.36741755489416,9462000
2025-09-09,150.27967834472656,152.3565166221451,150.03705698143733,150.33790510256674,7769200
2025-09-10,153.1328887939453,153.25905663797516,150.42524097215676,150.47376820512457,7440800
2025-09-11,153.57933044433594,154.22955395261747,151.4054375923184,151.88098081856918,6417400
2025-09-12,152.4729766845703,155.06417117874577,152.4632771606581,154.16162677660492,5546300
2025-09-15,152.6670684814453,153.64726829359117,151.88097761203585,152.73500957308968,5030500
2025-09-16,154.83123779296875,155.37472206866255,153.45315027000368,153.57931811362948,8011000
2025-09-17,155.36500549316406,155.92788880710745,153.92869123494114,154.501274071934,5736800
2025-09-18,154.15191650390625,155.55911754677751,153.42405236361762,155.30679664251363,6244200
2025-09-19,151.5995330810547,154.3071808711976,150.95900915360335,154.3071808711976,16734000
2025-09-22,151.44424438476562,152.48265602640427,150.57079866996773,151.0269279768393,5244000
2025-09-23,152.7738037109375,155.1126769843484,152.35650211386567,152.48265514102874,7181400
2025-09-24,154.4818572998047,155.753205600015,153.57931299499043,153.64725408034988,6285200
2025-09-25,155.97640991210938,156.25784415380963,154.6468496933872,154.7341898226978,6311000
2025-09-26,155.4329376220703,156.53929033166597,154.80211325783927,155.83084017064863,7015200
2025-09-29,151.49276733398438,154.4333367263384,150.96869695822818,154.4333367263384,8315100
2025-09-30,150.7066650390625,151.13368096681256,149.38680435712197,150.31847681843408,7755700
2025-10-01,150.01763916015625,150.51258139714622,148.6686650082668,150.26026051703155,6768400
2025-10-02,148.8433380126953,151.97801645260404,148.7948255904339,149.41593564138338,7562400
2025-10-03,149.01803588867188,149.7264860831556,147.7369880547136,149.04714926594983,7249300
2025-10-06,149.4741668701172,150.0855626081743,148.4066269966331,149.42563963797116,4778900
2025-10-07,150.33790588378906,150.38643311838564,146.81503893182446,149.11508472906,5479600
2025-10-08,149.2024383544922,150.1146822380446,148.3289925647811,149.80413459455357,5678000
2025-10-09,147.16439819335938,150.39611619271597,147.0867575881832,149.58091205101283,6178600
2025-10-10,144.50527954101562,146.88298077250178,144.4955800174199,146.2521563363886,7796600
2025-10-13,147.45556640625,147.49437930979354,145.0196383706546,145.57282220307425,5978800
2025-10-14,147.89227294921875,148.9306994593889,145.24285189203334,145.38841878204207,6419400
2025-10-15,147.62054443359375,149.65856983015502,146.58211787968344,148.38722143398735,5824900
2025-10-16,147.23236083984375,148.2222453818493,145.79603164636492,147.649662494299,5276800
2025-10-17,148.56190490722656,149.63914427977377,147.70787302746103,147.76609978136653,7735500
2025-10-20,149.9205780029297,150.15349982617013,148.65894404179954,148.90156538784643,5676500
2025-10-21,149.25094604492188,150.70667417315485,148.68807753342554,150.1729190395486,6304900
2025-10-22,150.97842407226562,151.3763118405178,149.0762661311529,150.08556445341137,6036700
2025-10-23,151.93919372558594,153.90927792717042,151.51217777497868,153.5307892088471,9810900
2025-10-24,150.96871948242188,152.97763154182732,150.84255163083603,152.77382307452967,4979900
2025-10-27,150.6969757080078,151.88096911195774,150.29907312947347,151.20163227569935,4884400
2025-10-28,149.58091735839844,151.61892778496832,149.3479955346054,150.32818044392482,5066500
2025-10-29,150.52230834960938,151.5413062871793,149.31890098757046,149.31890098757046,7344400
2025-10-30,148.9889373779297,150.64845928209323,148.71720262393293,150.64845928209323,8971200
2025-10-31,153.06495666503906,154.48185703958413,150.5319892086151,151.13368541081107,11136100
2025-11-03,149.4935760498047,153.0649702981067,149.03746150032381,152.764122170213,8512200
2025-11-04,148.8627471923828,149.2218220330599,147.65934002776615,148.90156009065956,6976800
2025-11-05,148.15432739257812,149.84296276962198,148.15432739257812,148.99864508110005,5894700
2025-11-06,148.42604064941406,150.22142976891945,148.17370496597056,148.39692727185243,6466300
2025-11-07,150.4446563720703,151.56070869962986,148.90157327506788,148.90157327506788,9835900
2025-11-10,151.05604553222656,151.37630748900293,147.8728546271204,150.83283803814555,8436800
2025-11-11,151.62864685058594,153.3269963299716,151.2986705544682,152.12358908211414,6361400
2025-11-12,148.79483032226562,151.19191566367317,147.59142308159247,150.9881220200856,11670900
2025-11-13,150.98812866210938,151.5898249046987,149.3868187784611,149.45475986826716,7998700
2025-11-14,152.96791076660156,153.28817273976085,150.24084904148376,151.61893659334842,8484800
2025-11-17,150.2505645751953,153.22994720825648,149.88177536525592,153.06496645866065,8745000
2025-11-18,150.75103759765625,151.39871524408073,148.92577375925504,149.65195914832074,10813400
2025-11-19,148.8668975830078,149.1220514915678,147.4439803019792,148.33698903429723,7539900
2025-11-20,147.50283813476562,150.18184900861533,147.24769923329103,149.69118690852028,7623400
2025-11-21,147.17901611328125,148.18977895668198,145.9719914022551,147.6304318852584,9248400
2025-11-24,146.95330810546875,147.31639329046757,144.9808517311558,147.022007991182,14181100
2025-11-25,145.75608825683594,147.10049767482113,145.50094934485776,146.11917343423175,11447900
2025-11-26,146.71778869628906,147.6500587475981,145.43225627667798,145.49113333806164,7578900
2025-11-28,148.3075408935547,148.69025675777766,146.47245433664253,146.66873116860916,3848600
2025-12-01,149.69119262695312,151.0748633957961,148.6706220082484,148.91595306766794,8209000
2025-12-02,147.4439697265625,149.61270292466523,146.47245332081732,149.18091785544516,9196300
2025-12-03,148.75894165039062,149.6519503247337,148.1603332501389,148.21921031019318,8060200
2025-12-04,149.4164276123047,150.08373590073995,148.39585696235784,148.91595762634324,7254700
2025-12-05,147.19863891601562,149.77952650996545,147.03181558876918,149.16128743489583,12659800
2025-12-08,145.9327392578125,147.26734086833338,144.90234577617605,146.46264777686605,10237200
2025-12-09,145.7168426513672,147.2967752860791,145.45188091232814,146.2663818332114,8916700
2025-12-10,148.58230590820312,148.9650217606251,145.92291064478525,146.39394208457702,10976300
2025-12-11,147.90518188476562,149.10239858451538,147.29676568364707,148.01312814372073,8414200
2025-12-12,147.1888427734375,148.71970634413898,146.83556541298168,148.32716762484304,5848100
2025-12-15,147.00238037109375,147.2967806503231,145.65795592317124,147.0416267538749,7503000
2025-12-16,144.00933837890625,146.04068683001518,143.7541994561697,145.7659022551493,11290500
2025-12-17,146.72760009765625,147.07105458692513,144.5981283584403,144.7453210004385,8805300
2025-12-18,144.93179321289062,146.4822874567055,144.3331847704926,146.07013303348702,6998800
2025-12-19,144.99066162109375,146.2271248169319,144.44112242294347,145.19674630731018,21701400
2025-12-22,147.00238037109375,147.67949652117514,145.92291767185964,146.03086394178305,8143600
2025-12-23,147.6990966796875,148.25845864872997,147.05143410213654,147.23787311799873,4663700
2025-12-24,147.68930053710938,148.17015481315417,147.29677682421308,147.57154641800446,2227600
2025-12-26,147.21827697753906,148.3173554116134,146.8551768011376,147.57155432760877,3706900
2025-12-29,148.17015075683594,148.8080055162854,147.28694996626814,148.1799586085529,5589100
2025-12-30,149.4654998779297,149.81877722048796,148.6411910699005,148.67062960062867,5150500
2025-12-31,149.56362915039062,149.70101394332772,148.83744383125492,149.54399847316552,4953100
2026-01-02,152.9884490966797,152.9884490966797,148.42529718915281,149.328113728916,6862100
2026-01-05,160.7899932861328,162.65450347520422,156.3347725582447,162.65450347520422,35094900
2026-01-06,153.6165008544922,161.96758031342222,153.19453858874815,161.80075697762894,20564900
2026-01-07,152.30152893066406,155.05904782809023,152.00712864480698,154.49970076140028,13537900
2026-01-08,156.27589416503906,157.44367247329237,152.3113505969941,152.59592805440235,12929600
2026-01-09,159.08248901367188,159.66146677930763,156.95301699731752,157.56143329518417,12549600
2026-01-12,159.3081817626953,160.50539859528632,157.70863335101023,159.6614591063094,9796800
2026-01-13,160.80960083007812,163.02740322900013,160.2502537912715,160.41707711771627,12068600
2026-01-14,164.11666870117188,166.20687911722618,161.0353112350967,161.0353112350967,16414900
2026-01-15,163.05685424804688,164.20500191715828,162.01665285417604,162.67413835834304,8097400
2026-01-16,163.15496826171875,164.16573106514758,162.71337533356967,163.47880706871345,9745800
2026-01-20,162.21290588378906,164.5190089490385,162.0656982580369,163.5965767072308,11142500
2026-01-21,163.61619567871094,165.3335131967036,162.9587101972522,163.88115743129953,10918500
2026-01-22,163.54750061035156,164.43068643238604,162.63486128535106,163.15496193203217,8957400
2026-01-23,163.60638427734375,165.29426322774836,163.3316146783309,164.81340894256584,8368700
2026-01-26,164.371826171875,165.26483491076462,163.65546359973612,165.18632716707774,8912600
2026-01-27,165.89288330078125,166.18728359866174,163.5376958915584,164.63678933872418,9784900
2026-01-28,166.7564239501953,167.23727822712036,165.05873717677235,166.78587745384527,9200200
2026-01-29,167.99290466308594,171.65324000810506,167.84569703786806,169.42562971609135,16786600
2026-01-30,173.59625244140625,173.9887911225458,168.07140714047097,169.3961858830405,22946600
2026-02-02,170.77984619140625,172.97801774960757,169.42561402865715,170.2008685177568,14235300
2026-02-03,174.7149658203125,175.48041252410187,170.505091305481,170.6326682517492,18425400
2026-02-04,177.84539794921875,179.17999959056502,175.53929483819877,175.53929483819877,16170500
2026-02-05,175.8827362060547,177.08977578087993,174.09673390749023,176.28508273099644,10474100
2026-02-06,177.48231506347656,178.69916259679226,176.15752125725524,176.9327758464374,9901800
2026-02-09,179.1898193359375,179.40571187522434,176.58930101228074,177.62950235221538,12021300
2026-02-10,178.8561553955078,179.5332715351048,177.48230741213712,179.31737899860084,7458200
2026-02-11,182.3496856689453,183.03660967308912,180.12207535124585,180.50479122311316,10502100
2026-02-12,178.99354553222656,182.33005712163924,178.68933739639448,182.33005712163924,9673700
2026-02-13,180.30853271484375,181.38798046319917,178.32625343131178,179.13093157289887,9034700
2026-02-17,178.91131591796875,182.13181864245064,177.11774605065898,181.63635668483803,9849000
2026-02-18,182.20118713378906,182.25073635678643,180.32834141876847,181.56699639220273,10313400
2026-02-19,183.10292053222656,186.19459832082563,183.06329022840052,183.6082862875786,10773300
2026-02-20,182.26063537597656,183.2119290235714,180.66526232749803,182.9146488136793,9566200
2026-02-23,183.23175048828125,184.93614088506752,182.37955528988812,182.99392329792755,7047200
2026-02-24,183.6578369140625,184.2722200303141,182.18136994052537,183.6082876936762,7451800
2026-02-25,182.54800415039062,184.29202479098134,180.85351760912607,184.15329604821048,9440700
2026-02-26,182.48855590820312,184.56948710419576,180.11032938668384,181.23998207030823,7133800
2026-02-27,185.06495666503906,185.84779507493005,182.1021036481782,184.31185988516037,12035500
2026-03-02,187.87918090820312,189.70247728852206,185.52077714477602,188.60255113468745,15809100
2026-03-03,187.0567169189453,189.82138806646853,185.71896354802476,188.79083381887224,14004200
2026-03-04,184.34158325195312,186.74953633969648,182.4786413668101,185.74869346211233,11054400
2026-03-05,188.17645263671875,188.24582457117629,184.79741344823438,184.90641568788223,13567200
2026-03-06,188.21609497070312,190.6636783041667,186.41260614802502,189.14756589052155,13073100
2026-03-09,187.7206268310547,189.9105601919712,186.4026962240317,189.2664657023602,15987500
2026-03-10,184.59921264648438,187.4629822052631,183.95511813877917,186.91798613888145,11999600
2026-03-11,190.04930114746094,190.1186730829567,184.79741621391776,184.89649953852626,11371700
2026-03-12,195.1822967529297,197.07496517587037,190.02949510203823,190.8321411033115,27151800
2026-03-13,195.03366088867188,195.8363068762985,192.92298801728361,194.22109598446244,13017000
2026-03-16,195.053466796875,196.0443907474224,193.80490806249313,194.81565472573533,12683900
2026-03-17,196.1732177734375,198.7595299165207,194.67692803559999,195.69757850583017,14018600
2026-03-18,196.80740356445312,198.90815747060483,196.70830512271795,197.41186777031933,13305000
2026-03-19,199.61172485351562,200.6026488131774,197.19386797269294,197.97669124789388,16918400
2026-03-20,199.89907836914062,203.218679552934,199.17570814042384,199.57207166074284,35849500
2026-03-23,203.34750366210938,203.49613620154093,195.57864866134068,196.82722247376194,15735700
2026-03-24,204.9131622314453,207.88593415781088,203.94206096918322,204.17988816660042,16695500
2026-03-25,203.2880401611328,205.35908268632753,202.76285168276794,204.13033155791385,8865000
2026-03-26,205.90408325195312,207.31120858276964,203.2979635157106,204.16006252348856,11085600
2026-03-27,209.23358154296875,210.531704590903,204.378060339389,206.260809756214,13907800
2026-03-30,208.79759216308594,212.76128796319327,208.38139079821107,211.32443613941473,10409000
2026-03-31,205.02215576171875,211.1658962447199,200.12700423202776,208.98585149511342,17403900
2026-04-01,195.61830139160156,202.92140609421972,193.1409915065561,200.1567349154408,23051900
2026-04-02,197.1641387939453,203.61504824069092,196.24257166138196,200.67200291072,11528000
2026-04-06,197.0551300048828,197.9568743948632,194.56791642579188,196.6983967912806,8245700
2026-04-07,199.71080017089844,202.76284765873612,197.4316872512857,198.15505747915498,11672600
2026-04-08,191.13931274414062,191.41677022982338,186.888255815409,189.67274958834614,17195400
2026-04-09,188.6322784423828,194.88500597246818,187.5521749960132,192.54642491117028,11634000
2026-04-10,186.83871459960938,189.22684495824564,184.77759096031454,187.9881900154218,11151400
2026-04-13,190.03939819335938,190.86186690478397,187.99809722971995,189.7123914680725,12000200
2026-04-14,185.32260131835938,187.45308176223003,182.9245671743689,186.88826297342086,12111000
2026-04-15,183.23175048828125,185.54060509695452,182.3696363734362,184.66858718595702,8661600
2026-04-16,186.4423370361328,186.52161276737314,183.65784312762764,183.93530062681893,8013200
2026-04-17,182.32009887695312,182.62728287525204,176.12682432963925,180.23915258093598,15720600
2026-04-20,181.58680725097656,184.57940170511293,181.17062102150842,182.825462143548,9661100
2026-04-21,184.2920379638672,184.67849771208802,180.68507527370613,182.30028620308295,9799000
2026-04-22,184.6289520263672,187.70080710609164,184.43075514613415,185.57032672627793,8708300
2026-04-23,185.8973388671875,186.7098886427535,183.81639252631695,185.42168448508596,6684700
2026-04-24,183.52902221679688,184.72803166872268,181.53725550031876,183.5488298081866,9626700
2026-04-27,183.10292053222656,186.66033377235166,182.00299437739048,184.50012688680462,10836600
2026-04-28,186.6504364013672,188.2359207743675,184.85686646559407,186.57116067068722,10754900
2026-04-29,190.47540283203125,190.8717663638145,187.7800884790666,188.40437540590972,8644600
2026-04-30,191.55551147460938,192.36807639306912,186.78916956697591,188.5232865258205,11748600
2026-05-01,188.89984130859375,192.32842977867818,188.0278233761793,189.56375855430028,10435900
2026-05-04,190.53485107421875,191.95188014941158,186.26397137705635,189.11783711932506,8229500
2026-05-05,190.89158630371094,191.9122367475119,188.72146046601586,189.48447612992996,5642800
2026-05-06,183.47947692871094,185.0847688430006,181.47780637365284,183.90556695720053,11082900
2026-05-07,180.84361267089844,181.7750835608895,177.90056746328784,179.93196449269195,12194000
2026-05-08,179.9716033935547,181.07152958551333,179.09960059726015,180.38778963912017,13053000
2026-05-11,183.06329345703125,183.51911000041557,181.33908036435747,181.33908036435747,12042100
2026-05-12,184.26229858398438,185.1937694813799,182.98401338924518,184.80730976015187,8995100
2026-05-13,184.31185913085938,184.32176292728963,182.29038087719482,184.12358115658526,7554700
2026-05-14,184.946044921875,185.86761205543277,183.5686612399205,184.5001321696436,6222400
2026-05-15,189.36557006835938,189.76193359432702,186.194601379421,186.88826023031334,11210800
2026-05-18,194.33999633789062,194.41927206673662,187.31434930216636,189.43492590782486,9869700
2026-05-19,197.25,198.8699951171875,193.47000122070312,194.92999267578125,11819200
2026-05-20,191.3300018310547,198.19000244140625,191.27000427246094,196.25,14564900
2026-05-21,191.00999450683594,194.16000366210938,189.0,193.7899932861328,9051200
2026-05-22,191.42999267578125,192.0,189.8000030517578,190.3699951171875,7209600
2026-05-26,184.7100067138672,190.49000549316406,183.89999389648438,190.0,14264600
2026-05-27,182.39999389648438,183.72000122070312,180.6699981689453,181.85000610351562,9442800
2026-05-28,183.02999877929688,185.25999450683594,182.08999633789062,183.7100067138672,8725400
2026-05-29,182.4600067138672,182.97000122070312,180.39999389648438,182.72000122070312,13886500
