Price,Close,High,Low,Open,Volume
Ticker,IBM,IBM,IBM,IBM,IBM
2021-01-04,95.0897216796875,96.60882163235051,94.39922058798396,96.55511932536122,5417443
2021-01-05,96.7776107788086,97.19191020167648,95.6037583322083,95.91064702035904,6395872
2021-01-06,99.1943359375,101.18144307922233,97.22256618416829,97.36067002949328,8322708
2021-01-07,98.96418762207031,100.09200941939538,98.40411260206353,99.76977112146746,4714740
2021-01-08,98.61128234863281,99.21738799813437,97.42208020210337,98.64196938221399,4891305
2021-01-11,98.64962768554688,99.49357609833103,97.94378315046613,98.16627635900771,5859587
2021-01-12,99.13299560546875,99.62401877154677,98.15862103194574,99.0409283791596,3921663
2021-01-13,97.37602996826172,99.54727185490664,97.0231046625692,99.08693583067965,8030874
2021-01-14,98.94883728027344,99.8618314417489,97.85938046738643,98.21997752699168,7848347
2021-01-15,98.50386047363281,99.15599659978947,97.95145719534129,98.4194650181123,5131153
2021-01-19,98.9871826171875,99.42450330791709,98.27366647439827,99.1866605118473,5646308
2021-01-20,99.80045318603516,100.55232817801054,98.63427273171014,99.5089080724539,5856240
2021-01-21,101.0050048828125,101.45766918329956,99.77745022538063,99.83115252721979,13116003
2021-01-22,91.00041198730469,92.6039073062162,90.0413810499459,92.6039073062162,39814421
2021-01-25,90.97737121582031,91.71390260583858,90.1104077363423,91.1154689381019,14315974
2021-01-26,93.97724151611328,94.05396521880125,90.8546400843064,91.43773042839592,11186656
2021-01-27,93.96188354492188,95.74184133535033,93.30974135646822,93.66266666091134,12705239
2021-01-28,92.12821197509766,94.52195303065245,92.12054021872653,94.21506440767581,8455969
2021-01-29,91.384033203125,93.06425238411903,91.22291403079366,92.23564736990211,12369473
2021-02-01,92.48114013671875,92.7957005258546,91.09246647238649,91.99011710013498,6538023
2021-02-02,91.63719940185547,92.83407312745034,91.51444516321104,91.5758253438889,6633627
2021-02-03,91.39169311523438,91.9134032340121,90.62446839057148,91.33031293308522,7024308
2021-02-04,92.84941101074219,92.9107850649865,91.19987921684073,91.99779090370411,4771957
2021-02-05,93.44017791748047,93.4555214318459,92.46580352816368,92.8340723637788,4775722
2021-02-08,94.83650970458984,95.12038304736176,93.90816599285003,94.07695687184096,6158848
2021-02-09,94.92981719970703,95.31855569294765,94.1134688457129,94.77432552512754,4933982
2021-02-10,95.03865814208984,95.9483101384411,94.23785837799937,95.6528629430584,5090673
2021-02-11,94.0046157836914,95.01533330873738,93.78692373283957,94.85206116833477,5629154
2021-02-12,93.91909790039062,94.35448202677198,93.36708726452414,94.07459577668558,4049275
2021-02-16,93.35155487060547,93.76361624820072,92.79955034375237,93.41375527279168,6945231
2021-02-17,93.27379608154297,93.73250302848903,92.53519047516268,92.72955971847036,4141219
2021-02-18,93.86468505859375,94.02795723134396,93.06388515282322,93.68587054144912,5646413
2021-02-19,92.51188659667969,93.88802012833419,92.03762480136146,93.88024585337233,6881320
2021-02-22,93.96575164794922,94.17567566041805,92.08426565051772,92.13091129471411,6149643
2021-02-23,93.84913635253906,94.34672093988947,93.14163394602056,94.01240852501591,4739740
2021-02-24,95.79283142089844,96.01052351989112,93.70142124748872,93.91911334648141,6087720
2021-02-25,95.21748352050781,96.67914000058114,95.1164117608841,95.9172115644049,5953623
2021-02-26,92.46520233154297,95.04642203186583,92.42633097035889,95.04642203186583,9467346
2021-03-01,93.87244415283203,95.10085997798343,93.1882708836808,93.5692288842783,5977367
2021-03-02,93.55370330810547,94.77434515975662,93.49928338231311,93.87246720133403,4732418
2021-03-03,95.13196563720703,95.34188344168315,93.281576766444,93.6858638275874,7744898
2021-03-04,93.38262939453125,95.80057699196955,92.33303438271918,94.85205372473038,8439651
2021-03-05,95.49737548828125,96.21265207544086,93.4914888530516,93.79470413036475,7268968
2021-03-08,97.03680419921875,98.62285573341265,95.53627590327469,95.62179914152452,7572203
2021-03-09,96.54695892333984,98.29628202628504,96.5314103773714,97.49548227269007,5867014
2021-03-10,99.41584777832031,99.70351449866324,96.88127961637905,97.22336624881169,7581199
2021-03-11,98.84829711914062,100.01451257400424,98.56840466543002,99.58689651783757,5383657
2021-03-12,99.21371459960938,99.26814072189484,98.43624377138036,98.8871764794815,4194565
2021-03-15,99.96786499023438,100.10003384712215,99.1592908925152,99.33811159594035,3577948
2021-03-16,99.70352172851562,99.92122000624356,99.0037936620716,99.7346250279214,4867247
2021-03-17,100.3177261352539,100.67536131622816,99.12040740295382,99.87456153997853,4488804
2021-03-18,101.11853790283203,101.84936310238284,99.3536659946995,100.24776335995489,6104142
2021-03-19,100.21666717529297,101.41397985594489,99.92900041642523,101.08743552156456,10297870
2021-03-22,101.49949645996094,101.63167152982713,99.43141544143509,99.90567098362922,4356485
2021-03-23,101.42951965332031,102.2847393774126,100.91638657795934,101.41397110626815,4556794
2021-03-24,101.55391693115234,102.71235817163733,101.51504556248968,101.81048657791032,4189230
2021-03-25,103.45873260498047,103.59090766841388,100.89306093757548,101.32845129228198,5809484
2021-03-26,106.03218841552734,106.10993115608326,103.49761375566655,103.62978261913999,5823710
2021-03-29,105.62789916992188,106.56864215201865,105.35578096999838,105.72119045666659,4835344
2021-03-30,104.7415771484375,105.94667034448028,104.1973407109306,105.62790647912671,5010758
2021-03-31,103.60645294189453,104.73379705970564,103.17883687448813,104.60161579592116,5172575
2021-04-01,103.58311462402344,104.12734474572365,102.83674099933066,103.99518210737973,4261404
2021-04-05,105.68230438232422,106.27318637801721,103.71529535896538,103.90189032650292,5722980
2021-04-06,104.35283660888672,105.45685801161027,104.25176483866132,105.41019995684691,3787566
2021-04-07,104.90482330322266,104.91260378071523,104.01073227601991,104.0573779138103,3112896
2021-04-08,105.05256652832031,105.44907311379275,104.3061865920703,104.62495043795695,4275211
2021-04-09,105.5268325805664,105.53460065031454,104.73380696811452,104.85819535654173,3162999
2021-04-12,104.64049530029297,105.24692587487264,104.06516182045235,104.97480768232184,3926684
2021-04-13,101.98931121826172,103.88635828817047,101.36733203065191,103.40432224618782,8403041
2021-04-14,103.11665344238281,103.23327376219373,101.47617607709178,102.09038097808367,6137928
2021-04-15,103.0777816772461,104.08073137503145,102.79789537573232,103.62201813975067,4062664
2021-04-16,103.86302947998047,104.25954850324233,103.3654448879336,103.40432246507197,5535223
2021-04-19,103.49761199951172,104.0418421968105,103.07777018499178,103.87079576143306,8575736
2021-04-20,107.41609954833984,108.6678259617426,106.28098104502855,106.56864780801038,16192708
2021-04-21,111.6067123413086,111.74666171870092,107.0662497381453,107.33836801238155,12456814
2021-04-22,109.8418197631836,112.53187993570802,109.62412767801695,111.72330578821565,7428064
2021-04-23,110.73590850830078,111.65332242241304,109.5852415698338,109.86512782638115,4765576
2021-04-26,110.06726837158203,111.66888035931623,109.99730611612874,110.72812503643136,4927497
2021-04-27,110.40937805175781,110.83699417281852,109.42975741736964,110.1605888581668,4062664
2021-04-28,111.1791000366211,111.49008346261586,110.47936561227974,111.11689342417499,3941433
2021-04-29,112.14314270019531,115.64178946951263,111.16352210114876,112.05761947906858,4554179
2021-04-30,110.30828857421875,111.82436492957336,109.27424197964787,111.72329317254972,9280321
2021-05-03,112.53964233398438,113.31711925998171,111.60666754097657,111.80881104537369,5997241
2021-05-04,113.31713104248047,113.97020726096409,112.21310972187263,112.27531632057789,6642623
2021-05-05,112.90509033203125,113.46487539900838,112.71072723868232,113.46487539900838,5229895
2021-05-06,115.39297485351562,115.46294951074829,112.87394923841127,112.93614341859396,7848661
2021-05-07,114.35525512695312,114.8898501053897,113.65556999169713,114.7168925374336,7325661
2021-05-10,114.91344451904297,116.65087532323437,114.62256357424233,114.62256357424233,7304636
2021-05-11,113.38040161132812,114.14298832695869,112.34266884057052,113.98575304709745,7454214
2021-05-12,111.08482360839844,113.32537953277914,110.95903286148045,113.0816779979521,6233742
2021-05-13,113.34111022949219,113.91500461177189,111.06909729030974,111.20274289596077,4807207
2021-05-14,113.74205017089844,114.53608151100921,113.17601063638196,114.08009789982061,2873780
2021-05-17,114.08012390136719,114.62257387352643,113.46691740280313,113.55339620755254,4471755
2021-05-18,113.13671875,114.22948593097621,112.60212372944066,113.82066911687356,4000009
2021-05-19,112.57067108154297,112.5785259450285,110.78607370258186,111.88670821615509,4498532
2021-05-20,113.11312103271484,113.92287464397425,111.76091757535328,112.51563695134162,4301675
2021-05-21,113.78923797607422,114.54395749458757,113.42761304218523,113.42761304218523,4219041
2021-05-24,113.77350616455078,114.30023379129372,113.34897960788793,114.04080995778783,3449290
2021-05-25,113.04234313964844,113.9935970431874,112.57850475474096,113.93070795631958,4118311
2021-05-26,112.72004699707031,113.19960777813364,112.45275576082103,112.81439319955638,3225655
2021-05-27,113.06594848632812,113.81280041331985,112.9165806104707,113.06594848632812,5889294
2021-05-28,113.00304412841797,113.46688256644754,112.806509435596,113.37254892534203,2651192
2021-06-01,113.35685729980469,114.64615936305763,113.01094209348503,113.99364091869312,2528705
2021-06-02,114.5596694946289,114.58325918285648,113.29394469644792,113.69489411007768,2915097
2021-06-03,114.42601776123047,114.68545412705144,113.23891695540607,113.92287985270417,4320608
2021-06-04,115.89613342285156,115.9983344769945,114.59109685597726,114.77977669037227,3261323
2021-06-07,116.36783599853516,116.93387554678023,115.69959538801135,115.99834371112914,3621984
2021-06-08,117.19330596923828,118.08167093444277,116.4464540208501,116.4464540208501,5313785
2021-06-09,118.45115661621094,118.76562718104762,116.99675221232383,117.16185490533002,5547252
2021-06-10,118.34896087646484,120.15713533616844,117.73575454044561,119.08009054266432,4977391
2021-06-11,118.9307632446289,119.37887958083903,118.21535560850143,118.2625224471264,3596462
2021-06-14,117.94803619384766,118.7341876266667,116.87099128957404,118.48261866625636,3498661
2021-06-15,117.42130279541016,117.85369677389525,116.82381863773385,117.80652994379875,2628912
2021-06-16,116.21847534179688,117.7357690952396,115.73891455085041,117.7357690952396,4057329
2021-06-17,114.46533966064453,116.3992926332979,114.2137581368351,115.99835575398205,4568300
2021-06-18,112.515625,113.7420375818596,112.4527359079161,113.58480230394592,9577699
2021-06-21,115.290771484375,115.62096430148715,113.25461799734333,113.29391740464696,4482633
2021-06-22,115.06278991699219,115.4165598617426,114.2687587091554,115.18856809412839,2549102
2021-06-23,113.68701934814453,115.17286846546439,113.65557479767836,115.11783422829572,3349920
2021-06-24,114.33953857421875,114.92916781700336,113.74992187913993,114.62255207831542,3775746
2021-06-25,115.44017028808594,115.51091425158593,113.9543211958874,114.29236892924202,3759533
2021-06-28,114.22161102294922,115.80179374565128,113.92287525451425,115.57381448755756,4067789
2021-06-29,114.42601776123047,115.36154961279172,114.0722477429505,114.19802594622915,2540211
2021-06-30,115.24361419677734,115.51090539844039,113.76563262919267,114.09581292590478,3394375
2021-07-01,115.44017028808594,115.95903045741696,115.22790075446952,115.53450393788958,2809661
2021-07-02,110.07852935791016,115.52664238029111,109.63828058892487,115.4951852844738,17584515
2021-07-06,109.10369110107422,110.39299292459523,107.78293218015786,110.05494519387,8466010
2021-07-07,109.92131805419922,110.32226749938235,109.08798715656675,109.08798715656675,4246446
2021-07-08,110.64456939697266,111.09267303127986,108.22318860825185,108.31752225304132,5739820
2021-07-09,111.25777435302734,111.61941174898352,110.72317939606147,111.20274012039614,4083689
2021-07-12,110.78604888916016,111.60365718002463,110.1571203998569,111.18699817286615,3496360
2021-07-13,110.28292846679688,110.78606631831346,109.7719232046139,110.78606631831346,3309858
2021-07-14,109.92131805419922,110.65244787431347,109.22163278905865,110.62887073193694,4606061
2021-07-15,110.41658782958984,110.42445524123688,109.11941853348253,109.52822279418515,3807126
2021-07-16,109.1980209350586,110.84897266545057,108.95431940962293,110.84897266545057,4298328
2021-07-19,108.42760467529297,108.87570836727521,107.08325595622694,107.27193581779552,8977086
2021-07-20,110.03921508789062,113.93072251533323,109.04079424161428,112.42129640369802,14237838
2021-07-21,111.08482360839844,111.15558011930821,109.78765436893364,110.03922331506418,5024984
2021-07-22,110.62098693847656,111.48576226302593,110.3851402633909,111.36783892548308,3466653
2021-07-23,111.11625671386719,111.39927018065211,110.32223799614826,110.81752097379999,4680013
2021-07-26,112.24048614501953,112.42131113812592,110.95118424427241,111.1555863772058,4441630
2021-07-27,112.2247543334961,112.92443946352398,111.32066708790289,112.05179676683235,3281302
2021-07-28,111.45430755615234,112.49990777130188,111.3521065030815,112.42915126568292,2660815
2021-07-29,111.58011627197266,112.38985741629342,111.32067989213635,111.89457434486285,2793761
2021-07-30,110.81753540039062,111.51722056950327,110.6838772385351,111.2577842050154,3698238
2021-08-02,111.17916107177734,112.46847549187363,110.87255787912065,111.20275075879165,3064257
2021-08-03,113.26251220703125,113.75779533090869,111.36000364884961,111.55653839675426,4272596
2021-08-04,112.23261260986328,113.34895674353446,112.00462082732568,113.05022100557875,2960285
2021-08-05,112.24048614501953,112.74363661331269,111.80809219161964,112.44488827795291,2884240
2021-08-06,113.2781982421875,113.51404488329833,112.33481167774424,112.42129045251205,4002833
2021-08-09,112.32394409179688,113.31796893391102,112.10128547174519,113.07939434113261,5129689
2021-08-10,112.4273452758789,112.76928491775533,111.60032374495326,112.29216101673389,5543695
2021-08-11,113.02375030517578,113.53268071751448,112.52276518781748,112.74542382973623,4455960
2021-08-12,113.771240234375,113.83486605369451,112.9839833632536,113.12712559151721,2184780
2021-08-13,113.85873413085938,114.17682520544363,113.27027452739499,113.42932006468712,1997965
2021-08-16,114.18475341796875,114.30403438005013,113.10326677208744,113.89848164740633,2913319
2021-08-17,113.25436401367188,113.84282357957393,112.19673854634695,113.71559731159442,3215195
2021-08-18,110.9084701538086,112.85674271919342,110.84485702761019,112.65794535374135,3672192
2021-08-19,109.7553939819336,110.8925482284484,109.1112667648944,110.28818555467983,4351465
2021-08-20,110.62220764160156,110.83690830655188,109.1590167715692,109.53276295747555,2780059
2021-08-23,111.02777862548828,111.44924742140776,110.3757058438712,111.02777862548828,3179422
2021-08-24,111.20270538330078,111.51283842705446,110.78919465829587,111.15499553629975,2474418
2021-08-25,111.21861267089844,111.96611773615943,110.90053432060544,111.26632251961762,2105389
2021-08-26,110.35978698730469,111.96612013255151,110.3041191498583,111.30608945523171,2613640
2021-08-27,110.86077117919922,111.00391341934498,110.05761095961923,110.30411819389045,2572637
2021-08-30,110.5108871459961,111.23453103895241,110.39160616193921,110.93235593058613,2087293
2021-08-31,111.60032653808594,112.07745045104883,110.49497847317782,110.96415709008,4429915
2021-09-01,110.77330780029297,111.3856286835045,110.68583338840561,111.3140575563088,2588327
2021-09-02,111.337890625,111.36969718995182,110.55857901502121,111.1072866830169,2840413
2021-09-03,110.9959487915039,111.7036892700905,110.77329014913374,111.07547789445616,2009575
2021-09-07,109.78721618652344,111.16293250440476,109.5486542772238,111.051609536408,3436110
2021-09-08,110.27230834960938,110.60630266929905,109.42142561383145,109.85083962933822,3122728
2021-09-09,109.53276062011719,110.50292431586477,109.3896183850948,109.62023502016811,3669682
2021-09-10,108.960205078125,110.82896136421628,108.94430179548225,110.39158936112803,4157955
2021-09-13,109.85880279541016,110.52677877411254,109.34985965056629,110.05761287598159,4334729
2021-09-14,108.32405090332031,110.19280745176266,107.62425560013621,110.05762318423847,4659198
2021-09-15,109.10334777832031,109.58047164396324,107.88666415189994,108.32403615684925,3403579
2021-09-16,108.49105072021484,109.6997766237891,107.91849434081107,109.1669848059484,2765624
2021-09-17,107.53677368164062,108.0854686372015,107.39363145248063,107.95028439506787,5890340
2021-09-20,106.80517578125,107.49701299081318,105.58849852011275,106.47913945258394,4990152
2021-09-21,105.73960876464844,107.87078233976689,105.7157538358347,107.44136823678478,4261927
2021-09-22,107.05964660644531,107.64810616479554,106.13719906068661,106.33600279401891,3767901
2021-09-23,108.72959899902344,109.27830672605457,107.3777436901362,107.55269250835875,3151807
2021-09-24,109.33395385742188,110.12122348169468,108.74550700132205,108.96816565577839,3100762
2021-09-27,110.18484497070312,110.59041044890638,109.32601685378187,109.70772105956158,3459017
2021-09-28,109.31803131103516,111.08340964474596,109.11127597603279,110.66989897474123,4513072
2021-09-29,110.67788696289062,111.2742918631588,108.49899736853357,109.52481633542811,3947499
2021-09-30,110.47907257080078,111.7832180044829,110.13713292846944,111.32995537477589,6090230
2021-10-01,113.97006225585938,114.48695069865278,111.62418198592542,112.12516714526099,6907889
2021-10-04,114.59828186035156,116.10123744560605,113.1987039710326,113.50883705883908,7689251
2021-10-05,113.8348617553711,115.30599776435538,113.42929635465946,115.10720040341947,7297524
2021-10-06,113.2066650390625,114.00982535542325,112.03770378278656,113.30208474921422,5573506
2021-10-07,112.76929473876953,114.03368841719077,112.54663605275724,113.50089663007205,3999695
2021-10-08,113.89053344726562,114.23248577292621,112.16491930412523,112.769282153616,3902940
2021-10-11,113.26231384277344,114.57441713587265,113.2384525731633,114.11319656333923,2921792
2021-10-12,111.70368957519531,113.15893508781947,111.56850533040468,113.08736397183276,3293436
2021-10-13,111.9343032836914,112.45119167214314,111.05955932464674,111.7434512100966,3013003
2021-10-14,114.02574920654297,114.44720532706646,112.13313123617316,112.15699251144221,4410668
2021-10-15,114.9958724975586,115.18672457685213,113.54858496667866,114.0257215109948,3371049
2021-10-18,113.1748275756836,115.25828426694301,112.72951033220022,114.51077930613374,6437189
2021-10-19,112.90446472167969,113.66786030893996,111.74344902106895,112.18876628667844,4539117
2021-10-20,112.8408432006836,113.0794051240473,111.8865828150643,112.66589440563968,6474008
2021-10-21,102.04978942871094,106.33599030847412,101.86688900014742,106.16899950741863,32913959
2021-10-22,101.69194793701172,103.57660750471841,100.68203237500471,101.82713853156642,12114981
2021-10-25,101.50111389160156,102.30428052580258,100.94446085879069,101.4136394809551,6667204
2021-10-26,101.0955581665039,102.02595745392802,100.80132835569883,101.40569126231195,8912861
2021-10-27,99.53689575195312,101.69192329438445,99.40966317562972,101.34203212297487,7294176
2021-10-28,100.06971740722656,100.44346995525535,99.09955999522379,99.53692567749897,6802138
2021-10-29,99.48125457763672,100.4514118959466,99.3301607062278,99.74367142322582,6188973
2021-11-01,100.41961669921875,100.4434716249577,98.47929549687584,99.44150128309285,6177153
2021-11-02,100.34007263183594,101.1273357827487,99.33015086246422,100.4354986606157,4722062
2021-11-03,101.0955581665039,101.22279079261104,99.94249385078805,100.37986591878663,5670784
2021-11-04,100.52227020263672,102.59343479697826,99.73206870384786,102.35222020174733,7208700
2021-11-05,102.81802368164062,102.95110737874778,101.00471309271748,101.00471309271748,6790500
2021-11-08,103.59161376953125,103.79124252998058,102.75150014793464,103.13412458299749,5625300
2021-11-09,101.8636474609375,103.59158118700056,101.36634353272102,103.30499413945275,7236600
2021-11-10,101.33264923095703,103.19544294043703,101.08820936445063,101.99010507774214,6270300
2021-11-11,101.37477111816406,102.65597249440309,101.21462576920818,101.90579799586477,4643300
2021-11-12,100.27059173583984,101.68665281530193,100.11887067622726,101.14720158796074,5418300
2021-11-15,100.19473266601562,101.28206583572815,99.7227080272875,100.75946965493712,5046300
2021-11-16,99.84915161132812,101.06292016783576,99.81543510356221,100.23688180448666,4750800
2021-11-17,99.5119857788086,100.58246392308803,99.27597667225541,99.78171139069306,4043300
2021-11-18,98.3319320678711,99.76484805606451,98.03691427845013,99.76484805606451,5046900
2021-11-19,97.81777954101562,98.24765053562955,97.16031730129534,98.18864825612766,5380200
2021-11-22,98.17179107666016,100.1441584605004,97.09288860029291,97.775630166889,6416200
2021-11-23,98.4415054321289,99.41083397540588,97.8093354818307,98.4415054321289,4912800
2021-11-24,98.39095306396484,98.84610985778664,97.84307104747334,97.91050406536047,3220800
2021-11-26,97.615478515625,98.06221097002805,96.56186180966837,96.93273694801023,3322000
2021-11-29,99.88285827636719,100.81847037468302,99.0652507282204,99.98400778969737,8949800
2021-11-30,98.70281219482422,100.50660348949438,98.15493021898155,99.03997082847864,9252700
2021-12-01,98.55110168457031,100.24531933780379,98.49209939966998,99.67215152844338,5958300
2021-12-02,98.53423309326172,99.44455944718169,98.2476460126132,98.93039399343611,5267100
2021-12-03,100.16944122314453,100.60774936022962,98.92196268385952,98.92196268385952,6630100
2021-12-06,101.07133483886719,102.1165206904304,100.64145747163151,100.64145747163151,4785600
2021-12-07,102.47897338867188,102.90042005689564,101.20620265002172,101.55179200473279,5194000
2021-12-08,103.69271850585938,103.9961605719442,102.42837870742746,102.83297027246216,5483900
2021-12-09,104.15632629394531,104.47662343739074,102.65597722769023,102.95941933443459,4601100
2021-12-10,104.59463500976562,105.63982741685088,103.97932645199333,104.77164827622369,4966900
2021-12-13,103.32186126708984,104.82221029778718,101.81308150285895,104.31647560878753,6847500
2021-12-14,104.31649780273438,105.38696968168672,103.0858741063988,103.12801492150129,5716100
2021-12-15,103.76860809326172,105.20995505091545,102.98471696568517,104.35020660329909,4990000
2021-12-16,106.14555358886719,106.74400706052847,104.0804675749548,104.10575334504723,7280500
2021-12-17,107.38459777832031,108.4297835730773,105.5386595641345,106.09497217747021,10379000
2021-12-20,107.09803009033203,107.21603464828335,105.10880121234409,105.96855605543632,4941400
2021-12-21,108.70793914794922,109.01980552232745,107.6037510923108,107.6037510923108,4856000
2021-12-22,109.36539459228516,109.39910466179542,107.5531728947764,108.78379621637737,3923200
2021-12-23,110.10716247558594,110.38531882459455,109.17155034220494,109.57613554915753,3649000
2021-12-27,110.94159698486328,110.96688275151163,109.53396690814405,110.10714096240868,4293900
2021-12-28,111.7929458618164,112.2902498370274,110.91632960095593,110.92476676558994,3445200
2021-12-29,112.39981842041016,113.12470711947718,111.5147779482947,111.599059555168,4239900
2021-12-30,112.87187194824219,113.25959575673279,112.38299217366061,112.73700590114365,3158100
2021-12-31,112.66111755371094,113.78216714618212,112.6189703179053,112.9476981787404,3362100
2022-01-03,114.66722106933594,114.87794443512617,112.63585759788364,113.00673277951981,4605900
2022-01-04,116.33613586425781,117.96291374569793,114.54919333782249,114.71778228559388,7300000
2022-01-05,116.50470733642578,119.85941890741447,116.21812671501372,116.58056464300006,8956900
2022-01-06,114.07715606689453,116.66484421620595,111.69176690414605,116.48783099527228,9908100
2022-01-07,113.6473159790039,114.34691902785069,112.53469054376835,113.70631182761242,5238100
2022-01-10,113.81587982177734,114.8020634268445,112.42511103908723,113.34386163762872,5432800
2022-01-11,111.99523162841797,112.31553520661092,107.8650594933878,110.01444003775305,11105300
2022-01-12,112.60212707519531,113.34387738852426,110.73090268404829,112.31554640378464,5352000
2022-01-13,113.58831024169922,114.67564993291296,112.5768407314425,112.86342140140093,4868300
2022-01-14,113.12471771240234,113.90860232353012,112.35768170730886,113.41129835336102,5310300
2022-01-18,112.05422973632812,112.85497574454381,111.07647048808171,112.0626540386038,5246700
2022-01-19,110.90790557861328,112.86341141046591,110.84047256902781,112.02051808294479,4103700
2022-01-20,110.26730346679688,112.00366154061473,110.05658014984752,110.63816570094208,5278200
2022-01-21,109.02825164794922,111.15233346757286,108.96081864171073,110.96689591579973,5907000
2022-01-24,108.58152770996094,108.85967119779816,104.67892737696248,107.8819182540907,13484000
2022-01-25,114.71778106689453,115.76296050740041,108.14321088111444,108.85123815272117,19715700
2022-01-26,113.16685485839844,115.5353959403721,112.2143941329003,115.02965479327821,8336000
2022-01-27,111.70022583007812,113.57987432340364,111.32935071321792,112.6611236957926,5497300
2022-01-28,113.36917114257812,113.39445691762776,111.08492419133691,112.26498276029876,5471500
2022-01-31,112.58527374267578,113.02356903531081,111.51479556023237,113.02356903531081,5859000
2022-02-01,114.23733520507812,114.59978603518805,111.68336937213229,112.74541036770826,6206400
2022-02-02,115.6871109008789,115.94840577840195,114.00974852433225,114.38062365173205,5357200
2022-02-03,116.13383483886719,116.95986665025603,114.49019551872021,115.4763791108084,6100800
2022-02-04,115.60282135009766,117.01046460587756,114.81893668411377,116.20128130600921,4142000
2022-02-07,115.67869567871094,116.1675753976134,114.86108804590387,115.8556960915266,3759000
2022-02-08,115.49324798583984,115.91469465196381,114.44805562370105,115.67024838315425,4181800
2022-02-09,116.14226531982422,116.6142963844017,115.3330949321828,116.1844125582815,5393500
2022-02-10,113.89875030517578,116.49200543659482,113.60017888131435,115.56218805530101,5978600
2022-02-11,113.19072723388672,114.9138845811509,112.92628493640879,114.22290607349116,4176200
2022-02-14,111.02398681640625,113.15660287524199,110.10270813347,113.10542217246281,5345300
2022-02-15,110.8448486328125,112.329141002584,110.56334176560813,111.4419784951605,4394000
2022-02-16,110.196533203125,111.27138005129322,109.41173203793649,110.42685938722614,4875600
2022-02-17,106.60520935058594,109.61646209283136,106.50284143991088,109.23259381719805,6797000
2022-02-18,106.07633209228516,107.006156171372,105.44507949793041,106.57963291687288,4609200
2022-02-22,105.70951843261719,106.63081019467393,104.6517426177899,105.94837040613675,5349700
2022-02-23,104.13137817382812,106.37488795736594,103.96077148993295,106.10191335819698,4086400
2022-02-24,104.04607391357422,104.15696760630455,101.35044407587287,102.36557140830477,6563200
2022-02-25,105.93130493164062,105.99955020736712,103.6024853362385,104.11431839595956,4460900
2022-02-28,104.5067138671875,105.25739233884892,103.25273464689813,104.25079734982042,6757300
2022-03-01,103.51717376708984,105.25738911041925,102.96269233528638,104.64319469415862,4873300
2022-03-02,105.6583251953125,106.32370033069748,103.90105173434937,104.57495264761448,4891400
2022-03-03,107.42413330078125,108.05538581382204,105.98248280364542,106.59667725232406,5206600
2022-03-04,108.01274108886719,108.63546133688727,105.95689607281842,106.11897697682014,4402400
2022-03-07,107.54356384277344,109.11317266807441,107.15969555016231,107.88478371855433,5047400
2022-03-08,107.21087646484375,109.48851539793692,106.47725600834941,108.01274219827427,4887600
2022-03-09,107.67151641845703,109.27524779738941,107.40707412011284,108.6866437054853,4403500
2022-03-10,106.07633209228516,107.50945048773134,105.03561430999078,107.27059850652837,5326800
2022-03-11,105.74363708496094,108.14069552510401,105.70098866742836,106.63080617331022,4119600
2022-03-14,105.72657775878906,106.76729545594632,104.66026970977184,106.16162675686405,3289200
2022-03-15,107.17676544189453,107.43268200402682,105.11239440255311,105.77776965422278,4021200
2022-03-16,108.37102508544922,108.57575441737292,106.38342523451512,107.91037920744981,4292800
2022-03-17,109.15582275390625,109.43732313561893,107.93596607239162,108.42220228763995,3671900
2022-03-18,109.8382568359375,109.98327317128118,107.79948283781803,108.66105507125613,7466000
2022-03-21,109.27525329589844,110.67424892564208,108.67811688774145,110.04298987917089,3384600
2022-03-22,110.09416198730469,110.2988978012059,109.0619766647384,109.61645810465643,2690200
2022-03-23,109.44586181640625,110.31597283745485,109.40320689074053,110.11123700413289,2924500
2022-03-24,110.2562484741211,110.35860987803837,109.01933378311833,109.47144733902654,2971100
2022-03-25,112.04766082763672,112.0903027386517,110.30743871187414,110.46951962639143,3530200
2022-03-28,112.15000915527344,112.17559950547921,110.55481658232418,111.5955342122085,2483500
2022-03-29,112.55095672607422,113.31869336562694,111.26284818702607,112.63625356577089,5791000
2022-03-30,112.7130355834961,113.52342713631866,112.08177650228318,112.61066115469144,2622900
2022-03-31,110.91310119628906,112.49976808709131,110.89603662297026,111.51023109789085,4274000
2022-04-01,111.02398681640625,111.12636123842006,109.24112291516889,110.60600239940592,4012400
2022-04-04,111.1263656616211,111.27990777607015,109.98327351608012,111.11782686651439,2809800
2022-04-05,109.94914245605469,111.9452677715929,109.75294544207978,110.76807267128929,3107200
2022-04-06,110.37567901611328,110.47804042426434,108.55016014417015,109.00227371877833,3958100
2022-04-07,109.65913391113281,110.25626387816804,108.1065894886127,109.93210203186732,3538300
2022-04-08,108.9596176147461,109.85531241401917,108.5672105504237,109.19846305299149,3143300
2022-04-11,107.79947662353516,109.34348202688095,107.63739572383096,109.14728499819148,3202500
2022-04-12,107.46681213378906,108.6269495071283,107.12559219658154,107.84214820731127,2691000
2022-04-13,107.60328674316406,108.05540035421653,106.55404317567033,107.17676348621218,3064900
2022-04-14,107.96155548095703,111.390805818087,107.80800686126123,109.98327138068574,6384200
2022-04-18,107.62885284423828,108.6695703980027,107.082903719022,107.99566302288923,4884200
2022-04-19,110.17095947265625,110.38422111547321,107.48386797974568,107.55211326742203,7971400
2022-04-20,117.9933853149414,119.05115452954553,113.77933397991418,115.16126499458353,17859200
2022-04-21,119.29853820800781,121.03022127103823,117.16592231595516,117.91659425876868,9922300
2022-04-22,117.93366241455078,119.80183607539597,117.16592587666186,119.17057706624064,6508600
2022-04-25,118.65875244140625,119.1279175205444,115.3233380903676,117.37064412292017,5748300
2022-04-26,116.17639923095703,119.31560394939808,116.15933465718447,118.57345769599124,4956200
2022-04-27,115.21244049072266,116.96971392786713,114.84563680002658,115.82663491759223,4369100
2022-04-28,115.79254150390625,116.85884967410279,114.99920145672232,116.73942367969906,4474300
2022-04-29,112.78128814697266,115.63046045061468,112.60214264733803,115.27218246780255,5078700
2022-05-02,113.48930358886719,114.11203692193656,111.65525877267761,113.45518745521944,4213500
2022-05-03,113.04571533203125,113.96700702849441,112.59360177031165,113.45517396941862,3688600
2022-05-04,117.20858764648438,117.60952055563895,112.72156759873253,113.34428791906446,5932600
2022-05-05,115.94605255126953,117.0891314793494,114.95651571063905,116.40670484652503,5957400
2022-05-06,117.43890380859375,117.71188492188506,115.56220421231167,115.56220421231167,7306400
2022-05-09,116.07473754882812,117.72382390534818,115.10774010072731,116.04883677249344,7647900
2022-05-10,111.49011993408203,116.9122355587589,110.88573333169585,116.55824070292759,8642400
2022-05-11,112.88882446289062,114.79693199622571,112.12040392851125,112.12040392851125,5301100
2022-05-12,114.74512481689453,115.36676991645899,112.59528092405921,113.33780072774151,5384800
2022-05-13,115.34949493408203,115.5221711759545,113.1478366207379,114.83145303411185,4195100
2022-05-16,116.58413696289062,117.86195690041374,114.32204800232164,114.9177922062827,4250400
2022-05-17,119.46786499023438,119.46786499023438,117.11080224172929,118.44906604064774,4372900
2022-05-18,114.77964782714844,118.82032709068737,114.11483048402089,118.37137151097352,6003000
2022-05-19,111.94770812988281,114.24434013034343,111.12748617953304,113.96804763058057,5819700
2022-05-20,110.92890167236328,112.56071645619737,108.61501115321323,112.39666942287586,6914500
2022-05-23,113.25145721435547,113.92490388366939,111.7405168096003,111.8095899518831,3591500
2022-05-24,115.52216339111328,116.0142913060038,112.60388635502098,112.73340340846198,4189700
2022-05-25,116.03157043457031,116.40283686938035,114.71057808446196,114.71057808446196,3299300
2022-05-26,118.19004821777344,118.75989163216761,116.14380789031925,116.55823347608236,3929300
2022-05-27,120.24491119384766,120.65070751258607,118.4922220615731,118.62172591889401,4608000
2022-05-31,119.8736572265625,120.7284222962125,118.12096791326437,119.32108542100572,7978100
2022-06-01,120.3830795288086,121.28101711720895,119.59740060690021,120.59029893559796,3796500
2022-06-02,121.00472259521484,121.12559728694278,118.15553155100606,120.4003491365752,3734800
2022-06-03,121.89401245117188,123.10277248983088,120.65073560832234,121.0996912011488,4352200
2022-06-06,123.3617935180664,124.95906522018213,122.60200224610051,123.44812505165623,4766900
2022-06-07,123.27543640136719,123.4481126255182,121.70406563493597,123.12003175193668,2887100
2022-06-08,121.59182739257812,123.29271530904823,121.00471238632366,122.66244112495264,3005700
2022-06-09,119.11388397216797,121.77312683496065,119.08797002264548,121.00470643140302,3591000
2022-06-10,117.58567810058594,118.97574352474948,116.77408530737401,118.97574352474948,4659500
2022-06-13,116.65322875976562,118.77718497800964,115.48764094162433,115.66895957920237,6486000
2022-06-14,117.17990112304688,118.2418726558972,116.43738133539318,116.55825603690171,4607800
2022-06-15,118.33683776855469,119.53695549218808,117.05901770852535,117.43027098754163,4606900
2022-06-16,117.13671112060547,117.62885222899185,116.03156739488273,116.81725942352462,5386400
2022-06-17,116.57551574707031,118.26776139590405,114.70195147725646,117.41300937024167,12968500
2022-06-21,119.0189208984375,119.58012197732646,117.33529131306514,117.33529131306514,4089300
2022-06-22,118.35408782958984,119.30381361970885,117.44752121338684,117.50796513583084,3791500
2022-06-23,119.52832794189453,119.68373261683323,117.85334062655822,118.40591253915183,4547900
2022-06-24,122.65380859375,122.92145875473642,120.12406927928792,120.18450003772682,11493000
2022-06-27,123.292724609375,124.1820197993605,122.55883408978549,122.82648424948069,3936000
2022-06-28,122.48111724853516,124.46692679486459,122.01489011821164,123.39631310852874,4064800
2022-06-29,121.48823547363281,123.91437170268559,120.44352242150497,123.24092510438457,4161500
2022-06-30,121.90263366699219,122.99914802993774,120.25354752279895,120.51256842714797,4878000
2022-07-01,121.84219360351562,122.31706308079383,120.23627975494358,121.73859050823707,4011900
2022-07-05,118.82030487060547,120.84928649809164,116.79133641746918,120.84928649809164,6273400
2022-07-06,119.21748352050781,120.13267934754761,118.39726159104862,119.14841039732634,3237000
2022-07-07,121.59182739257812,122.01489536510927,119.86503869966248,119.93411182830137,3897100
2022-07-08,121.28102111816406,122.01491168052745,120.71981998766545,121.53139971540163,2820800
2022-07-11,121.73859405517578,122.48974286653234,120.98744524381924,121.41050001143326,3904700
2022-07-12,120.1672134399414,122.21346690805507,119.64055555954332,121.60045115278182,3235400
2022-07-13,118.44043731689453,119.92547673694428,118.112356403874,118.44043731689452,4123200
2022-07-14,120.06361389160156,120.38306557915865,116.57550658147069,117.07627687575197,5298400
2022-07-15,120.8061294555664,121.46230438395287,119.67508502502783,121.46230438395287,4519300
2022-07-18,119.26066589355469,121.14285925463734,118.95847260102933,121.00471299666276,8231700
2022-07-19,113.00105285644531,114.45154899085773,110.27272364245798,113.60542624578382,29690500
2022-07-20,111.53327178955078,112.86290641826682,110.56627436819497,112.84563484307066,9882000
2022-07-21,109.78058624267578,111.2138173511698,108.0365260729373,111.16201580121691,11975400
2022-07-22,110.73033905029297,110.79078298594011,108.53731634023919,109.67699675937502,6467200
2022-07-25,110.980712890625,111.49012561066061,110.42814757627185,110.89438135328326,4702400
2022-07-26,110.58354949951172,111.63689165636963,110.19501809121476,110.73895415821917,3645300
2022-07-27,111.48147583007812,111.74912597446038,110.15185430902181,110.4885775833015,4175600
2022-07-28,111.56782531738281,112.07722485106065,111.0411542069023,111.1620288958149,3913700
2022-07-29,112.92333984375,113.10465845172342,111.64551991036592,111.82683851833933,5786800
2022-08-01,114.0025863647461,114.57242980852469,112.84564107539138,112.88881342859021,4142100
2022-08-02,113.80400848388672,114.64150206703626,112.68159318101442,114.14073175731316,4403600
2022-08-03,114.2615966796875,114.71056539735274,113.38094399325153,113.81264113637354,3088500
2022-08-04,113.65724182128906,114.21844292898898,113.12194149244586,114.09756823620653,3179800
2022-08-05,114.38247680664062,114.5465238367451,113.16510081749804,113.32050547274318,2586500
2022-08-08,114.49471282958984,115.13362932187681,113.98531338032973,114.91778075784956,3821200
2022-08-09,113.19207763671875,114.34611056281159,112.88607688234376,113.58549764924264,3496000
2022-08-10,114.96683502197266,115.21163025745386,113.95267570907066,114.31113063971806,3664000
2022-08-11,115.87606811523438,116.47931825821166,115.4039668478787,115.71870547289558,3501900
2022-08-12,117.1612548828125,117.23119828482355,115.3864827453443,115.9460166210928,2766900
2022-08-15,117.96558380126953,118.19290319251627,115.61380194667579,116.24327922339928,2791200
2022-08-16,119.39065551757812,120.09881413808961,117.54593993090513,117.67708881565851,4313600
2022-08-17,120.46601867675781,121.01681469734936,119.16336100821673,119.30324782937355,3667600
2022-08-18,121.58507537841797,121.62877832841448,120.43102934719114,120.46599437525612,3177700
2022-08-19,120.97308349609375,121.82112890192073,120.3523574817296,121.30531132033026,3155800
2022-08-22,118.50764465332031,120.51847414961469,118.43770124975858,120.34360897054025,3093600
2022-08-23,117.79946899414062,118.98848000200532,117.78197981069516,118.35025153945931,4141800
2022-08-24,116.47933959960938,118.12297642477199,116.37443115216213,117.93063537755756,2855400
2022-08-25,117.1350326538086,117.52845263371107,116.33945477101572,116.84652111112266,2706000
2022-08-26,113.9876480102539,117.30987269783162,113.95266964113928,117.23994264028057,4185300
2022-08-29,113.92645263671875,114.89689569044596,113.27949949446081,113.64669236068998,2783000
2022-08-30,113.28823852539062,114.32862499338587,113.03469201553375,114.14502188830537,2407900
2022-08-31,112.30030822753906,113.6554333704082,112.25659193125155,113.58548996441631,3490400
2022-09-01,113.3581771850586,113.49806398875575,111.67956889154247,112.25658528136839,3396200
2022-09-02,111.7232894897461,114.14502150807125,111.24243692122315,113.91771544856057,3040600
2022-09-06,110.78782653808594,111.95934863731112,110.42063364162765,111.73204256055354,3347100
2022-09-07,111.6533432006836,111.79323000615642,110.40313322499277,110.76158816138938,2401500
2022-09-08,112.31779479980469,112.3789869409104,110.67415814810413,111.207464933581,2964600
2022-09-09,112.94727325439453,113.20955768835769,111.95934100061422,112.69372674343866,3291900
2022-09-12,114.23243713378906,114.52094863205502,113.55924363783518,113.94392563552312,3741100
2022-09-13,111.25118255615234,113.57675075272103,110.83152879513243,112.90355715048472,4565600
2022-09-14,111.63585662841797,112.781151458386,110.9014642667123,111.4697427204978,3819100
2022-09-15,109.71247100830078,111.44353375905274,109.19665335575688,111.37359034746925,5141700
2022-09-16,111.26866912841797,111.4959818685137,108.26117596712967,108.72453937066177,9839700
2022-09-19,111.67084503173828,111.95934992789793,110.40314572672771,110.58674217707323,3981600
2022-09-20,110.4206314086914,111.0238749634824,109.73869318169679,110.94519363161987,2837500
2022-09-21,109.2228775024414,111.76700733064438,109.21413290868814,110.936451018693,3389500
2022-09-22,109.55509948730469,110.60423062966817,108.76825946824549,109.07425355012082,4046600
2022-09-23,107.281982421875,109.28406733588889,106.43393699212128,108.87315817547874,5195600
2022-09-26,106.66998291015625,108.63709591192368,106.44267020674901,106.92352271969327,3987800
2022-09-27,106.4339370727539,108.36607858429578,105.85692066527174,107.18581199020805,4117200
2022-09-28,107.32569122314453,107.73660035486405,104.74658341199486,106.35524823934684,4996400
2022-09-29,106.33777618408203,107.20331087889707,105.41104934295116,106.53011722737426,3817700
2022-09-30,103.87232208251953,107.03719119252126,103.69747023629263,106.36400424736028,5346100
2022-10-03,106.23284912109375,106.84483717870621,104.56298551077042,105.05258262702996,4261700
2022-10-04,109.72122192382812,109.85236416056017,107.11588638868976,107.36068834333618,4566100
2022-10-05,109.93102264404297,110.56049991334122,108.61087596722176,109.03052303330736,3212900
2022-10-06,106.8623275756836,109.5463438076683,106.46015636735318,109.17914429876528,5074600
2022-10-07,103.88107299804688,106.48640835447786,103.2253685295345,106.2241238990046,4499700
2022-10-10,102.94559478759766,104.87773636068542,102.32486206530731,104.72911162510259,5990000
2022-10-11,102.98931121826172,104.2395212577916,102.23743627587758,102.69205507653828,4043100
2022-10-12,102.78822326660156,103.87231935915996,102.46474002237558,103.16416072928628,3338800
2022-10-13,106.47764587402344,106.79238449965193,101.022187480079,101.50303334077778,5837500
2022-10-14,104.94767761230469,107.1333589854279,104.7728191003527,106.48639916663109,3762400
2022-10-17,106.24159240722656,107.43060355362206,106.16291108306226,106.48639431280085,5458600
2022-10-18,107.48306274414062,108.35733523974568,106.50387514780182,107.5355169594226,5120300
2022-10-19,107.10712432861328,108.35733425274748,106.65249889974463,106.9759821214331,5906600
2022-10-20,112.16917419433594,112.74619729630875,109.41521424527657,110.37691274506085,13623100
2022-10-21,113.56800079345703,114.39857040201218,111.54843330389798,112.24785402357253,7201300
2022-10-24,116.00721740722656,116.37441024767428,113.52428676781467,114.44226219876433,5610900
2022-10-25,116.21702575683594,116.54051562191135,114.79197079139607,115.40395881400875,5957600
2022-10-26,118.0355453491211,118.77868243571262,116.11214819248303,116.90773950347548,5139000
2022-10-27,117.8257064819336,119.25076156036567,117.54593288350557,118.50763795267764,3993200
2022-10-28,121.09548950195312,121.40149023919093,118.21913860134913,118.51638807502307,5965500
2022-10-31,120.90313720703125,121.32279760878448,119.42562789950438,120.70205826890337,4915300
2022-11-01,120.82447052001953,121.21789052152177,119.51306162145129,120.86818681804004,3590600
2022-11-02,119.626708984375,122.54677596219359,119.60048187633721,120.43103809166001,5360500
2022-11-03,117.56343078613281,119.32071380792051,117.12629451142877,119.26825958941049,4442400
2022-11-04,119.74039459228516,120.41357496472347,117.97436000696351,118.5950861519747,4178000
2022-11-07,120.94685363769531,121.26159226919943,119.34693337257771,119.46059306572462,4043100
2022-11-08,122.43311309814453,123.21121507725178,121.27908035333284,121.52387558224257,5042800
2022-11-09,121.54840850830078,122.88429488997008,121.15029792430327,122.04383621277701,4720000
2022-11-10,124.94569396972656,125.0695509507089,122.34468386969888,124.08753720884944,5389000
2022-11-11,126.66199493408203,127.51130950475795,124.70682324959857,125.18455341476825,5871300
2022-11-14,127.57317352294922,129.23640649253878,125.78608364069177,126.1842076808445,5293500
2022-11-15,127.69706726074219,129.30722108914986,125.6268810522708,127.46705107071034,4727100
2022-11-16,127.85631561279297,128.23672854969152,127.40511185115716,127.51128458886856,3445200
2022-11-17,129.24525451660156,129.32487392852443,126.7327207448303,126.87427536562093,3954000
2022-11-18,130.6165771484375,131.20932212192125,129.11259595458665,129.66110340778738,4661700
2022-11-21,129.7672576904297,130.87312815820084,129.56378130419048,130.53695271558726,3476200
2022-11-22,131.9082489013672,132.1294230185731,130.06807862628636,130.5812041981317,7062100
2022-11-23,131.5985565185547,133.11139292313928,131.20044593820896,131.90820558070823,3658200
2022-11-25,131.26239013671875,132.25325920571407,131.02353184722946,131.17392860337281,2075200
2022-11-28,129.3249053955078,131.14739120799823,129.11258691205276,130.91736151839535,3538100
2022-11-29,129.5991668701172,130.20075387915819,128.90024922793765,129.08604139213816,2754700
2022-11-30,131.7312774658203,132.38595760646555,128.87371211431557,129.33375798340126,6377600
2022-12-01,131.9613037109375,132.71328746837,130.35114996079804,132.6867476592485,4495900
2022-12-02,131.52780151367188,131.9613075743382,130.6961848051336,131.0500714361045,2900000
2022-12-05,130.4130859375,131.75781460542962,129.87342064991168,130.88197390055606,2784600
2022-12-06,130.49269104003906,130.75810260304993,129.78493137180774,130.31575449782946,2847600
2022-12-07,130.28921508789062,131.02351456471794,129.42220307945763,130.3422947007757,3971300
2022-12-08,130.7404022216797,131.95243168535785,130.37767354297264,130.84656144495293,2665700
2022-12-09,130.09458923339844,131.23584148222852,130.02381191185486,130.40422482833364,3047600
2022-12-12,132.0055389404297,132.0055389404297,129.99727458884425,130.7758116413131,4032800
2022-12-13,133.20872497558594,135.5443226080822,132.66020410397815,133.03177492058052,8811500
2022-12-14,132.58056640625,134.39419622494506,131.33314158711227,133.12023160109308,4205900
2022-12-15,125.94538116455078,131.80206706485288,125.25531904636274,131.3951142768937,6687000
2022-12-16,123.99903869628906,125.55609935022942,122.94624792199414,124.96335443936472,9834400
2022-12-19,122.85778045654297,124.24676023573328,121.38033914008022,123.99904633233804,5282900
2022-12-20,124.98990631103516,125.12260537127578,122.38889673515293,122.83124493514934,5156500
2022-12-21,125.750732421875,126.59119121287667,124.72448146683993,125.48532083013913,3793700
2022-12-22,124.63600158691406,125.1314292855404,122.63657958966765,124.69792329954619,3337100
2022-12-23,125.31725311279297,125.50304531647151,123.50363609762148,124.37947698802793,2092500
2022-12-27,125.99842834472656,126.26383989862411,124.94563773054813,125.38798582057991,2742400
2022-12-28,123.87520599365234,126.34350325472151,123.8132707597997,125.98077445489145,2539500
2022-12-29,124.7952880859375,125.85692120269638,124.25562267250376,124.37063753911345,2337200
2022-12-30,124.6448745727539,124.65371667692297,123.37090960383412,124.33522543469302,2858000
2023-01-03,125.22879028320312,125.53842595364021,124.28215856354795,124.83067956441425,3338600
2023-01-04,126.15770721435547,127.0600877882754,125.06952096441253,125.68881922024161,3869200
2023-01-05,124.8394775390625,126.06920467982333,123.86630634879467,126.01612506933459,2866600
2023-01-06,127.1308364868164,127.61742207850196,125.25528493274723,125.96304456616328,3574000
2023-01-09,126.9981689453125,128.69678438697494,126.86545638773846,127.46705695007057,3987700
2023-01-10,128.10403442382812,128.14827194129137,126.42310325599013,127.05124360542008,2152100
2023-01-11,128.51095581054688,128.74982754701284,126.90965796485067,128.2809396750485,3268700
2023-01-12,128.76754760742188,129.74956102852008,127.8563115093949,128.1748027135185,2715900
2023-01-13,129.06837463378906,129.25416684253827,127.40514085804465,127.44937838387993,2455700
2023-01-17,128.44908142089844,130.20961873988625,128.28982903812255,129.5372542888463,2986500
2023-01-18,124.22021484375,127.99785845050613,124.06096248478194,127.75014455823998,6445600
2023-01-19,124.40599822998047,125.83035991421141,123.63631671407143,123.85749080479427,4833900
2023-01-20,124.91912078857422,125.50302361413988,124.30867815270055,125.33492914925932,7153300
2023-01-23,125.50302124023438,126.50273240757548,124.7952614801538,125.09605499088478,5898400
2023-01-24,125.17568969726562,126.29040222313074,123.85748729413874,124.96335771640783,4407600
2023-01-25,124.52984619140625,124.7687179719742,123.29127677252467,124.27329020442157,7347500
2023-01-26,118.94741821289062,122.3269646545694,117.64691353500844,121.6722845141964,17548500
2023-01-27,118.89435577392578,119.86752727194538,118.34584829289467,118.93859329645332,8143100
2023-01-30,119.69942474365234,120.41602666250333,118.53161902449098,118.83242605782978,5375700
2023-01-31,119.19513702392578,120.00905605670717,118.33698047318337,119.87635700221924,7206400
2023-02-01,119.51361846923828,120.13290317180498,117.48766990668561,118.98280879534998,5428900
2023-02-02,120.66372680664062,120.95567820312326,119.30130045578242,120.28331388053526,6107800
2023-02-03,121.15031433105469,121.15915643433475,119.90288929945677,120.6283467502508,3755700
2023-02-06,120.47795104980469,120.60182150705218,119.38977824158076,120.16831540487382,4841300
2023-02-07,120.17716217041016,120.67259002103197,118.94743464854659,120.02676539428543,3737600
2023-02-08,120.30099487304688,120.97337267706678,119.57555095218626,120.06213659999177,4593700
2023-02-09,119.78157043457031,121.55478163231513,119.41438626611135,120.89207365190627,3918800
2023-02-10,121.43838500976562,121.59062912600538,119.55769667464189,119.80845329729692,5049600
2023-02-13,123.005615234375,123.04143175091963,121.66227038797939,121.79659940653478,4403000
2023-02-14,121.8055648803711,122.90711762685864,120.94583172700902,122.73695840592745,3202200
2023-02-15,122.15479278564453,122.19957367053783,120.96370597176906,121.08011987424267,2506700
2023-02-16,120.90103149414062,121.76972888772272,120.53384730402655,121.41150907530553,2965500
2023-02-17,120.91893005371094,121.420443188618,119.90693940742545,120.45323342906522,3466200
2023-02-21,117.95464324951172,120.35474623234605,117.90986235336999,120.00547710677803,4257200
2023-02-22,117.29191589355469,118.20539420325515,116.68292579868431,118.12478312797992,3200200
2023-02-23,117.13070678710938,117.94567259178329,115.40227634278905,117.76656268196302,3725600
2023-02-24,116.93368530273438,117.02323341726712,115.72466960226588,116.08288939081484,3015800
2023-02-27,116.86204528808594,118.0979131948289,116.53964199388999,117.69491249338641,2761300
2023-02-28,115.79633331298828,116.9695190079136,115.65303991042356,116.9157873982546,5143100
2023-03-01,114.80223846435547,115.9485581639911,114.3992309610557,115.43808062662384,3760700
2023-03-02,115.46495819091797,115.72467917452664,114.37237681330267,114.98136006985476,3340100
2023-03-03,116.10081481933594,116.34262071400582,115.32167919398991,115.84110749929067,2860300
2023-03-06,116.59337615966797,117.19340186881017,116.05603276913551,116.10081366254822,3131200
2023-03-07,114.85597229003906,116.7993426569928,114.80224068826664,116.67396436445415,3530400
2023-03-08,114.67687225341797,115.29481305733742,114.2290906465442,115.06195787602854,2778800
2023-03-09,112.9842529296875,115.10673327202802,112.82305128560805,114.90075756896276,5478300
2023-03-10,112.3484115600586,113.9962515601981,112.06183158167855,112.94844415480283,5990900
2023-03-13,112.46483612060547,114.80225678184074,111.81107193277342,112.07974364450833,8188400
2023-03-14,111.6319580078125,113.41412692273094,110.3333872244959,113.27979107168368,8114800
2023-03-15,110.40502166748047,110.46771081332983,108.99898782548374,110.14530753964611,5989300
2023-03-16,111.6767349243164,111.7842049744223,109.18707017400915,110.11845677711068,6438700
2023-03-17,110.77222442626953,111.51553675680614,110.09159441950042,111.1214935592919,37400200
2023-03-20,112.78724670410156,112.98427172771302,111.22001089414508,111.32747411967432,4588300
2023-03-21,113.35143280029297,113.87086109084649,112.53647384951857,113.64697029311876,3856300
2023-03-22,111.09461975097656,113.93355350774024,111.05879640240038,113.73652850687373,3549000
2023-03-23,110.48563385009766,111.88271024815755,109.79604636354402,110.87967700980907,4651900
2023-03-24,112.20512390136719,112.30363640853881,110.04681312210516,110.4766865018182,3812300
2023-03-27,115.80529022216797,116.65607263944788,113.26189368401329,113.26189368401329,6524100
2023-03-28,115.83214569091797,116.11873248580416,115.34854755606068,115.68885229347488,2888900
2023-03-29,116.16350555419922,116.73666544014472,115.68884449899771,116.53067607074476,3279600
2023-03-30,115.72469329833984,117.74866148197131,115.61723007281252,116.56652500553535,3561800
2023-03-31,117.39938354492188,117.52476185372149,115.90379455237982,115.9485754480677,4524700
2023-04-03,118.2680892944336,118.76065185115061,117.1128186297807,117.2919285598928,3840100
2023-04-04,117.85612487792969,118.3486737153399,117.22026898087238,118.20539398611322,3382800
2023-04-05,118.33970642089844,118.76062216732176,117.65011901385473,117.65011901385473,2898700
2023-04-06,116.87100982666016,118.75169820949556,116.70981499309725,118.35764817383775,3050600
2023-04-10,117.34565734863281,117.39043824638617,115.74260506466925,116.27098412860923,2614400
2023-04-11,116.79936218261719,117.408352323332,116.58442207438644,116.94265558810436,3132400
2023-04-12,115.11568450927734,117.22026343674774,114.78433050737291,116.78143256149382,3957500
2023-04-13,114.54254150390625,114.9813655850482,112.84096995551627,114.64104717580696,5621500
2023-04-14,114.75747680664062,116.27993163174203,114.01415765313341,115.04406361218071,4180600
2023-04-17,114.47088623046875,115.27689446487734,113.55741478654227,114.90075956635496,3662700
2023-04-18,114.43506622314453,115.24106764847325,114.04997376838756,114.75746952631805,3193800
2023-04-19,113.1275405883789,113.71861556664156,112.21406915141505,113.28874223403191,7014400
2023-04-20,113.16336059570312,117.30085799101293,112.69766392973632,116.55753893396127,9749600
2023-04-21,112.59915161132812,113.46784207926446,112.1871865724828,112.84095064207241,6725400
2023-04-24,112.30361938476562,112.88573679364585,111.55134279245459,112.43795522260022,4043900
2023-04-25,112.74244689941406,113.01111858339573,111.73046297727866,111.85584127444217,4275400
2023-04-26,112.70661926269531,113.33351755725563,112.05286199988488,112.67079591735434,4070200
2023-04-27,113.70966339111328,113.75443745265041,112.35736101275721,113.17232682443168,3204900
2023-04-28,113.20814514160156,113.96041493499958,112.51855766504856,113.36038924275047,5061200
2023-05-01,112.92156982421875,113.51264486410855,112.89470401924295,113.1544181883516,2725000
2023-05-02,112.08870697021484,113.24397762547338,110.39608603117208,113.10964859528458,4445300
2023-05-03,110.55728149414062,112.45587806130366,110.38712912125062,112.3573655562911,4554200
2023-05-04,109.76918029785156,110.61996259819946,109.04377629792113,110.18113854673828,4468200
2023-05-05,110.73639678955078,111.13939751740928,109.9841201095815,110.25279181655738,4971900
2023-05-08,110.51249694824219,110.97818679199735,109.75126961748224,110.83490023722835,3663800
2023-05-09,109.99507141113281,110.72129402512124,109.53211124734301,110.65775006583016,4540000
2023-05-10,110.76667785644531,111.19333311982847,109.93152670407986,110.7394457206161,4189200
2023-05-11,109.74996948242188,110.96638433216506,109.4322497026958,110.76667277754531,3446500
2023-05-12,111.51105499267578,111.52921436741512,109.94060844056042,110.21294365547297,4564800
2023-05-15,111.98310089111328,112.2826682399979,111.05716670833755,111.6563014061068,2915700
2023-05-16,112.0738754272461,112.43698673061965,111.15702094452658,111.97401964567406,2748400
2023-05-17,114.11637878417969,114.24346671270588,112.08296500198796,112.50962030165704,4515100
2023-05-18,114.51579284667969,114.84259233000145,113.64432986641233,113.7441856488591,3797900
2023-05-19,115.5234146118164,116.45841455413367,114.87889538163643,115.0967593786252,4306700
2023-05-22,115.74129486083984,116.36766173162808,115.42357504441559,115.74129486083984,2806800
2023-05-23,116.35857391357422,117.18465235349899,115.40541447416776,115.50527026197784,4592300
2023-05-24,114.08912658691406,116.10438756461053,113.89849472764162,116.03176392514348,3915500
2023-05-25,115.06953430175781,115.49618956111513,113.48092841950437,114.02559190826543,4102900
2023-05-26,117.00309753417969,117.70208803320298,115.11492422156728,115.3418679295513,5612600
2023-05-30,117.53865051269531,118.07424805014428,116.43116440026886,117.61127414237554,3741100
2023-05-31,116.73075866699219,117.50237279064633,115.70497563223344,116.65813502052109,11590200
2023-06-01,117.84732055664062,118.14687402426641,115.99545237478723,116.59458701312468,4136100
2023-06-02,120.20752716064453,120.84296669645269,118.14687466094816,118.35567282035463,5375800
2023-06-05,120.40723419189453,121.26054461578005,120.07136198946651,120.84296216417177,3993500
2023-06-06,120.45263671875,120.67958041176097,119.71734136964146,120.21660641303059,3298000
2023-06-07,121.98677062988281,122.04123489653402,119.9987417878562,120.28014973324939,5772000
2023-06-08,122.01403045654297,123.4392298797156,121.65091217721368,122.26820632630046,4128500
2023-06-09,122.8219223022461,123.54814484805763,121.79613243685442,121.96861184978324,3981500
2023-06-12,123.83863067626953,124.02018285734398,123.29397413304616,123.45736694055012,4494500
2023-06-13,124.9098129272461,125.42723733934442,123.45736776585389,123.92032790842013,3927300
2023-06-14,124.54669952392578,126.1171460461423,124.31068306298532,125.09136994338121,4514900
2023-06-15,125.63602447509766,125.99914269936424,124.52853813128648,124.61024838896142,3812600
2023-06-16,124.8008804321289,126.60735734025917,124.79180767033537,126.38948639331221,7473700
2023-06-20,123.42105102539062,124.57391489062972,123.35750014933973,123.78415535512002,4271300
2023-06-21,121.36041259765625,122.90362695389693,120.99729437460064,122.64945112352994,5501300
2023-06-22,119.07281494140625,120.69773953688039,118.62800031746573,119.53577508763873,6012800
2023-06-23,117.4932632446289,118.57351726627701,117.26631958803196,118.37380574034837,11324700
2023-06-26,119.2271499633789,119.2907008540131,117.38436805662413,117.4569917095437,4845600
2023-06-27,120.13489532470703,120.68863842203558,118.76416057301142,119.19081577184859,3219900
2023-06-28,119.6083984375,119.98058941672676,118.8367981956754,119.88073363819139,2753800
2023-06-29,121.69628143310547,121.95954386890696,119.54485969635454,119.5993239654049,3639800
2023-06-30,121.46934509277344,122.57683146894126,121.12438623252774,122.2681913579553,4236700
2023-07-03,121.34223937988281,121.95953336287937,120.616016868169,121.11529571069364,1477100
2023-07-05,121.85968780517578,121.92322483507061,120.36185115209592,121.02453669476617,2955100
2023-07-06,119.97152709960938,121.55104646834425,119.41778388889733,120.95192559651977,3507700
2023-07-07,119.8989028930664,121.50566824317264,119.59933553277237,119.62656766993139,2982700
2023-07-10,120.64325714111328,120.77943166274095,119.5539302258081,119.60839449384189,2369200
2023-07-11,122.04125213623047,122.15018068492027,120.94283848127715,121.33318886665704,2924000
2023-07-12,120.58880615234375,122.84917048545978,120.3437169192025,122.61315401414217,3732200
2023-07-13,121.56917572021484,122.61312484647544,121.06082414812408,121.19698480081215,3221400
2023-07-14,121.0971450805664,121.56919182498815,120.6795764559783,121.56011906412087,2861500
2023-07-17,121.85968780517578,122.19556003122545,120.82482514102219,120.97005857430042,3167400
2023-07-18,122.87638854980469,123.41197231850087,121.90506293567208,122.28634051331474,3852100
2023-07-19,122.98530578613281,123.86584830534731,122.72205723213452,123.03069728897167,5520000
2023-07-20,125.61788177490234,127.37896711041718,123.96572498334291,124.53762754219721,10896300
2023-07-21,126.12622833251953,126.88875581236431,125.05504690474775,125.46355663109803,5858600
2023-07-24,126.67086029052734,127.1973712153138,125.98095658815593,126.49839475359023,3475200
2023-07-25,127.38801574707031,127.47878489932847,126.21697871514463,126.56193750773384,3770800
2023-07-26,128.05979919433594,128.22319201152084,126.97954495335462,127.4878966311001,4046400
2023-07-27,129.78456115722656,130.15675214068733,128.8132354957378,129.17635371797166,6331600
2023-07-28,130.22027587890625,130.6741632217059,129.67561937847216,130.21120311860554,6686400
2023-07-31,130.8829803466797,131.26425799961393,130.29293219367187,130.54710806126408,6138100
2023-08-01,130.11135864257812,131.15529408101216,129.05833659151222,130.94650976363408,4797700
2023-08-02,130.87388610839844,130.99190126025272,129.18542449271993,129.61207974006916,4957400
2023-08-03,131.12806701660156,131.82705749064434,130.09320429924014,130.51985956312586,3951900
2023-08-04,130.93743896484375,132.61681399321188,130.7104952703445,131.7090392152149,4223100
2023-08-07,132.6985321044922,132.98902672970877,131.56381344638888,131.6273643399848,3438700
2023-08-08,132.4534149169922,132.67127198841897,130.81941762357533,132.26277612795056,4654600
2023-08-09,130.8373565673828,133.08699592416943,130.66289228064983,133.08699592416943,4072900
2023-08-10,131.53517150878906,132.7564072432029,131.02096993870785,131.34233891453763,4735800
2023-08-11,131.41580200195312,131.71881665238442,130.58023143239785,131.41580200195312,2526400
2023-08-14,130.30477905273438,131.64537421208487,130.20377415626734,131.35155070205437,4226400
2023-08-15,130.26806640625,130.67208606670516,129.65285974544665,129.9283289694794,3656600
2023-08-16,129.13864135742188,130.47005942256007,129.06518197308353,130.11195368075124,3285300
2023-08-17,129.15701293945312,130.99345556104882,129.10192190255648,129.4783819916652,3742100
2023-08-18,129.8456573486328,130.23130855377835,128.33058403097934,128.5509621528952,3915500
2023-08-21,130.64451599121094,130.7455208873412,129.5701988292494,129.8548451699045,2937800
2023-08-22,129.91912841796875,131.51682441011923,129.7446641404479,130.9934455885009,3557500
2023-08-23,131.6820831298828,131.74635131719882,130.00173693999946,130.13028732557268,2559100
2023-08-24,131.81065368652344,132.65541549398478,131.50763901467153,131.77391699305713,2900200
2023-08-25,133.4634552001953,133.5736372591874,131.76474039903596,132.38912408124892,3660100
2023-08-28,134.07867431640625,134.73979475438364,133.33491732641787,133.51855877897944,3561100
2023-08-29,134.47348022460938,134.73058101733935,133.71135501368045,134.33575266098347,2778100
2023-08-30,134.84996032714844,134.905051355083,133.8307342775302,134.44594077437105,2245400
2023-08-31,134.82241821289062,135.6488116746334,134.55612622323474,134.92342310363193,3885900
2023-09-01,135.84164428710938,135.98856303926706,134.90505475578334,135.2172465959109,2727800
2023-09-05,136.01612854003906,136.81497660449566,135.5019268428741,135.81411872887492,3731300
2023-09-06,135.95184326171875,136.1997669354651,135.0887129990756,135.5845603465683,2932200
2023-09-07,135.45599365234375,136.61294730592914,135.3457975822808,136.01610913777375,3332900
2023-09-08,135.6029052734375,136.43848995999969,135.2172540360113,135.2999045954873,3722800
2023-09-11,136.2456817626953,136.61296468043392,135.51110191627285,136.42014605245197,3273600
2023-09-12,134.33575439453125,135.89672751651898,133.87664382859705,135.8232681446564,4457700
2023-09-13,134.56532287597656,134.96015127615323,133.98683902265884,134.01438453844122,2627800
2023-09-14,135.29989624023438,135.6488107605814,134.50103428759311,135.32744175471063,2723100
2023-09-15,134.05113220214844,135.75902437512318,133.6287442406837,135.07953557135642,6234000
2023-09-18,133.22474670410156,134.5010739580737,133.19720118150087,133.849144575261,2508100
2023-09-19,134.5377655029297,134.7214069289419,132.82987362022504,133.14206544554008,3945400
2023-09-20,137.57708740234375,139.50534356238063,136.01611412680612,136.22730108484598,9632400
2023-09-21,135.32745361328125,137.04452288383442,135.26317139990817,136.81496756912114,4944600
2023-09-22,134.89588928222656,135.9885748283431,134.8132527310777,135.35499991431286,2562000
2023-09-25,134.5010528564453,135.37336029415616,134.28986587932368,134.58370342222787,2694200
2023-09-26,131.52601623535156,134.21639775912675,131.32400644048752,133.61036837453466,4824700
2023-09-27,131.46176147460938,132.05861381532137,130.16706588560882,131.92087219318142,4439800
2023-09-28,130.00177001953125,130.6445221109484,128.74381135411878,130.51597169266498,5783200
2023-09-29,128.82643127441406,130.50677767493016,128.19285643361945,130.38740444088396,5704000
2023-10-02,129.28555297851562,129.882391178219,128.42242277393964,128.58769587135504,3275300
2023-10-03,128.9091033935547,130.0568801578719,128.5509976035256,129.3498457479874,3284400
2023-10-04,129.53347778320312,129.65283701763477,128.54179715709228,128.89071170281966,2637600
2023-10-05,129.94668579101562,130.1119589042032,128.72544974788494,129.3773790422744,3223900
2023-10-06,130.4149627685547,131.2505474670919,128.65197965322147,129.83647889865284,3511100
2023-10-09,130.57106018066406,130.75470163020913,129.17535994442142,130.66288791090884,2354400
2023-10-10,130.4884033203125,131.69127074020017,130.13029764560594,130.93833671097144,3015800
2023-10-11,131.51681518554688,131.61782007539847,130.51595746579954,130.85569481759887,2511500
2023-10-12,129.68955993652344,131.241341906842,129.42326795758004,130.85569070614662,3921100
2023-10-13,127.13689422607422,128.6611305384816,126.96242998279506,128.3397615738097,4582800
2023-10-16,127.82557678222656,128.34895556974863,127.19200192553407,127.88984497921126,3361500
2023-10-17,128.84483337402344,129.12028858484018,125.16275659871113,125.9065136898096,4172800
2023-10-18,128.52345275878906,128.94582676415155,128.16534696687438,128.55099828040196,3330000
2023-10-19,126.72369384765625,128.00921184373152,126.65023447551401,127.30217764643726,5314200
2023-10-20,125.9432144165039,127.88066157451875,125.90647772492433,126.85224437443019,4865600
2023-10-23,125.22702026367188,126.42069669617022,124.75871845279079,125.45657557929763,3457500
2023-10-24,126.52171325683594,126.69617755454281,124.92401707982738,125.55759205110147,3698000
2023-10-25,125.86978149414062,127.16447693100221,125.18111549720729,126.25543277110981,6472500
2023-10-26,132.00347900390625,132.6003312100769,130.00176344740993,130.57105612660723,11130200
2023-10-27,130.86489868164062,132.8666143151698,130.12114169833953,131.87493366712013,5469200
2023-10-30,130.96588134765625,132.68295033913174,130.91996748998713,131.48008292728898,4204100
2023-10-31,132.8115234375,132.92170550598715,130.9291670388248,131.3056411207488,6591800
2023-11-01,133.50938415527344,134.52861045596725,132.63707663922568,133.14210120460484,4750100
2023-11-02,134.98770141601562,135.07035197713793,132.99516297748607,133.8491160288241,3902700
2023-11-03,135.804931640625,136.30995618375232,135.2356388888883,135.39173483659204,3510500
2023-11-06,136.78744506835938,137.0261775918908,135.75904156890485,135.79576426062243,4597200
2023-11-07,136.6588897705078,137.0720865896324,135.92430986376064,136.84253124445803,3549900
2023-11-08,135.9242706298828,137.43932986634053,135.5202510972428,137.04450151186018,3618600
2023-11-09,136.1564483642578,136.5000529224944,134.91208096373734,136.09145128773378,3412700
2023-11-10,138.3851776123047,138.52446718021935,136.3700415673558,136.91793276094563,3179000
2023-11-13,137.5308380126953,137.8930050665258,136.83436181918708,137.86514715237305,2647200
2023-11-14,139.6759796142578,140.04742790872558,138.41303557528565,138.78448386975342,4321900
2023-11-15,141.69110107421875,142.28542678609367,139.6666698191856,139.6666698191856,4632500
2023-11-16,142.13685607910156,142.40616813626065,141.27323242027106,142.08114025206012,3519200
2023-11-17,141.97900390625,142.5454718203429,141.57969765967977,142.3504522365407,4426500
2023-11-20,143.33480834960938,143.64124540968902,141.4775384735916,141.6261092945911,3658500
2023-11-21,142.9261932373047,143.62266937516063,142.55473079520888,143.56695355130708,2859500
2023-11-22,144.0591583251953,144.5977683489101,143.15838120258474,143.47411371549975,3044700
2023-11-24,144.10556030273438,144.30986111903192,142.9354854029029,144.05913989253943,1799200
2023-11-27,144.46771240234375,144.997026832525,143.70622511876883,143.92910255612182,4053100
2023-11-28,144.54202270507812,144.63489186699158,143.80840733740257,144.34701730284237,2666200
2023-11-29,145.247802734375,146.26929272531964,144.88563565370313,145.00634856736343,3568900
2023-11-30,147.24435424804688,147.2815075808681,145.69353559411175,145.7492514234989,6740600
2023-12-01,149.09237670898438,149.12951588038644,146.72435423389808,147.10509804754702,4871900
2023-12-04,149.60308837890625,151.1724694606043,148.8508822056234,148.8508822056234,5779000
2023-12-05,149.87237548828125,150.8753028106928,149.2501918490695,149.2873310077471,4556700
2023-12-06,148.84161376953125,150.76389498364406,148.59087835685452,150.05812332867922,3555900
2023-12-07,148.78587341308594,149.94666694915742,148.55371470587164,149.5102074460071,3665500
2023-12-08,150.40170288085938,150.4759811975898,148.58157238441936,148.58157238441936,4561300
2023-12-11,151.84107971191406,151.97108802453948,150.39241160841829,151.0703110835478,6077200
2023-12-12,152.95545959472656,154.4691248361484,151.29319519968809,151.61822308046033,5292300
2023-12-13,151.94322204589844,153.196884698821,151.12603305414154,152.63969814866817,4989100
2023-12-14,151.28395080566406,151.83184212572132,148.72090880566515,151.30251330577462,6129800
2023-12-15,150.6524200439453,152.3796813434111,150.47597716429325,150.7174312816456,11016100
2023-12-18,151.12606811523438,151.67395937576123,150.04884809227434,150.65245518677398,3677300
2023-12-19,150.03025817871094,150.6988764670462,149.80739486249558,150.2531356647709,3766600
2023-12-20,148.62802124023438,150.25313234433287,148.59086790845646,149.7795194681524,4865800
2023-12-21,149.305908203125,149.5845014886486,148.14511465497915,149.12946531663192,2982900
2023-12-22,150.56886291503906,150.81959830692065,149.51021969023736,149.60308884866583,2442700
2023-12-26,151.5625,151.65535498303078,150.48528017397132,150.6524276453327,1772400
2023-12-27,151.79464721679688,151.96179467550002,151.07029905288994,151.49747728597944,3234600
2023-12-28,152.06398010253906,152.25899968579952,151.73895218705346,152.25899968579952,2071300
2023-12-29,151.8782501220703,152.46328050975828,151.20963181913123,152.06397427958785,2526200
2024-01-02,149.9745330810547,151.63678328109177,149.0087590408367,151.20961917151521,3825000
2024-01-03,148.67446899414062,150.18813440687617,148.65589232660557,149.5102348252254,4086100
2024-01-04,149.38018798828125,150.262388175887,148.73942773701586,148.78586230896184,3212000
2024-01-05,147.80154418945312,149.09234622190712,147.34650795619999,148.49802041206885,4199400
2024-01-08,149.64022827148438,149.71452076438808,146.6221648252612,147.3650755844542,3321700
2024-01-09,148.6558837890625,149.02733209935718,148.12655506855558,148.58159129303462,2617200
2024-01-10,149.7238006591797,149.8259510647686,148.34014372965473,148.8416003399177,2967800
2024-01-11,150.58743286132812,150.6524299334525,148.85087603114252,149.52878968376416,3778200
2024-01-12,153.96766662597656,154.13481410359844,150.7638791096291,151.33962820345187,4958300
2024-01-16,155.0448760986328,155.31417396225203,153.54047805166672,153.96765630447015,4869600
2024-01-17,154.22769165039062,155.84352153786065,153.68908168790063,154.88701451889344,4288600
2024-01-18,154.9334259033203,155.07272962457137,153.26188043720518,154.60841222675285,3776900
2024-01-19,159.2423095703125,159.33517872876675,157.10644645446183,158.41582507150852,6929100
2024-01-22,160.4959716796875,162.00035568532743,160.09665130384036,160.48669043181908,4926000
2024-01-23,161.52676391601562,161.60105641168218,160.17095066732912,160.56097564219505,3983500
2024-01-24,161.5174560546875,162.38109385166297,160.56096327266584,162.28822469677317,9097800
2024-01-25,176.83995056152344,182.8482199518927,171.63960323066743,171.7603303111356,29596200
2024-01-26,174.0447540283203,178.66007068838127,172.8746791368372,177.6571432800339,9895900
2024-01-29,173.78472900390625,175.93916870381756,172.7725203963751,174.0818989638293,6107900
2024-01-30,174.46263122558594,175.18696530194546,173.44114135449001,174.31406041313966,4575100
2024-01-31,170.55308532714844,174.25832942672832,170.07019122237276,173.70115700107368,8876100
2024-02-01,173.5618438720703,174.12831168455372,169.6708758412305,170.52521818352886,4669400
2024-02-02,172.53109741210938,174.01691914030374,172.37323115608874,173.74762121411467,4055400
2024-02-05,170.33021545410156,172.52179443374334,170.18163046602717,172.27105903759835,4379600
2024-02-06,170.32093811035156,171.50029428438518,169.97733354632248,170.45094643543578,3337600
2024-02-07,170.6273956298828,170.8874122896339,169.59661023949644,170.2559331374919,4841200
2024-02-08,172.7639923095703,172.9420438403646,170.07451621544598,171.14281110118097,5161200
2024-02-09,174.6194305419922,175.40659210184242,172.28605775393407,172.83894401866013,5064600
2024-02-12,174.4507598876953,174.75062483115312,172.4547297895998,174.2071044284172,4724000
2024-02-13,172.14547729492188,173.14818238254688,170.8897651937147,172.6889976743314,4290500
2024-02-14,172.023681640625,173.3637295514613,170.79606700396715,173.3637295514613,3173400
2024-02-15,175.1160888671875,175.21917056655656,172.07051010286284,172.07051010286284,4714300
2024-02-16,175.83766174316406,177.0652619794764,174.2539584890406,174.89119471570112,4842800
2024-02-20,171.90185546875,176.89660684367323,171.54575241830702,175.83767785621717,4247200
2024-02-21,168.39707946777344,171.51762811827487,167.5068362050907,171.07718941901607,4723700
2024-02-22,172.62339782714844,172.9420087655142,170.48679418997827,170.97409075979095,5078400
2024-02-23,174.03842163085938,174.73188160922427,172.96076105949516,173.26999184680406,3433800
2024-02-26,172.54843139648438,174.42263361036365,172.4828274554651,173.92597116760788,4620800
2024-02-27,173.2418975830078,173.48555305104867,171.13341984266557,172.57656372573427,3641400
2024-02-28,173.6448516845703,173.71044133173962,172.00492461795758,173.01699560923637,3216300
2024-02-29,173.391845703125,175.097376866836,173.07323470518907,174.44139454292838,6458500
2024-03-01,176.36244201660156,176.53112766717527,173.53239240433584,173.8229057859334,4018400
2024-03-04,180.916748046875,181.7039095911837,175.80018370983953,175.95010902849668,7938300
2024-03-05,179.87655639648438,181.74139276539017,178.58336657945537,179.92341431210048,5653600
2024-03-06,183.82176208496094,185.66785246494965,180.8230413125775,181.32906963393685,6945800
2024-03-07,184.17784118652344,186.2300948531052,183.803006471662,185.15243432360768,4604500
2024-03-08,183.62498474121094,185.33051585804395,182.15374323292707,183.7280664493605,3943100
2024-03-11,179.67039489746094,183.09082258702944,178.87386751971943,182.81905525301354,4725100
2024-03-12,185.33985900878906,186.65179486170172,180.06397510930705,180.35448846869264,5880100
2024-03-13,184.32777404785156,185.6397240999203,183.03458431957563,185.12431566157284,3993300
2024-03-14,181.26348876953125,185.3117730519504,180.03588841414955,184.5620891886472,4109600
2024-03-15,179.05194091796875,180.91676323551877,178.70520373558108,179.9140723434997,8828200
2024-03-18,179.63290405273438,181.07603339013585,178.3490801792714,179.64226991566227,5410600
2024-03-19,181.1791229248047,181.40403233606074,178.31159585167313,179.44549447225884,5317300
2024-03-20,181.76016235351562,181.7788940829677,179.27683549422466,180.73871113717294,3238600
2024-03-21,179.82969665527344,181.2072364260382,178.05857613557987,180.86051359224984,6013600
2024-03-22,178.83636474609375,180.85114062577438,178.52711967714666,179.9234054189331,3988400
2024-03-25,176.9153289794922,178.81765756762155,176.87785122312386,178.2928688852582,3718300
2024-03-26,176.64356994628906,178.04922169652477,176.64356994628906,177.13086655676557,4229500
2024-03-27,178.7989044189453,178.94884403650607,176.73728472408598,177.6743858852974,3693300
2024-03-28,178.94883728027344,179.85781221722343,178.36782485891885,178.93009125402887,3742200
2024-04-01,177.88992309570312,178.48030142933015,176.662322807519,178.04922858434242,2364300
2024-04-02,176.99966430664062,177.86179562206004,175.8001760157068,177.24330545044558,2693500
2024-04-03,178.892578125,179.3142850211626,176.63417554508635,176.73725722874414,2826200
2024-04-04,176.11880493164062,181.1229219964036,175.5565384820815,179.92343358310526,2983900
2024-04-05,177.24331665039062,178.3491034785176,176.19376790426,176.72790814147675,2014300
2024-04-08,177.8805389404297,178.27411968936718,177.02777350155108,177.33701858265084,2678300
2024-04-09,177.40260314941406,179.22058153227874,174.9192910072707,178.55523347397235,2794200
2024-04-10,174.33828735351562,176.10004204774248,173.85100506283757,175.6314914843016,3081700
2024-04-11,174.2070770263672,175.05047653892692,172.97011109325075,174.33827059956175,2861700
2024-04-12,170.80543518066406,173.5230228687065,170.26191478324975,172.42661620977782,3547400
2024-04-15,169.84957885742188,175.6877148607656,169.50285601696064,173.8978625797917,3528100
2024-04-16,172.19235229492188,174.0290770109743,171.35833276597162,173.91661513919632,4473700
2024-04-17,171.58322143554688,173.0544627639736,170.34624108897103,172.5765463386302,3003000
2024-04-18,170.0557403564453,171.92057672155798,168.83750604804607,170.88039391272076,2886700
2024-04-19,170.15882873535156,171.3020932836342,169.21236172037575,170.95535613438207,3038000
2024-04-22,170.45870971679688,171.7894060598098,169.0999157795562,170.9741182582413,3076500
2024-04-23,170.73045349121094,173.0638261033566,167.74109866294853,171.23648179895693,5950200
2024-04-24,172.5203399658203,172.69837718606806,169.99015523781446,171.64882839752212,7616600
2024-04-25,158.28575134277344,161.6030829684645,155.2401727464158,157.62040326553526,16702200
2024-04-26,156.61770629882812,157.31115193878134,155.30575622229918,156.96442911880473,8983800
2024-04-29,156.8988494873047,157.63916745424987,155.77433088965972,156.8707375947908,5242200
2024-04-30,155.74618530273438,156.27095958150275,154.8653080637903,156.0179526036137,6011600
2024-05-01,154.0875244140625,155.8118012762806,153.96571099645334,155.2682809315521,4029900
2024-05-02,154.3311767578125,154.50922824809356,152.39137068878514,154.012565827324,3829900
2024-05-03,155.28704833984375,156.13043371216017,154.54673037391666,154.62170018686052,3400400
2024-05-06,158.004638671875,158.06086245772687,155.91490693654399,156.02735450824773,4222300
2024-05-07,157.78909301757812,158.64184417954868,157.37676623208282,158.37009114312414,3155300
2024-05-08,159.21348571777344,159.55084271655898,157.339283346527,157.44236504890674,3522000
2024-05-09,157.3585205078125,158.56991588272274,156.98942370515974,158.52259281756787,4266600
2024-05-10,158.1913604736328,159.06206451851267,157.40585817129437,158.17244279859398,2255400
2024-05-13,158.57937622070312,159.0525779947878,157.82225049397323,158.5225943183685,2414900
2024-05-14,158.39013671875,159.1188716706162,157.55729677376007,158.8633386073169,2601000
2024-05-15,159.2418670654297,159.32705436592155,158.37117747252307,158.93902541792758,4468800
2024-05-16,159.91383361816406,160.5384635231617,158.79706974792822,159.24188064018642,3492300
2024-05-17,159.97061157226562,160.0463255989659,158.36172821756375,159.91382966248395,2956400
2024-05-20,160.8129119873047,161.040054069841,159.35545667037556,159.9422223323767,2726300
2024-05-21,164.1726531982422,165.59225876729994,160.83184924767093,160.83184924767093,6459800
2024-05-22,164.38084411621094,165.6111716883099,163.50068125611187,164.09692014711533,3294900
2024-05-23,161.52272033691406,166.05600221957377,161.3050515258955,165.98974702784332,3341300
2024-05-24,161.73092651367188,162.7908940286843,161.08737893412126,162.2893012266892,2587400
2024-05-28,160.5668487548828,161.92019905982588,159.6109718140745,161.30504245593792,2629500
2024-05-29,158.0967254638672,159.59204489609291,157.30174989968836,158.99580600247228,4206600
2024-05-30,156.75282287597656,157.79385810489305,155.42784925603016,156.68656769654186,3842400
2024-05-31,157.90745544433594,158.02101926170295,155.058771203608,156.81908257766517,4905000
2024-06-03,156.42160034179688,157.84120587329258,154.7653938883852,157.61406378950255,2776100
2024-06-04,156.92320251464844,157.48157725789028,155.09665022001744,155.77806207111686,2594200
2024-06-05,158.40904235839844,158.79705686702204,156.89479079171366,157.49102969275393,3049400
2024-06-06,159.1851043701172,159.41224646388596,157.86014492556995,158.40906082144662,2207100
2024-06-07,160.8980712890625,162.1283988607119,159.05258715207484,159.1661509632824,3475500
2024-06-10,161.2482452392578,161.6078687768029,159.82863988107482,160.46272854147986,3440000
2024-06-11,160.2450714111328,160.88861895528666,157.86958903021699,160.86968683899582,2951300
2024-06-12,159.94219970703125,163.22622117582026,159.09044228971402,162.16625382254153,3522700
2024-06-13,160.05577087402344,160.500581717586,159.317577227467,159.95166590125405,3525700
2024-06-14,160.14096069335938,160.38702043242733,158.26707115401214,159.27025666686933,2777700
2024-06-17,160.4154052734375,160.62361521432092,158.52259813156803,159.7150614321957,3239800
2024-06-18,161.40914916992188,161.598427016153,159.3554549343172,160.8886242620557,3386400
2024-06-20,164.5985107421875,164.93921661243817,162.04322393579383,164.74993878251507,4723100
2024-06-21,163.2167510986328,165.58275980709573,162.2135512758288,164.6458151597948,10181500
2024-06-24,165.63011169433594,168.89521611770124,164.8162039083771,165.62065285578086,4864700
2024-06-25,163.34927368164062,166.33043936470398,162.23250987958704,165.7531325679329,4069800
2024-06-26,162.65838623046875,163.42497085532804,161.2766450264188,162.10001155816053,2779000
2024-06-27,161.69305419921875,163.25461429873073,161.34287506173132,161.94857276322975,2894000
2024-06-28,163.68051147460938,164.16318658746022,161.39021633121527,161.6930724366098,4193300
2024-07-01,165.7152862548828,167.002395807112,164.08747080821138,164.1537115549501,3321000
2024-07-02,167.79737854003906,167.97719755321114,164.97709956353165,165.46921908897966,2883300
2024-07-03,166.3115234375,168.44093183010335,165.78153965923025,168.3463001216837,1649000
2024-07-05,166.58595275878906,166.6521934963311,164.62689052749357,166.32096092667737,2086000
2024-07-08,168.119140625,169.01822118728106,166.5764980835986,166.9550682010145,2503000
2024-07-09,167.02130126953125,168.17591480287948,166.16954381619627,168.08128310860488,2512700
2024-07-10,168.3084259033203,168.66806392051993,165.1001180263853,167.13489458988832,3462200
2024-07-11,168.7532501220703,169.8226909792256,167.153825476193,168.12862018208713,2806800
2024-07-12,173.03097534179688,174.28969388759893,168.9330459398627,168.98982784642965,4785600
2024-07-15,173.0783233642578,174.99004855217314,172.81333146809183,173.5515252418364,2925700
2024-07-16,175.85125732421875,176.59892428372981,174.63040298760149,174.772357756636,3374500
2024-07-17,177.4033660888672,177.86710908862483,175.1509351609813,175.50109989981365,4225300
2024-07-18,175.29287719726562,179.31509252594745,175.17931338556716,176.63676858593197,3487800
2024-07-19,173.42845153808594,176.97746487106176,172.1981240277932,176.34337622182008,3816000
2024-07-22,174.28024291992188,175.05630091827996,173.05938844952382,173.57044011502242,2488500
2024-07-23,174.23292541503906,175.44432098511402,173.20133441596525,174.4789851761256,2180200
2024-07-24,174.15719604492188,175.15092272184336,173.33381508582937,174.27075985680787,6962100
2024-07-25,181.6905517578125,185.74115784719302,175.3685828964144,176.78818823916848,9532800
2024-07-26,181.472900390625,183.1953619700678,179.4570559894246,180.29935466262089,4294900
2024-07-29,181.23631286621094,182.93036917552678,179.04064929825267,182.82626418840852,3336800
2024-07-30,180.80096435546875,182.43825322516213,178.9554799484192,181.21738431213123,3065000
2024-07-31,181.8419952392578,184.12283148285104,179.8072331848659,180.76309566476155,5558400
2024-08-01,179.49490356445312,183.26158570885656,178.19832086082565,182.4760690171618,4085400
2024-08-02,178.98385620117188,179.11635213640898,175.74715740525937,178.66208242144947,4548800
2024-08-05,173.48524475097656,175.33072891624323,172.06563932523713,174.65879043500485,4975000
2024-08-06,176.7882080078125,178.77564704532233,173.79756895216082,174.8007545293287,3632500
2024-08-07,176.7882080078125,179.69365975823425,176.69356186465654,177.99960354714437,3801900
2024-08-08,182.2868194580078,182.5423525035974,176.97749405861052,177.4506959143822,3712700
2024-08-09,182.77371215820312,183.9002435450689,180.47292697846933,182.51594415630757,2773700
2024-08-12,180.89297485351562,182.89781103591517,180.4347319939561,182.58276451769365,2290300
2024-08-13,182.3345489501953,182.64003932790962,180.63521775369136,181.666260524845,2178900
2024-08-14,183.60426330566406,184.3393572128224,182.0863093916769,182.48727367756595,1895100
2024-08-15,185.16038513183594,185.446792357813,184.52075058194396,184.7403231427065,2472000
2024-08-16,184.9980926513672,185.54226784200634,184.11978783368846,184.80715935487646,2494400
2024-08-19,185.90504455566406,186.66879234103246,184.94082189909386,185.05537896835204,2361400
2024-08-20,187.14614868164062,187.3179988673099,184.96947677835377,185.7714054654008,1790400
2024-08-21,188.2726593017578,188.3872163680678,185.32268373878225,187.0888495365388,2579300
2024-08-22,187.0792999267578,188.9504665766643,186.70697490998114,188.31083203847245,1969500
2024-08-23,187.21298217773438,188.4349729028623,185.58047097690334,187.87169994469858,2322000
2024-08-26,189.00775146484375,189.36099336145557,187.02201311948366,187.1174870520332,2567200
2024-08-27,189.72377014160156,190.36340472788993,188.043536656752,188.49223793728342,2617100
2024-08-28,189.46600341796875,190.936205792973,188.53996165449072,189.98152476400816,2645200
2024-08-29,189.88604736328125,192.00544037422506,189.28460823177505,190.26792850825268,2989600
2024-08-30,192.96969604492188,193.00787687944646,189.72377155378337,190.08655503451612,4751000
2024-09-03,192.158203125,195.44230831128357,191.1367019629475,192.75965685599874,3874700
2024-09-04,194.85995483398438,195.09862510277483,191.41355556995887,191.66176740528118,3142500
2024-09-05,193.40882873535156,196.61655761804673,191.85270854318102,194.8313087316563,3229200
2024-09-06,191.6427001953125,194.85042945706945,190.30613783866806,193.20837670597493,3304500
2024-09-09,194.30625915527344,195.7573786258837,192.3014228528872,192.7883195771323,3705000
2024-09-10,196.01512145996094,196.50200355442485,193.67614121834583,194.94586877122128,3070600
2024-09-11,200.3780059814453,200.59757854518128,193.83843493006302,198.3445306734752,5554300
2024-09-12,202.02005004882812,203.0129118942466,198.8314189567371,200.48301303288497,4615300
2024-09-13,205.05593872070312,206.29702701368922,202.5164981691016,202.85062780014752,4572300
2024-09-16,207.31857299804688,208.02502776336277,205.75289641190807,206.0965822267814,4176100
2024-09-17,204.4258575439453,208.9223971239819,203.3470632977853,207.40445775325753,5635200
2024-09-18,205.19915771484375,207.03214367653797,203.91033240450244,204.42586835554997,3482800
2024-09-19,204.19674682617188,208.57872972773745,200.83626516128888,208.13002843012757,5279600
2024-09-20,207.8340606689453,207.97727156612052,204.0535318868577,204.6167902074941,9958800
2024-09-23,210.50717163085938,210.6217286953884,207.4235559166462,208.12046900465916,4074800
2024-09-24,210.95587158203125,211.16590257721683,208.27322017757905,209.81979880823937,3183900
2024-09-25,211.20407104492188,211.79598316364564,210.18256996202697,211.1467925163657,2537800
2024-09-26,213.30438232421875,213.84855752091758,211.328200104255,212.04421089952592,2673200
2024-09-27,210.83175659179688,213.991748491657,210.76493649422972,212.89387112665887,3830300
2024-09-30,211.0609130859375,211.29004180908433,209.09427222258228,210.65039261120924,3543400
2024-10-01,209.40931701660156,211.08000903657856,206.11565538053847,210.6313077286882,3548400
2024-10-02,209.77207946777344,210.2207807617995,206.02018963970465,208.41643401866756,3343400
2024-10-03,212.6265869140625,212.73160242326384,209.3329398596978,209.55251244538124,3788300
2024-10-04,215.7579345703125,215.83431080849923,213.15165917403107,213.60990203587355,3553800
2024-10-07,216.82716369628906,217.35224120729998,214.82234215507998,215.1660279288983,3458000
2024-10-08,218.2592010498047,218.95612878157146,216.75080307644956,217.7723189048517,3245100
2024-10-09,223.68177795410156,224.302314823633,218.14462482623836,218.81289866279766,5083600
2024-10-10,222.4597930908203,225.14244464008198,221.30462255494365,224.44553151877054,3142000
2024-10-11,222.6889190673828,222.86076924879848,220.01582351005695,222.6793775001346,3469200
2024-10-14,224.59825134277344,225.41927760201307,222.60297150870292,222.9848526567657,2524400
2024-10-15,222.4025115966797,226.61264410330915,222.1638413258316,225.6866022870364,3350600
2024-10-16,223.080322265625,223.2808116984771,220.6458826412742,221.5910221379592,2846700
2024-10-17,222.3261260986328,222.58387949196972,220.20673301642498,221.48600211872292,5040100
2024-10-18,221.6769561767578,222.10655977316696,219.7389546420835,221.40964662489088,4715700
2024-10-21,221.24734497070312,221.88697955976195,219.82486488718936,220.73182358619874,2733300
2024-10-22,221.7246856689453,222.41205722692877,220.21628778155258,221.4764738269481,3180800
2024-10-23,222.2020263671875,222.7652847209083,219.8248651803068,219.96807608589387,5791000
2024-10-24,208.49281311035156,211.2900364192096,206.36387825180455,210.79359814869454,11193400
2024-10-25,204.94137573242188,208.74100216726765,204.67406620839915,206.97485099549436,8482200
2024-10-28,203.26116943359375,206.44980101438586,203.06067998023158,205.73379014381575,4993300
2024-10-29,200.89353942871094,203.67166496109348,200.33983720289234,202.38285420011357,5258400
2024-10-30,195.61415100097656,201.55226859129513,195.0031556814234,199.9865921744853,6956600
2024-10-31,197.35165405273438,198.69775773546706,194.28712168643605,194.87903380188828,5925300
2024-11-01,198.8123321533203,200.3302715533264,198.01040355338617,198.3540893201118,3334100
2024-11-04,196.9698028564453,198.28725281058715,196.47336462750425,198.23951584423722,2593900
2024-11-05,198.16317749023438,198.68824048002026,196.25381514983894,196.82661511159043,2441500
2024-11-06,203.91989135742188,204.6168044903691,200.83626087711139,203.80531971822893,3934400
2024-11-07,204.0058135986328,204.79820068692953,202.32556548184823,203.95807662853724,3675800
2024-11-08,204.03445434570312,206.87940006322194,203.13705174360462,204.4545163779431,3201000
2024-11-11,203.8912353515625,205.6478449573549,203.80530298740274,204.68360779029894,3013000
2024-11-12,202.8905487060547,204.978531812922,201.15857675411215,203.89123545490855,2817800
2024-11-13,202.9482879638672,203.41977372526418,201.16821742553282,201.58195855081436,3247800
2024-11-14,201.09121704101562,202.54414122458294,198.55099656971032,202.0630387513654,6372900
2024-11-15,197.24241638183594,200.61013402092564,196.35718950712527,199.61906400456024,3986500
2024-11-18,200.22523498535156,200.5427643972952,197.60803621001304,199.17643505874221,3405900
2024-11-19,202.30361938476562,202.38059755351603,198.39706908371056,198.6953503113156,2860700
2024-11-20,206.48919677734375,206.8355911611118,201.84174491265696,203.02525293966323,4562900
2024-11-21,213.994384765625,214.2157024853167,207.1338731430916,207.65345737966916,5236400
2024-11-22,214.54286193847656,218.61298520351377,212.54147366548628,214.90850455704788,5320700
2024-11-25,217.5834197998047,217.86245278770232,214.23493585253476,214.90849109340783,7189300
2024-11-26,220.18138122558594,220.32570610885767,216.9868534430566,218.16074476727917,4449500
2024-11-27,218.34356689453125,220.52777645611397,215.7937293999251,220.18138205287656,2995100
2024-11-29,218.81504821777344,221.6535501045726,218.6033619377466,219.14219440251185,2640300
2024-12-02,218.79579162597656,219.74837984961133,216.98684155033666,218.90163476193598,2655900
2024-12-03,220.34495544433594,220.4507985866362,218.10301592621818,218.65147984961524,3163800
2024-12-04,224.66525268554688,224.90580393763474,220.6817245382549,221.3071519208501,4104200
2024-12-05,225.87762451171875,227.58073147844536,224.63638651764956,224.7229814442416,4791100
2024-12-06,229.0432891845703,229.37045006787113,225.36767343930663,225.56972828272922,4028400
2024-12-09,221.30714416503906,230.3037665506683,220.25834426639156,229.0047839620839,4970400
2024-12-10,222.962158203125,225.53124395752835,219.19031612088762,219.7676303489975,4769500
2024-12-11,221.422607421875,224.1937624891056,220.4700338790767,223.89548129157956,3872700
2024-12-12,223.4817352294922,225.0501341283941,221.67279975490777,221.94221598903914,4515700
2024-12-13,222.09619140625,224.9443103210219,221.55734420959124,223.47213767153082,2757400
2024-12-16,220.66246032714844,222.29820578632354,218.3050611640359,222.00954136833212,3610300
2024-12-17,220.3160858154297,221.49959388555413,219.01710315845352,220.56625383645525,3651300
2024-12-18,211.8486785888672,220.38343246220813,211.71397047265276,220.38343246220813,4152500
2024-12-19,215.4569549560547,217.6507813150572,214.5524798518532,215.93805748534618,4427200
2024-12-20,214.9180908203125,219.07480842652663,213.30157892528123,214.31189702441554,12423200
2024-12-23,213.54214477539062,215.28374812712656,212.72427934929868,214.38888985848143,2988100
2024-12-24,215.92843627929688,215.95730125589398,213.16689783414327,213.86931808356263,1186200
2024-12-26,216.3903045654297,216.88102388136386,214.1387481529063,214.87001874407804,3286500
2024-12-27,214.3600311279297,215.93804675833238,213.04181496142203,214.70642551909532,1810800
2024-12-30,211.92564392089844,213.21499505260837,209.42390513458372,212.20467690113196,2095600
2024-12-31,211.5215301513672,212.69542144391235,210.18406576816682,212.3778920271993,2270200
2025-01-02,211.6273651123047,214.0809907414833,209.37580898852877,213.43631516837223,2579500
2025-01-03,214.23492431640625,215.20676070369177,212.21430274884264,212.21430274884264,3872100
2025-01-06,214.2541961669922,215.870708281491,212.40676423762486,214.57172559452022,2846700
2025-01-07,215.49545288085938,218.14151681038715,214.40815645882284,214.9085072037535,3299300
2025-01-08,214.7449188232422,216.39991270547765,212.48374573538712,215.44733909003935,2619800
2025-01-10,211.44456481933594,214.02326736791193,208.60606279003247,213.6095262338684,3570300
2025-01-13,209.18336486816406,211.2905962049827,206.63352744539648,209.65485061214596,3716800
2025-01-14,209.5201416015625,209.8857842048055,206.4988184477257,209.7606928548364,3485500
2025-01-15,211.71395874023438,213.30159107064367,209.77030058649387,212.52220739273065,2951600
2025-01-16,214.24456787109375,214.26380139990837,209.16412666824982,211.38681785923364,3329100
2025-01-17,216.29405212402344,217.41984487673759,215.18752226407597,217.41984487673759,5506800
2025-01-21,215.7841033935547,218.8535399114492,214.4081571928898,216.4865236647166,3982200
2025-01-22,214.8218994140625,215.9188126105181,212.02189380869183,213.59027809460656,4759500
2025-01-23,217.49681091308594,217.49681091308594,214.71603906094015,215.47618923001704,3619700
2025-01-24,216.30369567871094,218.23772252132812,215.34149063982173,216.75593322155558,3232900
2025-01-27,215.6590118408203,215.82258492934395,211.53114415942593,213.79233178742362,4898400
2025-01-28,217.13119506835938,217.23703821112403,213.38821801180367,215.84184382528719,4485400
2025-01-29,219.98895263671875,220.79720138204837,215.27413892479387,217.0927059428277,7079800
2025-01-30,248.50868225097656,251.9052648285372,237.67425891076064,240.5512572328152,15381900
2025-01-31,246.03582763671875,247.51761694931452,242.36982875595913,246.37259059399403,7199800
2025-02-03,250.875732421875,252.15545221387814,242.32171546106989,242.86054793814148,8408500
2025-02-04,254.46473693847656,255.224887142886,248.36436050181513,250.17331067728693,6077700
2025-02-05,253.3485565185547,255.67710546309206,251.30868668313275,255.66747401687195,6165100
2025-02-06,243.8612518310547,253.42557244032977,243.17807978092762,253.04069629062246,6128300
2025-02-07,242.80279541015625,247.21931264062306,242.494897458492,245.63168033385367,3370300
2025-02-10,241.44676208496094,244.04264423238334,239.12207628409075,242.9868570058525,3564400
2025-02-11,246.70632934570312,248.69199379056542,242.7156387902961,243.21932291609133,4801600
2025-02-12,247.78150939941406,248.35298895274616,244.1104634433758,244.78849128460865,3075300
2025-02-13,251.05543518066406,251.14260702201972,246.42545461661547,247.6362239017725,4531500
2025-02-14,253.07980346679688,253.71909310961067,249.815574647421,250.871361773346,3925300
2025-02-18,254.8136749267578,255.67572731090237,251.67534075084154,253.70943911898408,4262800
2025-02-19,256.0244140625,256.06313739309337,251.92716052798346,253.7772193767219,3718700
2025-02-20,256.4312438964844,256.77026521478393,253.92253343674366,255.37545660677247,4884800
2025-02-21,253.27354431152344,256.51838198308,252.90546576065233,255.56915788851103,5667900
2025-02-24,253.65127563476562,255.56914450793772,251.43313839313927,253.29289271498422,4398100
2025-02-25,249.66062927246094,255.21080637657266,248.71137550120739,252.8861056763433,6292200
2025-02-26,247.810546875,250.2223896303405,246.42543402288527,249.9996270187579,3460100
2025-02-27,245.282470703125,249.54438728066603,245.10812702753773,247.21002064709475,3402200
2025-02-28,244.5172576904297,244.87564063504456,238.80241834229292,242.9868436865516,7988800
2025-03-03,242.33790588378906,247.95587854443426,240.45878951434128,246.74510921153225,2977700
2025-03-04,245.26312255859375,247.46186897028673,240.31349705904788,240.94309118435402,5342100
2025-03-05,243.4614715576172,244.80784628867102,239.25766975038906,243.68424894738803,4009800
2025-03-06,240.88497924804688,244.18796148826186,239.05429663400994,241.9117092629175,3254400
2025-03-07,253.3317108154297,253.73851277943913,237.4851455722955,238.23098365941254,6700200
2025-03-10,248.83731079101562,258.0876063568419,246.75479342188777,253.35106247301383,8165500
2025-03-11,241.1367950439453,248.6435789923484,238.1437770774844,247.95585557182065,5630600
2025-03-12,241.79547119140625,245.1856251497303,237.82414207112444,242.4928754737962,3848800
2025-03-13,238.08566284179688,241.44675938547343,235.41227493968083,240.99150897547244,3862400
2025-03-14,240.55564880371094,241.13680919582836,234.0949708564379,235.1313964645568,4045200
2025-03-17,245.0306396484375,246.63854476439053,241.18523531662004,241.42738916733953,3233900
2025-03-18,239.19956970214844,244.64319829201617,237.4270017493164,244.58506895299217,4171900
2025-03-19,244.37197875976562,245.6989919406614,238.89930752742478,240.53626995837976,3853600
2025-03-20,235.68350219726562,239.05427959332684,229.77494244621485,236.5746265764589,7026800
2025-03-21,236.21621704101562,237.51417282277,231.01475742110128,234.10464270485048,9580100
2025-03-24,240.65249633789062,241.0108940909332,238.25033425268074,239.5482753585693,4753300
2025-03-25,242.05697631835938,243.0255916934307,240.4103331367177,240.56531514390457,3133800
2025-03-26,242.48316955566406,246.3382693916831,241.69859346629215,243.36461309454512,4450100
2025-03-27,238.48280334472656,242.44443677038737,238.0178573127449,241.8729572334618,2889300
2025-03-28,236.34214782714844,239.80011175651117,234.47272727680087,238.54090883260017,3125300
2025-03-31,240.8559112548828,243.01591947952986,234.8795559523162,235.12170980467255,6795000
2025-04-01,242.48316955566406,242.75438067841245,235.84816310142304,240.24567040304112,4412900
2025-04-02,242.1344757080078,244.85628264144125,239.47078333430775,240.42971790960314,4080800
2025-04-03,235.84815979003906,242.74469643720704,234.9182825394592,235.09264099014808,5309600
2025-04-04,220.34063720703125,232.62268873054109,219.75947680818993,230.53047582295537,7407100
2025-04-07,218.69398498535156,224.99966595191222,207.76800439800232,212.3592467390292,7797900
2025-04-08,214.09307861328125,225.73584083491775,210.46077055901816,225.26121392839696,6850000
2025-04-09,227.92489624023438,228.88383084415187,208.40730108597856,210.30577906679272,7302800
2025-04-10,222.34564208984375,225.2708643949944,215.0519701610266,223.75013130003353,5656100
2025-04-11,228.08953857421875,230.12363672202122,220.36967304912548,222.51031947666803,4325900
2025-04-14,231.5572052001953,234.18215955117597,229.300329446743,232.24492866717213,3321500
2025-04-15,233.14572143554688,233.9496739828985,230.79199313201084,232.03181964891752,3363700
2025-04-16,231.08258056640625,235.6641272203508,228.48668363701012,232.73890460570152,4869900
2025-04-17,231.31503295898438,234.19182177552713,229.94928174711103,232.15772359699673,4635200
2025-04-21,228.80633544921875,233.25227667507139,225.61958244409593,230.59827988625483,4908900
2025-04-22,233.3394317626953,235.02482779144464,230.54982960670333,231.01476083605246,4232700
2025-04-23,237.77569580078125,241.51455170306207,236.01282352099778,238.27937992924691,7948300
2025-04-24,222.132568359375,225.47428848681656,217.39603971059142,223.92449795645922,15428100
2025-04-25,225.11590576171875,226.03608742388735,219.2170415988707,221.7644900177293,6700100
2025-04-28,228.7482147216797,229.2034651387091,224.78658131211517,225.5517809693084,3653500
2025-04-29,231.87684631347656,232.44832586782462,228.7288461779647,229.5618560357884,3426500
2025-04-30,234.2305908203125,234.8601849390448,226.98533674867144,229.30032703955743,5143000
2025-05-01,232.13836669921875,234.7633061156331,230.48202788783541,233.86250090200025,4243300
2025-05-02,237.843505859375,237.97911141929484,233.75594783620807,235.49945844939023,3731900
2025-05-05,241.3595733642578,241.96012495036297,235.99345066065186,236.09031811063915,4137800
2025-05-06,241.30145263671875,242.33787816147222,238.38592573737697,239.98413516202032,2900600
2025-05-07,245.41807556152344,246.48355839782326,241.02056821330874,241.6211050229153,3399700
2025-05-08,246.16392517089844,248.46921984754383,245.30185802805698,246.9969350331867,3637000
2025-05-09,242.98521423339844,246.69044925316737,241.46412135370147,246.21266397551852,2901300
2025-05-12,247.3632354736328,247.48023803637824,238.5486754166292,246.202910465572,4609500
2025-05-13,252.14105224609375,253.1063532358602,246.5734615651365,248.08479440330663,3521400
2025-05-14,251.39024353027344,254.05214111531583,249.83013992083207,251.17572891201897,3634700
2025-05-15,260.0292663574219,260.7605621243494,252.1605167637213,252.55056497795007,4856300
2025-05-16,260.1072998046875,261.2968754969148,257.9914041960323,259.70752119636086,3817900
2025-05-19,261.71612548828125,262.42793072765,258.46915570819516,258.8299532721492,3198600
2025-05-20,260.2926025390625,262.5644820709718,258.9957544629951,260.7313622307153,2437900
2025-05-21,254.36419677734375,259.0249878719514,253.9156769813326,258.36195343323845,3753900
2025-05-22,251.926513671875,254.75418470882983,251.47799392969625,254.26665419361342,3091300
2025-05-23,252.18003845214844,253.38910460488142,249.41085382494424,252.13126754684401,2722600
2025-05-27,256.66534423828125,257.2113760741289,253.15511832461542,254.49094727147497,3284200
2025-05-28,253.7498779296875,258.39117804610567,253.45737151751902,256.5970692863016,2318400
2025-05-29,252.23855590820312,254.61770734979086,250.36642552138707,254.24717937432183,2295000
2025-05-30,252.59930419921875,253.63286649473716,250.68819294138294,252.29703766504832,9668900
2025-06-02,257.318603515625,257.39662506277233,250.8052028843962,251.41949610304982,2831900
2025-06-03,258.58624267578125,258.93725042538193,256.0315573310484,256.78237350076057,2494700
2025-06-04,258.898193359375,260.3412943926936,258.18641785332346,258.29366028324864,2588600
2025-06-05,260.20477294921875,260.83858642578684,258.4886857657841,258.5861978203716,2658400
2025-06-06,262.1646728515625,263.4322701337993,260.8580945500593,261.30661432364917,2495200
2025-06-09,265.2945861816406,266.6499352669939,260.05851332542085,261.4138624107741,4331500
2025-06-10,269.3508605957031,270.55019642477174,265.7626429977855,266.3769362332475,5163500
2025-06-11,274.4991760253906,274.7234507791837,268.24903112543717,269.79940438032963,4656000
2025-06-12,274.0213928222656,276.0007654705475,272.8513077146161,274.5089233243695,3418000
2025-06-13,270.3064270019531,272.86108220637936,268.9510778516572,271.27172792483884,3243800
2025-06-16,274.80145263671875,277.4048788278945,271.7202857922263,272.3443094135719,3685300
2025-06-17,275.9910583496094,277.68768505723204,273.9921948096503,274.1384480370731,3069600
2025-06-18,276.14703369140625,279.7547715058249,275.88377791829,277.89240131570085,3534100
2025-06-20,273.962890625,277.034326826668,270.2869213637879,272.3150351528876,7677000
2025-06-23,281.9681396484375,282.358158106557,273.2218410769399,274.625931331371,3786200
2025-06-24,286.46319580078125,286.9994674786561,281.2173625616341,283.2162258226242,4219100
2025-06-25,283.8012390136719,288.774055832526,282.28014630529276,287.14569094578104,3862300
2025-06-26,284.6495361328125,285.60510657662496,282.93344909438235,284.52277344821,3621100
2025-06-27,282.4751892089844,285.809881231529,281.3245945912079,285.6636280299263,3562500
2025-06-30,287.42852783203125,287.4577784765993,282.76773667299176,283.674536411106,3495400
2025-07-01,283.9377746582031,287.75023697651596,282.8456813444522,287.2042051978906,3272800
2025-07-02,280.4762878417969,282.9529510883899,279.7449920992458,282.76768711975694,3257500
2025-07-03,284.6885986328125,285.02987597879394,280.72009270168,280.7591034786075,1853300
2025-07-07,285.1761169433594,287.8575349292076,283.11872257901797,285.20536758567215,4488100
2025-07-08,283.17724609375,288.2377856183762,282.2704166931503,285.7904025925806,2925300
2025-07-09,282.90423583984375,284.3278166838444,281.43188408797505,284.1230621890059,2971300
2025-07-10,280.2618103027344,281.6951513379763,275.1719900711104,281.6951513379763,3487800
2025-07-11,276.517578125,280.2618092370779,275.8643038413726,277.90217800162696,3790700
2025-07-14,276.71258544921875,277.82413957981896,274.68444178883993,275.7765054106584,2857100
2025-07-15,275.6497802734375,277.0636009909462,273.72890874822673,276.6930730180879,2864100
2025-07-16,274.8892517089844,276.7906030921042,272.8903585033397,275.69853936829094,2804800
2025-07-17,274.9671936035156,276.39077428822463,273.89462058496804,274.47966311840304,3337200
2025-07-18,278.7406921386719,279.99852920033663,275.18172532723395,276.3127996938432,4478200
2025-07-21,277.6095886230469,280.55429167129296,277.2878316094991,279.15020155372486,3051800
2025-07-22,274.92822265625,277.77541419458316,274.23593759893237,277.63889135585663,4824200
2025-07-23,274.97698974609375,280.89558799551696,274.42119777871943,277.20985823564496,8105900
2025-07-24,254.01316833496094,255.51474095492952,246.4466849255517,254.73470400316668,22647700
2025-07-25,253.24285888671875,254.2959117353032,249.95690788602695,253.53536530118612,7758700
2025-07-28,256.6458435058594,257.4161501658287,253.13561732502424,253.80841191620536,5192500
2025-07-29,255.8657684326172,259.17120985067226,254.51041931790502,257.7086183057892,4627300
2025-07-30,253.76942443847656,255.46602131751132,252.44332580100317,255.07600280878555,3718300
2025-07-31,246.83668518066406,253.50609882237717,245.92988559596407,253.09658986770626,6739100
2025-08-01,243.81402587890625,245.20835608088353,239.4847523058627,245.1401095420164,9683400
2025-08-04,245.6958770751953,245.79338913064717,241.9223956055701,244.78907744814614,5280600
2025-08-05,244.41854858398438,246.49543335574293,242.79019843608825,245.71538154977605,5823000
2025-08-06,245.9884033203125,247.9775362169086,243.06322013681907,245.25710752443914,3692100
2025-08-07,243.92127990722656,248.64057189716104,242.67320293266954,246.50518578152406,6251300
2025-08-08,237.82521057128906,244.90292430300119,237.21657518257962,244.31394115828027,6828400
2025-08-11,231.96473693847656,238.68905477092252,230.39408526641262,237.79576142404505,9382000
2025-08-12,230.4628143310547,233.5942916364613,229.0786791933746,232.19051923317616,8792800
2025-08-13,235.66558837890625,236.42145087074684,231.86657873812558,231.86657873812558,5663600
2025-08-14,232.75985717773438,234.61518165526874,231.2971881005543,233.8789415454719,4556700
2025-08-15,235.32199096679688,236.20547317312173,232.42611598068257,233.2507013704317,4344300
2025-08-18,235.0569305419922,236.99078915967488,234.73298308544776,235.1747391490908,3569600
2025-08-19,236.85337829589844,238.37494436451237,235.0962249508533,235.59686289211479,3328300
2025-08-20,238.10006713867188,238.42401460163373,235.93060624265857,237.66813718805608,3240100
2025-08-21,235.0078582763672,238.05099032985373,234.27161810008928,237.76631738571797,2991900
2025-08-22,237.6485137939453,239.20933940571547,235.81282637553053,236.32329043594697,3134900
2025-08-25,235.0373077392578,238.11971433745688,235.0373077392578,238.11971433745688,3513300
2025-08-26,238.17861938476562,240.48549637318322,235.96989876970994,236.59815647883863,5386600
2025-08-27,240.34803771972656,241.44749981790517,237.56014539350213,238.41417913949675,3698400
2025-08-28,241.22174072265625,241.36899775349718,238.89522642805605,240.92724163981995,2820800
2025-08-29,239.0228271484375,240.95668583107468,237.2852961791004,240.7308947308774,2967600
2025-09-02,237.0693359375,237.11842161151685,233.8789618513846,236.48033780698697,3469500
2025-09-03,239.62164306640625,239.76888511076032,235.01768541423544,235.61649469268326,3163200
2025-09-04,242.64512634277344,244.70660486614454,238.39457949423456,240.91742142276422,4765100
2025-09-05,243.97035217285156,244.46117894099052,240.94685748365416,243.6758531161993,3147500
2025-09-08,251.39166259765625,252.43221299952648,242.48807238452088,244.06853525307235,6940300
2025-09-09,254.35623168945312,255.87781263503277,250.20385643192913,251.4210972222422,4931100
2025-09-10,252.16717529296875,255.30844876027007,249.88973180773473,254.88634491260825,5185400
2025-09-11,252.29478454589844,253.80650941983788,250.96954628248324,252.83468200692133,3576000
2025-09-12,248.790283203125,252.53038090859633,247.7988035108619,252.2358968206417,3433300
2025-09-15,251.53890991210938,254.2973541428395,249.34001542552633,249.35965269168375,4028400
2025-09-16,252.79541015625,253.26661464267875,249.7424820105967,251.55854706061876,2719900
2025-09-17,254.32679748535156,256.17231101740185,252.29479733332508,252.77579800325884,3974800
2025-09-18,260.13818359375,260.3639746888066,252.08861272211342,254.11081658286867,4988400
2025-09-19,261.5124816894531,262.95551350672105,258.80313844957084,261.1688969791157,9858100
2025-09-22,266.3913269042969,267.3140836650484,261.1198519790037,261.7284724046718,5030500
2025-09-23,267.2453308105469,268.2858810910581,264.3298188093482,267.6969129758151,5394100
2025-09-24,262.62176513671875,268.6294798888494,262.3959740422398,267.6183779610586,3159900
2025-09-25,276.2765808105469,279.0154026359329,266.17535727216875,267.93252553582255,11506200
2025-09-26,279.09393310546875,283.5506488453841,274.97097599521186,275.36366140204814,9063900
2025-09-29,274.6666564941406,280.7529206021583,274.5292405725437,280.7529206021583,6022100
2025-09-30,276.9833679199219,280.7725362248588,275.3734417260372,275.72685258032186,5926900
2025-10-01,281.2339172363281,281.33208858331386,275.01023729585177,275.0593379481891,4381300
2025-10-02,281.459716796875,283.24633350956304,277.60182540168165,280.5467861536198,3814200
2025-10-03,283.0794372558594,287.93863444593666,282.0290607384398,282.2254034369501,4375100
2025-10-06,284.1101989746094,286.1029545904827,282.51989497321676,283.3150319950678,2881900
2025-10-07,288.478515625,295.5169845568803,287.90916976380413,290.12768635158943,7190100
2025-10-08,284.1494140625,288.80247202930576,281.21427968044117,288.7631975011062,5297000
2025-10-09,282.9420166015625,284.80715237546167,278.12209402332627,284.50284216824235,4912400
2025-10-10,272.7229919433594,285.06238405276287,272.408855622706,283.6684228534187,4508500
2025-10-13,272.1340026855469,277.2582354968816,269.60134966738804,274.6568595392773,4333800
2025-10-14,271.0835876464844,272.4382741678345,267.54962932072004,270.46514119476495,3058100
2025-10-15,275.5992431640625,280.2130269828325,271.91804223132795,273.27272896780465,3346800
2025-10-16,270.90692138671875,277.3760144473806,270.5437143798629,275.95260486937417,2956900
2025-10-17,276.1195068359375,278.20060754979136,270.2983085271939,271.0836193769804,5309600
2025-10-20,278.446044921875,280.26211012085133,275.8053942722822,276.09008221187196,3494300
2025-10-21,276.8753662109375,280.0755663058625,276.4336400969587,278.11225924545465,4081000
2025-10-22,282.2352294921875,283.864778024829,276.1882398633206,276.8164825745629,10538500
2025-10-23,279.771240234375,280.3405860682067,258.724587344339,260.08910005359274,16676400
2025-10-24,301.8192138671875,305.0488626678176,277.0324599416448,278.56383719349867,16914200
2025-10-27,307.3459167480469,307.748398312054,297.32324205241673,302.15296090512254,9868200
2025-10-28,306.8354797363281,313.49109009340054,305.69675794018974,306.8649281466726,6044800
2025-10-29,302.5554504394531,308.5631657332573,301.87810705263297,307.051440744946,4135900
2025-10-30,304.37152099609375,307.9938252740194,299.4239783310285,301.0240785352444,4694300
2025-10-31,301.7701110839844,307.7483774041862,296.09615495726416,306.27589712952505,7697500
2025-11-03,299.1393127441406,306.413369525553,298.64848594343283,302.34930923600103,4958000
2025-11-04,295.3304443359375,297.6078875136797,290.5694191455626,294.49603291779994,5677300
2025-11-05,301.1418762207031,301.5640100535563,294.21140392207894,295.85077868151564,4650400
2025-11-06,306.6882019042969,309.6527847113071,295.56605089128925,301.122213337027,6818500
2025-11-07,300.759033203125,304.3126144234849,297.07783222219575,303.9984780832666,5070800
2025-11-10,305.1317138671875,305.93123490810245,300.29509654775313,302.85159384341324,2975200
2025-11-11,309.662353515625,313.7981625561499,304.44076582671687,305.0034006885424,4381900
2025-11-12,310.90606689453125,320.69774497784783,310.4618751348558,315.75256468416535,6042700
2025-11-13,300.91693115234375,310.53097463088665,299.7522004830535,308.25085454395617,5310200
2025-11-14,301.7362365722656,303.7399795374244,293.74099518927125,296.11982808966894,3592500
2025-11-17,293.326416015625,302.0421955279432,292.6749488418995,301.63749485383204,3909700
2025-11-18,286.1997985839844,293.15860183082305,286.170187808916,293.15860183082305,4861900
2025-11-19,284.79815673828125,287.34477380860125,284.34411480477047,286.7426779970831,3595900
2025-11-20,286.6439514160156,296.82059914810276,286.4070652227362,290.82913160875,5597000
2025-11-21,293.5929260253906,296.593615228322,288.11472153988643,289.6841529323667,5710900
2025-11-24,300.1865234375,303.20694315205225,293.66203128138983,295.3104147222967,6050600
2025-11-25,300.5418701171875,302.04219961089285,293.21782705556905,300.19639098848455,2825300
2025-11-26,299.28826904296875,302.6344371929437,297.7385983390378,301.2327902394087,2196400
2025-11-28,304.5888366699219,305.18108234046827,299.67326688697915,300.12730884782275,1689000
2025-12-01,301.7164611816406,303.14768873063736,298.8835566114094,302.5455929621246,3166600
2025-12-02,297.8768005371094,306.4544071855833,297.6695250946287,303.0292866816932,4261100
2025-12-03,298.7059326171875,300.0384778511314,295.0439258910233,298.96257943756865,3953400
2025-12-04,304.0064392089844,305.60548126466074,298.62694773296596,298.96254654884814,2962500
2025-12-05,303.9571228027344,307.79679408541966,303.2069429630583,304.598709712679,2344700
2025-12-08,305.1810607910156,311.27127130779166,303.9669888811331,305.61537224389093,3630200
2025-12-09,306.4642639160156,309.90911463234374,304.75662888402957,305.6252517876326,2935300
2025-12-10,308.6259460449219,310.61980856314165,302.6837893197764,306.2175025438153,3411500
2025-12-11,306.72088623046875,309.3859765406959,304.4111553522753,307.96459905829,2755700
2025-12-12,305.24029541015625,307.02688254934895,299.40673144473857,306.5531101243747,2953400
2025-12-15,304.6678161621094,307.33287647197665,302.38769595486997,304.99353471048676,3566700
2025-12-16,299.2586669921875,303.4043563014791,296.53438527621074,303.345134750449,3366900
2025-12-17,299.3968811035156,302.2889773965484,299.1599647682932,299.86080335129185,3131000
2025-12-18,296.5639953613281,300.51225940941845,291.8754318042209,299.2290555200706,5411700
2025-12-19,297.0871276855469,302.891050309204,295.23143883485125,296.4652713022964,11031000
2025-12-22,298.87371826171875,299.258658332275,294.4615321004711,297.1364724874704,2612100
2025-12-23,299.8509216308594,301.1834668147855,296.7614000935896,297.44247807375484,2923000
2025-12-24,300.6208190917969,301.20318441810247,298.3900402884613,299.8311783395197,1210600
2025-12-26,301.1439514160156,301.79541856715923,299.7423346155943,300.7491310548911,2814700
2025-12-29,301.7855529785156,305.9904638304702,299.821301253243,300.7096546397909,4664500
2025-12-30,298.1432800292969,302.2790890731558,298.0939387773206,302.19025674587976,1883700
2025-12-31,292.3788146972656,297.94588145853476,292.043215868254,297.8570491322844,3430100
2026-01-02,287.729736328125,293.7212341219749,285.2620713510399,293.71135382275025,4662800
2026-01-05,291.15484619140625,295.3202657298563,290.4441574983056,291.9444869069126,4190000
2026-01-06,298.557861328125,299.1204961909983,290.61199188822445,291.18447692778483,4147300
2026-01-07,292.8921203613281,300.37406777905517,292.5170304420286,298.58748063533085,2833300
2026-01-08,298.80462646484375,299.7423512320026,291.1844755935488,291.1844755935488,3343300
2026-01-09,300.2852478027344,303.0292903343983,298.093959872926,298.69605573024967,2718800
2026-01-12,308.14227294921875,308.2903268324771,296.08032458630623,298.70592389992686,3895200
2026-01-13,299.2389221191406,308.76410267448443,297.96559858752744,307.56976128902085,4507800
2026-01-14,305.03302001953125,305.1909542021679,297.60041387299106,299.57454597165105,3779000
2026-01-15,294.0963439941406,307.84616695090483,293.19811026672704,305.00341188455536,4932500
2026-01-16,301.7164611816406,303.4734373618509,296.88969424330713,297.10684995649547,6199600
2026-01-20,287.5816955566406,297.6991224236518,286.40708456420236,297.45235591470026,7275500
2026-01-21,293.691650390625,293.81997380090775,288.7267092044669,288.9734757248979,5185000
2026-01-22,290.8587646484375,297.03777760476703,289.7334948984941,295.54732836080484,3670200
2026-01-23,288.6575927734375,290.5330122094406,286.04187381352284,290.2665152250637,3298400
2026-01-26,292.4972839355469,292.98096680772693,289.3485707919891,289.368301269742,3726900
2026-01-27,290.0592041015625,293.4843243713551,289.47683876867563,293.3165400179604,2954900
2026-01-28,290.3553466796875,292.12220330584324,287.4928612204138,290.3652269792933,5790300
2026-01-29,305.24029541015625,315.7624231091951,299.54493515059954,313.7487999344587,10124900
2026-01-30,302.733154296875,303.799172322983,295.85330307087577,303.6215076724423,5940700
2026-02-02,310.6593017578125,312.5446014855577,302.44690517744965,303.532683832547,4581200
2026-02-03,290.5033874511719,308.93192263348726,280.1786856890255,308.3594074937471,11466500
2026-02-04,285.3114013671875,287.6408926777202,275.3519095265745,287.6408926777202,8708000
2026-02-05,286.14056396484375,288.0357137283885,281.41250960911657,282.3995755634643,5532800
2026-02-06,295.0636291503906,296.01123418921753,286.90060425762084,288.7168020644106,3744300
2026-02-09,292.50714111328125,293.8692970422217,287.65079315768804,292.08270995364455,4627800
2026-02-10,289.62835693359375,295.43559151114187,288.20878175534256,292.83473856500086,3837300
2026-02-11,270.8168029785156,291.3556408691464,270.3700786344661,290.2041123840205,7628200
2026-02-12,257.6238708496094,269.31780200173444,255.34068734461837,268.32510825267593,12565400
2026-02-13,260.4630126953125,262.72635342229563,254.76495978935756,258.1003965261278,6842600
2026-02-17,256.4227294921875,258.7952821826409,252.78946659930781,257.30624150332676,4929700
2026-02-18,258.8846130371094,259.20225201503723,254.37777490364303,256.7503275212299,3949200
2026-02-19,254.40756225585938,256.39294982779353,251.65779622748514,254.129609207573,4948700
2026-02-20,255.28114318847656,257.1474123938344,251.94569138916975,253.335456660837,4708600
2026-02-23,221.71815490722656,253.32552024133855,219.1073655001113,252.51150409641878,19522900
2026-02-24,227.64454650878906,234.8614194343222,221.99611643710978,226.13564771128213,13379800
2026-02-25,235.80447387695312,237.7997980693716,229.5306570628724,231.51604462321396,8569700
2026-02-26,240.2418212890625,245.68179422374374,237.2041806820508,237.9586376649671,7343100
2026-02-27,238.45498657226562,238.45498657226562,232.85619409428114,236.33062242647412,6642200
2026-03-02,237.62110900878906,239.0208108959569,232.07195432666467,233.97792459656534,6220300
2026-03-03,243.48793029785156,244.29200983988454,232.57822015103955,234.6231820712445,6960400
2026-03-04,248.23300170898438,249.01723826979514,243.1702725702377,243.95449398374365,6085000
2026-03-05,254.6755828857422,258.4776171138843,247.18075679552925,247.49842608300114,9894600
2026-03-06,256.95880126953125,257.504770752482,250.3673149130961,254.56640552887535,6234400
2026-03-09,251.47911071777344,256.1943909057053,249.7319751623786,253.51413594454695,6126600
2026-03-10,248.37197875976562,251.58831203452638,244.74865255037952,251.40961927894278,4938000
2026-03-11,247.05169677734375,251.86626768087837,245.39389997842179,248.1833670833811,4008500
2026-03-12,245.87039184570312,248.22308643974137,243.84530316895786,245.2946427743001,5547700
2026-03-13,244.48062133789062,247.89549034246835,242.92209999001707,245.86046507723168,4338400
2026-03-16,247.42892456054688,250.35736818084962,244.30194521378894,246.0590022975876,5674200
2026-03-17,254.23878479003906,254.5167681261647,248.17344044692865,248.6797088124107,5840100
2026-03-18,249.7617645263672,256.3929517968472,248.33228304002762,252.3030582143908,5177000
2026-03-19,248.54074096679688,250.34745094701873,246.43623496548807,247.60760637457724,4249500
2026-03-20,240.0035858154297,248.45140465489388,240.0035858154297,247.1807577944818,11314100
2026-03-23,246.62484741210938,249.51358997403102,242.92210381964344,244.69901903749496,4972000
2026-03-24,238.8321990966797,245.30456695159515,236.261125775069,244.64938540442864,4151500
2026-03-25,239.62635803222656,244.3912913465502,236.2611266244346,241.8202180156964,4207900
2026-03-26,239.904296875,244.86776562769327,238.04796440863018,238.80240620600992,3606800
2026-03-27,234.61325073242188,237.69060759332467,232.04217740741072,237.10492188249458,4853700
2026-03-30,235.5166015625,238.45498184427947,234.4047893653805,236.06258617619443,3882600
2026-03-31,240.61904907226562,241.07569488412378,234.65296479978818,238.51454306781002,4750300
2026-04-01,241.3635711669922,244.46077099177765,238.38548975168146,240.35101924454102,4228700
2026-04-02,246.34689331054688,246.3965310292558,239.7256275825532,241.22458974481006,3350900
2026-04-06,244.93727111816406,247.08147819191652,242.9518835388082,246.32703636479113,3376000
2026-04-07,243.27947998046875,243.96442598758347,239.3384843317571,243.52765343367577,2356100
2026-04-08,239.9738006591797,248.1734458572742,239.04066607918753,246.81346022111396,4771500
2026-04-09,235.4470977783203,239.9737940294344,232.05208695046323,239.1200767933788,5078600
2026-04-10,229.07400512695312,237.5218386643363,228.82583168855396,237.44242134637202,5869400
2026-04-13,236.0824432373047,236.33061668357348,230.00714697247665,231.92305385427053,5349600
2026-04-14,238.51454162597656,239.77525183565584,236.38024088496445,237.005642821012,3777300
2026-04-15,243.01144409179688,244.2622328207055,239.22928315569456,240.48007188460318,3879500
2026-04-16,249.1661376953125,249.38453153774617,244.3317238548956,246.9325767000358,4817500
2026-04-17,251.6180877685547,253.78215288785026,249.20583406273408,252.80931724735163,5671500
2026-04-20,251.85633850097656,256.6113349085492,250.71473159772017,253.13690677632513,5157700
2026-04-21,253.8119354248047,256.204331041917,250.0297745909036,252.14421716465813,5584900
2026-04-22,250.0198516845703,255.6583601334188,245.40383174684385,252.65048409685662,12190200
2026-04-23,229.3916778564453,231.20830927058608,220.10998506149048,230.5729858646001,22297800
2026-04-24,230.28509521484375,231.09911137232473,223.35609698086063,230.23545749716484,9816900
2026-04-27,226.38381958007812,229.62993248223347,225.46060648799136,228.26993170333623,8060700
2026-04-28,231.3373565673828,231.85356158480724,226.79083229143535,228.81592097932304,5162900
2026-04-29,225.44076538085938,229.78875387342674,225.162812331921,228.65708356066193,6443700
2026-04-30,229.2924041748047,229.90788461618752,223.25682419811181,224.8749199003804,6283300
2026-05-01,230.5034942626953,234.22609596315004,230.05678508810178,232.83633072056898,3582100
2026-05-04,227.80335998535156,232.37967882849586,226.94964274517807,230.30495250379326,4003100
2026-05-05,227.35665893554688,229.31226692587666,225.49038975152328,228.47840777240853,4221900
2026-05-06,224.0906982421875,227.32687449595605,222.74063410217084,227.07870105218316,7673200
2026-05-07,229.6199951171875,230.12627863769495,225.74849544609805,225.83783425066818,5485500
2026-05-08,229.75999450683594,230.7100067138672,224.8300018310547,229.72999572753906,5332800
2026-05-11,223.5500030517578,230.22999572753906,222.5500030517578,228.66000366210938,6677200
2026-05-12,219.22000122070312,224.42999267578125,219.22000122070312,224.42999267578125,6045200
2026-05-13,214.63999938964844,218.30999755859375,212.33999633789062,218.27000427246094,8361200
2026-05-14,218.3699951171875,220.9600067138672,215.0,215.5500030517578,5906200
2026-05-15,219.3000030517578,220.91000366210938,217.6199951171875,218.1999969482422,6154500
2026-05-18,222.75,223.3300018310547,217.75,218.5500030517578,5946400
2026-05-19,222.3300018310547,227.35000610351562,221.9199981689453,224.5,5937800
2026-05-20,225.0,225.0,216.77999877929688,221.0500030517578,4873400
2026-05-21,252.97000122070312,253.6300048828125,230.94000244140625,232.5800018310547,25707800
2026-05-22,253.83999633789062,264.3800048828125,253.38999938964844,262.04998779296875,19072900
2026-05-26,250.69000244140625,254.5500030517578,245.4499969482422,254.5500030517578,9256100
2026-05-27,255.1999969482422,257.6199951171875,250.4600067138672,250.4600067138672,9275500
2026-05-28,264.2200012207031,268.8900146484375,257.0,261.0,12432900
2026-05-29,297.79998779296875,301.0,273.3299865722656,277.29998779296875,28436500
