Price,Close,High,Low,Open,Volume
Ticker,COALINDIA.NS,COALINDIA.NS,COALINDIA.NS,COALINDIA.NS,COALINDIA.NS
2021-01-01,86.33708190917969,86.9111701489623,86.14571591815927,86.3689681299509,6995084
2021-01-04,87.54906463623047,87.86800476240981,86.62414021696641,87.29391642859908,11669647
2021-01-05,86.20950317382812,87.23011536390209,85.7310930347208,87.23011536390209,12371842
2021-01-06,86.17761993408203,87.58095444404859,85.34837371760376,86.3689762097251,14133415
2021-01-07,87.07064819335938,87.70852839990413,86.43276798681461,87.07064819335938,17298525
2021-01-08,89.11185455322266,89.90920473665035,87.45337201166024,87.45337201166024,27964099
2021-01-11,90.38761901855469,91.21686519424912,89.49459066520932,89.62216475379022,24790683
2021-01-12,93.54513549804688,94.11923356748808,90.38763018260114,90.89793633323325,28433070
2021-01-13,93.0029296875,94.91657017599474,91.5358033663316,94.7252041804895,21154236
2021-01-14,93.54513549804688,94.53385183990652,92.39695882572498,93.51324927192259,14755992
2021-01-15,91.37635803222656,94.15114138410938,90.80226962376601,93.64083516921029,10647008
2021-01-18,88.4739761352539,91.79095101647076,87.13443364088802,91.40822876091427,17085592
2021-01-19,89.36701202392578,90.51518849594036,89.04807195208204,89.84542213169138,8951075
2021-01-20,90.26004028320312,90.5470844010523,88.44207798136077,89.62216013985893,11820498
2021-01-21,87.61285400390625,90.67467133945816,87.10254787022096,90.57899319770213,10828875
2021-01-22,84.96564483642578,87.89989779281714,84.5191306213088,87.61285363547623,14810848
2021-01-25,84.10450744628906,86.43276626035973,83.46662725248568,86.05003425076596,10157077
2021-01-27,82.38224029541016,84.55103924603834,82.0951960950674,84.20020311971658,11638766
2021-01-28,81.77623748779297,82.89252780768598,81.52108930798622,81.64866339788959,11970139
2021-01-29,80.30912017822266,82.70116612189541,79.8944970644405,82.44601792877394,15268785
2021-02-01,82.28655242919922,82.76496261774108,80.27722866399542,80.62806474891548,12808349
2021-02-02,83.7217788696289,84.74239111487532,82.7011666243825,83.56230881463914,15485139
2021-02-03,87.54906463623047,88.02747482549948,83.72178312207832,83.72178312207832,25483402
2021-02-04,91.59960174560547,92.01421998741894,87.2620143853312,87.96367677403703,30751754
2021-02-05,89.8454360961914,92.0461209873056,88.88861573194349,91.91854688539523,19930467
2021-02-08,90.29193878173828,90.8341310788944,89.4945885800862,89.97299870107744,11810439
2021-02-09,88.8248291015625,91.50392433427128,88.47399300046573,90.26005973336513,8579689
2021-02-10,88.21882629394531,89.65405662497497,87.26200607325887,89.23942868937702,8709612
2021-02-11,87.48527526855469,88.98429779861779,86.75171685026537,88.21884342012449,14150298
2021-02-12,85.3802719116211,87.38959072475426,84.67859977161407,87.07065061262013,16453706
2021-02-15,84.3596420288086,86.01813415860289,84.20017200606983,85.79487223345751,10557047
2021-02-16,85.31648254394531,86.36898105211,84.39155813778846,84.39155813778846,11735144
2021-02-17,86.24139404296875,86.5922300709432,84.77426775625284,85.02942565536091,8950258
2021-02-18,89.27131652832031,90.06866663974381,85.50782789571245,86.11381203373877,22069738
2021-02-19,88.8248291015625,91.34445426407098,87.54906853996017,89.2713433514672,22944780
2021-02-22,86.91118621826172,88.92050516228917,86.17762780587846,88.56967880271135,20401387
2021-02-23,87.32579803466797,88.41020219293209,86.87928382829551,87.7723219743201,19178437
2021-02-24,92.10989379882812,92.49262579889381,88.98428482031508,89.27132895372479,38775957
2021-02-25,99.57310485839844,100.59370735631755,92.97104077938098,93.70459912892534,85580477
2021-02-26,97.08536529541016,103.97447345898007,96.00097089310736,99.60499015957002,94115857
2021-03-01,98.4568099975586,100.21098049828213,98.04218203923827,99.1903683136404,22306110
2021-03-02,97.85081481933594,99.60498529821326,97.27672655592407,98.4568087713895,17565134
2021-03-03,98.80762481689453,100.33854291576705,98.10596253819622,98.87141672099348,17610904
2021-03-04,96.98967742919922,98.80762999189733,96.7664154864377,98.2335417580513,17162557
2021-03-05,96.38371276855469,97.4043153614149,95.49067454986144,96.95780111870853,17323282
2021-03-08,97.69136047363281,99.50932315536029,97.18106403894775,98.1697706811105,18727656
2021-03-09,96.76643371582031,98.83954456554378,94.7252188258256,98.83954456554378,14621175
2021-03-10,96.28801727294922,97.75514372576676,95.29930098518437,97.62756962840865,10788943
2021-03-12,96.00096893310547,97.59566941372185,95.04414864473566,96.9577892214753,14835735
2021-03-15,96.92469024658203,97.38655865471239,95.50612318662944,96.62778203261017,15783310
2021-03-16,96.13292694091797,97.68346208018933,95.40715246098205,96.99066956971157,11857531
2021-03-17,92.27310943603516,95.96798641497337,92.04217522020772,95.7040702263911,15554810
2021-03-18,90.42564392089844,93.52670368746081,89.86480957186112,93.36175359277394,14401450
2021-03-19,89.93081665039062,92.3720766629309,88.08337310358053,89.73287447256143,33294812
2021-03-22,89.50194549560547,90.7885646929691,89.27102133107819,90.7885646929691,11414253
2021-03-23,89.2380142211914,90.16173085885538,88.47924770223572,89.46894841448552,8887103
2021-03-24,87.29161071777344,89.1720361571422,87.12666058794687,88.34728550800934,10865477
2021-03-25,84.52045440673828,87.81945715379665,83.82766181630456,87.09367252234085,18629600
2021-03-26,85.51014709472656,86.03797942982773,84.91632061610309,85.18024685141012,9505615
2021-03-30,87.7204818725586,88.71018270617398,85.87303830292505,86.4338728024101,20582346
2021-03-31,86.0050048828125,87.75347229619773,85.77407066545642,87.75347229619773,14900610
2021-04-01,87.192626953125,87.35757706848676,86.16994429208694,86.73076864366328,6226087
2021-04-05,85.64210510253906,87.159648234,84.48745425195564,87.0276800825853,9012457
2021-04-06,85.97201538085938,86.9947082671609,85.31221481779484,86.33490770409638,6689423
2021-04-07,86.59882354736328,86.89573178597415,85.60912270682199,85.97201502857197,5657926
2021-04-08,86.86273956298828,88.24832476395528,86.56583132499752,86.63181540799881,9330363
2021-04-09,85.44416046142578,87.06066959173936,85.08126819108857,86.86272743812304,10149401
2021-04-12,82.2771224975586,84.65240838705107,81.55134293527077,84.45446621830054,11334755
2021-04-13,84.42147827148438,84.75137854614259,82.34311056824062,82.34311056824062,7809483
2021-04-15,84.61942291259766,86.30191637587336,83.76168015997105,84.42148072849032,8924391
2021-04-16,84.35550689697266,85.74108716980473,83.86065643996983,85.01531254018892,10358366
2021-04-19,82.21114349365234,83.13486522515194,81.4193848860118,82.87094401131228,7131534
2021-04-20,82.1451644897461,83.29981539622847,81.84825627020201,82.47506474874106,7738871
2021-04-22,82.50806427001953,82.80497251648724,81.81527164975631,82.24414303211549,8514980
2021-04-23,83.23384094238281,83.95962054543003,81.98021888227647,82.44207725679414,8992991
2021-04-26,83.76167297363281,84.45446552469141,83.46476475682394,84.2895153967135,4967884
2021-04-27,84.12455749511719,84.38847868226962,83.53073608249372,83.79465726964614,3982954
2021-04-28,84.78437805175781,85.4111866152425,84.12457744435113,84.45447774805447,6206074
2021-04-29,84.48745727539062,85.8070582947087,84.22353606475133,85.60911612825963,8345584
2021-04-30,87.78646850585938,88.80916141052764,83.79467301407811,84.0585942508195,27396950
2021-05-03,87.2256088256836,88.05035930638739,86.56580844112054,87.753451146885,10262391
2021-05-04,87.62151336669922,89.60091497859263,87.25862105763399,87.45656323237478,9926789
2021-05-05,87.8524398803711,88.74317465681762,87.42357354667907,87.7534738242137,4877341
2021-05-06,88.80915069580078,89.36997507616016,88.24831624768483,88.54522445702293,7632817
2021-05-07,90.293701171875,91.05246770901418,89.07306623707909,89.3369824062345,12644960
2021-05-10,97.02365112304688,97.98035969235043,90.45863913700944,90.45863913700944,45098431
2021-05-11,102.7309341430664,103.42372667019798,95.77003696925618,96.62777961866877,66582000
2021-05-12,101.27938079833984,105.37014204830444,100.15772191705622,102.86289803453354,42959024
2021-05-14,96.85871124267578,102.89588153060387,96.39685292611539,102.89588153060387,23140309
2021-05-17,97.74942779541016,98.40922821270689,95.01126009073083,96.99066134262105,17076463
2021-05-18,96.62776947021484,98.83810490373979,96.3968453639284,98.37624662341149,10295029
2021-05-19,100.1906967163086,100.61956295755012,95.73704392966293,96.62776844633888,23999878
2021-05-20,96.7597427368164,100.55359574665299,96.3638684634007,100.55359574665299,22983457
2021-05-21,97.12263488769531,98.70616218217418,96.89171074550008,96.99067679676132,13009821
2021-05-24,98.24429321289062,98.80512768092017,96.0999415269942,97.71646085210628,14192862
2021-05-25,97.28758239746094,98.97007569787617,97.05665826148659,98.83811761049702,10434892
2021-05-26,96.13292694091797,97.65047004297492,95.8030267042863,97.5185119618735,9948786
2021-05-27,95.37416076660156,96.52881159896295,95.07725256611704,96.1659193238124,24064196
2021-05-28,96.92469024658203,98.17831724788958,95.50612318662944,96.06695764349817,16465504
2021-05-31,97.45254516601562,97.91440356563733,95.70407762896276,97.02367880945792,11767444
2021-06-01,97.38654327392578,98.57417594224391,96.9246749387408,98.01335164170594,9307143
2021-06-02,98.37625122070312,98.90408352702745,96.99066624721203,97.32056647254268,10714318
2021-06-03,98.34326171875,99.23398630944162,98.0463535218528,98.9700701494788,9282774
2021-06-04,101.01544952392578,101.87318202586681,97.78242138703186,98.31026374282634,29422387
2021-06-07,103.09383392333984,104.80931934692711,102.5659914801009,102.92888378906251,31071589
2021-06-08,102.92887878417969,103.91857954171988,100.8175191816453,103.85259546411451,12874065
2021-06-09,103.19280242919922,106.4918051931475,102.40104377940312,103.58868678797599,30443113
2021-06-10,103.25878143310547,104.74333260386898,102.76393104285098,103.65466577241186,11459484
2021-06-11,107.3165512084961,108.86708646710002,103.35774806423791,103.58868227475578,61728565
2021-06-14,105.13921356201172,108.20728185582107,102.63196965180113,108.20728185582107,30836595
2021-06-15,103.68766784667969,106.78873894770058,103.42375161447995,106.2938884615069,30153988
2021-06-16,102.63196563720703,104.7763171754705,102.17010731943999,103.78661646550273,14098443
2021-06-17,100.38864135742188,102.53299296767297,99.89379098582546,102.26907679659085,15784276
2021-06-18,96.59478759765625,101.4773172586873,95.73705501584924,100.94947485374387,24823176
2021-06-21,97.32057189941406,97.6504721431409,94.68136994959946,96.33087116823359,15038290
2021-06-22,98.11235046386719,98.64019297494367,97.51853393125522,98.24430857469669,12494441
2021-06-23,97.94738006591797,99.36595715049813,97.74943790670255,98.87110678633779,7983220
2021-06-24,96.59478759765625,98.37625697280986,96.33087142906278,97.94738061414986,12929173
2021-06-25,98.14532470703125,98.47522495814732,96.82572370256696,96.82572370256696,7400514
2021-06-28,97.12263488769531,98.31027784161522,96.99067679676132,97.05666087610682,8217659
2021-06-29,95.34117126464844,97.58448891436107,94.9782789798476,97.05665657402155,21576435
2021-06-30,96.7597427368164,97.25459312940379,95.73705997967475,96.06696024139968,12919448
2021-07-01,96.09993743896484,97.18861428922403,96.00097139246697,96.72675595930643,5668038
2021-07-02,97.41952514648438,98.07932554725366,96.36385054590659,96.99065891308639,20805994
2021-07-05,98.90408325195312,99.29996754835122,97.38655027385744,97.65046642628559,10401054
2021-07-06,97.32057189941406,99.43193144571447,96.92468757983929,99.00306515597218,9579038
2021-07-07,97.35357666015625,98.14533533502168,96.69377608647544,97.32058461792066,6067804
2021-07-08,96.4958267211914,97.74944369080833,95.86901823638293,96.99067711463341,12349670
2021-07-09,96.79273986816406,97.32058232824163,96.0999472685471,96.49583163054466,4963821
2021-07-12,96.59478759765625,97.55150636125965,96.39685550508939,96.8587138340062,4010172
2021-07-13,97.71644592285156,97.98036206292225,96.75972726264564,96.99066143602406,5717442
2021-07-14,97.74942779541016,98.57417831703108,97.15561144694524,97.61746972550188,7216739
2021-07-15,96.79273986816406,97.91439880348042,96.0999472685471,97.65048260732041,7257500
2021-07-16,96.0339584350586,97.68345957592955,95.86900832097149,96.82571696912545,10819800
2021-07-19,95.30816650390625,96.5947752803105,95.01125833515991,95.67105874026518,5158738
2021-07-20,94.28547668457031,95.70405363866026,93.4937181882963,95.34116139143931,6271740
2021-07-22,95.47312927246094,95.93498760376248,94.51642057167417,95.01127094115938,4772582
2021-07-23,95.07726287841797,95.67107934379374,94.58241246801903,95.4731371660827,3419739
2021-07-26,95.01126861572266,96.00096933046977,94.5164182583491,95.01126861572266,4423596
2021-07-27,93.98856353759766,95.83600664306312,93.75763944176133,95.34115635058602,4245486
2021-07-28,95.04425811767578,95.20920823240004,93.06485674098454,94.64837381523512,8834228
2021-07-29,93.7906265258789,95.44012759082757,93.62567641938405,95.0442533758932,8237916
2021-07-30,94.5494155883789,95.60509036921624,93.19682252229163,93.88961507494675,9526451
2021-08-02,94.94528198242188,95.6050824411399,94.41744966965227,95.2092082065627,6164197
2021-08-03,95.17622375488281,95.50612401053232,94.35147311575905,94.94528954882543,5648929
2021-08-04,95.47312927246094,97.22160661862925,95.11023698795381,95.11023698795381,8839351
2021-08-05,95.96797180175781,96.26487998564144,93.82362037583994,95.67106361787417,6237158
2021-08-06,96.3968505859375,97.94737561587436,95.83601617160028,96.06695035815231,10812438
2021-08-09,94.51643371582031,97.5515204311802,93.92261721696022,97.32058619953575,12986298
2021-08-10,93.82362365722656,95.17621661750839,92.86691500113903,94.81332434995628,14022502
2021-08-11,94.978271484375,95.24219770147285,93.1308282357131,94.28547900765732,8356558
2021-08-12,95.27519226074219,96.7927354894047,94.81333390447718,95.04426811648823,7685737
2021-08-13,94.84632110595703,96.5288143808662,94.48342882034815,95.70406376255353,9455100
2021-08-16,93.69166564941406,95.11023261629924,93.5267155338341,94.87930849514095,5259207
2021-08-17,91.8772201538086,94.05456382989185,90.52462710747228,93.7576556167343,13714266
2021-08-18,91.28340911865234,92.53702612280308,91.05247490158165,91.877225580038,7654460
2021-08-20,89.46895599365234,91.08546528038148,89.07307164811343,90.72257297493034,8877297
2021-08-23,88.38027954101562,89.99678883622633,87.58852091354069,89.93081482346177,7768805
2021-08-24,89.86481475830078,90.32667303652867,88.41325585483222,88.64419002782385,7452062
2021-08-25,91.6133041381836,91.81123623546057,90.06276892446917,90.06276892446917,7817617
2021-08-26,90.59062194824219,91.97619713018649,89.96381340871324,91.61331486418831,6845692
2021-08-27,91.41535186767578,91.91020219167862,90.4256512196701,90.98647554621995,4418540
2021-08-30,94.74735260009766,94.9782767265786,91.44835021245855,91.44835021245855,11333690
2021-08-31,96.2319107055664,96.4298428090813,94.51642531155234,94.74735952266244,14301855
2021-09-01,95.1432113647461,96.75972025810798,94.94526924014461,96.7267382938033,8415876
2021-09-02,95.75181579589844,97.23948312259068,95.48132426128356,97.23948312259068,7787657
2021-09-03,98.96383666992188,99.50479914330431,95.85325085698403,95.95467874119379,12734022
2021-09-06,98.96383666992188,99.97815678481061,97.57759711593441,99.94434405067476,9712271
2021-09-07,99.53861999511719,100.14721830460213,98.42287190502607,99.4033793657423,9475870
2021-09-08,100.85723114013672,101.33058880594037,98.93002901384394,99.64005519435109,7873034
2021-09-09,100.51911163330078,102.07440442179275,100.07957707746908,100.85721831261657,9519564
2021-09-13,104.54259490966797,105.42166406789845,100.9586618554291,101.16152793740441,35672746
2021-09-14,104.6102066040039,105.15117936534286,103.6973247425543,105.04975148680307,8804432
2021-09-15,108.90418243408203,109.71563654209413,104.30592873108178,105.15119557655247,24591822
2021-09-16,109.74942779541016,110.22277507257327,106.53741441139346,109.64798960289157,18440504
2021-09-17,105.96265411376953,110.42566737168676,105.08357449409502,110.01993514162183,17317065
2021-09-20,104.27212524414062,106.53744471824972,103.3254304205068,105.42168619232446,12541523
2021-09-21,105.759765625,106.84171113081875,103.7649382719564,105.28641833552818,13645046
2021-09-22,109.61418914794922,109.88467036310269,104.81307019249795,106.33455024367937,18861877
2021-09-23,113.16432189941406,114.95628336577782,110.29041481526961,110.72994941850658,31399318
2021-09-24,112.31906127929688,114.58437020854177,110.15516992487967,113.67148821670827,17259638
2021-09-27,112.96142578125,114.38146741916835,111.81186531678408,112.92761305501959,9099672
2021-09-28,118.03305053710938,119.21642398213126,113.70527860439644,113.94195742067986,41551332
2021-09-29,125.57281494140625,133.2140277328701,116.84966699886755,117.9992276110956,100988643
2021-09-30,125.16710662841797,129.49486833586218,124.49089321674245,126.85764015760677,48957916
2021-10-01,127.60148620605469,128.4129403476275,123.34133906504825,125.36997957807995,25492957
2021-10-04,128.44674682617188,130.74587881980426,127.33099872566412,130.17109324184648,23341448
2021-10-05,133.8564453125,134.49884600211797,128.75103189402407,129.15676407599224,42359592
2021-10-06,130.4077911376953,137.81232766759453,129.630139341061,135.2427140372468,41926821
2021-10-07,128.95387268066406,131.82777917077047,127.97336547120814,131.6925385760517,16517664
2021-10-08,127.43243408203125,129.63012799274193,124.49091150015344,129.22440607706878,28978175
2021-10-11,133.11260986328125,135.0398118326249,129.59629198298177,129.83297079660875,34952223
2021-10-12,130.71205139160156,135.9188924724282,129.32581186742237,134.7017062970953,25216411
2021-10-13,128.51434326171875,131.5573031953749,128.04099600234483,131.185383806511,17378156
2021-10-14,124.28804016113281,129.6977480217419,123.27371993726862,128.48056168946505,29542941
2021-10-18,125.30233001708984,126.95905058424363,124.01751852065902,124.96422335774433,15468914
2021-10-19,124.76139068603516,127.77053869585255,124.15280266362684,126.65479054870426,17403803
2021-10-20,122.05652618408203,124.0175410370456,119.96026038826726,123.54419369166112,15921230
2021-10-21,123.34130859375,123.74704072340047,120.9745619132478,123.07082738611413,15586097
2021-10-22,118.94593048095703,124.62612911479295,118.54020864023852,124.01753087641906,13603152
2021-10-25,117.72876739501953,119.85883566460043,116.9849284624873,119.1826222052797,11744666
2021-10-26,118.37117004394531,119.01357077711386,116.13966352823468,116.98493036614032,11602891
2021-10-27,117.39064025878906,119.45308269663435,116.84966752173261,118.8106820855909,9535881
2021-10-28,112.62335205078125,116.98492673536771,112.21761985389946,116.98492673536771,24509136
2021-10-29,111.20330047607422,114.61818048331718,110.42565913104792,111.5752199395123,14826816
2021-11-01,115.46345520019531,116.27490933708394,110.7637734357745,111.57522757266312,13585170
2021-11-02,114.41529846191406,117.49207131391793,113.84052329676419,115.9367785220943,14278962
2021-11-03,114.78718566894531,115.70007757621164,113.16427818735423,113.73905319124543,8974463
2021-11-04,115.42961120605469,115.90295846455241,114.78721061822232,115.76771786472398,973260
2021-11-08,116.10582733154297,117.79636066577685,113.94194672736295,115.63248006159682,8761953
2021-11-09,115.29438781738281,116.5791891848428,114.68579986820657,116.34252067936224,5723308
2021-11-10,112.7247543334961,115.53104570166694,112.55570100956517,114.88863481617261,9212143
2021-11-11,112.9276351928711,113.36716976544463,111.71044903733241,112.18379634276485,6453205
2021-11-12,112.8938217163086,114.17863332910122,112.04855499139134,114.17863332910122,7027513
2021-11-15,108.02510070800781,113.33338051953052,107.85604734226759,111.06806129133199,19400018
2021-11-16,107.5517349243164,109.30988343593059,107.24744098174826,108.87034888757626,8505431
2021-11-17,105.55691528320312,107.68698335413781,105.28642373378125,107.55174273852566,7477627
2021-11-18,103.73112487792969,106.6726571093327,103.4606436623005,105.52309646561321,12981172
2021-11-22,101.8039321899414,103.39302753204696,100.82342479703408,102.9196802028708,11522286
2021-11-23,105.62452697753906,105.99644639695731,101.43200612149025,101.43200612149025,13305061
2021-11-24,107.5855484008789,109.30988419344696,105.21880166953005,107.04457565578835,18809310
2021-11-25,107.21366119384766,110.08756880219444,105.48931456519959,109.20848911717778,22402592
2021-11-26,105.42167663574219,107.7884237984784,105.0497674790141,106.67267569189656,11829847
2021-11-29,104.305908203125,105.92881609975228,102.716802719105,105.42165609228167,18176163
2021-11-30,102.7844467163086,107.17983424036127,102.34491209118279,107.17983424036127,56643275
2021-12-01,105.18500518798828,105.65835254374457,103.1563648191484,103.86639101188206,16283427
2021-12-02,107.7208023071289,107.88985566595422,104.91451035970981,106.097883871487,15647910
2021-12-03,108.02510070800781,108.66750143418098,107.01078051356643,107.51794061078712,20414051
2021-12-06,106.44861602783203,109.24329084620351,106.12615523097537,108.92083004934685,24185368
2021-12-07,107.95343017578125,108.16840767204793,106.87855362865747,107.55931752253693,7866368
2021-12-08,108.13258361816406,108.74168474329336,107.52349342724517,108.38339253656093,7313306
2021-12-09,109.38658905029297,109.9956900791378,107.95342044991332,108.74166755380561,9423435
2021-12-10,108.41920471191406,110.17483402663501,108.13256443684814,109.38658693796431,7419042
2021-12-13,106.77108764648438,109.49411086055242,106.01867175475074,109.49411086055242,9888293
2021-12-14,106.69943237304688,107.30853359854319,105.15878000391461,106.77109519988605,8474759
2021-12-15,106.12614440917969,107.91760524705099,106.01865019838188,106.87854921371826,5410912
2021-12-16,107.30850219726562,107.55931108359725,105.73201887603406,106.12614243989421,7539061
2021-12-17,104.94377899169922,107.05770070022562,104.62131821145108,106.84273413620005,8758284
2021-12-20,100.82341003417969,104.37050017494316,99.7127021689969,104.15553362972807,8858645
2021-12-21,103.65391540527344,104.6213085912735,101.32501641265947,101.6116566953526,8097050
2021-12-22,104.15553283691406,107.05769051731512,103.51060040355149,104.2271847067041,6798820
2021-12-23,105.83951568603516,106.01866178940834,104.62132436993959,104.80047047331277,4857807
2021-12-24,104.54965209960938,106.16196688415296,104.19135992526635,106.05448360553383,4568316
2021-12-27,104.65715026855469,104.97961105081077,103.25981292263842,103.90473448715059,3534825
2021-12-28,106.66358947753906,106.9502188562336,104.80046571339474,104.80046571339474,4907497
2021-12-29,105.15874481201172,106.95020554134753,104.83628406757299,106.95020554134753,4216568
2021-12-30,104.76464080810547,106.77107938609569,103.11649444282025,105.1587644289231,24782255
2021-12-31,104.65715026855469,105.73202683221486,104.15554339235523,104.58548745729341,5320232
2022-01-03,111.28556823730469,111.75134376016115,105.33791506386338,105.51706117791757,29486720
2022-01-04,109.63739776611328,112.25292608423578,109.17162234536555,111.78715066348805,13744440
2022-01-05,110.13902282714844,110.56897785150532,108.99249431921417,109.63741592153904,8454060
2022-01-06,110.81976318359375,111.24971815885756,109.67323480657228,110.71227990688242,12446900
2022-01-07,112.46792602539062,112.8262182465191,111.03475714087666,111.07058854983168,11679683
2022-01-10,115.15508270263672,115.37006015685124,112.53955465661471,113.07699282504726,14655298
2022-01-11,113.6144790649414,115.1193000127333,113.29201821428686,115.1193000127333,7670386
2022-01-12,114.1877212524414,115.19093497496256,113.5786201774903,114.94012607722752,6334581
2022-01-13,118.0572738647461,119.2754650956284,113.9369137753847,114.18772267624708,20271714
2022-01-14,118.0572738647461,119.06048759977631,116.9823973196953,118.0572738647461,10211720
2022-01-17,117.30484008789062,119.024648856475,116.12248044353282,118.66635672979592,8384625
2022-01-18,115.22676086425781,118.59470498204199,114.86846870419122,117.51982850184221,6574122
2022-01-19,117.44816589355469,118.12892974619265,115.22676105793343,115.37007573535915,11503199
2022-01-20,118.27224731445312,120.56531501193939,117.41234829467194,117.87812374124238,17462235
2022-01-21,113.75775909423828,117.01821988819049,112.86202870766947,117.01821988819049,14466758
2022-01-24,112.00213623046875,114.94012550857948,110.92725970413835,113.36364212347013,10854431
2022-01-25,115.47757720947266,115.80004895226426,110.56898039522636,111.0705873123756,7267866
2022-01-27,115.04761505126953,115.5850532926169,113.22032284384667,113.86524435977991,9269062
2022-01-28,115.83586120605469,118.2364232641935,115.08345635083234,115.08345635083234,10310726
2022-01-31,114.51016235351562,117.08985902578219,114.04437604262597,117.08985902578219,5811200
2022-02-01,116.83909606933594,117.12572547395882,113.65029747250993,116.08668021443722,7248713
2022-02-02,117.41233825683594,117.94977646502858,116.2657990390083,116.80323724720094,5369074
2022-02-03,115.58505249023438,117.62731123265178,115.08344565530075,116.87490644735581,4654885
2022-02-04,114.94012451171875,116.65993349945738,114.65349514753368,115.58505698244925,6402287
2022-02-07,115.33423614501953,116.80323608632105,114.40267440656919,115.11925867703742,5871041
2022-02-08,114.61766815185547,116.44496048789203,113.47113971680824,115.97918501962437,14158927
2022-02-09,120.81612396240234,121.35356221680057,114.65349427161911,115.01178644121792,35079516
2022-02-10,120.42201232910156,122.03432725216067,118.23642769100158,121.10276533199556,17724098
2022-02-11,119.31128692626953,121.31772516952903,118.37972514180525,120.35033198292982,10097767
2022-02-14,115.83586120605469,119.1321537434677,115.47756901434501,119.02467045963878,9478670
2022-02-15,117.26902770996094,118.12893770083849,114.54601585288111,116.6241061510125,16850616
2022-02-16,117.41233825683594,118.95299007997151,116.65992257852457,118.41555187177887,10653203
2022-02-17,116.83909606933594,118.59472577462567,116.58828713963273,118.021456031169,6906440
2022-02-18,119.88456726074219,120.56532022524635,116.51662290934546,116.80325228359676,23740696
2022-02-21,119.07202911376953,120.77094992968367,118.0748445467114,120.51241433578294,14870901
2022-02-22,118.11177825927734,118.6657734880189,114.86167742575152,117.81631864570654,11654816
2022-02-23,117.07765197753906,119.88456323815286,116.85605164387408,118.4441779759222,7627472
2022-02-24,110.79904174804688,115.82193389483727,110.06038146972655,113.75368286132812,12115340
2022-02-25,120.7340316772461,121.80508692808478,112.46103803037362,112.46103803037362,17079977
2022-02-28,125.23983764648438,125.53529721447975,118.59189592704791,119.99534578161604,20872239
2022-03-02,136.50442504882812,137.13227953822263,126.31091070281006,126.31091070281006,72648396
2022-03-03,139.56983947753906,146.0700513493187,138.01865985416455,140.04997535965444,74050073
2022-03-04,133.697509765625,141.08411251510705,133.3281796281509,139.56985669725097,36095156
2022-03-07,139.38519287109375,141.82277405436542,134.21457090036168,137.35387709687757,41642776
2022-03-08,139.71759033203125,141.6011763390491,137.83401559607503,139.60679579617323,22940456
2022-03-09,137.87094116210938,140.78865837825484,137.09535686015857,140.34545768765858,13870658
2022-03-10,132.18324279785156,135.91347912589947,130.77979290225827,135.91347912589947,30890343
2022-03-11,134.2515411376953,134.8055364931466,132.40488995285767,133.69754578224402,14663558
2022-03-14,133.21737670898438,134.54695610334193,131.3707261378649,133.6975013490512,8306420
2022-03-15,127.71437072753906,132.9588637505699,126.6802507401263,132.88499320672787,14074860
2022-03-16,130.6689910888672,131.33379206313484,127.714350148284,127.78822068022286,11846738
2022-03-17,130.4104766845703,132.95885243536924,129.63488112448502,132.22019214406163,20052773
2022-03-21,134.65777587890625,137.64935236888388,131.1122041600832,131.37073977530244,20271556
2022-03-22,135.43336486816406,137.24308027351748,133.32817859248973,135.65495393207823,12372751
2022-03-23,135.21176147460938,136.09815152339897,132.4417855277288,134.8793666151959,13731315
2022-03-24,138.42494201660156,139.23747289203567,135.3964414112954,135.69190103632843,16323203
2022-03-25,137.46469116210938,139.53293105783527,136.3567006732296,138.4249405689555,10044811
2022-03-28,141.26878356933594,143.07849906542356,137.0214868084278,137.46468750059944,19132062
2022-03-29,137.39080810546875,141.97049945477215,137.02147797615297,141.82276965725805,10622472
2022-03-30,135.10098266601562,138.831219940627,134.43619281436986,138.831219940627,10298319
2022-03-31,135.21176147460938,136.57827617910053,134.1776303584707,136.02428098972442,9435203
2022-04-01,137.50161743164062,138.3141483119918,135.39644223065088,135.76577239970828,13505929
2022-04-04,138.6834716796875,139.60679705704894,136.35669623716137,137.0214860004369,9490374
2022-04-05,138.7942352294922,139.56983062752954,138.01865110251407,138.86810575161354,7637664
2022-04-06,143.18931579589844,145.51609142962215,139.08974852932852,139.38520816593822,46157039
2022-04-07,140.89944458007812,145.55300647179752,140.27157885072018,144.03875068474568,21712301
2022-04-08,143.70635986328125,146.84566605623186,142.08130949996615,143.81715439696083,20151959
2022-04-11,145.07289123535156,146.25475232824732,142.81998613805447,143.6694410497177,12393619
2022-04-12,137.39080810546875,144.5927456271264,136.13508792000732,144.5927456271264,18907630
2022-04-13,137.83401489257812,141.30571600817032,137.16921386763818,138.86813479218037,14216953
2022-04-18,139.93919372558594,141.0102489227893,136.35669797831534,137.8340186009577,13052104
2022-04-19,146.070068359375,150.1326998434537,140.82557593513982,141.41650640521806,59341710
2022-04-20,147.0672607421875,151.8316171153373,145.58994023757913,147.69511519400947,38356653
2022-04-21,152.8288116455078,153.5674719459135,148.47072038153905,148.61845018740786,43683145
2022-04-22,149.32015991210938,154.37998695964149,148.65537021831506,152.20094155102612,24007670
2022-04-25,139.2005157470703,149.35709373867357,137.94479563141144,147.47350792965506,26465084
2022-04-26,141.37957763671875,142.0443786727656,139.20053199475467,141.97050813396203,20819291
2022-04-27,138.498779296875,141.6750202229619,137.83398966467382,140.9363600667119,12214126
2022-04-28,140.5301055908203,142.19209107086942,138.24025442099514,139.60678032412633,12706800
2022-04-29,135.06402587890625,142.56142261144672,134.36228965231237,142.1920925010544,21654415
2022-05-02,138.609619140625,139.5329446378875,132.10941665674738,134.95325242567804,21289439
2022-05-04,138.3879852294922,140.86248999829803,137.760119586225,139.42210494316336,18239949
2022-05-05,137.280029296875,141.78585062791282,136.43056313952832,139.97613504122296,12651103
2022-05-06,138.42494201660156,139.56986778796337,135.21177632788422,136.28283155745666,14257553
2022-05-09,135.21176147460938,137.3538716984393,134.10377109585716,137.3538716984393,10549451
2022-05-10,125.60919952392578,135.80271499379285,124.68587405149331,134.43618878616763,19965511
2022-05-11,125.46146392822266,128.30529948979023,122.06362183763068,126.82797880189153,20641617
2022-05-12,123.39319610595703,125.71997136785892,121.62040475640529,123.9841265558076,10406343
2022-05-13,124.61197662353516,128.26834245139094,124.09491672472755,125.5722371619267,11590435
2022-05-16,126.82795715332031,127.64048790139671,123.98412207717382,125.20290692822796,7437937
2022-05-17,136.31973266601562,136.6521274786437,127.8990002101014,128.0836652472347,28092052
2022-05-18,137.0583953857422,138.49878044819147,134.28841977677837,137.6493257698664,15425248
2022-05-19,133.84523010253906,135.54415086900573,133.47589999117938,133.77137084290342,9396007
2022-05-20,137.35386657714844,138.018667542249,135.58108654566803,136.28281150516816,6365038
2022-05-23,136.1350860595703,137.94480141427363,134.73162482471358,137.3538709612319,7794071
2022-05-24,134.69473266601562,137.94483401935818,133.845266416779,135.50725236881948,8572565
2022-05-25,133.4759063720703,137.05841313194725,132.9957817127743,136.06121727518038,7926434
2022-05-26,135.3594970703125,137.3908128517224,131.29686550749275,135.87655701500455,23140556
2022-05-27,134.3253631591797,139.34824355022334,133.32816737124762,136.28280819941932,16408080
2022-05-30,138.27719116210938,138.794251062766,134.84242564176276,135.91348070835016,10577525
2022-05-31,142.4875946044922,144.223451149804,136.79991146124792,137.39084206844322,21380248
2022-06-01,144.81436157226562,145.73768699510453,142.709175099768,143.66943579373293,30867456
2022-06-02,146.4024658203125,147.1411261032314,143.5216952253534,145.14674559356266,17646759
2022-06-03,145.51608276367188,148.47072403806115,144.92515225458163,147.73206371946384,25335178
2022-06-06,143.92796325683594,145.36834858055227,142.70916700518237,145.14674823742783,22020642
2022-06-07,145.92236328125,147.6951437207614,143.00465697531686,143.041580978215,12961285
2022-06-08,145.99618530273438,149.17242644481883,145.14673057370425,146.25472088342718,13059792
2022-06-09,146.80874633789062,148.02753142170468,145.14676053029186,145.4791554375991,10562238
2022-06-10,146.6240692138672,147.21499970672483,144.96208354267725,145.77461437923924,6741014
2022-06-13,141.1210479736328,145.811533963251,140.0130575597143,145.25753875629178,8516696
2022-06-14,141.97048950195312,143.66941023191535,139.68064962336084,139.68064962336084,6727598
2022-06-15,140.38238525390625,143.18929650784926,139.71758425449121,141.93356504375237,5805589
2022-06-16,132.88499450683594,142.41371993149056,132.2940752345687,141.49039447974474,14490962
2022-06-17,134.91629028320312,136.54135185160723,132.5156444684055,132.95884512725405,15215695
2022-06-20,130.63209533691406,134.36232131403509,129.0809039993125,134.36232131403509,23276003
2022-06-21,136.50442504882812,137.13227953822263,131.4815327783637,131.4815327783637,7564329
2022-06-22,132.47872924804688,136.46749035765376,132.2201936347498,136.46749035765376,6560404
2022-06-23,130.85365295410156,134.43615951555,129.15474347157758,133.18043940066082,9304799
2022-06-24,130.4104766845703,133.25431204346765,129.117821174782,131.96165653367933,8171322
2022-06-27,134.47312927246094,135.02712457739742,131.07528689375854,132.95887318475522,7063839
2022-06-28,137.68626403808594,138.09252942373897,133.51283819625388,133.80829778342294,9844211
2022-06-29,139.42213439941406,140.5301248714624,135.654962286025,137.39081853399213,16856241
2022-06-30,137.09536743164062,139.60680814917967,134.84245107766623,138.9420183330848,8693744
2022-07-01,135.3594970703125,137.50160738592015,130.44741068914595,136.65215256757332,17248729
2022-07-04,134.47312927246094,137.1692352480598,132.2940833272568,135.35951950614665,8780396
2022-07-05,134.7685546875,136.79987028952635,134.25149478846902,135.17482006211736,5313753
2022-07-06,134.2145538330078,135.06401981138572,131.4815133930937,134.80548423730113,9367397
2022-07-07,137.39080810546875,137.8340087690721,134.02990167448297,135.87655232106184,6322630
2022-07-08,140.19773864746094,141.7489186415453,138.16642265651555,138.16642265651555,14647592
2022-07-11,142.8199920654297,143.5217171873699,138.72042461369247,139.56987956061013,9048841
2022-07-12,143.22622680664062,144.2603579831048,141.8966472914264,142.41370724412766,6942704
2022-07-13,142.89382934570312,144.88820985354704,142.56143447290603,143.2262242185002,7842930
2022-07-14,141.82278442382812,144.37116032723134,140.56706410762126,143.30010509490967,6795141
2022-07-15,142.85687255859375,143.22620264408243,139.9022318746844,142.5614129986267,5610793
2022-07-18,144.48199462890625,145.4422442375998,143.18933878682628,143.66946359117307,7600779
2022-07-19,146.43942260742188,147.43661864432138,143.30011594370666,144.00184106138332,9913955
2022-07-20,146.14393615722656,148.02751079316747,145.81153002517956,147.43659160521952,5519522
2022-07-21,146.69798278808594,147.32583746319978,144.9990613493653,146.14398740183344,6167419
2022-07-22,145.58995056152344,147.6212663994028,145.36835021590605,146.69794101854853,4844223
2022-07-25,148.39686584472656,148.98779640298355,143.74331446722718,145.885425060963,10207034
2022-07-26,149.4310302734375,150.16969081727945,147.39971377787217,148.8031643027457,12853314
2022-07-27,150.2804412841797,151.20376669299262,149.06165625297146,149.5048456865644,7343180
2022-07-28,149.83726501464844,151.42538034890686,148.7292744267296,150.68671995696096,5096403
2022-07-29,156.04200744628906,156.9283976604104,150.13272432406274,150.39125996908538,12477455
2022-08-01,157.1499481201172,157.8516730137977,154.9709029150842,156.96528308119812,7849924
2022-08-02,158.9966278076172,160.4739483911955,156.33744624875155,157.33464215109157,12615631
2022-08-03,156.6698760986328,158.77505148607543,154.2322945127479,158.77505148607543,9949919
2022-08-04,153.01348876953125,157.66705128274026,152.27482841096037,156.7067905623856,8058280
2022-08-05,153.97372436523438,155.3033150479186,151.97934397673842,153.27199939330848,31999040
2022-08-08,159.107421875,159.66141709221247,152.93961521933795,154.74933067468643,16358151
2022-08-10,162.3944854736328,162.83767492923093,159.14437311059987,159.43984401872797,14267910
2022-08-11,163.7050018310547,169.84580914096375,163.25566972889476,169.24670348041383,28800337
2022-08-12,165.9890899658203,166.43842211036804,163.06846530723348,164.0045644192153,8861089
2022-08-16,166.92518615722656,168.0485050719508,165.09043421524183,168.0485050719508,7844356
2022-08-17,165.83934020996094,167.3745452594845,164.86579470828798,167.3745452594845,6119157
2022-08-18,166.06398010253906,166.73796688277892,165.2027735025669,165.83931403346213,4233196
2022-08-19,162.619140625,165.9890975827761,161.53326789067046,165.9890975827761,8783707
2022-08-22,163.48036193847656,165.4648876154153,160.2976247487121,161.45839000920103,10390480
2022-08-23,166.8877410888672,167.52428157860243,162.20724589821003,162.50679301961603,9344364
2022-08-24,167.48684692382812,169.246717808116,166.2512006787688,166.81286014052142,10825973
2022-08-25,168.42294311523438,170.10792147136405,167.52429027736335,167.52429027736335,13077805
2022-08-26,172.2047882080078,173.73999301791778,169.6211569765447,170.5198098274461,12673156
2022-08-29,172.6915740966797,173.44045340945453,165.80187527755777,165.80187527755777,8757016
2022-08-30,175.8368682861328,176.3610815296975,172.87879722952562,173.59023030486279,12991363
2022-09-01,172.46690368652344,177.33461909732375,171.90524421604647,175.49986711249727,9682321
2022-09-02,171.71803283691406,174.07699815812467,170.89426100224182,172.99112541386887,4599518
2022-09-05,173.4404296875,174.00208909526134,171.1188995646238,172.2422183801465,4909470
2022-09-06,174.26419067382812,175.7245028545689,172.99109829643848,174.26419067382812,5307321
2022-09-07,178.8698272705078,179.20682067367923,174.00211176894564,174.45143249751038,12751679
2022-09-08,177.07249450683594,180.10545772269944,176.0240681387058,180.10545772269944,7677716
2022-09-09,177.93373107910156,178.2332782364334,174.7509939677367,177.8588385762728,8436280
2022-09-12,173.3655242919922,179.01956419468823,170.74444725086056,178.60767837425544,19053188
2022-09-13,173.21578979492188,176.21130708864473,172.72901137849692,174.2642162769282,9884429
2022-09-14,173.70252990722656,175.0879610120012,171.90522437988798,172.3545450482277,7705022
2022-09-15,175.42494201660156,175.9491551395778,173.92718370696142,174.56373555935411,5386854
2022-09-16,173.028564453125,175.2377561014848,171.9052455037565,175.12542877734444,8750965
2022-09-19,172.16732788085938,174.22674573315192,171.26867510343882,172.95365334622363,4011597
2022-09-20,172.12991333007812,175.08798430810887,171.2686952706065,172.99111996255837,6890375
2022-09-21,173.40298461914062,174.26419114609374,170.10790921503704,172.12989223830084,5673523
2022-09-22,170.03305053710938,173.21578762175932,168.87228531495637,172.2047959770151,7677219
2022-09-23,166.8877410888672,169.95813907774414,165.50230994163658,168.49782686365717,5495315
2022-09-26,161.38348388671875,166.3260916763195,159.1368460599895,165.50231990238905,7832594
2022-09-27,160.18527221679688,164.528774293537,159.32406562206853,161.75792326376876,5795048
2022-09-28,157.86375427246094,159.81083354134398,156.44087678640196,158.53774105265296,6134706
2022-09-29,160.18527221679688,161.1213713097585,157.75141457509665,158.61263259681587,8962595
2022-09-30,158.9496307373047,161.7579281001546,155.6545664023573,159.5112902098747,12875386
2022-10-03,160.97161865234375,163.25570302129705,158.98709288824878,159.51130616301043,11397506
2022-10-04,167.1873016357422,167.7489611037234,163.33057785973426,163.48035143246437,10862095
2022-10-06,174.8633270263672,175.31265920408396,168.23574025350038,168.4978525950005,12795784
2022-10-07,172.01759338378906,174.90078360250243,170.59472711535471,174.48889765311586,14641624
2022-10-10,172.12991333007812,173.7399992697556,169.69605558168715,169.9956027337695,10850668
2022-10-11,168.83482360839844,172.95365945854653,167.74895098784842,172.95365945854653,19154740
2022-10-12,173.81488037109375,174.48886713256923,168.90971894527362,168.90971894527362,9256951
2022-10-13,175.64962768554688,176.43595317141458,173.06599659797322,173.8897569041758,7231841
2022-10-14,176.99761962890625,178.9446988702412,176.24874036062567,178.9446988702412,6241886
2022-10-17,178.2332763671875,178.64516227444273,174.41398730280832,176.99763007241324,5623812
2022-10-18,181.00411987304688,181.34111326398835,177.3720622175805,178.60770846002958,6674374
2022-10-19,178.3830108642578,181.97763306199124,177.4843581715717,181.22875391358798,13886387
2022-10-20,180.4799041748047,181.603223080457,174.93820214438296,177.48438709306518,10755972
2022-10-21,178.75747680664062,180.74201369883795,178.270709859172,180.47990138743754,3285505
2022-10-24,180.10546875,181.00412161013193,179.7310291060291,180.40501589438028,730136
2022-10-25,179.69358825683594,180.44246756728492,178.19582963593797,180.10547416298118,6976548
2022-10-27,180.40501403808594,180.929238675844,178.9821479764337,180.44246028749595,6422639
2022-10-28,183.02609252929688,185.57228895235042,180.14291414066597,181.22878681760466,14076967
2022-10-31,184.1868438720703,185.34760896106286,182.38953829536516,184.22429011887462,8365329
2022-11-01,183.96218872070312,184.97318030938476,182.16488303748116,184.97318030938476,8813106
2022-11-02,184.0745391845703,186.92028288663607,181.3411228097343,183.96220043034901,14974441
2022-11-03,184.3740997314453,185.42253771202573,180.47992926912815,182.72656739281024,6754654
2022-11-04,184.26174926757812,186.24627479026995,183.84986337787106,184.7485162291468,5511411
2022-11-07,186.88284301757812,188.23082812532846,184.78597856407674,185.19786448963822,10513106
2022-11-09,191.5633087158203,197.2547839896935,190.6272096812698,191.33864266213016,40391668
2022-11-10,189.91580200195312,195.0830647902849,188.79248301083825,193.17343164698298,20832572
2022-11-11,189.65367126464844,193.88483448317209,189.01711932731735,193.80994198690118,20165337
2022-11-14,185.12295532226562,191.9003150767146,184.41152229323308,190.62722258892094,18762693
2022-11-15,185.0830841064453,190.42471217205326,183.84734631367192,186.87691115873113,20225373
2022-11-16,187.2755584716797,187.7539172670904,183.6879040016079,186.0398205530128,9764275
2022-11-17,185.2823944091797,187.1559519357324,184.1662402434683,187.1559519357324,5737884
2022-11-18,183.0102081298828,186.19923371379653,181.93390712924506,185.3222468121534,6413585
2022-11-21,182.93051147460938,183.68790275790698,180.73805597996557,182.57174846306518,6430876
2022-11-22,182.65147399902344,183.9270771347222,181.49544231035046,182.21298047902704,5885877
2022-11-23,183.8473358154297,184.2459640265081,182.57172067391173,183.36897709606856,5693274
2022-11-24,182.17308044433594,184.80402889691553,181.25624048540928,183.96690727584473,8198891
2022-11-25,184.48513793945312,186.2789649546321,181.61502201426754,183.08993914986945,10046363
2022-11-28,183.24940490722656,185.5614438093531,182.09337329099498,183.8074820044466,8146840
2022-11-29,181.13665771484375,184.40541393041036,180.45899705124322,183.52842699496537,6628470
2022-11-30,181.17652893066406,182.45214412143562,180.61845184663952,181.13666367498342,12154948
2022-12-01,180.2596893310547,183.6878823552203,179.30297185297604,182.0933694453133,22435771
2022-12-02,180.65830993652344,181.77446406030035,179.62187415577768,180.25968172586488,6325649
2022-12-05,184.3655548095703,184.80404829188075,180.5785866567251,180.65831716811536,8732711
2022-12-06,184.68446350097656,185.36213639256528,182.97036689072573,184.9635081422587,7394839
2022-12-07,183.16966247558594,185.08307301731614,182.33254080164116,185.08307301731614,4519547
2022-12-08,183.68789672851562,184.3655696343202,182.5717424703106,183.08995434051243,3135706
2022-12-09,182.45216369628906,185.24256158095488,181.61504189785543,183.8074973786643,4197165
2022-12-12,185.2823944091797,186.31883022886484,181.85420140085128,182.05351551366888,7881379
2022-12-13,184.60472106933594,186.91675975345382,184.24595812389245,186.0796381039742,4878457
2022-12-14,185.0830841064453,185.92020583054568,184.44528866443386,184.7641863854396,4730078
2022-12-15,181.9339141845703,185.44184976201208,181.53528597112245,184.88376053105097,5221433
2022-12-16,179.10366821289062,183.28926484616252,178.02737923486484,181.7744823592364,7757065
2022-12-19,181.2163848876953,181.65487834734589,178.98406450097485,179.10364809671253,4073907
2022-12-20,180.2596893310547,180.89748476288304,178.06723407993255,180.89748476288304,3784271
2022-12-21,178.46585083007812,181.53528068514996,177.03078687041872,180.5785754337661,3675466
2022-12-22,177.54898071289062,179.98061493126318,174.67886524896682,178.66514686427718,4755089
2022-12-23,171.45001220703125,177.7084684128167,170.77233931814163,175.39642943631458,6561011
2022-12-26,175.99436950683594,176.67204238685946,170.81220234128924,171.4500099639287,3116608
2022-12-27,176.3929901123047,177.7084583928377,175.11737492226146,176.9909324516684,2961726
2022-12-28,177.94764709472656,178.7847688467753,175.83492225089904,176.3929993638753,3015714
2022-12-29,176.71189880371094,178.86450109126397,175.7551934343367,176.03423807610653,4784105
2022-12-30,179.42257690429688,180.53873113291843,177.19025628188504,177.19025628188504,4102247
2023-01-02,179.1833953857422,181.13667134512258,178.70503662765498,180.77790835914146,4210225
2023-01-03,178.6651611328125,179.98062930485426,177.78817424133996,179.3826870148049,3643132
2023-01-04,173.12423706054688,178.98407696304346,172.40671110582693,178.86449335897956,9550461
2023-01-05,173.9215087890625,174.51945119218578,171.56960443647804,172.84521976254214,8815728
2023-01-06,170.8121795654297,175.3166732503299,169.0183527088499,174.59914737376477,12237065
2023-01-09,171.3702850341797,173.56274044490235,170.61289377987293,171.6891949384771,6967190
2023-01-10,172.80535888671875,173.24385242650098,170.77235223148813,171.4101599107014,5400260
2023-01-11,170.13453674316406,174.20054986699685,169.1778313508414,173.24384447467415,7637956
2023-01-12,170.5331573486328,173.0046573192611,169.6561825138575,171.80877259124776,7161675
2023-01-13,171.4898681640625,171.96821473748048,170.25411822702196,170.77233005618345,3671193
2023-01-16,170.41357421875,172.12767080096472,169.37713835187125,171.80877307200294,3987352
2023-01-17,169.89537048339844,171.52973662885827,168.30085743208608,170.41358235900728,5871758
2023-01-18,172.8850555419922,173.28368374276675,169.97506237723758,170.49328633734484,6441530
2023-01-19,178.5455780029297,179.22325084564596,171.52971887047002,172.80533404552372,12938871
2023-01-20,180.9772186279297,182.77104568481445,177.5888786315918,179.2631220840849,13444947
2023-01-23,183.44871520996094,183.68788241438958,181.13666419075017,182.1731000155572,8736715
2023-01-24,181.45556640625,184.9634897949141,181.13665653853752,183.52842580312694,4252051
2023-01-25,180.29954528808594,181.7744746192657,178.38613463184518,181.61502575877367,3855827
2023-01-27,177.30982971191406,181.49542607672703,174.83834201464913,180.97721425000785,6171667
2023-01-30,180.06036376953125,180.81775492055044,175.994351241708,177.3098194426799,6172517
2023-01-31,179.26312255859375,182.05352021002287,178.505719178214,179.38270616330195,7424552
2023-02-01,175.91464233398438,181.77448249087618,170.7324750699901,181.77448249087618,24008324
2023-02-02,173.5228729248047,176.7517641933681,173.00466106418224,176.19368707458193,6806578
2023-02-03,174.51943969726562,175.9545038032733,171.09124654396265,173.80191372684607,8776614
2023-02-06,175.07749938964844,175.67544165236558,171.9283270738716,174.75858955043273,5742881
2023-02-07,175.15724182128906,176.31326125520476,173.00465181241702,175.07752347439344,4907167
2023-02-08,176.0148468017578,177.36251929787628,174.91219660458034,175.4022661284338,6316867
2023-02-09,175.23892211914062,177.07666422662012,174.13627186945843,176.42324231803016,4383159
2023-02-10,172.7477569580078,175.11639734008625,172.2985286198933,174.78969261945,4954439
2023-02-13,174.01376342773438,174.5446617263128,170.82833624730443,172.74776079690915,6142208
2023-02-14,172.95196533203125,175.03474237762367,172.4210669997961,174.01377445948887,6758731
2023-02-15,173.8912353515625,174.62633966497225,171.76762974867984,172.3393692393411,9612884
2023-02-16,175.97401428222656,176.8316297598021,174.0546022222099,174.3813069455785,13093683
2023-02-17,177.64840698242188,178.26098769615436,174.95304934940162,175.48396011242835,7243093
2023-02-20,178.3018035888672,178.8327018135339,176.38237930648484,177.93425770540676,8479587
2023-02-21,174.83055114746094,179.03693404160512,174.2588115982065,178.71022928859898,4655766
2023-02-22,173.03366088867188,176.30075847476536,172.82946728954101,175.23894926668734,6003852
2023-02-23,175.52476501464844,176.3823803899808,173.52367078086283,173.93205786787968,6219715
2023-02-24,177.28085327148438,177.48504683377288,175.36142880077796,176.4232378172754,5154174
2023-02-27,177.19915771484375,178.0567731054256,175.68813294380433,177.23999891686861,4841279
2023-02-28,175.93316650390625,177.19916906989295,173.15613907005257,176.9133055633707,6054079
2023-03-01,178.66937255859375,178.87356612723215,175.19808189174108,175.93317375364475,4510175
2023-03-02,182.01815795898438,183.32498936276315,177.52589930358457,178.66937833976436,11354939
2023-03-03,182.09982299804688,184.95853297435212,181.65059465203018,182.87575607044673,7089438
2023-03-06,183.69253540039062,184.18260496642728,181.11970133616518,182.09982800525168,4771341
2023-03-08,183.65170288085938,183.89672519585466,181.85478948431734,183.65170288085938,4271464
2023-03-09,183.6108856201172,185.36694557586574,182.67158759251714,183.65172683227166,4263468
2023-03-10,183.24331665039062,184.01924973203865,180.87466373542878,182.0998251684477,3670173
2023-03-13,180.34378051757812,184.38681109211672,179.1594601925297,183.12080834617353,3877606
2023-03-14,180.54794311523438,181.97729799462644,178.75104233088146,180.3437495610355,5723922
2023-03-15,179.60867309570312,182.30403092102895,179.36365076311776,181.28306299196518,2992144
2023-03-16,180.38461303710938,181.69144446754927,176.70912860770656,178.50602961392832,4988245
2023-03-17,181.03802490234375,184.55015700701614,179.77203466372973,181.32390090247495,15720256
2023-03-20,177.28085327148438,180.9971785977325,176.178203049932,179.6903348138916,4244575
2023-03-21,177.28085327148438,178.83271935968267,176.3823966122205,178.17929746776224,3998751
2023-03-22,174.74884033203125,177.15832176713997,174.05458972895812,177.15832176713997,9675449
2023-03-23,174.2587890625,175.40226801313048,173.4828435642302,174.09542424413635,4730918
2023-03-24,170.25660705566406,174.70802467358723,169.889061098769,174.17712634284848,6611089
2023-03-27,170.21575927734375,171.68595551117224,169.562349807186,170.29744169260687,4002212
2023-03-28,170.62413024902344,172.54355465882472,170.2565843411639,171.03251736064195,6157526
2023-03-29,173.9320831298828,175.52479050797737,170.2157576056711,171.48176025189528,16734166
2023-03-31,174.5038299560547,175.03474074632913,172.46189413881564,173.31950967465346,5139018
2023-04-03,179.81285095214844,180.38460291279932,174.6263418039937,174.87137657813176,7754066
2023-04-05,181.73226928710938,183.16162421408663,179.93536844293513,179.93536844293513,6491910
2023-04-06,181.078857421875,182.26317764861005,179.93537840219702,181.69143813877105,4589598
2023-04-10,181.36474609375,183.3249995397316,180.62964170426628,180.87467650076084,3498235
2023-04-11,182.6715850830078,183.20249590774597,181.32391234134167,181.93649312627863,3995959
2023-04-12,185.9795379638672,186.2245727890822,182.67159898093703,182.95747502085268,5136012
2023-04-13,184.18258666992188,187.57219469883046,183.32497124604578,186.1428398133654,3478451
2023-04-17,187.5313720703125,187.8172355789312,184.10091026300086,184.18259267288389,6265943
2023-04-18,189.65499877929688,189.8183511542893,187.24551697494306,187.53139297842034,8004952
2023-04-19,188.18479919433594,191.6152613242483,187.04132012635654,190.79848700055243,7424582
2023-04-20,187.4905242919922,189.08323152498352,187.1229783863766,187.77638779058856,2589165
2023-04-21,187.89892578125,188.2256305083591,185.77530766608152,187.85808457461474,2459508
2023-04-24,189.1240692138672,189.49161511265243,187.49052080772364,187.49052080772364,2587030
2023-04-25,188.062255859375,189.736645429113,187.77637990979107,188.79734763975512,2570946
2023-04-26,187.6538848876953,188.3889767312231,186.2245299429577,187.85807845122926,3439487
2023-04-27,189.2874298095703,189.9000104885657,187.1638118038587,187.6538813322493,3349374
2023-04-28,190.39007568359375,191.7377481615156,189.1649143534882,189.90000616635731,4771074
2023-05-02,192.84042358398438,193.94306144760827,190.39010060305947,190.47177055796467,3773537
2023-05-03,193.49383544921875,195.16822533265855,191.6152644445172,192.7995847405643,4523385
2023-05-04,193.94305419921875,194.39228255486304,191.24769652833967,193.45299709914136,7248108
2023-05-05,193.90219116210938,194.39226067000098,192.75871226100938,194.26974952452073,3043479
2023-05-08,190.1859130859375,190.63512900970852,187.85810119463503,189.90003707718543,9711437
2023-05-09,193.0446014404297,195.04569588591295,190.7167898129783,191.7785988441489,7318928
2023-05-10,193.20799255371094,193.77973215810235,191.57444370517055,193.53469733822354,3650159
2023-05-11,192.88125610351562,194.51480478942466,192.51371014178358,193.20797331848988,2675726
2023-05-12,191.9827880859375,193.77968892584553,191.32936619970206,192.88123227439857,2348435
2023-05-15,194.14724731445312,195.6991259518303,191.00267375834886,191.61525447923773,4217892
2023-05-16,196.8017578125,197.41433851483998,193.94304786824665,195.00485691156658,6016484
2023-05-17,197.33267211914062,199.04789063878783,196.63840899212545,196.8017613564271,4968232
2023-05-18,195.69912719726562,198.39447241594064,195.16821642465786,197.6593805313905,3512113
2023-05-19,195.9441375732422,197.3326637685136,193.00375775128234,196.0258199834297,3810543
2023-05-22,194.96401977539062,197.00595549248308,193.94305191684438,195.5357592835792,2891415
2023-05-23,195.45408630371094,196.1891781652778,193.41215061826261,195.16821032255365,3213453
2023-05-24,196.8426055908203,197.250992739349,194.3922826996483,194.63731748136283,2422138
2023-05-25,196.06668090820312,197.82274073697846,194.31060861644056,197.0468076141007,3810138
2023-05-26,197.2509765625,198.0269095884717,195.29072339552036,195.86246286397395,2646742
2023-05-29,201.00814819335938,202.27413831225402,196.67924216966395,197.2918228580269,8069985
2023-05-30,199.53794860839844,201.8657477062518,198.72117437133008,201.13065587808458,4657906
2023-05-31,197.0467987060547,202.4783427836383,195.4540913231005,202.4783427836383,15727646
2023-06-01,188.14395141601562,189.40994151928777,187.16381235634114,188.1847801576805,35509867
2023-06-02,188.5931854248047,190.63512122396014,186.3062273001402,186.63293204281024,36400588
2023-06-05,187.61305236816406,188.83821380608805,187.40885879517674,188.26647429432086,19807347
2023-06-06,186.06117248535156,188.38897156804893,185.20355704941645,187.69472094885248,13495524
2023-06-07,188.42982482910156,189.0832467489089,186.30621916846079,186.83711746787435,21853324
2023-06-08,186.3062286376953,189.0015739415417,185.93867022081886,189.0015739415417,8538256
2023-06-09,185.9386749267578,187.40887124251154,185.69365259328842,187.00048406941258,5137982
2023-06-12,187.04132080078125,187.24551438244148,185.12189614798012,186.42874005580052,4261576
2023-06-13,187.00047302246094,188.10312330988464,186.22453993200827,187.85808852790308,5574798
2023-06-14,187.00047302246094,187.77640611291363,185.85699399052928,187.77640611291363,7034468
2023-06-15,186.714599609375,187.57220260642003,186.14284766069687,187.20465668440272,6363240
2023-06-16,186.6737823486328,187.61306787682406,186.22455395832878,186.63294113806197,8518319
2023-06-19,185.53025817871094,186.87794311289863,185.08104233030053,186.6329083555022,8210198
2023-06-20,185.61195373535156,186.02034087228304,184.18259875609144,186.02034087228304,5024593
2023-06-21,186.59205627441406,186.87793221854187,184.9585079376488,186.06115805015924,4705567
2023-06-22,185.36691284179688,187.53137207387857,185.08104933317279,186.55123300720751,6566989
2023-06-23,184.50930786132812,185.85699292299245,183.61086361653855,185.48944698362462,3881707
2023-06-26,183.2024688720703,184.95852854454805,182.34485340712158,184.59098262042318,6145625
2023-06-27,183.896728515625,185.2444135873604,182.87576064142547,184.87686764524594,6282912
2023-06-28,185.61195373535156,185.9386584597022,183.07994850118195,183.89672277504488,19512531
2023-06-30,188.6748504638672,188.96072643461287,185.2035599250298,186.14284532093262,7850296
2023-07-03,189.2057647705078,190.92099581435565,187.73558097633764,189.08325360865595,7860203
2023-07-04,189.32827758789062,190.14505185491086,188.10311618736023,189.69582351545247,3662791
2023-07-05,189.00155639648438,190.18588902894504,187.939759842257,189.32827357415786,4859892
2023-07-06,191.61526489257812,192.7587439818518,188.67487228732105,189.00157703768858,7254947
2023-07-07,191.1251678466797,192.63620514177288,189.24658464447845,189.49161940354566,6393850
2023-07-10,190.92100524902344,192.43204278913055,190.18591331561262,191.9419731915316,6223180
2023-07-11,191.1251678466797,192.5953639380974,190.71678073589618,190.9618154949634,10775084
2023-07-12,191.45188903808594,193.82054196241168,190.83930831915478,191.9419585984255,11313272
2023-07-13,187.7764129638672,192.18700181149393,187.04132105408968,191.94196702057238,20205328
2023-07-14,188.7156982421875,189.5733137213118,187.6538891948425,187.8580827630632,7390502
2023-07-17,188.0214385986328,190.0225331115677,187.61305145464667,188.674860521608,4963515
2023-07-18,186.42872619628906,189.85917562055673,185.85698670274215,187.61304638927612,6168942
2023-07-19,186.714599609375,187.77639617009478,186.38788242970378,187.20465668440272,5247533
2023-07-20,187.6538848876953,188.42981793652712,186.02033637942375,186.75542822295154,3195629
2023-07-21,187.04132080078125,188.2664822907427,186.67377484639024,187.5313903819607,3903407
2023-07-24,188.63400268554688,189.49161810491188,186.6737495524144,187.04129545700354,3456895
2023-07-25,187.81724548339844,189.7775112570912,186.91880124223584,189.73667004999595,11024983
2023-07-26,188.2664794921875,188.8382190197399,186.95963560379315,188.30732070050988,7574284
2023-07-27,187.0821533203125,189.40995256532776,186.34704898268672,188.67486069068855,7837850
2023-07-28,185.48944091796875,187.81724009983535,185.28524735133206,187.5313765843357,8817344
2023-07-31,187.24551391601562,187.81725345064265,185.2852605221551,186.63293317256083,19422170
2023-08-01,196.31170654296875,197.08763962965114,187.00047211381985,187.8580876150948,22409256
2023-08-02,191.5744171142578,198.59866871020807,189.7366749147322,196.9651200884075,25003960
2023-08-03,187.89892578125,192.02363839168123,187.4088562275999,191.57441004466637,13949266
2023-08-04,190.92100524902344,193.16713472254136,188.26648859850226,190.14507210531477,6725977
2023-08-07,190.26756286621094,192.75872687134034,189.73666457824285,191.73775903833538,6744074
2023-08-08,188.062255859375,192.26863792163283,187.28632287719932,190.30838486529586,13828141
2023-08-09,191.73776245117188,192.51369552546964,188.3481541704565,190.51260102975863,35271302
2023-08-10,191.86029052734375,193.41216927577835,191.49274456110498,191.73777935959336,10749822
2023-08-11,191.86029052734375,192.43204254481245,190.92100500662383,191.12519859486622,6132454
2023-08-14,191.04348754882812,192.92207077177264,188.42981250355066,192.75871841825264,6092872
2023-08-16,190.34925842285156,191.77861348776443,189.57332530878202,191.12519153692114,4576249
2023-08-17,189.73667907714844,191.04351052546582,188.7565523751636,190.88015815229954,5602132
2023-08-18,189.03024291992188,190.27687017067717,188.65625728096495,189.90288453172022,6904019
2023-08-21,191.2326202392578,191.81437707116166,188.6562522505221,189.0302378795069,4955953
2023-08-22,191.77284240722656,192.85325532325544,190.90020071807442,191.4819576170594,4280368
2023-08-23,191.89749145507812,192.39614744973355,191.39884814177142,192.18837623218525,2524601
2023-08-24,190.5261993408203,193.35188272088206,189.9028857115701,192.6870249947604,6378317
2023-08-25,189.2379913330078,191.23260230275682,189.07177692253208,190.3184040231202,3890957
2023-08-28,190.6924285888672,191.1910846035515,189.07181556316704,189.9029004667414,3360861
2023-08-29,191.10794067382812,191.48192628474087,190.1106414842784,190.69239828807014,3112560
2023-08-30,190.11068725585938,191.77285719908002,189.9029160129568,191.2326570400734,4086281
2023-08-31,191.1910858154297,191.52351470642688,189.81978810703038,190.31844412487547,10403460
2023-09-01,196.88400268554688,197.17488746562262,191.6897221938287,191.7312789740322,14869577
2023-09-04,205.9428253173828,206.89856780819412,197.92284902480574,198.42150499996274,24785966
2023-09-05,212.21754455566406,212.67463112770082,205.69352270246026,207.2310349143923,19654487
2023-09-06,212.5915069580078,214.2536639750311,209.89048119815382,212.71616461284634,13346191
2023-09-07,227.71726989746094,228.34058359243573,211.7604418423759,212.7577412180657,72255521
2023-09-08,234.4490203857422,236.4020746819111,225.1408607493213,228.21588456564638,41855413
2023-09-11,231.8311309814453,236.1943264802477,230.41827657961144,236.02809936378594,14505153
2023-09-12,225.01620483398438,232.74528316519846,223.56180646478967,232.70373907115652,17547706
2023-09-13,232.4128875732422,233.9503997131686,223.5618384470421,225.6395507002674,17607568
2023-09-14,230.6675567626953,234.53212104896278,229.96115503205502,233.78412450149605,12033796
2023-09-15,232.1219940185547,236.15276071011897,230.66759549622614,231.45713626771206,13288180
2023-09-18,233.74261474609375,234.98924202473958,228.09124789464474,232.1219891387754,8754852
2023-09-20,236.27740478515625,239.35242877209842,231.95577892772206,232.288207784033,18615797
2023-09-21,233.07772827148438,238.35509614357818,231.5402164115188,236.7760401911921,11071899
2023-09-22,235.4879150390625,237.77339854853113,232.03891772458596,232.7037755095337,8691024
2023-09-25,239.3939666748047,240.1835073804761,233.6594866230348,236.27739867246288,9118957
2023-09-26,238.31358337402344,242.17812289673844,237.8149273859673,239.72643777973292,11256196
2023-09-27,242.3028106689453,243.8403229220923,236.44367182846932,239.35246919718512,12805340
2023-09-28,241.1808319091797,244.46360182584218,240.18351995115503,242.30277615858657,12432497
2023-09-29,245.33624267578125,247.24772756735834,242.17810522369027,243.34161886911525,8640829
2023-10-03,242.59364318847656,246.915294206995,241.0977007235174,246.8737247502104,9348540
2023-10-04,239.31089782714844,242.26123896274788,237.6071586305467,241.67946941021123,6338888
2023-10-05,240.47439575195312,241.47168231009275,235.94497337531166,240.01728388711373,8687014
2023-10-06,239.18618774414062,241.84566916526256,238.5213300702074,241.80412507165218,3741467
2023-10-09,239.18618774414062,240.1419555241246,235.23853506876264,237.731789390054,4647845
2023-10-10,252.0264892578125,252.5666893559822,239.1862177474137,239.56021608759917,23283411
2023-10-11,250.8629608154297,253.48087295538045,248.86836229750037,253.1068746370891,12321154
2023-10-12,255.3092803955078,256.8883365647516,250.90451539817826,251.4447154873015,15375295
2023-10-13,255.93258666992188,258.3427276338237,253.02378972938945,253.4808762463945,9516879
2023-10-16,259.2984619140625,260.6697467843381,254.7690395336264,255.84946500921907,10535107
2023-10-17,263.7863464355469,264.5758872483412,259.38160653969106,260.1295778891969,7760527
2023-10-18,263.412353515625,265.7393809519866,261.99949912467173,263.7447823832914,9662837
2023-10-19,261.6255187988281,262.3735155059169,256.6805788156333,262.04106125267805,8977527
2023-10-20,259.6308898925781,263.2045697976155,257.30386256677826,259.71400344622003,6009115
2023-10-23,254.39508056640625,260.0049033680515,253.4808821484135,259.75556269258226,8086150
2023-10-25,257.8855895996094,259.88021330383884,253.4808505386063,254.39504884259577,7253336
2023-10-26,253.6885986328125,256.92982381307667,251.73554456179062,256.92982381307667,8329092
2023-10-27,260.9190673828125,263.5785233649438,254.31193347586208,254.31193347586208,10503070
2023-10-30,261.417724609375,262.4565806527483,259.25692432931567,261.7917229300679,6229982
2023-10-31,261.1683654785156,263.2876213062955,258.2595690451829,263.2460772166104,7446586
2023-11-01,254.85215759277344,262.4565787011819,254.1872998750368,260.29577843718977,9593653
2023-11-02,256.6805725097656,259.96334259691304,255.39237571685885,256.7636860710335,7071960
2023-11-03,259.2984619140625,261.54240105647403,257.8856075854781,258.1349482472437,4658440
2023-11-06,263.0798645019531,265.57311872384884,260.1295238177873,260.29575091099105,10340818
2023-11-07,261.1683654785156,264.9497906967713,260.66970958883445,263.0383060428009,6826885
2023-11-08,263.7863464355469,264.4096601205849,261.4177493598627,262.622832629349,6424833
2023-11-09,268.89752197265625,269.6870628100923,262.3735254891357,264.6590090722721,15503280
2023-11-10,268.7727966308594,271.05827963854136,267.23528480769835,269.64545081504474,8445203
2023-11-13,290.3394775390625,290.87967758203297,274.5072970130519,276.75123609947707,42178783
2023-11-15,291.3783264160156,298.35943343499184,289.71615687041674,298.35943343499184,35092206
2023-11-16,287.38909912109375,294.61954665950765,286.59958381874816,293.3729195227255,17617280
2023-11-17,286.9320373535156,289.6746071454874,284.4803269616801,289.21752063439084,13542916
2023-11-20,289.0097351074219,292.8742743001583,285.85162305722105,289.2175063044797,19032608
2023-11-21,290.4873962402344,294.22495522353717,285.83715899872027,291.1827474147266,15148068
2023-11-22,288.7055358886719,293.70344906604566,286.8367562666697,291.8781189482498,7599447
2023-11-23,290.7046813964844,292.0953836717894,286.83672106268506,289.00972652528117,6186567
2023-11-24,289.2705383300781,293.31235057419593,288.6621125862188,291.4870202907155,7054445
2023-11-28,297.22369384765625,297.7017444327176,289.7050738258986,291.00887708618785,10791886
2023-11-29,297.5714111328125,299.8747919104128,293.87730137739436,298.13638731962783,14149513
2023-11-30,297.3975524902344,299.874784274211,293.83381786468453,299.874784274211,11959336
2023-12-01,301.3089599609375,305.1769206519002,297.65832636224775,298.83172819964386,15105221
2023-12-04,308.3060607910156,312.9128222865211,304.7857756247231,305.1769272629607,22705896
2023-12-05,309.0448913574219,309.8271947094471,304.2208288250058,309.17529293339356,15782945
2023-12-06,306.0895080566406,315.08575491598197,303.7426783493836,309.2620903526751,14817158
2023-12-07,305.915771484375,307.52377457848036,302.83008728892804,307.52377457848036,8507659
2023-12-08,305.0899963378906,311.522087821591,301.52626173074844,305.9591986066595,13444251
2023-12-11,307.39337158203125,311.6959333463527,305.08999091591824,305.08999091591824,11420609
2023-12-12,302.0477294921875,308.2190697021086,300.0050992537424,307.82791814706525,8789103
2023-12-13,300.0486145019531,304.0469234605159,298.7448111826097,303.699247880547,8091533
2023-12-14,302.1347351074219,305.26386879951644,300.5701549983996,303.52546414012505,13142466
2023-12-15,304.22076416015625,308.00179896276444,302.8735113863966,304.22076416015625,14331890
2023-12-18,302.17816162109375,305.3072950750957,297.52792420586354,305.08999450920595,7959685
2023-12-19,318.9537658691406,321.38752147956734,301.17856982466554,301.17856982466554,28937243
2023-12-20,306.0895080566406,323.16932367310466,304.2207288843964,320.7355684524065,23224408
2023-12-21,309.00140380859375,310.131356137599,300.8309078597727,305.1769191650975,10028664
2023-12-22,315.73773193359375,319.3449161329447,309.78369094018615,312.0436222000279,13916380
2023-12-26,318.1715087890625,323.16942228871227,315.08585106487635,316.2158035065909,11910267
2023-12-27,317.78033447265625,320.90946774557773,314.99887677984907,318.99721226602946,7890042
2023-12-28,331.12255859375,332.4698112708754,317.95412524030553,318.8233273612751,28310022
2023-12-29,326.8200378417969,331.77450115350075,325.29893394226724,331.6006500974615,8859317
2024-01-01,331.8614196777344,336.20743107490716,328.08041098295286,328.38461055999613,11124690
2024-01-02,341.2922668457031,344.0737247268907,333.99097306502114,336.7289549170334,28363847
2024-01-03,334.251708984375,343.16103189647026,333.64328333521485,343.16103189647026,12903439
2024-01-04,334.425537109375,338.8149974863974,333.6867099548215,337.0765931349516,11039940
2024-01-05,333.9909973144531,337.68510723920633,332.46989322779007,336.207452658925,8369460
2024-01-08,330.6445617675781,337.81548100614367,329.6449843910287,335.90325179142957,9424716
2024-01-09,334.94708251953125,337.20701360844265,332.1221752898787,333.46942812748813,9473743
2024-01-10,332.0787048339844,335.38168925809504,326.68966686719426,335.38168925809504,9670366
2024-01-11,334.07794189453125,338.0328021348895,333.1652634749436,335.07751933183533,9163771
2024-01-12,331.2529602050781,335.3381945860981,329.90568089382754,335.3381945860981,7471050
2024-01-15,334.3386535644531,337.1635609902333,331.51374613867296,332.4698739572037,7490747
2024-01-16,331.9483337402344,336.33782101526714,327.7326975254604,334.9905416131304,10165133
2024-01-17,329.9926452636719,334.94710894462304,327.8631155611885,331.86142488861,10996538
2024-01-18,326.51580810546875,332.51329810850126,319.866416438499,330.9921942259812,12493835
2024-01-19,333.12176513671875,334.55594355618825,329.51458107382643,330.8618339623695,15893456
2024-01-23,326.2115783691406,351.8530435300674,324.7774000297357,350.7230912689475,16406737
2024-01-24,332.55682373046875,337.0766600255922,325.29897881772223,330.12304123990947,22938994
2024-01-25,338.46734619140625,340.4665272544891,334.9470877376834,336.2074150672873,13440949
2024-01-29,358.8066711425781,360.4581766059003,340.29267419157617,341.50955201248695,27149058
2024-01-30,349.8973388671875,361.4142681444891,349.071612683628,361.37081864438727,14159072
2024-01-31,353.0265197753906,355.6341267561656,348.028606395572,352.07039191058317,23750822
2024-02-01,353.50457763671875,358.02441357395753,349.8539174529176,355.32988120267083,8862155
2024-02-02,364.8910827636719,367.5856149613328,356.0686855015753,357.0682627532706,25177075
2024-02-05,382.6662902832031,391.1410122145177,362.54426351557913,367.889852043988,31418925
2024-02-06,389.9676208496094,392.0102516344913,380.05871957246416,386.6211865670518,13386526
2024-02-07,393.4444274902344,400.3111205592493,389.2287909046781,394.6178559353201,14430152
2024-02-08,399.1376647949219,407.3081602504789,391.14099386551504,395.3131538563687,18790158
2024-02-09,396.53009033203125,403.1360064323697,378.6679675811269,401.7453040065817,17472069
2024-02-12,376.19073486328125,397.61659221140997,373.8004286016071,397.225440576393,19472346
2024-02-13,393.18365478515625,397.96426730232173,377.2337877181507,385.7519594110845,35665854
2024-02-14,405.3525085449219,406.7866870723588,385.05662900225417,392.57522378932043,18592696
2024-02-15,414.4791259765625,418.30361082750983,406.3955285946119,407.6558825519005,18501875
2024-02-16,417.2171325683594,423.8230758058819,415.0441266695658,419.303212926011,14513583
2024-02-19,400.7022399902344,423.69265027033515,395.8781780801237,419.65083855943686,19798448
2024-02-20,392.5694885253906,402.6365107778514,387.73380613594014,402.6365107778514,27899165
2024-02-21,380.65618896484375,396.4820607934158,378.94170878414224,396.4820607934158,19032050
2024-02-22,391.3825378417969,393.88830586819824,376.260056483264,385.09615618364023,22083710
2024-02-23,390.2835693359375,395.2951060334067,388.30533540243886,393.88835653661573,9625544
2024-02-26,388.8768310546875,393.2289565665095,387.33820461759103,390.28358059205027,7570244
2024-02-27,388.08551025390625,391.5144435167808,382.5024894272766,388.8767984174137,8343526
2024-02-28,381.7551574707031,389.360361729653,378.37017440992423,387.11834741752114,8893614
2024-02-29,383.9532470703125,390.37150660394224,377.7547644814081,390.37150660394224,11711699
2024-03-01,392.4375915527344,394.59165204429917,385.096141480133,385.096141480133,8411615
2024-03-04,400.39453125,402.6804957625531,393.9322952202588,397.27332853291773,11977226
2024-03-05,405.0103759765625,405.9775178227892,398.7679442398393,400.9220316777301,9605493
2024-03-06,405.84564208984375,408.7910176533382,390.8550105097052,406.5929801927471,14061966
2024-03-07,403.2080383300781,409.1866901010781,400.96602379231706,405.8456835522572,9680802
2024-03-11,399.0756530761719,406.94463746610177,397.7568306755028,405.31808447230776,7824738
2024-03-12,395.03131103515625,400.7462088573028,392.7453733715088,399.07570562943965,8409613
2024-03-13,366.6766052246094,395.5588233572337,360.47815020371155,395.0312889906331,17803423
2024-03-14,376.0403137207031,377.051405732086,362.4124794997176,368.3911315221243,20478918
2024-03-15,365.0940246582031,376.3479657994694,352.7410647792541,376.040262018128,25435001
2024-03-18,370.8968811035156,372.3475805966803,363.5993799539518,365.75346759910036,9803914
2024-03-19,368.4350280761719,373.3146873331478,363.99500314242584,366.63264809273323,8373676
2024-03-20,368.8306884765625,371.73208721230725,362.85203727438636,369.09444224108034,6950340
2024-03-21,379.8648376464844,381.1836601729712,372.03982935563175,372.7871674869436,9911230
2024-03-22,379.7770080566406,383.51367257481894,376.5678511816966,378.8538160179446,9172888
2024-03-26,383.2938232421875,387.68989862364845,378.85377100800304,381.4034893629474,9389403
2024-03-27,377.5788879394531,386.6787416147508,374.58953551021204,386.6787416147508,17985246
2024-03-28,381.6672058105469,385.4917961156475,378.0624192375611,378.0624192375611,10332853
2024-04-01,388.6570129394531,390.1956393197859,382.28270364950305,383.953233756219,7256592
2024-04-02,389.6681213378906,394.1520966328034,383.3817122579958,388.65700256402397,11530800
2024-04-03,391.6903076171875,393.00913020175716,387.6459129915377,389.6681237201197,6972648
2024-04-04,394.63568115234375,398.7240257746899,389.0966102301045,395.64677309506163,14743020
2024-04-05,392.9651794433594,394.63568268104007,390.3714842993056,394.5477558092644,4820138
2024-04-08,393.36077880859375,396.04240061097306,390.8550107357682,394.7675281504881,3980972
2024-04-09,386.72271728515625,395.910497797712,384.43675295332235,394.5037752841331,8005012
2024-04-10,401.2297668457031,403.2080005771125,388.700953213444,389.09658386081855,15825331
2024-04-12,400.57037353515625,407.47221689558864,397.88875159139525,400.04283915019397,11259294
2024-04-15,396.5259704589844,400.74619178447927,387.82174720545555,394.72359041677595,7680715
2024-04-16,398.46026611328125,401.2737381370963,392.4376377342742,394.7675522196016,4996845
2024-04-18,385.62371826171875,401.6254157394103,382.59041566981296,399.9988893960106,10945138
2024-04-19,382.7222900390625,385.6237157234207,376.34798110133084,383.3377512897936,7628287
2024-04-22,389.44830322265625,390.81107576888513,385.0961781479678,387.645896335613,6396926
2024-04-23,387.6898498535156,391.91007095622206,386.19517367923845,391.91007095622206,5390120
2024-04-24,390.2395935058594,394.5037917356899,387.86570221005303,388.2173828531135,6538090
2024-04-25,397.80084228515625,399.16361481900367,388.3932309389755,389.49224970224367,10858594
2024-04-26,400.74615478515625,404.83452567918766,397.5810024990176,399.1635786420869,7209435
2024-04-29,398.5041809082031,403.295913176273,396.1302897818818,403.295913176273,5305655
2024-04-30,399.4273681640625,403.03215507004444,397.44913439228725,401.27372505068865,6021793
2024-05-02,399.0756530761719,404.0432120857235,395.11918587416454,402.28478221816465,14980896
2024-05-03,417.27545166015625,418.33049357969065,395.11922254026683,402.59255017089845,51071947
2024-05-06,404.9664611816406,423.29810051179453,390.41543586921966,421.1440128865541,36408390
2024-05-07,400.92205810546875,412.7914611414859,398.15253609670077,407.07656338340354,13728379
2024-05-08,408.3514404296875,414.4619689241578,400.13077435142924,401.53752379678326,16978094
2024-05-09,389.9318542480469,411.20886807603574,388.0415473558752,409.14270745047077,15601338
2024-05-10,395.1192321777344,396.6578584921582,387.07441995719256,393.18497519565256,9190621
2024-05-13,390.3714904785156,397.22935728134314,382.19480107272005,396.7457997261941,11107909
2024-05-14,394.5037841796875,396.2182373435876,391.33860478974,392.7453541665514,6592194
2024-05-15,411.34075927734375,413.2310662353089,395.20715802717314,395.6467655444447,23543942
2024-05-16,411.73638916015625,417.6271406129869,402.5486081655786,412.0441197879632,17232651
2024-05-17,413.4508361816406,416.4841385353545,410.4175338279268,412.39576749386765,10625019
2024-05-21,431.3868713378906,434.24432033267027,412.9673316089123,412.9673316089123,27356982
2024-05-22,441.1022033691406,446.0697630584416,432.2221259565372,434.771844247093,28346931
2024-05-23,437.233642578125,442.94854052005087,432.661740323493,442.59685985915837,14378840
2024-05-24,440.4867248535156,444.3552655737509,430.0680215041508,436.046699736799,12190536
2024-05-27,434.72784423828125,442.2451213537374,431.47473817961554,442.20117133869235,8811105
2024-05-28,428.74920654296875,436.2665111927315,425.62800390065786,436.09065745308857,8165238
2024-05-29,427.69415283203125,432.4858585430565,423.8695621678923,423.8695621678923,8014727
2024-05-30,423.9135437011719,429.01300724297477,421.58362911511813,427.29852711146486,7725080
2024-05-31,431.8704833984375,433.5409867822667,421.144048059717,425.89180440431664,11223848
2024-06-03,450.4657897949219,463.69801865188674,444.4871384477595,452.795731041218,24416215
2024-06-04,388.5251159667969,450.5098023456818,361.1815231973274,450.4657986638084,48046493
2024-06-05,404.9224548339844,406.9446654194907,373.7542993894424,397.4051773664062,18966089
2024-06-06,415.82476806640625,425.89176427635084,408.5272670623905,413.23107293981667,21757857
2024-06-07,421.2758483886719,423.16615521181586,411.12092619657665,415.86868167818596,8317343
2024-06-10,420.0010070800781,429.0569106501298,418.0667233896244,426.41926570760853,10958537
2024-06-11,418.8140869140625,425.10046904238874,417.8029949910193,423.781646491068,11169021
2024-06-12,429.6723937988281,434.59597647761353,421.45172794210356,422.9024273682283,15412796
2024-06-13,428.9690246582031,434.244315045879,425.1004837402104,434.244315045879,7438571
2024-06-14,428.1337585449219,432.92546423588414,426.63908229988033,428.9689967029641,5974636
2024-06-18,429.9801025390625,433.3650857933029,426.5951461163357,432.5737976273604,6946544
2024-06-19,420.2208251953125,431.8704240898221,418.94595269689313,430.28782097128294,8962510
2024-06-20,424.7927551269531,428.5294191693754,414.5938549625093,422.9463981161592,7864157
2024-06-21,422.1990661621094,432.04625835310236,421.1439973984432,424.79273438955926,10340882
2024-06-24,416.4841613769531,422.06715523070346,414.9894851258861,422.02320521276556,11124175
2024-06-25,412.5716247558594,420.2208057290095,409.0987148910531,418.41839894123837,7951999
2024-06-26,412.132080078125,414.8576522673448,408.8789734601021,413.450902734375,6655899
2024-06-27,410.6373596191406,412.3518396209587,405.75772704706276,412.13203586849545,14857335
2024-06-28,416.0005798339844,418.5063479981752,411.47262786375205,413.23105789735786,8302706
2024-07-01,417.4512939453125,418.77011651695716,414.3300912583591,416.17644822496436,8579861
2024-07-02,421.23193359375,426.4192969950155,416.1764470829844,420.2647916775617,14629287
2024-07-03,426.3753662109375,428.7492308415707,421.4957063901917,423.69374410273076,7244652
2024-07-04,430.41973876953125,433.27718782658764,426.683074617996,429.7163774265543,7796954
2024-07-05,432.1341552734375,433.7167314777448,428.0897610683604,430.3757253435354,5754517
2024-07-08,433.7167663574219,436.09065768630353,428.3535761051197,433.189258801238,7477292
2024-07-09,434.1563415527344,436.9258901740773,431.78247723209813,436.9258901740773,6444684
2024-07-10,431.4748229980469,435.1235604039125,422.5068179820372,434.15641839920306,5981477
2024-07-11,439.6514892578125,444.88282970733275,429.54051585537314,432.5738186087109,20146927
2024-07-12,436.2665100097656,447.168771050228,435.65104875419775,443.12437653302857,8198389
2024-07-15,437.6292724609375,442.77268565023655,433.05734366344666,439.60750623901305,7106020
2024-07-16,450.55377197265625,455.7851123557222,437.84910351750443,437.84910351750443,23169665
2024-07-18,444.223388671875,453.49909639644596,440.7065285933248,453.1034389050039,12540956
2024-07-19,429.0569763183594,445.2345290755353,427.95795742410127,444.267387082285,9971704
2024-07-22,431.8704833984375,436.0907052977446,425.14446617611196,429.05698424455517,7281653
2024-07-23,428.1777038574219,435.91478510417073,408.43931642748817,434.33220884099876,11311831
2024-07-24,434.1563415527344,439.07995075216326,426.5071874108911,427.9139367295153,6823248
2024-07-25,434.3321838378906,442.7286758495208,425.540034367488,431.6945389967698,10281157
2024-07-26,448.26776123046875,449.8943143036431,438.06886213459035,438.06886213459035,20437968
2024-07-29,450.28997802734375,453.4111805053131,446.2016068637763,452.3561117860353,7259754
2024-07-30,456.62030029296875,462.1153941814613,448.35571128249165,450.2899950638463,13197520
2024-07-31,459.1261291503906,461.93962816131324,448.83930190018964,460.225148009108,11972565
2024-08-01,475.1278381347656,476.7543645245481,464.2255499658117,470.3800553630857,34763894
2024-08-02,461.1483154296875,472.3143578228408,459.2140314960417,469.50085879781335,10985150
2024-08-05,445.586181640625,452.79575586466814,437.4534423362596,452.79575586466814,11835031
2024-08-06,439.255859375,454.73005015073664,437.8491098805667,446.7291875556924,7142269
2024-08-07,467.3028259277344,468.4457948258075,446.37751726790395,446.37751726790395,18293730
2024-08-08,460.22509765625,470.3800200671509,458.2908139439297,469.5008050763712,13624148
2024-08-09,465.8080749511719,467.17084740620396,458.8183052884315,465.9839286757295,6468264
2024-08-12,460.6647644042969,466.4236126020267,460.0932531215701,465.1047899462245,5238736
2024-08-13,458.7304382324219,465.8960621348039,457.19181194223165,461.5878870570608,5201294
2024-08-14,443.73980712890625,464.13760521319347,438.7722210715846,459.74153035291704,14766889
2024-08-16,454.9288024902344,457.99245651974746,446.22629064696673,450.84396658420553,7313429
2024-08-19,463.54248046875,464.83010931004736,455.6835922787244,456.2607678282877,10737456
2024-08-20,465.85137939453125,469.2702603593135,462.69894556465715,465.6293762487657,8191127
2024-08-21,472.6002502441406,475.3086774540932,465.67376377607144,467.5385682944046,9067794
2024-08-22,469.6253662109375,475.48628094720584,467.80495151405825,474.19865204454226,8531700
2024-08-23,478.5054626464844,480.54793453750506,469.62533859848446,469.71417235895,12566904
2024-08-26,477.8394775390625,482.6791562302826,474.8202677298455,481.30274777314116,7193307
2024-08-27,471.88983154296875,481.0363488203775,470.6465924489614,478.72748396007506,7865530
2024-08-28,467.4053039550781,475.57502885576025,466.6061253169527,474.10984091920926,6066259
2024-08-29,468.470947265625,470.64658856218153,458.3031940878239,467.4053215081302,9147836
2024-08-30,466.16217041015625,476.8627101422533,463.5425227081122,470.64662267298746,30921282
2024-09-02,462.5212707519531,469.75859402226916,459.67967422371134,467.98256909212824,6370038
2024-09-03,461.4112243652344,464.9632739883693,460.21242929741675,462.654463413322,5526155
2024-09-04,447.2474670410156,458.9692151739245,444.49462301359364,458.9692151739245,16783593
2024-09-05,441.3421936035156,450.6663244542941,439.69936512885675,450.6663244542941,10830621
2024-09-06,433.8385009765625,443.11824254725803,427.1784071507019,443.11824254725803,13110103
2024-09-09,430.1976623535156,433.7941021041474,424.51436072783935,433.3500958583909,10189742
2024-09-10,436.1029357910156,436.9021416056621,427.84440343969493,432.72847209585575,9809547
2024-09-11,429.7536315917969,438.2785293440141,427.9776067100868,437.656936895409,8134497
2024-09-12,440.14337158203125,441.56419694191266,428.24401000550506,432.4620692020341,12058489
2024-09-13,435.3481140136719,442.0970142149119,434.6821046602598,441.3421981943803,8093877
2024-09-16,438.0121154785156,439.47733051577006,432.7728477483393,437.3461061797647,5244657
2024-09-17,433.7940673828125,439.3885347915617,433.03925140544453,438.01212637988186,5063902
2024-09-18,432.5508728027344,438.32295376760356,431.70725012941153,434.94849017430175,6527832
2024-09-19,424.4255676269531,436.54693232964996,422.91593559951536,434.2380945053292,10014450
2024-09-20,435.9696960449219,442.23017258794897,426.5123423607919,427.0895720973727,12982128
2024-09-23,444.5390625,446.22628082840777,435.5701308384756,438.23416833595866,6123879
2024-09-24,447.8246765136719,449.91151123226416,445.3826422280828,448.44629608090867,7306001
2024-09-25,448.7126770019531,450.2223089963745,445.78224677747534,449.7783027744846,5059851
2024-09-26,449.8227233886719,450.62195632284653,444.05064210846984,449.33432735111273,6877039
2024-09-27,458.30322265625,459.85724450780674,448.35749906628126,449.8227142491795,15443031
2024-09-30,453.01953125,455.9499884999195,446.2262416478954,455.55037207038873,8881502
2024-10-01,451.5543212890625,458.2144145234144,449.46748665563445,454.6623647984267,4743517
2024-10-03,446.0930480957031,452.7975310791407,443.5622072589128,443.5622072589128,11285134
2024-10-04,441.5198059082031,448.13548247455316,438.7225449794889,443.65103039199386,7170285
2024-10-07,426.6455993652344,444.4946282198607,422.1167303767512,442.31901394205283,8940891
2024-10-08,436.76898193359375,437.5681878155415,423.0935939647352,426.9564269108144,6049075
2024-10-09,432.41766357421875,440.45416522471453,431.2632311553704,436.9021155051604,6874313
2024-10-10,433.43890380859375,438.6337823192972,431.6184619356171,433.9717167250745,4700891
2024-10-11,437.7457580566406,438.5893536433975,432.86168947018854,432.9060792537058,4364566
2024-10-14,442.4966125488281,446.181886059171,437.7457674113808,439.521792389863,5369297
2024-10-15,439.0777587890625,443.4290142952462,435.1704823998473,442.4965849796426,4279311
2024-10-16,440.232177734375,443.47341779845266,437.701336799414,439.5661683883321,8000451
2024-10-17,435.03729248046875,441.5641893876445,432.6396751329276,440.23217071679187,4334990
2024-10-18,437.07977294921875,438.4561815144828,429.22085673144187,433.3501095272256,4573163
2024-10-21,431.04119873046875,439.34411980519803,428.33277184351886,436.9020857891004,4737527
2024-10-22,415.900634765625,432.9060676972205,414.8794258720807,430.6860365808245,8671135
2024-10-23,421.0067443847656,422.7383525520672,407.55336002345996,415.90067235555784,10686743
2024-10-24,423.8039245605469,429.620395031964,420.07426158193596,421.0066908765828,5045880
2024-10-25,409.4625549316406,425.4023624923667,407.5977233264888,424.5587669066958,10330954
2024-10-28,392.1907043457031,406.709713738687,386.5074299230645,401.3816388862151,21378247
2024-10-29,395.6539001464844,396.58632939387587,389.65981665605966,394.4551051283889,7680865
2024-10-30,398.8507995605469,404.75607712645694,395.16555319234664,397.8295906295984,7818123
2024-10-31,401.426025390625,403.60166677760697,393.56713672742256,401.38163560721307,8475238
2024-11-01,403.29083251953125,408.08609413657746,401.69242101384526,403.7348387266649,3095957
2024-11-04,393.65594482421875,406.8429363520754,386.7294579105929,406.70973989219647,15720990
2024-11-05,400.42327880859375,401.6662631221553,393.14955725652794,395.08308528892417,10186343
2024-11-06,401.2519226074219,404.1061755766104,397.0166103093374,403.093372510344,9130749
2024-11-07,400.8376159667969,405.4412407554398,400.1930972570686,403.0933752542544,5861077
2024-11-08,390.4333801269531,401.4360538514185,387.8553616626377,400.83758828987675,9934413
2024-11-11,388.131591796875,391.9986478298168,384.2645638622288,389.46665421494424,7201246
2024-11-12,381.2261047363281,391.12389666179166,380.0751986984835,389.00624079147434,6564348
2024-11-13,374.6429443359375,382.56118384504845,373.5380913498736,381.1800965387486,7170870
2024-11-14,377.2670593261719,380.5816748630349,370.6838813602738,374.9192218741378,8776485
2024-11-18,380.5816650390625,385.3233929285601,378.41795577930276,381.13410563066225,7352509
2024-11-19,379.5688781738281,388.5459468510745,378.1417656747128,382.9755718855378,6291292
2024-11-21,373.8143310546875,381.08805256638806,372.1109842713555,380.30543073639274,14141967
2024-11-22,381.2261047363281,382.79134818711356,374.18256540437756,375.10329023465323,8155453
2024-11-25,384.35662841796875,393.5638776017908,382.74535981079987,387.6251906389077,10903727
2024-11-26,378.8782958984375,386.70445753910997,377.22100231973036,385.27734518512847,5798977
2024-11-27,384.08038330078125,387.6251797566948,379.9831743879825,386.7044548641611,9219932
2024-11-28,382.28497314453125,391.2159874283315,380.7197296430781,386.70444123359806,7788912
2024-11-29,383.3898620605469,384.86302759444305,378.41795296965574,382.37705899984974,7057742
2024-12-02,388.2696838378906,389.83489923743423,383.75810955528914,385.2312749476717,6404844
2024-12-03,388.63800048828125,391.76845964605246,386.10600691830086,391.3080971787833,7928558
2024-12-04,383.62005615234375,392.1367621919238,382.1008655595374,388.63801851768517,6836472
2024-12-05,385.2312927246094,387.8553643105234,379.33865898144956,385.0011114994993,9500273
2024-12-06,384.08038330078125,388.0855422029617,383.38983963138094,386.7044548641611,4252732
2024-12-09,381.1801452636719,387.5791951734798,379.7990577808325,384.86304521791027,6662023
2024-12-10,381.2261047363281,384.12641043033005,378.87826765844187,382.5611669795446,6035289
2024-12-11,383.8962707519531,386.38221120364676,382.6072333714879,383.021570829251,5353413
2024-12-12,376.6685791015625,384.7249223378535,374.8271292189817,383.4819380474524,9409378
2024-12-13,377.7734375,378.6481374458802,370.13143161883,376.6685844138466,9439175
2024-12-16,377.9115295410156,380.1212635825194,374.27465510936884,377.9575545446394,5434635
2024-12-17,370.9600524902344,378.3719047122899,370.13140570905193,377.91154226737814,5070262
2024-12-18,364.42291259765625,372.70943688904777,363.2720064460741,371.51250573072025,7176597
2024-12-19,360.8781433105469,363.22598061512906,356.32054372130534,359.95741839137037,5745829
2024-12-20,351.7169494628906,362.4894431857587,350.3358619649997,361.84492444742415,7923854
2024-12-23,352.59161376953125,357.7937038654899,352.08519821257426,355.39981349174155,5163415
2024-12-24,354.01873779296875,356.0903688983893,351.1644848725082,354.34099714013763,4242999
2024-12-26,355.9522705078125,359.35893595635247,354.52512997946985,355.7681142788988,4190081
2024-12-27,350.3358459472656,357.65562059073835,349.4611459992748,356.7809206427475,5909271
2024-12-30,347.9419250488281,351.99310888389647,345.9163471804406,350.33581534628,22328728
2024-12-31,353.6964416503906,354.2028571713431,346.28461792804177,347.94191140065016,7686615
2025-01-01,355.7680969238281,357.3793655041881,352.1772754215418,353.1440253304402,3584876
2025-01-02,361.7988586425781,362.71958353735675,353.6043846004132,357.60954351235904,7538972
2025-01-03,362.443359375,367.6454495567378,358.622356574164,361.8448937962682,7122319
2025-01-06,348.72454833984375,362.8116277661359,347.25138291201677,362.8116277661359,8774141
2025-01-07,349.6912841796875,353.7885209709122,346.6529034366908,350.3818278120315,6542121
2025-01-08,350.1977233886719,351.7629388688759,346.19256443052166,349.9214890580752,7407778
2025-01-09,342.69378662109375,351.30254114358803,341.4047494043239,351.30254114358803,6247612
2025-01-10,339.287109375,343.6145274367391,335.78836616214613,341.9572058372614,4893721
2025-01-13,334.13104248046875,341.0364788561947,332.61185209746753,337.0773732400955,8661589
2025-01-14,339.9776916503906,344.3511352125825,334.2231606475066,336.0646105684295,5698113
2025-01-15,344.903564453125,351.2105358442983,340.0237054643633,342.41759590240724,11117714
2025-01-16,348.8166198730469,351.2565351396796,345.08766731992773,348.44833554760487,6923722
2025-01-17,356.9190368652344,358.43822747954914,348.54043383396004,349.87549630919546,8380692
2025-01-20,356.3665771484375,360.00345190443727,352.31539302799547,358.71444260679147,14597375
2025-01-21,351.3025817871094,358.7604592545315,350.7961943207149,357.2412687570535,20854879
2025-01-22,349.138916015625,353.46630646795717,344.9496005893157,351.25657218396884,10653690
2025-01-23,355.2156677246094,357.4254300412792,346.3767308511104,347.57366202406064,5844752
2025-01-24,352.6837158203125,361.15439743934365,351.44075949323263,355.4458909441316,5351964
2025-01-27,345.96240234375,352.6376582771956,343.200227474738,350.70413024922806,6645109
2025-01-28,341.2666931152344,347.66574268237525,338.5965964110537,346.19257715990807,10866038
2025-01-29,349.36907958984375,354.47909161932404,341.4047866111896,342.9700302031122,6680927
2025-01-30,354.5251159667969,356.6428001224209,350.24375074758177,351.44070999162,6300164
2025-01-31,369.89459228515625,370.87563825853215,350.04043667202234,354.5718614204387,10339434
2025-02-01,359.9908752441406,373.2114302270839,354.15141757074764,369.8946011608105,7015540
2025-02-03,349.43316650390625,358.91644058744595,342.42581690823965,358.7762992981283,7689700
2025-02-04,351.8156433105469,355.69306611314863,350.2740321487659,352.70325230431837,4649921
2025-02-05,357.7018127441406,359.8040174348641,353.0769510193586,353.1703880415415,5914200
2025-02-06,354.6653137207031,359.3835842056371,352.4229676339323,357.6550989987384,4652107
2025-02-07,353.4039611816406,357.8419487972726,351.30175652160443,354.5718526594385,3006598
2025-02-10,346.1630554199219,354.8988899165154,344.7615855599222,352.2360914799205,3380494
2025-02-11,335.41845703125,346.1630594152594,334.01698715507484,345.6959027898677,6803431
2025-02-12,336.6797790527344,338.0345161321486,328.4578054984899,336.2593266928951,4565992
2025-02-13,337.89434814453125,343.40679007831966,335.0447044156586,338.2213634526744,3712240
2025-02-14,330.9337463378906,341.02431747723205,327.4767760979995,339.9965672562123,4464446
2025-02-17,336.4461669921875,338.22135625335335,326.3088637333803,330.93372517573596,6017586
2025-02-18,337.3804931640625,338.5483846327051,330.55998987940467,336.5863212627905,3843725
2025-02-19,338.50164794921875,341.30458744152685,334.48411274876713,336.3527390769725,3097726
2025-02-20,343.780517578125,345.1819872323155,336.352717005726,336.352717005726,4624287
2025-02-21,345.649169921875,346.8170613886836,341.30459085496665,343.4067954952222,5235241
2025-02-24,340.8374328613281,344.29440299400204,337.4271954949188,343.8739506624964,4533486
2025-02-25,337.4272155761719,341.39804678324583,335.138165282233,340.09001397056977,4525493
2025-02-27,339.9498291015625,343.6403487600997,332.75560678481065,335.41840483778884,6196610
2025-02-28,345.088623046875,351.0682224640934,341.30463707420506,342.70610702416155,21899478
2025-03-03,336.6797790527344,346.6302092768185,329.2519774487546,345.6958960442664,12675744
2025-03-04,339.9498291015625,342.4257531282719,329.43880666583794,332.70890253473004,5535218
2025-03-05,344.06085205078125,344.6681499566936,338.26809853366944,338.26809853366944,5730797
2025-03-06,357.46820068359375,358.9163745952381,343.920660622892,345.7425540749955,11247215
2025-03-07,355.64630126953125,364.0084155182797,354.4784098109337,357.4682233501335,8321771
2025-03-10,350.507568359375,361.2054652050806,349.4798182039795,355.6930233881083,5541001
2025-03-11,354.1513977050781,355.0390066268353,343.82724852283,346.63018804883137,5340552
2025-03-12,355.6930236816406,357.70179122935934,349.24624020746427,354.6185407606284,3951912
2025-03-13,353.4506530761719,357.84193628432865,352.56307269186755,356.4404665599775,3918004
2025-03-17,360.41131591796875,361.62591166946885,354.151406089835,355.2258890772882,5456361
2025-03-18,360.41131591796875,360.41131591796875,360.41131591796875,360.41131591796875,0
2025-03-19,369.8478698730469,371.903341716064,363.2609449911008,364.4288364404202,5827114
2025-03-20,370.36175537109375,371.9500992531393,366.2974871541933,371.5763796670629,7025398
2025-03-21,378.77056884765625,384.0961655388271,369.14715420975944,370.36174997505566,16564019
2025-03-24,379.3311767578125,384.75018216344745,378.443567771538,381.1530989873329,5260300
2025-03-25,372.1369323730469,381.4333600237643,371.015773652226,381.199781726138,5636291
2025-03-26,368.8668212890625,376.0143397177579,367.3252102896678,372.32379135932007,5025274
2025-03-27,370.7821960449219,373.39826157801684,366.29747561436164,367.41866285024565,7697174
2025-03-28,372.04351806640625,375.50045970961673,367.65223473427557,370.92233085008235,6923988
2025-04-01,371.5296325683594,376.10776147541515,369.10041258309235,371.6697738436107,4332950
2025-04-02,371.3895263671875,375.22021649269,365.7836467239092,375.22021649269,4197123
2025-04-03,370.96905517578125,373.72529059914064,367.371972064146,369.0537244666514,4970602
2025-04-04,359.7572937011719,369.98803485812124,357.4682434215781,369.98803485812124,6718760
2025-04-07,352.7032165527344,354.4784058473585,332.6154836894661,335.2782818878896,10202400
2025-04-08,357.7018127441406,360.1777370106197,351.90905952451226,359.71058041268117,3577328
2025-04-09,349.9937438964844,357.5616868104266,348.59227404253124,357.18793870565736,5781453
2025-04-11,366.34423828125,366.99824046141276,357.04780985448866,364.33547045657167,6185984
2025-04-15,369.2872619628906,372.79093617506226,367.65221399721054,372.79093617506226,4371156
2025-04-16,373.0245666503906,373.8187386188668,366.7179521860446,369.2873136344819,4992290
2025-04-17,372.6508483886719,373.3048505610162,362.79382641605355,370.82892613168724,8364450
2025-04-21,374.19244384765625,379.33116654718714,369.6610190372928,373.02455232503564,8987570
2025-04-22,372.4172668457031,379.1443051323731,368.3997027662273,376.99539606433495,7558174
2025-04-23,372.7442626953125,375.2201869737145,368.1194009482594,373.72528015051716,7429142
2025-04-24,373.58514404296875,374.93988109447645,370.78220440305097,372.69753508513753,5762303
2025-04-25,367.32525634765625,377.46256102836514,364.0551599031036,374.0055905246468,7337588
2025-04-28,371.0624694824219,372.6040805091616,365.8303100317818,367.32521680524684,3458518
2025-04-29,363.541259765625,374.0522829170233,362.9339619083614,371.0624693709911,6274213
2025-04-30,359.9908752441406,364.7091741520283,357.9354032508924,363.54128261734974,4559122
2025-05-02,358.3091125488281,365.269757300795,356.3470491243228,360.1777389506473,5045851
2025-05-05,360.2711486816406,362.4200574757555,356.6740374280362,360.59816397978176,6395704
2025-05-06,353.4039611816406,362.18649939208564,352.60978927414294,361.11204493510667,5982166
2025-05-07,358.12225341796875,361.85950637725034,345.97618130030355,345.97618130030355,9162368
2025-05-08,360.13104248046875,369.007018080975,357.1412287677391,364.38215623131,14258083
2025-05-09,357.2813720703125,358.0755440153424,352.2827906065114,354.1981498284044,3809943
2025-05-12,369.5208740234375,370.0814676512264,362.0463683541897,366.2040735378993,6743279
2025-05-13,369.1938781738281,373.3515835768684,368.1661278874946,369.520893516704,6307140
2025-05-14,376.62164306640625,377.5092234666729,370.4084662126397,370.6887487573607,6822756
2025-05-15,378.0698547363281,379.70490294037637,373.3515841812658,377.2289785054132,10511989
2025-05-16,378.2099609375,382.13408766838006,377.0888022379452,379.3311481500301,4702603
2025-05-19,376.2479553222656,380.68594323785067,374.7063156569962,379.2844733697712,5446656
2025-05-20,381.2931823730469,389.84214154801816,377.46249295482164,378.8639626068816,18755291
2025-05-21,378.7238464355469,386.38519726660536,377.6960962533509,384.61000795898053,7393102
2025-05-22,372.6508483886719,379.9384803906549,367.37198418735284,378.3968692186559,7936875
2025-05-23,375.1267395019531,376.5282092634797,372.79095656607547,373.9121437804869,4178408
2025-05-26,376.2479553222656,379.1443035725813,375.36034633395764,376.1077855250757,6067873
2025-05-27,373.6785583496094,377.0420629026498,372.1369188309953,376.0610454935088,6553758
2025-05-28,372.04351806640625,375.4537554560097,370.45517426210995,374.6595835538615,6002200
2025-05-29,372.04351806640625,374.84645759424063,370.92233085008235,373.72527037791673,7724668
2025-05-30,371.2026062011719,378.1632506322047,370.3150258090171,372.7442457219733,6565658
2025-06-02,373.44500732421875,375.03332269845004,369.5208803752204,372.74427240568167,6119571
2025-06-03,367.0449523925781,374.1924427881841,364.84931063367264,373.4450036210138,7360608
2025-06-04,368.67999267578125,369.05371225141533,364.00842669791524,367.04494458352815,3861957
2025-06-05,368.96026611328125,371.6697686109041,366.76462445533724,368.6799835667247,6097293
2025-06-06,372.7442626953125,374.28587377333815,370.0347316038404,371.71651247230335,7633919
2025-06-09,374.65960693359375,379.5180471568761,373.7252936993454,374.56616990757345,9626374
2025-06-10,373.3048095703125,377.9296710914547,372.65080746978083,376.5282013593479,6362912
2025-06-11,375.6873474121094,382.60125946293465,372.2303771302085,373.818720992266,11946342
2025-06-12,366.9048156738281,375.92093261241524,365.78362839615875,375.5939172803469,11262656
2025-06-13,365.5033264160156,366.57778086746566,360.64488648818667,364.3821391979088,5253032
2025-06-16,368.4464111328125,368.6799894296492,360.8317643585311,365.3164562526055,3706240
2025-06-17,365.59674072265625,369.8478828551842,364.4755819997405,368.1193977469245,3248476
2025-06-18,364.70916748046875,367.5588113677657,362.6069627565025,365.59674792280197,4118145
2025-06-19,359.0098571777344,365.78362806788033,358.3091222580641,364.7091735603146,4416367
2025-06-20,363.4945373535156,366.06389864149,358.91640839753825,358.9631411651051,6531957
2025-06-23,366.7179260253906,367.27851964038126,359.4302945694394,361.5792034950985,3359491
2025-06-24,366.8580627441406,369.4274239773726,365.03616915927046,368.5398435682231,4606984
2025-06-25,366.0171813964844,369.42741873689425,365.31644652463405,367.97924474026024,4672204
2025-06-26,368.259521484375,368.773410823424,364.9894254672384,366.2507539193003,5569101
2025-06-27,368.259521484375,371.57635026668396,366.3441909366705,369.0536933625602,16253653
2025-06-30,366.2040710449219,371.2960608896468,365.1295880519011,369.52087150788054,4870935
2025-07-01,364.1485595703125,368.025953539858,363.44782468980515,366.7179207988394,5997283
2025-07-02,361.48577880859375,365.97049936857337,360.1310417485296,364.3821554907308,7752338
2025-07-03,361.0653381347656,363.4478253274806,360.1777292127089,362.4200751316716,3851213
2025-07-04,360.7383117675781,362.42006402702697,358.21565486543045,362.23321850540736,3990767
2025-07-07,359.0098571777344,361.1120619367452,358.7762788711776,361.1120619367452,2810768
2025-07-08,357.7018127441406,360.1777370106197,357.18792337862266,359.6638761580777,5231160
2025-07-09,361.99969482421875,362.6536970180016,357.7018479970198,357.88869354682396,4497121
2025-07-10,358.82293701171875,363.30765702902266,357.4214673524938,362.56018943631875,4668066
2025-07-11,355.9266052246094,359.05653146081085,355.59958992013287,358.8229531737525,4677164
2025-07-14,358.6361389160156,360.5514696316729,356.4404971236676,356.9076537385086,5109504
2025-07-15,361.0653381347656,361.8127772700947,358.2623986078185,358.6828224290754,4586811
2025-07-16,361.0653381347656,362.51351215183155,359.6638683712921,361.25218366211027,5205724
2025-07-17,360.55145263671875,362.70039007148114,359.6171394510766,361.6259070976121,3749218
2025-07-18,362.9806823730469,363.68141728110294,358.86970994837986,361.5792125569347,5172481
2025-07-21,361.3923034667969,363.82152328176795,360.08427080118895,363.44780373630476,4396850
2025-07-22,363.541259765625,366.0171839609149,360.1777266545825,361.3923223691096,5043629
2025-07-23,365.0828857421875,366.67122959974324,363.3076963509628,363.8215572097728,3670943
2025-07-24,360.2244567871094,365.08289702020835,358.68284565008014,364.4755991193153,4022204
2025-07-25,355.7864685058594,360.55147170726354,355.03902932300184,360.2244563723969,4616856
2025-07-28,353.4974060058594,358.6361286216066,352.23607747939894,356.1602043366145,4521716
2025-07-29,358.4492492675781,359.00984288358944,352.1893680088833,352.1893680088833,4872086
2025-07-30,354.945556640625,358.82295047402476,354.1513847680071,358.7762462221543,5107774
2025-07-31,351.6287841796875,354.1047084969256,350.0871730774809,353.1703952818941,6461803
2025-08-01,348.0316467285156,356.113449735187,346.34989447166157,350.3674295924654,13769152
2025-08-04,350.0871276855469,353.87108431060983,345.8827187630446,347.98492322429576,19756930
2025-08-05,354.57183837890625,355.69302555762613,349.900272655864,351.3017423727767,6846687
2025-08-06,357.2738037109375,358.411450030775,354.1452112337466,354.5718466863628,5808208
2025-08-07,359.83355712890625,360.4972058987413,354.1926583144512,355.5199269218356,3468573
2025-08-08,359.9757995605469,362.25112137790916,358.50629979037467,359.3121507698515,4172600
2025-08-11,362.63031005859375,364.7160384475308,356.98938255143514,358.3640711167279,5740719
2025-08-12,365.3322448730469,366.37510900385337,361.39783054218316,361.72962596046835,4860757
2025-08-13,366.0433044433594,367.844599530894,365.0952513517849,365.90110226608004,4216888
2025-08-14,364.47900390625,366.7543254226937,362.677679978961,366.04328564053736,4034887
2025-08-18,367.65496826171875,368.366008062843,364.09976925609766,366.564713019785,3520271
2025-08-19,365.3322448730469,368.3186061635924,364.2893807422404,368.3186061635924,5219052
2025-08-20,364.7160339355469,366.7543422849873,363.62574974028615,365.9484913750362,4904231
2025-08-21,363.3707580566406,366.6378699950099,362.5059386207281,366.061343254308,6212604
2025-08-22,359.81536865234375,364.18752910559414,359.43097840712124,363.37074382178406,4699261
2025-08-25,365.1484680175781,365.8691557834023,360.1516877779198,360.34388291208364,4349832
2025-08-26,357.8935241699219,365.004303623935,356.88454379325947,364.18751836421524,6381642
2025-08-28,359.6712341308594,361.20870725037946,354.24205875320916,357.94159519943724,4372269
2025-08-29,360.15167236328125,364.1875354091041,358.08570672131486,358.08570672131486,4578400
2025-09-01,363.1304931640625,363.8031467286713,360.43993755534075,360.6321033417599,2829114
2025-09-02,365.2445373535156,369.95302452799115,364.23555696443356,366.2534884177397,7511709
2025-09-03,374.5654296875,377.928639140966,365.14845494773886,366.0613378150519,8111851
2025-09-04,376.15093994140625,376.7755300742313,370.62566765320616,376.4872374034109,5515006
2025-09-05,377.30401611328125,377.88057212007595,373.7966752821603,377.06378688752153,4535470
2025-09-08,371.92291259765625,380.42703390068334,371.2022248486685,378.6012974682197,4607020
2025-09-09,372.7877502441406,374.18106225573547,371.6346381501888,373.50843797164583,4376579
2025-09-10,376.5833435058594,377.3040312119786,372.8838074161425,373.3162317697571,4285507
2025-09-11,377.9766845703125,379.0817331873827,375.2380654237591,378.26494792264117,3442373
2025-09-12,378.9376220703125,380.7153243724085,377.8325733932883,378.16887088096485,4276055
2025-09-15,379.3219909667969,384.991395479796,378.8895665809059,378.9376300264827,4618798
2025-09-16,380.3309326171875,381.4840447342372,378.6493278859912,379.5622107557272,2581384
2025-09-17,384.1265563964844,386.72104392948097,381.9644932272734,386.2886195656954,5970395
2025-09-18,377.7845153808594,385.08749049794454,375.33418874331795,384.84726124623035,5899621
2025-09-19,379.08172607421875,379.7543796501742,376.19897530559354,378.6012676127812,5272435
2025-09-22,379.27392578125,381.4359888838987,377.97668205468926,379.08173066440486,3399517
2025-09-23,378.6493225097656,380.28289309824873,376.77555200223856,379.32197612263724,4720322
2025-09-24,377.4962463378906,380.1387680670507,376.43923178125476,379.0817535104148,5139791
2025-09-25,377.159912109375,379.7543996678416,376.3431268169052,376.7274877413443,4563970
2025-09-26,373.9408264160156,377.59232843253596,372.88381190268456,377.1599040737184,4698693
2025-09-29,373.1240539550781,376.295097603974,370.52959568764607,374.56542943416014,6606409
2025-09-30,374.7095947265625,376.102906777358,371.97097542002024,374.46936547730195,5362610
2025-10-01,373.3162536621094,379.4661165833344,372.73969759843146,374.56543402936177,4976933
2025-10-03,368.3675231933594,373.89279572404473,366.5898209489498,373.31623968195805,7431240
2025-10-06,366.97418212890625,369.0882111764368,365.1004116468691,368.51165513394136,7022052
2025-10-07,369.6647644042969,373.74866146399535,368.79991568470945,368.9921108056974,7895734
2025-10-08,367.1663818359375,371.2983130965073,366.2054648613995,370.4334936843949,3642904
2025-10-09,368.3675231933594,371.20221063592635,365.676938105241,368.0311963917373,4628511
2025-10-10,369.47259521484375,371.5866243946517,367.98318555965653,368.99213670351105,5061600
2025-10-13,366.6378479003906,369.28036949384733,365.77302851659454,368.27141843356156,4750043
2025-10-14,366.0613098144531,370.09714325498965,365.2445245732596,367.11829495909035,4288494
2025-10-15,369.23236083984375,370.33740953561556,366.3496098118163,366.3496098118163,6135157
2025-10-16,372.451416015625,372.7877428133952,369.4725676030088,369.9530260784354,3513302
2025-10-17,373.6044921875,374.2771457712039,370.1932488019417,372.45140946168175,4093872
2025-10-20,375.33416748046875,376.679445348886,373.26820189773605,374.75761144404476,4007425
2025-10-21,375.81463623046875,377.7845043068388,375.334177741124,377.73647018784794,678084
2025-10-23,377.30401611328125,378.98562069359946,375.1900165215095,376.295065095033,4311356
2025-10-24,378.6493225097656,379.9946297355088,375.52634233902825,377.3040446088813,4070949
2025-10-27,381.1957702636719,382.63714570556897,378.21692181877944,380.04265818021076,5438773
2025-10-28,376.1029052734375,382.63715842211195,374.1330371673216,381.4360121806122,7672258
2025-10-29,367.0702819824219,383.69413380822687,365.1964821638247,377.8805978785011,26856509
2025-10-30,372.5475158691406,373.74866206510137,364.4757899723975,367.98316032448963,15154040
2025-10-31,373.46038818359375,378.7934951570495,372.59556874393763,374.7095978851946,13103909
2025-11-03,373.3642578125,375.6224184411434,372.1631116616107,375.28609165392294,14152223
2025-11-04,372.6240539550781,377.0160063914343,371.5877654617147,375.042100598809,10536699
2025-11-06,368.2814636230469,373.7590702155045,367.49191336150557,373.7590702155045,6648689
2025-11-07,371.09429931640625,371.83451400919165,366.65301115969396,367.1464876215509,4650451
2025-11-10,376.3744812011719,377.410769661959,371.1929786584139,371.1929786584139,4451727
2025-11-11,377.8055725097656,378.00297514507406,373.66038824300813,376.4732101393802,3299015
2025-11-12,381.4573059082031,382.5429601507119,377.70689683707786,379.23666182464956,4326520
2025-11-13,378.20037841796875,382.34556269171435,377.7562375474826,381.4573110701556,3480764
2025-11-14,381.90142822265625,382.29620335000783,377.31207324403294,378.20035492983845,3760163
2025-11-17,382.7897033691406,384.1220958605136,381.1118713252764,381.9507873472085,3847261
2025-11-18,378.9405822753906,382.7896926049076,377.95362936426255,382.7896926049076,4462641
2025-11-19,374.1044921875,378.8418842739987,373.5123445311739,378.10166958417824,5332643
2025-11-20,374.6966552734375,376.275785907028,372.62404819931317,376.0290476867611,3971851
2025-11-21,373.2655944824219,375.387537168837,372.6240510093606,373.068191856955,3088629
2025-11-24,367.6893005371094,373.265608664594,367.1464884755693,373.2162429466457,5543493
2025-11-25,365.221923828125,368.52822220489037,364.7778130762515,367.73867189972856,4902920
2025-11-26,372.42669677734375,372.77213632915465,366.4556134372223,366.99845562418614,4102285
2025-11-27,373.1175231933594,373.75906665909554,371.1929831543855,372.4266742509373,3330267
2025-11-28,371.2423400878906,374.25256460813864,370.0086489204316,374.0551619735799,4689402
2025-12-01,374.6966552734375,375.0420948056935,370.89688065744485,371.98253485050157,4217206
2025-12-02,374.0058288574219,374.9434160792668,371.8345203405148,374.5486409269419,3695491
2025-12-03,370.35406494140625,374.3512120222565,367.3438707318189,374.0058026128436,4650434
2025-12-04,374.1044921875,374.7953712790976,368.9229893587567,370.1073449102346,3135061
2025-12-05,374.9927673339844,375.6836162940526,371.5877677727638,373.95644871476355,3154258
2025-12-08,372.42669677734375,375.9303676557074,370.6501634192078,375.9303676557074,3911363
2025-12-09,374.40057373046875,376.2264425466461,368.47885656626806,370.2060240724933,4242651
2025-12-10,377.1640319824219,377.9042466324408,373.31492182620576,373.5616600428787,4752336
2025-12-11,378.98992919921875,380.3223216929424,375.53559390703833,377.3614628710735,2695140
2025-12-12,378.348388671875,380.71706953557634,377.26273449118355,379.53271404402,1410201
2025-12-15,379.4340515136719,379.97686355670237,375.1408004080449,378.9899106643473,1870236
2025-12-16,376.6212463378906,379.18732999494,373.4136492964322,378.989927360008,5109787
2025-12-17,379.7301330566406,380.47034774096153,375.8316570047853,375.88102272205424,3651138
2025-12-18,380.27294921875,381.45730477422296,377.85493262882767,379.3846976118517,2379619
2025-12-19,380.56903076171875,382.2961982754408,378.4964237213701,379.9768530188461,3611941
2025-12-22,381.2105712890625,381.9014503915912,379.03926278346955,380.5690579049506,3112021
2025-12-23,395.1759338378906,395.7187760027546,381.4079589997683,382.394911896526,18487395
2025-12-24,397.1004943847656,407.0193587083864,396.50831663721857,398.53155797864207,17624423
2025-12-26,396.9031066894531,403.0715623762823,395.3733417268845,398.5315729668935,5435637
2025-12-29,395.42266845703125,400.20939598654803,393.7942022161102,398.72896665490856,6105510
2025-12-30,392.8072509765625,394.9785593865093,390.3398687468102,394.78115676036435,4418163
2025-12-31,393.7942199707031,398.72898463199016,392.3631261711646,393.202042187466,4644679
2026-01-01,395.2253112792969,397.54462655995354,393.0540027942502,393.794217488778,3161157
2026-01-02,422.317138671875,423.8962693312171,395.76811176209094,396.1135512999802,35090129
2026-01-05,421.8730163574219,431.0023304055312,417.97454047289716,425.3273514026524,17258568
2026-01-06,421.47821044921875,425.6727601403841,419.15889530375046,421.4288748535578,6308113
2026-01-07,426.0182189941406,426.8077993964135,418.12259568788744,421.37955837336443,8920605
2026-01-08,419.70172119140625,428.3375590760031,417.925218017197,426.0182137345432,5991259
2026-01-09,412.8917541503906,422.76128320803394,411.7567643326441,418.17195822011223,7306605
2026-01-12,426.65972900390625,427.4986449974717,410.2269691510589,413.4345660939641,14407896
2026-01-13,423.3041076660156,430.1140768915158,420.0471750292935,428.33757365683346,7104004
2026-01-14,426.5610656738281,436.2331922783892,421.8236735683879,422.41585134649455,17125550
2026-01-15,426.5610656738281,426.5610656738281,426.5610656738281,426.5610656738281,0
2026-01-16,425.376708984375,427.9427926030589,422.41585022114265,426.5610645374331,6410141
2026-01-19,424.53778076171875,427.2025656197152,422.7612776026625,425.3766967443778,7105031
2026-01-20,409.88153076171875,425.3273678718609,408.1543631722254,424.4884518759387,6768420
2026-01-21,408.6478271484375,414.1747692899354,406.1804449530734,409.5361088342978,7312100
2026-01-22,417.678466796875,421.28083874991677,411.7073838593678,411.7073838593678,11497522
2026-01-23,412.94110107421875,420.244546753314,409.9802422757142,418.4680435219766,6520896
2026-01-27,417.38238525390625,421.37956266505523,413.4345735605718,415.50718072345495,8749844
2026-01-28,438.25640869140625,440.13164323486774,416.0993348914296,417.97453931547983,17496873
2026-01-29,449.80377197265625,455.5280865896013,436.7759819983112,440.18098145870476,16915601
2026-01-30,434.9994812011719,448.02727124520527,431.29840790677736,448.02727124520527,10191610
2026-02-02,417.97454833984375,419.94845411712754,407.61154300910385,413.5332603409552,9618062
2026-02-03,423.7975769042969,431.29842510389943,414.4708899021874,431.29842510389943,13955805
2026-02-04,429.2257995605469,435.6409932517375,422.85997158478153,425.8701658074987,11476290
2026-02-05,426.2156066894531,432.0879582460571,422.1197582667403,431.2984079908636,5252658
2026-02-06,427.1531982421875,428.534956382093,421.4782191313575,424.9325542422975,4738027
2026-02-09,426.06756591796875,429.12709571865844,424.1923313699185,428.3375454706246,4512635
2026-02-10,425.3273620605469,428.09081811821375,423.10671804725354,426.3636505523189,5103221
2026-02-11,417.7278137207031,422.3665043850948,414.81629062633203,420.63933681507416,5715603
2026-02-12,413.6813049316406,420.39260277066865,410.72044621073746,418.2212943275747,5987886
2026-02-13,403.6144104003906,412.1515471708599,402.7754943909359,406.9206786009387,8190851
2026-02-16,416.98760986328125,418.3200023328808,401.29506441538587,402.676792483358,9719418
2026-02-17,416.04998779296875,419.06021224467617,413.0397934606739,416.7408668787803,4564907
2026-02-18,418.0,418.79998779296875,413.1000061035156,418.45001220703125,4872345
2026-02-19,416.1499938964844,419.8500061035156,414.6000061035156,418.0,3824366
2026-02-20,423.54998779296875,425.5,415.04998779296875,416.0,8843227
2026-02-23,426.0,427.5,418.95001220703125,426.0,6515765
2026-02-24,430.95001220703125,432.0,422.1000061035156,424.0,8950772
2026-02-25,438.6000061035156,439.6499938964844,428.54998779296875,430.95001220703125,8935314
2026-02-26,433.5,439.54998779296875,429.5,438.75,8650353
2026-02-27,430.6499938964844,434.3999938964844,425.45001220703125,432.79998779296875,8147373
2026-03-02,426.25,429.6000061035156,416.0,417.8999938964844,7498197
2026-03-04,435.1499938964844,437.8999938964844,426.0,426.0,18921256
2026-03-05,449.3999938964844,458.5,440.0,440.1499938964844,30106255
2026-03-06,440.45001220703125,451.6000061035156,438.6000061035156,451.1499938964844,10553695
2026-03-09,437.6499938964844,447.20001220703125,434.79998779296875,439.0,15824576
2026-03-10,443.54998779296875,444.8999938964844,433.75,444.79998779296875,10860312
2026-03-11,446.75,453.8999938964844,445.1499938964844,447.0,9975869
2026-03-12,470.1000061035156,474.0,445.0,446.75,27328045
2026-03-13,467.0,476.0,462.29998779296875,473.0,20216953
2026-03-16,460.29998779296875,470.79998779296875,456.0,467.0,12312203
2026-03-17,462.25,465.5,458.0,460.29998779296875,9193238
2026-03-18,455.20001220703125,462.8500061035156,449.20001220703125,462.25,9539041
2026-03-19,454.20001220703125,460.0,450.6499938964844,450.8999938964844,10192726
2026-03-20,468.1499938964844,472.3999938964844,456.20001220703125,456.70001220703125,23878653
2026-03-23,455.25,466.0,450.6499938964844,466.0,10163783
2026-03-24,442.1000061035156,463.0,439.0,463.0,20320746
2026-03-25,443.70001220703125,446.3999938964844,438.79998779296875,443.54998779296875,8630612
2026-03-27,445.04998779296875,448.5,441.04998779296875,446.0,17184280
2026-03-30,450.45001220703125,459.8999938964844,443.1000061035156,445.04998779296875,19114688
2026-04-01,449.3999938964844,464.8500061035156,446.79998779296875,464.0,14960312
2026-04-02,449.3500061035156,453.29998779296875,440.5,448.3999938964844,6701003
2026-04-06,459.54998779296875,461.45001220703125,447.3999938964844,449.29998779296875,12403745
2026-04-07,463.0,463.79998779296875,455.29998779296875,458.04998779296875,11316785
2026-04-08,449.25,464.0,447.0,464.0,20653569
2026-04-09,454.1000061035156,456.20001220703125,447.8500061035156,449.25,9468415
2026-04-10,434.1000061035156,459.6000061035156,427.5,455.0,29605732
2026-04-13,435.1000061035156,439.5,431.5,435.0,18702296
2026-04-15,435.79998779296875,439.0,431.3999938964844,439.0,10149319
2026-04-16,432.75,436.95001220703125,430.5,436.5,11776638
2026-04-17,438.75,440.1499938964844,430.5,432.79998779296875,10733309
2026-04-20,441.75,443.70001220703125,433.29998779296875,438.6000061035156,8090840
2026-04-21,443.1499938964844,445.29998779296875,441.8999938964844,442.29998779296875,5336558
2026-04-22,444.1499938964844,447.75,442.5,443.79998779296875,6991939
2026-04-23,450.6499938964844,451.5,442.6499938964844,444.25,8989280
2026-04-24,456.0,462.0,451.04998779296875,452.75,16441909
2026-04-27,452.5,460.6499938964844,450.6499938964844,458.5,6922067
2026-04-28,467.0,473.8999938964844,456.20001220703125,456.20001220703125,26732373
2026-04-29,479.8999938964844,485.70001220703125,464.04998779296875,469.8500061035156,18063862
2026-04-30,481.45001220703125,491.25,478.3999938964844,484.45001220703125,16935052
2026-05-01,481.45001220703125,481.45001220703125,481.45001220703125,481.45001220703125,0
2026-05-04,479.95001220703125,487.0,475.6000061035156,481.6000061035156,7757497
2026-05-05,472.6000061035156,480.0,471.20001220703125,479.95001220703125,6946902
2026-05-06,470.20001220703125,477.5,468.04998779296875,473.8500061035156,8596697
2026-05-07,466.6499938964844,472.8500061035156,456.1000061035156,470.20001220703125,24264105
2026-05-08,456.3999938964844,463.3500061035156,454.8999938964844,461.20001220703125,15767759
2026-05-11,464.45001220703125,465.75,452.8500061035156,456.0,6258261
2026-05-12,463.04998779296875,469.0,461.6499938964844,465.0,6464174
2026-05-13,462.25,473.6000061035156,459.5,463.25,12091924
2026-05-14,454.04998779296875,469.79998779296875,451.45001220703125,464.0,11408675
2026-05-15,462.20001220703125,468.5,455.25,457.0,7859575
2026-05-18,462.1000061035156,468.5,457.04998779296875,462.0,7735499
2026-05-19,456.95001220703125,463.25,454.0,462.1000061035156,7319865
2026-05-20,458.70001220703125,460.04998779296875,452.70001220703125,456.0,3756072
2026-05-21,460.20001220703125,465.25,457.25,458.70001220703125,7425043
2026-05-22,456.54998779296875,462.8500061035156,456.0,460.0,9201635
2026-05-25,458.0,462.54998779296875,456.0,460.0,8441223
2026-05-26,458.1499938964844,475.6499938964844,455.0,458.0,17073323
2026-05-27,463.04998779296875,468.29998779296875,428.3999938964844,429.0,117042535
2026-05-28,463.04998779296875,463.04998779296875,463.04998779296875,463.04998779296875,0
2026-05-29,457.8999938964844,474.0,455.8999938964844,458.8999938964844,97895486
