Price,Close,High,Low,Open,Volume
Ticker,BAJAJHLDNG.NS,BAJAJHLDNG.NS,BAJAJHLDNG.NS,BAJAJHLDNG.NS,BAJAJHLDNG.NS
2020-01-01,3071.707275390625,3135.7486901658913,3054.696354404245,3101.544735062916,12825
2020-01-02,3160.401123046875,3169.6797879457517,3076.119602255706,3079.257944812637,25577
2020-01-03,3154.3515625,3175.6834507432714,3133.8382949901375,3175.6834507432714,17829
2020-01-06,3138.43212890625,3150.8946631633585,3122.9676152220127,3147.483373380071,17488
2020-01-07,3089.85546875,3166.4504789618636,3074.754958058477,3138.4323722845515,31735
2020-01-08,3110.959716796875,3133.8380099496662,3001.9348135947457,3001.9348135947457,39466
2020-01-09,3109.64111328125,3137.4773303596135,3089.264428501376,3137.4318020720943,74890
2020-01-10,3080.5771484375,3124.7420329424936,3070.1613860788693,3118.328762518174,20996
2020-01-13,3089.218505859375,3111.050760517616,3056.515652153721,3092.902743250789,86638
2020-01-14,3101.86328125,3112.7338807459273,3083.8060977123805,3094.4948061631535,16111
2020-01-15,3102.135986328125,3116.5544605108803,3068.341563135785,3101.089946258491,46709
2020-01-16,3089.218505859375,3111.9604377950427,3076.0737136183952,3111.0962887993232,7275
2020-01-17,3080.531005859375,3111.0507225625333,3071.0249228440766,3108.0034369738387,45682
2020-01-20,3070.84326171875,3097.451323750972,3059.2904039892646,3095.1771304148847,21918
2020-01-21,3065.83984375,3077.438229035309,3058.3350062124473,3077.438229035309,44703
2020-01-22,3050.33056640625,3083.7612147265963,3035.8667829074266,3070.1615804399758,25284
2020-01-23,3044.144287109375,3068.250737612167,3032.0002273737546,3050.33013769397,41158
2020-01-24,3037.3671875,3056.4248838415842,3027.4062647905994,3044.007876669334,13340
2020-01-27,3004.30029296875,3068.1140657330097,2992.8382703318066,3029.2253617644124,20718
2020-01-28,2969.687255859375,3054.878451381877,2965.5481794732523,3009.212692545251,21040
2020-01-29,3108.640380859375,3118.373883861993,2965.5480925875427,2982.8319618388196,119568
2020-01-30,3087.308837890625,3168.224600956447,3053.3322970086774,3124.741975338837,48165
2020-01-31,3142.298583984375,3183.870795380503,3047.4191898641957,3087.308631379143,80743
2020-02-03,3275.56591796875,3297.9438452821614,3184.7800831209047,3207.203538715092,106272
2020-02-04,3391.595947265625,3429.4839235267254,3274.838759866369,3292.1226310989973,581865
2020-02-05,3516.357421875,3593.2251497623206,3393.278045112142,3424.8893296575197,252064
2020-02-06,3442.173583984375,3556.7474024604053,3421.342061384805,3522.27071953207,50109
2020-02-07,3441.309326171875,3497.7093204152416,3430.393198253804,3444.0383581513925,19035
2020-02-10,3420.38671875,3450.4060702709444,3411.2899455618353,3444.0838573230076,37538
2020-02-11,3483.927734375,3520.405661250769,3411.335440622583,3411.335440622583,49094
2020-02-12,3462.64111328125,3517.7221181999944,3434.0318066214063,3483.9276953493145,30355
2020-02-13,3552.19921875,3571.393500878741,3412.199954609312,3470.4193086735604,155572
2020-02-14,3417.248291015625,3583.901127240057,3389.4576052024754,3553.2450467799217,114918
2020-02-17,3382.40771484375,3429.4835164286796,3347.6125571505413,3425.8448071274292,32564
2020-02-18,3365.351318359375,3392.186799881635,3347.885557854251,3382.4077684794556,17582
2020-02-19,3424.025146484375,3461.776752111129,3334.4674662286207,3382.134464979504,65449
2020-02-20,3347.885498046875,3429.483509545817,3329.4190039622517,3420.3867363109475,42410
2020-02-24,3361.348876953125,3402.19330127987,3329.601004070016,3358.165006216633,22169
2020-02-25,3313.272216796875,3411.2899479685034,3297.58028303622,3378.041197524466,34366
2020-02-26,3168.406005859375,3318.502758936262,3152.0318146146237,3318.502758936262,53905
2020-02-27,3144.072021484375,3205.3841798090807,3106.820782204623,3170.22524263958,27827
2020-02-28,3080.758544921875,3120.1931447856714,3048.146746909915,3100.998864884406,21849
2020-03-02,3087.35400390625,3147.483768197969,3070.2522466521464,3147.483768197969,14706
2020-03-03,3100.609619140625,3164.6781320916625,3083.7639383507058,3139.7319974629845,17842
2020-03-04,3059.5537109375,3135.313082572008,3053.4322999521255,3115.88988461981,21675
2020-03-05,3077.412353515625,3127.9030991908276,3036.3107088255274,3068.7592692313247,51392
2020-03-06,2905.871826171875,3074.5122242605466,2873.6073296499467,2968.7438266837344,52501
2020-03-09,2653.69384765625,2897.8174312914125,2622.6721494543667,2897.8174312914125,90244
2020-03-11,2798.078369140625,2837.7531523670796,2669.619072031173,2693.276558837975,121794
2020-03-12,2679.284912109375,2770.094774702147,2614.2956418224135,2629.0240679735257,226971
2020-03-13,2719.649658203125,2830.619180283449,2278.211100115725,2485.513861824714,53783
2020-03-16,2523.116943359375,2691.527213452476,2416.3819457873215,2660.321456504899,77837
2020-03-17,2445.93115234375,2557.9131157197667,2439.1191211244495,2533.2890308450915,362881
2020-03-18,2337.26318359375,2559.0179587464672,2298.232719659945,2476.216633370029,171989
2020-03-19,2117.763427734375,2273.3782580551892,1969.9267769172827,2154.2161435299035,407407
2020-03-20,2100.089111328125,2226.983781914373,2035.1000739054414,2118.6839268091376,93449
2020-03-23,1680.098876953125,2024.1455261444019,1680.098876953125,1933.1055499036258,119719
2020-03-24,1404.677490234375,1781.6331248600268,1344.106908673172,1751.301818987308,436901
2020-03-25,1467.779541015625,1545.1037689524783,1394.1374191710029,1403.8029476631095,152056
2020-03-26,1614.5574951171875,1614.5574951171875,1477.445110638251,1500.4582743553576,63137
2020-03-27,1749.0003662109375,1775.9718378585108,1656.9477153577304,1753.6029987535978,79150
2020-03-30,1694.87353515625,1748.0800177151796,1629.3320860220472,1666.153150112941,52133
2020-03-31,1655.6131591796875,1753.6031706720134,1638.3992443611578,1724.1463195111187,43449
2020-04-01,1615.1099853515625,1674.4378795673135,1588.3686427671246,1674.4378795673135,30051
2020-04-03,1771.6451416015625,1776.616006788647,1564.89492825943,1638.537042530462,47262
2020-04-07,1821.6300048828125,1860.1079470954217,1778.5953888448005,1822.642561609914,26401
2020-04-08,1863.8360595703125,1909.0340013113387,1772.0135397816282,1866.7816994680802,25453
2020-04-09,1919.666015625,1943.1394431164954,1869.5894602049825,1891.4519662019636,29635
2020-04-13,1947.7420654296875,1979.1321111340083,1883.3973485489214,1923.9005173349196,35584
2020-04-15,1922.51953125,1983.6884701911245,1758.2055564699544,1983.6884701911245,34275
2020-04-16,1905.58203125,1923.9004190288392,1873.2714606333434,1900.8872561217956,17477
2020-04-17,1942.4027099609375,1979.0855495789594,1905.489514021222,1979.0855495789594,50515
2020-04-20,1946.63720703125,1976.3702558275631,1915.2932369737825,1976.3702558275631,15436
2020-04-21,1818.54638671875,1938.6290378730312,1772.013721702557,1915.6158726561148,42784
2020-04-22,1797.281982421875,1828.1656925174764,1758.6659393527887,1828.1656925174764,21968
2020-04-23,1778.6414794921875,1845.6558619717168,1772.059804094049,1822.6426966104734,29297
2020-04-24,1732.1549072265625,1771.369431390019,1726.033495058735,1758.2058556904021,22447
2020-04-27,1746.653076171875,1781.1728221688604,1725.9872998492658,1776.5242304626452,20249
2020-04-28,1784.21044921875,1789.5034764768477,1698.3713549896008,1762.808208566442,48507
2020-04-29,1843.676513671875,1919.2517183082307,1785.7753732294073,1789.4574793005472,76668
2020-04-30,1875.8489990234375,1911.9335938833779,1865.2629439778627,1875.1125328552914,44807
2020-05-04,1742.1884765625,1841.0530476976562,1729.8074397643175,1841.0530476976562,52291
2020-05-05,1740.485595703125,1822.5505611132837,1738.3223807579561,1822.5505611132837,23984
2020-05-06,1747.25146484375,1776.6162849812224,1728.2425686472302,1752.6825940954652,19646
2020-05-07,1746.975341796875,1766.6745201873894,1739.2888551640644,1744.3978224941527,8007
2020-05-08,1727.7822265625,1784.8548714564104,1724.146191714424,1756.364620283567,20724
2020-05-11,1753.188720703125,1784.2104175701256,1734.041725318057,1744.3515767598917,20122
2020-05-12,1767.7791748046875,1772.4738376448338,1725.9872477715207,1739.7951457536929,20852
2020-05-13,1777.12255859375,1859.463612734844,1767.4109586390596,1827.3372139816229,44225
2020-05-14,1751.3936767578125,1812.4705868731187,1730.5898005652343,1774.7750720690276,29744
2020-05-15,1772.243896484375,1778.4574512441566,1736.803621187843,1760.0469186225814,13893
2020-05-18,1709.739990234375,1781.1728290878245,1703.2963042899073,1781.1268701810288,79811
2020-05-19,1738.5064697265625,1755.858373218022,1712.1794321151444,1725.9873307612345,123108
2020-05-20,1752.406494140625,1766.2143935398597,1716.7821586381885,1723.225845024498,19525
2020-05-21,1757.5614013671875,1864.0662791335533,1731.5104548396118,1799.629420101776,77297
2020-05-22,1835.11572265625,1848.6474178016235,1730.5898894395878,1772.0135836017057,194719
2020-05-26,1833.781005859375,1850.2584543695946,1810.6758108184042,1841.0531884274571,15860
2020-05-27,1844.4588623046875,1869.0369867324166,1795.0266352956658,1833.6887474404955,15851
2020-05-28,1835.2998046875,1859.4175552924223,1818.9604584639496,1841.0991668862607,29663
2020-05-29,1841.6055908203125,1849.246006951718,1809.8474214418027,1825.3582729978014,41290
2020-06-01,1901.807861328125,1974.5294591233437,1850.810667742242,1850.810667742242,46027
2020-06-02,2014.2960205078125,2029.7609104876822,1852.099297914384,1918.3772051956144,77370
2020-06-03,2096.63671875,2181.6474157526422,2034.3171307665818,2071.184255461369,90820
2020-06-04,2063.452392578125,2163.2373801324693,2025.1583984218864,2125.173517612415,36981
2020-06-05,2246.130859375,2295.60916157187,2055.121599731268,2098.8005396998033,103625
2020-06-08,2301.45458984375,2377.8124544467582,2288.429227778725,2337.217139714474,116655
2020-06-09,2304.446044921875,2346.3760736678605,2302.2368711262397,2324.3295080342887,105811
2020-06-10,2272.73388671875,2330.036662087319,2246.8211553026686,2298.554700326388,62721
2020-06-11,2224.590087890625,2287.001824251473,2211.104465703123,2285.6671058871166,33512
2020-06-12,2162.684814453125,2190.3927512968216,2038.9661458804205,2072.1050990414565,81026
2020-06-15,2134.287109375,2195.4560603219134,2098.800762068747,2195.4560603219134,39449
2020-06-16,2133.227783203125,2190.852825569133,2102.2982310966477,2189.932299171835,93404
2020-06-17,2162.363037109375,2185.192141551487,2103.4032639108086,2139.303801019133,56419
2020-06-18,2212.11767578125,2227.674486223748,2163.0535605379055,2180.727627216553,51687
2020-06-19,2326.400390625,2365.706823738431,2220.9079731937354,2271.260948064549,102066
2020-06-22,2521.41455078125,2554.461366492224,2365.2470751005,2373.715875043624,73903
2020-06-23,2686.970947265625,2747.67962872187,2540.7454386019613,2577.474358312746,158949
2020-06-24,2613.14453125,2766.182057738881,2591.282027465874,2761.5794253632757,88119
2020-06-25,2469.496337890625,2660.3215217513766,2439.3951670038573,2595.88466828335,115607
2020-06-26,2490.070556640625,2600.48767879811,2470.2331632052137,2477.413315726121,69325
2020-06-29,2414.21875,2549.85842049439,2397.971547071439,2506.5936747314886,64120
2020-06-30,2340.898681640625,2443.8135801499116,2324.559337716472,2430.1897442120526,59150
2020-07-01,2365.89111328125,2392.9547274436454,2332.6141699313425,2381.402074827302,56481
2020-07-02,2380.803955078125,2429.269588500324,2366.489722142218,2402.574318297024,50667
2020-07-03,2344.120849609375,2409.892426379673,2334.4553208754664,2386.8792627275097,64130
2020-07-06,2443.491455078125,2457.759615431644,2361.150406888786,2361.150406888786,98296
2020-07-07,2626.17041015625,2658.4809857157748,2455.9651211529385,2470.6935476665994,182357
2020-07-08,2577.336669921875,2667.6402008114155,2542.770848743414,2655.259162129041,103002
2020-07-09,2551.837890625,2613.37518774121,2526.9836708049884,2594.9646545412015,82881
2020-07-10,2515.56884765625,2600.4874191305116,2492.187563942244,2548.0174074878782,88996
2020-07-13,2506.82421875,2545.256206680896,2468.116027874405,2545.256206680896,128517
2020-07-14,2427.65869140625,2500.1501586347044,2402.574342428785,2500.1501586347044,58959
2020-07-15,2399.122314453125,2471.5677087947333,2393.369023531175,2462.3624433196132,82215
2020-07-16,2384.439697265625,2420.9845522126616,2349.275631987151,2420.9845522126616,120716
2020-07-17,2429.085693359375,2437.554493328183,2392.4026176034995,2395.6705320568717,24481
2020-07-20,2500.196044921875,2526.845242145554,2432.8593966135713,2448.6004896565296,63512
2020-07-21,2485.789794921875,2565.5074837006023,2441.2363999906697,2538.8122138666167,57334
2020-07-22,2448.73876953125,2551.1473548032045,2413.6207692859766,2490.0244778484234,78711
2020-07-23,2459.693115234375,2476.2165225469057,2440.5000459729913,2453.2033578392206,31608
2020-07-24,2462.31640625,2471.5677431285962,2440.3159113540137,2453.203283198207,24151
2020-07-27,2468.8984375,2481.1414863516716,2454.216083028781,2475.9403761661947,29928
2020-07-28,2504.98291015625,2526.753273481177,2467.333463615817,2475.0197255759267,61778
2020-07-29,2483.44287109375,2531.448245193791,2454.077936606733,2512.1171858668567,145859
2020-07-30,2439.072998046875,2502.911601952867,2418.499365216347,2502.911601952867,48288
2020-07-31,2445.0107421875,2463.3291312579586,2395.716498817318,2446.7596527965825,73788
2020-08-03,2394.703857421875,2439.395468403804,2378.6407133416715,2439.395468403804,24981
2020-08-04,2387.662109375,2439.1194600694903,2342.8325057230018,2393.3693297522027,60024
2020-08-05,2425.26513671875,2452.282680317872,2388.720278359796,2388.766349633963,32782
2020-08-06,2448.968505859375,2484.500917133324,2439.4872631056187,2476.216178988011,29485
2020-08-07,2486.388427734375,2501.2087712103635,2448.968886453269,2460.4754689988845,26300
2020-08-10,2492.785888671875,2543.368777469681,2485.42167629766,2515.7990523412977,33606
2020-08-11,2509.032958984375,2533.28892209803,2499.0914525978683,2501.991021170947,17508
2020-08-12,2469.864990234375,2521.322336860001,2462.5466240336427,2521.322336860001,17703
2020-08-13,2473.316650390625,2516.35126311674,2458.3120238936167,2484.8232313334365,16766
2020-08-14,2392.310302734375,2492.2332711071585,2349.4597506749305,2473.3624785015045,55479
2020-08-17,2405.106201171875,2455.2749076933055,2393.3694854260357,2410.813421920297,30566
2020-08-18,2420.110107421875,2434.7924593463454,2415.46140390352,2429.269300648395,11573
2020-08-19,2423.515869140625,2443.030983788824,2417.3944585022,2430.1896855118225,11869
2020-08-20,2406.9921875,2420.9380708952285,2394.7952141602345,2410.8583529695607,9683
2020-08-21,2438.198486328125,2478.9778550705937,2416.4281245811003,2429.913747859638,172465
2020-08-24,2455.412353515625,2487.446721410909,2439.395281936943,2467.011077581512,64087
2020-08-25,2456.05712890625,2473.3170027795895,2416.4284135454736,2459.4169611250836,82904
2020-08-26,2539.042236328125,2577.336228890291,2459.646825149551,2471.6136697329885,199877
2020-08-27,2625.019287109375,2640.0239139113837,2540.653123816924,2577.474183582387,125650
2020-08-28,2561.04248046875,2651.116080242997,2545.2555423166277,2651.116080242997,53007
2020-08-31,2465.906494140625,2591.4201506773975,2448.6926931124326,2568.268998524931,45523
2020-09-01,2438.4287109375,2510.920175301097,2423.746357706045,2449.705160949615,37017
2020-09-02,2440.68408203125,2457.6219059301493,2430.190168924251,2438.4288368599487,17923
2020-09-03,2438.152587890625,2463.236936698381,2434.7927558354004,2440.7761784867917,14692
2020-09-04,2384.6240234375,2437.370239604143,2379.5611274217094,2428.3490344829665,29477
2020-09-07,2287.55419921875,2420.9844573482146,2275.541284625394,2384.1634009626905,67357
2020-09-08,2260.81298828125,2324.329314092083,2243.276914251113,2296.7135202612862,69747
2020-09-09,2241.528076171875,2254.139244147137,2195.547822908064,2247.005163844068,55969
2020-09-10,2275.587890625,2305.919198002433,2248.386283880616,2248.386283880616,21649
2020-09-11,2265.5537109375,2295.424975723473,2258.3277127381607,2282.9057253987007,10273
2020-09-14,2274.2529296875,2299.7514695623263,2261.6876077391184,2270.938944291946,17060
2020-09-15,2300.718017578125,2317.011291821527,2265.0476153944714,2274.2987270091885,20256
2020-09-16,2318.070068359375,2330.773380546911,2301.316528976018,2310.4757238137545,15916
2020-09-17,2289.073486328125,2328.932333666126,2279.546170714984,2328.932333666126,10281
2020-09-18,2381.862548828125,2411.8257342450283,2283.32013253675,2298.508821253915,78724
2020-09-21,2316.4130859375,2407.1771001440356,2292.1112731773037,2400.733413833899,20393
2020-09-22,2213.176025390625,2310.1535902883575,2202.3598380979806,2282.951984957993,55015
2020-09-23,2296.4833984375,2336.296168046648,2210.1840423483063,2299.84323013941,25531
2020-09-24,2234.2099609375,2264.4951929315403,2213.91230663864,2232.322836662474,19180
2020-09-25,2247.0048828125,2300.395412596656,2200.4722295789043,2264.4488126823326,32098
2020-09-28,2294.504638671875,2319.726977018891,2269.1440864953715,2270.93906837524,16278
2020-09-29,2240.97607421875,2309.6013814160688,2218.745445356977,2301.316641506645,29069
2020-09-30,2222.105224609375,2252.022340233394,2210.184449639086,2240.976020618372,15996
2020-10-01,2254.829833984375,2291.1906335117815,2231.034132246583,2244.2437784257627,38863
2020-10-05,2234.808349609375,2281.9392643981705,2229.929513907828,2274.6211232148144,18383
2020-10-06,2266.06005859375,2277.382579583726,2245.16415182082,2245.16415182082,21171
2020-10-07,2234.1181640625,2275.54186302534,2227.858537938303,2275.54186302534,10798
2020-10-08,2209.7705078125,2257.131563576992,2203.74101272566,2237.84657334639,27881
2020-10-09,2208.06689453125,2236.8794192410746,2180.7273021325536,2211.1507482348356,38741
2020-10-12,2208.06689453125,2231.7243808900434,2186.2504611924082,2231.7243808900434,55773
2020-10-13,2209.539794921875,2227.3518477898306,2200.1043983309337,2208.0668626320257,126903
2020-10-14,2213.866455078125,2227.674353966346,2196.8367131159857,2211.1048753004807,106144
2020-10-15,2187.72314453125,2227.673900622463,2155.320435277337,2224.8662501389763,85192
2020-10-16,2166.96533203125,2207.1462216315126,2158.63452272093,2187.7232484020105,70672
2020-10-19,2175.802734375,2199.046032372936,2167.8402687184125,2199.046032372936,10034
2020-10-20,2163.237548828125,2187.539361609144,2154.9528092794217,2176.1249214594413,54248
2020-10-21,2162.270751953125,2190.761003165134,2146.3455980051863,2173.961393959558,85551
2020-10-22,2118.86767578125,2163.237002545456,2108.0054195017424,2161.3959497773326,57494
2020-10-23,2081.908935546875,2146.6680730134485,2069.343837107304,2120.0188723719552,105479
2020-10-26,2114.357421875,2122.227969119437,2073.163857221896,2089.5953466490905,33730
2020-10-27,2085.1767578125,2129.177973152075,2036.8030412310432,2129.177973152075,155124
2020-10-28,2098.33984375,2124.0685106395863,2065.8912894652062,2094.1974751178986,28429
2020-10-29,2088.7666015625,2099.628633590822,2051.255149731182,2077.444081583627,21346
2020-10-30,2123.378662109375,2141.6051337269796,2100.6417000494166,2100.6417000494166,36813
2020-11-02,2131.018798828125,2146.299628274281,2117.2109016434933,2141.1445900968547,22179
2020-11-03,2117.855224609375,2159.002713259914,2116.4283636198,2146.6677483404287,19282
2020-11-04,2120.38720703125,2137.693154141774,2117.211434826603,2135.621969042487,13198
2020-11-05,2180.7734375,2188.0915785218085,2122.8263369415067,2142.43337238992,35250
2020-11-06,2234.025634765625,2254.3693599630283,2182.844497083282,2200.0582973914406,63881
2020-11-09,2251.515869140625,2268.1314188351744,2219.803773449272,2250.6874851148973,27786
2020-11-10,2322.718505859375,2336.2962718205067,2252.942551769162,2252.942551769162,64546
2020-11-11,2439.30322265625,2513.9580159922757,2338.137444386811,2346.4221833629845,219229
2020-11-12,2465.26220703125,2511.8407149303966,2449.52111336362,2457.8058521912308,114187
2020-11-13,2477.367431640625,2499.2299403267243,2422.1819020310945,2467.011506473525,83069
2020-11-14,2491.95751953125,2515.2466615132075,2484.5011645627337,2502.91169560803,20783
2020-11-17,2497.3427734375,2555.3820246731466,2442.1572447614762,2499.2298980502856,126745
2020-11-18,2532.322509765625,2545.2559529551713,2476.4005209258326,2497.34250028559,109959
2020-11-19,2650.05810546875,2760.659287112961,2532.368689178978,2549.8586946658556,371158
2020-11-20,2769.680419921875,2785.6055747096157,2626.262333754867,2662.16287038874,210940
2020-11-23,2988.857421875,3018.406412607218,2786.801853845941,2853.6321680641586,467403
2020-11-24,2847.096435546875,3082.705382412416,2830.6191004346365,3033.1349385145127,398332
2020-11-25,2696.360107421875,2898.5538879777787,2653.8778993445294,2876.5073232516534,277210
2020-11-26,2766.734619140625,2830.6190702121967,2706.3479890809294,2715.553254349912,187516
2020-11-27,2820.262939453125,2843.5062325485774,2767.1025364328334,2776.307801025092,120914
2020-12-01,2848.38525390625,2867.900371169804,2816.8111493434762,2867.900371169804,79083
2020-12-02,2857.820556640625,2894.319342037734,2826.016321495109,2848.38516012749,105288
2020-12-03,2892.89306640625,2899.6590273652855,2858.465458643191,2867.4405937278934,55733
2020-12-04,2888.658447265625,2922.671859071644,2872.9634243031815,2912.776198446441,43515
2020-12-07,2864.8173828125,2944.7652250668884,2858.1435635309326,2903.341519181296,69105
2020-12-08,2830.527099609375,2884.8381679955887,2781.8313332735206,2876.2313792890095,465231
2020-12-09,2825.970703125,2855.2434951169093,2813.911939028128,2855.2434951169093,35053
2020-12-10,2806.455322265625,2825.049913647606,2792.6474240010953,2816.811245964022,28149
2020-12-11,2818.88232421875,2872.0427305290227,2784.8228431195275,2788.4128066375215,40231
2020-12-14,2816.21337890625,2866.5200719043137,2807.6063645819386,2844.427431658423,46828
2020-12-15,2870.984619140625,2891.7883864928776,2784.8232351988017,2784.8232351988017,92851
2020-12-16,2898.69189453125,2918.8974063792843,2858.234799562323,2895.0558597821273,58222
2020-12-17,2875.172607421875,2911.6255495978176,2858.2350083785086,2897.771579730393,37227
2020-12-18,2836.970458984375,2880.3273459372713,2811.1037998287707,2856.3936575402213,37569
2020-12-21,2826.52294921875,2859.4778458941732,2771.797688713268,2771.797688713268,117274
2020-12-22,2776.216064453125,2935.5593077412145,2623.6848528021806,2826.937169668633,85287
2020-12-23,2824.543212890625,2842.125357629745,2770.7845591791197,2789.195087811539,34336
2020-12-24,2828.82470703125,2863.7125801347015,2809.4936457391273,2835.268394128624,25067
2020-12-28,2846.406005859375,2877.2436444628634,2835.2216984699944,2862.8374942343125,39148
2020-12-29,2822.61083984375,2896.897293656269,2769.772476638774,2896.897293656269,37495
2020-12-30,2858.235107421875,2876.6456395147693,2805.581030583785,2841.1592939581274,24651
2020-12-31,2832.0458984375,2876.6453632009843,2823.162682713184,2871.122204103638,33283
2021-01-01,2871.260009765625,2887.5535078522785,2827.1208110799294,2845.991603457034,38786
2021-01-04,2892.84716796875,2901.960291996094,2872.365449809539,2890.407637480049,37409
2021-01-05,2863.6201171875,2892.5245610554416,2807.605986544386,2892.5245610554416,30128
2021-01-06,2861.68701171875,2887.69188765958,2823.2550269212406,2823.2550269212406,31359
2021-01-07,2879.452880859375,2890.4531272719523,2867.3478228880863,2881.201791264153,17953
2021-01-08,2882.444580078125,2899.6583801172715,2875.7246919004306,2899.6583801172715,44992
2021-01-11,2890.775146484375,2899.658136276543,2875.7244500723555,2885.850240389512,28259
2021-01-12,2934.31640625,2982.506061678778,2891.511921105536,2899.65867107659,121286
2021-01-13,2947.20361328125,2982.459823590961,2928.2409020023338,2945.684834433662,86799
2021-01-14,2955.0283203125,2998.569272632896,2928.195060315129,2964.09559704958,47498
2021-01-15,2946.651123046875,2973.2542465214146,2932.1067607553096,2966.856632890468,33029
2021-01-18,2928.562744140625,2952.9566949490577,2872.08858154573,2952.9566949490577,38525
2021-01-19,2978.593505859375,2991.7110079712493,2898.8299776497042,2923.7761099811205,75122
2021-01-20,2989.134033203125,3013.5740602198516,2948.8609930703665,2989.8244281768293,53395
2021-01-21,2988.213623046875,3019.3274693555077,2945.685335956593,3003.6324447272727,182612
2021-01-22,3022.502685546875,3037.369323335454,2964.1413954565533,3019.3269140756893,219062
2021-01-25,3038.013671875,3065.353264148198,3004.6445860415547,3065.353264148198,92348
2021-01-27,2973.62255859375,3036.1262115204654,2953.0487035723954,3028.5318686886476,104247
2021-01-28,2973.57666015625,2981.4930528467994,2933.4416167202103,2945.6846635506736,63416
2021-01-29,2988.581787109375,3011.364820746426,2969.618849015278,2987.108854635641,38051
2021-02-01,3038.565673828125,3092.784816663627,2936.5254515232023,2988.9493879879765,65297
2021-02-02,3090.57568359375,3174.8960036823973,3054.169039102952,3055.2275547178538,56087
2021-02-03,3119.250244140625,3130.6646833124582,3060.750737724649,3093.8896930804644,45568
2021-02-04,3147.740478515625,3157.406007108815,3100.3794333565775,3117.8233662033695,137076
2021-02-05,3182.905029296875,3249.367010077499,3143.414524957426,3148.2012187049413,54438
2021-02-08,3238.964599609375,3284.6686499709344,3203.4782584503782,3217.2400845367943,51521
2021-02-09,3250.701171875,3277.994691245616,3223.085378351448,3268.7894267377656,37267
2021-02-10,3242.416748046875,3276.153955842525,3222.441142338642,3244.856053482692,28033
2021-02-11,3271.228759765625,3286.279457259159,3212.6373405698782,3241.1275895164626,18298
2021-02-12,3262.898681640625,3304.690499454427,3246.7894661140363,3268.329698694413,38824
2021-02-15,3278.224853515625,3312.514464128038,3260.090527213151,3262.3457720910847,27831
2021-02-16,3331.339599609375,3351.545112958539,3268.145540207422,3277.9951296003924,29612
2021-02-17,3313.895263671875,3333.6865826076933,3298.2923850863344,3330.464739990234,26436
2021-02-18,3299.25927734375,3322.1342271270087,3269.8943457376204,3313.941630777852,52328
2021-02-19,3324.02099609375,3356.147279160005,3231.0938963291555,3299.258924594582,32639
2021-02-22,3314.861572265625,3337.4144686206578,3288.534427849901,3324.9412911991744,32256
2021-02-23,3361.302734375,3381.1861979693367,3288.535064847832,3314.816143087601,38894
2021-02-24,3343.260498046875,3380.1737049266812,3283.61055363264,3360.842646156676,7281
2021-02-25,3422.70166015625,3458.5561231463225,3351.637057792227,3351.637057792227,51595
2021-02-26,3341.6953125,3428.961271139951,3255.534165469275,3313.8954566721673,65117
2021-03-01,3308.464599609375,3399.780789425332,3277.9950805743515,3399.780789425332,76867
2021-03-02,3391.357666015625,3401.8057318427136,3309.2928172032352,3312.054396744712,23336
2021-03-03,3373.223388671875,3428.8233257743436,3359.9218252973915,3409.6302577812435,104592
2021-03-04,3350.302490234375,3384.4080442690392,3324.2515436089398,3332.3061510181687,24759
2021-03-05,3305.93359375,3372.809767392219,3274.865818190642,3350.7171269944533,38966
2021-03-08,3303.401611328125,3327.61127939313,3277.166605097049,3305.9330592977904,19338
2021-03-09,3328.485595703125,3336.908322677621,3303.401250380928,3303.7693710593053,18152
2021-03-10,3310.628173828125,3357.897309319421,3295.5316259866745,3357.897309319421,59027
2021-03-12,3330.9248046875,3357.3899388963614,3304.6898020804547,3357.3899388963614,39406
2021-03-15,3212.867431640625,3332.305738138833,3197.7248165350607,3332.305738138833,35658
2021-03-16,3224.46630859375,3302.849049399924,3204.0765119772545,3221.888789471608,26082
2021-03-17,3199.56591796875,3248.5378807444918,3168.406007369932,3240.621263285033,19722
2021-03-18,3256.5927734375,3349.7960858000315,3158.602768004922,3199.5201278426657,51932
2021-03-19,3156.4853515625,3320.3390676832714,3092.9690234033246,3256.822739524096,87375
2021-03-22,3155.84130859375,3180.4193232498596,3098.630446995569,3155.381045305291,20010
2021-03-23,3175.586181640625,3207.114213156298,3131.9072457000702,3166.564977310457,20261
2021-03-24,3155.19677734375,3176.1387555907613,3133.6102507449573,3175.586349785782,13357
2021-03-25,2995.669677734375,3153.0797220469894,2946.605566343149,3138.9956205030107,48418
2021-03-26,3024.435791015625,3037.7373535708,2953.647170569973,2996.313662385744,38892
2021-03-30,2943.107421875,3099.6430056481763,2891.373875043707,3037.737595556903,145669
2021-03-31,3031.33984375,3045.9300539706474,2943.1072885976373,2943.1072885976373,57510
2021-04-01,3073.3623046875,3111.3801005680675,3016.888129124991,3046.9432345799714,24520
2021-04-05,3029.45263671875,3110.4589667191294,3014.724213082317,3110.4589667191294,61876
2021-04-06,3058.449462890625,3083.763943019893,2984.347075603132,2984.347075603132,48446
2021-04-07,3088.780517578125,3115.9821198794552,3058.4492151549453,3061.6710578195175,28261
2021-04-08,3118.743896484375,3128.777545807529,3088.3665208692673,3088.3665208692673,52635
2021-04-09,3138.4892578125,3145.7154812560943,3085.5589802285185,3120.5850610382004,39804
2021-04-12,3019.28076171875,3099.2746471062605,2968.835866024872,3060.7505242962707,38914
2021-04-13,3066.274169921875,3144.47286131018,2991.8036562905804,3004.644957686555,25103
2021-04-15,3075.571533203125,3092.9693961613566,3010.12200162132,3051.5917701692265,13012
2021-04-16,3109.768798828125,3129.7902511701695,3020.707855651445,3020.707855651445,35668
2021-04-19,3069.587890625,3083.7639094478886,2973.3007246318452,3028.532317039867,20006
2021-04-20,3109.26220703125,3128.593262865562,3021.5359896546242,3021.5359896546242,21140
2021-04-22,3119.157958984375,3125.693786998125,3046.9427003540795,3094.8100781239923,14684
2021-04-23,3139.548095703125,3166.74947680283,3065.44570478436,3065.44570478436,19975
2021-04-26,3150.91650390625,3157.406261432,3124.313374863996,3148.2009953636853,16429
2021-04-27,3123.024658203125,3166.5656138208556,3106.77745267911,3166.4276247181397,17091
2021-04-28,3183.0888671875,3221.8431272707044,3139.4559958733535,3139.4559958733535,30801
2021-04-29,3231.784423828125,3371.8885096956333,3185.574039295303,3233.8095371446243,145361
2021-04-30,3149.305419921875,3359.0014150908055,3138.9955674046714,3313.8956136823513,80888
2021-05-03,3156.623291015625,3192.3858346816605,3075.801245810264,3157.4058284192893,32657
2021-05-04,3183.04296875,3208.0351758488846,3135.5437066672202,3164.7704259880816,20952
2021-05-05,3159.523681640625,3220.9227645569813,3139.179952678079,3182.3067163427645,16385
2021-05-06,3168.590576171875,3183.779265215091,3145.76169606697,3159.5235239191443,14830
2021-05-07,3244.579833984375,3275.279483831421,3175.816546745896,3177.6115285421242,35605
2021-05-10,3244.349853515625,3269.986608613086,3205.595819417047,3254.061453863001,22421
2021-05-11,3234.362060546875,3274.3128214959365,3200.3025794123937,3235.6507077757146,35979
2021-05-12,3266.58056640625,3267.8692136657655,3198.829723236207,3249.412611610012,90657
2021-05-14,3225.708984375,3267.869143911641,3162.0085941792922,3267.869143911641,44997
2021-05-17,3274.1748046875,3286.2796383903255,3213.558044151436,3231.048047829144,20657
2021-05-18,3313.849365234375,3332.305966710285,3280.158229805966,3300.087538855351,52314
2021-05-19,3357.75830078125,3384.7758426705336,3288.1666342353924,3312.928706474533,63361
2021-05-20,3334.929443359375,3373.7295445426485,3313.895323425248,3364.524279755356,13371
2021-05-21,3303.079345703125,3369.8175196217417,3280.756577185519,3336.9086959308374,19259
2021-05-24,3273.806640625,3348.185231649226,3263.2666564565275,3302.849298551769,46638
2021-05-25,3277.166748046875,3301.14628552426,3258.6640740027033,3273.806691206909,130069
2021-05-26,3285.036376953125,3312.053916108363,3266.9020522099477,3294.3798545553063,34837
2021-05-27,3305.702880859375,3335.6199928045553,3287.3842682409586,3302.8491587478975,12229
2021-05-28,3233.947998046875,3330.7875780482955,3223.684216151621,3305.611085151477,39430
2021-05-31,3268.283447265625,3277.0745207731497,3244.8560914958853,3266.028202163802,133830
2021-06-01,3227.273681640625,3299.9033554246334,3182.26002686877,3289.9616245383236,77518
2021-06-02,3225.294677734375,3255.487991445336,3212.6374385424097,3232.014566034782,40415
2021-06-03,3248.2158203125,3254.889637593615,3222.763351887279,3247.6175679686717,19084
2021-06-04,3247.019287109375,3262.9902872749635,3237.9059397834794,3249.5046637481037,69042
2021-06-07,3208.95556640625,3263.220561802798,3203.0182150820856,3258.664000309273,80677
2021-06-08,3213.834228515625,3241.9102868889604,3204.3527605763907,3221.8427641532226,23714
2021-06-09,3205.687744140625,3231.048296371699,3180.419334462741,3231.048296371699,28033
2021-06-10,3240.7138671875,3259.5846623238,3216.3659837763007,3216.3659837763007,33024
2021-06-11,3245.59228515625,3285.220994787303,3224.236115919011,3250.3789778707833,66008
2021-06-14,3220.462158203125,3245.132314867116,3201.5452925177733,3244.8561119525552,28252
2021-06-15,3253.324951171875,3266.028262755885,3212.6837930961706,3220.462197646974,94902
2021-06-16,3262.76025390625,3290.8823846866117,3241.3580118240225,3263.266588451479,24015
2021-06-17,3243.429443359375,3272.88629491845,3222.7636658850497,3262.760502195018,19861
2021-06-18,3240.805908203125,3259.1242969151017,3191.189391605325,3254.0153295419036,72089
2021-06-21,3228.885009765625,3235.650970110391,3176.7372682364035,3176.7372682364035,13843
2021-06-22,3263.3125,3308.3722270372455,3231.0940726359754,3231.0940726359754,70824
2021-06-23,3314.263671875,3401.2995013674604,3264.8775127925646,3264.8775127925646,116052
2021-06-24,3328.76220703125,3370.0479153374854,3313.8957921920096,3370.0479153374854,27149
2021-06-25,3365.8134765625,3396.7432611937516,3324.2057178770383,3335.620382920024,21621
2021-06-28,3378.14794921875,3392.2320485930964,3343.812268315719,3387.5372738890146,12730
2021-06-29,3296.912109375,3374.5125471779807,3271.36749606851,3372.809483062372,44642
2021-06-30,3327.0126953125,3339.6699338988037,3305.6104555211145,3312.008069349884,12985
2021-07-01,3330.23486328125,3358.9091748762917,3301.008145871484,3301.008145871484,13824
2021-07-02,3384.77587890625,3432.6432560351936,3323.100604528573,3323.100604528573,70307
2021-07-05,3452.665283203125,3479.084352733421,3383.85591709783,3405.9485563824733,41327
2021-07-06,3555.211669921875,3577.9947029618843,3429.5597907315205,3476.8289208935425,73242
2021-07-07,3484.74560546875,3542.140304442557,3456.669544018783,3522.901388294969,26557
2021-07-08,3511.26025390625,3522.2382841998306,3498.142130063342,3498.142130063342,13057
2021-07-09,3502.8408203125,3531.6353252846893,3492.560329588705,3531.6353252846893,27232
2021-07-12,3563.59326171875,3600.4818283556356,3504.003846496281,3513.9586216277094,40082
2021-07-13,3624.205810546875,3663.7459843238594,3572.570995379284,3581.8745656797505,53330
2021-07-14,3627.04345703125,3651.6513551305916,3579.0835065445567,3632.9976511882587,71148
2021-07-15,3618.717041015625,3646.022885421661,3600.481951131454,3646.022885421661,12851
2021-07-16,3704.030517578125,3738.5931906544233,3601.0400389891715,3618.7168226957147,106907
2021-07-19,3642.90625,3777.249720637439,3628.346025508364,3698.1693693433053,42148
2021-07-20,3550.47509765625,3664.769552284001,3522.0992075865443,3664.769552284001,27070
2021-07-22,3597.13232421875,3674.11936832887,3551.2193411440026,3555.8245630075926,32070
2021-07-23,3570.291748046875,3717.567314711878,3493.537291305962,3670.2585677927527,89977
2021-07-26,3611.552734375,3618.1583599062706,3559.778458367541,3605.8776929783007,18202
2021-07-27,3631.462890625,3645.0925311976175,3596.2022204778045,3611.6462390941856,23628
2021-07-28,3622.810302734375,3653.3260589810934,3572.9430746869607,3634.858380938118,48520
2021-07-29,3718.032470703125,3732.5924676141867,3605.8313201285355,3628.4856050481235,27374
2021-07-30,3742.872802734375,3752.967039978357,3688.167765290869,3721.4280282937443,21622
2021-08-02,3714.078369140625,3795.8566607561493,3690.307701732075,3744.687024397917,34942
2021-08-03,3719.61376953125,3738.965240143954,3702.820780613694,3714.915421354392,31031
2021-08-04,3679.376220703125,3737.8955901050545,3656.3033197210593,3730.6853227442816,33234
2021-08-05,3677.840576171875,3715.845749365956,3619.135187470911,3679.5618274267295,13009
2021-08-06,3722.0791015625,3736.220482143924,3678.7246028439504,3717.6133426583833,54754
2021-08-09,3722.87060546875,3735.383863394245,3665.6070788974657,3730.732077761126,54151
2021-08-10,3721.521240234375,3740.0352542447363,3702.820973107973,3740.0352542447363,93155
2021-08-11,3721.7998046875,3739.9883282567357,3645.185047110156,3721.4743160418875,45823
2021-08-12,3755.4794921875,3795.8568987355325,3683.423154396969,3720.497975010636,29005
2021-08-13,3905.173583984375,3935.410187076571,3733.057535613414,3763.24757542711,91001
2021-08-16,3818.185302734375,3940.06207531191,3799.5781618828432,3930.758504886144,70865
2021-08-17,3862.888427734375,3884.193965504187,3790.0882228714736,3821.952721561384,37269
2021-08-18,3883.077392578125,3898.149357159932,3825.3021340490136,3874.9367691136003,48805
2021-08-20,3861.07470703125,3874.9369355854906,3802.08993648291,3837.8157818476634,48299
2021-08-23,3834.466552734375,3877.169850153005,3796.787092492778,3855.3995862019287,71845
2021-08-24,3832.233642578125,3893.497742411223,3768.8762394769888,3833.0708730301635,89292
2021-08-25,3876.844482421875,3967.3217129775107,3842.374932594089,3842.374932594089,149684
2021-08-26,3853.724853515625,3904.5687714756123,3793.5305753672014,3904.5687714756123,36317
2021-08-27,3902.80126953125,3907.4993906596683,3842.3744008153403,3879.4024276164787,21280
2021-08-30,3944.06298828125,3999.6054933111695,3916.850040926202,3938.2019197920868,39517
2021-08-31,4053.333251953125,4090.780124826508,3922.943796641733,3944.7140616930624,47450
2021-09-01,4035.191162109375,4089.4775874643165,3986.580005680713,4051.7049999392075,20847
2021-09-02,3986.672607421875,4082.7319613075515,3954.9936811052057,4056.4493777988796,18049
2021-09-03,4050.2626953125,4089.6629492070565,3972.6705613111412,3995.8831492083887,24930
2021-09-06,3953.320068359375,4088.8732850665083,3945.784084686933,4088.8732850665083,43258
2021-09-07,3977.322265625,3998.67413916733,3936.5728132507593,3952.156292038813,30716
2021-09-08,4021.32861328125,4061.008247918336,3943.7832675660543,3977.2761190952774,30546
2021-09-09,3985.97509765625,4037.144732577314,3971.926616122746,3986.5797388501414,10653
2021-09-13,3983.230712890625,4009.69955353652,3955.273664336929,3996.8140171186983,10999
2021-09-14,3983.975341796875,4028.3998931709657,3962.2514127304853,4028.3998931709657,10442
2021-09-15,4003.884521484375,4045.1922818978883,3975.1829168535423,4045.1922818978883,42277
2021-09-16,4018.444091796875,4042.679707641975,3999.558028195297,4007.9775765378104,21353
2021-09-17,4092.5009765625,4580.9847372554195,3986.5797413541914,4045.145896160983,845305
2021-09-20,4170.697265625,4465.713558434237,4098.222546854753,4140.088611465074,413440
2021-09-21,4355.79248046875,4409.846318846079,4104.596063412317,4230.194271940533,343062
2021-09-22,4390.541015625,4464.783323859209,4324.299414314984,4401.053868205041,144092
2021-09-23,4607.1279296875,4634.340872325496,4378.725282930981,4428.49938314065,233872
2021-09-24,4550.05029296875,4663.368046186079,4512.231372424122,4647.133135104843,71950
2021-09-27,4645.3662109375,4744.821295872263,4576.19406844543,4632.248084734902,181379
2021-09-28,4546.64306640625,4693.637428051572,4528.736647915421,4689.800503594422,105439
2021-09-29,4464.83203125,4563.223191382219,4405.5701914622505,4549.580227828328,79366
2021-09-30,4555.83203125,4587.3814039881545,4476.626442308718,4504.1020331715645,62195
2021-10-01,4488.3759765625,4642.381727603948,4462.416364544311,4532.716187434945,74284
2021-10-04,4657.01953125,4688.853423536659,4512.346558106633,4536.221630360745,85737
2021-10-05,4582.361328125,4689.800296950428,4548.632570840203,4689.800296950428,44484
2021-10-06,4517.31982421875,4631.059133648111,4500.313192477195,4617.274148809559,72861
2021-10-07,4491.7861328125,4583.687262296325,4471.890011996414,4559.053969857361,22876
2021-10-08,4468.66943359375,4541.006146604022,4452.941929150875,4541.006146604022,21606
2021-10-11,4453.6513671875,4528.7355284063715,4426.507469566262,4461.562535371919,29110
2021-10-12,4498.134765625,4537.405646378237,4436.835571087564,4452.941956889078,36062
2021-10-13,4483.35400390625,4542.0000953428425,4462.415613071504,4538.2103580918265,22211
2021-10-14,4496.1923828125,4555.26501562749,4468.764431969713,4505.477518358142,27294
2021-10-18,4522.38818359375,4544.463681448016,4468.574097728678,4533.426163828097,29219
2021-10-19,4552.9912109375,4657.114167339557,4497.992362030374,4555.217774479267,60765
2021-10-20,4532.33544921875,4631.05827590719,4440.292311073783,4557.158409802289,21788
2021-10-21,4484.3486328125,4570.6128047098255,4455.357050268118,4533.473194538479,20080
2021-10-22,4497.85009765625,4547.448382338194,4444.7937698452315,4486.102003306703,48576
2021-10-25,4486.5283203125,4533.283836879111,4409.928158158147,4498.5132726979355,39884
2021-10-26,4477.1005859375,4526.840884479817,4455.878151082321,4486.622115184133,10372
2021-10-27,4531.91015625,4689.799996958035,4477.195822952156,4500.265941722703,33423
2021-10-28,4521.0146484375,4533.473317487229,4481.364428780479,4519.261802385388,16493
2021-10-29,4575.82421875,4822.441214061836,4482.312256134882,4595.05695249507,165706
2021-11-01,4513.34033203125,4625.8009731068505,4485.154160448373,4599.793715457721,53708
2021-11-02,4611.1162109375,4620.637741968559,4512.014476460554,4532.526339466391,22436
2021-11-03,4666.87255859375,4718.223692258098,4564.549635147188,4632.0071549096065,37958
2021-11-04,4697.14306640625,4708.749138225821,4672.604607082052,4685.063277369554,6691
2021-11-08,4757.44677734375,4801.360452217837,4655.739606818676,4689.894892882713,48440
2021-11-09,4754.88916015625,4822.441047146132,4718.2232642019135,4737.266787971884,28775
2021-11-10,4806.33447265625,4822.440856656872,4707.327582770073,4707.327582770073,28976
2021-11-11,4653.41845703125,4888.761047492299,4616.231660303716,4761.804849747345,48312
2021-11-12,4722.296875,4729.639491258122,4633.048836244137,4713.485920536027,27712
2021-11-15,4637.02880859375,4789.281728305988,4585.251602115288,4769.053907810908,31587
2021-11-16,4640.0595703125,4709.695992654097,4613.91029062461,4642.428156106432,14196
2021-11-17,4670.56787109375,4721.966190863331,4640.060296249237,4640.060296249237,13178
2021-11-18,4633.0966796875,4706.333643348008,4552.422725370586,4670.567991343276,11522
2021-11-22,4615.9951171875,4671.798909427393,4595.056724948865,4642.428443762771,69813
2021-11-23,4712.86962890625,4759.577952136696,4537.8311521511305,4615.994477359776,24505
2021-11-24,4652.80322265625,4748.257239911415,4642.428630772311,4748.257239911415,18142
2021-11-25,4676.10888671875,4712.537918358972,4571.7490975151995,4571.7490975151995,13121
2021-11-26,4771.94287109375,4830.967847233034,4633.2381093891545,4708.748813639572,111567
2021-11-29,4680.6572265625,4817.419462921066,4632.953816117022,4771.942615646298,152223
2021-11-30,4772.98583984375,4812.96776498452,4705.3391019690425,4705.3391019690425,26991
2021-12-01,4913.82177734375,4940.776010914826,4718.223742568384,4794.965935971605,74613
2021-12-02,5065.93212890625,5111.314147655955,4915.29004764646,4945.6079507930845,178403
2021-12-03,5138.60009765625,5182.466124966218,5065.9316947338875,5065.9316947338875,89750
2021-12-06,4977.109375,5236.090640635956,4892.31400278994,5192.887542830629,120745
2021-12-07,5109.70361328125,5125.620326847482,4948.402899668351,5015.717931669237,60742
2021-12-08,5214.158203125,5257.313656401267,5122.82515390618,5122.82515390618,74031
2021-12-09,5180.42919921875,5272.235498685186,5148.121594138214,5257.313407107973,32267
2021-12-10,5284.9306640625,5362.478255743081,5116.145332334388,5116.145332334388,47629
2021-12-13,5225.66943359375,5362.857753984735,5188.150937650303,5362.857753984735,40832
2021-12-14,5199.4248046875,5265.555998968426,5155.605966608092,5219.415761717963,23287
2021-12-15,5190.1875,5265.840226945631,5158.78014316642,5226.047983417075,47380
2021-12-16,4867.44482421875,5249.639815314309,4839.54269268667,5247.839782257452,129861
2021-12-17,4771.6591796875,4925.475268327344,4742.999285123056,4892.5519183731485,119799
2021-12-20,4729.45068359375,4767.395247723596,4632.9543937290755,4703.869953812424,117829
2021-12-21,4794.11279296875,4812.966644585083,4710.075178518505,4766.542360021172,214270
2021-12-22,4911.78369140625,4945.60728258001,4797.807524709803,4797.807524709803,25735
2021-12-23,4817.134765625,5003.305601834987,4789.327476955744,4947.501815208919,63676
2021-12-24,4757.68408203125,4869.8130409742425,4742.998848152825,4855.5066883504305,58359
2021-12-27,4815.9990234375,4858.870432675229,4700.885736754978,4769.195391106272,38067
2021-12-28,4823.53076171875,4869.813026683962,4802.403158730483,4862.2335511560495,30905
2021-12-29,4768.0107421875,4856.169789520812,4756.120625669107,4823.530489822782,22220
2021-12-30,4887.7666015625,4911.4048109131,4775.447982339427,4788.28599528908,29684
2021-12-31,5146.51025390625,5296.157685172584,4869.622582440832,4878.339162961294,49641
2022-01-03,5068.63232421875,5153.664566766616,4967.067165344197,5146.4639723678,39246
2022-01-04,5015.0078125,5135.095138856091,4925.191204342198,5091.513150592736,34151
2022-01-05,5081.80126953125,5120.882938581479,5002.50082510355,5011.833146478435,35681
2022-01-06,4969.8623046875,5073.5115422718945,4945.6078899457125,5073.5115422718945,29361
2022-01-07,4901.7421875,5016.665810347519,4869.671436302827,4974.031256718504,41061
2022-01-10,4934.42822265625,4973.083362662208,4902.97321428404,4949.7763829757605,26925
2022-01-11,4947.3125,4980.046634336119,4908.278482378515,4926.705802903262,23559
2022-01-12,5040.39794921875,5059.299449624073,4974.030357776476,4981.609832607373,20239
2022-01-13,5071.61572265625,5087.722105485534,5017.848827034964,5078.247762644779,11714
2022-01-14,5145.658203125,5162.569999536995,5030.9238057858265,5073.511166731622,19882
2022-01-17,5207.14697265625,5227.943344074358,5149.306283987701,5191.419930730504,24577
2022-01-18,5180.7138671875,5293.3165500035675,5155.275158346791,5227.943569522048,34526
2022-01-19,5151.24755859375,5258.260449545122,5104.776090477319,5210.415016625838,20601
2022-01-20,5203.45166015625,5228.795529931141,5163.517393388984,5178.392298265258,17758
2022-01-21,5068.916015625,5163.517432110501,4974.030553867914,4974.030553867914,56300
2022-01-24,4811.26123046875,5133.578114030595,4737.171680342426,5098.381020968535,44253
2022-01-25,4876.9658203125,4959.819144651458,4831.91549908738,4831.91549908738,65173
2022-01-27,4843.3798828125,4929.738442875603,4831.915833116913,4877.81921857732,272837
2022-01-28,4850.1533203125,4898.993376251658,4812.729663301738,4851.81133043323,33312
2022-01-31,4889.09326171875,4898.709628480081,4860.338534784414,4898.235911273961,16286
2022-02-01,4949.82421875,4998.237750240831,4893.593890240473,4926.659260833554,25069
2022-02-02,4983.2685546875,4992.884922230208,4960.388104295678,4974.031068417581,9074
2022-02-03,4958.96630859375,5011.927797140838,4903.114867661122,5002.406266806412,15893
2022-02-04,4892.93017578125,5011.880843557033,4858.917372976104,5011.880843557033,10385
2022-02-07,4834.0478515625,4991.4640068787085,4821.304672033178,4969.246944623001,21856
2022-02-08,4901.2197265625,4925.284465603514,4816.803236703274,4859.485430096862,15655
2022-02-09,4939.40234375,4971.709488569236,4865.123112397177,4917.137634060726,10440
2022-02-10,4941.2021484375,4982.0366640786715,4886.866692438197,4945.607625926209,18628
2022-02-11,4920.31103515625,4966.451276895053,4866.63896727546,4896.24629318217,15389
2022-02-14,4877.15478515625,4924.242453631129,4785.490519124709,4785.490519124709,21650
2022-02-15,4906.146484375,4920.878902647535,4831.914914682439,4917.184001412129,13425
2022-02-16,5035.80322265625,5064.036581131098,4906.146739838175,4906.146739838175,72640
2022-02-17,5079.3857421875,5083.933242487207,5007.380724217126,5073.464276893884,16225
2022-02-18,5081.37451171875,5097.196850557145,4917.184322377618,5027.181543961784,18341
2022-02-21,5071.52197265625,5094.3552363145745,4937.270783424543,4988.242573776499,21214
2022-02-22,4925.42724609375,4988.9053489060325,4880.424113502952,4926.658725729407,20940
2022-02-23,4952.85546875,5002.406566640348,4909.605179864017,4973.08328620344,25473
2022-02-24,4836.03759765625,4879.287891981688,4780.328169010153,4879.287891981688,26601
2022-02-25,4929.9755859375,4964.509759665429,4850.911989217534,4852.759671600245,16728
2022-02-28,4928.93310546875,4950.250381524957,4869.813285729102,4886.867106574067,14750
2022-03-02,4833.52685546875,4964.2251693861845,4814.530515853671,4884.119766101773,80782
2022-03-03,4818.8876953125,4888.760974748096,4784.7328739358445,4888.760974748096,57717
2022-03-04,4672.4150390625,4877.297740025736,4647.1660033510825,4831.91572213874,19523
2022-03-07,4592.02490234375,4746.125478852727,4502.255492211259,4614.005565648887,43534
2022-03-08,4672.74560546875,4726.749356383534,4528.735603029323,4548.631721787402,110628
2022-03-09,4729.35546875,4831.915238268142,4635.369795148109,4697.37955908499,103423
2022-03-10,4740.2041015625,4974.030732673638,4719.976284060067,4974.030732673638,27643
2022-03-11,4658.1083984375,4785.301466205066,4622.627257846801,4663.2721009457255,88030
2022-03-14,4736.50830078125,4752.188616643352,4661.376942825783,4661.376942825783,64027
2022-03-15,4697.5224609375,4742.857296092853,4618.7433716445585,4731.440894958494,19392
2022-03-16,4802.21337890625,4823.341444034311,4737.645815726362,4784.543819501676,19443
2022-03-17,4745.4150390625,4831.915617921862,4724.950362746054,4795.91310939617,56609
2022-03-21,4745.13037109375,4776.537729027869,4731.440221540136,4769.384784331557,15955
2022-03-22,4749.109375,4771.8949853984295,4723.954716182146,4769.100331717167,37330
2022-03-23,4780.943359375,4831.915141904616,4719.028432631827,4772.22677838697,19796
2022-03-24,4791.79150390625,4816.898515523379,4749.7255090404415,4776.016813658379,321942
2022-03-25,4736.36669921875,4866.780954911701,4714.575707508147,4818.651471309721,118798
2022-03-28,4759.81591796875,4793.686700105153,4718.223637462609,4773.174836453138,15346
2022-03-29,4782.26953125,4850.863682994461,4746.645908555127,4770.331766382248,39505
2022-03-30,4717.322265625,4890.797567418281,4630.963727208511,4831.914621950135,82933
2022-03-31,4747.64111328125,4969.246396450661,4720.213164113704,4770.332352915383,218364
2022-04-01,5115.0556640625,5191.939863496323,4765.594436749362,4765.594436749362,329467
2022-04-04,5522.07421875,5853.770632400229,5068.774044611787,5139.831624676438,331277
2022-04-05,5820.4677734375,6251.171497803593,5638.181507036857,5694.506661095111,793218
2022-04-06,5892.615234375,5967.889079906337,5703.602078089667,5873.809032274751,346252
2022-04-07,5914.78564453125,6009.386597232546,5819.141958875175,5874.093152886045,165158
2022-04-08,5888.3515625,5978.310637406585,5840.932659209445,5855.144174195356,71401
2022-04-11,5827.1005859375,5945.1510076318555,5780.297417938159,5874.0934258673315,58525
2022-04-12,5399.240234375,5831.507280307608,5325.8140512302825,5831.4600936223715,284685
2022-04-13,5227.04345703125,5584.179085997438,5178.677109613504,5476.645267493755,175474
2022-04-18,4930.8271484375,5208.899125076858,4902.972671579814,5201.793367581814,148805
2022-04-19,4918.416015625,5094.354768749021,4839.968632351566,5001.50619754995,208772
2022-04-20,4980.7578125,5016.807508804215,4853.848781019683,4950.345073687083,108941
2022-04-21,5062.89892578125,5129.740689234236,4942.62242612777,4988.241292433129,103502
2022-04-22,5016.001953125,5097.197269395168,4954.608386673241,5044.140940940498,38889
2022-04-25,5056.59912109375,5148.453065872736,4895.203587925653,4964.555967014449,111511
2022-04-26,5184.0771484375,5209.941923294594,5075.832764961157,5101.887211749774,46172
2022-04-27,5085.9697265625,5153.9957919743365,5032.818565822314,5098.1443507537,32665
2022-04-28,5228.51171875,5277.20975575055,5102.5977759875705,5149.306108169522,71126
2022-04-29,4897.71533203125,5319.7025546903,4848.969643244746,5250.6818606608795,107854
2022-05-02,5045.46728515625,5087.722953794459,4893.498893174744,4898.236065384981,135333
2022-05-04,4987.19970703125,5163.517336493865,4923.295536095967,5068.773899127004,58554
2022-05-05,4817.37255859375,5078.248730981528,4778.338536215344,5012.638894298605,162684
2022-05-06,4756.35791015625,4787.433575805764,4643.376349320409,4764.647961789908,47197
2022-05-09,4743.47216796875,4831.820422448461,4694.679298202475,4732.434650146451,40070
2022-05-10,4740.34619140625,4826.089008108848,4732.435021320188,4755.173447849053,21680
2022-05-11,4841.76806640625,4982.55689335635,4509.787186228604,4740.345411476006,74429
2022-05-12,4602.919921875,4785.395862450274,4544.889570404548,4740.013851537488,78105
2022-05-13,4680.32666015625,4718.650572611638,4613.911405917363,4668.957445597166,32276
2022-05-16,4649.43896484375,4768.578827390894,4623.47935769433,4689.7997583169945,23795
2022-05-17,4690.6533203125,4735.2775772791465,4643.376431821748,4689.800721795073,22783
2022-05-18,4644.41796875,4784.543415056187,4609.552107483511,4690.652579477447,54962
2022-05-19,4557.39599609375,4615.947252773172,4530.6309762112805,4595.056510795632,31247
2022-05-20,4664.02978515625,4687.905316600234,4593.161878512113,4636.743860032649,26994
2022-05-23,4664.1240234375,4718.222612176294,4595.056158444784,4670.708876586592,24898
2022-05-24,4672.2255859375,4735.940549733132,4618.742728679622,4666.351307575243,19749
2022-05-25,4638.306640625,4713.343622268826,4618.742214842956,4675.683108824722,15410
2022-05-26,4646.408203125,4689.800515780777,4609.268587732016,4671.609589340443,31101
2022-05-27,4747.26220703125,4794.018188407485,4660.477121216237,4685.4421108269835,22598
2022-05-30,4772.55859375,4810.02943786113,4727.697484019036,4789.280717778804,16026
2022-05-31,4844.80078125,4926.659023267553,4797.713105154906,4820.546367381789,51982
2022-06-01,4785.63232421875,4902.972146271226,4754.224971978553,4880.233724723302,13959
2022-06-02,4761.89990234375,4788.94896812275,4737.266609123292,4784.543490896592,6514
2022-06-03,4730.96630859375,4831.915255002989,4709.8382447139975,4823.4831816887145,8014
2022-06-06,4755.7890625,4830.968075754629,4699.274692242197,4732.529732688013,19018
2022-06-07,4718.0810546875,4746.646107903795,4672.841064337718,4737.171764375045,84372
2022-06-08,4678.9521484375,4732.671865999614,4645.271039286544,4718.12865488544,25144
2022-06-09,4686.9580078125,4704.011827125341,4647.829151879375,4678.952002033745,6669
2022-06-10,4739.01953125,4769.384617757488,4681.983797140061,4725.802636745004,34808
2022-06-13,4668.86083984375,4717.227632682011,4547.68409979094,4717.227632682011,13298
2022-06-14,4654.17626953125,4746.456279944625,4634.138126149597,4690.7473268728145,210550
2022-06-15,4704.958984375,4802.686745101869,4654.271246625491,4680.278504591338,25626
2022-06-16,4524.615234375,4747.736047140687,4501.355903695111,4680.326178609321,32071
2022-06-17,4236.64306640625,4532.953208219315,4211.346380044993,4524.61550699608,90589
2022-06-20,4259.47509765625,4306.089051977551,4068.3302205965206,4236.642300277455,42222
2022-06-21,4354.45556640625,4470.8479716902875,4259.570106442128,4259.664942402347,49258
2022-06-22,4251.13818359375,4379.373523085532,4230.863179809776,4354.408533941804,30000
2022-06-23,4252.275390625,4333.565079613057,4208.503734945605,4277.666448284423,30775
2022-06-24,4413.81298828125,4425.466246788341,4287.140819250105,4287.140819250105,32210
2022-06-27,4507.93994140625,4536.268599300771,4443.940934442309,4444.41465162965,17701
2022-06-28,4400.548828125,4516.656731052466,4366.772421017956,4509.787831519165,12779
2022-06-29,4295.19384765625,4688.85284042148,4220.820247338391,4393.25330794795,60047
2022-06-30,4368.265625,4631.969502762902,4289.1925133732375,4401.418984525834,243411
2022-07-01,4353.11669921875,4434.762239517603,4297.575179906317,4320.3443280142055,59937
2022-07-04,4364.59716796875,4439.525984521357,4340.017538989559,4378.506505505547,23205
2022-07-05,4482.826171875,4525.268238439426,4368.122158487418,4382.174307227836,38128
2022-07-06,4557.51611328125,4572.9019298635085,4479.062171511101,4501.450337209391,23909
2022-07-07,4623.82373046875,4630.063650757465,4561.4701151906875,4609.104514889838,15189
2022-07-08,4606.72265625,4654.4045028418295,4581.4764251693205,4631.9688873306795,9693
2022-07-11,4672.55322265625,4697.704090477879,4585.239468624181,4606.722394951487,20528
2022-07-12,4708.7080078125,4761.534744824864,4555.087063914339,4666.265942407399,25105
2022-07-13,4573.23583984375,4730.619615101281,4553.848546406273,4694.846367508392,18786
2022-07-14,4521.74267578125,4601.7210160474515,4499.116336744735,4601.7210160474515,53742
2022-07-15,4528.5546875,4577.52275472102,4502.403217399861,4530.412149880552,9648
2022-07-18,4539.89111328125,4563.136603653469,4497.972848119029,4544.321018722699,29427
2022-07-19,4544.2744140625,4586.240135336187,4516.693909769187,4562.422934799543,34259
2022-07-20,4578.33349609375,4626.634504793736,4550.133834633503,4574.855812303037,114277
2022-07-21,4579.18994140625,4634.826824017309,4549.084909492837,4602.435434085842,96239
2022-07-22,4597.43408203125,4643.305915856383,4574.807742198428,4614.820637902787,13216
2022-07-25,4627.2529296875,4656.738808501415,4596.719466247817,4612.867713449821,16772
2022-07-26,4650.9755859375,4815.838066002456,4623.3950809713,4639.590777731347,155554
2022-07-27,4660.6923828125,4689.130211895792,4596.86228850185,4647.2119410052155,15073
2022-07-28,4942.0693359375,4996.848899661144,4677.698397966868,4677.698397966868,244613
2022-07-29,4958.6455078125,5210.917560653644,4889.385371699707,5049.0080545440815,181921
2022-08-01,5007.47119140625,5021.618701957667,4858.709045718859,4958.741290777776,68298
2022-08-02,5053.34326171875,5083.972556028792,4939.687758383667,5047.341512809387,60851
2022-08-03,5031.00244140625,5066.394707032642,4994.419315797949,5054.009763220792,26182
2022-08-04,5092.021484375,5115.934043798141,5034.955571968934,5034.955571968934,47523
2022-08-05,5008.94775390625,5135.845513110928,4888.289449688366,5088.306476178447,91652
2022-08-08,5066.775390625,5148.039950109649,5044.482586113235,5044.482586113235,40684
2022-08-10,5109.31298828125,5116.553509828029,5040.243111039643,5116.553509828029,29517
2022-08-11,5078.5888671875,5144.515061079124,5057.391559759905,5109.26560603099,23126
2022-08-12,5063.39404296875,5095.928245988241,5050.580202959958,5095.928245988241,12330
2022-08-16,5083.78125,5107.3128292552865,5061.678702719414,5095.928021784961,13589
2022-08-17,5174.66845703125,5191.197689342314,5074.25521983107,5087.354681792614,53154
2022-08-18,5269.31689453125,5430.32115328659,5196.769802335115,5199.579952596131,305032
2022-08-19,5240.49853515625,5329.765587154434,5128.653056583345,5269.3173472615945,76121
2022-08-22,5144.41943359375,5209.678556461606,5101.64383879367,5192.387363657367,39260
2022-08-23,5123.9853515625,5182.6231163753355,5027.287512166894,5111.171510910602,50845
2022-08-24,5149.18359375,5187.386477927336,5106.407992964283,5106.407992964283,28656
2022-08-25,5150.99365234375,5215.82435438274,5134.988678896998,5192.149962892141,29322
2022-08-26,5157.13818359375,5214.061290132285,5145.467755893381,5211.155777878757,15064
2022-08-29,5137.65576171875,5180.574636073558,5050.199187664687,5115.934660961963,32418
2022-08-30,5206.7255859375,5276.557896057023,5155.613967325715,5201.676525565147,27211
2022-09-01,5462.189453125,5524.637968350822,5158.805759375703,5192.149840922914,109981
2022-09-02,5382.6396484375,5563.697813293086,5349.9621715564135,5514.158038243217,58881
2022-09-05,5404.36083984375,5465.332871706603,5316.951716040363,5355.059235954646,47972
2022-09-06,5544.59716796875,5563.698377868824,5404.361296756057,5444.61236806855,75888
2022-09-07,5503.77392578125,5563.840717977813,5481.719291665493,5487.482867980994,37033
2022-09-08,6071.71875,6373.482671713804,5494.151654375711,5554.170997920998,351890
2022-09-09,6345.52099609375,6505.906107912383,6217.384464901157,6240.106165884626,556651
2022-09-12,6317.98828125,6471.9427462465765,6244.869481448147,6345.520869833267,184014
2022-09-13,6307.46142578125,6383.295016010202,6250.585767929864,6318.2266137648,140551
2022-09-14,6806.33642578125,6954.6222160225625,6272.068730406944,6306.794393160188,527635
2022-09-15,6774.18359375,7029.361175417879,6498.332495775732,6897.4613316977175,428038
2022-09-16,6443.7919921875,6754.559056131049,6359.193469629725,6754.559056131049,267398
2022-09-19,6555.49365234375,6630.708556887796,6448.030630769515,6507.8118034627205,135196
2022-09-20,6635.18603515625,6706.827890792393,6511.479410251951,6630.708215662887,107295
2022-09-21,6612.7021484375,6649.761615119069,6544.965944966762,6649.761615119069,73566
2022-09-22,6681.23876953125,6766.522212697464,6601.231273095447,6621.317873369192,113935
2022-09-23,6629.54638671875,6747.161906319586,6592.325483834525,6715.216950378618,78763
2022-09-26,6544.69873046875,6620.350099640906,6442.232769865511,6582.5487575801,82758
2022-09-27,6428.68017578125,6533.711315530122,6301.86838493238,6485.212971213387,106340
2022-09-28,6424.80810546875,6521.853007167295,6340.589587286471,6428.680221247246,89861
2022-09-29,6100.95361328125,6520.787441822933,5943.69713756849,6463.334835055202,149105
2022-09-30,6186.43115234375,6385.119098831808,5983.5321852937295,6138.852622907608,149659
2022-10-03,6299.2060546875,6412.17521629889,6205.888163333236,6227.8139233673255,111747
2022-10-04,6328.0537109375,6399.6396437135145,6274.860801615517,6374.470890009604,67349
2022-10-06,6395.76708984375,6440.15131046672,6258.887894760161,6359.708012486904,109654
2022-10-07,6570.4482421875,6601.957395232959,6371.614719039339,6427.712185388101,223486
2022-10-10,6502.58935546875,6551.6199272043095,6461.593234942194,6486.761987617624,77722
2022-10-11,6456.607421875,6527.466851214067,6410.722948192998,6502.588792977603,75812
2022-10-12,6449.63818359375,6543.440097142127,6399.54268392123,6446.685884275414,89427
2022-10-13,6439.18310546875,6476.1133133117855,6395.766914955301,6470.305139936618,87441
2022-10-14,6385.02197265625,6536.712296191074,6350.269828343143,6476.113590185309,80964
2022-10-17,6400.26806640625,6471.273079471243,6361.450013684177,6385.0216115069725,83643
2022-10-18,6505.7353515625,6534.195307701971,6413.191690892675,6413.191690892675,87337
2022-10-19,6518.70654296875,6630.997894169281,6485.793560720318,6518.70654296875,112558
2022-10-20,6260.67919921875,6518.70713408748,6241.899058920076,6518.70713408748,126057
2022-10-21,6227.52392578125,6339.573274864838,6099.550311669035,6292.188069488768,114485
2022-10-24,6263.8740234375,6291.4628515745735,6227.476036343624,6227.5247213987595,3020
2022-10-25,6289.7197265625,6364.790180613218,6214.89080707261,6294.124069102227,128602
2022-10-27,6369.6796875,6393.832202602238,6292.189147148303,6367.695416914084,107344
2022-10-28,6385.4580078125,6451.913102246041,6298.674304954778,6388.991219028338,111374
2022-10-31,6447.65380859375,6485.794055220221,6387.878020099743,6451.138807396305,77196
2022-11-01,6498.86181640625,6548.715303193309,6435.504137819412,6451.912416228146,69437
2022-11-02,6494.0703125,6520.642895791649,6437.392407514024,6498.862244788782,55937
2022-11-03,6524.9990234375,6585.016817288568,6472.096336778658,6493.634980539727,193275
2022-11-04,6507.18798828125,6561.203818681862,6456.753581662515,6524.515613254176,51396
2022-11-07,6547.7470703125,6581.628079694661,6499.635847921699,6539.760832386705,91178
2022-11-09,6654.4248046875,6670.59060456856,6566.140375279453,6621.318025491886,196458
2022-11-10,6582.54833984375,6709.408338741567,6396.8318999356225,6675.62422450027,134949
2022-11-11,6485.357421875,6851.950132420569,6453.122250591407,6679.398991799093,167671
2022-11-14,6448.52587890625,6550.894956695687,6358.063370032648,6517.207732931036,91262
2022-11-15,6434.68212890625,6534.1953144041345,6395.3313745432015,6473.69350593743,96193
2022-11-16,6453.7041015625,6592.0353483071885,6350.270110487927,6476.113877921376,164884
2022-11-17,6438.98974609375,6528.339102826704,6393.8312895818035,6475.145722333487,88323
2022-11-18,6368.32373046875,6479.985967420207,6350.947893946222,6470.305677657106,89165
2022-11-21,6333.7646484375,6427.711660674859,6284.733608311288,6383.5694499168785,90589
2022-11-22,6375.58447265625,6388.991769615971,6304.095432336384,6317.357619471792,75194
2022-11-23,6267.50341796875,6461.5450094821645,6234.300214151534,6403.511485035645,84510
2022-11-24,6312.75927734375,6339.622082779256,6184.059629441332,6311.743035935981,115427
2022-11-25,6168.08642578125,6369.630234111088,6148.532525382096,6337.685280049436,109908
2022-11-28,6190.8349609375,6309.176492544804,6117.50677264095,6177.234344123576,327886
2022-11-29,5831.50341796875,6234.880806529197,5799.122659824898,6215.520227111741,255091
2022-11-30,6093.6943359375,6412.224088970124,5813.982167625992,5871.095878563377,4050056
2022-12-01,6113.05517578125,6146.016375528125,5987.501620213472,6070.510110401145,252224
2022-12-02,6170.65185546875,6190.544659795261,6087.013782476129,6122.540631280701,93573
2022-12-05,6057.1025390625,6176.993024776421,6003.715834455942,6176.993024776421,114361
2022-12-06,5987.404296875,6051.730011081455,5944.665912329233,6050.181070193406,99310
2022-12-07,6016.88037109375,6060.247875633609,5986.338776479658,6021.139603610465,63133
2022-12-08,5977.9658203125,6067.992511713985,5945.633748257225,6011.4597161636875,72988
2022-12-09,6011.26611328125,6089.43445266653,5916.593069013427,6028.0615104572435,74044
2022-12-12,6011.943359375,6045.34035573575,5982.418478534337,6002.747085014794,59836
2022-12-13,6053.7138671875,6108.262390518037,6002.795452250693,6002.795452250693,34601
2022-12-14,6047.7607421875,6086.04609731359,5977.578644739146,6065.621065020094,31561
2022-12-15,5964.80029296875,6068.670077645744,5924.530668824418,6021.18797645063,42805
2022-12-16,5903.52490234375,5968.866860351162,5856.575495479165,5963.058686306059,41137
2022-12-19,5920.46435546875,5968.865797223726,5895.731407800088,5903.523850854508,55702
2022-12-20,5976.22314453125,5999.842954496975,5895.3927336405595,5922.400644661583,92025
2022-12-21,5931.54931640625,6025.98035360217,5895.296442319232,5975.642847033927,18031
2022-12-22,5947.76416015625,6001.7317786237745,5876.1300118764875,5950.474452374341,32874
2022-12-23,5613.5517578125,5933.872447920038,5523.912181084967,5904.008659804231,44001
2022-12-26,5601.40234375,5690.1707831276035,5517.764741154987,5614.325624125198,32888
2022-12-27,5678.11865234375,5711.3705397661215,5599.176084205467,5657.402928309857,74705
2022-12-28,5667.0830078125,5687.1696068494575,5646.512394340917,5662.968885118184,79283
2022-12-29,5664.42138671875,5687.121854607472,5611.518699268006,5662.969343297392,41964
2022-12-30,5558.03466796875,5731.698953132705,5474.7841849474,5711.370346813539,112738
2023-01-02,5427.88330078125,5593.1260276057155,5391.921120695248,5561.374395213759,141578
2023-01-03,5479.52734375,5526.912545357058,5432.577944196626,5435.4338183922355,52179
2023-01-04,5535.33447265625,5564.23023044341,5440.274316343799,5479.0436855096905,36403
2023-01-05,5505.76123046875,5545.111510464488,5413.265786071374,5544.288591370752,39152
2023-01-06,5498.64599609375,5522.2175936435115,5470.428049029979,5512.924421945145,20655
2023-01-09,5652.12744140625,5672.649844930473,5513.747981777636,5526.187248753245,36557
2023-01-10,5672.16552734375,5690.993879140263,5607.839815740914,5648.497030886991,21937
2023-01-11,5590.80322265625,5672.649884740789,5546.903013399815,5667.809739787939,47499
2023-01-12,5679.13525390625,5710.402397852285,5604.258125048756,5623.570017720005,50702
2023-01-13,5757.44873046875,5806.237292073475,5644.286247569779,5704.884478050332,19097
2023-01-16,5630.97607421875,5758.755892996612,5527.445191072628,5737.459256533634,30910
2023-01-17,5511.61767578125,5677.586420471986,5475.171482072742,5638.187455003494,45506
2023-01-18,5461.32958984375,5552.227421596568,5422.027516531727,5540.562388135343,34560
2023-01-19,5470.4765625,5512.924725376083,5435.434199033108,5439.306314731353,35073
2023-01-20,5402.71435546875,5497.436077074801,5382.385748738943,5497.436077074801,34072
2023-01-23,5602.2744140625,5632.041307786044,5391.921887484296,5420.9627594097055,25617
2023-01-24,5702.56201171875,5723.326423092357,5566.55393554558,5602.274111550928,28854
2023-01-25,5559.05126953125,5707.498601260596,5527.445219334803,5667.809414922114,9566
2023-01-27,5716.2109375,5754.93209541702,5541.965726873413,5541.965726873413,30246
2023-01-30,5806.72216796875,5854.3007005173795,5705.127331650713,5711.37130799627,47849
2023-01-31,5695.83349609375,5793.313716917571,5643.801945816704,5760.933435742706,39727
2023-02-01,5887.74560546875,5904.976330940069,5696.850115997099,5781.262425730487,103912
2023-02-02,5840.11865234375,5927.435052656958,5734.603496848065,5904.976591960364,52374
2023-02-03,5831.599609375,5869.352734668311,5769.451967900952,5869.352734668311,18149
2023-02-06,5731.74853515625,5865.675456181665,5723.230068112229,5827.535204031564,24477
2023-02-07,5884.11572265625,5904.976557327508,5706.62752127201,5760.450025082711,59468
2023-02-08,5895.39306640625,5914.656747531074,5872.4505917543875,5913.543608798428,16688
2023-02-09,5867.513671875,5972.738607562612,5832.374410140152,5876.564837070457,11981
2023-02-10,5917.89990234375,5924.337200355811,5832.374449696693,5891.376003529829,21183
2023-02-13,5838.1826171875,5953.378062626948,5764.612416738776,5925.3052229820405,15021
2023-02-14,5836.73046875,5856.575061935069,5771.38851557965,5798.5902232113085,12346
2023-02-15,5818.58056640625,5853.042494848594,5796.557905692405,5825.840784224,17161
2023-02-16,5805.26953125,5832.4712388953185,5795.202124846107,5818.579929124719,7038
2023-02-17,5821.24169921875,5856.574753516827,5772.404452908472,5805.26922261825,21922
2023-02-20,5857.68896484375,5903.912352561008,5762.580109488343,5833.343128464978,21694
2023-02-21,5884.98681640625,5947.569792688797,5820.80621424034,5947.569792688797,27263
2023-02-22,5842.5390625,5872.354166800238,5807.448011051797,5857.688621901486,9943
2023-02-23,5827.7763671875,5900.13653220511,5798.203271422372,5832.422717143885,11772
2023-02-24,5908.1708984375,5924.337170962365,5820.3222712700435,5885.567800602898,21928
2023-02-27,5892.29541015625,5919.981133078201,5817.8540773117475,5904.976684126732,17275
2023-02-28,6054.19775390625,6326.068760672113,5802.510243917765,5854.63869388599,178171
2023-03-01,6102.16455078125,6193.401283349656,6041.033141751612,6176.024973861304,31397
2023-03-02,6033.82177734375,6127.623694820424,6018.236415592192,6098.485926792802,10564
2023-03-03,5955.94287109375,6094.709907372069,5919.399780400723,6050.132365939183,13976
2023-03-06,6110.19873046875,6190.545133293355,5958.218185366786,5972.448399995443,49983
2023-03-08,6152.55029296875,6175.105179513405,6054.731151965011,6098.582676427349,19369
2023-03-09,6054.294921875,6179.46087317515,6002.6504840412435,6102.938375498411,13013
2023-03-10,5872.25732421875,6007.200463445512,5851.444702082035,6007.200463445512,28529
2023-03-13,5816.546875,5977.4816829327365,5735.619562762607,5889.3910512221855,28975
2023-03-14,5932.71142578125,6059.813929712211,5734.314146121039,5845.63749218196,111690
2023-03-15,5847.96044921875,5998.634077881872,5817.999760741942,5934.0181381233515,17665
2023-03-16,5917.89990234375,5948.876828881558,5809.189967172897,5851.686816403263,24489
2023-03-17,5794.37939453125,5969.398842857112,5722.213024043412,5935.953631084764,40044
2023-03-20,5744.0419921875,5982.370917464055,5696.850579148672,5759.772463200442,46701
2023-03-21,5836.00537109375,5877.872629198632,5653.289880520423,5830.197196558969,42622
2023-03-22,5843.748046875,5899.845506712403,5811.2221836119,5835.277794601814,13575
2023-03-23,5839.5869140625,5951.442479467736,5817.854473259774,5817.854473259774,44559
2023-03-24,5841.32861328125,5865.481124328333,5786.78008814546,5832.37434561371,13838
2023-03-27,5849.17041015625,5890.31164467824,5828.502895456411,5866.159130873039,16474
2023-03-28,5868.04638671875,5922.401117742245,5808.367496468778,5825.1142082402675,27052
2023-03-29,5679.1845703125,5945.053660972313,5633.929211099629,5846.992504836988,89796
2023-03-31,5730.82861328125,5788.813456209872,5653.434505178975,5707.595917135926,31478
2023-04-03,5633.4443359375,5760.982146962461,5585.526904091309,5745.154779485251,41060
2023-04-05,5699.99658203125,5730.683289445333,5617.0849952931385,5684.653228324209,24463
2023-04-06,5744.76806640625,5762.676602799967,5684.266254265313,5723.13252385057,13631
2023-04-10,5723.03515625,5779.326415777733,5694.962317722886,5735.571319763876,13211
2023-04-11,5837.3115234375,5873.99972646987,5723.955237741652,5723.955237741652,41425
2023-04-12,5846.26513671875,5865.286809109753,5802.510043578695,5837.359082220048,51074
2023-04-13,5759.23974609375,5885.615730313841,5730.924900680645,5846.313662317475,28349
2023-04-17,5902.36279296875,5924.337239444651,5762.676403008824,5762.676403008824,28375
2023-04-18,6146.64501953125,6438.360642499743,5902.362815820384,5914.656972736947,428643
2023-04-19,6113.63525390625,6185.705200751556,6064.749790269638,6146.64513675733,37648
2023-04-20,6196.59521484375,6243.786625384446,6108.262574600908,6146.935519589076,52034
2023-04-21,6159.76171875,6260.194717666346,6127.622970028624,6209.857214595021,16891
2023-04-24,6279.50732421875,6292.188598852058,6159.76241863977,6161.552894181571,32240
2023-04-25,6287.68701171875,6305.740657322693,6209.857577722164,6289.284164971681,23027
2023-04-26,6328.58642578125,6364.79061550877,6282.556363659243,6319.2932529340305,26571
2023-04-27,6437.63427734375,6467.40116641233,6303.368478070336,6306.6114694622875,32817
2023-04-28,6629.013671875,6722.960687226632,6387.828894138638,6454.8166828548865,57756
2023-05-02,6670.73583984375,6814.923943889514,6595.955601965133,6660.039308801115,58293
2023-05-03,6723.15478515625,6775.234553075591,6612.024779208961,6670.735639903351,48549
2023-05-04,6634.53125,6715.700568705016,6601.957171685508,6713.280496428005,23007
2023-05-05,6596.53564453125,6774.410944198609,6568.7048153315955,6664.878575291252,21428
2023-05-08,6622.7216796875,6677.947540804595,6586.517019747028,6597.117125546613,24006
2023-05-09,6694.306640625,6704.809848222156,6622.721190493072,6622.769402867623,17850
2023-05-10,6680.802734375,6709.504694549489,6630.997462178537,6630.997462178537,16745
2023-05-11,6699.68017578125,6723.880899622316,6642.614679895861,6680.464706517366,21872
2023-05-12,6669.96142578125,6700.938351963174,6622.33421270839,6679.399707977305,23330
2023-05-15,6486.4228515625,6667.734950854824,6442.3293235741385,6601.957197044859,29542
2023-05-16,6420.6455078125,6518.706646829267,6399.203289428619,6486.713480584418,25344
2023-05-17,6245.57763671875,6450.89667026991,6206.033559823298,6420.645765770693,34563
2023-05-18,6126.4130859375,6301.8201169842205,6085.320068823045,6292.188040070117,20865
2023-05-19,6097.130859375,6165.376906145809,6078.302505630344,6165.376906145809,20910
2023-05-22,6242.431640625,6267.9875106129575,6095.242553781268,6117.943021941914,19346
2023-05-23,6429.0673828125,6466.4333948678195,6263.147315089041,6267.019430894351,39458
2023-05-24,6712.748046875,6743.289168929415,6400.171143810882,6433.229708154304,111285
2023-05-25,6700.98583984375,6720.056197030797,6598.181460794743,6679.398985812806,36611
2023-05-26,6868.45556640625,6901.9494623496275,6679.399703010919,6698.760281860226,67649
2023-05-29,6983.40869140625,6994.008796920939,6775.234265695453,6868.116827644507,62748
2023-05-30,6851.708984375,7058.189372640439,6790.72315984609,7018.209965628532,74519
2023-05-31,7032.6337890625,7249.5209701609,6709.409000427798,6843.965031456432,181345
2023-06-01,6769.52392578125,7062.981832626035,6703.601054094266,7032.634027904823,73859
2023-06-02,6766.42578125,6858.485433258018,6710.715901625997,6810.083983482026,48818
2023-06-05,6698.615234375,6828.621333489485,6679.399765154211,6766.522370786657,26562
2023-06-06,6749.09765625,6824.60391230099,6702.97117256831,6740.143388705492,23430
2023-06-07,6768.65185546875,6795.562869788086,6721.653768828327,6785.882580799784,20319
2023-06-08,6619.57568359375,6795.514943359482,6592.131968623038,6795.514943359482,17536
2023-06-09,6537.05126953125,6655.199013495403,6518.755144288751,6655.102116066585,20969
2023-06-12,6555.05615234375,6615.509748463636,6534.195317841607,6581.6287357044575,14062
2023-06-13,6713.1357421875,6747.06496824011,6555.056329078238,6589.373144851992,22553
2023-06-14,6768.16796875,6805.2432872067475,6734.964293291278,6772.330304025378,20170
2023-06-15,6764.44140625,6799.38734698183,6681.094016490816,6768.168412359187,12764
2023-06-16,6670.30029296875,6798.370332364434,6630.998223562175,6798.370332364434,34756
2023-06-19,6766.6669921875,6788.834759042087,6689.07957186127,6705.439165426252,21007
2023-06-20,6777.50927734375,6797.982994176974,6685.836750853239,6776.202343786233,14894
2023-06-21,6780.65576171875,6803.307544895337,6746.629638238732,6778.235689313765,24527
2023-06-22,6664.5888671875,6804.2752507009645,6632.934132565515,6804.2752507009645,7235
2023-06-23,6613.8642578125,6688.112270172342,6568.996492408153,6669.719719422122,7487
2023-06-26,6738.44970703125,6766.522547356477,6603.506562208893,6630.998490614001,14789
2023-06-27,6737.626953125,6778.13906132898,6703.6490406742305,6771.362858325651,6752
2023-06-28,6765.40869140625,6857.516544244408,6720.395348759813,6776.2021188185845,45092
2023-06-30,6793.2431640625,6823.259683124487,6725.791472172315,6772.343453522606,16134
2023-07-03,6773.75,6866.417349813209,6692.817250149852,6856.621942216925,13660
2023-07-04,6923.97705078125,7026.439808488783,6785.484619700575,6798.529062457746,92127
2023-07-05,6955.3994140625,6995.356720763908,6799.595846365506,6960.539339243674,31695
2023-07-06,6937.99072265625,6981.681980897127,6823.744591318179,6905.210558582354,40825
2023-07-07,6934.88671875,6969.315784164569,6885.910160906741,6924.606396056822,25182
2023-07-10,6960.2001953125,6980.469608889229,6833.53991963196,6919.806274837417,29197
2023-07-11,6960.68505859375,7004.133384212403,6866.417108865108,6980.51785777887,34555
2023-07-12,7177.9755859375,7249.500760666483,6944.440018412366,6973.09839052736,61507
2023-07-13,7184.91015625,7210.222890335829,7123.4711456607065,7178.024247763255,16884
2023-07-14,7307.44873046875,7361.032000299653,7099.177107008361,7222.733728614078,56494
2023-07-17,7230.39501953125,7345.90221246506,7207.022425515904,7324.857122696117,17496
2023-07-18,7136.80615234375,7262.351210620761,7113.724318753151,7259.490014146378,16061
2023-07-19,7231.70458984375,7254.350283366377,7138.018634522114,7166.095487138256,31590
2023-07-20,7243.681640625,7273.746459323537,7165.997933729184,7273.746459323537,15638
2023-07-21,7192.66845703125,7259.199087129209,7177.830203427943,7205.858278873751,8933
2023-07-24,7204.01611328125,7228.989311337039,7130.308810281641,7204.113191284919,14960
2023-07-25,7277.7236328125,7317.777544766398,7185.734881555963,7193.251087019681,17851
2023-07-26,7202.41552734375,7409.523147901589,7176.763258438712,7322.238189353011,20428
2023-07-27,7322.7236328125,7369.760530526745,7225.64326055182,7260.557246484043,22799
2023-07-28,7309.34033203125,7369.760736622006,7266.0369110938955,7369.760736622006,13331
2023-07-31,7315.9345703125,7341.974678705106,7201.494286717766,7286.887885183007,23607
2023-08-01,7207.6044921875,7315.935024584887,7138.018976443619,7315.935024584887,48841
2023-08-02,7229.86181640625,7272.776922261708,7032.4525188916305,7134.139119687824,46840
2023-08-03,7219.77587890625,7285.3849820172845,7157.367035048929,7229.862046684419,42321
2023-08-04,7171.4775390625,7272.776772879202,7147.668331260131,7174.823651921634,11767
2023-08-07,7237.18408203125,7264.048643604996,7122.550113869052,7200.039670243457,16998
2023-08-08,7235.19580078125,7263.902948968672,7176.763369294762,7237.1837687806365,16999
2023-08-09,7228.35888671875,7322.238523667935,7178.460793716442,7234.8564831321955,31575
2023-08-10,7225.3037109375,7273.504597514095,7201.1066631961185,7240.772735763223,20804
2023-08-11,7040.64697265625,7234.177402495506,7003.405485831998,7225.303053054532,14144
2023-08-14,7079.8779296875,7108.875841479325,6940.852275376147,7031.919498744326,25277
2023-08-16,7161.0517578125,7205.858225837788,7031.288309195688,7079.877030704648,25828
2023-08-17,6931.39599609375,7198.827428292274,6885.813848085298,7198.779126065952,44949
2023-08-18,6733.74462890625,6998.266577844743,6691.847654172663,6934.74251677977,44951
2023-08-21,6790.576171875,6826.557069093756,6726.906733305371,6733.744339745686,16144
2023-08-22,6858.85205078125,6879.024384580747,6775.300572161409,6826.362650402926,14491
2023-08-23,6858.65771484375,6881.933702563808,6805.36521187256,6864.476711773764,11456
2023-08-24,6936.439453125,6971.159283508285,6859.143577158089,6885.668603198883,17327
2023-08-25,7005.2001953125,7020.038449432763,6881.740181591053,6936.439136621478,24383
2023-08-28,7102.6201171875,7142.577425304845,7014.899008451041,7021.590761289532,15894
2023-08-29,7147.6201171875,7176.763406193515,7075.949087573864,7102.619492123908,12812
2023-08-30,7194.22021484375,7201.009044919769,7129.532173127491,7175.7933903517,7628
2023-08-31,7213.326171875,7267.92757337808,7186.461611786973,7186.898226001694,56012
2023-09-01,7119.34912109375,7242.712054669835,7086.37480268738,7221.812345218049,16812
2023-09-04,7008.64306640625,7154.45754250675,6985.561232035006,7118.6220262331135,47769
2023-09-05,6960.296875,7060.383824125128,6925.47996706106,7060.383824125128,85742
2023-09-06,6974.06787109375,6997.343858982256,6946.03979705491,6982.79636655194,11332
2023-09-07,6976.63818359375,7021.880792612892,6919.272663607464,6982.796717075302,145744
2023-09-08,6926.35205078125,7014.31607959604,6912.9685468870475,7010.873362402959,13932
2023-09-11,6968.44384765625,6982.651805553188,6917.77007641219,6926.352719112057,31984
2023-09-12,6917.81787109375,6994.434667927678,6829.757235798781,6994.434667927678,154364
2023-09-13,6879.21875,6923.636906329607,6807.256961132864,6886.831559240653,90976
2023-09-14,6910.10791015625,6931.1534741019495,6883.583358432059,6883.583358432059,13303
2023-09-15,6888.82080078125,6947.835232888474,6771.422233299575,6916.800577231891,71560
2023-09-18,7011.794921875,7035.555828375274,6936.6328707006605,6977.899545508407,42353
2023-09-20,7012.5712890625,7054.516564078684,6969.559103092882,7035.119905111663,75653
2023-09-21,7124.97509765625,7162.701506037849,7018.972068334248,7023.239712306469,45166
2023-09-22,7110.86376953125,7195.190937249892,7089.527443797391,7126.332795108803,21167
2023-09-25,7060.62646484375,7175.745827558706,7034.198516467391,7119.931656123018,142385
2023-09-26,7129.72705078125,7225.255597948761,7084.920578323805,7099.17731234697,87105
2023-09-27,7083.56298828125,7181.8073530137435,6975.038772830252,7176.764032111217,39279
2023-09-28,6950.38623046875,7227.372015275508,6912.329129921836,7164.402670842062,52319
2023-09-29,6999.47265625,7031.375621787068,6893.670489267012,6952.652151541526,33287
2023-10-03,6906.66796875,6991.102766243718,6838.4801002200875,6991.102766243718,33983
2023-10-04,6714.70751953125,6906.716670589332,6696.6883915180415,6906.667629790534,31137
2023-10-05,6569.71630859375,6760.642724885905,6548.989358226709,6729.625860537064,42162
2023-10-06,6738.73388671875,6768.962732252563,6598.36998088194,6646.470832621641,41262
2023-10-09,6720.7138671875,6774.181317764587,6695.70354129462,6735.090032714001,15307
2023-10-10,6716.775390625,6786.292645924794,6681.869400182986,6745.872450383959,17024
2023-10-11,6778.908203125,6989.08458194155,6717.366803939102,6717.366803939102,70547
2023-10-12,6679.408203125,6871.7616141131575,6657.302340412882,6810.269737056917,29503
2023-10-13,6733.9580078125,6744.88785573027,6666.163910876545,6684.035435838116,15812
2023-10-16,6745.18310546875,6758.131318910248,6687.186590567422,6733.958051099486,25560
2023-10-17,6735.63134765625,6774.476466806754,6686.004465046208,6771.423917589156,25456
2023-10-18,6759.755859375,6769.55344176394,6718.055794807453,6764.6301301699295,30829
2023-10-19,6755.916015625,6783.338958348975,6652.378865235256,6717.366580614997,16188
2023-10-20,6947.18701171875,7010.796299017146,6723.27487776532,6755.916340218177,101039
2023-10-23,6990.16650390625,7055.105173007446,6901.251693135511,6971.408879957114,53413
2023-10-25,6750.84521484375,7019.5594797020685,6696.048850061979,6990.216733366321,28693
2023-10-26,6565.3837890625,6729.133425525804,6548.004594830142,6666.164076240611,21099
2023-10-27,6625.79345703125,6734.106323768275,6567.845977168502,6663.1615883724035,13991
2023-10-30,6690.0908203125,6715.396833541674,6526.243111030848,6685.856964772429,19034
2023-10-31,6820.21533203125,6843.305377713584,6701.169258712594,6707.077233337154,19889
2023-11-01,6637.6083984375,6818.392488358442,6608.068530175651,6778.907434956678,28739
2023-11-02,6744.248046875,6779.400687199579,6672.564815803623,6672.564815803623,56156
2023-11-03,6816.12744140625,6877.767395685684,6746.068817032568,6754.832215079847,17745
2023-11-06,6892.98095703125,6926.114747888237,6807.265813735991,6918.582177310621,31959
2023-11-07,6956.78759765625,6988.740085489047,6892.636937177955,6892.636937177955,28285
2023-11-08,7021.18408203125,7025.812187494992,6967.470941973241,6975.348240946641,14575
2023-11-09,6965.30419921875,7060.02890770312,6941.869428076289,7010.795791191941,17729
2023-11-10,7029.111328125,7040.336383683201,6907.455996264495,6907.455996264495,14493
2023-11-13,7016.90087890625,7040.335650011806,6943.887782601427,7024.581052753038,23008
2023-11-15,7073.076171875,7079.722643062854,7001.097254408093,7053.8262143070515,21269
2023-11-16,7028.91357421875,7084.645558999751,6928.084246438117,6982.782047283509,21153
2023-11-17,7235.10205078125,7261.885059861271,6999.620138523981,7015.719464611736,62674
2023-11-20,7160.46435546875,7244.850108190404,7132.500041878099,7235.101566637113,12074
2023-11-21,7233.32958984375,7242.191550953005,7123.096447951197,7207.728368861455,11430
2023-11-22,7264.14892578125,7355.427312457517,7217.968360500017,7246.129798176019,27197
2023-11-23,7309.7392578125,7325.887623620115,7217.5257281709255,7307.080477245134,15089
2023-11-24,7324.755859375,7373.939456899903,7285.516967278458,7309.7397580436045,14344
2023-11-28,7208.41796875,7365.274491198905,7188.035265474867,7306.293311685839,19597
2023-11-29,7197.24169921875,7330.663444957382,7133.4352917481565,7212.651568527549,17133
2023-11-30,7243.27490234375,7286.501483907416,7099.415634996279,7258.192440980072,57191
2023-12-01,7220.43017578125,7325.838564818545,7149.189761307443,7293.344708503307,30157
2023-12-04,7729.55078125,7851.944124968946,7244.210300783139,7283.2030278910415,157847
2023-12-05,7591.00830078125,7775.87865891877,7512.629080746669,7775.87865891877,65891
2023-12-06,7758.15478515625,7828.065813173269,7601.593468892785,7660.673210878998,43794
2023-12-07,7956.46533203125,8245.414202001366,7680.366113048797,7749.292475601799,151760
2023-12-08,7861.79052734375,7956.4657180568565,7798.525970073895,7956.4657180568565,27621
2023-12-11,7698.189453125,7915.701288120409,7650.827094003679,7861.791019986986,64180
2023-12-12,7717.783203125,7779.324597638309,7636.647124757083,7779.324597638309,26619
2023-12-13,8106.8232421875,8238.325668833348,7703.259761029163,7729.451875804331,53366
2023-12-14,8197.904296875,8221.930442322215,8034.943162313341,8106.823031495982,41327
2023-12-15,7847.5615234375,8241.623574100226,7762.831523573794,8197.855141894628,75533
2023-12-18,7773.51513671875,7916.537336658125,7749.439951021393,7916.537336658125,39141
2023-12-19,7707.296875,7818.218991613005,7680.366263801188,7818.218991613005,54892
2023-12-20,7748.9482421875,7792.864280718243,7692.182551848996,7739.446346330403,27757
2023-12-21,7624.19091796875,7685.289019522673,7542.5129903323095,7657.718475954879,29668
2023-12-22,7717.3896484375,7752.443723883102,7626.2098196388415,7626.2098196388415,17659
2023-12-26,7770.3642578125,7832.988878505557,7714.829398251545,7756.185216340449,19122
2023-12-27,7799.85546875,7857.605821391642,7710.005026243485,7777.799127515056,11177
2023-12-28,7594.947265625,8062.859030965568,7559.056128786421,7846.725633914431,87310
2023-12-29,7556.89013671875,7699.912350044707,7503.127473623327,7631.035022979807,52509
2024-01-01,7644.5732421875,7679.381150072438,7581.899583992534,7591.746206828888,17080
2024-01-02,7697.84423828125,7728.565896523018,7637.0903777731555,7690.2131049184945,30786
2024-01-03,7979.11279296875,8094.4658911437145,7592.92850767061,7709.857161764429,86219
2024-01-04,8084.02880859375,8119.525693800717,7845.83860279456,7956.071744592505,46150
2024-01-05,7942.3857421875,8148.081628158647,7896.992707895148,8125.434392213312,26527
2024-01-08,7922.396484375,8003.631131747179,7895.02306218343,7946.2255065877125,11458
2024-01-09,7885.52099609375,8185.449250502049,7842.835786146308,8152.955392254361,38473
2024-01-10,7908.7587890625,8011.80360567736,7867.452012026675,7963.948920309355,21386
2024-01-11,7917.81787109375,7984.578269525931,7882.468587496262,7909.49776238417,19415
2024-01-12,7928.0576171875,7993.439579101501,7901.915025215328,7954.1021275625435,9367
2024-01-15,8096.68115234375,8123.4641598299895,7957.843764884838,7965.918188245408,33759
2024-01-16,8051.92919921875,8083.09366812257,8015.890459102061,8074.231706493492,14829
2024-01-17,7974.5341796875,8024.998124951768,7934.556792256302,8024.949084151301,21311
2024-01-18,7876.65869140625,8014.954226929478,7768.985769656947,8014.954226929478,33821
2024-01-19,8342.84765625,8369.630666700321,7880.745769521885,7880.745769521885,135675
2024-01-23,7997.62451171875,8271.163512715259,7884.732591759696,8271.163512715259,38548
2024-01-24,8065.3203125,8104.657765916168,7878.283505769814,8074.0832305127,21964
2024-01-25,8069.01318359375,8098.75018047169,8005.305333823201,8097.961681282041,14926
2024-01-29,8120.06689453125,8251.470273967558,8052.1251941847395,8066.402797880745,32525
2024-01-30,8125.08984375,8200.170351437264,8076.349055153022,8128.388078142511,34625
2024-01-31,8237.9794921875,8264.811538181875,8085.061638892362,8125.088543513989,35250
2024-02-01,8213.9560546875,8327.290317750681,8124.745060001455,8327.290317750681,21348
2024-02-02,8331.671875,8354.860482253787,8144.191768996641,8213.955677139687,16462
2024-02-05,8202.58203125,8389.323639862616,8180.4771296589415,8338.908732714643,18949
2024-02-06,8322.8095703125,8349.44449487592,8156.499712810725,8214.84095773335,19163
2024-02-07,8479.763671875,8585.27062230525,8322.365787329278,8393.261473165494,48763
2024-02-08,8541.009765625,8591.080420147324,8443.479157873358,8566.561944431278,38780
2024-02-09,8501.6240234375,8649.372421130409,8379.476847605665,8551.054267193831,27292
2024-02-12,8487.3955078125,8567.449328968229,8388.97927171431,8501.575030788072,11036
2024-02-13,8627.4150390625,8655.182711751551,8440.083012792791,8487.395849975304,16594
2024-02-14,8629.974609375,8742.767483034608,8518.313520404923,8566.710056874015,16425
2024-02-15,8634.6015625,8689.644568251579,8547.705116817484,8629.974419079494,17982
2024-02-16,8650.0126953125,8788.111591754354,8487.986695761225,8690.531936192812,38842
2024-02-19,8740.1083984375,8837.245715165927,8623.081673294624,8743.80088191804,14418
2024-02-20,8682.2607421875,8761.870312870546,8608.608186728292,8723.12423192958,18070
2024-02-21,8672.708984375,8762.41230275895,8615.795692006386,8758.57173490249,11657
2024-02-22,8550.708984375,8709.830020959673,8483.062494795146,8709.830020959673,38170
2024-02-23,8621.5068359375,8665.02910626539,8427.774509044579,8615.795986343428,12322
2024-02-26,8667.1943359375,8732.969582578397,8596.101528459736,8630.564707554364,17937
2024-02-27,8569.515625,8999.813031425945,8498.768026449017,8667.24335403381,70693
2024-02-28,8571.78125,8685.50975523102,8538.155606572785,8574.58811474203,16018
2024-02-29,9009.2666015625,9205.559625581647,8469.081200082397,8518.314319487597,80740
2024-03-01,8807.1640625,9145.54365437153,8774.818289829014,9013.894109493356,35724
2024-03-04,8719.775390625,9034.2769251094,8703.332298895248,9034.2769251094,45298
2024-03-05,8592.3115234375,8724.551481237399,8551.79228417009,8694.56832115393,41517
2024-03-06,8582.416015625,8622.640053751018,8517.281171357781,8622.640053751018,41202
2024-03-07,8532.2470703125,8653.163410658244,8477.9425588356,8653.163410658244,38774
2024-03-11,8484.0,8613.532156748694,8427.529029899111,8533.33120554627,67923
2024-03-12,8462.3369140625,8529.589164972698,8394.2471231454,8484.787024901952,23669
2024-03-13,8240.638671875,8449.633242087148,8150.9363222503935,8379.476054206745,36711
2024-03-14,8104.75537109375,8172.6970696243625,7956.662257701394,8098.84739730848,68591
2024-03-15,8117.31005859375,8172.599232891161,8017.169707616209,8023.718096724793,46749
2024-03-18,8084.373046875,8117.3101945833805,8025.096662269001,8117.3101945833805,19087
2024-03-19,8078.76025390625,8190.421347948167,8064.483130761735,8137.839994333864,23350
2024-03-20,8005.45263671875,8069.061921704434,7963.949214160953,8065.418478634303,14503
2024-03-21,8076.8408203125,8093.629120669144,7995.458094361174,7996.442756688065,16304
2024-03-22,8266.2890625,8318.082876513285,8076.840612628003,8089.0008074187135,49514
2024-03-26,8284.1611328125,8305.626578838104,8086.046883867044,8086.046883867044,29115
2024-03-27,7972.12158203125,8379.279463247725,7843.081773541781,8298.882359421234,108749
2024-03-28,8145.86572265625,8216.07195819292,7941.400675143044,7941.400675143044,74053
2024-04-01,8278.5986328125,8334.281102336587,8133.311879866159,8145.817285363953,23249
2024-04-02,8291.349609375,8317.443162566431,8241.673199755953,8271.114989688707,14963
2024-04-03,8229.9560546875,8349.296362956393,8176.734285083069,8349.296362956393,21126
2024-04-04,7999.98779296875,8319.412161872631,7990.534938288129,8229.955972366683,61071
2024-04-05,8069.84912109375,8083.093021674897,8000.381386418387,8052.814655197068,20381
2024-04-08,8111.74658203125,8129.372422862809,8064.384707273062,8113.568784343078,23206
2024-04-09,8046.6611328125,8143.1580480126495,8028.444878412472,8098.848240012581,16546
2024-04-10,8023.9150390625,8121.692300249142,7979.900919882244,8121.692300249142,16089
2024-04-12,8050.15625,8144.339590362419,7981.771736851082,8062.366448026688,43228
2024-04-15,7831.41357421875,8039.76822725246,7771.940063405225,8039.76822725246,40510
2024-04-16,7781.6884765625,7823.1428602497635,7727.630606323492,7823.1428602497635,42416
2024-04-18,7798.72265625,7832.496381323222,7739.445792595451,7798.525531470226,28100
2024-04-19,7715.51904296875,7803.449199358854,7620.794331664082,7803.400158557743,31951
2024-04-22,7833.13623046875,7910.974074064915,7724.675773855956,7724.675773855956,36625
2024-04-23,7977.09423828125,8197.313871536531,7845.2970896657425,7923.0854134917345,109168
2024-04-24,8103.7705078125,8154.529655675205,7977.979902420879,7995.457657768834,34767
2024-04-25,8074.7724609375,8196.821548800499,8026.918256434133,8123.464205370186,30933
2024-04-26,8021.69921875,8121.987172521489,7956.071571070332,8074.821462608776,32513
2024-04-29,8061.77587890625,8215.038486868767,8017.26894565608,8182.150377740057,60799
2024-04-30,7991.6669921875,8167.77394427524,7926.531675878925,8123.464139875917,72113
2024-05-02,7986.1044921875,8123.464898655678,7891.379775840238,8063.105285119514,37195
2024-05-03,8112.09228515625,8197.26558426356,8005.305453669573,8005.305453669573,46486
2024-05-06,8060.642578125,8192.390199350588,8018.843471870355,8192.390199350588,54469
2024-05-07,8152.5615234375,8182.544686356007,8060.643671432107,8060.643671432107,33098
2024-05-08,8221.9306640625,8264.86155810579,8060.6431626340445,8060.6431626340445,32647
2024-05-09,8254.9658203125,8305.62689034224,8192.636886113814,8244.183575304558,38823
2024-05-10,8302.228515625,8339.596639041862,8143.156526935025,8273.033857868912,16630
2024-05-13,8276.826171875,8303.75630454199,8210.755707847688,8302.230270101423,11773
2024-05-14,8306.759765625,8364.7067609657,8248.172355115588,8276.87468600279,17962
2024-05-15,8300.60546875,8363.67289949363,8257.378407264507,8314.685947936103,12212
2024-05-16,8208.44140625,8338.121643494642,8172.698351559462,8338.121643494642,21728
2024-05-17,8094.56494140625,8256.344773379158,8075.21594157292,8208.440565363215,29430
2024-05-21,8021.94580078125,8172.648665638568,7903.884878264721,8151.921714977056,60118
2024-05-22,7999.34814453125,8049.614966777559,7951.247291048401,8049.614966777559,15810
2024-05-23,8039.96533203125,8055.522805075608,7970.841841717033,8005.305024479244,12988
2024-05-24,7908.7587890625,8072.606023726589,7892.068570262052,8072.606023726589,59111
2024-05-27,7865.7783203125,7910.03908673684,7843.42677269794,7878.283724891104,26182
2024-05-28,7732.15966796875,7877.347843042268,7705.081453336044,7877.24976144097,53389
2024-05-29,7674.35986328125,7739.446141366442,7636.056593676432,7739.446141366442,53870
2024-05-30,7863.759765625,7936.821904989528,7645.903218666849,7645.903218666849,60364
2024-05-31,7831.41357421875,7896.943143223588,7693.167074038392,7891.084209822561,114833
2024-06-03,7891.37939453125,8004.320360042468,7867.501332195042,8004.320360042468,28468
2024-06-04,7811.76953125,7956.071602969675,7542.464384788093,7891.3790957623305,40557
2024-06-05,7925.44873046875,7973.795748242235,7778.832602014529,7811.769750095621,26432
2024-06-06,8005.60009765625,8020.074826492383,7928.550268905725,8004.320228920391,17926
2024-06-07,8249.107421875,8285.934180644954,8038.193022115717,8056.458798297624,45046
2024-06-10,8294.205078125,8359.783204850884,8153.004114978247,8320.39671154181,20223
2024-06-11,8253.8349609375,8490.547238556346,8221.439181481197,8300.704509238456,35518
2024-06-12,8222.66796875,8319.312949513702,8192.389605724036,8319.312949513702,12780
2024-06-13,8126.861328125,8335.1664473179,8100.324486575394,8310.54988958808,27651
2024-06-14,8175.50244140625,8212.083028017254,8133.605255684467,8137.839110971998,37519
2024-06-18,8156.54931640625,8247.532509526189,8146.456526503834,8212.084662064042,18624
2024-06-19,8073.93603515625,8245.168240267167,8060.248843905758,8220.748806390095,24661
2024-06-20,8119.22998046875,8150.837255124091,8039.668979515129,8074.328803406654,19663
2024-06-21,8100.47314453125,8182.54436918409,8074.23150749814,8123.464626446299,59500
2024-06-24,8590.9814453125,8854.919982590196,8147.588203805714,8182.494674668091,464475
2024-06-25,8479.46875,8717.215663420777,8392.375174035835,8596.102196053696,74272
2024-06-26,8373.173828125,8512.40545995802,8314.488340530423,8478.926942243897,112962
2024-06-27,8320.298828125,8596.10236945748,8303.214359294665,8372.682096206347,72022
2024-06-28,8426.265625,8585.931574901157,8340.139788036315,8340.139788036315,74446
2024-07-01,8643.5791015625,8723.584625148727,8388.557217469965,8388.606380452107,111072
2024-07-02,8781.8232421875,8849.489811980617,8605.178743551704,8618.011244115647,71695
2024-07-03,9176.966796875,9228.543586090233,8706.902163422643,8741.451208829976,131187
2024-07-04,9775.3076171875,9851.413845572784,9160.482077505356,9180.175226836362,499552
2024-07-05,9543.0380859375,9772.394966702528,9426.953680655684,9752.70181831185,136490
2024-07-08,9777.5283203125,9806.99333492657,9510.11832279983,9639.183685511622,91945
2024-07-09,9721.1142578125,9751.714840874258,9596.737694400195,9732.959644804148,74520
2024-07-10,9641.947265625,9713.16803954654,9565.149867124592,9713.16803954654,46700
2024-07-11,9647.96875,9665.143981630592,9537.510137909136,9629.756275891184,26061
2024-07-12,9775.7509765625,9845.491079900168,9568.11159389135,9665.836039140007,38090
2024-07-15,9781.08203125,9792.187082124385,9626.351655733568,9792.187082124385,23059
2024-07-16,9670.671875,9782.314248388113,9609.569042185498,9781.080354058095,42229
2024-07-18,9654.6806640625,9723.087574710918,9339.297265065532,9624.425188707579,38458
2024-07-19,9589.185546875,9796.62826506857,9476.358432431614,9555.27851336226,37654
2024-07-22,9850.4267578125,9945.189857196205,9599.156669898912,9623.982049318147,77031
2024-07-23,9612.6787109375,9861.480967467447,9365.949011261859,9821.798733556989,31007
2024-07-24,9379.078125,9742.879357554602,9356.472793971752,9668.79653048203,32368
2024-07-25,9288.609375,9445.364104002949,9208.801464057671,9379.078905643044,23383
2024-07-26,9358.4970703125,9441.167994494423,9256.824172512643,9288.608520835012,17040
2024-07-29,9518.26171875,9600.19230963994,9358.842556958129,9358.842556958129,29885
2024-07-30,9550.4912109375,9594.762956890407,9481.342996838865,9594.762956890407,11511
2024-07-31,9495.55859375,9598.761337798576,9373.994920999558,9550.491962942242,46366
2024-08-01,9291.17578125,9723.087989447155,9239.401378804607,9495.557859338773,51150
2024-08-02,9313.0400390625,9435.097263154135,9227.55621750476,9291.176007885082,33863
2024-08-05,9003.8759765625,9264.079244552164,8961.873439597384,9257.169435845519,26071
2024-08-06,9071.54296875,9246.953599174836,8999.730310688677,9023.618700393059,27023
2024-08-07,9227.359375,9322.566871152312,9032.108094453626,9233.874916603741,19537
2024-08-08,9280.21875,9397.340400137862,9197.547819484082,9227.358903045239,20264
2024-08-09,9332.2880859375,9405.236305595767,9244.336482147812,9244.336482147812,9605
2024-08-12,9253.2705078125,9356.078979927248,9201.299451486928,9331.203474789685,13984
2024-08-13,9031.0224609375,9326.268356618164,9003.481549609895,9138.271994419316,38083
2024-08-14,9269.607421875,9338.113630506905,9033.094908326499,9060.7833082721,56696
2024-08-16,9461.99609375,9476.309269208701,9270.989235042513,9278.88615943352,20441
2024-08-19,9483.8603515625,9541.408990792665,9407.308775513558,9456.566223165662,11623
2024-08-20,9650.53515625,9671.413035684867,9472.262473850526,9484.206186390835,21525
2024-08-21,9620.921875,9673.732557841277,9550.194659023357,9623.438826900163,18400
2024-08-22,9753.5908203125,9772.444342492352,9614.456685084739,9614.505848068233,29193
2024-08-23,9746.9267578125,9793.517837549245,9698.458809081145,9762.572152667406,29951
2024-08-26,9784.1904296875,9797.12125703931,9634.345526834144,9728.023172606792,69355
2024-08-27,9806.59765625,9868.194051526438,9675.508905358627,9784.190904680225,35085
2024-08-28,9843.9609375,10274.886050230767,9737.993501825746,9856.349045206476,189405
2024-08-29,9929.9873046875,10082.39833278808,9810.20121703849,9821.799824871881,62522
2024-08-30,9928.111328125,10155.443825155342,9822.785916030405,10078.942377211179,112815
2024-09-02,10494.271484375,10610.159227734475,9969.91554672304,10068.528769120581,301690
2024-09-03,10763.41015625,10837.640478046751,10432.331199038761,10463.425340380458,201716
2024-09-04,10925.0986328125,11040.887090505214,10465.447905361425,10488.10239934,139699
2024-09-05,10755.3154296875,10985.214070135522,10711.289496382813,10815.825422012356,47122
2024-09-06,10555.6220703125,10756.993647517409,10453.751550224593,10710.203983692481,71606
2024-09-09,10223.654296875,10622.695766532268,10127.90408646868,10512.78083327126,72041
2024-09-10,10210.5751953125,10389.391569775291,10132.889969675525,10349.511714404745,109379
2024-09-11,10181.751953125,10380.803228517085,10139.60192568277,10284.658750826844,116090
2024-09-12,10259.8818359375,10346.303613125094,10130.718146459796,10315.308761958762,81548
2024-09-13,10237.6708984375,10349.906124746485,10197.199162518129,10299.514070745316,84443
2024-09-16,10266.001953125,10378.779907273512,10240.435274207408,10378.779907273512,51928
2024-09-17,10236.2900390625,10344.92191372755,10167.487891681887,10344.92191372755,32624
2024-09-18,10653.9384765625,10754.032382169667,10256.032571048961,10295.615520295272,203890
2024-09-19,10628.1748046875,10717.557924975956,10510.461275307907,10710.20372132982,37124
2024-09-20,11019.5654296875,11203.760794245845,10577.978737528076,10673.037766272688,116438
2024-09-23,10942.521484375,11131.702573903232,10808.9157740747,11020.356127492341,40331
2024-09-24,10702.35546875,11134.662896983398,10650.976299508055,11055.69365657926,67183
2024-09-25,10612.2841796875,10695.404261943871,10526.533046046074,10695.404261943871,38803
2024-09-26,10740.3408203125,10791.087236870324,10516.60252985431,10704.093795540104,55743
2024-09-27,10470.375,10821.474399881517,10284.223996069835,10740.340457324894,95510
2024-09-30,10421.962890625,10482.837834907928,10216.397578780936,10466.948728678435,62295
2024-10-01,10532.1943359375,10564.319737028864,10306.568817006479,10441.47688154248,28112
2024-10-03,10446.193359375,10675.493415158699,10321.215994148664,10466.948892630016,46736
2024-10-04,10296.48828125,10497.584787010941,10124.389589044027,10338.84306902297,29133
2024-10-07,10263.3701171875,10426.233464959028,10103.933052093163,10426.233464959028,28090
2024-10-08,10261.134765625,10313.816887537223,10089.582078222158,10089.582078222158,23825
2024-10-09,10400.810546875,10517.793895674526,10243.508009781475,10351.752544252264,16202
2024-10-10,10672.5634765625,10727.033900612205,10361.981103915537,10400.810689054962,29630
2024-10-11,10775.892578125,10821.474841349424,10654.639219311552,10754.939206370034,19967
2024-10-14,10596.2958984375,10804.592148731286,10536.414023777887,10804.592148731286,31733
2024-10-15,10633.138671875,10743.469237318166,10414.763345683787,10645.701384654196,32315
2024-10-16,10432.3408203125,10657.767518470417,10327.422676181717,10633.138627594097,33502
2024-10-17,10330.6494140625,10476.878836688315,10148.322318149212,10407.364000805075,36005
2024-10-18,10169.42578125,10256.517170466404,9935.507565529615,10234.570730018682,31707
2024-10-21,10232.8828125,10501.657380682022,10095.492075941122,10170.368912102444,57230
2024-10-22,10225.384765625,10416.351769124572,10031.04093909932,10295.594948456976,39686
2024-10-23,10146.0380859375,10310.391029107168,10068.280965997918,10268.185590528854,22608
2024-10-24,10047.177734375,10274.78936430725,10002.986159764101,10147.974247251546,19752
2024-10-25,10086.0576171875,10228.513584311371,9940.622442538392,10029.99866829548,23577
2024-10-28,10152.9892578125,10299.26911391751,10069.870148932338,10238.54254977113,18055
2024-10-29,10283.4794921875,10315.058897741153,10129.305504001593,10271.066127599262,24098
2024-10-30,10152.443359375,10325.932728919723,10064.755549875108,10253.488142522488,29790
2024-10-31,10178.462890625,10265.803521798374,9994.298011260404,10155.125764137885,41264
2024-11-01,10260.9365234375,10278.26577418468,10179.951927649001,10228.612316338376,2117
2024-11-04,10584.3798828125,10624.847453025679,10039.979149200555,10260.93704791055,110638
2024-11-05,10526.880859375,10640.736632728247,10308.157364894514,10576.137674287733,39999
2024-11-06,10516.8017578125,10661.988670495755,10467.743750845684,10526.533642126578,23227
2024-11-07,10426.083984375,10650.666967604895,10327.91948373808,10650.666967604895,39553
2024-11-08,10415.6064453125,10544.407701513377,10318.037406258658,10426.08313035642,29146
2024-11-11,10776.240234375,10822.268600759633,10318.087208111307,10476.879350353249,57715
2024-11-12,10719.337890625,10813.232386000771,10550.366784671602,10774.800415444925,39197
2024-11-13,10455.677734375,10675.989734020026,10396.490232062519,10581.151631643494,21623
2024-11-14,10774.8994140625,11077.190057343943,10177.965923861946,10457.01836064653,106278
2024-11-18,10610.6953125,10928.824618151188,10531.845236212268,10784.730676314373,39537
2024-11-19,10482.142578125,10725.047873467835,10447.136890677371,10685.424026566927,18870
2024-11-21,10348.724609375,10583.485584919328,10280.997096397141,10552.948707209134,33961
2024-11-22,10385.814453125,10541.428576230806,10328.316333676534,10451.059287447291,21513
2024-11-25,10518.1416015625,10586.06792088902,10228.61247823686,10426.183784093279,99760
2024-11-26,10403.640625,10605.97846319055,10343.262214973613,10601.013117468083,35282
2024-11-27,10151.0029296875,10457.01755889412,10083.623579583182,10403.640095096347,39102
2024-11-28,10254.87890625,10323.797321960627,10107.755326797434,10248.473416405932,27443
2024-11-29,10395.6962890625,10477.872762486417,10049.909411765817,10306.965947065617,56323
2024-12-02,10331.1962890625,10379.211765246933,10129.30552101905,10229.605507060513,44838
2024-12-03,10608.9580078125,10631.7985988618,10179.008514079978,10327.919430988486,61089
2024-12-04,10533.6337890625,10639.693379988621,10407.364659121271,10608.957695934401,38886
2024-12-05,10668.4921875,10715.215896035017,10408.357535342264,10576.186218051245,30835
2024-12-06,10601.857421875,10691.382998096426,10527.526580235948,10625.840430952236,22898
2024-12-09,11044.9150390625,11166.516549918746,10601.85685176726,10625.839859554824,127070
2024-12-10,11120.140625,11190.25092254371,10849.281000926525,11002.263117099756,74434
2024-12-11,11090.3486328125,11465.878141233217,10954.595878301592,11271.335495728492,84627
2024-12-12,11195.3154296875,11370.691050944495,11042.879317522691,11121.13297137226,54988
2024-12-13,11054.59765625,11210.856701144894,10993.275635429065,11198.543225399015,35484
2024-12-16,10947.09765625,11219.347948686245,10725.146703633147,11120.338761546667,31261
2024-12-17,11191.888671875,11261.403508346273,10890.789929086335,10948.586744225544,71749
2024-12-18,11106.53515625,11276.300526340743,10973.41442677809,11202.862866602713,52623
2024-12-19,11252.962890625,11444.128698897983,10774.650754371356,10948.587201089054,117845
2024-12-20,10672.2666015625,11253.013285366133,10577.577839694508,11252.963825864143,65090
2024-12-23,11038.11328125,11142.23619682946,10672.26620751132,10672.26620751132,87126
2024-12-24,10972.0234375,11132.305186442782,10844.364592054964,11037.963617066149,29202
2024-12-26,11124.41015625,11180.965638700158,10840.441836846087,10972.023500149024,42464
2024-12-27,11222.576171875,11319.002803807289,11017.109765348136,11017.109765348136,57315
2024-12-30,12543.2578125,13146.249603311102,11134.242015974527,11221.681561974276,685958
2024-12-31,11804.365234375,12401.44808689297,11569.30556234382,12401.44808689297,187495
2025-01-01,11761.0166015625,11962.113099976743,11629.832557675083,11817.52262286171,60912
2025-01-02,11836.341796875,11949.898866811742,11753.568900943776,11781.027650992359,39204
2025-01-03,11527.4970703125,11913.552696903113,11445.121791528756,11854.26627552961,57648
2025-01-06,10949.5302734375,11623.873641754055,10876.043161135936,11623.873641754055,60656
2025-01-07,11024.3583984375,11244.522023700243,10968.44879906113,11059.016899808033,46066
2025-01-08,11192.68359375,11683.409102661384,11061.598465810763,11123.318101466457,220364
2025-01-09,11091.490234375,11345.715932581008,11040.595441277119,11172.027753193726,32000
2025-01-10,10752.8037109375,11216.170371262215,10605.978820889926,11122.57360123704,42116
2025-01-13,10243.3095703125,10771.47398455873,10174.092455950986,10752.803508528748,45192
2025-01-14,10546.9892578125,10642.969773901765,10243.557189351779,10426.2324436021,26276
2025-01-15,10773.95703125,10893.969055396583,10526.533453710463,10526.533453710463,36677
2025-01-16,10861.544921875,11023.018554113063,10686.467017563546,11022.074944423342,23836
2025-01-17,10727.232421875,10923.711745053406,10705.285980463506,10861.197844928512,15135
2025-01-20,10786.5185546875,10981.3094609858,10725.147073724456,10768.792657858296,21529
2025-01-21,10722.1669921875,10946.153532051781,10591.627866013907,10834.383799644867,20940
2025-01-22,11208.1767578125,11344.276699547432,10815.317995122781,10824.60377414438,376194
2025-01-23,11120.6865234375,11286.231351473818,11005.888112918692,11122.424394521098,42202
2025-01-24,11211.849609375,11231.612073354507,11024.458236824597,11082.701160527475,28427
2025-01-27,11115.62109375,11229.575771433865,11025.20234737664,11207.777711024855,33246
2025-01-28,10952.857421875,11249.686179804581,10909.95664048053,11072.721062673703,80284
2025-01-29,11347.65234375,11418.309604896773,10952.857879209374,10952.857879209374,49369
2025-01-30,11128.3828125,11785.248622766285,11029.125352912735,11520.794491193814,101370
2025-01-31,11479.5810546875,11767.819360597385,11115.521341212232,11172.027360848273,81560
2025-02-01,11672.53515625,11763.152719037802,11434.248012253556,11481.816413952418,25068
2025-02-03,12120.4091796875,12333.373056447139,11600.139855330834,11618.909250499282,100514
2025-02-04,11654.509765625,12283.122514355811,11479.878949965509,12120.408528056145,54181
2025-02-05,11303.013671875,11772.834279102322,11246.706459474595,11690.210735331508,101219
2025-02-06,11345.2197265625,11630.676681452109,11281.265684587863,11402.321203399102,74724
2025-02-07,11193.0322265625,11398.99419538714,11122.374965537882,11360.711571942264,167122
2025-02-10,11443.333984375,11618.90840633413,11160.656478691315,11184.53959645664,84954
2025-02-11,11433.80078125,11547.805897536618,11262.248082530772,11420.295428486997,87425
2025-02-12,11794.7822265625,11911.467861709247,11172.028897028897,11400.484280648861,88894
2025-02-13,12058.4912109375,12290.570689852217,11554.458200192754,11558.87755176234,102223
2025-02-14,11991.5087890625,12165.097082451644,11768.911951264738,12016.335517802198,120567
2025-02-17,11930.3857421875,12010.178461544965,11521.637892676516,11949.203626997683,94605
2025-02-18,11911.021484375,12160.132508441207,11767.771250455633,11928.747381902473,33973
2025-02-19,11650.7861328125,12388.537588846706,11555.352575857336,11907.892122473815,78087
2025-02-20,12367.98046875,12499.36331853322,11648.700703658524,11658.631394795488,118067
2025-02-21,12123.23828125,12481.885576310964,12040.962893847596,12353.779661811472,45778
2025-02-24,11918.6669921875,12516.545069954778,11789.022004239143,12321.853080692414,151381
2025-02-25,11561.3603515625,12013.405616648935,11480.97121096972,11969.462307340067,69293
2025-02-27,11985.00390625,12362.717354444761,11677.499668320022,11677.499668320022,250322
2025-02-28,11494.12890625,11916.82915498593,11124.360016179366,11771.990415215654,182651
2025-03-03,11268.107421875,11754.065424412298,11225.30652926008,11514.388572039144,60270
2025-03-04,11131.4609375,11365.626438316578,11005.837695816004,11265.12765101057,69989
2025-03-05,11479.8798828125,11514.637304603022,11147.201702817501,11147.201702817501,40281
2025-03-06,11283.2021484375,12011.171290088381,11220.68825189819,11595.17423797744,139333
2025-03-07,11693.33984375,11825.418041400284,11355.795249957684,11370.791176078648,138683
2025-03-10,11556.544921875,11931.726266276495,11456.095585823028,11756.051939407176,83095
2025-03-11,11305.6455078125,11623.874719618549,11237.123734582798,11506.891364498255,78819
2025-03-12,11378.8837890625,11501.776093584016,11205.593226323068,11374.613785773294,63518
2025-03-13,11241.7412109375,11509.621605217637,11207.033251343504,11463.940425840858,40038
2025-03-17,11486.4326171875,11641.153558170257,11232.902270952705,11363.540316564866,85256
2025-03-18,11486.4326171875,11486.4326171875,11486.4326171875,11486.4326171875,0
2025-03-19,11787.7802734375,11817.522888447495,11447.604629964579,11618.859598890858,67825
2025-03-20,11915.5390625,11966.333967895152,11721.145775434155,11787.780327808308,51283
2025-03-21,12188.4833984375,12304.12649231806,11867.176076125974,11921.794878149985,161147
2025-03-24,12349.3115234375,12463.01794211255,12252.487280460928,12314.05756830244,41834
2025-03-25,12434.7158203125,12706.320242854166,12364.704442655508,12482.879675863764,46286
2025-03-26,12511.7275390625,12711.284976460356,12373.740388269372,12434.317605735318,63984
2025-03-27,12376.173828125,12593.109979421943,12118.7701086819,12511.727768050172,116843
2025-03-28,12386.6015625,12810.543190918757,12348.517746685593,12475.481255694773,51564
2025-04-01,11828.8935546875,12445.142413111073,11724.273139327071,12412.371131621074,57842
2025-04-02,11435.2900390625,11971.944988967442,11325.953514924613,11905.905891313563,209700
2025-04-03,11420.146484375,11618.562486937974,11321.038371890283,11420.246373171769,61864
2025-04-04,11427.1474609375,11559.225654083495,11123.516577069922,11426.60049708548,63954
2025-04-07,10704.8876953125,10879.41959636891,10327.919038331049,10327.919038331049,82134
2025-04-08,10736.8154296875,11171.97852708832,10551.955218685132,11171.97852708832,184342
2025-04-09,11015.4208984375,11156.138992993363,10465.707656436603,10701.809850275322,148878
2025-04-11,11203.955078125,11305.098779339114,11010.45497963277,11221.680973869641,44334
2025-04-15,11744.0361328125,11807.592560387337,11260.41144173524,11260.41144173524,74599
2025-04-16,11504.7060546875,11743.042649691815,11442.142698498867,11743.042649691815,62520
2025-04-17,11872.1416015625,11933.711888412929,11423.274349040019,11587.13075759358,76485
2025-04-21,12122.3955078125,12163.111344285042,11900.941080169165,11946.622262552992,35641
2025-04-22,12238.583984375,12349.807727173604,12122.394895915742,12165.09686859735,32407
2025-04-23,12335.9052734375,12448.122090045006,12069.762734934744,12259.438947076635,53425
2025-04-24,12293.203125,12593.110011158009,12095.582362266743,12472.948642862913,56181
2025-04-25,12113.45703125,12497.774777691528,11785.744224206837,12391.516382680562,57428
2025-04-28,12268.376953125,12324.981897784877,12025.074998007984,12025.074998007984,28811
2025-04-29,12230.6396484375,12443.156446486024,12143.249563258667,12397.47526559709,31643
2025-04-30,11890.0166015625,12448.12144830752,11758.931477415983,12274.334351901152,68305
2025-05-02,11869.162109375,12114.450181749133,11690.40966796875,11913.850219726562,47621
2025-05-05,11818.515625,12086.64428803252,11692.395846462483,11930.73243582472,56022
2025-05-06,11775.814453125,11971.44908352352,11644.729320066095,11831.426327756051,31438
2025-05-07,11824.474609375,11916.830042202066,11618.909291147014,11629.833052019032,37189
2025-05-08,11468.955078125,11885.051032556932,11331.911541820451,11825.466886337563,55182
2025-05-09,11160.111328125,11365.67664623515,11073.71431036856,11122.374699679658,33839
2025-05-12,12010.177734375,12105.512368284377,11427.246170783292,11617.915438602044,52048
2025-05-13,11838.376953125,12035.997707564382,11797.66111929578,11917.822482547866,31479
2025-05-14,11936.69140625,12005.213178881551,11726.16074251248,11887.03794782134,30116
2025-05-15,12542.4638671875,12655.673754824822,11982.372844139696,11982.372844139696,143084
2025-05-16,13020.12890625,13386.571402352985,12542.462671492449,12542.462671492449,173590
2025-05-19,13876.1552734375,14300.195801724754,12954.587099548571,13058.859360602813,268741
2025-05-20,12842.37109375,13902.969015813485,12711.285957315187,13902.969015813485,196316
2025-05-21,13050.9150390625,13221.7229363931,12621.909157394944,12999.275442195109,113427
2025-05-22,13106.5263671875,13301.167916510787,12946.642237386228,13050.914495952275,87848
2025-05-23,13652.71484375,13749.042552496272,13097.589182006019,13108.512942791678,114272
2025-05-26,13881.12109375,14047.956717140329,13745.070615151935,13755.001307020408,83908
2025-05-27,13707.333984375,13942.691381628993,13561.35281392632,13882.114161238726,52486
2025-05-28,13522.6220703125,13876.154673457924,13462.044854604997,13829.480425289848,39327
2025-05-29,13234.6328125,13793.730754530276,13174.055593203646,13691.444630144631,56660
2025-05-30,13321.029296875,13920.843050812118,13171.07585839072,13386.571859391308,299062
2025-06-02,13325.001953125,13455.094012735924,13092.62377030854,13383.593033407782,68285
2025-06-03,13066.8046875,13501.769002222984,13010.199742433311,13451.12247242647,47907
2025-06-04,13321.029296875,13362.738200294469,13030.060042067757,13132.346162358357,54760
2025-06-05,13388.55859375,13444.170467451971,13179.020998194352,13366.71107193851,39215
2025-06-06,14152.228515625,14637.839331998632,13396.50288932575,13505.740496280963,503230
2025-06-09,14152.228515625,14287.28592058781,13992.344381808733,14222.73642556882,86582
2025-06-10,14282.3203125,14357.793566828326,14129.387665571547,14227.701510025552,66433
2025-06-11,14261.4658203125,14530.587555380023,14172.089598334356,14398.509360678989,51861
2025-06-12,13992.3447265625,14423.336750077626,13938.718990917761,14389.572398005013,167890
2025-06-13,13986.3857421875,14050.935236169478,13781.813499721537,13938.718423554654,37393
2025-06-16,13881.12109375,14101.582453230076,13555.394400464123,13961.559697884622,67774
2025-06-17,13693.4306640625,14010.219726491678,13626.89503026076,13983.406859138739,36462
2025-06-18,13589.158203125,13761.952234646758,13485.879011870615,13744.076990006577,45817
2025-06-19,13371.67578125,13692.437108939845,13313.08470281749,13661.651966034628,35924
2025-06-20,13519.6435546875,13628.881162371916,13406.433670360017,13437.218814343805,74560
2025-06-23,13365.7177734375,13490.844487120026,13271.3762035975,13457.080135808868,32073
2025-06-24,13678.53515625,13716.271785837447,13345.85697436066,13453.108447924986,70253
2025-06-25,13625.90234375,13821.536974004264,13497.796418355076,13743.084508064736,41533
2025-06-26,13773.869140625,13843.383981277037,13586.179070864502,13748.04934266853,42047
2025-06-27,14064.431640625,14329.12237335503,13679.336476841083,13865.41605210618,96693
2025-06-30,14308.2265625,14378.87710050247,13882.333178485118,13931.092000486822,98360
2025-07-01,14270.4130859375,14557.99061761841,14151.003730222244,14401.763377224283,87116
2025-07-02,14346.0390625,14466.443496609905,14194.78721138673,14376.886479503364,35886
2025-07-03,14114.185546875,14452.512047575612,14046.520246734877,14372.905812116645,32741
2025-07-04,14156.974609375,14334.098492166084,14104.235475734959,14222.64975692675,28212
2025-07-07,14217.673828125,14278.373583410248,14035.574562269256,14220.659061991488,21147
2025-07-08,13813.671875,14275.388036215963,13781.829381123036,14261.456945144791,35627
2025-07-09,13793.7705078125,13903.229082034068,13633.562958270024,13882.332445137223,33064
2025-07-10,13806.70703125,13847.505228603603,13672.371503378377,13793.771017454954,22679
2025-07-11,13684.3125,14030.599640052356,13642.51922447644,13881.337941753927,21532
2025-07-14,14078.36328125,14228.6200564457,13591.770148331478,13737.051533620035,57795
2025-07-15,14094.2841796875,14279.368679646683,13939.05201843141,14150.008545266608,39811
2025-07-16,14025.6240234375,14150.008770009312,13980.845514671648,14094.28440354514,30787
2025-07-17,14030.599609375,14091.29936655031,13952.983526429522,14091.29936655031,14426
2025-07-18,13779.83984375,14076.373081288813,13732.076100790728,14030.599494286178,24707
2025-07-21,13965.9189453125,14030.599011678394,13695.257744519839,13871.386540623887,61972
2025-07-22,14000.7470703125,14037.564955287735,13880.342635663757,14030.599409481609,22959
2025-07-23,13904.224609375,14102.245127321443,13870.391958067568,14102.245127321443,21611
2025-07-24,14095.279296875,14134.087337297036,13832.57871555661,13963.929006215805,108160
2025-07-25,13783.8203125,14080.353553412864,13607.691508333633,14080.353553412864,83665
2025-07-28,13734.06640625,14079.358468485092,13444.498711407314,13831.584049186711,50923
2025-07-29,13992.7861328125,14047.515420062156,13495.247157815611,13736.056021714105,47610
2025-07-30,13989.80078125,14049.505457747262,13834.568622357121,14029.603898914842,17412
2025-07-31,13894.2734375,13991.791076751952,13775.859161265487,13775.859161265487,27343
2025-08-01,13779.83984375,13964.924347717179,13713.169619202683,13906.214746996407,21385
2025-08-04,13830.5888671875,14179.861238752565,13573.858747917455,13647.494518560801,48902
2025-08-05,13792.775390625,13918.155211649366,13732.075636002091,13895.268418922697,22438
2025-08-06,13540.0263671875,13905.219993758956,13464.400439069159,13831.58422164373,49939
2025-08-07,13712.1748046875,14373.901672983378,13577.83927503345,13931.09196412373,293772
2025-08-08,13650.4794921875,14303.250635712431,13599.730516090287,13840.539383061376,94466
2025-08-11,13977.8603515625,14029.604406398497,13448.478867471145,13759.938274464743,45715
2025-08-12,13737.0517578125,14039.555469103698,13687.29785792908,13833.574323586336,25155
2025-08-13,13848.5,13951.988108069267,13745.011891930732,13864.421247395272,22910
2025-08-14,14066.421875,14130.106863681382,13831.583479237408,13901.23893560767,26389
2025-08-18,14451.517578125,14690.336294557555,14065.42731989237,14066.422397877504,94360
2025-08-19,13717.1494140625,14563.960741691602,13632.567789093671,14563.960741691602,131464
2025-08-20,13574.853515625,13805.711602095093,13339.020039360294,13784.814964957714,111820
2025-08-21,13632.568359375,13712.174597969892,13501.21806569343,13712.174597969892,36999
2025-08-22,13478.3310546875,13781.829834434986,13354.941386855737,13632.568139477205,33115
2025-08-25,13199.708984375,13562.912435509328,13135.02891773464,13562.912435509328,61206
2025-08-26,12933.0283203125,13284.290842207578,12776.801079696277,13233.541865956448,92529
2025-08-28,12902.1806640625,13135.028903719343,12836.505519543904,12985.767211631623,38487
2025-08-29,12707.1455078125,12975.816556137432,12688.239026634079,12965.86577656984,38945
2025-09-01,12482.2578125,12783.766431535994,12419.567901611328,12707.145429338729,89792
2025-09-02,12557.8837890625,12681.273455452654,12482.257864500792,12537.982229967314,44479
2025-09-03,12958.900390625,13002.683821262142,12587.73630817832,12657.391766010136,53649
2025-09-04,12917.107421875,13135.029502253294,12786.752204845061,13135.029502253294,39931
2025-09-05,12862.3779296875,13014.624860156491,12771.825833787641,13014.624860156491,50777
2025-09-08,12708.140625,12936.013477801269,12654.406415169133,12870.338332452431,61431
2025-09-09,12999.6982421875,13035.521048121269,12713.115794717352,12786.751562470099,55948
2025-09-10,12989.748046875,13231.5519978012,12886.259936190536,13055.42319404014,47841
2025-09-11,13034.5263671875,13194.733920826495,12939.993959760764,13075.324564076933,25540
2025-09-12,13145.974609375,13177.81710331944,13042.486504055569,13123.087816852434,66532
2025-09-15,13133.0390625,13214.635456129716,13046.467279014812,13213.640378158621,51240
2025-09-16,13458.4296875,13533.060536044362,13093.23606862292,13209.660192352125,53962
2025-09-17,13595.75,13811.68191466003,13484.301269852887,13523.109309814829,63527
2025-09-18,13400.71484375,13635.553241546466,13378.823128701177,13596.745201232643,25665
2025-09-19,13141.0,13453.45449038316,13087.265788278055,13402.705512645767,95999
2025-09-22,13279.0,13419.0,13142.0,13209.0,29040
2025-09-23,13265.0,13345.0,13175.0,13328.0,28684
2025-09-24,13203.0,13290.0,13152.0,13215.0,14576
2025-09-25,12899.0,13263.0,12850.0,13225.0,31085
2025-09-26,12698.0,12985.0,12544.0,12897.0,32351
2025-09-29,12462.0,12903.0,12320.0,12798.0,125091
2025-09-30,12247.0,12690.0,11890.0,12570.0,103078
2025-10-01,11996.0,12301.0,11940.0,12100.0,81652
2025-10-03,11819.0,12039.0,11780.0,12039.0,119815
2025-10-06,11802.0,11986.0,11782.0,11828.0,57423
2025-10-07,12089.0,12148.0,11810.0,11880.0,102380
2025-10-08,12093.0,12273.0,12015.0,12250.0,38642
2025-10-09,11909.0,12166.0,11884.0,12151.0,33143
2025-10-10,12074.0,12148.0,11888.0,11980.0,31215
2025-10-13,12354.0,12400.0,11911.0,11911.0,44409
2025-10-14,12211.0,12362.0,12095.0,12302.0,39400
2025-10-15,12217.0,12300.0,12125.0,12225.0,25443
2025-10-16,12501.0,12563.0,12217.0,12217.0,46094
2025-10-17,12655.0,12681.0,12325.0,12520.0,46744
2025-10-20,12605.0,12676.0,12510.0,12593.0,24435
2025-10-21,12732.0,12799.0,12623.0,12799.0,7414
2025-10-23,13144.0,13186.0,12683.0,12735.0,102501
2025-10-24,13144.0,13167.0,12953.0,13144.0,76553
2025-10-27,12953.0,13157.0,12901.0,13140.0,42072
2025-10-28,12787.0,13074.0,12727.0,12953.0,78709
2025-10-29,12619.0,12793.0,12513.0,12786.0,22032
2025-10-30,12446.0,12700.0,12350.0,12700.0,23844
2025-10-31,12303.0,12534.0,12273.0,12534.0,29810
2025-11-03,12127.0,12303.0,12014.0,12303.0,42681
2025-11-04,12091.0,12463.0,12006.0,12106.0,35113
2025-11-06,13139.0,13250.0,12015.0,12139.0,706323
2025-11-07,12580.0,13000.0,12510.0,13000.0,87011
2025-11-10,12614.0,13157.0,12570.0,12594.0,85196
2025-11-11,12156.0,12634.0,12050.0,12614.0,73726
2025-11-12,11998.0,12500.0,11934.0,12499.0,82679
2025-11-13,11981.0,12133.0,11964.0,12000.0,40621
2025-11-14,12570.0,12642.0,12019.0,12041.0,174364
2025-11-17,12124.0,12964.0,12090.0,12574.0,110495
2025-11-18,11872.0,12189.0,11828.0,12159.0,85666
2025-11-19,11733.0,11959.0,11679.0,11949.0,61239
2025-11-20,11747.0,11809.0,11667.0,11679.0,39186
2025-11-21,11641.0,11824.0,11601.0,11747.0,54164
2025-11-24,11473.0,11731.0,11351.0,11721.0,161587
2025-11-25,11640.0,11690.0,11352.0,11500.0,41900
2025-11-26,11734.0,11818.0,11425.0,11690.0,65740
2025-11-27,11246.0,11773.0,11221.0,11740.0,112924
2025-11-28,11499.0,11615.0,11100.0,11329.0,198137
2025-12-01,11332.0,11846.0,11300.0,11519.0,131948
2025-12-02,11049.0,11300.0,10922.0,11300.0,359605
2025-12-03,11222.0,11320.0,10985.0,11116.0,186376
2025-12-04,11118.0,11379.0,11080.0,11249.0,60360
2025-12-05,11181.0,11266.0,10980.0,11121.0,194196
2025-12-08,10968.0,11172.0,10890.0,11100.0,62994
2025-12-09,11063.0,11127.0,10880.0,10988.0,60470
2025-12-10,11102.0,11165.0,10977.0,11062.0,43035
2025-12-11,10984.0,11174.0,10968.0,11089.0,31891
2025-12-12,10900.0,11089.0,10880.0,11035.0,37619
2025-12-15,11062.0,11098.0,10830.0,10905.0,52244
2025-12-16,11068.0,11152.0,10945.0,11032.0,65436
2025-12-17,11072.0,11140.0,10987.0,11075.0,26971
2025-12-18,10941.0,11106.0,10800.0,11106.0,29991
2025-12-19,11148.0,11270.0,10962.0,11020.0,72371
2025-12-22,11255.0,11337.0,11102.0,11158.0,36705
2025-12-23,11279.0,11310.0,11186.0,11255.0,25921
2025-12-24,11224.0,11302.0,11198.0,11240.0,16358
2025-12-26,11155.0,11295.0,11149.0,11199.0,14887
2025-12-29,11250.0,11330.0,11120.0,11120.0,21182
2025-12-30,10982.0,11420.0,10913.0,11236.0,81987
2025-12-31,11328.0,11500.0,11020.0,11020.0,135869
2026-01-01,11342.0,11438.0,11220.0,11350.0,37154
2026-01-02,11181.0,11342.0,11072.0,11342.0,58889
2026-01-05,11272.0,11392.0,11100.0,11199.0,67952
2026-01-06,11202.0,11343.0,11101.0,11272.0,54515
2026-01-07,11198.0,11247.0,11029.0,11224.0,47399
2026-01-08,11209.0,11660.0,11138.0,11200.0,287380
2026-01-09,11043.0,11272.0,11016.0,11201.0,61206
2026-01-12,10745.0,11161.0,10640.0,11134.0,133197
2026-01-13,10729.0,10980.0,10624.0,10785.0,128939
2026-01-14,10741.0,10820.0,10600.0,10799.0,88075
2026-01-15,10741.0,10741.0,10741.0,10741.0,0
2026-01-16,10682.0,10810.0,10621.0,10799.0,52028
2026-01-19,10648.0,10788.0,10505.0,10631.0,42224
2026-01-20,10560.0,10689.0,10520.0,10689.0,45417
2026-01-21,10613.0,10661.0,10540.0,10561.0,43298
2026-01-22,10735.0,10787.0,10639.0,10649.0,33459
2026-01-23,10668.0,10785.0,10596.0,10767.0,131490
2026-01-27,10609.0,10744.0,10481.0,10711.0,76057
2026-01-28,10704.0,10754.0,10580.0,10582.0,50260
2026-01-29,10727.0,10775.0,10641.0,10749.0,37478
2026-01-30,10800.0,10860.0,10640.0,10640.0,66246
2026-02-02,10661.0,10697.0,10400.0,10560.0,46807
2026-02-03,10915.0,11035.0,10800.0,10800.0,83810
2026-02-04,10889.0,11086.0,10827.0,10915.0,48360
2026-02-05,10891.0,11310.0,10816.0,11000.0,211732
2026-02-06,10999.0,11023.0,10675.0,10915.0,53765
2026-02-09,11101.0,11139.0,10957.0,11032.0,52907
2026-02-10,11081.0,11150.0,11005.0,11063.0,33459
2026-02-11,11111.0,11195.0,11015.0,11097.0,28692
2026-02-12,11040.0,11181.0,11000.0,11113.0,24946
2026-02-13,10881.0,11040.0,10821.0,11040.0,32683
2026-02-16,11133.0,11239.0,10862.0,10881.0,46053
2026-02-17,11217.0,11274.0,11033.0,11205.0,34140
2026-02-18,11413.0,11440.0,11226.0,11236.0,58482
2026-02-19,11188.0,11460.0,11100.0,11388.0,68967
2026-02-20,11188.0,11217.0,10949.0,11188.0,61661
2026-02-23,11501.0,11632.0,11150.0,11220.0,137005
2026-02-24,11330.0,11558.0,11261.0,11524.0,62913
2026-02-25,11166.0,11449.0,11112.0,11400.0,114964
2026-02-26,10951.0,11224.0,10880.0,11184.0,109416
2026-02-27,10804.0,11060.0,10767.0,10980.0,83861
2026-03-02,10695.0,10720.0,10400.0,10400.0,35739
2026-03-04,10651.0,10681.0,10485.0,10499.0,54569
2026-03-05,10663.0,10726.0,10540.0,10658.0,36502
2026-03-06,10560.0,10791.0,10543.0,10600.0,29688
2026-03-09,10250.0,10489.0,10200.0,10481.0,53369
2026-03-10,10289.0,10352.0,10111.0,10308.0,59081
2026-03-11,10177.0,10419.0,10110.0,10300.0,66296
2026-03-12,9789.0,10103.0,9760.0,10102.0,83281
2026-03-13,9506.0,9856.0,9482.0,9768.0,60848
2026-03-16,9631.0,9691.0,9345.0,9506.0,46038
2026-03-17,9663.0,9729.0,9531.0,9630.0,31655
2026-03-18,9859.0,9900.0,9657.0,9663.0,32315
2026-03-19,9674.0,9781.0,9630.0,9781.0,74131
2026-03-20,9512.0,9794.0,9470.0,9705.0,42855
2026-03-23,9162.0,9498.0,9088.0,9466.0,46331
2026-03-24,9337.0,9436.0,9211.0,9252.0,46884
2026-03-25,9554.0,9662.0,9401.0,9401.0,49122
2026-03-27,9150.0,9531.0,9120.0,9464.0,131105
2026-03-30,8746.0,9090.0,8712.0,9026.0,108922
2026-04-01,8907.0,9166.0,8831.5,8999.0,71648
2026-04-02,8992.5,9020.0,8588.0,8780.0,52733
2026-04-06,9131.0,9190.0,8838.0,9037.0,48445
2026-04-07,9237.0,9300.0,8933.0,9077.0,46495
2026-04-08,9970.0,10100.5,9450.0,9500.0,101490
2026-04-09,9912.5,10090.0,9879.0,9961.5,54813
2026-04-10,9997.5,10118.5,9924.0,9990.0,42980
2026-04-13,9858.0,10022.0,9795.0,9846.0,39203
2026-04-15,10058.5,10167.5,9942.5,10004.5,53511
2026-04-16,10205.0,10260.0,10098.0,10173.0,81617
2026-04-17,10355.5,10401.0,10150.5,10210.0,47900
2026-04-20,10388.0,10496.0,10302.0,10400.0,38761
2026-04-21,10329.0,10449.0,10304.5,10375.0,20317
2026-04-22,10376.0,10425.5,10300.0,10355.0,25978
2026-04-23,10376.5,10583.0,10252.0,10350.5,50640
2026-04-24,10259.5,10450.0,10210.0,10351.5,32677
2026-04-27,10333.5,10420.0,10255.5,10310.0,20642
2026-04-28,10246.5,10392.0,10185.0,10333.5,65957
2026-04-29,10305.5,10470.0,10290.0,10355.0,23745
2026-04-30,10267.0,10372.5,10120.5,10355.0,28916
2026-05-01,10267.0,10267.0,10267.0,10267.0,0
2026-05-04,10376.0,10691.0,10276.0,10399.0,48288
2026-05-05,10469.0,10498.0,10231.0,10376.0,28968
2026-05-06,10612.0,10799.0,10514.0,10600.0,47202
2026-05-07,10597.0,10804.0,10542.0,10800.0,139708
2026-05-08,10632.0,10840.0,10342.0,10545.0,79849
2026-05-11,10425.0,10662.0,10370.0,10632.0,34410
2026-05-12,10097.0,10525.0,10062.0,10410.0,42479
2026-05-13,10025.0,10195.0,9958.0,10060.0,32335
2026-05-14,10357.0,10473.0,9940.0,10074.0,57961
2026-05-15,10308.0,10482.0,10229.0,10305.0,21073
2026-05-18,10367.0,10425.0,10100.0,10250.0,30521
2026-05-19,10313.0,10475.0,10270.0,10367.0,30959
2026-05-20,10468.0,10498.0,10171.0,10237.0,39588
2026-05-21,10402.0,10685.0,10200.0,10540.0,78531
2026-05-22,10483.0,10575.0,10370.0,10389.0,29263
2026-05-25,10642.0,10741.0,10535.0,10650.0,33285
2026-05-26,10705.0,10931.0,10601.0,10681.0,47093
2026-05-27,10556.0,10710.0,10500.0,10705.0,30861
2026-05-28,10556.0,10556.0,10556.0,10556.0,0
2026-05-29,10361.0,10620.0,10270.0,10570.0,103855
