Price,Close,High,Low,Open,Volume
Ticker,BAJAJ-AUTO.NS,BAJAJ-AUTO.NS,BAJAJ-AUTO.NS,BAJAJ-AUTO.NS,BAJAJ-AUTO.NS
2020-01-01,2599.727294921875,2635.750862118407,2593.125022703653,2626.879058825171,320021
2020-01-02,2575.711669921875,2618.2138009699293,2568.325417541667,2603.7300247525945,452413
2020-01-03,2535.314208984375,2581.6951378382637,2529.4959154397116,2579.425606429631,424311
2020-01-06,2506.92431640625,2534.942874473122,2499.001709461424,2533.622339239624,355754
2020-01-07,2507.171875,2535.272839840228,2500.693515489945,2513.402810460095,225535
2020-01-08,2524.75048828125,2536.428178189402,2475.8524033157637,2475.8524033157637,393614
2020-01-09,2546.579345703125,2566.6337915094255,2530.3625922126657,2538.574129480062,333029
2020-01-10,2559.371337890625,2572.4108686350696,2546.6207372122763,2556.730468730011,455081
2020-01-13,2553.470458984375,2574.8452378281736,2542.0401929378777,2563.3325642580908,154993
2020-01-14,2559.700927734375,2573.2355047018477,2536.9230088048366,2551.035445758952,278534
2020-01-15,2577.81640625,2589.741722194384,2551.7786504222545,2559.2062079428883,553613
2020-01-16,2568.36669921875,2599.6448856616084,2559.6186072633263,2582.9741873268213,287553
2020-01-17,2573.318359375,2589.7414319022205,2556.7300688441933,2568.2840459145027,272072
2020-01-20,2561.4345703125,2595.2299185209004,2544.4749394467344,2583.139585400647,365554
2020-01-21,2555.9462890625,2574.061235659532,2546.414216937315,2555.079700417413,215722
2020-01-22,2538.90380859375,2566.633433680392,2533.7046801897004,2562.5070133690087,269339
2020-01-23,2529.66064453125,2550.086424887997,2518.024260249534,2535.2726164010855,256329
2020-01-24,2537.046875,2552.562255396017,2528.670322508811,2531.971458700076,209961
2020-01-27,2544.020751953125,2577.3208432494516,2512.206010792855,2533.4570755717737,308445
2020-01-28,2526.112060546875,2566.3035580328583,2515.4659760847626,2549.962892300586,239986
2020-01-29,2551.655029296875,2557.5557307209965,2525.369646984914,2541.050046753775,243945
2020-01-30,2595.930908203125,2628.5296272856312,2509.771336336163,2565.3953991891317,2400831
2020-01-31,2624.444580078125,2673.879014014533,2599.6447541108837,2599.6447541108837,1141144
2020-02-03,2710.646240234375,2735.9411230328637,2570.8431626322567,2593.868513641845,921166
2020-02-04,2610.208740234375,2734.16637880747,2600.4703470034224,2698.679160489112,1546450
2020-02-05,2609.1357421875,2658.157538261365,2599.6449748191126,2628.5299189837697,646723
2020-02-06,2599.47998046875,2649.9873286847555,2592.5474729188622,2616.1506795174946,514236
2020-02-07,2587.1416015625,2631.830649111792,2563.8273288006912,2611.8588168129054,454698
2020-02-10,2561.104248046875,2600.346548221663,2551.5308716676236,2589.741566693155,386072
2020-02-11,2595.89013671875,2599.6452201115467,2558.381010268506,2579.0131151900264,274244
2020-02-12,2596.591552734375,2628.241078889505,2588.7926578401066,2611.776700449296,345354
2020-02-13,2588.4208984375,2617.966108690362,2575.216353205863,2598.8195584015625,268031
2020-02-14,2596.674072265625,2645.035805973686,2588.751465001684,2595.51875500382,381580
2020-02-17,2538.243896484375,2607.4438484122384,2533.6222248611607,2601.749468631295,269986
2020-02-18,2543.93798828125,2550.5815649305237,2503.4990713548004,2529.247892447632,337054
2020-02-19,2550.87060546875,2568.242876488795,2535.6028492514138,2551.7784985947437,220584
2020-02-20,2529.908447265625,2558.422053654049,2523.429886387332,2550.9531921376765,256115
2020-02-24,2459.759521484375,2545.712789040727,2451.1353420198334,2539.3994455988664,499562
2020-02-25,2432.4423828125,2481.6293979316715,2418.907803570911,2469.250135886785,527499
2020-02-26,2431.7822265625,2454.394930465577,2409.829588755711,2423.8594185532615,445577
2020-02-27,2423.52978515625,2451.052893730081,2404.4656385757803,2430.2970756421855,416726
2020-02-28,2385.071044921875,2405.7031473865973,2352.4310185256095,2385.071044921875,925702
2020-03-02,2304.3583984375,2430.0492166943504,2287.6876986506163,2409.8297547113275,1281846
2020-03-03,2321.648193359375,2354.2017152460185,2287.801154046772,2328.3313667268317,1459848
2020-03-04,2338.24853515625,2383.9528214786847,2288.2325237090577,2345.5784678683385,954038
2020-03-05,2331.478759765625,2370.586186118122,2325.054332215497,2345.535024074466,384427
2020-03-06,2358.556640625,2378.3474154818027,2259.3438102111395,2276.5907095257285,658891
2020-03-09,2219.11572265625,2319.708188707836,2206.3961331456776,2306.773012934372,706890
2020-03-11,2234.81005859375,2267.9671792406,2209.931323003537,2224.8499324869767,641982
2020-03-12,2016.9384765625,2186.044401884149,1999.8210559881204,2173.0660685552316,799317
2020-03-13,2032.633544921875,2097.6111163084697,1759.1838529741322,1939.4139634013839,883265
2020-03-16,2017.49951171875,2060.1424346148624,1974.770270099638,1996.3288975024725,963321
2020-03-17,1957.910888671875,2046.0856525610193,1940.319137351369,2022.371168385455,658935
2020-03-18,1870.42626953125,1991.930593513794,1860.2073972616508,1974.7700125525876,593949
2020-03-19,1868.356689453125,2050.1388400444384,1752.5867723829178,1827.9557435414745,1010352
2020-03-20,1933.6361083984375,1982.4447058673945,1857.4478484472609,1888.4491070510896,718313
2020-03-23,1669.112060546875,2060.1423946958716,1638.4556508673738,1769.5321029367637,797154
2020-03-24,1670.49169921875,1774.6197565302805,1542.4334620107059,1724.690063408001,1210613
2020-03-25,1678.7701416015625,1715.2042181304778,1609.6531682691036,1653.1153776551664,606235
2020-03-26,1816.831787109375,1840.1580527255294,1667.775358189166,1723.13786933777,989242
2020-03-27,1770.7822265625,1868.7015394609705,1730.8557178364943,1853.179330088429,938567
2020-03-30,1713.220703125,1742.626750700937,1677.304119477652,1738.487452754358,462909
2020-03-31,1743.96337890625,1766.4274028572245,1664.5845853074238,1756.8985538262164,762791
2020-04-01,1768.7559814453125,1807.302762314716,1716.066615714271,1724.6900660444935,869738
2020-04-03,1753.794189453125,1773.2401118165667,1688.083540847423,1768.755959806401,692217
2020-04-07,1966.18994140625,1986.4550507825968,1780.742589878987,1780.742589878987,1069857
2020-04-08,1933.11865234375,2055.356050273156,1870.038202810839,1879.9120104839872,840875
2020-04-09,2100.629150390625,2177.3778513624266,1974.683627644256,1974.7699463531044,1788927
2020-04-13,2067.51513671875,2095.6274552212617,2002.149348674922,2095.6274552212617,654478
2020-04-15,2013.7047119140625,2141.7199872868805,2000.6834295787799,2078.2513151905105,986750
2020-04-16,2012.3253173828125,2039.4460268809437,1952.7803500515422,2009.2639503731918,944544
2020-04-17,2051.64794921875,2091.229709624321,2023.9668020280342,2052.3810266559317,690554
2020-04-20,2050.9150390625,2082.5630566573973,2027.9765791526097,2078.2513319024133,427667
2020-04-21,2003.44287109375,2030.3479909705459,1979.0816266696033,2021.3365285026364,702627
2020-04-22,2052.122314453125,2080.0624182293986,1980.0304001763088,2003.4429822572538,712519
2020-04-23,2096.05908203125,2110.115349596069,2042.0332444684793,2052.1226402673083,1179211
2020-04-24,2108.7353515625,2131.716760744693,2053.243368662263,2078.251372732488,669287
2020-04-27,2160.821044921875,2200.575234760677,2115.547931140213,2129.9922102991245,1128257
2020-04-28,2124.559326171875,2195.8752152892134,2096.6625918498958,2165.2190190846018,646907
2020-04-29,2155.12939453125,2173.1093717609833,2112.745222545401,2133.441502276458,525256
2020-04-30,2262.189697265625,2288.663646853892,2164.615233477011,2177.5074597487082,1118513
2020-05-04,2105.975830078125,2203.248391535422,2082.9081005335443,2198.979825745078,574557
2020-05-05,2089.289794921875,2146.2906809268197,2070.3182023174777,2134.3041679947046,663761
2020-05-06,2131.587646484375,2151.5508497142337,2036.2553613172,2091.1866976180427,778602
2020-05-07,2075.2763671875,2143.574047939842,2069.6279654251716,2129.9921144167392,422145
2020-05-08,2086.0556640625,2112.7451990623335,2070.533454436736,2109.338978501146,455821
2020-05-11,2213.036376953125,2263.6128352479127,2093.774001873175,2095.498692154784,1627625
2020-05-12,2266.975830078125,2290.3020948543353,2150.9041041227665,2182.595284167474,1335103
2020-05-13,2324.882080078125,2392.1449889231153,2303.625360406515,2392.1449889231153,1257856
2020-05-14,2330.616455078125,2354.2016732709703,2243.3903490895345,2243.3903490895345,893108
2020-05-15,2296.942138671875,2336.9548609335234,2285.214162905475,2332.6431360978527,645362
2020-05-18,2136.41650390625,2288.103110455451,2122.230971255864,2285.2141705924582,1172714
2020-05-19,2163.88232421875,2203.2914481314774,2144.5656701342427,2171.3846835205713,641584
2020-05-20,2205.6630859375,2225.2382767702197,2136.416735238967,2152.413278271919,947430
2020-05-21,2276.892578125,2349.200076026913,2260.4217053291604,2271.847775942651,3481384
2020-05-22,2202.213623046875,2271.847984304255,2192.770987063556,2261.931016447167,1328364
2020-05-26,2211.78564453125,2240.3291375442905,2184.8373634388145,2224.8500869914847,686475
2020-05-27,2225.324462890625,2246.408756327973,2190.6150761565746,2215.3643358950335,563888
2020-05-28,2242.096923828125,2258.912650756836,2112.7451782226562,2231.7487841796874,1087116
2020-05-29,2337.385986328125,2363.687507295846,2234.551351069085,2244.6839042287806,2057601
2020-06-01,2378.606201171875,2405.94249493959,2350.27808435679,2354.2017961236843,1008549
2020-06-02,2411.202880859375,2426.854358020457,2350.924840485608,2379.985824181634,1283507
2020-06-03,2400.2509765625,2480.535379867002,2388.781956547668,2436.12461259318,750002
2020-06-04,2429.441650390625,2443.1960121613765,2376.6230148110967,2395.5946063661927,709462
2020-06-05,2394.12841796875,2451.560467505909,2381.796842607432,2450.784441234729,723898
2020-06-08,2415.4716796875,2426.6390061414086,2367.137196822376,2414.566175265083,727119
2020-06-09,2406.934326171875,2427.156486223435,2385.246432160804,2418.964208166484,619517
2020-06-10,2343.16357421875,2417.971996019218,2331.2202233983285,2406.1147533707285,687626
2020-06-11,2344.328125,2378.347594349836,2331.263471466584,2343.16387499533,661173
2020-06-12,2399.1728515625,2413.74660713138,2250.935843002343,2250.935843002343,895700
2020-06-15,2352.951416015625,2392.1449528956373,2335.1870253748334,2392.1449528956373,517425
2020-06-16,2344.24169921875,2403.3123311158947,2330.78924367611,2383.521555674562,611383
2020-06-17,2319.23388671875,2360.928354712726,2306.083124512876,2344.2418935364776,600388
2020-06-18,2309.661865234375,2325.873783160478,2281.894187203239,2319.233768622644,579578
2020-06-19,2306.21240234375,2336.9549169455413,2289.5259426163884,2319.708017189486,929078
2020-06-22,2462.641845703125,2478.336483309923,2293.4497911182457,2319.708155455277,1872829
2020-06-23,2468.16064453125,2509.5102554901264,2453.3283527160947,2492.1770368680804,1089848
2020-06-24,2429.441650390625,2569.7019919243457,2419.4383633572797,2500.6282780824617,1616696
2020-06-25,2432.20068359375,2492.17681478993,2391.0237137300064,2405.76989605165,1341923
2020-06-26,2472.860595703125,2500.800489370995,2436.124614645883,2460.873873934003,1227656
2020-06-29,2465.87548828125,2474.93011063724,2427.5011363915783,2436.124586254426,680236
2020-06-30,2437.030029296875,2512.398894988994,2427.5010753314264,2502.869941023545,751691
2020-07-01,2450.82763671875,2476.65482722888,2439.229138635248,2447.378256736537,525799
2020-07-02,2482.993408203125,2503.775798460797,2446.5593283105914,2464.495937677064,754915
2020-07-03,2528.740234375,2552.5410390879774,2490.1073492371725,2499.93799740407,1394992
2020-07-06,2498.2998046875,2540.4683913281415,2487.0030008792805,2537.0621706562342,1126381
2020-07-07,2455.2255859375,2564.6141380077356,2437.4614045094368,2501.6629503565705,2168021
2020-07-08,2459.796142578125,2499.938347526262,2424.569472935303,2485.2784813972708,1348810
2020-07-09,2485.2783203125,2496.488805449232,2449.232256766163,2481.8289402704286,700469
2020-07-10,2496.22998046875,2513.7356257323395,2463.202125509386,2479.2418264083967,688336
2020-07-13,2500.800537109375,2509.4239872373387,2480.79417491919,2499.851873381919,481601
2020-07-14,2500.369384765625,2509.337688757646,2455.096271228741,2499.075867236,612986
2020-07-15,2537.06201171875,2548.229336756223,2500.800364329288,2513.735538627543,905297
2020-07-16,2537.27783203125,2543.9178466769017,2499.8519312888793,2538.7437764802708,525135
2020-07-17,2582.72314453125,2587.0348693134392,2522.358997580603,2543.9176214915487,687105
2020-07-20,2589.234130859375,2604.2820096361775,2564.614137966222,2587.8974539464134,766788
2020-07-21,2590.742919921875,2636.188455707164,2578.4113452942165,2599.9699685826295,834544
2020-07-22,2574.44482421875,2613.034765148722,2506.4490434476907,2596.520941679224,2050770
2020-07-23,2614.71630859375,2630.1521995844914,2534.992346445164,2556.852875989514,1057181
2020-07-24,2574.531005859375,2612.9053584839744,2568.063418338375,2612.9053584839744,543609
2020-07-27,2604.713134765625,2617.217137564533,2530.1634498402054,2578.4116116368878,621957
2020-07-28,2689.955810546875,2699.1397000733673,2602.557065438154,2605.1441002944543,1263659
2020-07-29,2672.666015625,2715.5245218627283,2656.755791796992,2696.596090404832,582910
2020-07-30,2629.246826171875,2699.096773311239,2620.9684402383928,2681.893032141012,570166
2020-07-31,2591.303466796875,2654.211490040531,2579.7912878060806,2646.4074365149777,561196
2020-08-03,2515.848388671875,2647.3128423653507,2509.4239605016787,2578.411560790385,1246016
2020-08-04,2561.12158203125,2586.1727472818347,2519.815339270707,2534.4320454355825,706322
2020-08-05,2594.796142578125,2617.605126051758,2562.889377116048,2575.1346341866956,678314
2020-08-06,2579.963623046875,2651.7106796547496,2566.6833847051303,2608.4210059504867,853222
2020-08-07,2588.501220703125,2603.419832902303,2565.476648852054,2579.9640885052067,515510
2020-08-10,2581.688720703125,2608.5938448641214,2562.027210939274,2588.5011625639295,442147
2020-08-11,2593.45947265625,2638.775745290727,2583.37007808977,2604.9718628172222,696792
2020-08-12,2606.868896484375,2617.2170363314845,2571.9439245003796,2593.4593898258063,489280
2020-08-13,2602.51416015625,2621.528910313074,2587.035108861586,2621.528910313074,462333
2020-08-14,2576.298583984375,2611.3959797965267,2566.3384581439655,2606.0063240964596,542458
2020-08-17,2686.72216796875,2695.6904717612306,2580.1362416857332,2599.107831698128,1577193
2020-08-18,2677.408935546875,2713.799854308251,2667.2332219178325,2693.9659182901096,825757
2020-08-19,2638.603515625,2724.148105380852,2629.074560392489,2681.8931964971352,953142
2020-08-20,2618.898681640625,2643.087501699245,2608.895605670416,2637.9134315490996,563069
2020-08-21,2632.86865234375,2651.710975521406,2619.80420931188,2640.5004900964377,395723
2020-08-24,2620.968505859375,2669.8202686153254,2610.1028740411616,2641.2765633130634,562548
2020-08-25,2595.14111328125,2633.946640591431,2579.877647979271,2633.946640591431,652358
2020-08-26,2657.919677734375,2706.038570132132,2648.5202015862355,2656.065720225068,2026040
2020-08-27,2624.115966796875,2663.568252528376,2608.766182919239,2657.9198503879943,711504
2020-08-28,2599.23681640625,2640.888117507984,2588.7594100028527,2624.977896085504,679405
2020-08-31,2558.577392578125,2612.04277793028,2540.55446785827,2608.593398230141,2787032
2020-09-01,2551.161376953125,2590.484393369449,2526.670863040109,2541.330728115768,755670
2020-09-02,2484.02783203125,2560.905801478382,2455.1392756921923,2543.917647767773,1946352
2020-09-03,2497.69580078125,2521.2378597572756,2488.7706569695274,2508.6045905957103,785527
2020-09-04,2486.31298828125,2523.3077140060186,2449.0597274908937,2483.5535264696387,1499317
2020-09-07,2499.248291015625,2506.70770174723,2440.4795622063416,2499.377769088497,807657
2020-09-08,2502.309814453125,2516.322921883077,2471.696564375384,2500.7575512157296,798195
2020-09-09,2509.55322265625,2519.5133495332584,2459.40794501733,2479.241880057792,677328
2020-09-10,2513.477294921875,2521.7990517021553,2476.2240276109173,2515.5470495429427,686071
2020-09-11,2514.89990234375,2536.9758078251257,2504.163538763558,2512.873307398599,683992
2020-09-14,2550.5576171875,2576.686711286145,2496.488630914789,2519.771944570989,1185683
2020-09-15,2533.009033203125,2552.541062185188,2518.9527683553506,2550.2988810928673,632573
2020-09-16,2619.760986328125,2629.2899408146122,2533.05215329034,2537.450197063626,1865973
2020-09-17,2603.592041015625,2612.8622499761327,2574.315469707503,2599.9702340400704,687069
2020-09-18,2630.971435546875,2647.3991499029626,2583.5856199053014,2606.9552536178235,937014
2020-09-21,2575.5654296875,2626.6593641984337,2552.627182033023,2626.6593641984337,779499
2020-09-22,2574.832763671875,2595.1839782548127,2537.1051719555094,2573.4097681785106,690800
2020-09-23,2575.134521484375,2628.0826292539377,2548.22940037894,2580.998509419346,949248
2020-09-24,2528.266357421875,2588.6734582750046,2511.8386425131575,2556.766692202827,736921
2020-09-25,2550.299072265625,2585.7415367222216,2523.2646822687902,2548.186369078012,559314
2020-09-28,2558.017578125,2606.2657463725623,2546.3759187901924,2567.115150882084,902239
2020-09-29,2498.644775390625,2596.520938292035,2492.1771875337035,2580.739981814455,1189292
2020-09-30,2484.502197265625,2534.4318872168815,2474.9300838082513,2498.687730029545,1095715
2020-10-01,2574.44482421875,2685.299322337685,2535.2944432204977,2535.2944432204977,4741959
2020-10-05,2545.901123046875,2604.2818360056103,2526.713947268357,2601.177309868518,904969
2020-10-06,2563.10498046875,2580.9986395972646,2544.780148831115,2574.099879451331,678723
2020-10-07,2653.780517578125,2671.501750094518,2547.841556704435,2565.4764705042353,2126243
2020-10-08,2651.322998046875,2682.5830059026043,2631.0147301470133,2647.399285988637,1009344
2020-10-09,2638.603515625,2671.2431505548934,2610.8360461795364,2656.0228441193494,698666
2020-10-12,2606.6533203125,2651.4089411108557,2596.607085385479,2631.014566296729,632718
2020-10-13,2616.742919921875,2631.101091461934,2583.758221443537,2608.5938012280367,456767
2020-10-14,2633.731201171875,2651.7111807081137,2604.282200240164,2619.7612526680095,822555
2020-10-15,2610.6630859375,2699.139764343081,2603.807485511751,2638.732456903411,1076100
2020-10-16,2625.624755859375,2666.370554271184,2612.042823055439,2612.9051679953714,548742
2020-10-19,2569.7880859375,2649.0806661469023,2561.3370628770567,2647.3991355127937,598192
2020-10-20,2590.65673828125,2603.0314729168913,2549.9540974659258,2569.7880319406354,899774
2020-10-21,2602.557373046875,2620.7958867261154,2580.1795610016234,2612.9055136951724,982019
2020-10-22,2592.381591796875,2621.0545640965533,2567.201158981743,2595.486118123906,1701072
2020-10-23,2657.962646484375,2669.388716746657,2584.5770091147638,2612.9051241293396,1217651
2020-10-26,2496.617919921875,2685.126611877151,2487.8652028151205,2671.501519439622,2140237
2020-10-27,2541.6328125,2563.1051204132154,2460.313630733129,2509.424140096714,1812330
2020-10-28,2538.787109375,2558.5778871232023,2492.3497419726723,2541.33098528887,1197897
2020-10-29,2522.6611328125,2530.1203331532333,2487.8654264304973,2517.141998267416,714820
2020-10-30,2489.503662109375,2555.3006268127683,2483.639884616634,2535.2942651941157,722940
2020-11-02,2452.25048828125,2530.8533630786083,2433.925656628564,2516.322765295921,926407
2020-11-03,2513.6064453125,2526.627728688502,2462.1674389678788,2462.1674389678788,951287
2020-11-04,2523.307861328125,2541.9775469020146,2485.6232153168935,2505.1122970911215,710858
2020-11-05,2543.314453125,2561.164954641565,2524.0841152309295,2544.78039769268,507235
2020-11-06,2567.545654296875,2587.0347335026318,2548.229212500092,2552.54093705593,889565
2020-11-09,2588.716552734375,2606.0066122386106,2569.788121929537,2578.411572003126,550477
2020-11-10,2584.87939453125,2606.4380216749632,2558.5778694159194,2599.9704335318493,664054
2020-11-11,2606.955322265625,2621.5288689354707,2575.4365695801216,2602.298532823102,782511
2020-11-12,2602.0830078125,2622.3049569635277,2583.801335008162,2608.5937549936384,646257
2020-11-13,2622.17529296875,2628.427293585053,2583.240504378523,2595.658186906499,557563
2020-11-14,2623.1669921875,2643.087244540806,2612.905171601514,2635.024235127936,59697
2020-11-17,2625.9697265625,2629.203520231255,2583.973568224289,2616.354664267445,501135
2020-11-18,2619.718017578125,2635.1541207315654,2590.3982850454836,2635.1541207315654,455293
2020-11-19,2616.570556640625,2635.757734653397,2595.6586884694016,2615.492625291593,888406
2020-11-20,2637.525146484375,2660.3341279381307,2606.0063969624084,2615.492191259757,820220
2020-11-23,2654.08251953125,2660.3345212424356,2613.4230339953383,2645.674655161035,493600
2020-11-24,2669.56103515625,2692.2407478808927,2632.7389504421417,2653.435227812142,858928
2020-11-25,2631.230224609375,2725.010244904752,2622.3911882137186,2673.26954405213,1219151
2020-11-26,2698.449951171875,2716.3867694067108,2632.7393038091072,2632.7393038091072,1264680
2020-11-27,2736.6953125,2801.759207672118,2704.055466510561,2711.9889992609255,2548347
2020-12-01,2797.1455078125,2801.7159787995397,2725.872771844627,2738.0319215698796,1400851
2020-12-02,2878.636962890625,2887.1311456058634,2778.044499871353,2797.14535797433,1707284
2020-12-03,2840.909423828125,2907.1375651995045,2829.354084471888,2904.981702593232,965142
2020-12-04,2855.56884765625,2884.1557077117277,2835.5624878726844,2844.2722556675863,739106
2020-12-07,2862.597412109375,2875.9206003702175,2817.9710579656994,2855.5691739773065,481597
2020-12-08,2868.33154296875,2918.821878595417,2846.212480661409,2862.9850467351457,823352
2020-12-09,2851.38720703125,2892.0035345582132,2845.738804570031,2875.920882800319,397850
2020-12-10,2837.847900390625,2862.9420115626303,2821.635773581162,2851.0847687613978,469288
2020-12-11,2869.582275390625,2877.774552948733,2833.2776769531843,2841.944286371346,611154
2020-12-14,2836.252685546875,2875.532542134154,2815.5564056888256,2869.5822353548974,425416
2020-12-15,2821.291015625,2886.4412243426636,2812.9694703506793,2831.9410608925905,746643
2020-12-16,2848.7568359375,2853.025401773261,2804.34606643522,2836.2528328737512,616704
2020-12-17,2820.256103515625,2871.6087892865826,2809.519950599305,2851.8611734174783,678073
2020-12-18,2886.742919921875,2900.066107479343,2820.644052258282,2824.9557770686883,1362381
2020-12-21,2792.488525390625,2893.1672979805594,2758.210313737949,2891.011435612467,797760
2020-12-22,2815.815185546875,2832.8033400303216,2735.358354513297,2798.309539847304,825331
2020-12-23,2854.06005859375,2862.0799092385346,2812.107058357847,2829.3539584397718,816586
2020-12-24,2910.198486328125,2952.28096006169,2859.5788821951005,2861.2604126636697,1567636
2020-12-28,2944.6494140625,2950.944574636415,2909.552014851918,2921.624844789063,536954
2020-12-29,2959.18017578125,2983.627531441526,2949.263207782166,2960.4305339874863,682613
2020-12-30,2973.494873046875,2994.7949632996374,2936.5003561940416,2964.052237259042,639180
2020-12-31,2969.959228515625,2987.9821541296174,2955.1269371758663,2987.9821541296174,410959
2021-01-01,3002.03857421875,3013.033473126122,2971.6409125336622,2971.6409125336622,421643
2021-01-04,3037.567138671875,3042.353195584544,2988.025459949106,3009.584085201264,647829
2021-01-05,3011.869140625,3022.5191854490186,2996.6488357875432,3018.423046752618,561562
2021-01-06,2986.0419921875,3041.490817846076,2962.9311040591847,3011.8691828549786,591620
2021-01-07,2964.69921875,3024.5460934822017,2956.334513600244,3018.2077729456296,531361
2021-01-08,3043.344970703125,3056.668370247432,2964.7854624078145,2991.4749997890062,675643
2021-01-11,3119.40380859375,3134.236100670742,3036.31678260143,3044.940232708222,788461
2021-01-12,3125.35400390625,3141.3505464675072,3068.3099638571234,3114.74711783238,863270
2021-01-13,3105.218017578125,3132.8993762138725,3084.608056349304,3125.3538574850336,515154
2021-01-14,3083.789306640625,3155.018887189991,3057.013448573924,3104.442430145593,743848
2021-01-15,3087.4541015625,3124.276194008432,3053.5638981462484,3094.0941165062804,684649
2021-01-18,3073.181640625,3120.007010851204,3022.5188776964224,3063.0490880392845,602004
2021-01-19,3139.798583984375,3159.6325217574154,3070.897293064464,3074.9071136617094,586410
2021-01-20,3142.342041015625,3184.467678752111,3129.7519302540695,3138.9358203502316,549040
2021-01-21,3193.5224609375,3282.9476003804407,3152.043579881905,3166.5310188066665,1533886
2021-01-22,3526.56005859375,3561.485032887196,3225.2136249758823,3233.750756700897,8537143
2021-01-25,3595.073486328125,3630.4725814329104,3501.1208267500274,3578.731879559757,2368224
2021-01-27,3575.584228515625,3653.4538125773215,3542.5995326941047,3564.4166924839365,2062088
2021-01-28,3566.486328125,3613.2255961487194,3515.43575611311,3518.367644937178,1262871
2021-01-29,3454.3818359375,3626.4628324001105,3440.7567420702294,3594.2541606387763,1406268
2021-02-01,3548.291015625,3570.9705199037467,3427.8644142736493,3504.569957229854,745011
2021-02-02,3623.099853515625,3683.205052100806,3550.490230380484,3583.7334643172244,1167922
2021-02-03,3653.1953125,3672.856610006165,3587.441506474328,3626.160712628853,681937
2021-02-04,3642.1142578125,3761.0315540069178,3621.8491494761456,3653.1954757332082,1163598
2021-02-05,3648.79736328125,3684.6276304100184,3588.2176256693133,3673.5897825886263,729191
2021-02-08,3654.143798828125,3672.2959917082817,3617.5370870532447,3648.9697290969402,616236
2021-02-09,3582.957275390625,3654.618231486144,3574.420143820214,3646.3396349975696,721336
2021-02-10,3580.068359375,3634.7843202380886,3535.7009599923117,3587.3553433429297,989105
2021-02-11,3606.240478515625,3623.918551051062,3558.423700809909,3583.0434821825033,546983
2021-02-12,3566.701904296875,3618.2270185593325,3550.2744003102484,3603.7397908420035,360063
2021-02-15,3554.8447265625,3617.235473307107,3545.6608362636825,3580.6291796521505,287922
2021-02-16,3563.942626953125,3602.5325658058787,3556.3107894694244,3561.4848594832015,318280
2021-02-17,3592.270751953125,3626.1607421869967,3545.1003118027925,3550.274381827316,554383
2021-02-18,3548.937744140625,3621.848842289002,3537.4253546785453,3621.848842289002,440460
2021-02-19,3450.32861328125,3541.3923281635853,3429.7184417624326,3540.7885182456534,762200
2021-02-22,3424.84619140625,3483.8736622150627,3386.2994135374397,3458.003313238218,762310
2021-02-23,3373.709228515625,3448.2589117089997,3354.694479146166,3407.9874422886446,802871
2021-02-24,3390.611328125,3406.2628059185618,3324.64193454202,3386.4288705929603,399843
2021-02-25,3401.778564453125,3432.133066046141,3371.8120759995813,3394.18988642151,632973
2021-02-26,3275.7900390625,3400.312788311689,3253.6709731503156,3372.200255985501,732210
2021-03-01,3289.02685546875,3327.6167926478515,3234.6559633253614,3275.789776044219,724589
2021-03-02,3401.132080078125,3416.7403993627645,3260.9578483003443,3295.8828232722244,735847
2021-03-03,3364.094482421875,3436.445150562873,3331.7565418582344,3436.445150562873,615104
2021-03-04,3345.079345703125,3386.946236700549,3312.2670770198665,3341.5868064181154,611769
2021-03-05,3322.486083984375,3374.5716388138244,3295.6670697340405,3321.839325221426,719936
2021-03-08,3275.8330078125,3318.303498272458,3251.040589523692,3318.303498272458,818275
2021-03-09,3275.8330078125,3302.522542959328,3256.214659427443,3278.8080559004684,526071
2021-03-10,3335.162353515625,3345.0361613825976,3278.6355982409477,3294.1578078065286,545219
2021-03-12,3230.689208984375,3344.173894677794,3220.6861333502748,3344.173894677794,1119478
2021-03-15,3160.192626953125,3255.3524851359784,3122.5945100011636,3255.3524851359784,1024257
2021-03-16,3151.396728515625,3182.053136202806,3134.6241599179402,3167.5225383457887,858553
2021-03-17,3078.2265625,3171.704669189325,3066.3261602968446,3147.5590110225767,773240
2021-03-18,3160.063232421875,3184.5969054093057,3074.2599054670445,3102.7172902862344,1285600
2021-03-19,3147.6025390625,3167.393315521345,3078.7442037616197,3150.9656004877056,1132705
2021-03-22,3160.27880859375,3177.7412946771183,3134.020445701004,3147.7316468567888,502724
2021-03-23,3172.0068359375,3199.2568117976152,3140.0137520125745,3160.968777757824,581531
2021-03-24,3107.50341796875,3188.9518624517204,3096.637786576654,3157.0450969269195,507559
2021-03-25,3019.58740234375,3117.3772432720143,3015.620531043495,3117.3772432720143,808505
2021-03-26,3104.4853515625,3121.042334480891,3032.953871490511,3032.953871490511,691000
2021-03-30,3161.960205078125,3168.902124074069,3088.3591894729616,3108.1068047333733,749230
2021-03-31,3165.32373046875,3176.5342157848618,3114.8333871883406,3147.559338754453,694645
2021-04-01,3227.80029296875,3246.125123075433,3182.225278348874,3194.1256807130767,861229
2021-04-05,3103.148193359375,3225.169999489805,3083.788592019925,3190.7193620564854,723573
2021-04-06,3117.80859375,3138.9360479186835,3106.3825215975485,3138.892888558585,501882
2021-04-07,3173.601806640625,3185.027877097639,3101.207991021553,3108.753509247883,346982
2021-04-08,3147.386962890625,3189.7711373096417,3143.2476646000982,3189.7711373096417,414020
2021-04-09,3148.680419921875,3185.502510242733,3126.000703743884,3138.9358790697206,484807
2021-04-12,3053.563720703125,3103.579731943108,3001.003833756764,3086.764004026217,724230
2021-04-13,3106.5546875,3124.879518657724,3031.315086628875,3077.7092895019427,412122
2021-04-15,3102.285888671875,3152.345054013419,3040.714544823768,3106.5544539728126,614450
2021-04-16,3134.322021484375,3154.0266880138443,3078.5283447354245,3087.1949536813568,526787
2021-04-19,3031.616943359375,3071.672825663714,2972.5031527408255,3039.938488221701,601819
2021-04-20,3105.218017578125,3125.397016841602,3065.7227851156463,3091.808721292489,676558
2021-04-22,3174.636962890625,3185.5025946656724,3081.1588442719135,3099.9580083503733,1005711
2021-04-23,3166.9619140625,3198.95499678145,3138.935702433628,3173.4295013614706,631762
2021-04-26,3224.1787109375,3232.931428537847,3169.980243079521,3175.3267400117575,480016
2021-04-27,3264.4072265625,3275.1865398188816,3214.1324674280454,3224.17891370307,518487
2021-04-28,3354.306640625,3409.7123097965805,3282.9475881121857,3285.5777826075673,1252958
2021-04-29,3308.34326171875,3409.9706989162187,3283.0335636002615,3400.2261588144506,1335444
2021-04-30,3306.01513671875,3420.362167688935,3276.910993030649,3281.2227180214786,1340273
2021-05-03,3321.62353515625,3369.0093488407565,3263.9756900758807,3289.846039006469,796444
2021-05-04,3303.083251953125,3352.7973569444393,3289.88933135846,3343.3115619530845,408324
2021-05-05,3314.681640625,3322.270318474172,3263.199687978698,3313.3018044584446,371452
2021-05-06,3398.674072265625,3423.509650375035,3321.752940363888,3321.752940363888,938078
2021-05-07,3334.47265625,3421.612663938656,3323.4345977212492,3410.1434328934183,486456
2021-05-10,3336.111083984375,3366.465798084843,3315.285535299467,3363.1456854383982,306598
2021-05-11,3345.295166015625,3358.5751954588804,3286.612543757359,3328.6518645860037,453808
2021-05-12,3341.802490234375,3363.1455291694892,3317.6136706678894,3333.8257989151907,499840
2021-05-14,3318.99365234375,3358.1008738266914,3288.9840026616453,3346.1575212697703,481619
2021-05-17,3332.446044921875,3384.186746647399,3305.5409221312934,3315.7166355773375,427552
2021-05-18,3507.329833984375,3516.6432028666836,3335.0332465287947,3362.0246893833364,1371585
2021-05-19,3532.1220703125,3545.9627500989304,3490.600241486664,3514.055984108254,788882
2021-05-20,3510.77880859375,3560.6223900918917,3502.931595667063,3532.1218466549694,465579
2021-05-21,3557.6474609375,3563.209754949802,3496.8955046627893,3520.264929252476,378016
2021-05-24,3572.091552734375,3608.784585408651,3541.995796214702,3557.1731525456094,500267
2021-05-25,3578.818115234375,3610.6385619346293,3570.9706914189874,3592.1410930174234,297915
2021-05-26,3592.78759765625,3604.6018919009507,3571.8327837927604,3578.81786210288,261524
2021-05-27,3661.60302734375,3685.662367570058,3581.103040928067,3595.9784915224946,878610
2021-05-28,3621.417724609375,3670.1402157250864,3611.198852436332,3656.5153335389505,285520
2021-05-31,3615.639892578125,3646.598414460751,3593.3915603432874,3613.2254950416063,321021
2021-06-01,3655.437744140625,3748.613959029508,3626.0746423389915,3626.0746423389915,1248169
2021-06-02,3703.814697265625,3713.1712246619145,3621.848974030105,3645.908315144213,351583
2021-06-03,3685.102294921875,3708.083706236679,3658.067693454882,3703.1681710365283,323999
2021-06-04,3665.00927734375,3704.160078036047,3656.3428783348354,3677.3840125722495,374317
2021-06-07,3664.7509765625,3695.062321686409,3656.343112094829,3672.3394447834717,159646
2021-06-08,3682.126953125,3686.5249969839065,3651.1688508140023,3664.96637127055,150816
2021-06-09,3642.97607421875,3684.3686299206083,3622.7109688230485,3680.488077823559,262617
2021-06-10,3604.515869140625,3650.737646480582,3592.529357561853,3646.8570938860003,332571
2021-06-11,3598.13427734375,3636.3793598076195,3589.079655435515,3608.9135891392675,188155
2021-06-14,3575.713623046875,3617.9685289987133,3559.0271627076154,3598.565766061645,200657
2021-06-15,3568.469970703125,3597.530744904943,3562.4335556320952,3583.043517161231,138010
2021-06-16,3544.626220703125,3585.6735063941815,3537.339236929691,3568.4699760560798,216236
2021-06-17,3495.8603515625,3552.8614409325896,3485.641689514839,3552.8614409325896,357704
2021-06-18,3593.477783203125,3616.114338505009,3475.2502044416237,3496.808828538656,701993
2021-06-21,3606.886962890625,3618.3993520013328,3541.17653139764,3581.318519747744,374649
2021-06-22,3640.4755859375,3648.236690617128,3583.301862157448,3607.4475211607346,591793
2021-06-23,3620.64208984375,3673.2880878638266,3614.303769375093,3647.7196407889396,418053
2021-06-24,3645.046142578125,3653.0662040401417,3584.5527226136405,3613.2256950144115,314542
2021-06-25,3618.529052734375,3664.1040722784037,3602.8775744832124,3639.0960661367058,175051
2021-06-28,3607.577392578125,3626.3763453280258,3592.5293037599563,3618.5289215409025,158954
2021-06-29,3556.87109375,3612.233809211106,3550.2742389476,3608.9136968656076,332405
2021-06-30,3564.804931640625,3590.804548952443,3552.68873185525,3561.4848192059535,331122
2021-07-01,3625.772216796875,3664.9659623979696,3570.9703647741158,3570.9703647741158,755502
2021-07-02,3600.592529296875,3647.2884300670894,3596.8412440737275,3647.2884300670894,375525
2021-07-05,3623.142578125,3664.8799926100014,3610.50930787699,3614.6054466955297,375703
2021-07-06,3617.88232421875,3664.1041029289545,3597.7035343421035,3624.8674033094517,515181
2021-07-07,3611.71630859375,3642.545141168746,3595.9785129435772,3621.8488619575596,392794
2021-07-08,3637.6337890625,3674.301734537086,3595.924967636039,3629.9610631289243,625491
2021-07-09,3565.011474609375,3639.9981849466367,3559.747774299413,3637.366334791656,656635
2021-07-12,3529.5478515625,3595.4344989228225,3521.295303394997,3584.728490489306,512870
2021-07-13,3538.4248046875,3586.2448411307005,3528.120228841585,3555.2866794795195,614101
2021-07-14,3527.49560546875,3571.4348429912643,3515.139001801176,3541.011852322048,527932
2021-07-15,3515.139404296875,3541.8597732108406,3506.4854244532166,3527.6297473578284,310788
2021-07-16,3507.95751953125,3533.518245899494,3501.756999744245,3531.198523563751,323569
2021-07-19,3464.15234375,3514.2474571108905,3457.1487423977405,3499.0806110152103,408067
2021-07-20,3484.270263671875,3508.4034339283053,3463.304331054539,3468.6573351270504,467908
2021-07-22,3437.69921875,3580.847427714416,3373.820166634259,3497.296041800687,1707977
2021-07-23,3427.61767578125,3501.7568701449413,3412.584786530479,3455.3641676614925,709478
2021-07-26,3422.666259765625,3453.8474647160056,3417.0009100344987,3436.6285915020594,408134
2021-07-27,3409.328125,3442.8737035100057,3400.941839279643,3434.844197593553,391373
2021-07-28,3406.740966796875,3427.2161635608436,3373.28469175304,3420.56956048166,235770
2021-07-29,3357.894775390625,3415.038136220509,3345.627474650241,3415.038136220509,355185
2021-07-30,3416.64404296875,3441.981507635897,3348.4376773594245,3368.8237876705925,511767
2021-08-02,3427.305419921875,3461.6092098952217,3402.0123892135493,3456.256205962394,351187
2021-08-03,3415.39501953125,3424.1383031594983,3395.27660214446,3417.000964330609,408981
2021-08-04,3418.78515625,3448.0929397177847,3404.5104791884132,3421.4616581990476,363955
2021-08-05,3406.964111328125,3441.9816802628884,3402.3695365426584,3427.7070024805644,333818
2021-08-06,3432.92626953125,3454.7843698909146,3387.7825139076117,3419.6774970854894,504011
2021-08-09,3439.438720703125,3478.4710405460655,3423.2906230681024,3442.1152226352124,396098
2021-08-10,3388.406982421875,3445.327303570755,3376.9427625308235,3441.0895086094133,253258
2021-08-11,3325.241455078125,3395.811979666334,3296.7367517771836,3390.2359337227113,497724
2021-08-12,3362.890869140625,3369.7158617985397,3333.1370028274678,3342.7724531436793,316454
2021-08-13,3413.208984375,3443.7657138306213,3354.5489854930406,3372.3923311605568,581862
2021-08-16,3344.24462890625,3416.1087518532236,3340.274527797981,3413.4322498277443,294567
2021-08-17,3396.88232421875,3407.6329836877294,3338.0885865964533,3344.735189382196,319770
2021-08-18,3419.72216796875,3440.2420173997084,3367.9318087768843,3399.1576666066035,493285
2021-08-20,3346.9658203125,3412.540120670482,3324.0371629338606,3372.3925898390644,301943
2021-08-23,3272.6923828125,3379.4401028437546,3253.8675674710676,3379.4401028437546,455643
2021-08-24,3314.1787109375,3320.6469243177535,3259.7118498760915,3292.0975687083587,276602
2021-08-25,3291.78515625,3354.504564145333,3283.1758284993534,3329.0777948213567,398715
2021-08-26,3293.346435546875,3318.55016293093,3274.2541415745823,3291.785142700075,283891
2021-08-27,3300.5283203125,3345.538117660457,3282.283542336682,3307.6210068832597,274822
2021-08-30,3319.21923828125,3351.5158697898933,3305.479948562737,3316.9888199623815,561903
2021-08-31,3325.865966796875,3335.813545097167,3306.0152443100037,3330.4158893524873,693952
2021-09-01,3353.03271484375,3399.157724923553,3327.8736382378847,3349.1963515388497,585605
2021-09-02,3319.709716796875,3380.4217422978045,3316.18569968882,3380.4217422978045,474397
2021-09-03,3352.318603515625,3398.7113027525675,3323.3231664925356,3324.215333785554,740269
2021-09-06,3373.373779296875,3416.108504753481,3363.470635393216,3376.362408987239,779715
2021-09-07,3364.09521484375,3390.8155820771053,3356.467140819871,3387.380868639952,450262
2021-09-08,3323.6357421875,3363.2478856132047,3317.0782250042826,3363.2478856132047,396710
2021-09-09,3301.554443359375,3326.847255977085,3296.558219284272,3323.233934799045,479537
2021-09-13,3300.617431640625,3318.862208552204,3283.1755181376643,3300.1266960845705,342427
2021-09-14,3346.564453125,3360.7944790980077,3292.0975916834745,3316.5428904689006,741880
2021-09-15,3371.58984375,3391.6636098646954,3352.809676777613,3356.8690819325566,510406
2021-09-16,3402.280029296875,3420.569459112159,3372.437076405037,3388.451436021904,558125
2021-09-17,3410.0419921875,3461.073920903674,3399.5590258539573,3425.9226145364914,1304667
2021-09-20,3368.868408203125,3402.190726480885,3332.244896633096,3402.190726480885,399648
2021-09-21,3326.713623046875,3384.7491521132292,3297.4504907136143,3369.716045299059,354217
2021-09-22,3352.006103515625,3363.4705398288133,3320.6911636609534,3329.568184254942,245919
2021-09-23,3389.522216796875,3408.079341591437,3352.006535455502,3352.006535455502,228970
2021-09-24,3398.97900390625,3434.041222161083,3378.6821979458814,3390.2357208527733,363519
2021-09-27,3491.407470703125,3501.578308745723,3410.577242946535,3417.8929713400835,962801
2021-09-28,3487.21435546875,3519.421682803496,3457.5051401895284,3505.325395603445,478682
2021-09-29,3478.783447265625,3511.481292650594,3434.844206442946,3479.452572760387,379896
2021-09-30,3419.36474609375,3476.240408655617,3400.941579385693,3472.5380016694553,576711
2021-10-01,3437.163818359375,3462.278240664755,3392.5998875863484,3408.079077327672,407091
2021-10-04,3413.3876953125,3465.713442092518,3409.1945522491064,3440.5988000147827,237249
2021-10-05,3447.334716796875,3456.1670866318923,3408.079352526931,3412.049453759554,287612
2021-10-06,3363.515625,3465.1780528910367,3354.5492994001797,3458.0407139561426,383507
2021-10-07,3415.707275390625,3451.4830546408775,3376.8533445999396,3403.6183645042984,343916
2021-10-08,3404.109130859375,3460.315673166429,3395.678193076175,3429.0898163291768,215542
2021-10-11,3436.7177734375,3461.5198503424467,3417.313134493215,3430.3832984265255,239321
2021-10-12,3549.7109375,3563.762573633365,3441.981727144204,3443.766061891298,1353877
2021-10-13,3539.8076171875,3613.2776838855552,3529.9493424495645,3564.1638288417344,648769
2021-10-14,3538.24658203125,3576.7437357849944,3527.8082670804984,3541.904555473708,272066
2021-10-18,3493.682373046875,3541.6363637497116,3444.657825184225,3444.657825184225,463126
2021-10-19,3489.757080078125,3528.5217060801688,3472.5382074565205,3506.3959132604755,275481
2021-10-20,3433.6396484375,3488.2848964603777,3415.2164805155016,3482.798154600938,321450
2021-10-21,3393.8046875,3457.282308974602,3363.0249131259857,3452.687734128549,373336
2021-10-22,3449.56494140625,3488.374219810795,3401.878641734098,3425.4317718470033,408499
2021-10-25,3357.894775390625,3465.8470219060064,3332.24496475164,3438.4128766138742,306195
2021-10-26,3382.875732421875,3400.763732320217,3356.5567941726645,3372.2590275080856,170050
2021-10-27,3369.269775390625,3403.618216103597,3354.5490150850655,3385.7748702786766,251226
2021-10-28,3301.6435546875,3443.7658522026586,3291.0715026432736,3439.2603636777226,706705
2021-10-29,3307.4873046875,3349.9545563430215,3269.7932353306865,3318.862438043698,316325
2021-11-01,3324.349365234375,3345.627644177061,3284.6034830729914,3320.4685678557094,228051
2021-11-02,3338.3564453125,3381.3142155692794,3325.1523251294766,3332.245011913261,250053
2021-11-03,3299.591796875,3358.073413008769,3291.2501624447727,3324.394093946194,261709
2021-11-04,3353.96923828125,3358.9205925623924,3317.5241168212224,3317.5241168212224,65679
2021-11-08,3369.983642578125,3390.235797066163,3339.9176476248954,3382.206291231006,261609
2021-11-09,3385.284423828125,3430.383527815187,3365.255309991908,3372.3926489314454,521920
2021-11-10,3364.987548828125,3391.663483268986,3340.274556807764,3381.3142548882015,373526
2021-11-11,3345.58251953125,3374.0427853583337,3324.2151575590688,3367.485268976571,446382
2021-11-12,3243.072998046875,3374.176947733469,3225.809472544995,3374.176947733469,745428
2021-11-15,3212.828125,3277.733294857447,3194.0035260116993,3257.3027511964156,551238
2021-11-16,3219.564208984375,3258.0167081379086,3196.7248559626905,3223.311268217731,473529
2021-11-17,3197.349365234375,3251.0577956836337,3190.747196212084,3220.7241060422384,348752
2021-11-18,3165.00830078125,3207.252293777835,3144.889883636546,3203.326844594899,384426
2021-11-22,3072.802734375,3185.0374302416108,3056.5653322150583,3185.0374302416108,422572
2021-11-23,3064.461181640625,3076.639179129991,3012.001696658933,3069.0557564759083,713102
2021-11-24,3039.70361328125,3086.0070138745477,3020.566448440731,3086.0070138745477,287005
2021-11-25,3025.964111328125,3045.770183942573,3012.893946111614,3035.1534790633414,264226
2021-11-26,2975.02099609375,3018.6478874507798,2961.9952671306605,3006.6036295874474,341506
2021-11-29,2942.546142578125,2992.6414671154043,2896.1534430209936,2962.8876005621855,403739
2021-11-30,2890.889892578125,2964.6274365424647,2875.5000058714886,2940.5835701491583,682518
2021-12-01,2899.142333984375,2938.9775173629832,2879.2916112806533,2926.3087850879597,551434
2021-12-02,2969.48974609375,2977.474818196201,2887.4996530509584,2908.4209340251127,502905
2021-12-03,2933.312255859375,2982.6489318082286,2926.8440431296826,2975.3778556584916,315536
2021-12-06,2899.320556640625,2944.1519615090583,2893.0307338872735,2942.1892370975734,251407
2021-12-07,2932.06298828125,2959.318741081377,2909.357375540057,2930.724737418536,286908
2021-12-08,2972.74609375,2978.0097936911393,2941.475586340845,2946.6948521684367,334037
2021-12-09,2980.730712890625,2988.7602179537844,2949.5048598672274,2988.7602179537844,237723
2021-12-10,2984.076416015625,3001.4290255035235,2961.9952765294493,2962.1736664169885,220039
2021-12-13,2949.01416015625,3008.7893652415423,2939.6910560602782,3003.9270973459656,214515
2021-12-14,2936.70263671875,2948.613158235527,2915.602965541211,2944.1523213849437,181626
2021-12-15,2939.2451171875,2970.783317803143,2921.847855149207,2934.918018734316,295667
2021-12-16,2902.35400390625,2968.909772507145,2879.336261508085,2968.909772507145,324140
2021-12-17,2836.333740234375,2910.0715023122575,2809.524285650376,2897.8042012644296,3170631
2021-12-20,2770.35791015625,2829.1518670557225,2700.6351214339843,2810.237745677266,595625
2021-12-21,2793.197509765625,2819.293404069455,2758.5813739296527,2776.424720462186,326850
2021-12-22,2797.703125,2831.33779117385,2788.9151893091193,2794.268193511248,294578
2021-12-23,2831.828369140625,2846.8612577494764,2799.6210418584133,2810.3270496666673,224147
2021-12-24,2812.156005859375,2850.4745481630607,2796.9445096999048,2838.251899610164,123753
2021-12-27,2813.985107421875,2831.8728884213638,2785.346448547796,2805.8662974640674,94069
2021-12-28,2833.568115234375,2843.828039613469,2810.327112534525,2820.3193431495674,214640
2021-12-29,2910.696044921875,2916.4951328274665,2812.156202458184,2844.8987013776637,563709
2021-12-30,2855.649169921875,2925.550347984313,2843.3372174788146,2924.524442703343,594987
2021-12-31,2898.87451171875,2912.658452523381,2870.1021171652596,2881.7002917139534,248103
2022-01-03,2923.7216796875,2937.5502734700235,2900.8821086370995,2907.3056699280583,266680
2022-01-04,2934.47216796875,2958.4269485712894,2917.9670719046458,2929.8775932171634,244503
2022-01-05,2996.388671875,3002.1431076715717,2927.2010508976005,2934.472127613644,312215
2022-01-06,3049.606201171875,3059.241651511144,2973.5935912763616,2984.121208909743,410181
2022-01-07,3026.677734375,3066.8252651183675,3012.8491404522842,3066.8252651183675,263996
2022-01-10,3064.68408203125,3079.0924972832595,3037.339022681544,3046.573041671623,318473
2022-01-11,3066.15625,3074.3641463513027,3044.9672746781116,3044.9672746781116,225782
2022-01-12,3069.14501953125,3079.761723980086,3046.082406170049,3074.4980236864876,198452
2022-01-13,3078.86962890625,3099.6571724266637,3060.134113923048,3074.3194881417517,291271
2022-01-14,3062.632080078125,3088.8617126778654,3055.673131281982,3078.8694820595974,127752
2022-01-17,3113.440673828125,3146.6739040308894,3063.747001356241,3077.9770254909467,646271
2022-01-18,3034.21630859375,3120.087410460897,3026.7668423930645,3112.727030300856,656590
2022-01-19,3066.200439453125,3088.9507042620176,3018.2464499049693,3034.2161565078563,694189
2022-01-20,2951.958740234375,3076.1930446023803,2939.691439084931,3032.3875402811927,874508
2022-01-21,3051.033935546875,3099.3447102408354,2917.3872234597734,2951.958708141445,1609260
2022-01-24,3017.577392578125,3081.7241319888544,2988.7603462735874,3052.1042222692367,788137
2022-01-25,3095.017822265625,3113.6640326419756,2969.8020483257815,2996.7901104998273,571406
2022-01-27,3123.567138671875,3155.417468917305,3028.1943200251494,3073.516464133135,664333
2022-01-28,3120.08740234375,3178.167580035778,3109.2923088256753,3127.046350767086,575466
2022-01-31,3180.26416015625,3198.999673935421,3110.987454665174,3140.428976318157,470500
2022-02-01,3153.32080078125,3204.9774202835083,3132.890255889119,3191.282564534475,487464
2022-02-02,3153.811279296875,3198.419642511824,3141.722369302769,3158.2721156183698,212256
2022-02-03,3230.627197265625,3257.2582613072927,3141.3211606425175,3167.1940131442593,760774
2022-02-04,3180.888671875,3230.626997312832,3167.1938171175284,3230.626997312832,296588
2022-02-07,3101.173583984375,3185.037311514447,3094.036245471177,3185.037311514447,286849
2022-02-08,3085.694580078125,3134.139311721354,3074.319446136602,3101.2630749005116,397493
2022-02-09,3179.283203125,3185.037639330677,3079.7618854256293,3079.7618854256293,352729
2022-02-10,3184.457275390625,3195.3416723272544,3163.31273721808,3179.104271866289,239918
2022-02-11,3182.04833984375,3189.4980237522104,3129.722816034337,3149.3504961805047,339577
2022-02-14,3111.835205078125,3156.4882265203937,3088.1036831874417,3091.3600070359425,282645
2022-02-15,3202.1669921875,3212.6946104248973,3099.1663157354865,3113.6640350966095,357052
2022-02-16,3200.11474609375,3247.48891603302,3186.0186772481065,3210.9100573634173,244587
2022-02-17,3209.3935546875,3265.3324022784286,3202.969993524564,3202.969993524564,513917
2022-02-18,3240.485595703125,3249.719615022525,3179.327697309458,3209.1260000647967,277299
2022-02-21,3193.512939453125,3245.660076030241,3182.673193581395,3233.3481233838647,344326
2022-02-22,3212.4267578125,3225.184793782296,3135.968063663837,3140.42890016976,432562
2022-02-23,3194.22705078125,3247.4000982146686,3185.0376828113967,3225.274520495887,209392
2022-02-24,3103.7607421875,3175.4911240119986,3064.594684725312,3109.649133510939,628362
2022-02-25,3130.07958984375,3176.1155084971156,3113.7531029138518,3113.7531029138518,327777
2022-02-28,3149.6630859375,3177.0079280436094,3076.23766959228,3120.5336913200767,387040
2022-03-02,3008.656005859375,3121.0690922542276,2973.59378534955,3121.0690922542276,982580
2022-03-03,2941.565185546875,3037.6515697841896,2925.4168686794337,3032.476955364866,536758
2022-03-04,2892.49560546875,2931.6170097357203,2811.2190797010944,2900.4358070797393,509620
2022-03-07,2885.8486328125,2925.4163364436267,2788.022583527397,2841.5526171311226,335205
2022-03-08,2959.408203125,2992.730520699244,2833.2556177011816,2880.808177794369,557492
2022-03-09,2978.94677734375,2997.6822916666665,2937.9070793030755,2961.995597718254,508262
2022-03-10,3053.308837890625,3069.0555035666425,3020.343081994785,3032.4766443671565,350154
2022-03-11,3053.888671875,3073.9624361511287,3021.2799134546995,3033.3688239482913,156038
2022-03-14,3080.252197265625,3091.314984451919,3004.81940990599,3035.1530975356827,245299
2022-03-15,3081.590576171875,3117.232617054156,3056.877584963009,3069.947749079379,229544
2022-03-16,3184.85888671875,3204.843347211024,3105.6343865274425,3113.708544194888,262987
2022-03-17,3256.81201171875,3269.6593512708964,3190.0778554478543,3193.9588702511055,429272
2022-03-21,3202.033203125,3317.0781369030924,3194.182087048762,3256.8121901267314,432309
2022-03-22,3262.165283203125,3267.1168555886265,3180.130538434096,3193.9591324432777,213667
2022-03-23,3213.140625,3286.164607768156,3202.8807007496875,3269.748598279083,281347
2022-03-24,3197.438232421875,3245.615265613529,3184.769500589888,3203.148233710934,385957
2022-03-25,3260.291748046875,3264.573976951251,3204.665028261881,3204.665028261881,492945
2022-03-28,3290.090087890625,3334.0293291159287,3251.994586269311,3260.291786043242,688267
2022-03-29,3291.294677734375,3332.2450722190597,3266.090949945837,3299.05649016303,376929
2022-03-30,3277.911865234375,3327.4715830038404,3270.0160977417013,3327.4715830038404,343930
2022-03-31,3259.087158203125,3314.5352689647166,3244.0096179065463,3283.175675386669,511249
2022-04-01,3336.616455078125,3342.058762826702,3243.9203581521324,3243.9203581521324,391985
2022-04-04,3357.805419921875,3365.2551041099746,3315.650514389214,3345.627423227043,419517
2022-04-05,3398.89013671875,3408.0348526669577,3359.010297073331,3359.010297073331,339228
2022-04-06,3391.841796875,3399.157525414083,3338.1333672016563,3391.128019448538,240470
2022-04-07,3392.2431640625,3407.7223540605883,3364.40758747446,3391.8863842632027,224527
2022-04-08,3399.4697265625,3422.353730465579,3360.794187347194,3401.209409218207,229962
2022-04-11,3378.771240234375,3412.539859037094,3361.8200618496157,3408.079022620052,135225
2022-04-12,3311.769775390625,3369.448306053642,3279.6517515639525,3362.132577522647,266145
2022-04-13,3298.610107421875,3343.396861036885,3273.4510338449727,3311.769574720152,198206
2022-04-18,3314.044677734375,3352.987692525443,3252.1727895106424,3292.09727543907,373718
2022-04-19,3262.789794921875,3367.575026293336,3228.1738753780232,3336.7059483089297,211918
2022-04-20,3319.53173828125,3332.2004713584743,3258.462925434689,3270.685574827404,174080
2022-04-21,3303.115478515625,3336.2594044600314,3283.264757363269,3305.4796345833447,216475
2022-04-22,3249.71923828125,3296.3349775263273,3232.1882387817764,3274.253837883922,228316
2022-04-25,3285.807861328125,3323.1005019733366,3211.8026195325892,3213.5869543212184,444222
2022-04-26,3472.404541015625,3483.913412409778,3305.435295056248,3305.435295056248,1107122
2022-04-27,3484.4931640625,3496.4036847660723,3431.2754711942625,3452.6874866151315,541564
2022-04-28,3420.92626953125,3568.6692641946215,3394.6966375651336,3568.6692641946215,1628318
2022-04-29,3327.3828125,3425.9226535959087,3311.145410152587,3394.696796076154,594650
2022-05-02,3232.7236328125,3318.862431140579,3217.1553566378834,3318.862431140579,376660
2022-05-04,3119.819580078125,3285.8519929971458,3109.5596566680065,3234.106292320025,575428
2022-05-05,3143.908447265625,3207.341633172587,3131.864188003364,3157.2018715103277,323081
2022-05-06,3122.36279296875,3171.655040789744,3086.8991395590756,3112.1475200148616,436366
2022-05-09,3183.921875,3198.1518990816294,3104.7420315236427,3113.663704028021,502719
2022-05-10,3205.60205078125,3253.4667436299983,3158.2725276723395,3180.532060257904,507087
2022-05-11,3223.266845703125,3236.738441782758,3155.8635599324466,3211.8024083143973,437746
2022-05-12,3198.419921875,3259.9794684884937,3157.5586140382575,3198.419921875,777332
2022-05-13,3249.36279296875,3333.137220018552,3227.9061246356964,3227.9061246356964,633218
2022-05-16,3315.16015625,3323.3234004300357,3256.410848743525,3256.410848743525,401803
2022-05-17,3339.29296875,3378.6376346152265,3323.4125647346877,3323.4125647346877,402398
2022-05-18,3382.384521484375,3416.5545715995904,3333.315321474458,3339.3821024930844,507061
2022-05-19,3299.7255859375,3370.6082381180177,3283.220490012359,3293.792542389346,261026
2022-05-20,3379.351806640625,3433.9524093368996,3332.245323167919,3354.549508731292,396832
2022-05-23,3377.879150390625,3456.702218812528,3363.4707355589703,3422.353777613849,339483
2022-05-24,3375.336669921875,3427.7068481144356,3364.4076202369706,3405.759444886791,369304
2022-05-25,3382.920166015625,3407.18707411971,3338.713230721258,3403.216973016469,225253
2022-05-26,3441.40185546875,3452.6876854544003,3349.2409235577147,3391.2174414359824,419826
2022-05-27,3419.72216796875,3470.5310559316767,3410.8004943031156,3457.1485454332255,422591
2022-05-30,3440.82177734375,3482.2629072144255,3428.6437801343172,3443.7659731634585,271827
2022-05-31,3447.423828125,3531.198252342116,3425.030341268667,3458.04053210663,1154256
2022-06-01,3318.951904296875,3483.0213957248975,3307.5321184529503,3459.111266761058,784215
2022-06-02,3290.9375,3345.538095596209,3270.997691387833,3318.95168411332,346754
2022-06-03,3276.662841796875,3331.2634377047116,3256.410687386125,3317.9702318873974,409815
2022-06-06,3405.40234375,3452.4641655034225,3256.856498784222,3265.332087536023,1136609
2022-06-07,3420.658935546875,3438.1006330480363,3359.010084323741,3359.010084323741,561644
2022-06-08,3385.0166015625,3434.844234268448,3361.731164844735,3420.1234732644402,346603
2022-06-09,3460.404541015625,3474.991563201244,3371.8569382819346,3385.0164056907197,627869
2022-06-10,3462.50146484375,3542.796525868212,3434.8442771575465,3529.6817094637418,1412838
2022-06-13,3462.724609375,3475.0365626600824,3385.284437994105,3412.540194746377,519745
2022-06-14,3284.7373046875,3493.504474999682,3214.4344704383147,3466.0703276189142,1733394
2022-06-15,3299.32373046875,3339.0696064352687,3251.9495632853072,3301.0187610852226,753821
2022-06-16,3263.726318359375,3333.850754084695,3241.243746340677,3333.850754084695,438590
2022-06-17,3237.63037109375,3313.464589048203,3225.7200687271156,3274.2538810922556,727356
2022-06-20,3226.032470703125,3246.4185816817658,3189.3198715466633,3229.868833853186,268242
2022-06-21,3252.1728515625,3278.7148287475998,3226.1216099554435,3239.4594675326625,424763
2022-06-22,3243.608154296875,3320.2008087836234,3224.426556180834,3251.9500061846857,585483
2022-06-23,3376.674560546875,3386.666789915279,3270.015925115115,3283.2646955469963,1186420
2022-06-24,3402.146484375,3427.1271704182377,3374.1322986236487,3390.949740460618,558798
2022-06-27,3444.836669921875,3531.5999482774096,3405.4029149930684,3452.6877864876014,1819576
2022-06-28,3469.638671875,3485.8760733695162,3375.113588853862,3425.8778217152108,799053
2022-06-29,3450.501708984375,3479.4524945104577,3440.2417849621006,3461.609148384763,524392
2022-06-30,3431.108642578125,3488.2691004363032,3417.5936908889694,3471.2828658812664,715926
2022-07-01,3355.20361328125,3405.2825238101614,3333.4502383467034,3395.331511872018,756589
2022-07-04,3406.254150390625,3420.5094615595926,3339.836938544568,3373.531433668479,536505
2022-07-05,3409.031494140625,3424.9993967335045,3390.749402766169,3424.9993967335045,294980
2022-07-06,3492.6201171875,3496.5542382052313,3401.9963468526403,3408.337314655691,333226
2022-07-07,3513.4013671875,3550.983882959708,3503.681774418308,3504.885197769683,534547
2022-07-08,3540.708740234375,3545.3371176725896,3510.8093767845085,3545.3371176725896,326804
2022-07-11,3562.508544921875,3571.256133330957,3512.938575943748,3536.080463795815,372417
2022-07-12,3561.8603515625,3575.884244156735,3547.234634332006,3566.6274897064195,244636
2022-07-13,3573.8017578125,3590.649007049086,3561.9993949524055,3571.256150136793,308508
2022-07-14,3576.0693359375,3597.1284523231016,3555.5193862459314,3572.0888863227638,377688
2022-07-15,3622.4921875,3627.7221635025635,3574.0329862932886,3575.8843372315396,281730
2022-07-18,3687.937744140625,3693.4454684999127,3633.3692153125417,3637.9049351390117,513318
2022-07-19,3704.553466796875,3736.0264347806565,3671.229147755224,3681.4579075489532,512451
2022-07-20,3704.599609375,3753.6140809669264,3701.776253954806,3719.3640881196325,377717
2022-07-21,3755.51171875,3768.0546665941747,3696.638668334789,3707.006188421842,371547
2022-07-22,3753.1513671875,3786.9385234095603,3744.588868692868,3762.870960073298,280291
2022-07-25,3722.280029296875,3771.155741984004,3701.128479247971,3753.1513983071686,372987
2022-07-26,3633.831787109375,3730.4722176856667,3625.8708875123466,3715.6614098735154,882407
2022-07-27,3595.184814453125,3665.6749120739237,3559.3609924709554,3640.681674037056,514997
2022-07-28,3571.4873046875,3622.8159631870512,3561.0734558758018,3595.3234475231648,423758
2022-07-29,3623.510498046875,3658.501077940326,3589.769670504797,3609.2088564461587,412805
2022-08-01,3677.986328125,3691.825130969127,3624.019403935092,3628.601452235324,459482
2022-08-02,3699.18408203125,3707.330070956692,3648.410920651463,3677.98620523201,398168
2022-08-03,3705.8955078125,3711.958727491566,3668.4983082876397,3701.7762970670256,312355
2022-08-04,3713.5322265625,3735.1005101472297,3680.4856575824992,3712.884298934458,310996
2022-08-05,3714.828369140625,3738.1090171270143,3696.268530517892,3725.843816984147,287542
2022-08-08,3723.668212890625,3739.636114207351,3702.7017546031766,3714.735535305637,238574
2022-08-10,3734.9619140625,3763.796615740328,3715.6614893216124,3715.6614893216124,218912
2022-08-11,3733.712158203125,3756.6226270057846,3723.390966696087,3749.078462020281,277432
2022-08-12,3737.877685546875,3758.2425466370264,3715.4300545725036,3733.712145778435,217139
2022-08-16,3787.0771484375,3795.2694668309728,3737.8775870886507,3737.8775870886507,302627
2022-08-17,3765.55517578125,3814.199693204918,3758.2424299239747,3790.733729506781,313179
2022-08-18,3758.84375,3775.8299841117546,3740.1914809520827,3775.8299841117546,451908
2022-08-19,3771.711181640625,3784.5779807878616,3748.985802748422,3750.837153762125,223883
2022-08-22,3741.210205078125,3770.6465052913395,3710.8480033664805,3730.4722788402887,388178
2022-08-23,3762.36181640625,3770.137626359555,3717.559211703635,3725.8439623961744,172256
2022-08-24,3763.56494140625,3780.4121893102715,3749.4020618953764,3749.4020618953764,245586
2022-08-25,3760.97314453125,3791.242687514282,3750.0040256953066,3770.2762282999543,374693
2022-08-26,3753.05859375,3817.809774683166,3741.07114142539,3772.1275991276357,453561
2022-08-29,3730.5185546875,3748.985735519021,3689.279666397792,3725.7975192892195,608621
2022-08-30,3781.24560546875,3822.0679848650257,3713.393547036784,3749.2171432036225,740581
2022-09-01,3773.3310546875,3824.6597155396107,3711.958724345335,3711.958724345335,510034
2022-09-02,3731.30517578125,3797.8611519287624,3726.213960676934,3776.755931928681,556543
2022-09-05,3662.57373046875,3754.400917199047,3651.1417740971056,3748.985625342225,799837
2022-09-06,3637.34912109375,3693.445145277158,3628.1850242891783,3667.5262319769677,508096
2022-09-07,3559.823974609375,3644.847361555664,3527.934498130764,3624.0196623467746,724097
2022-09-08,3560.703369140625,3591.5745106054696,3554.59382061345,3577.6430495209947,493973
2022-09-09,3562.5546875,3591.620806723427,3549.9654107691604,3578.5225892824687,485613
2022-09-12,3582.641845703125,3600.692517514052,3540.7087013741275,3554.593833536379,369281
2022-09-13,3579.124267578125,3600.8776415049547,3568.478999486272,3577.735754348753,507487
2022-09-14,3564.08203125,3627.675891783584,3528.304764201646,3531.4519704483478,576311
2022-09-15,3487.9453125,3595.8791670799255,3472.5329056970636,3577.7358367336788,351737
2022-09-16,3415.325927734375,3517.566736765849,3402.875638036135,3517.566736765849,579176
2022-09-19,3432.635986328125,3454.4820173388985,3388.9904792730413,3424.9991638681486,454942
2022-09-20,3488.500732421875,3524.879598282873,3448.141190770829,3449.8074518472467,268923
2022-09-21,3453.3251953125,3524.46322363355,3447.2156464648037,3493.360661668462,197924
2022-09-22,3451.751220703125,3480.539818643626,3424.999289622717,3443.5127992963535,149651
2022-09-23,3423.98095703125,3489.796574335143,3409.2628072351013,3452.769554978802,158122
2022-09-26,3308.826904296875,3412.7339738191367,3300.958662952205,3396.210576597336,517637
2022-09-27,3278.64990234375,3327.75703190847,3249.2136027847955,3323.174983467311,344198
2022-09-28,3282.352783203125,3308.2716981360986,3244.492744288318,3263.0062549547283,181128
2022-09-29,3218.296142578125,3298.9689024351396,3207.5121128082665,3298.1819878188803,350931
2022-09-30,3265.5517578125,3289.804410807729,3203.9943368233335,3227.367643289145,276996
2022-10-03,3254.073486328125,3295.312149399363,3216.722389195155,3265.5517722253835,442640
2022-10-04,3313.548095703125,3332.339127474929,3276.15067006972,3286.6108483729618,317554
2022-10-06,3327.479248046875,3348.3069461857785,3304.6614380393607,3330.117513542465,353529
2022-10-07,3335.718017578125,3396.2107763477866,3313.918314194966,3313.964643169303,591544
2022-10-10,3348.1220703125,3355.481145592996,3266.7552814466294,3292.9519442015753,240975
2022-10-11,3266.477294921875,3364.8766419841936,3258.007454820816,3364.8766419841936,258827
2022-10-12,3355.110595703125,3381.4923454555155,3254.5360506415645,3282.815254229285,496229
2022-10-13,3336.875,3377.6047209307712,3323.174957760652,3348.029434681175,336605
2022-10-14,3305.12451171875,3390.7494990689765,3288.138275181541,3387.9261434762657,499983
2022-10-17,3359.2763671875,3401.6723500049025,3312.0669170010674,3313.918267988771,921084
2022-10-18,3342.89208984375,3392.4620597210455,3334.375920158711,3376.077422028576,496519
2022-10-19,3384.130615234375,3440.6892484784244,3354.4163434976394,3359.6463192854394,456361
2022-10-20,3417.454833984375,3428.609041817463,3319.47200197754,3359.600121178018,310251
2022-10-21,3395.93310546875,3443.8368108413474,3371.0786288049726,3424.0735492413246,207556
2022-10-24,3424.814208984375,3443.512808606303,3406.4857891589236,3438.884431175381,29986
2022-10-25,3382.510986328125,3449.992640905169,3373.16157323811,3424.0737265114626,351456
2022-10-27,3353.074462890625,3416.2981457586025,3338.1246677276818,3416.2981457586025,333703
2022-10-28,3397.876953125,3442.5871241907403,3361.127681617794,3369.87526974055,500485
2022-10-31,3398.941650390625,3430.877454908714,3387.139287851331,3414.9095526496694,314769
2022-11-01,3455.26904296875,3465.91431167878,3390.749503029569,3412.5492071956314,514106
2022-11-02,3459.064208984375,3467.580378275535,3419.0750730991494,3467.580378275535,317571
2022-11-03,3493.03662109375,3530.5264801514677,3453.741739947069,3474.9859482141082,637882
2022-11-04,3490.815185546875,3526.731216384549,3483.224465178801,3498.5444408555713,230932
2022-11-07,3489.657958984375,3534.830743687536,3479.1514514057294,3508.3102303652295,272013
2022-11-09,3461.609619140625,3512.0126013917557,3441.522507394391,3508.3098996506997,249436
2022-11-10,3447.77099609375,3489.796572644845,3440.7357720214563,3461.609799372481,291055
2022-11-11,3450.593994140625,3502.7095670741255,3432.867399705301,3465.034621530772,268871
2022-11-14,3449.06689453125,3487.9452653230674,3434.6725953843284,3467.858152279627,200313
2022-11-15,3484.38134765625,3507.3844742604697,3449.113246655379,3449.113246655379,296104
2022-11-16,3468.92236328125,3516.178139431404,3461.7020496901087,3477.76260888345,329588
2022-11-17,3419.583984375,3487.343610313551,3405.0045955635887,3470.3573748559106,185433
2022-11-18,3362.9326171875,3431.340169278074,3351.8708406395644,3419.5839101401575,327528
2022-11-21,3350.482666015625,3374.827978272566,3338.3562258663287,3346.3171260247227,226673
2022-11-22,3350.1123046875,3372.2358588203297,3318.546679624178,3365.756130296656,322261
2022-11-23,3339.698486328125,3382.557081737225,3327.803465601065,3352.9817943281705,340707
2022-11-24,3351.083984375,3359.8779013978706,3330.9968717428105,3348.353286919528,397640
2022-11-25,3369.690185546875,3381.2148001404894,3333.3574227468707,3362.2847816640715,224797
2022-11-28,3403.43115234375,3434.2561924779297,3360.3872404973285,3360.3872404973285,185431
2022-11-29,3388.06494140625,3422.2222764890334,3380.566879561253,3406.8098700237515,134922
2022-11-30,3471.930908203125,3492.480858249156,3398.154619121548,3401.8109919954272,1267676
2022-12-01,3432.03466796875,3465.7754956666245,3327.2019147294877,3465.7754956666245,514227
2022-12-02,3387.370849609375,3436.431652822569,3370.199523285756,3431.4791983266323,349992
2022-12-05,3387.879638671875,3399.080402509514,3367.607435819611,3399.080402509514,163476
2022-12-06,3420.185791015625,3424.8141683916897,3371.402738670903,3380.5668354775153,251515
2022-12-07,3364.50634765625,3432.9139023368466,3359.785538228532,3420.18586428002,167024
2022-12-08,3365.89501953125,3386.630287194426,3349.0940989024193,3364.8769120357174,141912
2022-12-09,3348.1220703125,3396.5812748113394,3333.3575907759064,3378.7156918445035,166035
2022-12-12,3329.42333984375,3355.203492802295,3307.9477135380916,3348.1219396617366,171844
2022-12-13,3366.45068359375,3371.3104804147765,3324.3787734564403,3346.085820724688,126272
2022-12-14,3380.61328125,3395.3314314163995,3370.3845216964974,3378.7156012612513,132320
2022-12-15,3350.29736328125,3384.2696087389027,3341.688535981247,3364.8304233495383,161541
2022-12-16,3285.77783203125,3358.2580425948117,3275.9655813725717,3345.159824720297,228381
2022-12-19,3359.970703125,3366.080251926643,3286.148080747641,3302.2086413430975,238078
2022-12-20,3345.02099609375,3363.904685437893,3315.2140649204607,3363.904685437893,152284
2022-12-21,3342.66064453125,3385.334150570122,3325.5819763206655,3346.317017650291,149348
2022-12-22,3333.218505859375,3376.771354611263,3315.3529246290514,3359.4149400730566,158182
2022-12-23,3278.557373046875,3332.4316393507147,3270.4113838405765,3313.9181302432107,122024
2022-12-26,3288.1845703125,3309.1049276747935,3262.1268945580746,3278.7427251116874,140091
2022-12-27,3324.05419921875,3332.431607208089,3286.1478348857545,3290.776212117988,115917
2022-12-28,3320.25927734375,3337.0138683965192,3286.148044567634,3313.918309732994,229748
2022-12-29,3303.55078125,3332.431811752859,3276.891281556978,3312.9926261843007,748244
2022-12-30,3347.288818359375,3372.3283849460713,3302.485990150012,3313.918172567899,287867
2023-01-02,3308.318115234375,3350.9455198782366,3258.7944728825832,3348.1684932043045,471328
2023-01-03,3334.00537109375,3350.945277779868,3297.7189370416518,3297.7189370416518,218996
2023-01-04,3288.785888671875,3334.7919102007795,3280.1307334065673,3321.323288122693,250071
2023-01-05,3352.009765625,3362.516273008172,3293.877524688055,3302.810202916217,294998
2023-01-06,3371.54150390625,3376.8641378955317,3330.5803640756917,3349.093873603628,173591
2023-01-09,3351.639404296875,3396.3032450086953,3337.985691333158,3388.4350036397736,200031
2023-01-10,3308.54931640625,3365.7561073237885,3298.459543886253,3360.757550037642,247609
2023-01-11,3275.086181640625,3323.128648719578,3268.606453271865,3318.5466002863814,308958
2023-01-12,3304.939208984375,3313.9182159346974,3258.424016148979,3275.0861747765834,182941
2023-01-13,3337.337890625,3348.955163228125,3290.915129186018,3313.9182555196753,180876
2023-01-16,3316.834228515625,3351.8248092085173,3295.4049301124746,3341.6423782446864,226147
2023-01-17,3338.865234375,3344.1878685555544,3302.9489794011297,3323.1750796852352,106465
2023-01-18,3341.595947265625,3368.301776239927,3312.9926642838063,3355.5737379236652,306275
2023-01-19,3310.169189453125,3359.229989921969,3306.512816503973,3332.385400986186,226186
2023-01-20,3307.20703125,3320.0277268912423,3287.3050086702297,3316.7415337779107,191361
2023-01-23,3354.231689453125,3357.425224906433,3305.587394028363,3317.1583384207893,173482
2023-01-24,3412.502685546875,3421.3892606271584,3343.0306949931246,3356.499318538714,212778
2023-01-25,3441.106201171875,3462.026559012036,3400.6542248123665,3414.817105934599,375571
2023-01-27,3644.1533203125,3698.073922562631,3545.337452669556,3563.850964171747,2375899
2023-01-30,3555.658447265625,3655.4463139139666,3535.016063884257,3647.16156317631,654472
2023-01-31,3534.46044921875,3589.7695598953214,3518.4925469732125,3589.7695598953214,359118
2023-02-01,3528.027099609375,3597.5451944813035,3480.632558922768,3544.8280196376213,328212
2023-02-02,3508.9580078125,3572.274346439538,3462.0263060287025,3516.64115951953,309024
2023-02-03,3566.21142578125,3571.2563123869418,3489.0562774160476,3503.6819964708593,242350
2023-02-06,3563.017822265625,3582.086602850709,3521.362422838735,3560.657304432433,205412
2023-02-07,3591.11181640625,3605.5061158031285,3534.414191350296,3585.1412545585413,246673
2023-02-08,3591.89892578125,3609.070252642701,3550.428615435201,3609.070252642701,309039
2023-02-09,3559.91650390625,3601.3404819468933,3547.4198848325364,3591.528231387314,249061
2023-02-10,3546.8642578125,3562.8784883426315,3517.659378076851,3559.2221155035945,170034
2023-02-13,3594.86083984375,3621.7980875584617,3539.7831470484102,3564.6376248674997,372862
2023-02-14,3588.0107421875,3616.5676945417244,3575.467794501016,3605.4595890177507,251160
2023-02-15,3615.133056640625,3621.1499474727425,3563.850723638732,3579.217027546446,214072
2023-02-16,3616.243896484375,3638.7839586752802,3602.7289441683793,3619.391102697421,166844
2023-02-17,3604.858154296875,3628.647969510226,3584.2155453937744,3600.8777044374438,167844
2023-02-20,3613.65234375,3642.487047424402,3603.979079220057,3605.460024538486,169828
2023-02-21,3551.909423828125,3635.127557890105,3540.4309124435504,3635.127557890105,177954
2023-02-22,3555.241943359375,3601.109210818137,3531.4057985926975,3551.9096470666655,477992
2023-02-23,3547.095703125,3584.909636046393,3531.6369681491924,3561.5363306922727,299446
2023-02-24,3563.80419921875,3586.899756793353,3548.623212042113,3548.623212042113,263732
2023-02-27,3369.3203125,3517.5208356000626,3356.5459444401636,3517.5208356000626,822866
2023-02-28,3389.083251953125,3464.8035565498767,3356.12933822788,3375.9387044449372,723245
2023-03-01,3454.296875,3469.75583658255,3366.5891217349667,3397.229071057214,432887
2023-03-02,3439.115966796875,3478.086996486214,3406.485904801157,3453.7416851740973,276614
2023-03-03,3454.62109375,3469.4319022976956,3422.6389588433194,3443.5593163149406,281411
2023-03-06,3446.336181640625,3493.499302703616,3441.800236138158,3445.086429329896,186747
2023-03-08,3527.934326171875,3534.0438747066905,3435.228017721006,3447.0303800307715,478922
2023-03-09,3530.063232421875,3553.4365368977246,3518.4922896120484,3527.9341337458713,295897
2023-03-10,3537.839111328125,3559.592485629013,3515.715557224369,3545.3371732936635,530973
2023-03-13,3497.61865234375,3552.742675215783,3488.2231361358517,3538.8112133252775,247745
2023-03-14,3473.967529296875,3512.4293919166216,3458.2310456349564,3497.618583764228,278919
2023-03-15,3452.769775390625,3505.9961191131347,3444.0221867082746,3494.33251687333,317890
2023-03-16,3517.751953125,3527.7492936194826,3462.9056803233852,3462.9056803233852,377544
2023-03-17,3530.896484375,3543.43943241276,3510.2077728541844,3534.0439166252636,396793
2023-03-20,3522.195068359375,3549.9190027391865,3503.774217401165,3508.3099366838455,331370
2023-03-21,3615.41064453125,3630.4991999185886,3514.5583470909996,3523.583682939854,803886
2023-03-22,3632.30419921875,3652.2525507078894,3599.5817070961825,3630.267758392768,311063
2023-03-23,3575.838134765625,3621.6127431343007,3566.6740376950693,3612.4486460637454,256313
2023-03-24,3543.393310546875,3594.305465266687,3528.6751598531496,3559.3151106370747,281359
2023-03-27,3524.555908203125,3558.5744839185854,3517.567012755098,3549.9193273181477,198811
2023-03-28,3509.79150390625,3548.8549668964165,3489.380312840634,3537.0062746637336,144400
2023-03-29,3590.972900390625,3604.5802846173788,3517.7055512529373,3527.2863827772267,429300
2023-03-31,3596.017822265625,3617.401016259563,3573.1073541271153,3587.5940849965,248433
2023-04-03,3696.91650390625,3698.0735982736696,3599.211410322324,3614.577713919656,497915
2023-04-05,3724.13134765625,3727.648959802693,3665.721358415442,3697.1479968653102,584697
2023-04-06,3733.804931640625,3762.871053067053,3721.261982931401,3728.621058242088,321813
2023-04-10,3759.723876953125,3769.3508122051558,3730.565097340045,3735.1471460802422,218632
2023-04-11,3866.9169921875,3872.6098064809075,3768.008694243485,3776.756283082505,685931
2023-04-12,3967.4453125,3987.2085754182704,3860.5297890296897,3866.916859774071,992142
2023-04-13,3969.620361328125,3985.912339461113,3943.4234751966264,3952.6341266155205,371608
2023-04-17,3938.14794921875,3990.587379829171,3907.3226815625894,3990.587379829171,718984
2023-04-18,3896.3994140625,3949.0241541461746,3864.7411326640445,3938.0548095920626,235015
2023-04-19,3948.74658203125,3977.535182046189,3869.369903585838,3873.1191607589017,406755
2023-04-20,3993.68798828125,4008.6375564762807,3936.0181362609273,3948.0058141949744,409146
2023-04-21,3988.087646484375,4014.6547146008825,3964.7143396954257,4001.695257371366,237639
2023-04-24,4010.119140625,4031.2709173408825,3964.3908588521817,3988.0877913405952,279716
2023-04-25,4019.7919921875,4049.8303431861004,3995.3081462209766,4017.4317004406116,367525
2023-04-26,3979.478759765625,4038.3979117633244,3962.8166016647224,4022.0598304679324,964051
2023-04-27,4080.562744140625,4093.8458254015127,3974.850425797802,3980.4044785585816,667011
2023-04-28,4102.5478515625,4109.7218369297625,4063.7616852107135,4070.519387782913,457064
2023-05-02,4163.68896484375,4171.5572076630415,4095.235071519896,4109.953675562141,522701
2023-05-03,4117.26611328125,4156.237144597536,4105.371091985386,4151.192032019946,351550
2023-05-04,4126.3837890625,4137.769416728646,4107.453544603844,4116.293564686992,191019
2023-05-05,4131.38232421875,4169.519882791833,4098.335528794495,4131.38232421875,180033
2023-05-08,4211.12939453125,4219.229055398898,4133.3265472214425,4142.397986597207,365732
2023-05-09,4192.24560546875,4236.8167906817025,4183.729210018116,4232.975327730055,329083
2023-05-10,4217.33154296875,4236.353994004235,4192.708483874037,4216.451970433583,229527
2023-05-11,4209.87939453125,4252.553124247444,4198.030929269259,4252.553124247444,293197
2023-05-12,4201.54833984375,4284.813029948219,4181.276137258359,4207.195050661776,620213
2023-05-15,4225.29150390625,4265.975118894572,4204.46380722075,4229.410940268916,534604
2023-05-16,4201.03955078125,4253.478978144268,4193.310069857134,4242.833709755006,321308
2023-05-17,4192.7080078125,4258.106885117456,4173.870422824915,4211.823114627049,346510
2023-05-18,4182.8037109375,4232.605326451569,4177.805153392596,4202.520871239636,194233
2023-05-19,4149.98876953125,4211.962475856833,4132.261721314892,4197.012906255711,398571
2023-05-22,4187.06201171875,4227.236240960074,4160.8655739481,4160.8655739481,368479
2023-05-23,4163.78076171875,4214.970432443195,4157.301033678189,4197.891991873121,239196
2023-05-24,4181.83203125,4213.860496261401,4158.180749322683,4170.677369475309,395343
2023-05-25,4298.83642578125,4305.686333133218,4169.797369376069,4170.769147720293,1016606
2023-05-26,4272.8720703125,4317.859538707938,4263.013264494861,4269.539548063579,484972
2023-05-29,4275.232421875,4316.563743761663,4265.605486791243,4313.60185326897,301343
2023-05-30,4250.60888671875,4290.829664665305,4245.795645710582,4272.084737339664,229574
2023-05-31,4227.69921875,4284.906241923999,4214.276922573468,4248.665680655333,719613
2023-06-01,4298.466796875,4322.719223525289,4227.7913827972025,4246.073473729437,698733
2023-06-02,4322.07177734375,4357.154790099513,4301.845676288498,4326.792813021019,606833
2023-06-05,4359.9775390625,4366.3650613570235,4321.978742055665,4339.566575874268,234925
2023-06-06,4374.9736328125,4392.283944670872,4359.977509598832,4366.873972556037,353149
2023-06-07,4425.4228515625,4432.041340548218,4384.87844816177,4384.87844816177,239491
2023-06-08,4443.84423828125,4470.920248116141,4421.766786017874,4444.029554187238,295499
2023-06-09,4390.8486328125,4463.421494284415,4383.073049795857,4443.843549834847,208197
2023-06-12,4415.14794921875,4433.985535576869,4381.546110193982,4396.912413512766,137778
2023-06-13,4402.466796875,4438.614246175586,4393.672879181847,4415.472357509395,247078
2023-06-14,4378.63037109375,4414.037458485169,4361.782896427852,4397.976898381522,191238
2023-06-15,4370.623046875,4410.519751967881,4352.989109110964,4389.460634002486,178304
2023-06-16,4296.939453125,4364.3284469270875,4276.620695647308,4346.046356290933,658995
2023-06-19,4255.65380859375,4309.01890397757,4245.748901208613,4299.762150155921,193043
2023-06-20,4315.4990234375,4322.904427167123,4229.457308057959,4244.2220125398835,453523
2023-06-21,4304.52978515625,4354.053423822132,4292.357242872819,4330.309937925178,274821
2023-06-22,4269.30859375,4321.979445838218,4259.588999793842,4317.3971707485825,180102
2023-06-23,4279.02783203125,4309.019629062166,4263.1060319828575,4270.233914420919,348409
2023-06-26,4264.494140625,4311.750143546111,4258.61601111893,4281.017537807113,298624
2023-06-27,4274.81591796875,4330.911948338204,4267.364410369214,4289.4879662635785,444793
2023-06-28,4365.76318359375,4387.701873758539,4276.713471611463,4285.877568671315,769406
2023-06-30,4475.71142578125,4517.162661238301,4421.763238614472,4422.7172328407105,587936
2023-07-03,4398.533203125,4472.324746619341,4376.972841345123,4469.653749223947,457367
2023-07-04,4412.60400390625,4459.731217007144,4399.773063371273,4399.773063371273,286373
2023-07-05,4665.0791015625,4674.5715300781185,4419.855081398352,4434.117480863029,891033
2023-07-06,4691.45703125,4710.822925398031,4609.699549518689,4665.031208018706,888595
2023-07-07,4611.60791015625,4687.116457060787,4598.776501985735,4651.198669004302,405959
2023-07-10,4672.615234375,4723.224431218337,4622.148577654944,4625.917040391379,659388
2023-07-11,4691.4091796875,4726.5164434572325,4679.341247004993,4711.300050628779,400593
2023-07-12,4654.01318359375,4719.886296667442,4643.089763694885,4702.237403996731,295827
2023-07-13,4642.564453125,4760.430229699724,4626.728058996988,4694.604641353175,501038
2023-07-14,4636.0302734375,4680.581522759837,4626.8718360212615,4669.754061323336,419873
2023-07-17,4610.79638671875,4680.6764529594775,4599.300944401339,4659.2595653904855,250127
2023-07-18,4636.98388671875,4765.296095136061,4607.791573647681,4622.625995803152,270028
2023-07-19,4601.7333984375,4683.299891348861,4596.534410251144,4656.445051466089,247325
2023-07-20,4644.71142578125,4664.077320371337,4562.047461429567,4605.883678206753,450566
2023-07-21,4638.9873046875,4654.918726695513,4612.799980268727,4619.334933028892,367833
2023-07-24,4658.11474609375,4692.697032622018,4627.968439018725,4638.319368287914,288534
2023-07-25,4625.8701171875,4684.015781104557,4557.564042925088,4659.784422872622,743269
2023-07-26,4646.38037109375,4677.909687196043,4618.237547442831,4665.030767898164,387130
2023-07-27,4627.82568359375,4682.203350871599,4602.353853120826,4673.617403406675,321326
2023-07-28,4667.416015625,4674.570971193153,4607.457394800395,4631.641237784236,255158
2023-07-31,4704.52685546875,4711.204814798844,4642.183241987877,4670.278557210763,325463
2023-08-01,4697.41943359375,4749.602631357425,4673.760100430484,4714.400342241614,391794
2023-08-02,4609.79541015625,4710.775788144911,4599.444480050355,4687.354951333143,249850
2023-08-03,4604.26123046875,4687.5927026921945,4584.89533786134,4614.469152982792,418377
2023-08-04,4495.220703125,4640.418807749028,4483.77277264166,4607.792019544514,451353
2023-08-07,4455.248046875,4525.318635717142,4450.3825836843325,4525.318635717142,436583
2023-08-08,4436.2158203125,4481.864533726914,4423.766382934686,4455.248190004288,487053
2023-08-09,4451.861328125,4474.04169267933,4403.732601518021,4436.549907953192,282034
2023-08-10,4423.2890625,4491.785651395901,4415.847629155251,4455.152371738241,330123
2023-08-11,4387.46630859375,4436.0724935326525,4370.819391307399,4423.289065962086,274197
2023-08-14,4404.30517578125,4420.52307705721,4332.087629066605,4365.477425811227,154258
2023-08-16,4388.9453125,4402.682734260317,4349.974560681144,4366.4309587669495,188763
2023-08-17,4443.56201171875,4453.674443479816,4365.525006069663,4365.525006069663,311184
2023-08-18,4403.20751953125,4435.643320681531,4383.8891379638035,4435.643320681531,243546
2023-08-21,4398.72412109375,4416.945502942294,4381.5042467988105,4391.235173680117,118491
2023-08-22,4415.46630859375,4423.2412675377545,4389.946965786947,4405.497349492399,96290
2023-08-23,4446.328125,4451.670585271787,4406.498870219385,4426.532746875503,263771
2023-08-24,4417.13623046875,4509.626156129492,4363.999032074873,4473.278883300025,433867
2023-08-25,4373.15625,4433.114869362617,4359.514321376325,4411.268498724027,293384
2023-08-28,4388.80224609375,4407.452644007115,4375.016845328275,4375.4938423676695,283469
2023-08-29,4449.953125,4456.106573454742,4393.1904743640425,4402.682902267958,320941
2023-08-30,4459.9228515625,4503.615599267929,4447.139422541838,4473.231256879714,370694
2023-08-31,4401.5380859375,4486.682065043574,4390.47212629309,4459.922715080079,479472
2023-09-01,4453.67431640625,4482.81865228126,4406.499117873407,4409.742604922247,456071
2023-09-04,4423.8134765625,4473.659666359721,4409.742064131706,4467.554197519334,328037
2023-09-05,4485.298828125,4517.162138430058,4422.096717951612,4425.5787033108845,353620
2023-09-06,4468.31787109375,4493.312705591977,4452.004942842083,4485.203754849401,224928
2023-09-07,4500.181640625,4507.622609081252,4440.843014872641,4463.738875744165,319934
2023-09-08,4540.58251953125,4564.480351685674,4486.348326558612,4500.181241274277,209769
2023-09-11,4585.27783203125,4588.712304466284,4543.874575087923,4559.138482961408,151600
2023-09-12,4598.82373046875,4626.728055945076,4543.492076532787,4621.0995843116225,305478
2023-09-13,4587.08984375,4620.193626783441,4579.410377238739,4598.25176153132,207142
2023-09-14,4621.62451171875,4634.503432331446,4567.294360288588,4593.434171815716,249498
2023-09-15,4894.466796875,4912.115687965964,4667.893195031552,4669.705690682812,1689829
2023-09-18,4938.49365234375,5032.223576231995,4859.884628678828,4888.265954232776,804973
2023-09-20,4944.50439453125,5021.205434571745,4928.429499197515,4937.873948555407,622924
2023-09-21,4851.25146484375,4946.984409620578,4839.708041925269,4930.241997831867,640829
2023-09-22,4770.97216796875,4850.249173509035,4766.345669082065,4818.624361193694,498375
2023-09-25,4775.17041015625,4827.3536129188005,4763.149990184926,4769.970955487778,539731
2023-09-26,4835.9873046875,4868.18460707144,4770.113729504849,4780.464659138436,450923
2023-09-27,4801.40478515625,4834.4126083157935,4787.142387054375,4832.171094837897,257406
2023-09-28,4776.267578125,4892.893372084282,4751.034244556915,4815.571860688676,580065
2023-09-29,4830.74072265625,4848.675627682018,4774.645582977324,4797.636936864312,248079
2023-10-03,4785.6640625,4839.612244480805,4767.204182833317,4831.9802914045495,464531
2023-10-04,4692.31591796875,4788.287826684518,4677.481028817849,4780.7033865440035,256544
2023-10-05,4780.51220703125,4807.462541813855,4698.516689191995,4707.96113812931,657876
2023-10-06,4783.89892578125,4884.449811152025,4767.585533443798,4884.449811152025,279352
2023-10-09,4776.93505859375,4835.51067619774,4728.996849168057,4728.996849168057,244083
2023-10-10,4805.7451171875,4831.0259599875935,4772.069312916607,4776.934310009107,307502
2023-10-11,4831.40771484375,4860.600027998751,4817.670292717114,4822.440263303963,575680
2023-10-12,4871.666015625,4914.023257470585,4818.719346863669,4851.059651376029,472168
2023-10-13,4819.9599609375,4887.741524935114,4808.130526614876,4855.782720839559,387366
2023-10-16,4843.14208984375,4864.797476673896,4800.498366753287,4803.360349086407,158560
2023-10-17,4904.72265625,4913.070105458303,4836.7505698395335,4849.152494377583,318565
2023-10-18,4901.001953125,4959.577100932366,4889.840035212365,4913.0698859921495,360985
2023-10-19,5230.36865234375,5242.198087165852,5003.6995390691345,5056.169219650412,2838352
2023-10-20,5236.76025390625,5256.508120468034,5186.7710502435175,5199.268467613572,763919
2023-10-23,5156.7197265625,5240.671209179121,5146.845794250352,5202.177453247671,451167
2023-10-25,5101.29248046875,5174.416501115121,5086.982568924244,5137.258244477581,620266
2023-10-26,5017.38916015625,5101.4361368323525,4995.113303882436,5088.461723399038,746266
2023-10-27,5126.3349609375,5174.178139117656,5022.779084654926,5022.779084654926,843465
2023-10-30,5064.6591796875,5149.421648558347,5032.318872890609,5140.120206091867,360967
2023-10-31,5069.572265625,5119.275452426429,5049.109371247253,5094.328599358974,400987
2023-11-01,5098.478515625,5198.790903141451,5060.938754227984,5060.938754227984,619765
2023-11-02,5073.72265625,5144.747710712866,5041.859343157778,5136.209276302381,304362
2023-11-03,5121.947265625,5129.674245869132,5072.005576879269,5110.546848787834,448715
2023-11-06,5158.103515625,5177.803402241569,5129.722188823215,5132.488678776534,394137
2023-11-07,5169.6943359375,5194.498184015443,5156.624429661754,5158.103400095338,202689
2023-11-08,5149.27880859375,5185.196594420173,5133.680911406753,5184.004101757825,202145
2023-11-09,5169.5986328125,5204.037913635427,5134.539348976367,5172.365122591183,232773
2023-11-10,5143.984375,5177.374172877699,5102.962623321685,5161.061244282874,149325
2023-11-13,5175.60888671875,5189.53682768011,5147.322589496755,5184.95784240753,93497
2023-11-15,5281.9794921875,5299.43739846031,5209.857442710131,5270.817574526231,640468
2023-11-16,5295.5263671875,5326.4356864283645,5244.058659047889,5266.048039261652,324712
2023-11-17,5372.41796875,5413.869200223421,5227.267854340852,5301.249913148661,531539
2023-11-20,5390.2099609375,5414.8232895321225,5348.091212320055,5351.954702305933,679425
2023-11-21,5424.36279296875,5444.778172994818,5380.526578928702,5381.003575965841,746193
2023-11-22,5486.94482421875,5499.680739185195,5400.846852854204,5418.686729646748,497403
2023-11-23,5652.65380859375,5671.495192960609,5517.04363402312,5533.166041912788,1118718
2023-11-24,5657.4716796875,5685.805494063771,5628.565841438968,5666.7256098555035,297211
2023-11-28,5722.2001953125,5761.790954458529,5640.013688465625,5695.154366684187,380535
2023-11-29,5790.69677734375,5815.9296422502575,5698.492873273268,5733.5046436973635,406974
2023-11-30,5810.3486328125,5846.93440004713,5753.53846996251,5814.594092923479,501833
2023-12-01,5767.896484375,5809.8247160667115,5727.1132320577835,5771.664947816684,439023
2023-12-04,5916.3857421875,5931.649648679876,5807.391909890377,5810.348919119308,359158
2023-12-05,5857.61962890625,5909.0873342944105,5829.953798294934,5909.0873342944105,565826
2023-12-06,5790.69677734375,5815.54813776691,5712.373767167358,5808.917692326174,699201
2023-12-07,5813.25927734375,5871.309918846057,5784.162453607782,5790.697407184111,427407
2023-12-08,5796.1826171875,5838.444372972058,5769.804305495504,5833.674402079107,233266
2023-12-11,5855.99755859375,5862.294013105735,5741.422768770536,5805.054364483059,175955
2023-12-12,5966.470703125,6010.11593771032,5867.016807922386,5880.42024008553,810900
2023-12-13,6025.5224609375,6037.828892139407,5937.993498881284,5971.907804119411,373989
2023-12-14,6043.40966796875,6067.402526620436,5995.089959564104,6034.012732841865,419212
2023-12-15,5986.50390625,6107.565663236029,5968.330039325751,6075.940852282442,553522
2023-12-18,6168.23974609375,6188.321135270297,5974.053970463585,5986.503872772135,851061
2023-12-19,6123.68798828125,6172.580184791519,6101.650631910211,6172.341686271956,377109
2023-12-20,6071.6484375,6168.526360028705,6057.863035289558,6137.998546307561,385863
2023-12-21,5958.98193359375,6053.093370933417,5945.292023271403,6041.836425380664,397717
2023-12-22,6078.94580078125,6100.792172159196,5976.057445574393,5998.714805087884,237213
2023-12-26,6167.142578125,6177.112003128843,6076.99013267393,6086.33955465562,302139
2023-12-27,6400.966796875,6430.159111217715,6167.763204886351,6172.342190509049,1017894
2023-12-28,6394.90869140625,6428.632477202901,6359.324896538975,6400.966647319969,406228
2023-12-29,6484.53662109375,6519.54839210485,6359.3248911266965,6420.3330022642895,345626
2024-01-01,6392.81005859375,6482.867009906037,6374.636191208546,6458.540159968195,253274
2024-01-02,6358.41845703125,6426.867536582185,6259.108039702602,6402.254674095031,361379
2024-01-03,6665.07958984375,6735.055148249493,6300.1768569853475,6338.384133275318,1256275
2024-01-04,6603.69091796875,6705.5777789388285,6570.158114699593,6701.809315487823,619987
2024-01-05,6657.44775390625,6758.094130353496,6602.116096712503,6630.25892235415,659306
2024-01-08,6662.5517578125,6725.5153681229785,6641.229896612056,6696.0370437320125,312733
2024-01-09,6767.53857421875,7058.602263911411,6750.366680618209,7003.270606754111,2125908
2024-01-10,6729.236328125,6811.47081131314,6697.039025119617,6797.208412247474,721432
2024-01-11,6963.06005859375,6987.911419030916,6749.508382199812,6763.818293964194,1031594
2024-01-12,6966.01806640625,7022.303723651873,6918.365870258601,7021.397242843809,434753
2024-01-15,6966.01806640625,6966.01806640625,6966.01806640625,6966.01806640625,0
2024-01-16,6958.3857421875,7017.723898191449,6910.733548578425,7001.3629918576835,272181
2024-01-17,6836.27490234375,6878.298160394759,6755.2329089813165,6784.806729088423,619338
2024-01-18,6757.712890625,6858.502276970773,6745.835477417849,6819.150019235259,557084
2024-01-19,6808.22705078125,6849.678284666564,6778.12872041169,6810.373537708896,327976
2024-01-23,6769.44677734375,6878.29759950918,6617.427721284036,6749.508393415735,953921
2024-01-24,6881.01708984375,6904.055956379933,6704.862155738272,6749.604390107487,467134
2024-01-25,7247.97021484375,7274.348058691179,6878.297499048824,7021.396614840408,2065788
2024-01-29,7201.5107421875,7288.515193653378,7135.876132006188,7244.6314634298105,457853
2024-01-30,7218.30126953125,7307.595215458041,7196.59790254017,7226.4102198356095,266287
2024-01-31,7314.7978515625,7332.39923042153,7169.361719047027,7218.301433906694,336874
2024-02-01,7303.541015625,7407.764880818747,7285.033621513816,7326.675374718348,394564
2024-02-02,7382.197265625,7438.768928927448,7312.937201414366,7321.904652711531,197720
2024-02-05,7305.92578125,7477.40623163745,7282.314425772452,7441.1544535305065,252401
2024-02-06,7365.21630859375,7391.26062825934,7317.70758646942,7321.905067546607,131992
2024-02-07,7347.56787109375,7419.975938057901,7312.938067794477,7388.685114474659,159783
2024-02-08,7400.37109375,7425.365926718027,7315.370122124023,7373.420759108415,282537
2024-02-09,7426.70166015625,7432.091634091481,7316.181341614475,7420.929715896337,173555
2024-02-12,7469.72705078125,7511.941294007848,7408.766448925468,7417.3048833175,219911
2024-02-13,7553.1533203125,7570.086716767043,7452.554914950496,7469.774323327989,258767
2024-02-14,7711.4208984375,7762.507565800401,7517.474069741832,7535.599958996286,513900
2024-02-15,7749.341796875,7781.587077815935,7675.168753597665,7747.004790757371,394525
2024-02-16,7942.048828125,8066.450038189497,7762.745906761876,7809.253121668037,938756
2024-02-19,8118.2041015625,8252.04929278203,7976.440013690531,8013.550758308562,1044959
2024-02-20,7913.572265625,8113.72004706694,7859.671597469882,8113.72004706694,547082
2024-02-21,7853.51806640625,7991.465243013113,7827.521726728814,7918.151167806113,439817
2024-02-22,8107.4716796875,8156.649891242808,7841.831825265015,7879.991590838082,548486
2024-02-23,8048.80126953125,8138.524234565285,8014.552506299282,8106.565429986931,340749
2024-02-26,8059.34326171875,8154.6951714132665,7989.701682871038,8069.64621308429,345968
2024-02-27,8074.1298828125,8099.41072902205,7997.810347085555,8070.790903124446,392445
2024-02-28,7811.923828125,8096.214540630718,7700.497501656034,8080.330165938646,537728
2024-02-29,7545.47412109375,7768.851769924207,7527.014240154969,7629.473124100807,1042536
2024-03-01,7670.16064453125,7721.628816358924,7579.7696968724895,7589.023626653724,399007
2024-03-04,7829.7158203125,7846.601702704873,7676.456756814647,7697.5401202066805,410053
2024-03-05,7967.5205078125,8002.102795166432,7784.639646016588,7784.639646016588,615117
2024-03-06,8209.8828125,8281.766831933397,7979.2072093458955,7984.6451624224355,959543
2024-03-07,8470.5615234375,8560.045987875625,8108.997742627533,8240.601421204474,1243547
2024-03-11,8261.0166015625,8609.796460020303,8232.968803321355,8608.317955542503,631957
2024-03-12,8135.37646484375,8299.701964565189,8085.339283100855,8239.600330414532,324864
2024-03-13,7999.146484375,8220.759154701369,7915.242506646096,8135.376672262814,430048
2024-03-14,7997.85791015625,8013.551301114591,7824.7079624000235,7947.248704039894,392634
2024-03-15,7966.51904296875,8044.17360690333,7736.892467381746,7999.0498704550755,676870
2024-03-18,8129.7470703125,8153.931380725745,7912.61837685236,7959.173104525239,367524
2024-03-19,8242.7001953125,8288.205901237243,8054.142884534893,8108.9500331447125,673456
2024-03-20,8238.3115234375,8379.884628198091,8168.09792652915,8242.509470358778,790885
2024-03-21,8348.0205078125,8366.528366248116,8190.039455443567,8212.172305179545,720691
2024-03-22,8533.7158203125,8633.646703426748,8282.576870624423,8299.796277998757,851210
2024-03-26,8548.3115234375,8605.026658193472,8443.849170990472,8533.715600244474,534067
2024-03-27,8740.970703125,8860.5059742716,8516.019086800194,8546.83290906378,1034030
2024-03-28,8727.2822265625,8818.340225695289,8566.915245994436,8740.97167038547,847202
2024-04-01,8626.1591796875,8787.812754408695,8598.444902382778,8771.785837894202,419820
2024-04-02,8849.3447265625,8927.429706406832,8719.029498850688,8729.046437385392,803845
2024-04-03,8662.6962890625,8823.44430191549,8648.147878403699,8823.44430191549,453210
2024-04-04,8725.3740234375,8759.335842740573,8574.546988377666,8718.552592567441,617929
2024-04-05,8595.009765625,8709.96605362742,8586.423818803241,8709.96605362742,356305
2024-04-08,8615.0439453125,8671.806595746706,8539.487424289908,8632.692836623975,376197
2024-04-09,8565.8193359375,8712.543465122755,8525.274580350562,8671.807724358994,237944
2024-04-10,8591.2421875,8633.456430388202,8491.835806620453,8619.146517544743,319824
2024-04-12,8647.8134765625,8699.472632311063,8519.167738407477,8537.341140593,480474
2024-04-15,8583.1328125,8755.47222697746,8533.477603715368,8642.327962708574,386707
2024-04-16,8508.8173828125,8614.042752308715,8379.979726226928,8536.339741668044,487529
2024-04-18,8606.267578125,8709.012938454793,8538.247978877247,8555.32484748898,819240
2024-04-19,8399.44140625,8671.806733240104,8299.796531992664,8657.54433451907,1385007
2024-04-22,8391.09375,8475.283730779069,8342.678548588807,8475.283730779069,323734
2024-04-23,8391.1416015625,8453.819203868057,8357.942791298094,8438.078300311794,295346
2024-04-24,8296.982421875,8460.974394301262,8280.669494028069,8414.133652651462,319824
2024-04-25,8333.0439453125,8366.528767612144,8243.845491518687,8296.887194061896,524667
2024-04-26,8561.4296875,8581.130039750657,8332.709585402898,8344.873011061869,521344
2024-04-29,8357.083984375,8576.216632295982,8327.415138241106,8561.42972261071,299443
2024-04-30,8494.0302734375,8553.511435245682,8390.378437763304,8394.576384621489,360403
2024-05-02,8691.5068359375,8725.65963884681,8420.047065847906,8532.523344394534,638239
2024-05-03,8686.689453125,8832.650569728428,8647.337191295645,8748.127053944097,396042
2024-05-06,8636.080078125,8763.152292910827,8405.213479873968,8700.427173757913,458431
2024-05-07,8278.6669921875,8657.450219046383,8244.942736805238,8638.561319411714,588285
2024-05-08,8346.8779296875,8381.173278760267,8197.481866394015,8253.004519840979,451581
2024-05-09,8439.8427734375,8593.054792911424,8382.126127361378,8395.148520163097,645689
2024-05-10,8568.5849609375,8631.692050228636,8496.749383654858,8538.248131556838,482797
2024-05-13,8578.6005859375,8609.79637797747,8462.404295938963,8607.793363108545,435605
2024-05-14,8648.1953125,8670.852673154353,8474.091383261286,8540.39397549192,408162
2024-05-15,8493.552734375,8705.19594758088,8468.93894189479,8651.772279299836,274392
2024-05-16,8463.6923828125,8543.541877190508,8309.28880674412,8538.247396137758,680474
2024-05-17,8376.736328125,8546.212824001932,8362.23543122195,8481.961692886243,323961
2024-05-21,8414.8955078125,8452.387287671258,8371.297793376443,8371.297793376443,417798
2024-05-22,8400.443359375,8442.848587477514,8334.093249740516,8442.848587477514,302838
2024-05-23,8551.0791015625,8571.637489291636,8348.593842007447,8442.84827826722,731514
2024-05-24,8536.5302734375,8608.84284058083,8462.022774535326,8566.867099780125,455920
2024-05-27,8584.70703125,8652.202114904117,8473.089719765452,8587.855025503357,301747
2024-05-28,8576.16796875,8607.172775222301,8506.00189304503,8584.70640178241,259094
2024-05-29,8652.9169921875,8718.981079948062,8493.170502676336,8538.24672140105,339934
2024-05-30,8555.896484375,8708.91751779651,8516.877751213602,8650.81890174639,305109
2024-05-31,8666.7978515625,8705.673110920343,8512.489306749463,8576.406911092421,560005
2024-06-03,8905.9658203125,9009.5217099721,8702.86007154106,8757.667227609474,438422
2024-06-04,8821.345703125,8941.643996830993,8402.780755738502,8802.504318028969,738601
2024-06-05,9160.490234375,9233.709284648456,8753.85023204197,8815.859851166068,489543
2024-06-06,9255.126953125,9291.903242155828,9019.060908761929,9153.860099038291,570095
2024-06-07,9278.1181640625,9291.998593433145,9172.654290913622,9199.9381525519,246783
2024-06-10,9285.271484375,9467.436832241307,9236.093278047583,9329.10769674403,201452
2024-06-11,9361.2587890625,9444.542293872388,9253.838486415882,9291.903226496674,457442
2024-06-12,9448.5966796875,9486.517947629805,9345.040799721724,9400.658473043453,277175
2024-06-13,9466.865234375,9482.701163462862,9373.230342687473,9448.357376552936,277783
2024-06-14,9580.6884765625,9612.66658200037,9437.676430717838,9450.131249098113,320933
2024-06-18,9538.8046875,9654.791065730256,9528.994674700876,9542.459140329238,206100
2024-06-19,9315.2939453125,9567.464333004411,9300.09852233139,9559.289479080955,279789
2024-06-20,9263.5517578125,9363.4776969956,9199.114676440673,9321.256606802195,324597
2024-06-21,9234.9404296875,9356.794032347367,9204.981617764943,9304.907564084102,334018
2024-06-24,9372.470703125,9385.646832951685,9146.748355870273,9213.541913849054,283754
2024-06-25,9290.43359375,9449.16984177483,9276.055279788116,9381.847512113329,282048
2024-06-26,9112.2216796875,9290.769546457917,9080.339373144334,9290.385410966956,431217
2024-06-27,9057.208984375,9198.77840113175,9007.390652801767,9198.77840113175,637626
2024-06-28,9138.1884765625,9159.394821020782,9023.355449788225,9102.940055130224,237516
2024-07-01,9167.7626953125,9323.132823733216,9141.41043683457,9141.41043683457,289355
2024-07-02,9041.62890625,9167.762469652844,9022.249317966822,9155.836424677569,287884
2024-07-03,9061.9697265625,9189.449165722717,9025.614920873204,9111.595520274677,318120
2024-07-04,9098.94921875,9135.640264618478,9059.998441750628,9117.271261518707,234656
2024-07-05,9267.20703125,9290.481510245352,9130.158002760356,9157.760345813276,608628
2024-07-08,9164.876953125,9296.395923046008,9107.748776248178,9271.245850373012,316215
2024-07-09,9169.396484375,9199.114857873434,9118.52060503625,9199.114857873434,262913
2024-07-10,9177.4287109375,9280.86447902562,9090.390551833685,9184.68971758494,239607
2024-07-11,9104.6708984375,9203.44255293711,9024.07664707758,9177.42747132265,294900
2024-07-12,9070.0009765625,9188.872601590625,9051.968209464385,9136.5540968406,171581
2024-07-15,9303.3193359375,9365.977558096454,9044.225135981274,9069.999779844753,504086
2024-07-16,9346.5986328125,9530.870021119212,9265.139369255512,9343.377154303986,1041123
2024-07-18,9257.974609375,9372.230032395513,8936.077511134214,9372.230032395513,1055384
2024-07-19,9027.009765625,9304.906888391442,8982.721481920007,9266.436989111271,380782
2024-07-22,9049.755859375,9074.087883877311,8908.85984718761,8992.33934438292,247040
2024-07-23,9023.595703125,9144.295011490807,8410.096611852363,9074.087445668465,431989
2024-07-24,8905.974609375,9014.171205822435,8896.16459678912,9001.956824426612,283213
2024-07-25,8923.333984375,8953.821568794838,8820.186562196872,8905.782092023012,262328
2024-07-26,9129.7734375,9141.410206846605,8913.909018104061,8962.525167554288,250956
2024-07-29,9192.046875,9253.021106332177,9145.257480867032,9183.919920336373,302363
2024-07-30,9198.4892578125,9284.71029623151,9148.14215224302,9185.314068525318,301885
2024-07-31,9294.5205078125,9309.715930684497,9213.589078868814,9232.77612960446,315292
2024-08-01,9358.2841796875,9467.442522464802,9292.404475015737,9467.442522464802,308658
2024-08-02,9248.3564453125,9357.803122355474,9215.224056282586,9343.184372596406,230615
2024-08-05,9122.22265625,9155.835918181687,9010.90038655152,9036.771769187812,310757
2024-08-06,9066.779296875,9252.011500718174,9040.427038123787,9151.268444096528,246541
2024-08-07,9336.8369140625,9352.99408360985,9134.196535638515,9203.92322675026,270583
2024-08-08,9272.4970703125,9403.679820365027,9242.539195701438,9362.613009462162,365016
2024-08-09,9392.37890625,9401.08253395162,9246.241174568886,9387.618067918338,161640
2024-08-12,9339.3857421875,9377.952382144162,9247.202615972992,9368.382806260313,307698
2024-08-13,9301.6376953125,9415.364348802634,9280.86432287349,9328.951702784752,161706
2024-08-14,9376.654296875,9410.700538583817,9301.63798190213,9332.798980727373,282934
2024-08-16,9509.904296875,9545.344317980032,9323.132737088927,9413.584905228066,240190
2024-08-19,9396.8994140625,9563.617982186366,9385.983015452259,9547.220373708677,148301
2024-08-20,9405.6025390625,9498.84415025534,9381.895086684512,9398.389432562899,132844
2024-08-21,9475.13671875,9491.486426851781,9362.612257108329,9405.024947736789,134985
2024-08-22,9534.95703125,9628.05399925001,9464.652727106251,9521.300029225362,388874
2024-08-23,10008.3779296875,10044.82759812699,9550.15312393108,9588.623025739464,1229549
2024-08-26,10033.4794921875,10114.84390068997,9944.133705847375,9978.22690607177,309223
2024-08-27,10099.8876953125,10164.181082553416,9954.087142416362,10003.13626746595,262396
2024-08-28,10249.103515625,10305.125312118786,10061.129763410963,10098.349582570905,338792
2024-08-29,10394.421875,10434.959905985577,10151.629480902891,10177.259487101988,693506
2024-08-30,10474.9208984375,10503.580786377057,10295.50708839556,10420.534264620821,498560
2024-09-02,10700.4990234375,10727.42795479488,10494.733886805921,10508.053714669706,787108
2024-09-03,10621.203125,10693.382086836224,10593.648683517767,10681.119806244771,217394
2024-09-04,10544.3115234375,10607.93055866669,10491.607946930038,10590.76374103498,324246
2024-09-05,10440.4912109375,10594.46662162347,10411.446246404534,10544.60038566831,297298
2024-09-06,10415.8212890625,10496.46438096464,10383.266511666974,10440.490488274054,216847
2024-09-09,10432.6513671875,10485.355879339355,10367.637614600437,10415.820786644317,193055
2024-09-10,10567.44140625,10613.557388082776,10367.686256739726,10380.526149769112,466892
2024-09-11,10983.8779296875,11061.346504163577,10566.33487045311,10644.381056962005,1283385
2024-09-12,11275.0478515625,11328.665279610832,11005.613889014558,11041.583624500037,1409151
2024-09-13,11288.1748046875,11438.97662163168,11241.28961506191,11275.046575909726,417878
2024-09-16,11241.2412109375,11302.264278712339,11194.788993723028,11285.145360756696,172602
2024-09-17,11493.1708984375,11514.858116602367,11197.721880214958,11233.210738453132,444755
2024-09-18,11314.623046875,11592.904308972473,11290.91559543196,11387.57121871483,446416
2024-09-19,11414.01953125,11579.680541045906,11359.392460128134,11359.392460128134,500633
2024-09-20,11484.900390625,11555.396295037226,11414.259848404125,11468.839019418969,772831
2024-09-23,11866.955078125,11906.434627072156,11540.970559359117,11540.970559359117,735579
2024-09-24,11967.650390625,12000.205169821016,11762.701422237176,11762.701422237176,503848
2024-09-25,11923.025390625,11955.196035569024,11839.112912830971,11916.052720550424,262012
2024-09-26,12138.8408203125,12191.59229548836,11917.061281255921,11983.373959829998,641805
2024-09-27,12181.87890625,12285.362561538223,12071.469541915876,12138.840705637127,480852
2024-09-30,11873.6875,12167.213043741096,11811.847319609487,12073.393817709944,479000
2024-10-01,11692.3974609375,12021.843882862144,11648.781647806543,11939.374033825708,670828
2024-10-03,11354.82421875,11559.098828895116,11252.446007193665,11283.2219278971,670365
2024-10-04,11324.0,11491.247324663063,11193.779014423671,11215.129996501613,650553
2024-10-07,11172.6689453125,11364.970551601193,11084.140273098395,11324.000482543344,341323
2024-10-08,11434.3115234375,11480.234965345046,11119.916837546201,11141.844492123579,359432
2024-10-09,11366.0283203125,11530.198814582633,11350.54456047373,11487.11271227743,193883
2024-10-10,11379.396484375,11570.736338423749,11351.601605785143,11369.298135567873,251378
2024-10-11,11422.6279296875,11474.273961768053,11257.831920904833,11435.17854756912,200855
2024-10-14,11444.1220703125,11531.448557236961,11407.864000988042,11472.493622136182,177045
2024-10-15,11080.7734375,11492.882226977825,11028.358200565248,11492.882226977825,476945
2024-10-16,11172.5732421875,11233.211236577883,10945.793360715026,11096.547287199066,504602
2024-10-17,9732.35546875,10855.579757621565,9685.758616726356,10792.922474468895,3668914
2024-10-18,9678.9794921875,9760.871732956597,9464.653486071564,9665.129951715431,1543331
2024-10-21,10098.830078125,10415.581255818915,9503.412549768094,9678.065527943609,2110278
2024-10-22,9971.7353515625,10208.90287321759,9925.235230790822,10098.830672569673,1191148
2024-10-23,10181.78125,10324.456128615175,9946.826502721955,9971.398965688242,1323887
2024-10-24,9908.4033203125,10188.223934850714,9819.441679241992,10102.19543572555,653421
2024-10-25,9815.69140625,9971.591249405876,9545.344542546267,9905.999877906957,644769
2024-10-28,9628.294921875,9899.026850506072,9603.049049311712,9815.691051676438,340768
2024-10-29,9474.0302734375,9688.596710750882,9271.246182564757,9688.596710750882,1100706
2024-10-30,9560.396484375,9673.016750635068,9396.27388369214,9444.36126283079,604822
2024-10-31,9460.037109375,9647.193743579823,9429.934599311324,9559.770516792918,361801
2024-11-01,9498.169921875,9569.387132745236,9462.440628405318,9526.108497471514,53757
2024-11-04,9161.173828125,9517.934255660892,9006.765452863563,9517.934255660892,1125992
2024-11-05,9497.1123046875,9624.495954000638,9136.794152919503,9165.454041724925,1019901
2024-11-06,9637.19140625,9669.409949447383,9472.059162677617,9505.336191712902,514045
2024-11-07,9479.609375,9694.222777498748,9415.460625501884,9685.374512187525,473407
2024-11-08,9531.3037109375,9608.868090704236,9403.24664338679,9479.609777870222,273163
2024-11-11,9539.91015625,9649.117341595416,9425.125962178956,9473.261239073052,359768
2024-11-12,9308.4658203125,9616.513360170211,9292.404449041362,9521.30035660417,316606
2024-11-13,9090.58203125,9338.568249081878,9055.910282420356,9308.46574009556,494123
2024-11-14,9120.2041015625,9152.903518206742,9040.426954584713,9050.044430068314,275791
2024-11-18,9152.4697265625,9235.660882065853,9074.904418031974,9097.217147002499,292519
2024-11-19,9180.5537109375,9327.60434676838,9137.034634607833,9194.306512963902,365397
2024-11-21,9141.4111328125,9188.536766216794,9054.228335331893,9111.116082766883,282212
2024-11-22,9118.9541015625,9235.565992874976,9082.83972942375,9179.880433629512,619823
2024-11-25,9060.576171875,9267.736039832012,9032.733391223206,9194.306986807267,1090141
2024-11-26,8787.919921875,9121.213331681762,8771.233039149818,9102.940129098259,750430
2024-11-27,8838.796875,8902.849830097273,8754.788595969065,8824.034424696933,461513
2024-11-28,8668.7119140625,8917.708741129274,8648.274777747658,8814.512473218909,687966
2024-11-29,8688.0908203125,8743.150865582691,8648.995408119252,8712.566543220202,423101
2024-12-02,8781.0908203125,8824.033221426907,8710.499118065005,8731.512925040503,298320
2024-12-03,8811.337890625,8872.168418846855,8756.710821501856,8756.710821501856,398985
2024-12-04,8654.9111328125,8886.547662376981,8608.602611032074,8811.338813583505,456462
2024-12-05,8551.810546875,8698.188698677517,8411.92419045184,8698.188698677517,1803653
2024-12-06,8751.806640625,8798.98016868116,8588.501160220176,8611.39150258155,746013
2024-12-09,8730.21484375,8820.18613259656,8681.117822773394,8748.055071649582,304202
2024-12-10,8668.5185546875,8746.997714218476,8636.49255077593,8727.954362351531,393944
2024-12-11,8722.9052734375,8759.981391294314,8668.855814768336,8699.054123042988,254311
2024-12-12,8620.3837890625,8747.09402967935,8601.870148592865,8747.09402967935,599056
2024-12-13,8676.3095703125,8704.77692160806,8563.159597366895,8621.249524045561,243931
2024-12-16,8654.140625,8731.465503114177,8626.875457847631,8717.279726859635,228470
2024-12-17,8554.744140625,8646.110154493395,8512.812324679602,8645.917617149204,456493
2024-12-18,8614.1318359375,8661.738336719469,8463.377916794596,8487.421604058216,303382
2024-12-19,8639.0419921875,8658.613179116774,8427.360793239399,8485.498620387349,516640
2024-12-20,8451.115234375,8719.923645198387,8424.330943719737,8607.63963101724,316335
2024-12-23,8433.03515625,8535.461266239283,8386.342502401361,8511.417578448372,514460
2024-12-24,8442.267578125,8515.312489660655,8397.017545428867,8410.482010625981,297827
2024-12-26,8538.8759765625,8558.25556618081,8461.07022086026,8472.996266657163,240675
2024-12-27,8586.7705078125,8828.025445517966,8555.946686514822,8555.946686514822,713799
2024-12-30,8444.046875,8619.61368546738,8403.316306664417,8586.48129772614,1065253
2024-12-31,8462.03125,8501.60753564521,8405.817859510724,8434.52564694799,294554
2025-01-01,8406.2021484375,8431.640558335157,8223.903092771066,8419.185740035256,558535
2025-01-02,8732.1865234375,8758.922916393762,8345.611923668694,8406.154117308824,734590
2025-01-03,8622.740234375,8761.47231906582,8602.831872162104,8751.902743060386,337802
2025-01-06,8486.3154296875,8746.036097329677,8458.569389578272,8660.488468078134,238306
2025-01-07,8473.2841796875,8547.964251990978,8400.960576702753,8530.700695774332,270785
2025-01-08,8311.662109375,8493.144045608107,8282.569248278805,8440.295834056526,415288
2025-01-09,8497.8564453125,8557.629429337825,8359.605239371018,8386.390471315617,612457
2025-01-10,8428.755859375,8516.274889863718,8311.518452740978,8494.587669600422,350859
2025-01-13,8267.4228515625,8415.195746790609,8223.903772425294,8371.532029829958,341577
2025-01-14,8281.80078125,8365.280281664425,8198.897953689266,8290.26397194152,355464
2025-01-15,8249.87109375,8462.41731801192,8233.809720636387,8294.015685240909,347402
2025-01-16,8253.669921875,8309.40338258406,8222.653562082343,8291.225977441525,290855
2025-01-17,8253.140625,8335.080763144826,8204.956510250056,8238.184699551623,183057
2025-01-20,8217.5556640625,8280.260849311002,8138.980705955213,8271.028449050491,294136
2025-01-21,8144.60693359375,8279.492025939106,8090.31609717564,8254.150353968975,343149
2025-01-22,8137.20166015625,8208.467719564876,8073.870957512255,8156.388712274212,344305
2025-01-23,8078.63134765625,8176.970032540217,8055.261070532475,8116.332038651124,347894
2025-01-24,8080.1220703125,8165.188829256496,8040.209546844313,8092.528989434647,232317
2025-01-27,8063.86767578125,8096.904265778444,7973.222974322567,8057.5684175264905,324406
2025-01-28,8077.14111328125,8164.275066854947,8041.507614686967,8104.1179445971065,651069
2025-01-29,8295.888671875,8470.109594050404,8098.057977402075,8098.057977402075,802600
2025-01-30,8413.1748046875,8486.748490291704,8273.433077257037,8328.685660365822,322587
2025-01-31,8509.349609375,8617.16207102819,8409.568303122463,8463.378265275387,315913
2025-02-01,8805.375,8826.918519596209,8469.436787438719,8547.915946647874,418755
2025-02-03,8585.087890625,8799.99058067976,8546.617986447165,8799.99058067976,667412
2025-02-04,8570.517578125,8713.096653832754,8538.009759245911,8607.640658242153,440468
2025-02-05,8586.2900390625,8624.952480440144,8554.744905610514,8588.40607162472,329075
2025-02-06,8507.9541015625,8618.844332908286,8473.956705195535,8580.710671178591,580590
2025-02-07,8645.5341796875,8680.733765874002,8512.475836802932,8550.46486668904,244178
2025-02-10,8540.8466796875,8722.857396330031,8507.473853180425,8645.533459890637,192650
2025-02-11,8426.8310546875,8537.864984284523,8398.507404787251,8492.229880494251,282926
2025-02-12,8378.359375,8482.036509707417,8316.23086047944,8397.979400220476,411042
2025-02-13,8358.884765625,8441.306724147533,8320.511599275249,8381.678371962766,206920
2025-02-14,8181.10498046875,8389.034974549677,8097.818023957322,8367.203118800697,369356
2025-02-17,8210.5830078125,8224.912481973137,8061.993019741063,8169.083227694399,224417
2025-02-18,8123.49609375,8222.941161372491,8069.494534910061,8184.567060270135,206278
2025-02-19,8155.138671875,8201.49509345468,8083.536376112088,8117.197541689731,200819
2025-02-20,8300.0732421875,8309.498179596201,8136.287835123106,8136.335734655526,188845
2025-02-21,8180.6728515625,8284.493691128615,8126.767087304016,8222.941845733649,222132
2025-02-24,8123.833984375,8163.746509316683,8022.513312354486,8127.248000474469,275998
2025-02-25,8095.89501953125,8144.173994834296,8045.066098349522,8126.766739985127,237383
2025-02-27,7917.44189453125,8092.0958093183,7870.364634749559,8040.305141358684,350992
2025-02-28,7600.5947265625,7919.750749468386,7584.629623085851,7919.750749468386,580155
2025-03-03,7419.68994140625,7692.345376627083,7385.836708812771,7631.419043945565,497052
2025-03-04,7052.783203125,7386.22127045414,7037.154805254573,7359.388607415728,1078953
2025-03-05,7136.455078125,7158.575271529206,7021.718784526242,7051.725495594133,749464
2025-03-06,7176.80029296875,7213.106261149871,7094.7634189332475,7194.833058621624,917093
2025-03-07,7284.9970703125,7332.363135953332,7166.077082680084,7176.800473671006,942308
2025-03-10,7100.966796875,7283.3142270492635,7070.768017597542,7283.3142270492635,495241
2025-03-11,7213.05859375,7228.446554269009,7047.685917705964,7074.1339748480095,412703
2025-03-12,7227.58056640625,7279.46703333974,7145.639958851199,7213.058554428232,529286
2025-03-13,7217.626953125,7256.625628040656,7131.358010923623,7256.625628040656,454776
2025-03-17,7199.68994140625,7319.860483660037,7148.669422552234,7213.106507351238,286383
2025-03-18,7199.68994140625,7199.68994140625,7199.68994140625,7199.68994140625,0
2025-03-19,7426.47021484375,7470.518063617791,7327.794824924504,7380.450501882815,409356
2025-03-20,7617.04052734375,7647.768549130601,7426.614514160156,7439.069332661713,606109
2025-03-21,7759.23486328125,7839.204076062172,7634.351853242734,7664.166026516925,703280
2025-03-24,7814.7275390625,7899.746397316564,7761.302651034551,7807.273995624393,453508
2025-03-25,7699.7509765625,7855.5061819724315,7647.81660824694,7847.860101017987,824076
2025-03-26,7671.95654296875,7739.6155776311,7607.423187871581,7707.781639523518,391366
2025-03-27,7669.26318359375,7731.584705648789,7551.882084741105,7598.767277091212,651971
2025-03-28,7577.46435546875,7717.927389468078,7511.969257047258,7665.512150917481,392400
2025-04-01,7687.2958984375,7740.144112994652,7339.09539342224,7339.09539342224,283618
2025-04-02,7764.1396484375,7774.574233103637,7641.083868280709,7657.433575739585,237191
2025-04-03,7609.5390625,7636.32335576649,7540.100702374065,7636.32335576649,470005
2025-04-04,7391.1259765625,7588.043781727159,7359.532476538503,7578.57047471311,461228
2025-04-07,7027.29638671875,7076.105071937851,6818.164676344881,7020.756691614444,469629
2025-04-08,7211.23095703125,7241.814810576148,7064.756994478252,7102.024711666562,259199
2025-04-09,7282.640625,7339.383729203167,7175.117439113958,7237.583128955199,261256
2025-04-11,7471.67236328125,7482.347854743358,7344.240816052216,7424.210028939817,290737
2025-04-15,7689.65234375,7732.450108654868,7529.040506915999,7693.980207616784,387999
2025-04-16,7656.95263671875,7693.499041315285,7563.663130248648,7693.0181675705935,294161
2025-04-17,7711.29150390625,7746.876161631934,7563.663261719968,7688.209563759861,274331
2025-04-21,7932.01318359375,7958.461242102247,7645.89327791092,7703.59813283855,285132
2025-04-22,7829.5869140625,7873.346428199565,7766.111574874671,7872.865554417839,394636
2025-04-23,7945.4775390625,7977.215208830588,7743.029675844845,7800.734529968642,598686
2025-04-24,7887.7724609375,8009.433524926842,7856.5156658414235,7944.034692110437,322100
2025-04-25,7726.6796875,7943.553756398587,7660.319107659634,7910.373466478404,508224
2025-04-28,7786.30810546875,7823.335385861604,7666.089662634808,7726.679757823114,282481
2025-04-29,7769.4775390625,7856.996565621229,7713.215307703318,7825.258896649382,228383
2025-04-30,7722.8330078125,7768.516017510021,7672.341260252082,7751.685434989882,447067
2025-05-02,7521.3466796875,7776.6906530213055,7504.516097641015,7693.980364107154,379515
2025-05-05,7617.521484375,7659.8383766561055,7549.718281970046,7568.47235923099,250175
2025-05-06,7641.56494140625,7736.297072389639,7607.422904351323,7626.657854804803,270568
2025-05-07,7548.75634765625,7672.821778774565,7512.690815354414,7612.712558271505,459640
2025-05-08,7429.01904296875,7568.472439464376,7376.6038008376345,7550.199235785639,461725
2025-05-09,7388.62548828125,7447.292088318368,7320.822286599007,7328.516266931744,248982
2025-05-12,7731.96923828125,7740.624966018613,7480.472260134531,7501.630705714752,296774
2025-05-13,7754.5703125,7798.8106987551155,7645.8928419167805,7731.9692456088,407395
2025-05-14,7792.5595703125,7894.023937442148,7724.756367633447,7780.537725865859,225717
2025-05-15,8007.51025390625,8045.980156639405,7768.035109392359,7823.816468355434,497959
2025-05-16,8158.02392578125,8170.045770646828,7963.270038958886,8030.592370206123,483122
2025-05-19,8512.427734375,8522.526083850871,8167.1603570571115,8174.854337610157,858221
2025-05-20,8237.3681640625,8511.466229066331,8200.34088159707,8511.466229066331,449936
2025-05-21,8355.181640625,8429.717073965827,8208.996016524281,8278.722712230216,572628
2025-05-22,8399.421875,8439.81527040276,8186.875675380717,8328.73343304517,916615
2025-05-23,8406.6357421875,8499.925259061107,8380.668557078352,8429.717684506742,321989
2025-05-26,8615.8154296875,8635.050380694225,8434.526016449112,8448.471355928988,440577
2025-05-27,8620.1435546875,8660.056079235032,8560.034330971337,8602.832098257244,401273
2025-05-28,8510.50390625,8662.460016227116,8439.334588918946,8646.110308191604,312080
2025-05-29,8535.0283203125,8598.022782533522,8465.301625487704,8566.285114544306,330341
2025-05-30,8277.76171875,8525.892603313438,8256.603271229087,8450.876289375654,1434828
2025-06-02,8187.83740234375,8291.706133118769,8093.1052728869045,8291.706133118769,457251
2025-06-03,8235.4443359375,8271.0289955696,8165.23676423092,8187.356958056281,566074
2025-06-04,8235.92578125,8309.980348326108,8200.821992960677,8223.423062133255,431009
2025-06-05,8230.154296875,8284.493031058282,8183.990416506902,8284.493031058282,381642
2025-06-06,8306.61328125,8352.777161937738,8214.285519874522,8278.72260333449,435024
2025-06-09,8310.4599609375,8372.011799555716,8270.547440583501,8347.968112595476,443544
2025-06-10,8296.0341796875,8332.58058576542,8246.023308212454,8314.30738272646,350288
2025-06-11,8385.4765625,8434.525685643423,8280.646083624843,8305.170645196553,462124
2025-06-12,8239.291015625,8421.061297164993,8213.323832547858,8398.460230412666,368162
2025-06-13,8139.75048828125,8160.908934638216,8030.592140030535,8136.3843718153685,250910
2025-06-16,8203.2255859375,8266.22004937368,8127.72840456742,8161.870442002297,203598
2025-06-17,8169.564453125,8226.78843157705,8131.575425413135,8165.236589208459,286217
2025-06-18,8144.078125,8326.329282851619,8117.630067791982,8179.662783788971,561114
2025-06-19,8171.0068359375,8227.749938964844,8128.209071789757,8155.618875794491,332303
2025-06-20,8254.8271484375,8286.383052003383,8135.506388079008,8199.604317197205,567646
2025-06-23,8171.5,8212.917124238218,8140.4371568213355,8160.159596934774,271619
2025-06-24,8260.744140625,8307.584936456406,8215.8755888286,8246.938432379953,214129
2025-06-25,8273.0703125,8319.91110633083,8254.82705595536,8290.327447069254,276176
2025-06-26,8315.966796875,8347.522700764483,8244.966013123665,8253.841111092583,371685
2025-06-27,8318.92578125,8388.94044820931,8297.231095713312,8350.481687485182,504248
2025-06-30,8259.7578125,8378.092451647564,8243.979860613657,8352.45327983226,303799
2025-07-01,8282.4384765625,8292.299696322665,8184.812400936868,8253.840939258022,363782
2025-07-02,8240.5283203125,8292.792785217252,8199.111197180431,8234.118527446823,267604
2025-07-03,8266.16796875,8347.029975721369,8234.119002572324,8261.730419586938,175619
2025-07-04,8315.966796875,8332.730870816287,8248.417440111578,8265.674575051138,183720
2025-07-07,8346.0439453125,8366.259447277278,8287.369683512288,8315.967222877096,123117
2025-07-08,8223.7646484375,8356.398061137883,8175.937730103162,8345.55071883525,253579
2025-07-09,8244.9658203125,8259.757649914782,8195.166660651481,8234.11847860416,157280
2025-07-10,8170.02099609375,8277.508297068309,8153.256921629828,8277.508297068309,229552
2025-07-11,7955.04638671875,8184.812818862728,7933.844763151817,8170.514049480377,539579
2025-07-14,7975.26171875,8007.310683925812,7923.983374468702,7977.727023763524,248351
2025-07-15,8195.66015625,8210.451986636686,7977.727188552822,8015.199825532427,366546
2025-07-16,8187.27783203125,8229.188016657727,8070.9154370683245,8195.659868956545,275493
2025-07-17,8214.396484375,8239.049535048394,8147.833247556835,8163.611199987808,249880
2025-07-18,8231.6533203125,8248.910455155923,8189.74313569276,8189.74313569276,268313
2025-07-21,8321.390625,8332.731028174438,8190.729457990164,8190.729457990164,253964
2025-07-22,8179.88232421875,8352.453681269779,8162.132127493502,8352.453681269779,302466
2025-07-23,8280.466796875,8288.35577322072,8175.44479927262,8198.125606266562,194644
2025-07-24,8173.47216796875,8317.93904045562,8161.145643012533,8292.792929544936,298692
2025-07-25,7963.42822265625,8165.090171951428,7932.858440611504,8160.1595619442105,554118
2025-07-28,7977.23388671875,8044.783243445399,7962.935117776612,7963.428178774617,232171
2025-07-29,8014.70654296875,8032.949799941364,7944.198820074593,7977.233907025002,209998
2025-07-30,7931.87255859375,8019.637419377594,7913.629301015086,7978.22029406387,222804
2025-07-31,7896.865234375,7981.671729149756,7820.440776874492,7879.115037794237,297025
2025-08-01,7932.8583984375,7978.713071260838,7841.149052790824,7896.86494557617,329818
2025-08-04,8073.8740234375,8091.131158754771,7932.858574844942,7932.858574844942,221221
2025-08-05,8116.27734375,8122.194075912384,8017.172080030071,8062.533693275013,194083
2025-08-06,8064.9990234375,8154.243067164479,8007.310884674757,8154.243067164479,515934
2025-08-07,8114.7978515625,8134.52029135242,7749.439654454236,7958.004455232638,456168
2025-08-08,8109.8671875,8162.13165259454,8071.4084301662815,8114.79779741458,282679
2025-08-11,8160.15966796875,8184.812718325151,8019.637280937264,8120.714787398509,180274
2025-08-12,8082.7490234375,8206.014274206693,8066.478010335967,8160.65266192363,184529
2025-08-13,8134.02734375,8194.180785947825,8075.353084557041,8100.499195639738,367519
2025-08-14,8099.51318359375,8165.090297699671,8084.228292335979,8135.5066372007595,364270
2025-08-18,8469.30859375,8509.73959477972,8283.424601210922,8283.424601210922,995976
2025-08-19,8673.4365234375,8733.09690768717,8466.843953184512,8489.524760419923,1052384
2025-08-20,8704.9921875,8749.367678685217,8641.88037781436,8672.45016063084,490202
2025-08-21,8563.9765625,8745.916072636594,8510.232913164258,8712.38792442714,510564
2025-08-22,8559.0458984375,8594.0532294352,8461.912881443883,8563.976508437176,369875
2025-08-25,8629.060546875,8642.373193853207,8513.68427306386,8628.567485875807,360880
2025-08-26,8570.8798828125,8702.527177796734,8526.011329091281,8608.84558211507,778390
2025-08-28,8568.9072265625,8675.90146490556,8540.802749209714,8675.90146490556,394657
2025-08-29,8511.7119140625,8608.844929591105,8452.544594958781,8593.066977830113,344340
2025-09-01,8842.5556640625,8912.077262625722,8544.746830500899,8544.746830500899,658701
2025-09-02,8905.1748046875,8983.07844341961,8802.125054719078,8845.514423126835,548186
2025-09-03,8989.48828125,9002.80092844141,8867.209151491883,8926.376472342585,322758
2025-09-04,8945.1123046875,9223.691758559644,8920.95231665257,9220.240331697512,652617
2025-09-05,8958.42578125,9044.711460798613,8927.362936612499,8990.474747939485,231190
2025-09-08,9302.58203125,9358.297925113957,8947.085044737505,8975.682583180951,713087
2025-09-09,9252.783203125,9297.651756438672,9108.316322675484,9260.179118506376,505482
2025-09-10,9115.7119140625,9308.991829159455,9052.60010505125,9294.199998922442,454231
2025-09-11,8987.0234375,9115.219305923218,8949.057738005431,9115.219305923218,472941
2025-09-12,8874.60546875,9077.25355184663,8854.883027572712,8988.502566548836,481492
2025-09-15,8899.7509765625,8965.328089021381,8839.597535058863,8901.230159550294,325549
2025-09-16,8946.591796875,8972.72402973443,8894.820392153486,8906.653856089832,219134
2025-09-17,8957.9326171875,9009.210963300859,8944.126908618518,8950.53670188269,172732
2025-09-18,8949.0576171875,8988.50249924673,8899.751514613465,8973.217607448778,183574
2025-09-19,8846.9931640625,8937.716384381705,8826.284602902682,8924.403737921823,467648
2025-09-22,8928.841796875,9067.391940169598,8835.160205323493,8846.993669519472,525239
2025-09-23,8859.8134765625,9096.975827401531,8825.79226615108,8953.002009428565,451186
2025-09-24,8716.33203125,8874.111545335305,8681.81776254384,8865.236447668005,240914
2025-09-25,8719.7841796875,8786.347417700383,8636.45686691582,8698.582555727842,441002
2025-09-26,8581.2333984375,8756.763109414502,8547.705251396948,8707.457010825457,335841
2025-09-29,8596.5185546875,8706.47115793931,8555.101430592647,8623.636909749606,394174
2025-09-30,8558.0595703125,8647.303609157148,8520.093874229418,8599.969754300319,285609
2025-10-01,8506.78125,8723.728085332985,8467.336370848549,8598.983655016518,551282
2025-10-03,8559.0458984375,8577.782216436268,8373.654962449684,8506.781432440936,915075
2025-10-06,8669.984375,8681.324777674306,8530.941176993289,8577.288909662193,300715
2025-10-07,8780.4306640625,8791.278006527087,8663.575202057626,8677.873971670037,490577
2025-10-08,8669.984375,8779.443913856347,8629.06031317533,8779.443913856347,408647
2025-10-09,8687.7353515625,8695.131267015022,8580.741108016015,8653.22107945073,217161
2025-10-10,8822.3408203125,8830.722857642479,8659.630683907028,8693.651894246354,228686
2025-10-13,8940.1826171875,8957.932814309646,8793.250429898624,8822.834091768867,374531
2025-10-14,8976.17578125,8993.432916781105,8907.147239125585,8973.710476174128,297332
2025-10-15,8873.1259765625,9052.600185023755,8831.215790520722,8980.120216222094,300055
2025-10-16,9024.4951171875,9049.64122716819,8896.792323363998,8904.681299044214,334619
2025-10-17,9023.509765625,9066.899135570631,8964.342442971867,9023.016704602891,466036
2025-10-20,8997.8701171875,9108.315780306028,8974.203189376387,9066.89865663658,303686
2025-10-21,8991.4609375,9037.808674291236,8954.974421302642,9032.385002964602,27642
2025-10-23,8921.4462890625,9029.919715811353,8891.862627221904,9009.211152522936,249420
2025-10-24,8950.5361328125,8972.72387731625,8886.931265235085,8944.126339955861,332130
2025-10-27,8969.2724609375,8988.501839530021,8929.334520783801,8973.216948853915,310061
2025-10-28,8931.7998046875,9003.293648004072,8893.834108581459,8973.709988700663,459991
2025-10-29,8908.6259765625,8963.848807499793,8835.652949966792,8963.848807499793,226605
2025-10-30,8799.1669921875,8939.19632233326,8780.92373438682,8908.62653899158,250532
2025-10-31,8769.08984375,8925.39018001476,8679.845803169806,8815.437577531979,261013
2025-11-03,8798.673828125,8833.188099235605,8732.110590983119,8776.486082411038,206987
2025-11-04,8629.5537109375,8796.208330655068,8592.0810745513,8796.208330655068,517334
2025-11-06,8599.4765625,8698.088758618342,8581.726367198698,8633.497770160828,326774
2025-11-07,8600.462890625,8628.074306200017,8485.579679393239,8598.983707647767,290120
2025-11-10,8650.2626953125,8715.346751159585,8564.963137270488,8672.94350265315,992874
2025-11-11,8771.5556640625,8820.86176672727,8604.901037055579,8696.61038801205,380748
2025-11-12,8744.9296875,8810.99985992473,8677.873393098782,8810.99985992473,439922
2025-11-13,8744.4365234375,8772.047938453712,8719.29041333345,8764.652023717226,276001
2025-11-14,8720.27734375,8744.437334129043,8659.630837288321,8744.437334129043,550371
2025-11-17,8821.3544921875,8899.751192442254,8727.179839680215,8727.179839680215,457995
2025-11-18,8797.1943359375,8874.111851709624,8776.485773998851,8850.937984778278,276172
2025-11-19,8761.201171875,8850.445215552718,8740.492609253652,8825.792164813018,326292
2025-11-20,8854.8828125,8880.028924390279,8766.6248903753,8800.153039562338,189991
2025-11-21,8768.5966796875,8833.187669624469,8739.013020174385,8825.791754746191,320271
2025-11-24,8882.494140625,8923.418204664515,8734.575836867714,8781.41663305752,466198
2025-11-25,8922.431640625,9018.08547231605,8876.083907743769,8899.750835172483,482151
2025-11-26,9036.822265625,9052.600218074804,8902.709669801668,8928.3488425326,354143
2025-11-27,8897.2861328125,9126.066446784514,8871.153898673454,9066.406063184053,602295
2025-11-28,8947.578125,8979.627090565935,8798.180639361879,8905.667939259933,432445
2025-12-01,8969.765625,9061.968031105705,8929.827684387368,9002.307650684366,449503
2025-12-02,8959.4111328125,9015.12702395816,8863.264241012464,8973.709901336608,319833
2025-12-03,8875.5908203125,8978.640566518006,8825.79166066295,8959.411188039467,412081
2025-12-04,8958.9189453125,8968.780165945756,8863.265105169923,8880.029180246458,275604
2025-12-05,8982.5849609375,9003.293522160433,8919.966216287206,8928.348252972679,279893
2025-12-08,8900.7373046875,8997.870323135508,8832.20182466581,8988.502163995852,299426
2025-12-09,8836.6396484375,8909.119618771185,8756.763762763641,8865.237187752831,373015
2025-12-10,8866.22265625,8876.576936963005,8780.430044627961,8836.638997069987,307300
2025-12-11,8927.85546875,8957.932189553763,8836.639184345142,8866.222844152124,136142
2025-12-12,8889.8896484375,8963.355735937066,8835.652939545202,8939.195747430498,356060
2025-12-15,8815.9306640625,8917.00816887977,8760.707832162332,8914.542863884228,507849
2025-12-16,8882.9873046875,8902.709745417269,8767.611026418357,8815.931006206289,278902
2025-12-17,8771.5556640625,8883.973578138175,8736.055270143866,8882.98745608488,256364
2025-12-18,8708.443359375,8767.61067922128,8613.77564762095,8767.61067922128,338487
2025-12-19,8877.0703125,8885.945410568485,8704.498961168352,8707.950388194984,215196
2025-12-22,9036.822265625,9057.530828215367,8872.63294794423,8884.95947329564,377385
2025-12-23,8972.724609375,9056.54498433894,8953.988290265414,9056.54498433894,215559
2025-12-24,9042.7392578125,9066.899248195969,8944.12705216569,8973.710713859733,167717
2025-12-26,8938.703125,9058.023890417287,8926.376599646974,9055.06552433256,105815
2025-12-29,8960.890625,9000.33550504842,8929.827781961869,8943.633489978816,263943
2025-12-30,9153.1845703125,9169.948644617101,8900.244272716598,8960.89077681854,464922
2025-12-31,9213.337890625,9267.574600887696,9167.483217402902,9190.657084515145,319864
2026-01-01,9425.3544921875,9451.97978736317,9189.178262758864,9235.032937783631,306936
2026-01-02,9370.6240234375,9499.312940570739,9181.288605126529,9417.464817030057,733651
2026-01-05,9365.693359375,9549.605105784416,9333.644395523494,9387.88110357989,304245
2026-01-06,9526.9248046875,9647.724751750353,9410.562406700426,9442.118311239294,503002
2026-01-07,9653.6416015625,9670.898737067617,9474.660453323715,9533.827775055544,334802
2026-01-08,9625.0439453125,9750.77450245889,9590.036613714878,9663.502703969043,534086
2026-01-09,9429.7919921875,9693.57963745915,9405.632002246732,9625.044155790441,250994
2026-01-12,9359.2841796875,9455.431077540154,9230.102193854704,9429.791904779446,332453
2026-01-13,9421.41015625,9443.597902588248,9327.235499569879,9374.07629739507,229215
2026-01-14,9446.5556640625,9476.632384951263,9362.242233374329,9443.104237075266,335206
2026-01-15,9446.5556640625,9446.5556640625,9446.5556640625,9446.5556640625,0
2026-01-16,9357.3115234375,9483.042076629436,9259.192385848499,9407.603744714275,528450
2026-01-19,9298.6376953125,9357.311956182228,9263.137302181236,9357.311956182228,403445
2026-01-20,9052.599609375,9336.602734375,9027.946560329861,9336.602734375,385253
2026-01-21,9051.6142578125,9126.559533288451,8946.099198918728,9023.016718486151,323092
2026-01-22,9239.962890625,9261.164513052794,9058.023386535318,9096.975204484059,193757
2026-01-23,9282.859375,9415.492782971265,9205.448798600413,9259.685508179742,204212
2026-01-27,9360.2705078125,9374.076216526088,9200.51873555527,9291.241964244562,302065
2026-01-28,9302.58203125,9401.194232779126,9121.628641444056,9368.159145266869,342407
2026-01-29,9379.9921875,9400.700748889562,9251.303270293445,9343.505674575537,390096
2026-01-30,9464.3056640625,9492.410140376725,9252.289439235885,9365.200405480757,283660
2026-02-02,9364.7080078125,9390.840242025844,9122.121984548994,9323.290881889463,327240
2026-02-03,9462.333984375,9803.039147378655,9382.9511605782,9795.150171100711,573385
2026-02-04,9505.23046875,9590.036965306956,9397.250103947828,9460.854976365546,201083
2026-02-05,9513.119140625,9544.675045310394,9466.771405618327,9506.21628647507,155663
2026-02-06,9386.40234375,9533.827584112518,9340.05460932165,9486.493727675053,198790
2026-02-09,9456.91015625,9492.903609920817,9373.089784687827,9464.79913239703,171033
2026-02-10,9638.3564453125,9697.030704417892,9449.5140819733,9471.701827013154,347018
2026-02-11,9732.53125,9768.03164262374,9660.051281726532,9681.745966107706,324008
2026-02-12,9703.4404296875,9792.191409227325,9673.363708843448,9739.433882500874,372062
2026-02-13,9624.55078125,9763.100923131724,9585.105900998975,9664.488722504162,120688
2026-02-16,9562.91796875,9638.84936174755,9509.174320459526,9575.244493587265,88321
2026-02-17,9690.1279296875,9732.038115105677,9498.820259778644,9517.063516960674,159113
2026-02-18,9841.498046875,9870.095586289766,9668.43362731322,9690.128312386492,334455
2026-02-19,9593.9814453125,9919.894783546211,9566.370027852457,9852.345422974322,310761
2026-02-20,9670.8984375,9686.676389473081,9536.292784729658,9590.036433637963,291070
2026-02-23,9768.03125,9792.191238453384,9677.80108904144,9714.28760221594,145464
2026-02-24,9692.5927734375,9737.954383731338,9525.938161705793,9737.954383731338,259761
2026-02-25,9956.8740234375,10018.99971061949,9702.947603606346,9722.670043981581,334366
2026-02-26,9969.693359375,10045.624752913267,9890.31053885772,10005.686812156126,177814
2026-02-27,9834.1015625,9951.450079515542,9802.052597768865,9932.713761672725,231926
2026-03-02,9640.3291015625,9803.532299834656,9432.25735029105,9590.529938343505,330330
2026-03-04,9518.54296875,9569.821314709596,9384.430371624903,9384.430371624903,319652
2026-03-05,9668.43359375,9716.260512950048,9507.202639333342,9540.237727852964,300749
2026-03-06,9679.7734375,9747.322793700972,9555.522066969743,9644.273045919927,386552
2026-03-09,9252.783203125,9511.64024147311,9221.227297497802,9466.771688159437,334501
2026-03-10,9476.6328125,9503.75116862318,9219.254959840011,9318.36022494472,463535
2026-03-11,9198.052734375,9531.8550233684,9141.350720735058,9442.117923520838,489382
2026-03-12,9034.849609375,9151.212003383542,8953.987606758896,9151.212003383542,390062
2026-03-13,8751.8330078125,8992.939843915054,8709.922821577906,8949.057413622359,435631
2026-03-16,8947.0849609375,8977.161682122178,8621.171637936304,8742.957705684103,580318
2026-03-17,8983.5712890625,9121.628367050289,8881.5076635501,8973.71006920623,245258
2026-03-18,9142.3369140625,9159.100987791231,9009.703507208718,9023.016153993298,247437
2026-03-19,8745.4228515625,9023.01619121575,8688.720837246117,8987.022738649697,288162
2026-03-20,8925.390625,8983.571825627003,8807.549040679207,8833.18821383687,356410
2026-03-23,8654.20703125,8864.744086989731,8630.540102267549,8864.744086989731,375189
2026-03-24,8774.513671875,8897.285862496314,8669.984738494606,8776.485915901045,438132
2026-03-25,8922.9248046875,9022.52312543386,8856.361570525329,8894.82032804125,438761
2026-03-27,8777.4716796875,8879.042242883525,8717.318239348107,8846.993278768274,326675
2026-03-30,8659.630859375,8765.63898069628,8623.637404228706,8687.735338050874,325094
2026-04-01,8772.048828125,9042.739334934096,8746.902715470604,8868.688790483075,416423
2026-04-02,8636.94921875,8712.880609952119,8504.31581463721,8712.880609952119,254975
2026-04-06,8818.396484375,8859.8136107204,8633.49859890446,8656.672467216767,313792
2026-04-07,8923.9111328125,8961.876830211613,8678.366752231219,8776.485892262694,376810
2026-04-08,9236.0185546875,9369.145023284853,9133.461867768057,9235.03243269789,474100
2026-04-09,9384.9228515625,9491.424025038254,9236.01843309177,9323.783289011604,539407
2026-04-10,9677.30859375,9707.385315827687,9269.054071121733,9269.5471321394,738971
2026-04-13,9679.7734375,9714.287707091738,9565.383286853097,9566.8624698356,363886
2026-04-15,9728.09375,9837.553294475418,9693.579479219463,9764.08720381399,551624
2026-04-16,9688.6484375,9780.850842477736,9610.744801208652,9734.01004850509,479220
2026-04-17,9637.86328125,9693.579173754284,9587.077998701847,9673.856733929759,264575
2026-04-20,9666.9541015625,9725.628361385307,9555.52231399986,9637.863502154554,349985
2026-04-21,9657.0927734375,9736.968655664441,9605.81442929181,9666.953993465517,291287
2026-04-22,9468.7431640625,9654.627155566955,9451.97909055812,9634.904716150038,301870
2026-04-23,9417.9580078125,9457.89594816289,9345.47804199142,9442.117996419527,444028
2026-04-24,9443.1044921875,9528.89710818795,9395.770635083803,9466.77142073935,190469
2026-04-27,9527.9111328125,9580.175600835586,9483.535641094784,9508.681753068156,147736
2026-04-28,9363.7216796875,9528.40405770949,9343.506178193782,9488.466115734098,256811
2026-04-29,9411.0556640625,9574.751922273259,9364.214867285325,9378.020575809125,261656
2026-04-30,9855.3037109375,9905.595935197838,9225.171724616801,9382.951251708057,1209264
2026-05-01,9855.3037109375,9855.3037109375,9855.3037109375,9855.3037109375,0
2026-05-04,9991.388671875,10332.09384223947,9927.290738231903,10101.834342152339,721598
2026-05-05,9906.58203125,10033.79177463356,9876.99836999801,9990.402404797307,233441
2026-05-06,10175.79296875,10245.807631099186,10000.263251874576,10038.722010066382,393486
2026-05-07,10457.82421875,10590.950693953324,10181.216986938649,10435.143411863508,1498254
2026-05-08,10562.845703125,10635.32566943968,10393.725781724082,10477.546150931534,375627
2026-05-11,10448.4560546875,10502.199705763946,10365.12874246806,10451.90748182085,256703
2026-05-12,10252.7109375,10536.221026422887,10222.14115399875,10403.587610909397,409439
2026-05-13,10119.583984375,10309.905530758197,10078.166860291609,10226.578221590424,367905
2026-05-14,10305.9609375,10371.044988966367,10109.229600113027,10235.94627607406,426187
2026-05-15,10233.4814453125,10394.21933744316,10153.112499247169,10354.281394919899,227162
2026-05-18,10056.9658203125,10182.696382855016,10003.715229118023,10181.710260795859,295753
2026-05-19,10063.375,10142.264759921607,10002.235436060755,10056.96520700637,151592
2026-05-20,10317.3017578125,10337.517259464606,9938.630897597446,10017.027599126344,379649
2026-05-21,10518.9638671875,10586.020166331473,10347.871692165749,10398.163916523727,522986
2026-05-22,10403.09375,10603.769571425186,10390.767225342433,10518.963081781127,207805
2026-05-25,10345.40625,10620.53429725479,10286.238928009723,10551.5057549328,564521
2026-05-26,10445.990234375,10493.817150863926,10303.988667892418,10383.86454903887,559535
2026-05-27,10658.5,10683.64611185641,10433.171115325902,10477.546606837212,317630
2026-05-28,10658.5,10658.5,10658.5,10658.5,0
2026-05-29,10460.0,10750.0,10388.5,10650.0,483158
