Price,Close,High,Low,Open,Volume
Ticker,BRITANNIA.NS,BRITANNIA.NS,BRITANNIA.NS,BRITANNIA.NS,BRITANNIA.NS
2020-01-01,2715.622314453125,2727.549287709975,2704.6781681136404,2720.134026567129,110561
2020-01-02,2727.906005859375,2738.269527532625,2718.6594517007247,2722.1883361800683,138428
2020-01-03,2714.86279296875,2733.802821178725,2703.1144571655154,2720.4018269572607,168305
2020-01-06,2699.8984375,2708.9216430343986,2675.776647114441,2707.0009210460516,181158
2020-01-07,2712.8974609375,2728.4425275813933,2705.2141367113486,2710.485107393492,159307
2020-01-08,2701.28369140625,2714.773897361726,2675.7323701745368,2698.067364917229,194024
2020-01-09,2681.181640625,2723.9753944395065,2675.8212429973723,2722.3672315281906,434270
2020-01-10,2671.04150390625,2693.5998442268897,2660.588772014368,2693.5551306230286,526254
2020-01-13,2720.491455078125,2730.4527742723526,2668.852909908119,2675.7320438268125,420792
2020-01-14,2774.139892578125,2786.51356522926,2713.3887151380513,2732.016185466841,653300
2020-01-15,2782.22509765625,2799.869740434577,2763.1956418216582,2787.406859158484,438959
2020-01-16,2814.4326171875,2823.1432649194508,2782.94027538737,2783.8336751547495,768872
2020-01-17,2791.382568359375,2831.1835674669924,2782.35936251928,2818.675972028514,294064
2020-01-20,2778.875244140625,2807.955449996362,2773.470131961281,2807.955449996362,203111
2020-01-21,2779.589599609375,2796.340842676527,2749.2140121809402,2769.538853769084,220943
2020-01-22,2775.212158203125,2804.1135067215646,2759.622159435501,2792.320674674876,248578
2020-01-23,2781.108642578125,2789.997926258036,2741.039795604305,2772.9788359138797,203032
2020-01-24,2852.1787109375,2870.4486922600163,2780.304744444663,2781.287353303681,580192
2020-01-27,2835.828857421875,2867.8126054924487,2818.6756293858803,2847.2644154842474,322446
2020-01-28,2842.12744140625,2867.72325237514,2802.1478098139737,2843.601463481476,292577
2020-01-29,2871.565185546875,2899.528638936883,2849.989670688384,2858.8789538123633,434882
2020-01-30,2868.43798828125,2889.879578204227,2852.1334459439863,2866.874539016033,337850
2020-01-31,2859.50390625,2925.5262640993033,2847.13045330749,2897.0266874836884,468850
2020-02-03,2885.725830078125,2902.655711271526,2762.70473136749,2767.39507993141,657504
2020-02-04,2887.914306640625,2948.2187817212875,2848.1580230689287,2890.1478057176864,511585
2020-02-05,2908.86474609375,2964.3002417974126,2897.9205996314176,2921.2384193400853,423733
2020-02-06,2905.514404296875,2941.9651549720966,2891.3541501959394,2912.7957425795807,410631
2020-02-07,2904.79931640625,2944.645025047054,2892.0238768637164,2908.909041733376,450061
2020-02-10,2819.2119140625,2930.3507389903457,2791.873798580741,2921.4167428348874,969115
2020-02-11,2800.539794921875,2857.8067988268567,2791.159098745296,2840.96612844475,507516
2020-02-12,2802.416015625,2866.9194255784,2791.1590929902577,2791.1590929902577,669153
2020-02-13,2800.986328125,2808.5355109759694,2774.184340643359,2798.1274930833183,319421
2020-02-14,2766.5458984375,2822.249453045827,2760.872941612114,2783.8332686580557,270506
2020-02-17,2755.334228515625,2780.5280575892616,2744.56871801334,2765.0721984466386,224912
2020-02-18,2739.56494140625,2751.670548644251,2698.066576917415,2751.670548644251,453173
2020-02-19,2753.68115234375,2779.36639303801,2715.935016019142,2753.547229638364,462922
2020-02-20,2733.26708984375,2790.489387076186,2726.8793689195268,2751.4925754924284,270720
2020-02-24,2712.5400390625,2738.269993225463,2684.666012933937,2732.909595196311,427352
2020-02-25,2710.172607421875,2749.8841790551805,2696.280198956639,2715.9349916594374,350415
2020-02-26,2717.141357421875,2742.647745233822,2695.118923197411,2702.623611802214,366302
2020-02-27,2703.471923828125,2769.5387811291293,2644.4628361749105,2713.2098922963623,652385
2020-02-28,2653.57568359375,2698.067031241896,2606.046864282321,2665.011243110787,619510
2020-03-02,2634.725341796875,2728.398176557843,2613.1943201522845,2675.7323038824243,348147
2020-03-03,2703.874267578125,2720.8488623522812,2648.9301844933557,2653.3971831181334,399770
2020-03-04,2736.5283203125,2751.67140340626,2705.214613478622,2723.0826096046367,368498
2020-03-05,2793.794677734375,2827.6099423318615,2748.1867992862,2753.9938971140537,720100
2020-03-06,2752.92138671875,2769.538706202015,2692.036292407491,2756.0482852580103,593374
2020-03-09,2677.072265625,2735.4113110652575,2652.0570734215958,2720.4021521201817,607257
2020-03-11,2723.350341796875,2739.074045605422,2630.2581369306786,2664.2965345398893,534597
2020-03-12,2511.03369140625,2652.4589025743894,2488.1627907582556,2631.0620241335837,774263
2020-03-13,2468.999267578125,2724.7794033078503,2153.093075915576,2412.178964718695,1108162
2020-03-16,2420.219970703125,2452.069585175609,2324.6709091704943,2416.4677353018146,791034
2020-03-17,2399.671875,2497.722503548492,2384.5287919360494,2430.0474683544303,567266
2020-03-18,2235.240966796875,2452.337058058505,2215.630890242152,2437.193979266367,649481
2020-03-19,2071.0341796875,2147.7326220081804,2019.0830805900532,2134.331628110459,786857
2020-03-20,2204.731689453125,2234.3030868590085,2049.68213730679,2091.716634263277,742455
2020-03-23,1909.95458984375,2164.1712938576816,1876.1393247679416,2054.8192604601268,613493
2020-03-24,2112.6220703125,2188.829102694653,1886.770599276733,1891.327024654931,929170
2020-03-25,2190.080078125,2243.862918014602,2070.0966651938984,2112.5331536719623,1249005
2020-03-26,2312.520263671875,2384.3050122755594,2159.6150019277957,2208.0819325892917,944116
2020-03-27,2259.63134765625,2420.1752412374562,2237.966403431415,2403.245359373456,472582
2020-03-30,2210.047119140625,2304.390198112293,2182.3517333120817,2202.453223026347,701815
2020-03-31,2402.306884765625,2421.112990547705,2224.565072495862,2304.9263253672116,734769
2020-04-01,2291.436279296875,2483.6511351156037,2237.966220670715,2412.1791600043634,1167150
2020-04-03,2290.0068359375,2331.7732729140253,2211.1643105219205,2312.967165155038,726903
2020-04-07,2532.341064453125,2571.8292815635014,2358.7087719234382,2358.7087719234382,1062855
2020-04-08,2479.675537109375,2671.2650557634224,2464.8897287128034,2527.4277066069303,1037961
2020-04-09,2503.037841796875,2546.189089997763,2441.571900141617,2546.189089997763,893108
2020-04-13,2417.67333984375,2501.5189830022223,2409.8115975321452,2501.5189830022223,501533
2020-04-15,2534.887451171875,2598.452745688141,2461.0478431045376,2476.503699861622,1011691
2020-04-16,2534.396484375,2585.4541934448403,2514.9203259717924,2535.0218205843557,675907
2020-04-17,2530.241943359375,2586.392203309413,2503.4846652245096,2576.564806336562,705271
2020-04-20,2531.0009765625,2559.411126452623,2502.4121903817727,2555.212192105355,667917
2020-04-21,2558.026611328125,2596.5322244445238,2441.79522673332,2483.5616614070614,1129799
2020-04-22,2637.896728515625,2653.1292381297994,2526.043121576161,2557.803526840545,737395
2020-04-23,2633.206298828125,2899.082147930636,2606.94043379402,2644.4632227656957,3426363
2020-04-24,2735.7236328125,2789.9976611891498,2640.889347841582,2662.3309392990236,2613797
2020-04-27,2896.4462890625,2939.284757328191,2742.736840424786,2747.963315461229,1993378
2020-04-28,2853.473876953125,2939.151037513747,2823.1430013057984,2927.6707643288296,1379063
2020-04-29,2851.53173828125,2925.556980014235,2845.389266551861,2879.5339818568395,1177520
2020-04-30,2859.61669921875,2895.0711588078952,2845.389750466418,2886.038175473081,1021592
2020-05-04,2793.8564453125,2854.422640703408,2760.479617085321,2808.3544271983847,591353
2020-05-05,2690.69970703125,2823.710376560533,2683.24749634455,2806.5477095244964,905266
2020-05-06,2698.7841796875,2768.609179612472,2626.475109536122,2664.729879235495,995972
2020-05-07,2633.43017578125,2691.8283091067165,2589.7556249023346,2689.7506793926646,994651
2020-05-08,2705.06201171875,2743.3167807563063,2640.7472205304607,2660.213341892434,1102857
2020-05-11,2758.62744140625,2785.229528784805,2702.5327565703783,2736.0901958505165,1095855
2020-05-12,2806.81884765625,2821.1812023928524,2738.168176955065,2754.1113037143923,1329390
2020-05-13,2781.751953125,2879.714596597372,2761.8341841582383,2872.4882111604898,850975
2020-05-14,2817.115966796875,2834.5496656345076,2738.5290257802394,2768.6088990343424,777257
2020-05-15,2823.393798828125,2886.9409124446147,2813.7737616598797,2842.588884682145,870248
2020-05-18,2808.85107421875,2858.9389173049854,2798.508353521589,2809.2575143186427,730350
2020-05-19,2803.837646484375,2843.492349728059,2787.623487705941,2827.5040155023376,537217
2020-05-20,2825.381591796875,2853.5192447918985,2806.412328061316,2809.799696585523,439150
2020-05-21,2810.114990234375,2851.7119090353967,2799.320622775006,2818.38029961002,574325
2020-05-22,2860.835693359375,2876.281959590404,2782.158335338867,2803.8374911986502,630580
2020-05-26,2857.89990234375,2930.2991598973076,2837.259451676154,2890.5540418222517,718134
2020-05-27,2908.891357421875,2925.737781333286,2837.2597631040694,2863.455411983413,739328
2020-05-28,3001.885498046875,3038.017423096713,2880.933967155249,2906.361721196365,1453514
2020-05-29,3052.10888671875,3086.56962117145,2971.7603439476557,2971.7603439476557,1658714
2020-06-01,3102.694091796875,3134.444937169605,3072.1173577273275,3085.666831519127,883460
2020-06-02,3117.28173828125,3143.4773831407565,3071.213535252463,3102.738550681026,786444
2020-06-03,3170.847412109375,3349.429405052333,3135.5283676567697,3252.7765069022253,3415126
2020-06-04,3116.69482421875,3211.2248863163086,3091.0862337480753,3170.5764700338236,1309771
2020-06-05,3131.46337890625,3159.691443627496,3073.200653321598,3138.960797002564,1200548
2020-06-08,3095.422119140625,3173.5121994613487,3080.2466662387246,3148.8973250757167,768759
2020-06-09,3085.395751953125,3134.3544724181343,3079.3436978560126,3102.739034041789,567611
2020-06-10,3050.43798828125,3114.210928721579,3032.733255540756,3090.092690618002,628261
2020-06-11,3044.431396484375,3074.3304367449336,3007.98322326898,3062.0907011444906,673105
2020-06-12,3040.547119140625,3110.055875385979,2986.0781905481267,3010.6930678656604,1373475
2020-06-15,3032.552490234375,3077.085132917817,3020.132140732652,3026.9520858381347,609721
2020-06-16,3021.8486328125,3071.1685807645986,3007.982917637106,3054.0963334988296,701355
2020-06-17,3072.5234375,3102.829134433206,3030.610491698823,3033.1397706163607,1100079
2020-06-18,3075.052734375,3122.7017118996473,3054.5479104280944,3084.7631895103546,898020
2020-06-19,3106.03564453125,3116.378363399078,3054.954094207444,3087.3824069356187,782740
2020-06-22,3090.364013671875,3138.961504962987,3085.666906749227,3116.3790480927496,735172
2020-06-23,3131.7802734375,3165.9699802266477,3094.9708693777825,3098.2678198109015,765553
2020-06-24,3113.126708984375,3165.969651659639,3107.345688938596,3149.800702711885,573266
2020-06-25,3116.73974609375,3138.4189009811125,3089.2795714491317,3093.7056440259275,546489
2020-06-26,3122.15966796875,3161.4531378778734,3111.2298925659684,3122.9727686307638,448352
2020-06-29,3178.931884765625,3202.0564046754257,3112.5846824598066,3118.907769251981,940186
2020-06-30,3255.305908203125,3265.4228033491936,3197.6754422838576,3199.4820385789335,1236537
2020-07-01,3203.050048828125,3261.809637921124,3194.0622762916346,3256.3898489907647,586225
2020-07-02,3193.249755859375,3222.651937693078,3172.4286869335597,3209.4187064435414,422319
2020-07-03,3196.185302734375,3233.7623758709806,3175.0932013632437,3206.256989541631,323231
2020-07-06,3273.958740234375,3293.4248583112726,3198.578558222769,3215.741222048308,538078
2020-07-07,3322.737060546875,3329.0601476440415,3233.8074011223653,3284.3920978996985,664348
2020-07-08,3328.6533203125,3353.4940167327427,3278.971927472015,3320.117197830803,531417
2020-07-09,3318.356201171875,3341.2998861704996,3297.038276432096,3333.1702027491606,397351
2020-07-10,3366.27587890625,3390.619939869751,3301.870898835729,3314.7428971536406,706136
2020-07-13,3429.642578125,3464.1485245368463,3387.5940036882157,3396.4011609539875,1108644
2020-07-14,3374.044677734375,3428.8748356060573,3368.3990638568994,3428.5136045306153,399210
2020-07-15,3363.204833984375,3412.9314412038275,3352.771696254836,3380.1416742817514,506574
2020-07-16,3481.98876953125,3505.0228738500896,3332.7639495798703,3368.39901980207,987220
2020-07-17,3418.983642578125,3557.188265382472,3402.5436596580826,3522.862934228451,4503046
2020-07-20,3597.5205078125,3606.8697324466584,3439.036881856807,3485.8277729806296,3785159
2020-07-21,3505.157958984375,3622.2254842955113,3500.2802373179816,3612.289204912157,1880670
2020-07-22,3437.0947265625,3544.903230227491,3424.448552253519,3536.2317001632573,1019300
2020-07-23,3457.464111328125,3504.571021967298,3450.598957127412,3455.1154479089923,791770
2020-07-24,3449.198974609375,3477.6076589500603,3403.627624434229,3455.0704129211645,665233
2020-07-27,3412.07373046875,3474.627134237591,3398.569245215236,3473.1817688258798,523512
2020-07-28,3409.724853515625,3459.6320786713936,3399.4273423296827,3414.7382025923807,599914
2020-07-29,3427.74560546875,3480.40793417474,3414.4671661511857,3430.4555000450605,785425
2020-07-30,3437.907470703125,3499.7381835401648,3423.9515587134174,3449.153488305248,855542
2020-07-31,3453.85107421875,3486.7310403764245,3433.526864786504,3442.4694287239777,681895
2020-08-03,3411.03466796875,3477.6077021633123,3403.718084762214,3456.9222612974518,369180
2020-08-04,3448.431396484375,3482.214661930857,3418.9837860981306,3432.5332594908577,642559
2020-08-05,3477.65283203125,3498.9707575864873,3457.7802717966943,3468.574641090471,569216
2020-08-06,3484.608154296875,3533.702498852283,3473.181520472144,3491.2474841677076,786063
2020-08-07,3554.2978515625,3563.511449226004,3477.698119016506,3491.247592207479,1061884
2020-08-10,3561.524169921875,3617.709273585054,3549.0586107155245,3577.015645764587,826722
2020-08-11,3504.390380859375,3586.0936543953526,3491.2473486745685,3568.0276914009173,422055
2020-08-12,3441.34033203125,3509.313521869258,3432.533174543933,3505.293888968584,619436
2020-08-13,3439.985595703125,3484.7892775735295,3425.3522080099997,3454.031927740473,513264
2020-08-14,3433.752685546875,3468.665072609251,3389.1748313619555,3457.825494257347,537499
2020-08-17,3494.544189453125,3518.346183166845,3434.3394578691514,3459.631805270608,987819
2020-08-18,3535.780029296875,3558.994747886122,3500.2803675275945,3504.796858324404,768897
2020-08-19,3500.641845703125,3567.124683138169,3491.8346880276126,3562.2919494317093,505661
2020-08-20,3494.047607421875,3532.076326621311,3466.18077171877,3504.7967670255593,523854
2020-08-21,3507.28125,3533.702723585088,3491.2929152189727,3519.249951709484,401007
2020-08-24,3530.4052734375,3546.3483969430936,3517.62347280037,3533.702223342176,444407
2020-08-25,3520.017578125,3549.9166153700917,3500.2804248072457,3539.1222462954292,358587
2020-08-26,3534.231201171875,3560.166369127139,3506.404152643948,3548.767766143725,608530
2020-08-27,3522.5556640625,3556.4743134734754,3516.4640613827573,3544.1527547794717,385945
2020-08-28,3501.55859375,3532.7083755012795,3495.2362516176404,3524.770859500335,512488
2020-08-31,3438.98193359375,3517.387039137523,3400.1715697146774,3513.1413493251744,600226
2020-09-01,3480.46875,3495.928270435561,3431.8289904719604,3447.242318019093,387446
2020-09-02,3506.496337890625,3519.7870468718606,3462.9328355585762,3496.0668842311557,305952
2020-09-03,3458.179443359375,3515.310357127452,3451.857101583635,3505.388575351509,414160
2020-09-04,3420.338134765625,3515.5409992330274,3413.600507842108,3442.627442147333,759852
2020-09-07,3437.135986328125,3461.086660955706,3373.4057988781615,3445.3040156492825,437318
2020-09-08,3444.1044921875,3472.577564407437,3425.3222376800127,3439.7664164649414,379275
2020-09-09,3450.2880859375,3460.163674725512,3402.109805097978,3405.7092450619207,332884
2020-09-10,3432.70556640625,3475.3922996041497,3414.9848487178924,3475.3922996041497,357927
2020-09-11,3481.62255859375,3533.0773820125587,3433.398082833521,3437.089908729041,829715
2020-09-14,3432.9365234375,3503.5426920200966,3425.0913935949893,3496.989611078004,397741
2020-09-15,3446.411865234375,3476.3155649075634,3428.7833064201773,3433.4442816876017,366110
2020-09-16,3548.30615234375,3562.611977642574,3449.2266850610413,3453.7031140773347,917526
2020-09-17,3521.6787109375,3591.1773771352755,3478.3921432868415,3551.5364424193076,741010
2020-09-18,3504.92724609375,3543.9221575216525,3484.022371874929,3542.030051664242,947698
2020-09-21,3349.68603515625,3502.6198805256126,3335.103277543953,3498.0050980743276,604282
2020-09-22,3311.567626953125,3394.6337045522837,3267.3119117873603,3378.020489032452,670648
2020-09-23,3345.62451171875,3371.467290513154,3288.309055376994,3340.0867734056637,405856
2020-09-24,3334.410888671875,3373.4057983795456,3285.9094825372854,3313.413629598514,517316
2020-09-25,3402.38671875,3430.5830846200975,3336.487715416159,3359.561627694279,507368
2020-09-28,3449.411376953125,3486.9294664958993,3404.786342483688,3424.9989985969237,390640
2020-09-29,3448.94970703125,3503.5424878568324,3416.4614615470027,3478.6226651033726,449330
2020-09-30,3505.527099609375,3530.308571478892,3427.9065940600076,3446.3195309548196,535771
2020-10-01,3515.172119140625,3533.031191724653,3472.1622572936735,3525.6937328181375,336322
2020-10-05,3535.338134765625,3560.581081277463,3493.4360062646665,3521.0785041074864,460889
2020-10-06,3475.7158203125,3581.025021601849,3462.932782674687,3571.8416495072065,666856
2020-10-07,3494.26708984375,3542.3070203738885,3477.700065859513,3488.775543776263,590795
2020-10-08,3502.3427734375,3530.308398760581,3480.9302290001388,3506.219145436573,371495
2020-10-09,3456.564208984375,3524.447474005704,3447.24225892817,3513.6951217508818,347685
2020-10-12,3444.011962890625,3483.5145436694984,3435.5208086915236,3478.7152152379335,286506
2020-10-13,3457.07177734375,3494.590092674846,3417.3846495284233,3444.4735117860027,368886
2020-10-14,3497.8203125,3508.8957896252323,3451.857037364054,3454.625906645362,545911
2020-10-15,3443.55029296875,3540.4145210858674,3428.782990720693,3498.004720008459,526411
2020-10-16,3458.50244140625,3487.8525022362073,3434.551766061521,3460.1176152297253,263967
2020-10-19,3481.806884765625,3502.6195970024505,3451.8569941473424,3475.8538609515754,473267
2020-10-20,3279.402587890625,3409.4010927254108,3270.1270559243985,3397.4026589935675,3187477
2020-10-21,3135.513671875,3304.1839562329824,3121.4385865865775,3304.1839562329824,3538724
2020-10-22,3191.906494140625,3224.2099695379347,3147.281460137877,3147.281460137877,2266246
2020-10-23,3202.42822265625,3233.0241396081697,3176.862373416676,3211.888526505872,1022334
2020-10-26,3216.8720703125,3235.4697765311475,3198.966806708621,3213.734108759209,893740
2020-10-27,3297.031005859375,3311.56756918565,3211.88827780548,3211.88827780548,1753963
2020-10-28,3268.8349609375,3322.4588232270744,3253.3754397046,3296.985133928751,667035
2020-10-29,3260.481689453125,3282.032810554776,3228.5013417662,3265.419596103149,654253
2020-10-30,3205.658447265625,3276.357000526441,3194.029106018053,3267.265789482563,475859
2020-11-02,3156.787841796875,3217.379839743052,3129.883527352298,3214.6571634104707,764391
2020-11-03,3141.4208984375,3190.8914585029424,3128.822631954581,3179.5852410275907,623300
2020-11-04,3203.304931640625,3235.8853396531663,3149.035046879125,3159.279953688759,714800
2020-11-05,3229.6552734375,3258.036183534865,3198.4593011748157,3241.422967868115,999876
2020-11-06,3242.853759765625,3281.110260493329,3220.7949648690915,3239.577219221261,582470
2020-11-09,3274.926513671875,3294.9546241642865,3242.853776083721,3274.649581662434,566460
2020-11-10,3238.054443359375,3296.8005329361413,3180.3696635977544,3296.8005329361413,976298
2020-11-11,3223.656005859375,3268.742516687916,3187.014681393685,3238.6540475443553,1141508
2020-11-12,3244.46875,3254.298145745711,3213.134424590738,3230.0705397079582,615256
2020-11-13,3243.684326171875,3268.6041509021825,3234.9624325825016,3246.037910240416,473523
2020-11-14,3255.590576171875,3264.035537692139,3244.1919736993827,3262.6511029949697,56492
2020-11-17,3239.392578125,3276.4953821752306,3234.408478119613,3268.1887741640817,694643
2020-11-18,3230.671142578125,3250.6068694311525,3179.58540593805,3237.547124006585,914389
2020-11-19,3240.8232421875,3275.5724626264296,3211.8884671569385,3220.195075261655,739067
2020-11-20,3278.43359375,3302.1073358204,3249.8679122500403,3253.375191716696,1197247
2020-11-23,3283.324951171875,3321.720026888823,3278.3410768294248,3299.5690736670026,952758
2020-11-24,3287.8017578125,3316.1826698913083,3259.6053919655305,3299.569453064689,752974
2020-11-25,3281.848388671875,3304.0455349990634,3259.4205032463396,3295.5081883602334,385590
2020-11-26,3275.341796875,3297.631105656101,3221.118103865798,3294.7700757768716,741800
2020-11-27,3357.669189453125,3401.0019473557873,3233.2086541437184,3289.2782554293462,5383773
2020-12-01,3349.732421875,3417.246602911458,3318.5364456329607,3417.246602911458,1042234
2020-12-02,3319.874267578125,3366.945045350292,3285.7248797826314,3356.792524654334,680870
2020-12-03,3355.823486328125,3372.390509672769,3330.0730912982813,3366.022200248965,450558
2020-12-04,3367.129638671875,3389.096047005737,3333.7186606167543,3356.792571612164,482933
2020-12-07,3349.36279296875,3387.250200633348,3333.8111118511906,3368.791071474583,492080
2020-12-08,3364.545166015625,3373.3132518041275,3338.93312594921,3359.0074276228866,413743
2020-12-09,3347.655517578125,3383.5584342906945,3340.271865784801,3367.7757884499965,434686
2020-12-10,3451.62646484375,3458.3178992631942,3344.7942532505513,3347.6555084451265,1443681
2020-12-11,3445.166015625,3486.006842412598,3416.3236238258487,3458.1797929372515,695958
2020-12-14,3485.96044921875,3499.850989377318,3449.134575618056,3456.472034603918,685712
2020-12-15,3475.438720703125,3505.1116805691254,3438.6588158758254,3484.1606141278876,648902
2020-12-16,3463.486328125,3494.3129822096007,3456.471769248535,3476.0384001524158,466183
2020-12-17,3442.396728515625,3476.7768553705637,3434.320859791311,3451.9494176534204,488772
2020-12-18,3433.859619140625,3470.131854243744,3405.709446211237,3450.0113577066672,1043126
2020-12-21,3344.84033203125,3439.90484536782,3262.5126626351325,3432.4750009582926,670146
2020-12-22,3350.701171875,3380.2357797375607,3268.2813370734834,3341.102514452138,662139
2020-12-23,3346.0400390625,3385.727163837761,3327.488525488581,3361.0380804019883,451656
2020-12-24,3339.4873046875,3400.0793078467423,3313.4599768546295,3373.4059555400577,579767
2020-12-28,3325.919677734375,3365.23748632768,3320.7972244980588,3354.9466122986223,463358
2020-12-29,3316.459716796875,3344.102219574774,3299.6619531564916,3335.5648717431127,414932
2020-12-30,3307.78369140625,3328.0427667309787,3289.416947293172,3324.7200332174043,407808
2020-12-31,3300.815185546875,3324.2581877917064,3287.663056949379,3304.7837177710235,459383
2021-01-01,3292.924072265625,3327.2580071903717,3288.5400291216156,3299.569313649259,453083
2021-01-04,3279.171875,3317.0130893799237,3264.4969576046415,3312.490692915764,698402
2021-01-05,3277.510498046875,3289.3703523561417,3267.265592074859,3275.572199512337,725278
2021-01-06,3266.989013671875,3324.489247556197,3239.5772512277213,3293.1087271739343,1099588
2021-01-07,3279.079833984375,3293.062534552793,3245.5302757345976,3285.725075587869,621487
2021-01-08,3299.800048828125,3313.3674635808625,3260.666785469139,3298.6463532652874,961239
2021-01-11,3334.503173828125,3345.7170041371155,3274.3262353094788,3326.1503732067376,1043630
2021-01-12,3351.854736328125,3367.683574808749,3309.9987960845365,3344.7942095447484,893653
2021-01-13,3342.163818359375,3366.9452903575525,3322.6433786423213,3359.561638405014,798273
2021-01-14,3383.05078125,3419.4613692842513,3340.733361881979,3343.871323778449,1192074
2021-01-15,3330.99609375,3401.09459259353,3295.8775549936213,3396.479810242656,597621
2021-01-18,3329.888427734375,3382.6352972853656,3299.5692190437057,3330.995930378032,826497
2021-01-19,3323.796630859375,3368.652400619675,3310.644502573434,3349.177931060314,594091
2021-01-20,3315.536376953125,3360.4843093283357,3308.7987500527556,3327.257878365463,607449
2021-01-21,3351.0703125,3384.0660054769633,3325.042985763426,3326.981059103234,834432
2021-01-22,3330.027099609375,3405.7095336914062,3314.3368388850517,3367.8683166503906,791205
2021-01-25,3335.1494140625,3359.4232144122093,3300.7230924915652,3353.885475564268,467367
2021-01-27,3332.56494140625,3368.6985956360522,3316.9208749286654,3335.14926448562,646880
2021-01-28,3326.10400390625,3368.7907358329,3285.032445620068,3312.213465531998,643832
2021-01-29,3231.36328125,3341.8411356944207,3212.0733540732344,3327.4429233199544,733173
2021-02-01,3249.498779296875,3283.786519783139,3214.6571748323554,3266.3427337730996,544282
2021-02-02,3231.501220703125,3280.187172689441,3215.3494830773325,3274.5570482988433,869950
2021-02-03,3245.576171875,3270.9574728067682,3231.270347713458,3254.3904505375353,786972
2021-02-04,3304.184326171875,3330.073301503229,3240.546519481253,3250.6066553698074,958717
2021-02-05,3268.788330078125,3337.4102261605376,3258.4512638243878,3337.4102261605376,1159183
2021-02-08,3206.07373046875,3338.2410471944427,3197.21348387134,3323.5661299771054,2388271
2021-02-09,3195.644287109375,3234.9623215782835,3188.8144995871526,3234.9623215782835,951124
2021-02-10,3160.9873046875,3216.5954275766603,3153.788199728565,3200.720397291929,893690
2021-02-11,3195.967529296875,3202.6589637311836,3156.5111400462965,3166.432922138547,873772
2021-02-12,3157.664306640625,3220.1945972580606,3146.4042846141174,3211.8879903863717,618874
2021-02-15,3153.7421875,3179.584968082382,3140.820797208809,3164.8176648924496,513578
2021-02-16,3128.314697265625,3167.9096642057675,3124.253779014353,3167.5865393155045,693631
2021-02-17,3104.825439453125,3142.5282998595667,3101.133613722503,3110.363178049058,866571
2021-02-18,3100.6259765625,3129.6991045094273,3082.7669045937996,3108.517299214327,616156
2021-02-19,3074.552978515625,3122.3621754255073,3064.2159096697264,3100.2112170423525,765676
2021-02-22,3083.781982421875,3113.8242593194063,3061.723413851787,3091.904044081515,666371
2021-02-23,3078.936279296875,3108.517076231639,3069.1068840190405,3091.7193152445975,484686
2021-02-24,3143.17431640625,3151.896209606719,3083.597433761654,3101.1336059380897,512568
2021-02-25,3142.666748046875,3161.7719017132613,3114.6089617797456,3156.51109495457,586357
2021-02-26,3104.5947265625,3146.3123126045916,3085.44338042317,3127.8993766838535,748717
2021-03-01,3148.94287109375,3156.511068941353,3107.6405698261697,3111.747680975372,377869
2021-03-02,3182.3076171875,3184.199722958679,3133.4371186796275,3148.942831962007,383968
2021-03-03,3212.94970703125,3218.4874456472194,3170.355357642549,3193.429268542422,409493
2021-03-04,3232.10107421875,3244.007347519658,3184.199725009764,3184.199725009764,537283
2021-03-05,3222.73291015625,3236.4848699590184,3194.121262640006,3217.4259110201724,612423
2021-03-08,3196.3828125,3238.608071143352,3185.1227885946737,3224.4408244802953,463984
2021-03-09,3162.740966796875,3220.3333582659648,3135.606137713223,3205.8891801762447,589556
2021-03-10,3212.211669921875,3220.1951533280385,3173.5858511660817,3185.953377844905,270942
2021-03-12,3169.6630859375,3224.6713787115514,3161.125739051012,3222.871433427312,344205
2021-03-15,3184.569091796875,3190.2454096030688,3137.1292167220768,3178.2931677153333,311078
2021-03-16,3220.28759765625,3230.347733321839,3189.783840422504,3195.8292505325276,383099
2021-03-17,3200.72021484375,3229.424247271185,3180.784493014409,3219.271727488395,378136
2021-03-18,3174.6474609375,3219.1801152305607,3163.3412430081735,3211.8888484943295,430166
2021-03-19,3199.52099609375,3225.5945164287778,3118.669919010896,3160.7568242682223,1312375
2021-03-22,3289.78564453125,3294.9542904133773,3175.0623462812155,3175.0623462812155,820046
2021-03-23,3293.4775390625,3302.3380106657246,3253.4213212958857,3294.9543594400884,461046
2021-03-24,3265.189453125,3293.293434303596,3250.6528878259487,3263.574279202883,480657
2021-03-25,3178.52392578125,3290.155472660574,3164.8179312222237,3262.6513230885275,486516
2021-03-26,3234.59326171875,3244.191918657133,3189.137656599585,3189.137656599585,273033
2021-03-30,3337.410400390625,3345.71700813496,3239.6232131777115,3243.2688459548276,567450
2021-03-31,3345.763427734375,3373.405929201543,3315.721149290436,3337.4106265370124,441583
2021-04-01,3339.7177734375,3387.25002860733,3332.1033830462165,3354.946554220067,460658
2021-04-05,3415.261962890625,3433.397966857285,3350.3318870139638,3354.9466692274814,807938
2021-04-06,3443.181640625,3448.5346081091743,3396.479951164023,3422.322733401141,462351
2021-04-07,3515.1259765625,3525.6937832812314,3425.5991972488146,3444.4736123574753,633677
2021-04-08,3580.98974609375,3597.1742153726177,3528.7303751618297,3546.5097898039894,613388
2021-04-09,3563.1162109375,3606.2747931874082,3555.8918853728987,3580.9895391812697,526934
2021-04-12,3577.23681640625,3612.1858876569568,3518.362877587945,3544.586363090217,1108910
2021-04-13,3514.60986328125,3609.3711009191056,3498.706909311467,3578.503423055162,411660
2021-04-15,3464.60205078125,3565.180266066752,3446.1189646565003,3519.300908365514,494464
2021-04-16,3468.16748046875,3503.304151048877,3449.4498362400914,3467.2292503915232,251741
2021-04-19,3511.607666015625,3523.0540274298787,3427.4015144944983,3457.3779203939025,560398
2021-04-20,3499.504150390625,3520.9427985255606,3462.162777877887,3501.380610479107,331477
2021-04-22,3520.239013671875,3533.374233872143,3464.0858556917037,3495.000717911099,424370
2021-04-23,3424.821044921875,3528.5891463981334,3415.626345029026,3523.053680973491,491834
2021-04-26,3320.58349609375,3435.798183334905,3312.89005607743,3434.953867977768,1031406
2021-04-27,3322.460205078125,3353.7972261637015,3299.7550836949677,3352.0144516338232,813608
2021-04-28,3263.867919921875,3309.137521685793,3254.720176560254,3272.54654823931,1498181
2021-04-29,3254.6259765625,3289.34048678848,3234.0788310527687,3280.7557738566197,611087
2021-04-30,3235.955322265625,3254.110164682877,3224.696562083779,3246.2758524323176,436187
2021-05-03,3226.8076171875,3263.8207459042496,3219.630249112032,3226.666974307614,570022
2021-05-04,3223.617919921875,3248.1525449501974,3208.746881493262,3220.005642480958,337838
2021-05-05,3238.39453125,3245.243426518964,3223.992610141611,3228.5431169447293,234116
2021-05-06,3238.817138671875,3275.8302688895587,3227.2299057559117,3238.770181356654,384450
2021-05-07,3247.44873046875,3269.4501791253506,3239.0046600970004,3269.4501791253506,189156
2021-05-10,3202.9296875,3263.164008960929,3193.2658724837615,3263.164008960929,694001
2021-05-11,3207.245361328125,3222.5385562400434,3186.2760581271727,3202.9296407359666,455412
2021-05-12,3227.0888671875,3232.2021745980046,3191.0606997066066,3193.734746685517,252497
2021-05-14,3285.165771484375,3306.7920213229186,3225.822717051498,3236.8938781569213,677498
2021-05-17,3290.607177734375,3315.6109156881175,3280.0990475137046,3301.5844229565046,338003
2021-05-18,3307.68310546875,3315.611103630788,3265.0405952309807,3307.4485479547247,474368
2021-05-19,3316.080322265625,3335.407953649199,3298.863937634313,3316.6433519409056,688416
2021-05-20,3211.139404296875,3300.4119047342697,3204.055721384872,3283.805278139693,1046540
2021-05-21,3223.523681640625,3235.9552289830503,3206.8700993517155,3235.9552289830503,521688
2021-05-24,3170.373291015625,3245.337781271797,3163.148736297259,3245.337781271797,1643611
2021-05-25,3239.024169921875,3246.0870224511423,3187.700774875868,3187.700774875868,1318946
2021-05-26,3216.893798828125,3252.5377521171854,3214.115789568274,3240.483771525882,373186
2021-05-27,3215.622314453125,3237.1405625934212,3201.8734335736044,3230.0777104568538,444547
2021-05-28,3223.90966796875,3247.9704985954313,3211.2436648913945,3217.835660684427,249529
2021-05-31,3246.887451171875,3256.8223461011653,3227.4880583100858,3228.9006287637917,352802
2021-06-01,3245.8515625,3266.898954796966,3241.3784226082544,3256.445841190977,236580
2021-06-02,3272.690185546875,3282.813606738049,3245.192194432957,3245.851347970273,420074
2021-06-03,3292.46630859375,3295.526877918864,3265.2977781589007,3277.1634619681804,380896
2021-06-04,3285.921630859375,3307.2984856816383,3277.1636475433093,3295.997921379765,312826
2021-06-07,3336.11474609375,3347.791902961237,3275.7508113785266,3302.118792611414,357312
2021-06-08,3391.81689453125,3410.886594569914,3336.114628110925,3337.903791952805,787313
2021-06-09,3366.34375,3398.0325523754623,3349.769727650567,3388.2857241009424,546202
2021-06-10,3367.850830078125,3401.0933704479007,3347.79228181677,3362.8597013692506,355092
2021-06-11,3350.522705078125,3385.4603713896468,3344.024973241901,3366.6260995043076,301375
2021-06-14,3381.928955078125,3388.2855218575964,3305.8384504617484,3350.522714655332,312420
2021-06-15,3420.162841796875,3428.3085729767927,3383.577174208382,3383.9068659530053,451019
2021-06-16,3427.319580078125,3432.35783989722,3394.9247235923126,3419.409277653384,232534
2021-06-17,3444.929443359375,3449.4968461901008,3399.1151696213947,3414.559180381043,300185
2021-06-18,3408.25,3464.5645223165866,3385.4605756260203,3447.9902700933867,731807
2021-06-21,3436.171875,3440.974476572552,3372.3707764893256,3390.169072153912,231475
2021-06-22,3438.10205078125,3451.3803043529374,3405.2363384830073,3437.2546005152035,235555
2021-06-23,3446.0126953125,3469.555535810207,3419.362153886985,3439.1381399050592,378997
2021-06-24,3474.075439453125,3488.9074273967835,3438.1960623680643,3446.0123305680977,385390
2021-06-25,3456.135986328125,3493.6631347192574,3432.451751734696,3493.6631347192574,176772
2021-06-28,3453.4990234375,3470.214438984849,3430.6624698023898,3456.1358673651043,181793
2021-06-29,3443.98779296875,3453.358027197307,3399.633220449184,3441.9632006972643,357263
2021-06-30,3436.925048828125,3474.9232856640388,3421.1984772301303,3460.7975812507702,428387
2021-07-01,3386.2138671875,3447.6135489829617,3371.9467679554305,3427.8375630423325,612678
2021-07-02,3338.657470703125,3398.644584610085,3328.95777406391,3398.644584610085,292855
2021-07-05,3318.175048828125,3375.572447588807,3307.6748040912757,3356.267318512068,519061
2021-07-06,3313.89013671875,3327.8746755514744,3304.1433090583,3320.4821318756217,282115
2021-07-07,3316.103271484375,3335.54956532591,3301.647875785613,3315.7735797607365,524482
2021-07-08,3287.898681640625,3320.3877999568786,3270.806672229769,3295.0557967701607,627227
2021-07-09,3273.349365234375,3312.948468378312,3265.8627880432023,3287.5222009973527,595359
2021-07-12,3268.123046875,3295.9978636287724,3262.1904346489205,3279.2353142259185,146119
2021-07-13,3282.3427734375,3286.062496198778,3263.1319078409315,3285.403342656743,182918
2021-07-14,3282.578369140625,3284.8383899458017,3252.820125712629,3271.5132337071022,458955
2021-07-15,3259.1298828125,3298.823022477571,3254.091622658078,3298.823022477571,264604
2021-07-16,3240.436767578125,3270.2890452031684,3236.7641761963605,3258.32932746885,399006
2021-07-19,3249.052978515625,3255.974665212831,3226.4049511068565,3239.87127121676,226731
2021-07-20,3233.421142578125,3264.8742884075223,3226.7820149659187,3253.620855598205,152954
2021-07-22,3225.65185546875,3248.4412801285016,3215.952158758902,3248.4412801285016,389457
2021-07-23,3239.306396484375,3251.2661128871086,3225.651549667036,3227.252416760064,247778
2021-07-26,3279.046875,3294.1142931504883,3231.019479645319,3239.447770691137,433827
2021-07-27,3249.6181640625,3300.564961141774,3234.927340124255,3292.2307039230604,210607
2021-07-28,3224.521484375,3266.8043311448305,3211.2432312493147,3266.8043311448305,352127
2021-07-29,3207.10009765625,3229.0889734322864,3203.7098365528173,3224.6158335958294,321411
2021-07-30,3223.8623046875,3239.4948426949577,3181.1085984370834,3224.4274248219576,988317
2021-08-02,3300.376708984375,3335.549806388639,3239.542144081276,3245.8044479986106,1887580
2021-08-03,3364.930908203125,3370.392892933211,3325.190641225808,3343.083199193322,1326045
2021-08-04,3369.73388671875,3389.227312637612,3333.6662091517496,3370.3930402695228,478788
2021-08-05,3400.6689453125,3406.837215321349,3340.823230477679,3369.7337917659397,497146
2021-08-06,3393.935791015625,3409.00320851181,3380.8460640300327,3400.668951245015,258380
2021-08-09,3424.164794921875,3436.312807979016,3396.0545529663814,3408.9088511991827,444706
2021-08-10,3425.20068359375,3431.604382100086,3400.99868988871,3424.1649365729245,249493
2021-08-11,3414.182861328125,3436.2660005889156,3362.95373038344,3425.200865126054,233115
2021-08-12,3409.756591796875,3430.615455723565,3397.23175514438,3422.5637585962077,232971
2021-08-13,3370.910888671875,3431.6985461961112,3366.720309226215,3409.756573816922,323144
2021-08-16,3442.245849609375,3459.808716701223,3345.9556317282468,3361.9176316442795,348972
2021-08-17,3481.04443359375,3491.4975468518687,3454.2055951364464,3456.089022396608,579154
2021-08-18,3503.880859375,3512.591710130686,3472.0508938748167,3492.627427894358,426843
2021-08-20,3668.869140625,3736.248796279139,3423.4115769496098,3427.8375849920767,1567252
2021-08-23,3640.900146484375,3733.5646712454245,3626.1624208495027,3682.100115810904,645088
2021-08-24,3590.000732421875,3665.1495277132144,3574.2741604407775,3648.9992305715077,437167
2021-08-25,3618.817138671875,3670.7996844240406,3575.68660896821,3590.000609985393,360778
2021-08-26,3701.78173828125,3716.896286890094,3602.2426610455327,3602.2426610455327,1114234
2021-08-27,3711.8115234375,3741.3812404043047,3683.7484103807165,3714.7778295029802,475524
2021-08-30,3754.000244140625,3760.7805363364637,3703.0063128142942,3729.1859978723783,466524
2021-08-31,3764.500244140625,3792.563356357981,3729.1859829385553,3762.145960060487,688613
2021-09-01,3781.309814453125,3791.2447090538953,3732.811563812912,3752.352121109697,352460
2021-09-02,3847.93603515625,3864.7926166418088,3768.784961048228,3780.9801061931926,525680
2021-09-03,3883.8154296875,3893.703422529862,3835.7406743088814,3865.7343445615993,426377
2021-09-06,3841.296875,3907.452024954499,3824.2988986753426,3902.8377203160303,312608
2021-09-07,3856.740966796875,3888.900624597288,3842.1915374716477,3858.106405552347,259534
2021-09-08,3824.67578125,3849.6311933345464,3781.6395128070644,3842.0034506059847,236283
2021-09-09,3833.528076171875,3878.7301026848895,3814.034649071319,3822.22751206598,295134
2021-09-13,3855.234130859375,3863.850717927341,3822.227024759463,3833.527587424617,171201
2021-09-14,3862.438232421875,3910.936481591624,3844.451411153926,3858.200521329373,419441
2021-09-15,3848.17138671875,3893.9856605063187,3833.763122935977,3865.922779698818,218163
2021-09-16,3835.646728515625,3879.860137252938,3804.334750466193,3848.171565717508,243636
2021-09-17,3815.682373046875,3875.1514954045997,3805.464688439851,3839.742971793427,621517
2021-09-20,3846.429443359375,3875.151709982575,3766.8546391082136,3799.814617200411,291097
2021-09-21,3838.000732421875,3871.9021905563463,3816.7650457337973,3825.428764474303,424258
2021-09-22,3821.944580078125,3865.7342617274126,3813.0925643540995,3844.0748492987327,259937
2021-09-23,3806.736083984375,3837.906666370493,3783.33440893069,3823.35723715211,322858
2021-09-24,3807.253662109375,3860.036983072594,3795.105649142093,3804.5227847479046,373614
2021-09-27,3775.89501953125,3827.6892685875614,3766.854476822655,3813.845894456797,248898
2021-09-28,3770.291748046875,3831.785695132411,3757.4845804035226,3771.7514501807523,354948
2021-09-29,3741.192626953125,3785.5943303097415,3728.3852302940336,3749.903477572801,332446
2021-09-30,3718.77978515625,3760.2623142190873,3710.6340546766914,3740.486329095471,217501
2021-10-01,3692.55322265625,3728.0557787569983,3658.557270342136,3728.0557787569983,181917
2021-10-04,3665.996826171875,3736.01332514974,3654.790526159466,3682.1002208924274,372752
2021-10-05,3655.920654296875,3677.627199722969,3640.194082460569,3667.0329212524784,131731
2021-10-06,3709.033447265625,3760.4037425764245,3655.967791504308,3666.091213169237,409840
2021-10-07,3673.248291015625,3732.6231516829334,3651.4474824524536,3728.997692140073,187556
2021-10-08,3656.95654296875,3699.992809378752,3622.6311275352696,3686.808818711584,316870
2021-10-11,3616.745361328125,3673.389342673347,3607.8931154996894,3653.8487853803977,253051
2021-10-12,3642.501220703125,3648.9049194246613,3592.6375295451535,3598.287811374058,253262
2021-10-13,3657.3330078125,3667.1269670528145,3629.8350170845633,3645.7498847230777,174222
2021-10-14,3667.833251953125,3696.225824603377,3654.7904268243838,3683.983547986856,299078
2021-10-18,3613.684814453125,3729.1858967923345,3602.0545594016867,3729.1858967923345,256837
2021-10-19,3574.650390625,3642.877721597236,3559.677237068213,3635.3440131589964,282932
2021-10-20,3542.726318359375,3689.0216079730103,3522.0086205911916,3578.5114326862376,523002
2021-10-21,3497.854248046875,3577.09936109412,3465.5062916483776,3577.09936109412,335589
2021-10-22,3474.923095703125,3540.8430460281165,3437.2545526602726,3516.3584930502625,192033
2021-10-25,3419.4091796875,3481.0914198818523,3406.8372112867232,3474.9231498803083,289025
2021-10-26,3477.56005859375,3489.0960502950315,3395.678106336967,3436.312956569507,326825
2021-10-27,3482.315673828125,3513.721683955723,3466.8714330808284,3485.1877163352365,441016
2021-10-28,3467.295166015625,3511.3674078948134,3441.021448887353,3507.8831136030076,193658
2021-10-29,3461.50390625,3492.7687530618764,3428.826488980564,3466.447902851459,283538
2021-11-01,3463.763916015625,3484.3404509129414,3438.29074610699,3478.69016910065,139766
2021-11-02,3468.237060546875,3491.4975713011972,3453.3110373519066,3465.694479709963,151547
2021-11-03,3418.279052734375,3484.151870177994,3407.1667867605083,3479.631599114493,185296
2021-11-04,3418.279052734375,3418.279052734375,3418.279052734375,3418.279052734375,0
2021-11-08,3501.008544921875,3511.508789328803,3409.0031737559298,3452.321998615812,336938
2021-11-09,3410.510009765625,3426.8957341725545,3329.0986864529596,3380.7517685296702,1399094
2021-11-10,3482.927734375,3503.1745766864947,3390.1689451804787,3417.9023645971374,706755
2021-11-11,3431.039306640625,3501.291234564642,3421.528137037439,3483.4929391342225,298625
2021-11-12,3472.992431640625,3486.176421306081,3429.014454952961,3454.7704124421903,275060
2021-11-15,3524.45751953125,3529.166087675811,3459.855872623647,3484.340426975366,320669
2021-11-16,3475.629638671875,3540.8433086516966,3466.447930624174,3532.3678858384346,199179
2021-11-17,3404.341552734375,3484.292939704968,3397.5141296215675,3475.6292211853047,250996
2021-11-18,3363.424560546875,3432.357953667756,3347.792022010115,3432.357953667756,248828
2021-11-22,3372.841796875,3417.008076353792,3361.917826259622,3379.810386119267,364653
2021-11-23,3448.6962890625,3456.088832616919,3365.684329093425,3369.262886673338,365672
2021-11-24,3412.157958984375,3459.855659384841,3399.585990849014,3446.671669392629,149025
2021-11-25,3365.119140625,3421.998777549435,3358.150552250837,3400.0568056370294,232784
2021-11-26,3348.074462890625,3423.223255383381,3327.968785237153,3352.5004709009963,372530
2021-11-29,3322.930908203125,3343.0834885359905,3266.898945507944,3343.0834885359905,281082
2021-11-30,3338.845703125,3357.209119063778,3297.033709567082,3309.1817235315893,633377
2021-12-01,3329.193359375,3396.4787572871915,3322.3659350470266,3343.554493306255,312855
2021-12-02,3369.922119140625,3397.0435168151334,3324.2490095197445,3333.6661455240496,377041
2021-12-03,3346.61474609375,3384.0007304795395,3343.083320051442,3349.675315330417,313990
2021-12-06,3292.4189453125,3372.3705655427075,3286.5803671466683,3348.733462915058,165986
2021-12-07,3271.70166015625,3323.307616418826,3264.9213675613687,3297.9284784217707,254445
2021-12-08,3367.33251953125,3373.6419548833655,3279.988580165656,3286.533443925765,326189
2021-12-09,3412.676025390625,3422.6111504417217,3356.267469370756,3357.209183026584,284117
2021-12-10,3420.7275390625,3429.7209499738383,3394.312426455798,3412.6758417563165,190379
2021-12-13,3379.574951171875,3445.118314916404,3368.4626838247104,3428.7794906908525,311904
2021-12-14,3371.0048828125,3387.7674303104054,3336.5383041589243,3371.3345745256215,297867
2021-12-15,3335.17333984375,3370.9584605291525,3316.2448024643477,3362.859630725596,152079
2021-12-16,3353.065673828125,3363.4714256070315,3330.511448253429,3343.0834172939544,121782
2021-12-17,3330.04052734375,3348.733634675889,3295.997671925087,3339.3164984703885,307396
2021-12-20,3269.53564453125,3324.249301485939,3230.172196504431,3316.7155920208156,382144
2021-12-21,3301.41259765625,3334.937695247389,3259.318043876475,3271.4189262196314,222991
2021-12-22,3293.17236328125,3332.3477398644254,3281.495206945584,3316.7152025955284,257611
2021-12-23,3347.415283203125,3352.5004447224733,3297.881055454523,3298.9170323876174,163291
2021-12-24,3334.890625,3357.209192725488,3313.890364432256,3352.500624432745,136780
2021-12-27,3308.42822265625,3337.951036418777,3302.3070841653725,3333.666193493053,94111
2021-12-28,3343.6953125,3354.3838538581804,3306.450723430097,3325.1907321654226,99497
2021-12-29,3352.1240234375,3361.729456751103,3319.728935709536,3343.6955022838897,163737
2021-12-30,3365.590087890625,3376.9849142280045,3320.5292308158105,3361.9174968750626,167005
2021-12-31,3395.819580078125,3412.0170096304932,3361.0233050719175,3376.9853062008197,244207
2022-01-03,3406.6962890625,3414.6537234895127,3373.4066192920554,3399.5863049633595,149689
2022-01-04,3426.377685546875,3431.4630767604567,3399.585980519075,3411.828256903216,317247
2022-01-05,3446.38916015625,3473.9814141717643,3421.2925850866704,3425.954021349113,245395
2022-01-06,3460.891845703125,3472.051014246904,3414.465317867642,3446.3893178877884,340345
2022-01-07,3519.513427734375,3523.8923040260943,3468.1900363475706,3470.2146286307207,241905
2022-01-10,3548.65966796875,3557.794244583901,3510.6142977616414,3519.5136758699014,351447
2022-01-11,3525.163818359375,3579.406385647754,3520.2198217885025,3548.6595275093136,206008
2022-01-12,3484.528564453125,3540.607654473777,3475.864845445232,3531.425947011547,311095
2022-01-13,3530.531494140625,3540.7960806375954,3476.1475325687193,3484.5286918251036,129143
2022-01-14,3495.68798828125,3536.040277788087,3479.9142856011918,3530.531391216304,97013
2022-01-17,3451.521728515625,3496.3945223548626,3430.0508409989925,3481.5154005467725,170221
2022-01-18,3410.792724609375,3479.349527279017,3400.6224006775924,3454.2058177177655,168104
2022-01-19,3367.23828125,3416.113357059329,3357.2091229590997,3409.0033731029284,129227
2022-01-20,3395.0185546875,3412.7699472881336,3368.038553111482,3380.7516861932672,173547
2022-01-21,3407.402587890625,3417.4788780880504,3367.2854939405775,3395.8194638703526,162594
2022-01-24,3318.45751953125,3415.171459051116,3300.706126430594,3399.586053185291,240598
2022-01-25,3333.0068359375,3357.6325534715857,3230.3129266364776,3297.8808743038976,306411
2022-01-27,3290.48828125,3328.9573714099974,3235.3980390357183,3328.9573714099974,353612
2022-01-28,3305.085205078125,3385.4605567128465,3290.4886435679587,3290.4886435679587,249034
2022-01-31,3329.239990234375,3424.070499618489,3305.4145912158683,3305.4145912158683,462842
2022-02-01,3443.47021484375,3493.7576316477175,3338.4220115003704,3352.500584546058,631482
2022-02-02,3409.9921875,3456.0890237281046,3394.689341005291,3456.0890237281046,209928
2022-02-03,3354.760498046875,3439.1381301146757,3347.7919092436123,3410.8867215978516,203975
2022-02-04,3354.384033203125,3384.236310031945,3333.6663328296077,3374.5837450851923,162672
2022-02-07,3247.59375,3371.1465335528574,3239.4949207339423,3354.336853119129,279194
2022-02-08,3270.994873046875,3286.580278228029,3219.1534963150684,3240.4363144362883,363856
2022-02-09,3312.33642578125,3334.3253004138883,3270.995060759263,3304.4730252502486,172750
2022-02-10,3328.533935546875,3337.2919182318055,3281.871979497589,3316.7153835840772,172088
2022-02-11,3277.681640625,3304.803040969417,3229.1362537617492,3295.0562122812366,340217
2022-02-14,3199.94287109375,3253.620547271603,3190.572866585165,3228.1942796084095,209831
2022-02-15,3275.185546875,3286.5803730840057,3201.8261514285446,3225.3689907772837,209065
2022-02-16,3260.212646484375,3294.8677546821496,3234.7863780109265,3277.1634921333407,190567
2022-02-17,3262.190185546875,3279.9884806871596,3230.0776597062754,3279.6118872100137,173362
2022-02-18,3278.717041015625,3291.2890094537224,3243.402781257538,3248.9118977440176,121161
2022-02-21,3272.690185546875,3295.9975971265553,3230.0776451840243,3231.1136221073402,138287
2022-02-22,3286.34521484375,3294.114352467494,3206.5349828907424,3206.5349828907424,246372
2022-02-23,3306.498046875,3324.2494425195405,3267.746619133939,3293.8791749497796,326853
2022-02-24,3245.145263671875,3299.7646558056445,3215.0104266325543,3239.024124898263,529995
2022-02-25,3223.25048828125,3243.2619039195456,3155.117411779109,3234.7864808256795,722637
2022-02-28,3227.676513671875,3239.495066364125,3133.4111120417474,3206.535087491234,426929
2022-03-02,3194.05712890625,3221.555120268892,3175.2228567523102,3221.555120268892,416582
2022-03-03,3170.1845703125,3239.0710580822424,3154.740559240437,3206.5348072279667,429892
2022-03-04,3174.84619140625,3196.976460686179,3084.111995394325,3154.7405143728206,331936
2022-03-07,2969.646728515625,3108.172892093035,2955.6152877331647,3107.6549036269876,711477
2022-03-08,2932.260986328125,2994.6495179521276,2872.226738916349,2933.438128434238,541966
2022-03-09,2941.772216796875,2985.2322088831124,2913.379412889083,2960.7476544884876,483468
2022-03-10,3035.095947265625,3058.685920063497,2961.501117846547,3037.026506220683,490457
2022-03-11,3013.38916015625,3066.7845034944226,3006.703131756733,3060.5691019692845,362091
2022-03-14,3000.15869140625,3027.609553872938,2961.783858025123,3013.3895849993833,335292
2022-03-15,3035.001953125,3059.627673305106,2996.2031665064405,3000.299712880907,258636
2022-03-16,3120.509033203125,3124.935270845219,3043.8536417008836,3054.9187759850465,239522
2022-03-17,3160.343994140625,3166.04140791509,3108.1731479732352,3128.372860527641,436218
2022-03-21,3048.844970703125,3154.7406210916897,3041.7349869033305,3154.7406210916897,354460
2022-03-22,2974.30810546875,3060.569162125489,2949.682387097712,3041.734890358563,583821
2022-03-23,2921.43115234375,2988.857941224022,2911.7785874919414,2982.783704291267,1044283
2022-03-24,2922.938232421875,2947.5639543252496,2900.99625668392,2907.070264217906,459226
2022-03-25,2914.132568359375,2940.73597603627,2894.921703983459,2928.729128323689,339040
2022-03-28,2914.415283203125,2937.1575745848054,2881.6907357385294,2914.1327231421847,310240
2022-03-29,2922.890625,2951.330328836289,2910.0832284818043,2930.612630293086,359318
2022-03-30,2964.89111328125,2975.8150833997242,2933.10827813418,2941.5837008400654,450273
2022-03-31,3019.51025390625,3030.905079897733,2963.8551206945926,2965.7385478065376,413897
2022-04-01,3042.34716796875,3049.174592058179,3005.620334935959,3022.9008726989464,260712
2022-04-04,3079.403564453125,3085.4304397098513,3027.609314898103,3041.7350193221996,275388
2022-04-05,3110.8564453125,3121.733282783844,3081.1924685236713,3088.820440233584,236853
2022-04-06,3091.1748046875,3102.9462243550074,3064.947989704077,3090.7039479007994,245111
2022-04-07,3102.098876953125,3128.37259455789,3075.30694097316,3084.112055140605,302703
2022-04-08,3152.762939453125,3158.790044573228,3095.4126719044225,3095.4126719044225,168952
2022-04-11,3155.352783203125,3173.575034490015,3104.8770689688495,3152.7630706378886,186130
2022-04-12,3149.184814453125,3168.7722751010206,3109.8211365820025,3145.323696394522,238043
2022-04-13,3154.410888671875,3190.5256974296085,3145.3234443373353,3145.3234443373353,205852
2022-04-18,3148.996337890625,3171.5974666075476,3113.352612422988,3150.032314921046,197878
2022-04-19,3077.42578125,3190.525676565921,3056.14319183789,3148.9960148447494,296680
2022-04-20,3111.610107421875,3140.6149329950645,3053.0355660479754,3075.636693002063,235572
2022-04-21,3164.0634765625,3173.5277443558825,3083.5469626457066,3104.8297822651257,152205
2022-04-22,3168.018798828125,3180.637669044572,3131.19770527704,3146.5476828669734,148494
2022-04-25,3103.7939453125,3151.9627367394346,2949.4943007994802,3088.8207901537226,630312
2022-04-26,3176.11767578125,3203.709932528526,3108.879411136853,3115.471406882796,398545
2022-04-27,3143.675537109375,3187.4180894044243,3119.0967193101933,3154.7406723032746,248769
2022-04-28,3162.179931640625,3193.868731487037,3072.905668373567,3079.4034000976303,322548
2022-04-29,3088.114501953125,3174.422466435956,3076.1076528565627,3164.2521428943746,259398
2022-05-02,3080.6279296875,3093.435097466225,3016.308840983205,3053.0356735771306,215783
2022-05-04,3188.12451171875,3386.402371765143,3134.1642722154625,3145.32367121679,2871830
2022-05-05,3085.995361328125,3224.00353065556,3069.9862306773534,3211.2432658312196,623098
2022-05-06,3115.00048828125,3130.1150384954503,3001.335695583422,3055.860824493833,560373
2022-05-09,3062.5,3143.7228043953946,3037.026599132143,3091.1751353957393,403409
2022-05-10,3057.3203125,3127.0542500703027,3046.443474514601,3070.9280279419204,285192
2022-05-11,3069.844970703125,3092.3989639700017,3008.774755762021,3051.151864998106,269579
2022-05-12,3029.351318359375,3051.1047633683456,2972.895407237454,3037.497048584047,310942
2022-05-13,3087.408203125,3127.431033270741,3037.0265228238904,3037.0265228238904,326757
2022-05-16,3093.43505859375,3143.393013412386,3063.771078794494,3142.498431432298,270772
2022-05-17,3172.4921875,3185.7230806281937,3093.9531295163542,3097.296259025235,277190
2022-05-18,3196.505859375,3232.5733086876226,3154.74076651674,3154.74076651674,435712
2022-05-19,3137.837158203125,3191.0911135491733,3115.2360295606063,3168.8665784198024,394058
2022-05-20,3249.147216796875,3261.907481542144,3156.623859344432,3164.157567839287,525530
2022-05-23,3283.802490234375,3331.7827526890965,3250.0890970091136,3250.0890970091136,524978
2022-05-24,3268.169921875,3312.948449602014,3239.4947886955456,3310.1233087979194,230532
2022-05-25,3311.535888671875,3319.540454306373,3269.770798367659,3288.1813453091136,286553
2022-05-26,3353.39501953125,3369.3101174200597,3308.710754905626,3343.0833015269595,545260
2022-05-27,3350.240478515625,3374.4896043177664,3305.650246484165,3374.159912585361,165721
2022-05-30,3367.80322265625,3406.7900732765747,3335.172938761666,3353.818683895403,213495
2022-05-31,3435.18310546875,3484.3405121170463,3348.0274610011156,3368.1331394339068,562987
2022-06-01,3344.3076171875,3455.8535492442147,3327.074211998041,3436.4072549990497,241386
2022-06-02,3368.556884765625,3374.913451954171,3301.412654999315,3361.917757497698,213099
2022-06-03,3324.2490234375,3387.438098255163,3289.4056200756904,3366.626135634295,271462
2022-06-06,3288.4169921875,3328.9578115177997,3248.9592815201563,3324.2492431846767,153889
2022-06-07,3186.240966796875,3276.127487682829,3158.507546102564,3263.0377600612355,338018
2022-06-08,3165.5703125,3204.2748339878704,3117.0720613937233,3187.700582422282,320103
2022-06-09,3152.15087890625,3184.9225584938386,3113.305192520446,3165.2406061120346,347351
2022-06-10,3164.958251953125,3175.693695054105,3108.6908642210524,3122.7223049297686,503822
2022-06-13,3163.21630859375,3178.283727747516,3117.9669194654825,3144.3820346515427,463899
2022-06-14,3185.676025390625,3195.234326711438,3135.9535000538535,3163.734051966022,224645
2022-06-15,3188.0771484375,3204.5571365355177,3156.6711376370345,3190.5256957762817,245702
2022-06-16,3192.78564453125,3231.8667582831854,3175.5053382041297,3201.920450228209,481507
2022-06-17,3137.884033203125,3192.7857531113723,3107.9374942191853,3192.7857531113723,527370
2022-06-20,3236.5537109375,3256.958008549222,3133.429496465161,3161.258194926043,364703
2022-06-21,3285.121826171875,3326.840898256283,3233.1526614641307,3236.553455423013,223641
2022-06-22,3260.550048828125,3309.6453420565426,3243.833746982178,3268.5490828363104,170854
2022-06-23,3268.0224609375,3302.8922371309013,3247.9533079482517,3271.37531054016,351311
2022-06-24,3323.48828125,3357.5914108399843,3284.834621938294,3284.834621938294,301133
2022-06-27,3313.669189453125,3358.549335081263,3302.317305325189,3354.7654516640255,419730
2022-06-28,3290.294677734375,3324.014715479685,3245.6060797256614,3309.7412505257303,182574
2022-06-29,3261.029296875,3310.316372666958,3218.735587982212,3290.2949306183573,374478
2022-06-30,3320.662109375,3336.707889405868,3237.894716676712,3237.894716676712,479308
2022-07-01,3433.653076171875,3448.6450088403785,3268.5491028231586,3268.5491028231586,292487
2022-07-04,3544.8720703125,3557.3255117918175,3424.6964068123316,3424.6964068123316,614359
2022-07-05,3502.865478515625,3557.8521139201816,3483.131471786155,3553.0623291680004,612519
2022-07-06,3669.741943359375,3679.4171693162643,3489.1190933574035,3496.68686056263,1043070
2022-07-07,3650.0556640625,3718.884968153738,3640.0930047998527,3667.059400834919,519620
2022-07-08,3656.473876953125,3689.04441453071,3633.0518753821343,3668.9752624162356,379513
2022-07-11,3635.830078125,3678.9381451865474,3621.0776331699853,3668.2090730486975,208602
2022-07-12,3568.868896484375,3628.5976105410527,3559.9119047505187,3623.9514254195115,283587
2022-07-13,3569.347900390625,3603.9302427881644,3556.032391199455,3574.18563017633,164377
2022-07-14,3615.473388671875,3629.699143950437,3556.94235515349,3569.3478517707385,265732
2022-07-15,3687.08056640625,3700.3963088971186,3620.2153555844466,3625.8672082767152,660790
2022-07-18,3616.23974609375,3716.8731761564254,3600.960378652578,3697.714036073145,455399
2022-07-19,3628.21435546875,3637.45878125876,3584.9626885309676,3616.239892432129,228968
2022-07-20,3667.3466796875,3687.1763420001776,3634.345109164248,3645.026235726338,440495
2022-07-21,3693.403076171875,3703.222135056783,3660.353560900722,3682.3865710814907,282104
2022-07-22,3708.6826171875,3763.813089852542,3682.051365551502,3697.714056205348,433423
2022-07-25,3722.525146484375,3750.4017897363556,3688.134582499353,3708.682714112318,290157
2022-07-26,3647.086181640625,3736.032589534263,3635.9260752762298,3736.032589534263,267527
2022-07-27,3692.493408203125,3701.4501663296946,3622.1792201341186,3640.2368041472905,200264
2022-07-28,3706.671142578125,3718.7892055061634,3675.1062712109315,3701.0670003794594,316008
2022-07-29,3736.415283203125,3783.3074641232147,3713.903294342057,3719.746925426692,418970
2022-08-01,3693.546875,3751.3596744631172,3676.8305718469046,3736.4154514637958,323129
2022-08-02,3628.884521484375,3744.653712279414,3600.0981022783585,3712.0831760252568,355859
2022-08-03,3611.498046875,3633.866437347119,3569.395881671425,3621.077617291114,428088
2022-08-04,3616.335693359375,3632.5730180651967,3569.347854776087,3604.5527752438866,506667
2022-08-05,3533.041259765625,3674.6271154418528,3524.1801576297044,3587.548918813398,798850
2022-08-08,3478.72509765625,3546.2610689015205,3460.907237057704,3533.0414488651327,310094
2022-08-10,3494.387451171875,3520.300233346801,3471.683918317818,3486.9632848374,191222
2022-08-11,3487.2509765625,3527.964149794365,3479.491431172525,3511.870425129818,167070
2022-08-12,3505.88330078125,3513.115923257268,3455.9736451102017,3496.543219578267,228587
2022-08-16,3535.29248046875,3567.38404102713,3520.492091105877,3523.4139068274826,239514
2022-08-17,3549.422119140625,3558.762199599893,3526.3832072325213,3537.735090879655,353941
2022-08-18,3537.783203125,3570.2578524023234,3526.2877189381634,3555.936441794801,232262
2022-08-19,3508.565673828125,3553.493766352573,3489.31064338837,3537.7833641327247,177955
2022-08-22,3521.881103515625,3576.05362075802,3482.221775716162,3508.5655942457215,366371
2022-08-23,3524.036376953125,3549.1827482589856,3485.0475737417587,3496.543057767295,189150
2022-08-24,3505.30810546875,3532.945257227207,3483.5625293212543,3522.40773070077,187721
2022-08-25,3493.2861328125,3523.557434059924,3486.9635229840724,3522.8389663010676,208578
2022-08-26,3496.686767578125,3513.7863941536007,3474.606045086621,3510.7689230526244,220796
2022-08-29,3551.769287109375,3573.179720270603,3434.515440241335,3465.8885329595287,525684
2022-08-30,3590.183349609375,3607.809664872925,3560.726171835914,3560.726171835914,467342
2022-09-01,3561.827880859375,3587.93221024433,3517.7141461923907,3573.1797653534163,314888
2022-09-02,3548.51220703125,3600.8644633800013,3544.4408897929743,3579.645809441594,202152
2022-09-05,3508.61328125,3558.8101327755417,3504.302474898051,3526.23959589415,234232
2022-09-06,3457.075439453125,3537.352286800973,3443.855585423679,3517.618278073922,390746
2022-09-07,3513.690185546875,3520.3002287941,3437.1495191802724,3448.6450025220124,287734
2022-09-08,3518.24072265625,3531.987499313642,3480.1619314716236,3528.155671269906,384831
2022-09-09,3496.064208984375,3544.4410393868166,3488.735931196675,3530.550662340571,134487
2022-09-12,3496.064208984375,3496.064208984375,3496.064208984375,3496.064208984375,0
2022-09-13,3599.715087890625,3606.7082209907667,3510.9125179100024,3510.9125179100024,398871
2022-09-14,3589.465087890625,3603.547009834885,3552.104762716423,3552.104762716423,389253
2022-09-15,3565.0849609375,3629.6991145519437,3556.942326344285,3606.708146288748,311462
2022-09-16,3486.532470703125,3584.100251515185,3468.858210703777,3547.8417191353174,559137
2022-09-19,3441.31689453125,3489.022965642543,3414.254609501198,3482.173666698699,211795
2022-09-20,3497.117919921875,3510.912407179952,3450.5611161424795,3458.5601506479343,346604
2022-09-21,3607.33056640625,3629.6989551806646,3484.0894959071197,3492.711108627264,773841
2022-09-22,3665.095458984375,3674.196050289728,3593.2966301452784,3605.75007087892,687172
2022-09-23,3637.0751953125,3681.2371053510533,3623.328653065479,3665.0954367935406,326581
2022-09-26,3628.261962890625,3666.915619530914,3616.766479443843,3637.0751200912496,626882
2022-09-27,3663.37109375,3726.261109851072,3640.2365262193816,3646.4153019689056,584760
2022-09-28,3691.199951171875,3705.3777618757035,3636.0217670188,3657.384021512914,364917
2022-09-29,3702.02490234375,3710.1675370105686,3649.816244774146,3708.6826568549036,450207
2022-09-30,3681.476806640625,3724.2015498032624,3659.443794976217,3707.2937017938925,309896
2022-10-03,3610.491943359375,3715.148744304521,3595.97898854081,3699.629887873253,251830
2022-10-04,3657.62353515625,3665.7661698992556,3616.814706064099,3646.9424078379748,153835
2022-10-06,3609.15087890625,3685.8830929364526,3602.5887800207056,3675.92043386145,308216
2022-10-07,3626.489990234375,3635.4469821466782,3575.3351776329223,3617.245798309844,318472
2022-10-10,3638.177001953125,3651.731999639496,3560.7260867418695,3592.338667011571,185199
2022-10-11,3571.167724609375,3660.066178939873,3561.6840440779965,3656.3781849004326,202644
2022-10-12,3604.7919921875,3615.7126078347146,3569.682963624331,3589.0336471818528,271156
2022-10-13,3625.484130859375,3634.4888330470644,3591.2848790931967,3612.9348006950454,156770
2022-10-14,3636.64404296875,3654.5098463959075,3610.779205521228,3640.332270747861,350141
2022-10-17,3618.874267578125,3642.0567811987157,3594.781741543688,3642.0567811987157,93315
2022-10-18,3608.48046875,3644.97849062746,3590.9977532589687,3636.979689892914,189866
2022-10-19,3610.060791015625,3630.1778871046067,3584.674931665243,3611.497726450552,182278
2022-10-20,3630.800537109375,3643.014488546894,3590.087365650978,3604.7920987752614,230082
2022-10-21,3633.243408203125,3654.17486186416,3603.4510863120104,3633.530842073708,404955
2022-10-24,3633.243408203125,3633.243408203125,3633.243408203125,3633.243408203125,0
2022-10-25,3556.990234375,3644.9304999759947,3534.8613340988522,3644.0684322254833,228569
2022-10-27,3597.416259765625,3611.402292770816,3545.686577582715,3557.8525856912256,317971
2022-10-28,3618.874267578125,3632.57310004182,3575.095677572804,3608.6241740130636,215005
2022-10-31,3608.193115234375,3640.236731264603,3582.1367306700427,3628.7412468500834,198318
2022-11-01,3628.7412109375,3648.4752192042824,3597.176573736929,3621.0775547369985,338873
2022-11-02,3567.384033203125,3634.872059155622,3558.1398414190144,3628.7412277173617,185469
2022-11-03,3596.218505859375,3602.4452263303456,3549.661702325938,3551.14658244426,140994
2022-11-04,3644.259765625,3654.557802790055,3588.6503181584612,3590.4705766807997,258490
2022-11-07,3965.223388671875,4013.839704906724,3764.8188372928253,3764.8188372928253,3142443
2022-11-09,3999.80615234375,4058.8641122557437,3965.942276313141,3965.942276313141,1198458
2022-11-10,3960.816650390625,4013.504283181009,3935.574390948748,3978.0121649204557,417581
2022-11-11,3926.330322265625,4001.3863459587674,3913.2543029067665,3980.6466706823435,344558
2022-11-14,3931.40771484375,3978.8742958563407,3903.291584075644,3927.6235976913435,336120
2022-11-15,3965.3193359375,3978.970222961795,3911.5778555755787,3951.093581172222,325881
2022-11-16,3957.79931640625,3970.7317358111836,3921.636439922083,3953.249020689699,149924
2022-11-17,3951.764404296875,3975.521550800683,3932.557085791542,3946.782840794895,238478
2022-11-18,3933.419189453125,3964.026102989705,3890.359302552783,3964.026102989705,281217
2022-11-21,3946.83056640625,3974.563608767244,3922.9298198128995,3944.8669416494367,288522
2022-11-22,3982.802001953125,3989.1723222690234,3934.904153333697,3960.1464131066214,319387
2022-11-23,3980.454833984375,4017.7192667881977,3965.4629008653255,3985.1010188669534,247440
2022-11-24,4014.9892578125,4032.5673932134478,3980.4546299575945,3996.596297721067,231515
2022-11-25,4007.8046875,4034.9146821427744,3973.8926371945863,4034.9146821427744,244021
2022-11-28,4035.92041015625,4051.487210860118,3986.058937156524,3993.578992893185,222792
2022-11-29,4105.1806640625,4121.130552776954,4047.3678720322246,4047.3678720322246,598884
2022-11-30,4178.8955078125,4203.419299822464,4109.683116652447,4117.251350925869,1101544
2022-12-01,4216.20849609375,4225.06959886884,4153.079219603329,4181.05128500943,501703
2022-12-02,4246.52685546875,4257.207980867849,4196.13823126827,4215.010168441559,530333
2022-12-05,4218.22021484375,4241.498383755217,4186.2722540909845,4236.900377075964,212913
2022-12-06,4238.33740234375,4264.489442921417,4197.815538146221,4213.957208121086,349352
2022-12-07,4208.83154296875,4248.539045386803,4199.060662794281,4238.336897486695,252294
2022-12-08,4210.125,4255.867445383748,4199.8751410576115,4208.831664538142,282421
2022-12-09,4224.8779296875,4240.301132251056,4199.875624060861,4216.927073011574,233437
2022-12-12,4246.19189453125,4252.418614710517,4199.683271677847,4233.259475697389,233360
2022-12-13,4240.44482421875,4264.82501957405,4224.5908212761815,4264.82501957405,158169
2022-12-14,4224.30322265625,4259.076875088722,4205.527171671722,4253.329133017077,195654
2022-12-15,4277.70947265625,4296.437345780462,4226.506481512463,4242.1209942411815,370501
2022-12-16,4257.83154296875,4288.916966076356,4231.008747737508,4272.009119061435,346508
2022-12-19,4336.1923828125,4346.250931364258,4237.5228113047815,4267.6984569600545,330662
2022-12-20,4319.47607421875,4343.329579103875,4279.2418778857245,4338.587504577925,206833
2022-12-21,4233.06787109375,4339.544685216974,4220.901631564042,4319.475301392998,303234
2022-12-22,4206.8203125,4259.412056471155,4192.977647217104,4257.160764046793,243325
2022-12-23,4149.77392578125,4214.0052246917285,4142.302048118319,4191.205566940118,224215
2022-12-26,4191.39697265625,4214.914628329475,4132.434442605565,4134.063156497409,166686
2022-12-27,4185.5537109375,4215.010889311667,4167.113038296761,4196.522505920893,138087
2022-12-28,4201.55126953125,4222.147342963973,4178.608014583143,4178.608014583143,159245
2022-12-29,4165.484375,4205.191881076004,4115.910098595721,4191.062014854495,244626
2022-12-30,4126.35205078125,4191.014148030997,4117.825859312295,4172.094497354219,117753
2023-01-02,4111.69482421875,4195.803724974376,4095.3618453427666,4195.803724974376,255314
2023-01-03,4063.509765625,4115.047662227515,4029.454115537515,4076.202695161638,496975
2023-01-04,4056.94775390625,4096.223989540289,4039.0819500280804,4076.0591824925637,216319
2023-01-05,4131.8603515625,4202.557391610103,4056.947926480234,4056.947926480234,686633
2023-01-06,4175.7822265625,4185.314085705766,4128.794623344439,4131.8602728107735,297438
2023-01-09,4180.8115234375,4203.419402055171,4153.893306097593,4195.851635350118,170110
2023-01-10,4144.9365234375,4179.566576977943,4135.7877530289425,4176.692705850065,235445
2023-01-11,4132.91357421875,4175.399059446803,4117.299062687379,4144.12185788404,224668
2023-01-12,4118.49609375,4158.394904032678,4103.8872514101295,4137.702941987697,248083
2023-01-13,4153.79736328125,4186.942768409579,4107.192849656532,4123.046850607967,183772
2023-01-16,4128.41162109375,4163.712430439202,4119.215140253393,4153.797481841823,84814
2023-01-17,4178.65625,4189.098355764966,4111.3120583047275,4127.836816970949,169798
2023-01-18,4208.9755859375,4236.0855801841635,4172.429154547867,4176.692250023282,192855
2023-01-19,4188.57080078125,4214.9627949398855,4173.914246805625,4195.659588535785,139431
2023-01-20,4137.3681640625,4178.608021742842,4131.524533388538,4178.608021742842,154486
2023-01-23,4155.47412109375,4174.250172996849,4137.560136993083,4147.954064631626,119143
2023-01-24,4211.2265625,4223.584581649077,4141.439771244673,4167.879009487763,135586
2023-01-25,4203.65869140625,4257.1606805482315,4176.6922968475,4199.6832636191375,288089
2023-01-27,4196.23486328125,4252.371238557232,4170.753112838301,4248.539410453102,340484
2023-01-30,4221.47705078125,4232.254067135998,4138.374280223521,4211.657991435812,218721
2023-01-31,4136.0751953125,4232.253983598428,4084.728607076436,4232.253983598428,605699
2023-02-01,4187.18212890625,4257.639675666292,4144.936133747738,4147.857715352087,622541
2023-02-02,4380.78515625,4402.770456925051,4186.2721707490155,4328.960055752299,1669243
2023-02-03,4434.23974609375,4463.8405264673565,4377.959767354557,4397.023019794016,517467
2023-02-06,4431.17333984375,4440.417530584613,4406.6018383607625,4411.391622967676,315190
2023-02-07,4413.1640625,4467.911208565624,4403.44089302155,4443.962284849042,327040
2023-02-08,4401.62060546875,4445.159937912786,4385.527115083181,4411.3442431521535,252710
2023-02-09,4442.3818359375,4460.343529074692,4382.7967254694195,4401.668664826532,284415
2023-02-10,4428.34814453125,4472.893146374438,4403.776172538365,4464.079754607707,207919
2023-02-13,4395.10693359375,4441.088871870232,4386.485320166909,4406.60241816287,185536
2023-02-14,4406.45849609375,4429.593063547736,4388.40091351907,4397.309726308018,245495
2023-02-15,4395.53759765625,4406.458212946518,4339.736607307691,4406.458212946518,197822
2023-02-16,4379.779296875,4423.749428549047,4374.989511992153,4403.728221289233,160313
2023-02-17,4342.65869140625,4395.106838619506,4324.984197162171,4377.863612138435,203456
2023-02-20,4266.548828125,4353.914696259843,4257.161036342958,4344.574615228263,308681
2023-02-21,4314.015625,4337.485570822669,4263.483394708337,4267.650601088561,229380
2023-02-22,4295.95849609375,4349.987181488441,4289.444575094967,4315.596616100423,262918
2023-02-23,4264.34521484375,4306.974297638436,4238.767578065977,4301.226556138029,210031
2023-02-24,4255.771484375,4306.543203002416,4233.83436365062,4272.488020344806,234456
2023-02-27,4203.7548828125,4282.067869007435,4191.061952328306,4242.360363523824,162723
2023-02-28,4274.16455078125,4287.096969996927,4195.851567752984,4205.431137542374,349283
2023-03-01,4195.65966796875,4267.2669500744305,4172.046122671006,4252.370906583514,331092
2023-03-02,4209.45458984375,4219.800337736554,4160.4547179629935,4205.430983578541,147032
2023-03-03,4226.45849609375,4257.879298019163,4196.234672644045,4215.0107230517615,212204
2023-03-06,4138.23046875,4204.4730990082235,4099.959901082757,4204.4730990082235,681562
2023-03-08,4157.1982421875,4186.272332371282,4124.723591557814,4138.230879590329,228626
2023-03-09,4111.26416015625,4167.1128650163,4095.457869978602,4157.197916718016,242653
2023-03-10,4129.75244140625,4178.368756971401,4102.690157372446,4126.30370281075,367075
2023-03-13,4126.49560546875,4163.328770920283,4109.635468968649,4127.836651698346,282671
2023-03-14,4112.46142578125,4161.269051140998,4097.181825512895,4133.584189171883,197998
2023-03-15,4064.70751953125,4141.870770285317,4059.438755928484,4133.584535624184,195193
2023-03-16,4129.9443359375,4138.374170294534,4071.317181424021,4084.6808684499038,260044
2023-03-17,4179.13525390625,4186.272220880358,4124.579881702086,4144.074400812055,294948
2023-03-20,4149.72607421875,4183.015079569402,4083.2916635152346,4181.099165592386,176552
2023-03-21,4085.399169921875,4201.599160234602,4080.896585179983,4171.902494943386,231876
2023-03-22,4066.0009765625,4099.098205446128,4052.1583101278625,4099.098205446128,146015
2023-03-23,4064.324462890625,4076.5861257272086,4020.3061504278376,4071.3173620821613,197372
2023-03-24,4023.371337890625,4063.6532391218366,4013.695879485093,4063.6532391218366,198393
2023-03-27,4037.59716796875,4066.8148578543028,4022.269855241903,4046.4582706389588,283791
2023-03-28,4023.419677734375,4051.6794111851286,3978.395695626395,4051.6794111851286,224554
2023-03-29,4096.416015625,4117.251580909691,4022.4138354759234,4028.2092883736723,316461
2023-03-31,4140.43408203125,4151.594188414937,4078.070982839957,4097.6136813902085,244995
2023-04-03,4142.25341796875,4163.280759388296,4102.306895199461,4161.364845555167,365323
2023-04-05,4145.6064453125,4175.63848948774,4114.425133439439,4151.78545479081,390846
2023-04-06,4119.02294921875,4145.845742794486,4108.00644471443,4145.845742794486,208718
2023-04-10,4087.027587890625,4119.023257644126,4064.6114879886177,4119.023257644126,253654
2023-04-11,4097.517578125,4124.292196346394,4079.2205053805283,4087.02776159082,248398
2023-04-12,4091.72119140625,4118.06500661683,4083.770336098199,4097.517111404018,325329
2023-04-13,4154.958984375,4238.560750946802,4114.375602544028,4130.404373164022,454438
2023-04-17,4227.453125,4292.1519836973985,4150.574493363619,4168.405490637337,631457
2023-04-18,4191.64453125,4262.822932955365,4180.098011518255,4239.486773809031,190132
2023-04-19,4183.849609375,4215.175890754912,4161.0491691980715,4215.175890754912,347248
2023-04-20,4147.35888671875,4207.868095860244,4137.517534700039,4184.970121968217,164008
2023-04-21,4216.92919921875,4223.944938213995,4139.465849140777,4149.891924302977,273401
2023-04-24,4200.56005859375,4228.281411896668,4186.918713007966,4216.929482987739,182843
2023-04-25,4289.7646484375,4297.998365426995,4200.560179858485,4202.508943569856,353719
2023-04-26,4292.15185546875,4309.544665860481,4258.827807394303,4287.279946438706,306037
2023-04-27,4302.72412109375,4315.878275865805,4284.356928350145,4294.100746699815,179769
2023-04-28,4436.896484375,4447.907285243773,4295.708643048779,4302.821916340445,482939
2023-05-02,4395.4853515625,4487.759509310363,4384.718621700404,4448.29704171506,261449
2023-05-03,4411.1240234375,4431.488508279296,4329.519546179718,4374.974362835101,525015
2023-05-04,4469.5380859375,4478.258993825816,4394.46215451576,4411.075174790949,244670
2023-05-05,4507.490234375,4518.159905459218,4466.955856092554,4476.943269603654,332347
2023-05-08,4480.59716796875,4579.594453870726,4456.383685116684,4521.131545948972,831450
2023-05-09,4477.4306640625,4514.55470771184,4465.1533575947615,4505.541675596945,367650
2023-05-10,4486.97998046875,4548.219500351715,4469.002444666691,4511.095931739981,368807
2023-05-11,4516.40576171875,4532.824190408991,4487.02824523504,4492.095220967489,282060
2023-05-12,4498.23388671875,4555.235225909272,4483.959287528935,4515.285569382581,311033
2023-05-15,4512.21630859375,4559.132699759732,4503.057214310797,4528.780800129531,276965
2023-05-16,4488.87939453125,4540.8142296485,4448.052892490681,4513.336472730961,263119
2023-05-17,4513.2392578125,4520.352530878575,4466.2253329046525,4491.900390159065,268353
2023-05-18,4447.41943359375,4536.234234908383,4441.232014329806,4530.875135286002,155214
2023-05-19,4384.572265625,4475.433373194447,4369.2742802614575,4470.463930601855,367664
2023-05-22,4383.6953125,4423.937091660923,4370.102495699409,4384.718223109775,172174
2023-05-23,4405.8134765625,4464.178852628895,4371.0768597132355,4372.051241536622,297514
2023-05-24,4404.0107421875,4452.827366329556,4386.03368314352,4421.939748221994,302733
2023-05-25,4446.396484375,4584.905244303128,4417.116500232514,4462.668851500561,861989
2023-05-26,4478.4541015625,4505.736793681011,4446.250495580608,4464.6176888220125,231911
2023-05-29,4458.04052734375,4506.613557373498,4449.027495295681,4493.313340370554,194968
2023-05-30,4456.091796875,4505.0544848524705,4446.104382909446,4465.592019915404,199772
2023-05-31,4537.74462890625,4563.322151480497,4448.296568841258,4453.899264262283,1536463
2023-06-01,4516.50341796875,4535.747459283648,4470.025213952422,4535.747459283648,188427
2023-06-02,4534.91943359375,4597.816070825125,4516.601244146913,4518.208879130572,359550
2023-06-05,4562.640625,4591.774547665189,4537.744882837816,4540.521966312898,349558
2023-06-06,4584.8564453125,4596.841628010556,4553.3350960491,4562.640728552426,185910
2023-06-07,4767.79638671875,4782.217523358154,4594.2103577516045,4594.2103577516045,1390193
2023-06-08,4750.15966796875,4788.842814631702,4732.085076404468,4776.321913705216,381452
2023-06-09,4753.76513671875,4852.421292515372,4712.207848715434,4761.121528891432,820375
2023-06-12,4774.71484375,4784.215067152186,4740.3678822190195,4773.496866390746,233763
2023-06-13,4813.5439453125,4824.797865541654,4766.9682067129825,4779.294517920259,326814
2023-06-14,4815.0537109375,4849.498202608389,4795.907203785109,4820.266748704782,234174
2023-06-15,4847.98828125,4891.2992682628965,4788.404451544869,4823.190073291499,452909
2023-06-16,4915.46435546875,4929.008168157299,4842.67784027676,4847.988411718415,407485
2023-06-19,4892.419921875,4934.6594712996375,4874.150261723547,4920.628467457802,197576
2023-06-20,4926.9130859375,4932.807905570025,4879.752625787835,4892.419589298434,251372
2023-06-21,4939.67724609375,4954.975231227001,4916.3896153691985,4940.700632484918,272200
2023-06-22,4859.29052734375,4941.966917581053,4847.549417054602,4935.243778368153,145196
2023-06-23,4843.45703125,4859.193678490616,4818.6102944772965,4844.675008542779,191942
2023-06-26,4880.8740234375,4893.345921498742,4825.431312486379,4851.398970843845,179192
2023-06-27,4827.3310546875,4908.740464140201,4822.361612330341,4872.444741924505,175475
2023-06-28,4864.26025390625,4891.348354780655,4832.836439265823,4861.1910462353835,253814
2023-06-30,4895.830078125,4903.4305419315215,4828.110540324369,4862.360442578133,196106
2023-07-03,4879.99609375,4919.263965070406,4862.262630761868,4906.012277666428,139105
2023-07-04,4881.798828125,4896.170959521939,4845.161977680706,4879.996126659726,121493
2023-07-05,4965.54736328125,4984.35274238319,4833.42109133315,4896.0736529993455,186513
2023-07-06,5041.01318359375,5135.333635015533,4989.80960612264,5065.8113927419645,966410
2023-07-07,4925.0126953125,5056.602764080016,4913.7097715368745,5041.012655637044,224712
2023-07-10,4902.943359375,4968.811666948628,4863.626956955542,4943.039076957921,308544
2023-07-11,4953.65966796875,5025.082141248013,4920.628219235683,4920.628219235683,385742
2023-07-12,4943.916015625,4983.817143030947,4913.174458304896,4953.659834207903,180640
2023-07-13,4959.94482421875,5016.117843610531,4941.529102115218,4959.506162070315,232034
2023-07-14,5001.697265625,5018.066690929167,4954.829401959122,4986.8864707136845,220335
2023-07-17,5011.6845703125,5065.811292350158,4989.90704057752,5018.018052405263,272290
2023-07-18,4934.41552734375,5028.345838280887,4922.5768835561785,5018.066300537276,189358
2023-07-19,4936.12060546875,5012.219918278262,4920.725563524817,4951.75971863208,353528
2023-07-20,4923.11279296875,4963.501110689973,4887.54785568171,4940.11594644644,327126
2023-07-21,4917.705078125,4978.068222582919,4871.909132281553,4931.882143390989,438176
2023-07-24,4841.60546875,4918.67916170375,4817.5385245592715,4917.704779936375,224646
2023-07-25,4760.43994140625,4878.729799857261,4750.111398902366,4878.729799857261,396810
2023-07-26,4855.9296875,4866.989017118147,4754.983628430478,4774.471266251914,231869
2023-07-27,4748.55224609375,4887.499188185065,4641.759903924706,4837.80571557792,558492
2023-07-28,4777.7353515625,4832.349264085622,4726.726366430158,4778.368604612141,357681
2023-07-31,4671.13818359375,4784.604667562201,4643.173233450567,4779.440633929649,800189
2023-08-01,4693.9384765625,4719.418466656929,4628.411297480704,4701.489935861889,413904
2023-08-02,4686.24072265625,4715.033514441071,4647.80117046578,4715.033514441071,395487
2023-08-03,4676.009765625,4695.156272988777,4647.801221987638,4686.72796550799,239070
2023-08-04,4675.57080078125,4708.2125892205895,4644.536647065798,4667.288555953358,401478
2023-08-07,4540.37548828125,4691.648259257303,4499.890115729933,4629.287825489397,1079453
2023-08-08,4487.369140625,4557.6221607859125,4478.307104779347,4514.0671057365025,533341
2023-08-09,4483.033203125,4514.652083370519,4457.796809239191,4501.546457633316,912658
2023-08-10,4424.13232421875,4500.328700511692,4415.21634954622,4483.130955768471,587011
2023-08-11,4394.75390625,4444.155252290385,4374.633017857046,4423.693235123514,1112908
2023-08-14,4384.32861328125,4409.077816811195,4340.871088153342,4403.91378337891,557851
2023-08-16,4383.2568359375,4396.946710882497,4308.131898713268,4373.610550592751,518358
2023-08-17,4386.27734375,4409.07778343139,4357.727670650211,4383.256664920687,394002
2023-08-18,4418.8701171875,4438.114158283641,4346.717333158767,4383.7438426095705,423415
2023-08-21,4394.94921875,4443.181119055537,4383.256636857748,4439.235062975852,244783
2023-08-22,4396.06982421875,4409.029388422261,4374.974552100849,4408.882850525324,217446
2023-08-23,4396.84912109375,4438.308874275577,4369.810027512817,4438.308874275577,346764
2023-08-24,4426.42138671875,4442.693752852374,4399.772425492022,4422.036668682159,357303
2023-08-25,4409.857421875,4443.23000201935,4390.759917213244,4428.1760870965145,333873
2023-08-28,4395.3876953125,4409.856884175391,4370.687021953473,4409.077569057759,343698
2023-08-29,4414.6806640625,4423.693696373393,4371.174608656832,4395.388093316791,340257
2023-08-30,4434.21630859375,4441.767767209048,4396.118362520252,4436.311609988771,367571
2023-08-31,4353.29443359375,4457.796885163988,4328.2041013985645,4447.955533498002,874564
2023-09-01,4369.46923828125,4376.874635316212,4312.613963557506,4360.358673050123,383124
2023-09-04,4391.734375,4395.436835982704,4335.755943452457,4369.469652999538,394391
2023-09-05,4399.28515625,4422.718847474828,4370.1022319728145,4391.733697543692,453349
2023-09-06,4452.0966796875,4472.41263616311,4387.689945044923,4404.205907507027,300673
2023-09-07,4414.6318359375,4472.80214425518,4405.180142116382,4472.412486687501,479124
2023-09-08,4424.1806640625,4432.073251977443,4398.164479098673,4424.375730735906,278293
2023-09-11,4451.51171875,4456.822289793392,4423.6933090647135,4424.570157517766,302448
2023-09-12,4450.14794921875,4457.212217596558,4393.390206734982,4451.511988647574,321129
2023-09-13,4490.1953125,4511.826780612358,4432.560719272909,4450.148121952745,435792
2023-09-14,4457.1640625,4513.288556644309,4436.019784377155,4500.6701203818975,473085
2023-09-15,4416.7265625,4471.681599935023,4402.841622085101,4465.591713788138,408326
2023-09-18,4478.4541015625,4485.079707910895,4404.206013416739,4423.693650644246,304844
2023-09-20,4411.416015625,4479.233083282509,4392.220979848331,4478.453768160382,357295
2023-09-21,4441.76806640625,4448.735277054644,4363.281800917103,4404.205837459873,367638
2023-09-22,4447.7119140625,4454.8737156496145,4394.46204234028,4441.768089759848,210753
2023-09-25,4452.97314453125,4467.540342062396,4394.997430168608,4456.870671547225,498354
2023-09-26,4482.30224609375,4490.925619993489,4432.901375355455,4453.168326052341,330231
2023-09-27,4508.80615234375,4515.334225570088,4451.950873674515,4483.326160970198,358156
2023-09-28,4408.63916015625,4515.577567006336,4389.638714292226,4508.805898687459,390490
2023-09-29,4420.91650390625,4443.619886414769,4386.228414983314,4438.309315037328,230125
2023-10-03,4380.28515625,4436.604237878532,4371.66178156876,4408.8828834411715,543482
2023-10-04,4416.3857421875,4423.693606074186,4352.320135447549,4374.974513496277,318564
2023-10-05,4417.74951171875,4431.683456808158,4384.718064123492,4423.936931252596,302015
2023-10-06,4422.18359375,4432.901794333427,4399.334148560918,4417.701341987906,238131
2023-10-09,4406.6416015625,4418.8213738166805,4378.384529932801,4395.436211088654,255764
2023-10-10,4413.9013671875,4425.593949693387,4387.6415853340695,4406.349907652449,222750
2023-10-11,4438.2607421875,4451.902087916059,4404.8391596891015,4406.154670324546,368192
2023-10-12,4443.912109375,4473.971885190384,4414.924248770076,4464.617724092803,518582
2023-10-13,4457.50439453125,4464.617191017256,4399.333613584224,4433.436974929838,445822
2023-10-16,4468.56396484375,4473.826007771912,4438.309596868901,4443.13297762891,292118
2023-10-17,4482.49755859375,4491.802714785792,4445.324986835881,4468.710150817435,196669
2023-10-18,4489.6591796875,4504.567030817341,4468.758499910455,4487.028158536417,217179
2023-10-19,4484.5439453125,4497.746629098928,4444.837884841143,4482.20504824965,228881
2023-10-20,4462.6689453125,4489.9516375545845,4441.963330664489,4485.079728225641,351045
2023-10-23,4414.53466796875,4482.156675704241,4400.649726092927,4455.556240524785,203004
2023-10-25,4417.603515625,4468.125307451137,4355.486675454921,4355.486675454921,330082
2023-10-26,4392.318359375,4408.882850999435,4362.063992922857,4401.867587068992,488909
2023-10-27,4398.6513671875,4427.590695625858,4375.948462600292,4396.410479459478,382794
2023-10-30,4347.30224609375,4393.195727322562,4327.229884418437,4384.718414745095,450526
2023-10-31,4313.10107421875,4364.986905508064,4289.131186581326,4345.840398130425,504625
2023-11-01,4284.64892578125,4341.845328109957,4236.319968815154,4328.788707062305,395359
2023-11-02,4411.27001953125,4451.755393154387,4340.1401478816215,4396.5082303639165,822845
2023-11-03,4423.2548828125,4465.007239729322,4408.249497660323,4412.000962891462,335012
2023-11-06,4505.15185546875,4509.585102418524,4429.588260244022,4438.211634462165,205763
2023-11-07,4535.94287109375,4550.363533095234,4473.241299846188,4491.998151668903,282612
2023-11-08,4550.9482421875,4566.440819395844,4531.363070649819,4551.289371010347,385727
2023-11-09,4532.921875,4565.466133459341,4511.875131999462,4550.947939127414,208210
2023-11-10,4562.00732421875,4565.807318305346,4502.6185597447975,4538.134968729949,142336
2023-11-13,4576.03857421875,4582.664180892044,4525.029586119956,4542.860584748542,260394
2023-11-15,4590.11767578125,4603.954087899336,4547.829600054279,4602.005324264246,269650
2023-11-16,4581.640625,4607.851399510753,4559.717035131319,4589.338145843867,178375
2023-11-17,4597.42578125,4624.026691731678,4569.948498013278,4582.517928966319,138652
2023-11-20,4591.287109375,4618.034080488775,4570.727557937034,4571.068686726542,126069
2023-11-21,4579.3505859375,4608.825633594207,4545.490820447563,4608.825633594207,129602
2023-11-22,4573.94384765625,4592.115975502388,4543.299345638453,4589.241358498949,72533
2023-11-23,4585.24560546875,4590.264052270547,4559.08383520546,4578.6199996513615,109775
2023-11-24,4525.17529296875,4594.21034096681,4521.6188944340365,4585.245837797435,123628
2023-11-28,4592.70068359375,4601.908307339375,4507.490793778526,4513.580680821568,182790
2023-11-29,4680.58935546875,4708.310709865481,4580.958809669987,4595.136351283762,363702
2023-11-30,4728.333984375,4751.037366920034,4674.596920557358,4691.648602914785,961054
2023-12-01,4843.408203125,4856.318761630539,4735.5439504339365,4748.162384716215,485597
2023-12-04,4811.25390625,4866.988737526498,4789.086719501544,4862.165357133816,310152
2023-12-05,4821.630859375,4847.549510707326,4806.625474637033,4811.253788240221,280497
2023-12-06,4874.978515625,4894.027966482386,4825.431102809021,4826.113360421086,295686
2023-12-07,4887.4990234375,4896.268459484338,4836.002851052433,4874.978122371711,268095
2023-12-08,4815.59033203125,4930.372327529193,4804.677064633686,4895.294579744401,282713
2023-12-11,4817.48974609375,4847.062329275869,4774.519412981478,4832.8362596501065,147976
2023-12-12,4777.44287109375,4844.090972089792,4750.11164975642,4840.729164305619,184238
2023-12-13,4793.2763671875,4801.753679454906,4735.495714722168,4784.214806437416,153558
2023-12-14,4819.92578125,4837.805782973976,4771.547818574736,4805.8462492785875,174503
2023-12-15,4788.0146484375,4842.531500645136,4755.470391359332,4811.49734505325,216579
2023-12-18,4754.49658203125,4799.31815038322,4713.133879188778,4787.966696161608,223278
2023-12-19,4785.4326171875,4801.2177926628365,4734.229043885714,4766.042514514122,200718
2023-12-20,4828.013671875,4922.528713946445,4790.061307455908,4793.958834964009,457942
2023-12-21,4929.982421875,4982.306440891154,4752.595923552953,4803.702441049131,796081
2023-12-22,5028.8818359375,5050.902959039829,4920.676455181623,4944.987470592292,582688
2023-12-26,5101.81494140625,5110.145716083947,5014.16910191019,5022.938538738249,574310
2023-12-27,5083.1552734375,5110.633033152546,5027.810572176766,5107.709887471048,241944
2023-12-28,5146.68505859375,5201.883696602718,5053.875185092982,5091.096762989651,655367
2023-12-29,5201.68896484375,5248.069160173514,5104.445370985826,5125.784238294669,535691
2024-01-01,5183.51611328125,5212.845100638074,5154.479725928068,5202.224434164453,130032
2024-01-02,5153.359375,5198.2784719792335,5090.268152263488,5183.51620681372,193517
2024-01-03,5119.20703125,5197.255110424969,5105.76075240186,5153.359399608785,123303
2024-01-04,5223.953125,5237.302346405837,5087.247544294861,5119.207078071883,413391
2024-01-05,5137.2822265625,5225.950974646017,5121.350988208402,5223.953206396089,299017
2024-01-08,5044.7158203125,5169.095564712318,5038.57692937166,5169.095564712318,236628
2024-01-09,4991.17333984375,5076.72434910712,4980.065482249712,5065.8110824136675,194434
2024-01-10,4956.33935546875,5011.879121068019,4922.0899285036785,4980.065648734495,191450
2024-01-11,5005.107421875,5053.533914188903,4946.497973182511,4972.173029995595,277823
2024-01-12,5019.13818359375,5115.894105995104,4969.395707255601,5017.091886659906,462298
2024-01-15,5044.7158203125,5094.0681644328,4987.860545855298,5027.761671767447,400069
2024-01-16,4999.1630859375,5084.3239554644415,4976.41117699229,5035.994525662401,203028
2024-01-17,4932.02880859375,5003.694403470571,4925.50025987902,4984.011699759132,270672
2024-01-18,4886.6708984375,4947.86236230986,4846.770248298282,4931.346400121429,514119
2024-01-19,5007.0068359375,5037.2126711011815,4883.893602946541,4900.165968972691,329252
2024-01-23,4918.77685546875,5056.895475498969,4799.707209303066,5034.04603199984,491135
2024-01-24,5010.51513671875,5041.110632072895,4901.140772559738,4918.777179440525,611741
2024-01-25,5010.173828125,5102.398973025446,4975.291148978418,5018.066416089247,342129
2024-01-29,5005.30224609375,5085.786285531185,4980.260916931627,5010.271688897664,275710
2024-01-30,4961.30908203125,5059.867716910147,4950.834476516086,5031.025917267398,146422
2024-01-31,5065.22607421875,5086.272815506349,4902.845448165531,4961.308354090891,549238
2024-02-01,5016.70263671875,5068.686005111092,4995.753426322985,5062.936771407821,344394
2024-02-02,5016.94580078125,5075.55477060118,4999.991652701232,5034.387139758811,176167
2024-02-05,4993.2197265625,5105.517233340981,4948.398162034863,5037.456566833126,231620
2024-02-06,4878.77880859375,4993.707346516699,4864.650270735312,4993.220155556062,336609
2024-02-07,4948.154296875,5051.097637247501,4798.830288408286,5008.322372064687,1258830
2024-02-08,4750.64697265625,4991.173214025603,4709.33327968226,4970.321538756747,623680
2024-02-09,4844.13916015625,4850.521170691923,4735.544117307946,4750.647035337197,411953
2024-02-12,4842.873046875,4869.912144249292,4814.17730998323,4844.139553019608,158487
2024-02-13,4853.98095703125,4923.94138698139,4813.641641618506,4842.873098551278,262011
2024-02-14,4882.2861328125,4896.268606973955,4823.18997104897,4840.290181546468,277479
2024-02-15,4823.7255859375,4914.148501620925,4806.479313697314,4882.578626741687,189625
2024-02-16,4787.8203125,4843.213540353619,4769.355586033867,4827.0877109580215,352139
2024-02-19,4799.07421875,4821.777125602991,4761.462984091182,4793.910185241002,182521
2024-02-20,4795.0791015625,4807.600003373513,4754.10653545843,4784.360901311768,129279
2024-02-21,4796.8818359375,4860.508780279514,4762.778471270059,4808.330822647284,235932
2024-02-22,4829.96240234375,4840.72913170172,4735.495889708204,4798.782182493819,255308
2024-02-23,4809.8896484375,4843.067158107141,4786.2608900092855,4829.962008483568,115910
2024-02-26,4776.322265625,4830.010800380233,4766.286322941435,4823.1415986894535,78084
2024-02-27,4778.70947265625,4813.007426528945,4754.008798888981,4754.008798888981,434014
2024-02-28,4762.58349609375,4790.158788375224,4742.511610264616,4768.965982781857,96877
2024-02-29,4838.0009765625,4853.298486221957,4705.143915484056,4759.903890269445,447941
2024-03-01,4801.4619140625,4858.950446583039,4788.258753757469,4838.001235579792,316277
2024-03-04,4714.93603515625,4815.833556829072,4709.674468547993,4780.317149621693,307520
2024-03-05,4702.025390625,4742.754834917916,4687.750792553343,4715.082011458933,156956
2024-03-06,4755.7138671875,4762.583068419546,4666.070743532068,4715.033427919953,190965
2024-03-07,4763.89892578125,4776.419827705621,4711.233777108669,4745.239608512112,216747
2024-03-11,4810.9130859375,4830.644319363415,4746.311756437172,4768.673535523096,295000
2024-03-12,4744.4111328125,4813.446179755574,4728.479894937579,4809.256528248136,140625
2024-03-13,4732.2314453125,4847.549630676125,4698.469209873422,4767.260662600911,410729
2024-03-14,4812.37451171875,4826.064862424766,4660.4684736833415,4728.918799896232,240217
2024-03-15,4846.7705078125,4880.386682464479,4786.163764942582,4791.47433646468,491571
2024-03-18,4852.42138671875,4885.5503680738575,4832.93375062751,4852.42138671875,143928
2024-03-19,4693.548828125,4871.8607061225575,4677.032865509715,4870.934853058971,265081
2024-03-20,4679.8583984375,4709.0413245692,4638.057513064566,4698.566719891585,300159
2024-03-21,4683.56103515625,4700.417649435877,4645.657203758303,4689.212259102437,449591
2024-03-22,4740.36767578125,4767.601838657129,4662.31959484464,4677.0328558581705,264787
2024-03-26,4834.34716796875,4847.549852131423,4619.25236799729,4626.754823008504,554559
2024-03-27,4794.1533203125,4852.421159184128,4754.982983296895,4832.933524006681,327107
2024-03-28,4785.4326171875,4843.846996430096,4739.977801353569,4815.686981780804,648795
2024-04-01,4769.79443359375,4833.6164475942305,4758.637570608366,4803.654204380265,181877
2024-04-02,4774.42236328125,4788.989085947694,4745.239437621834,4784.214710210104,93480
2024-04-03,4710.74658203125,4771.4993854670265,4682.879165997139,4745.239604329186,246246
2024-04-04,4690.2841796875,4730.6234897805925,4658.129581301761,4715.959234462097,372526
2024-04-05,4689.74853515625,4723.413714702409,4668.84832921378,4690.284730655741,189143
2024-04-08,4703.14599609375,4716.982408298556,4658.519498879446,4701.440827902359,235219
2024-04-09,4671.86865234375,4725.751776100443,4660.8578524329205,4725.751776100443,180114
2024-04-10,4685.51025390625,4695.107534636814,4625.926422378739,4695.059005852632,509880
2024-04-12,4630.01904296875,4697.348925226747,4623.441965357336,4694.571841747448,620568
2024-04-15,4639.90869140625,4654.719485372505,4572.627817074611,4623.4417338101675,421873
2024-04-16,4619.25244140625,4650.237595368151,4571.117595159995,4626.365238933051,516581
2024-04-18,4574.72265625,4636.790968646942,4547.050307647819,4623.441747370874,670722
2024-04-19,4548.70654296875,4577.645873859574,4522.1061091064885,4562.104293238135,424834
2024-04-22,4631.52880859375,4641.857350803609,4542.860065005055,4554.162989012591,321925
2024-04-23,4674.88916015625,4688.725573062359,4602.054115146605,4634.160188172191,279440
2024-04-24,4705.24169921875,4716.00842898008,4658.519896478049,4674.1100069870745,412282
2024-04-25,4720.0517578125,4734.521423483283,4625.877846879375,4692.769065929904,509266
2024-04-26,4677.4716796875,4736.470312130962,4670.212344382576,4719.9543489788375,205462
2024-04-29,4676.88671875,4701.9770508557085,4653.647616965577,4691.648508310145,147362
2024-04-30,4653.59912109375,4701.3923598523115,4643.026983016082,4676.058432110102,489132
2024-05-02,4637.716796875,4688.725785393018,4628.3626353157415,4667.240854428521,356664
2024-05-03,4623.0517578125,4658.6166917768,4587.291757188775,4658.6166917768,262493
2024-05-06,4931.93115234375,5072.096073358956,4679.176601490067,4695.497497097764,2837757
2024-05-07,5041.3056640625,5086.175758251203,4919.458927427897,4928.374902033945,1156073
2024-05-08,5094.4580078125,5113.994649515796,4992.58657493555,5019.040947208115,323414
2024-05-09,4940.21337890625,5113.555810167318,4915.756299979824,5094.116702477872,379667
2024-05-10,4936.998046875,4987.081657419366,4844.38323709627,4940.213792625555,223289
2024-05-13,4999.11474609375,5037.554301430063,4925.50038563423,4944.939494379076,323879
2024-05-14,5009.10205078125,5029.271945492355,4906.012640812556,4999.114636765693,205585
2024-05-15,4934.26953125,5032.438499510947,4923.989993368845,5017.627705553697,166198
2024-05-16,5006.13037109375,5018.066548806932,4888.960953133744,4934.415771474769,312988
2024-05-17,4956.4853515625,5008.225122401764,4935.244017767341,5008.225122401764,116594
2024-05-21,5045.44677734375,5058.016208115817,4915.804986103046,4916.730839174034,376474
2024-05-22,5132.45849609375,5166.659391748052,5061.91335033119,5086.077828181673,748236
2024-05-23,5145.8564453125,5158.133751379349,5054.995340742748,5126.368808943653,423256
2024-05-24,5106.443359375,5149.7543489063055,5085.299082060726,5125.346272879644,268208
2024-05-27,5078.7216796875,5130.120321081047,4995.899224361406,5130.120321081047,329998
2024-05-28,5116.04052734375,5149.997830602179,5047.8337965754135,5075.55515103236,259151
2024-05-29,5095.82177734375,5133.043352631918,5066.785389841681,5068.734153453158,286144
2024-05-30,5065.37255859375,5107.807173478792,5040.477292720795,5068.831899612789,357619
2024-05-31,5047.10302734375,5087.2477507557805,4979.724616088583,5074.580786427142,651525
2024-06-03,5035.41015625,5164.223622578743,5027.810168397417,5164.223622578743,199328
2024-06-04,5188.68115234375,5275.693265729927,4995.704531529542,5072.193510701643,989039
2024-06-05,5346.091796875,5578.335793584196,5188.583074381807,5188.68060771608,1188965
2024-06-06,5301.07568359375,5372.838808408292,5175.380430694865,5324.996566607809,629293
2024-06-07,5323.58349609375,5329.868449016252,5256.789813974896,5292.5008118106325,226777
2024-06-10,5347.79736328125,5418.29398677146,5267.605925642308,5324.996922664394,306665
2024-06-11,5376.3955078125,5463.1154933492335,5359.100229798151,5359.100229798151,476899
2024-06-12,5299.95458984375,5425.357714391591,5291.867411433321,5408.354562136506,279376
2024-06-13,5241.638671875,5310.332592805654,5204.855756766742,5300.247645429441,434594
2024-06-14,5255.474609375,5310.381122187324,5237.887207160015,5259.274603463922,149569
2024-06-18,5257.6181640625,5295.765116620203,5237.594332481961,5280.954322857232,155277
2024-06-19,5223.31982421875,5283.926563917235,5212.942752958457,5277.251953275328,135179
2024-06-20,5240.6640625,5261.661800301515,5182.736873296992,5223.31978073188,296418
2024-06-21,5193.7470703125,5251.77179143057,5181.275173696513,5231.553369267109,244120
2024-06-24,5162.03125,5193.455063470341,5115.504518427634,5178.839336274834,463385
2024-06-25,5214.9404296875,5232.430775007896,5153.700908218045,5162.080211895288,160890
2024-06-26,5282.80615234375,5295.326578227895,5182.785476983817,5214.940077339267,221391
2024-06-27,5291.185546875,5310.381059545983,5244.269156154773,5250.748700274788,357573
2024-06-28,5335.2763671875,5349.356375278381,5277.495713588622,5295.765373340256,215576
2024-07-01,5336.2021484375,5348.527983562898,5291.916303486625,5334.789104460103,223560
2024-07-02,5263.26953125,5359.100079646889,5246.363911298819,5359.100079646889,163333
2024-07-03,5309.50439453125,5357.1515732824655,5251.723263615709,5282.854954973483,211361
2024-07-04,5287.2392578125,5346.774081122208,5259.274309761243,5315.204205863758,138170
2024-07-05,5404.70068359375,5412.203613631734,5294.742080000932,5306.434661396842,172330
2024-07-08,5425.8935546875,5472.079632392212,5392.277382757217,5412.690871673101,171210
2024-07-09,5523.62451171875,5558.8483195884855,5440.022265550558,5553.9764104565065,389812
2024-07-10,5608.10302734375,5651.414489038519,5524.793382720855,5524.793382720855,526095
2024-07-11,5613.7060546875,5656.286732543773,5573.464273927714,5651.414823213417,372798
2024-07-12,5638.79638671875,5656.286731520524,5566.83866654032,5631.927184873149,222315
2024-07-15,5660.8662109375,5697.941248623959,5639.721935280317,5658.235189732689,135373
2024-07-16,5712.16748046875,5729.365224807104,5622.2807556407815,5663.10725962226,162459
2024-07-18,5721.0830078125,5768.340527335434,5670.902342752065,5696.771990449995,523157
2024-07-19,5727.3681640625,5824.854880885114,5696.869725743303,5700.134000197042,451294
2024-07-22,5737.01416015625,5781.689662272576,5692.338658039924,5727.367875181559,347520
2024-07-23,5792.45654296875,5851.163049838487,5690.974767741766,5737.014310473634,336696
2024-07-24,5680.15869140625,5821.346518781113,5666.0301553353365,5796.986973831263,233649
2024-07-25,5680.2568359375,5714.749860143474,5653.071676002809,5675.677050685197,303638
2024-07-26,5722.349609375,5731.9473658710685,5664.179297671645,5680.646255986492,146736
2024-07-29,5746.51416015625,5804.977067762752,5690.438202480264,5746.903817719155,129350
2024-07-30,5692.53369140625,5835.962410660486,5681.912548890099,5747.293664537476,191681
2024-07-31,5636.26318359375,5745.929668577039,5622.329237919936,5745.929668577039,271796
2024-08-01,5583.35400390625,5690.292410819143,5553.976486592173,5636.263223268268,304411
2024-08-02,5573.80517578125,5659.2096477104205,5486.0618068508265,5561.819993853148,406998
2024-08-05,5624.19482421875,5767.368821822796,5576.963690610042,5636.089240847109,1114298
2024-08-06,5778.76904296875,5844.408831397723,5636.286187782918,5650.499820012115,727869
2024-08-07,5761.2978515625,5848.159527121483,5733.90681182657,5814.007481166951,314935
2024-08-08,5670.33984375,5786.122795924837,5650.944123196149,5769.145094157327,271628
2024-08-09,5666.0458984375,5710.710565027724,5646.008682786365,5695.756634926995,232215
2024-08-12,5572.71923828125,5699.8037889483385,5552.237650503836,5670.685387047918,622193
2024-08-13,5593.20068359375,5641.024148791337,5544.390153950104,5605.48982873321,236505
2024-08-14,5585.94580078125,5621.529764115093,5521.7866102108765,5602.577933499046,164575
2024-08-16,5655.53369140625,5668.168405460075,5589.252410428791,5597.1489259755335,144969
2024-08-19,5658.34716796875,5688.699400923838,5644.1335357584085,5670.685474048054,102452
2024-08-20,5691.21630859375,5699.112824603851,5654.152229357375,5666.194609058814,189035
2024-08-21,5761.8408203125,5774.228286495901,5682.036562351499,5699.112584718548,169215
2024-08-22,5761.2978515625,5782.223811642289,5733.512082421593,5782.223811642289,160154
2024-08-23,5717.71875,5774.326992205488,5709.526307908194,5761.495154445031,124435
2024-08-26,5721.9638671875,5784.198092443882,5701.531438818937,5724.97422119019,265107
2024-08-27,5689.7353515625,5769.786373939008,5660.814556292834,5753.401007862568,175740
2024-08-28,5629.57421875,5700.692020741746,5616.445972172701,5672.2151145036405,161445
2024-08-29,5755.9677734375,5769.391946901151,5622.467301099026,5636.138240685299,351330
2024-08-30,5779.50927734375,5832.465190127028,5718.311279786803,5767.368577066064,519387
2024-09-02,5845.5439453125,5857.191595617517,5789.13330540477,5805.96256238125,307023
2024-09-03,5839.5224609375,5867.11110516859,5794.068335689708,5856.253396192,258133
2024-09-04,5849.88671875,5858.57317523068,5752.611708402354,5774.2779662191715,219283
2024-09-05,5774.3271484375,5843.421661324786,5757.842979005503,5835.278379448784,170014
2024-09-06,5767.96044921875,5808.67685901805,5751.723527702076,5771.070087902759,213556
2024-09-09,5862.6201171875,5884.088768890222,5770.576357588473,5784.148493722378,321187
2024-09-10,5892.67626953125,5932.2576524238,5853.341652764007,5902.69487782577,337831
2024-09-11,5930.9248046875,5968.827983772587,5870.3191428941755,5876.043924008485,437060
2024-09-12,6030.2236328125,6049.422229602,5927.026234926918,5940.795495148819,548745
2024-09-13,6053.76513671875,6069.2617595635,5978.995003865108,6058.601656180295,274846
2024-09-16,5984.57177734375,6050.705095681542,5860.004050614003,5922.386716817169,352336
2024-09-17,6032.0,6124.389328692662,5990.642096036652,5994.886762340567,527917
2024-09-18,6044.04248046875,6086.782178982979,5981.659813544703,6055.640487923208,218424
2024-09-19,6055.14697265625,6144.47630691746,6034.566582126813,6049.619315248177,362388
2024-09-20,6130.212890625,6177.690786780041,6046.608821387324,6085.597866929947,663556
2024-09-23,6130.85498046875,6169.152888816495,6110.718479867597,6154.593687998888,312563
2024-09-24,6122.9091796875,6165.106187909523,6105.043215485858,6120.5403212329675,234706
2024-09-25,6100.3544921875,6122.76104896054,6022.623163377949,6122.76104896054,357145
2024-09-26,6173.2001953125,6189.289153901145,6074.740511286466,6119.799909387569,327297
2024-09-27,6187.70947265625,6251.030043118253,6100.8478004767385,6157.012153628499,400543
2024-09-30,6256.16259765625,6280.592443380589,6160.36818326866,6171.768585153988,442617
2024-10-01,6362.6669921875,6379.9902635178405,6225.317062007801,6225.317062007801,416639
2024-10-03,6249.845703125,6386.20856861246,6208.635759885696,6360.841299917261,495791
2024-10-04,6125.72216796875,6257.939647960617,6099.910528188323,6197.037576707993,395753
2024-10-07,6041.13037109375,6154.346856492394,6026.0284777684155,6142.156514120604,374593
2024-10-08,6124.142578125,6154.149241016583,5973.763212751454,6058.3056684789535,708471
2024-10-09,6018.37890625,6104.993814450162,5991.5305595831205,6078.984568985075,551094
2024-10-10,5924.5087890625,6080.169045531761,5902.694568335946,6047.743881973281,287475
2024-10-11,5901.1650390625,5961.3759728055475,5883.990213371434,5952.541552855576,94953
2024-10-14,5900.720703125,5946.372435953579,5823.680512186264,5927.421086855685,219597
2024-10-15,5990.1982421875,6004.263910650922,5909.505723107867,5938.525321649915,426219
2024-10-16,6011.3212890625,6034.912032968465,5943.263002610598,5986.545875033324,276677
2024-10-17,5911.03564453125,6017.04627339876,5889.073459828766,6011.32149219493,188121
2024-10-18,5811.04638671875,5920.412941841352,5794.068684329566,5907.531942748258,354901
2024-10-21,5703.5546875,5819.238841307363,5688.058063811865,5811.04639862858,296733
2024-10-22,5652.91845703125,5728.922424412323,5637.914883671287,5712.537057129359,320607
2024-10-23,5674.48583984375,5722.605234156217,5616.446158140123,5624.885848783208,123095
2024-10-24,5539.80078125,5705.726422424536,5529.140677286244,5676.460055981315,269803
2024-10-25,5596.0634765625,5632.634506098209,5537.43194064283,5539.800799090728,176680
2024-10-28,5648.27880859375,5704.245556677165,5596.0631946652165,5603.564981009909,131887
2024-10-29,5594.18798828125,5685.3926506208645,5538.468005122305,5656.668977614,204751
2024-10-30,5707.7001953125,5723.98675877513,5568.622910379178,5593.299521686193,218180
2024-10-31,5652.8193359375,5706.219619393161,5634.1639141145415,5704.2454904814185,208893
2024-11-01,5619.4072265625,5693.930594556951,5578.937583015844,5693.930594556951,31706
2024-11-04,5552.435546875,5625.231555437195,5470.163622500164,5611.461812557019,249780
2024-11-05,5532.59521484375,5595.668538741006,5512.310750594827,5561.2692452100255,185870
2024-11-06,5621.2333984375,5645.021748746372,5535.506752144393,5563.391323643272,233799
2024-11-07,5615.31103515625,5639.790523488459,5533.483485992931,5636.138192119093,284538
2024-11-08,5672.8076171875,5717.916657404109,5568.5735101015125,5608.698067403403,306281
2024-11-11,5364.35009765625,5825.802760793349,5331.283436233592,5726.602776525374,804824
2024-11-12,4962.515625,5356.699904908412,4940.257514697824,5349.889256675766,2441209
2024-11-13,4981.220703125,5021.789148056293,4874.56858302632,4944.205786575473,928244
2024-11-14,4852.01416015625,4985.169059532148,4837.6029226348,4981.220801688741,479979
2024-11-18,4847.8193359375,4905.710572558681,4729.667522319418,4905.710572558681,439087
2024-11-19,4829.41064453125,4887.301880734725,4815.492938767209,4861.243474475613,436205
2024-11-21,4741.21630859375,4821.810027709949,4685.496325415859,4811.939382822109,1036549
2024-11-22,4785.63427734375,4807.991191933547,4703.954689757525,4727.101063163329,410476
2024-11-25,4840.51513671875,4915.581198989575,4810.952362223933,4841.5513616553935,722912
2024-11-26,4948.74658203125,4965.230269697216,4829.657348702658,4840.515058001768,314200
2024-11-27,4919.67724609375,4959.998925793964,4877.085510915021,4948.74648731055,255840
2024-11-28,4859.9599609375,4947.70989736499,4827.880365136978,4922.095863127929,321308
2024-11-29,4877.2333984375,4891.842241439735,4816.874503865072,4816.874503865072,212644
2024-12-02,4843.77197265625,4894.852557420621,4803.253170184738,4866.721220883721,314800
2024-12-03,4846.091796875,4856.159565245435,4812.778371159816,4836.171509816325,289449
2024-12-04,4788.79248046875,4909.5599158715095,4778.379143000978,4852.853350730084,392107
2024-12-05,4808.97802734375,4829.706380909887,4743.437043889549,4797.133253877386,526114
2024-12-06,4807.84326171875,4843.229620771659,4777.3922252125485,4808.978289511474,236965
2024-12-09,4731.0,4793.086258708175,4688.605388269677,4782.278191951479,467154
2024-12-10,4725.32421875,4767.472062931004,4721.178355334962,4737.761327030055,264213
2024-12-11,4826.251953125,4851.422098294176,4731.246993417814,4745.806195035279,358246
2024-12-12,4765.89306640625,4845.450563025654,4747.780336090723,4836.616142795123,406271
2024-12-13,4787.361328125,4800.193165821649,4711.258563546479,4761.598849894871,284721
2024-12-16,4783.80810546875,4806.017056747621,4728.038961146252,4806.017056747621,208757
2024-12-17,4714.96044921875,4777.293477307473,4703.510404385695,4754.196263916284,312523
2024-12-18,4720.78369140625,4736.823488705182,4691.072955093369,4713.23274476315,228821
2024-12-19,4723.84375,4741.660070756781,4664.521079428435,4688.556195476153,247805
2024-12-20,4637.32763671875,4745.312392268359,4619.95520582674,4728.03876421538,363168
2024-12-23,4643.4970703125,4673.750501452643,4603.471314853842,4644.138565857378,332554
2024-12-24,4682.73291015625,4704.892219566803,4629.381783392842,4641.22655769464,227672
2024-12-26,4700.0556640625,4735.047293999137,4647.099749083739,4693.39297856838,398117
2024-12-27,4707.6064453125,4745.164538064326,4677.15589158837,4714.219970133686,131505
2024-12-30,4737.36669921875,4755.676552103441,4676.711395572043,4698.130887067212,271403
2024-12-31,4701.14111328125,4732.973941144001,4679.870067603944,4732.973941144001,255918
2025-01-01,4732.7275390625,4757.354991267611,4690.7281371278295,4690.7281371278295,87260
2025-01-02,4725.8671875,4744.76985811582,4662.004403972483,4728.08808260958,402766
2025-01-03,4771.568359375,4796.590539602976,4723.843696772107,4737.909365200045,341848
2025-01-06,4729.2724609375,4810.458510488684,4711.554461592892,4810.458510488684,619930
2025-01-07,4769.7421875,4822.599296000254,4742.795520806745,4742.795520806745,450200
2025-01-08,4797.03466796875,4808.879441970755,4698.574984077089,4787.262825810114,371105
2025-01-09,4862.57568359375,4984.675755783838,4777.441369942987,4797.676192317951,832814
2025-01-10,4875.30908203125,4894.260430905634,4818.503231916006,4864.747299288359,305669
2025-01-13,4863.31591796875,4933.249533698282,4842.538403174916,4858.529040749257,448698
2025-01-14,4799.50244140625,4885.969390035041,4787.361740556445,4884.9331650716795,283367
2025-01-15,4813.91357421875,4873.335050000062,4741.95666844639,4807.991187209253,242422
2025-01-16,4781.8828125,4836.6157281690785,4681.745414817247,4822.8459865242885,454269
2025-01-17,4791.60595703125,4859.812212432926,4753.406848907345,4783.413514220014,492847
2025-01-20,4822.20458984375,4844.512342909493,4774.085197684655,4797.133249091306,155962
2025-01-21,4840.416015625,4880.194519484481,4787.361302357115,4822.204484052141,377457
2025-01-22,4892.58251953125,4910.843211734689,4820.033282939208,4866.2277061056675,460132
2025-01-23,4947.75927734375,4977.716779303105,4820.033236000851,4880.194524062959,361082
2025-01-24,5035.55859375,5041.925352417607,4948.302190308694,4972.5349124168415,509954
2025-01-27,5109.29248046875,5147.541228813239,5037.0391682293875,5037.631503306447,937878
2025-01-28,4995.28662109375,5148.7751493909545,4953.287219802317,5114.129089375868,456912
2025-01-29,4971.89306640625,5034.028969710576,4926.438938789312,5034.028969710576,298533
2025-01-30,5009.69775390625,5038.964119046976,4969.820445713663,4971.9425379310205,354016
2025-01-31,5063.29541015625,5103.123559864654,4974.90397532413,5037.977301653616,316771
2025-02-01,5134.06787109375,5309.419777579908,4985.662631819319,5093.252658916588,634040
2025-02-03,5039.5068359375,5164.913666625163,4950.128340540883,5164.913666625163,517520
2025-02-04,4963.3056640625,5051.795896334271,4925.747572254401,5051.795896334271,434664
2025-02-05,4868.84375,4992.572385037636,4860.65130719968,4992.572385037636,384948
2025-02-06,4891.94091796875,4914.396635782265,4842.58769200498,4868.301011911162,466931
2025-02-07,4807.49755859375,5009.746974521001,4781.340349826121,4945.1930538044735,701024
2025-02-10,4846.14111328125,4944.206067491248,4813.913553834062,4851.422004735373,625074
2025-02-11,4840.61328125,4875.654069644955,4791.21089772145,4847.42441160868,279638
2025-02-12,4854.67919921875,4869.140079899475,4780.8961269066995,4835.678207352436,336331
2025-02-13,4825.46240234375,4886.70956163558,4804.289676083578,4852.359909904134,341650
2025-02-14,4875.7529296875,4890.904465747361,4810.705477282785,4828.423477366528,489241
2025-02-17,4899.4921875,4904.723436495699,4848.361957888173,4870.669711690084,275352
2025-02-18,4827.93017578125,4902.798634094146,4796.541234848174,4899.492353522327,314216
2025-02-19,4774.92431640625,4835.628780583818,4750.099741676242,4817.861620336725,215919
2025-02-20,4769.89013671875,4784.301374036238,4730.012829457736,4756.663569523546,319761
2025-02-21,4769.39697265625,4787.460542607594,4721.672306572523,4787.262936916939,334003
2025-02-24,4742.15380859375,4767.028026905829,4641.177302518109,4688.556398758193,259886
2025-02-25,4735.984375,4790.914897022752,4698.426765594664,4723.991638367387,479647
2025-02-27,4720.931640625,4797.824346558076,4704.842682937537,4735.984373429951,386556
2025-02-28,4536.005859375,4724.535183449571,4494.894236380376,4720.932012365072,676501
2025-03-03,4537.140625,4611.565189412139,4489.317158792092,4536.005597256066,412033
2025-03-04,4516.017578125,4521.742359293106,4447.712523679271,4471.451231513411,321501
2025-03-05,4661.06640625,4673.947886805747,4501.013998295723,4520.6564849215865,350741
2025-03-06,4641.7197265625,4737.810546956019,4594.439435902362,4663.87951620329,460852
2025-03-07,4686.8291015625,4703.362432253001,4599.720657775233,4629.332593340309,191644
2025-03-10,4676.41552734375,4761.54983779093,4649.122809205147,4687.569163056888,290019
2025-03-11,4700.4501953125,4732.974162583856,4650.603439272774,4658.944326881294,147357
2025-03-12,4730.06201171875,4739.389963570848,4651.442424554871,4708.198630512452,223033
2025-03-13,4667.08740234375,4775.417723796132,4651.837064077643,4728.038631042471,284758
2025-03-17,4614.427734375,4681.6960836528715,4540.496699722536,4540.496699722536,322411
2025-03-18,4614.427734375,4614.427734375,4614.427734375,4614.427734375,0
2025-03-19,4646.21142578125,4734.948428347677,4612.848356348256,4734.948428347677,469240
2025-03-20,4768.607421875,4777.392199567965,4654.009136562593,4680.561075328332,265168
2025-03-21,4751.728515625,4790.371994509655,4724.633402241975,4777.392192693186,304441
2025-03-24,4734.80029296875,4770.284971438663,4708.544281708913,4754.097210545367,173845
2025-03-25,4782.52490234375,4802.068585816544,4677.303734779504,4730.0128804178585,422209
2025-03-26,4786.966796875,4813.518734968652,4732.036273043344,4784.20272715459,453242
2025-03-27,4778.57666015625,4861.687198572138,4718.217282809493,4767.521345409852,6750074
2025-03-28,4873.03857421875,4963.601740989118,4799.058380025166,4799.058380025166,415586
2025-04-01,4837.4052734375,4900.775004040117,4819.391347189015,4826.84397298044,557968
2025-04-02,4972.23828125,4989.610711673765,4837.405183231937,4842.340505399765,459267
2025-04-03,5007.822265625,5024.157989287446,4917.555029986258,4925.500705925926,339959
2025-04-04,4958.41943359375,5083.381888647495,4913.458840937465,4968.339720438982,722283
2025-04-07,4990.4501953125,5006.391190743319,4545.481225378892,4562.21216159614,841464
2025-04-08,5112.3525390625,5120.98935331011,4973.472373174902,4996.964797107449,303185
2025-04-09,5270.3818359375,5282.868105703142,5082.888737867842,5082.888737867842,549745
2025-04-11,5280.99267578125,5330.888593423873,5237.857764385277,5330.888593423873,304650
2025-04-15,5321.560546875,5361.734264062234,5240.325332825184,5358.674267776252,446075
2025-04-16,5346.138671875,5371.604741922787,5281.288344663336,5281.288344663336,215423
2025-04-17,5384.0419921875,5398.551550819142,5326.98937624262,5349.889464893137,186873
2025-04-21,5323.4365234375,5409.607062622439,5300.536433953563,5409.607062622439,201975
2025-04-22,5365.18896484375,5414.048656456254,5314.355144277205,5369.630754990341,286928
2025-04-23,5472.58154296875,5477.2209389288655,5336.366641261742,5365.189117597378,266881
2025-04-24,5391.24755859375,5549.967821210964,5357.490241481854,5478.208038443869,339754
2025-04-25,5350.3828125,5449.58278900701,5292.639542592934,5391.444789715814,244513
2025-04-28,5358.57568359375,5410.890103253367,5333.405538285821,5342.980256934093,107666
2025-04-29,5397.564453125,5463.4018461162605,5335.576997142086,5358.575406526699,294207
2025-04-30,5368.544921875,5475.049083230999,5316.428109942329,5413.061626465241,284371
2025-05-02,5232.4287109375,5337.0575438670185,5208.245631628319,5310.406803403839,262909
2025-05-05,5289.6787109375,5310.40706565474,5241.312549930608,5250.19613052371,97149
2025-05-06,5323.732421875,5345.447841042748,5242.299599995945,5280.795115793317,175899
2025-05-07,5281.7822265625,5325.213065278394,5249.702629783715,5291.652871725203,168716
2025-05-08,5321.2646484375,5409.11338776433,5245.7542151959,5281.782068964768,265391
2025-05-09,5365.6826171875,5432.309470877742,5285.236860509652,5304.978150491946,476782
2025-05-12,5535.951171875,5548.78301019797,5344.95419376003,5468.337254557814,192712
2025-05-13,5414.048828125,5567.0438269143115,5391.346344433683,5556.679649576971,366566
2025-05-14,5413.0615234375,5513.2485665864615,5367.163025837237,5385.4237184308895,389963
2025-05-15,5394.3076171875,5457.9732789091095,5386.904633266383,5437.738456191389,462518
2025-05-16,5430.33544921875,5455.505594443703,5381.969287806095,5401.217045919295,154274
2025-05-19,5448.1025390625,5475.740345221346,5389.372200974953,5430.335377960385,147864
2025-05-20,5357.7861328125,5478.208002415139,5349.889616772983,5446.62193825707,275067
2025-05-21,5422.43896484375,5462.415078082336,5346.434996464216,5364.695690165792,166304
2025-05-22,5367.1630859375,5424.412825520833,5344.954135237069,5422.438696569684,211388
2025-05-23,5415.529296875,5427.867602937324,5336.070605833637,5388.385023537889,100229
2025-05-26,5453.53125,5475.740200791855,5417.996928733031,5428.854638009049,140009
2025-05-27,5425.39990234375,5468.337207128969,5404.178016070596,5453.531239961651,166840
2025-05-28,5402.2041015625,5434.283698365128,5340.0190369912525,5423.919520936586,321303
2025-05-29,5424.4130859375,5461.921537810055,5381.969311450135,5430.829005336753,201350
2025-05-30,5439.21875,5460.4406360584335,5367.163043848108,5424.412782982487,401901
2025-06-02,5532.49658203125,5647.983129773918,5440.206050288178,5443.660776075351,625172
2025-06-03,5503.3779296875,5566.056523272857,5473.765995710166,5532.496331431878,166545
2025-06-04,5470.3115234375,5522.625942553737,5449.089636437517,5507.81997487933,334358
2025-06-05,5527.56103515625,5538.41874433245,5449.0894097464425,5470.31129586356,218004
2025-06-06,5534.9638671875,5572.47231604227,5483.142983901304,5533.976802743953,152475
2025-06-09,5623.30615234375,5646.995699062418,5516.20965988644,5566.056414440303,174499
2025-06-10,5593.6943359375,5656.866461841859,5583.823691264944,5656.866461841859,456712
2025-06-11,5576.91455078125,5626.267776894359,5561.121518425055,5586.7851960038715,138866
2025-06-12,5497.45556640625,5624.293350818352,5488.078453939986,5624.293350818352,305696
2025-06-13,5497.94921875,5521.1452343048695,5354.824867453995,5437.738284756508,324985
2025-06-16,5488.572265625,5499.923507609477,5443.16729768709,5480.18221720169,239006
2025-06-17,5496.46875,5524.600088668402,5458.466766184789,5478.208056478405,277917
2025-06-18,5500.4169921875,5546.809024243636,5473.272718112102,5502.884653467082,220971
2025-06-19,5486.1044921875,5536.9383139485035,5451.063702429915,5514.729362693696,114523
2025-06-20,5514.7294921875,5527.561330991588,5439.712588409758,5492.027008149499,395396
2025-06-23,5497.45556640625,5516.703323573845,5379.994894460412,5479.194873708788,221233
2025-06-24,5544.34130859375,5565.069663138965,5483.636841711337,5527.561212057149,183157
2025-06-25,5634.1640625,5660.32127126949,5537.925275517914,5557.173032914331,282474
2025-06-26,5752.61181640625,5764.456590221775,5636.138207220262,5650.944174489668,456290
2025-06-27,5719.544921875,5773.339934083506,5673.646425220036,5773.339934083506,350140
2025-06-30,5775.314453125,5784.198033722868,5686.478647146321,5724.974163070416,257865
2025-07-01,5669.205078125,5793.575207809644,5646.996126395599,5789.133417463763,178343
2025-07-02,5715.103515625,5757.053757320002,5604.058758197053,5673.153273929998,300622
2025-07-03,5719.544921875,5811.3419151849275,5706.219551878397,5724.480244095964,224236
2025-07-04,5696.8427734375,5768.404949834315,5682.036805907124,5744.221869534702,145106
2025-07-07,5807.88720703125,5823.186705962076,5713.12902010484,5724.973793470641,259829
2025-07-08,5763.4697265625,5845.396081641227,5736.325452289428,5813.8100170325615,423998
2025-07-09,5805.9130859375,5823.6802460100735,5738.299171216875,5782.22353917407,232000
2025-07-10,5801.96484375,5853.785727434395,5774.820571343888,5828.615583930547,191446
2025-07-11,5684.0107421875,5828.122154596873,5643.04756674237,5801.964946180103,175941
2025-07-14,5703.2587890625,5733.364256882923,5669.698595426618,5692.401079356773,218865
2025-07-15,5710.66162109375,5744.71534608342,5687.465605521076,5724.974056234336,164143
2025-07-16,5711.6484375,5753.598676607189,5661.801682796164,5710.661373050419,261589
2025-07-17,5732.376953125,5784.197838194145,5710.661534619834,5717.570985962387,196555
2025-07-18,5661.30810546875,5744.7150507938495,5651.930993272437,5732.376745272385,196043
2025-07-21,5608.0068359375,5666.73717242228,5595.668529953302,5660.8147855498655,329167
2025-07-22,5634.65771484375,5664.269649930956,5561.12140937719,5621.825876305961,235846
2025-07-23,5645.51513671875,5682.530053691729,5596.6554463144175,5662.788764639474,246735
2025-07-24,5599.61669921875,5677.101259572826,5578.394813261902,5650.450519068876,229097
2025-07-25,5521.638671875,5624.293377251296,5497.94912448047,5599.616765381994,233003
2025-07-28,5551.744140625,5595.668509770313,5498.936191203107,5524.106335320084,173142
2025-07-29,5553.224609375,5581.849478495489,5499.923128943743,5529.0415302904485,363002
2025-07-30,5672.65966796875,5684.010909691674,5554.211928251289,5554.211928251289,176798
2025-07-31,5696.34912109375,5749.650603079379,5645.51530031116,5671.672509063366,344973
2025-08-01,5723.0,5822.693515005174,5701.778113142463,5724.480596757502,244870
2025-08-04,5787.0,5802.0,5714.0,5752.5,189672
2025-08-05,5635.5,5795.0,5610.5,5795.0,380387
2025-08-06,5402.5,5625.0,5371.0,5599.5,1123534
2025-08-07,5476.5,5560.0,5380.5,5380.5,795974
2025-08-08,5387.0,5503.0,5380.0,5479.5,551451
2025-08-11,5381.5,5400.0,5310.5,5361.0,598841
2025-08-12,5338.0,5390.5,5317.5,5390.5,323204
2025-08-13,5375.5,5393.0,5299.0,5363.5,388683
2025-08-14,5302.5,5398.5,5298.0,5395.0,215308
2025-08-18,5439.0,5667.0,5400.0,5400.0,509058
2025-08-19,5499.0,5513.0,5399.0,5446.0,153026
2025-08-20,5701.0,5734.5,5475.5,5482.0,453573
2025-08-21,5597.5,5711.5,5586.0,5701.0,273141
2025-08-22,5545.5,5667.5,5525.5,5622.0,269981
2025-08-25,5550.5,5608.5,5545.0,5565.5,145718
2025-08-26,5765.5,5794.5,5574.5,5574.5,1307463
2025-08-28,5721.0,5780.0,5702.5,5765.5,379247
2025-08-29,5824.0,5893.5,5671.0,5671.0,699161
2025-09-01,5846.5,5873.0,5779.0,5838.5,210421
2025-09-02,5891.5,5920.5,5823.0,5840.0,492611
2025-09-03,5908.0,5928.5,5865.0,5891.0,399664
2025-09-04,6083.0,6336.0,6053.5,6201.0,1385580
2025-09-05,6076.0,6104.5,5998.5,6066.0,352302
2025-09-08,6115.5,6178.0,6065.0,6117.5,250083
2025-09-09,6142.5,6165.0,6088.0,6116.0,216456
2025-09-10,6199.0,6238.5,6117.0,6144.5,346491
2025-09-11,6300.5,6319.5,6150.0,6180.0,406083
2025-09-12,6247.0,6285.5,6207.0,6276.0,212051
2025-09-15,6212.0,6270.0,6202.5,6250.0,166253
2025-09-16,6202.5,6225.0,6180.0,6219.5,261236
2025-09-17,6097.5,6205.0,6035.0,6202.5,713445
2025-09-18,6100.5,6129.0,6062.0,6105.0,267540
2025-09-19,6069.5,6110.0,6048.0,6105.5,345995
2025-09-22,6056.5,6108.0,6025.0,6075.0,394394
2025-09-23,5934.0,6069.5,5927.0,6066.5,333112
2025-09-24,5970.5,6050.0,5905.5,5935.0,360372
2025-09-25,5953.5,6036.0,5939.5,5970.5,374676
2025-09-26,5920.5,5980.5,5900.0,5955.0,189383
2025-09-29,5929.0,5990.0,5841.0,5900.0,259852
2025-09-30,5991.0,6031.0,5917.5,5953.0,298070
2025-10-01,5966.5,6018.0,5904.0,5960.5,324111
2025-10-03,5992.5,6014.0,5931.5,5965.0,268735
2025-10-06,6011.0,6034.0,5957.5,6015.5,197199
2025-10-07,5887.0,6036.0,5867.0,6012.0,240923
2025-10-08,5836.0,5902.0,5801.5,5855.0,239639
2025-10-09,5876.0,5893.0,5795.5,5836.0,231585
2025-10-10,5871.5,5920.0,5858.5,5874.5,228395
2025-10-13,5862.0,5953.0,5848.0,5871.5,238217
2025-10-14,5800.5,5885.0,5794.0,5869.0,176227
2025-10-15,5857.5,5880.5,5782.0,5815.0,221062
2025-10-16,6025.5,6040.5,5858.0,5876.0,364305
2025-10-17,6083.0,6149.0,5994.0,6037.0,392965
2025-10-20,6070.0,6148.0,6062.5,6124.0,181283
2025-10-21,6075.0,6108.0,6050.0,6108.0,9159
2025-10-23,6068.0,6145.0,6049.0,6075.0,255605
2025-10-24,6053.0,6069.5,5987.0,6068.0,82081
2025-10-27,5912.0,6053.0,5811.5,6053.0,433152
2025-10-28,5861.0,5939.0,5806.5,5939.0,392984
2025-10-29,5852.5,5906.0,5840.0,5894.0,119742
2025-10-30,5859.5,5869.5,5792.0,5850.0,258697
2025-10-31,5836.5,5905.0,5825.0,5878.0,264794
2025-11-03,5820.5,5899.5,5775.0,5834.0,279737
2025-11-04,5892.5,5920.0,5805.0,5820.5,363441
2025-11-06,6013.5,6191.5,5993.5,6186.0,1038063
2025-11-07,6157.5,6169.5,5913.5,5970.0,715809
2025-11-10,6133.5,6261.5,6121.5,6190.0,395489
2025-11-11,5950.5,5965.0,5723.0,5950.0,2154927
2025-11-12,5880.0,5970.0,5841.0,5950.5,609987
2025-11-13,5851.5,5918.0,5835.5,5902.0,361321
2025-11-14,5803.5,5851.0,5750.0,5851.0,415356
2025-11-17,5830.5,5850.0,5782.0,5803.5,332821
2025-11-18,5840.0,5862.0,5805.5,5818.0,262201
2025-11-19,5874.5,5882.5,5804.5,5850.0,280409
2025-11-20,5819.0,5900.0,5763.5,5882.0,641980
2025-11-21,5813.0,5855.0,5764.5,5816.0,320317
2025-11-24,5815.5,5849.0,5785.0,5815.0,696665
2025-11-25,5867.0,5878.0,5790.0,5815.5,309271
2025-11-26,5880.5,5904.5,5843.0,5865.0,157291
2025-11-27,5826.5,5900.0,5815.5,5890.5,156675
2025-11-28,5846.0,5852.0,5795.0,5826.5,220417
2025-12-01,5813.5,5856.0,5800.0,5825.0,199275
2025-12-02,5875.5,5894.0,5792.0,5792.0,290994
2025-12-03,5824.5,5908.0,5812.0,5908.0,308053
2025-12-04,5876.5,5882.5,5824.5,5840.0,239085
2025-12-05,5961.0,5974.0,5838.5,5855.0,244408
2025-12-08,5847.5,5985.0,5825.0,5961.0,185407
2025-12-09,5884.0,5893.0,5780.0,5850.0,174714
2025-12-10,5828.5,5966.0,5812.0,5904.0,329466
2025-12-11,5847.0,5895.0,5813.0,5840.0,115481
2025-12-12,5915.5,5925.5,5830.0,5848.0,202721
2025-12-15,6038.0,6055.0,5857.0,5915.5,244119
2025-12-16,6066.0,6145.0,6032.0,6059.5,284337
2025-12-17,6096.0,6116.0,6051.0,6060.0,298257
2025-12-18,6040.5,6134.5,6012.5,6132.0,199067
2025-12-19,6103.0,6116.0,5992.5,6020.0,179450
2025-12-22,6083.0,6102.5,6066.0,6102.5,206588
2025-12-23,6061.0,6119.0,6030.0,6083.0,216840
2025-12-24,6030.0,6078.0,6004.0,6065.0,97580
2025-12-26,6032.5,6069.5,6002.0,6006.5,65992
2025-12-29,6041.5,6065.5,6005.0,6039.0,103209
2025-12-30,6013.0,6045.5,5980.0,6045.0,205456
2025-12-31,6031.0,6070.0,5995.0,6013.0,179577
2026-01-01,6009.5,6063.0,5992.0,6031.0,138484
2026-01-02,5984.5,6033.0,5941.5,6009.5,265702
2026-01-05,6026.5,6092.0,5930.5,5970.0,468880
2026-01-06,6129.5,6142.5,5948.5,6040.0,300112
2026-01-07,6185.0,6271.0,6157.5,6200.0,437361
2026-01-08,6033.5,6158.5,5945.5,6155.0,641813
2026-01-09,5977.5,6106.5,5930.0,6033.5,139764
2026-01-12,5943.5,6000.5,5905.0,5977.5,228799
2026-01-13,5918.0,5970.0,5896.0,5930.0,327794
2026-01-14,5906.5,5945.5,5868.0,5893.5,307200
2026-01-15,5906.5,5906.5,5906.5,5906.5,0
2026-01-16,5898.5,5944.0,5862.0,5875.0,453904
2026-01-19,5943.5,5970.0,5879.0,5898.5,145915
2026-01-20,5884.0,5994.5,5862.0,5943.5,350070
2026-01-21,5802.5,5899.0,5787.0,5870.0,662863
2026-01-22,5932.0,5975.0,5819.0,5850.0,435081
2026-01-23,5835.0,5964.0,5813.5,5950.0,142248
2026-01-27,5886.0,5925.0,5805.0,5839.0,1044402
2026-01-28,5748.5,5924.0,5680.0,5924.0,442618
2026-01-29,5723.0,5733.0,5693.0,5711.5,343244
2026-01-30,5860.5,5887.5,5710.5,5723.0,806045
2026-02-02,5888.5,5899.0,5697.5,5733.0,279213
2026-02-03,5882.0,5975.5,5821.0,5920.0,349825
2026-02-04,5879.0,5965.0,5855.0,5899.5,160343
2026-02-05,5870.5,5946.5,5844.5,5855.0,275290
2026-02-06,5911.0,5917.0,5805.0,5870.0,186858
2026-02-09,5843.0,5915.5,5792.5,5900.5,331118
2026-02-10,5873.5,5893.5,5847.0,5874.0,276901
2026-02-11,6019.0,6156.0,5973.5,6000.0,771051
2026-02-12,6102.0,6148.0,6020.0,6057.0,455997
2026-02-13,5980.5,6098.5,5968.0,6080.0,159821
2026-02-16,6106.0,6134.0,5964.5,5980.0,255274
2026-02-17,6145.5,6154.5,6066.5,6106.0,164220
2026-02-18,6176.0,6190.0,6116.0,6161.0,193569
2026-02-19,6108.5,6198.0,6093.5,6170.0,127940
2026-02-20,6098.5,6137.5,6066.5,6109.0,388361
2026-02-23,6122.5,6150.0,6042.0,6136.0,225252
2026-02-24,6162.5,6173.5,6065.5,6083.0,193510
2026-02-25,6158.0,6208.5,6140.0,6170.0,253773
2026-02-26,6137.0,6187.0,6070.0,6158.0,245317
2026-02-27,6002.5,6142.5,5975.0,6135.5,350612
2026-03-02,5959.0,6001.0,5866.0,5866.0,185417
2026-03-04,5889.5,5924.0,5845.5,5901.5,293377
2026-03-05,5963.0,5997.5,5851.0,5899.0,211179
2026-03-06,5983.0,6013.0,5926.5,5948.0,348722
2026-03-09,5890.0,5932.5,5815.5,5930.0,245594
2026-03-10,5968.0,5995.0,5911.0,5911.0,283327
2026-03-11,5921.5,5995.0,5900.0,5981.0,298621
2026-03-12,5787.0,5910.0,5713.0,5910.0,996754
2026-03-13,5808.5,5881.0,5727.0,5750.0,738522
2026-03-16,5842.0,5872.5,5764.5,5808.5,350827
2026-03-17,5857.5,5868.5,5801.5,5849.0,260165
2026-03-18,5885.0,5914.0,5842.0,5860.5,301564
2026-03-19,5673.5,5852.0,5642.5,5799.0,234382
2026-03-20,5618.5,5749.5,5592.0,5735.0,462806
2026-03-23,5490.0,5590.5,5475.5,5590.0,316325
2026-03-24,5513.5,5600.0,5404.5,5590.0,542905
2026-03-25,5647.0,5737.5,5536.5,5536.5,342559
2026-03-27,5500.0,5627.0,5483.0,5600.0,378825
2026-03-30,5423.0,5533.0,5364.5,5480.0,783793
2026-04-01,5474.0,5538.0,5433.5,5520.0,252740
2026-04-02,5442.0,5471.0,5351.5,5460.0,444248
2026-04-06,5535.0,5548.0,5402.0,5420.0,228390
2026-04-07,5542.0,5552.5,5384.0,5493.0,204113
2026-04-08,5594.5,5698.5,5556.0,5698.5,482250
2026-04-09,5475.0,5659.5,5430.5,5620.0,624921
2026-04-10,5557.5,5570.0,5405.0,5500.0,339513
2026-04-13,5589.0,5613.0,5444.0,5526.5,350782
2026-04-15,5654.5,5724.0,5600.5,5670.0,542939
2026-04-16,5586.0,5705.5,5534.5,5640.0,455115
2026-04-17,5735.5,5750.0,5568.5,5601.5,345936
2026-04-20,5700.0,5762.5,5640.5,5736.0,610941
2026-04-21,5837.5,5864.5,5685.0,5715.0,270416
2026-04-22,5729.5,5924.0,5716.5,5874.0,550506
2026-04-23,5671.5,5728.0,5640.5,5724.0,408915
2026-04-24,5730.5,5753.5,5665.5,5707.5,470926
2026-04-27,5717.5,5804.0,5689.0,5750.0,658091
2026-04-28,5662.0,5735.0,5641.0,5723.0,249233
2026-04-29,5709.0,5734.5,5665.0,5674.0,363567
2026-04-30,5726.0,5752.0,5644.0,5720.0,269033
2026-05-01,5726.0,5726.0,5726.0,5726.0,0
2026-05-04,5792.5,5821.5,5715.0,5730.0,328011
2026-05-05,5834.5,5842.5,5734.5,5775.0,710839
2026-05-06,5783.0,5880.0,5764.0,5878.0,438886
2026-05-07,5814.0,5891.5,5733.5,5798.0,490345
2026-05-08,5520.0,5654.0,5503.0,5634.0,3173832
2026-05-11,5410.5,5508.0,5395.0,5505.5,668220
2026-05-12,5334.0,5425.0,5315.0,5403.5,655043
2026-05-13,5336.0,5383.5,5279.5,5345.0,405228
2026-05-14,5372.5,5397.0,5310.0,5343.5,340218
2026-05-15,5406.0,5420.0,5365.0,5372.5,151714
2026-05-18,5380.5,5399.0,5289.5,5385.5,374914
2026-05-19,5416.5,5470.5,5375.0,5375.0,271643
2026-05-20,5344.5,5390.5,5321.5,5380.0,462006
2026-05-21,5333.0,5373.0,5292.0,5361.5,485793
2026-05-22,5331.5,5358.5,5298.0,5341.0,498183
2026-05-25,5327.0,5370.0,5309.5,5370.0,284971
2026-05-26,5338.0,5356.0,5311.0,5356.0,193734
2026-05-27,5335.5,5352.5,5301.0,5330.0,195454
2026-05-29,5204.5,5350.0,5164.5,5335.5,1697949
