Price,Close,High,Low,Open,Volume
Ticker,HINDUNILVR.NS,HINDUNILVR.NS,HINDUNILVR.NS,HINDUNILVR.NS,HINDUNILVR.NS
2020-01-01,1749.9315185546875,1752.9586687529322,1733.169072815313,1744.012674939288,543035
2020-01-02,1751.286865234375,1764.4346658479283,1744.0125717837414,1753.048906352569,663275
2020-01-03,1741.7083740234375,1753.0490187572,1733.846806567205,1751.1514104374362,1598825
2020-01-06,1730.8643798828125,1743.4701307440587,1727.0691641027302,1741.6176383354468,683129
2020-01-07,1735.6087646484375,1744.9162335279432,1733.1689983980295,1734.2985402374443,808935
2020-01-08,1743.4254150390625,1749.4798261727944,1722.7321841199978,1725.9401274324614,1889685
2020-01-09,1748.5760498046875,1759.6455601892274,1744.9162900038039,1754.4496675597493,1544334
2020-01-10,1765.699951171875,1768.8626685869729,1745.503763453972,1753.8623737653024,1003336
2020-01-13,1802.6131591796875,1805.3240595199252,1768.4106552817188,1772.0251890687025,2040089
2020-01-14,1815.2188720703125,1820.7761294002678,1791.3629275389096,1803.2005033698772,1610737
2020-01-15,1826.8306884765625,1831.6651056432152,1804.8723502901278,1817.3425367206405,1559491
2020-01-16,1851.7708740234375,1856.695632273982,1821.815402664098,1827.1468621570773,2468958
2020-01-17,1861.7562255859375,1865.009173959998,1843.4576464107543,1856.9669237037754,994719
2020-01-20,1864.060546875,1875.8527881483874,1852.4487675742541,1861.936919798415,829399
2020-01-21,1857.3280029296875,1875.0393058229097,1854.3911943783985,1861.2588964668619,750000
2020-01-22,1853.98486328125,1864.647783022915,1831.8458418690566,1864.1959662594008,983169
2020-01-23,1858.68359375,1862.2531224427116,1838.894109028515,1854.029969631084,708017
2020-01-24,1873.864501953125,1878.6538030051067,1852.493660693488,1858.7738685817721,914993
2020-01-27,1862.7047119140625,1869.3915105219648,1858.5479102192392,1866.9065187859235,429312
2020-01-28,1862.02734375,1866.003243044196,1845.8521711636513,1863.2923424489745,777052
2020-01-29,1874.3165283203125,1884.79876497978,1863.3374697355785,1863.3374697355785,873433
2020-01-30,1859.7681884765625,1877.7504068219396,1851.9516263590915,1874.9490547356972,952768
2020-01-31,1838.216552734375,1868.940093495328,1825.3850004216501,1865.0996509002089,1930834
2020-02-03,1968.97216796875,1983.972572293384,1874.9490583015527,1874.9490583015527,4012542
2020-02-04,1947.872314453125,1991.7887668843957,1933.7755446671088,1967.2099816543437,1932121
2020-02-05,1952.1192626953125,1973.5353299831193,1946.3358766129033,1958.5349274163705,1514368
2020-02-06,1948.594970703125,1984.6048498496596,1928.3988966311665,1957.2699395671543,1302116
2020-02-07,1951.802734375,1962.691559942151,1935.2211954149209,1956.3661267379175,908152
2020-02-10,1951.2159423828125,1978.5508569025028,1944.348239249758,1951.9388933358166,1389847
2020-02-11,1945.20654296875,1969.6046471857771,1940.7336013183574,1959.9810387678522,777506
2020-02-12,2042.5281982421875,2053.0554409328442,1947.3303147932568,1949.2280335078933,4753325
2020-02-13,2063.35693359375,2068.3721443413465,2017.8591128877672,2038.5974604840515,2950407
2020-02-14,2037.7386474609375,2076.188294728624,2029.7866290097584,2053.9588237013604,1728651
2020-02-17,2035.52490234375,2068.4170733689907,2027.0306151089528,2031.3681000146314,1420851
2020-02-18,2019.078369140625,2044.877146685464,2007.963854875235,2035.5246734172486,1194605
2020-02-19,2071.263671875,2085.767035304906,2025.2688097942985,2033.3562864067158,1299800
2020-02-20,2031.5938720703125,2069.2753422210576,2026.3979798143782,2062.272183093494,1555224
2020-02-24,2001.6834716796875,2044.018785432437,1997.1202994232708,2021.2472674893368,1409245
2020-02-25,2018.355712890625,2060.013081550448,2011.2621022358499,2024.0484269957387,2237493
2020-02-26,2020.705322265625,2038.3261766814073,1990.117458635143,2023.0548577665274,2896154
2020-02-27,2037.6484375,2041.9406968794576,1987.993817854059,2025.9012013035895,2446802
2020-02-28,1965.1767578125,2014.5602354088492,1947.3299979703127,1979.951252307052,3837330
2020-03-02,1951.3514404296875,2025.9012088779382,1935.447622195591,1978.9574897171963,1707337
2020-03-03,1957.8570556640625,1978.5956169668555,1935.3114483245988,1962.6011306210353,1753148
2020-03-04,1966.1712646484375,1974.4846496788648,1944.6195149569999,1969.0176222543228,1515878
2020-03-05,2004.2587890625,2040.9913968384212,1971.5925313996452,1974.4388882333465,2272645
2020-03-06,1977.9632568359375,2033.1753512874684,1951.170612118874,1974.4391744724971,2479414
2020-03-09,1917.05859375,1960.5234561455354,1908.4740749469715,1933.7758145769503,2485118
2020-03-11,1947.3299560546875,1960.3874144215179,1866.9065843197143,1866.9065843197143,2861629
2020-03-12,1857.8251953125,1918.4138638201268,1835.866968095354,1899.7989260246493,3655780
2020-03-13,1837.267578125,1915.7030096228534,1706.1503800466116,1780.1579853570856,3667035
2020-03-16,1754.765869140625,1842.6893401730792,1747.5368013324814,1807.2669520359038,2948679
2020-03-17,1810.9267578125,1886.786745931609,1763.8473642686517,1767.1005331105446,3732382
2020-03-18,1738.4102783203125,1864.9189760995314,1725.3527072582876,1838.0358778214475,3910994
2020-03-19,1661.1492919921875,1715.9997942142804,1587.954987973569,1711.7527614371584,5095006
2020-03-20,1853.98486328125,1878.5636510936893,1671.722025002371,1671.722025002371,4252245
2020-03-23,1689.5234375,1793.7576454465739,1671.7219024453366,1762.085248523463,3574673
2020-03-24,1832.4332275390625,1871.379810531216,1744.0127088930767,1784.676217649651,5788124
2020-03-25,1886.9219970703125,1932.8266179399377,1808.7578182313187,1816.3483608571291,3959038
2020-03-26,1983.38525390625,2033.1755523446911,1861.4851723689171,1887.6905461546933,3201540
2020-03-27,1934.272705078125,2049.1243889288685,1916.1548095376972,2023.2353777669907,2918646
2020-03-30,1973.8519287109375,1999.7409403026545,1900.205798284066,1918.4139251073366,2809606
2020-03-31,2077.001953125,2090.1046411042526,1974.4395334253318,2019.440533504399,2809269
2020-04-01,1969.604736328125,2100.8575066212056,1950.0863844393089,2072.2123678297153,2774626
2020-04-03,1946.516845703125,2036.880188048312,1922.8866993116812,2018.717067991478,4121436
2020-04-07,2209.29345703125,2222.9384111336676,2006.066371023066,2006.066371023066,8510114
2020-04-08,2223.70654296875,2362.369056692818,2184.4434916753376,2197.63662876122,9791862
2020-04-09,2143.644775390625,2259.0839660560914,2119.0207601606135,2259.0387402540364,4770068
2020-04-13,2120.33056640625,2189.5037479220555,2091.911339842987,2151.5511447801955,3249551
2020-04-15,2247.833740234375,2274.0843396713904,2152.0033556269723,2192.169823852599,29485531
2020-04-16,2201.34130859375,2282.713315877075,2187.7868082426867,2228.3598577147573,5388243
2020-04-17,2155.16552734375,2257.999046104509,2127.198119444967,2257.999046104509,4540936
2020-04-20,2111.38427734375,2186.792426609703,2097.332736430215,2186.792426609703,2985268
2020-04-21,2094.08056640625,2148.840854734531,2062.0920229201847,2062.9956565849175,3227335
2020-04-22,2156.205078125,2168.675265070233,2056.3535721912003,2094.577314965513,2837815
2020-04-23,2094.170654296875,2180.467654290554,2085.6313617710157,2158.780450103661,4095570
2020-04-24,2063.0859375,2112.695333343742,2060.2845851256334,2088.2972264146224,2169013
2020-04-27,2096.83642578125,2104.9239019264146,2063.2213018631155,2082.8753315644285,2013715
2020-04-28,2069.275390625,2113.2822958558454,2048.5370469106742,2113.2822958558454,2164023
2020-04-29,2016.6842041015625,2070.856992077357,2006.9701432999082,2069.320859143084,3642151
2020-04-30,1983.4754638671875,2053.055240959567,1951.8482924615603,2053.055240959567,8448047
2020-05-04,1881.9521484375,1951.848285230444,1866.9067394843041,1924.73928126891,8474573
2020-05-05,1844.7679443359375,1916.6068135863452,1837.1774002405657,1898.7148246691709,4304136
2020-05-06,1816.4840087890625,1873.2322364372421,1807.266991256384,1852.403440240283,5127656
2020-05-07,1800.0831298828125,1813.592406375587,1718.7108903469689,1762.1756389615714,185669922
2020-05-08,1888.0970458984375,1895.8231567467094,1839.79787756735,1874.9943596387486,16100226
2020-05-11,1850.641357421875,1912.5854762766685,1839.7525299217377,1882.2685290575027,11158755
2020-05-12,1817.703857421875,1832.433016042925,1793.7123459018228,1825.3395157288069,14881008
2020-05-13,1803.4266357421875,1875.039593719173,1785.037715282018,1875.039593719173,8432979
2020-05-14,1812.73388671875,1831.2583720372709,1789.7815755310248,1796.423259181424,8510002
2020-05-15,1836.2735595703125,1841.288769471327,1812.688747971627,1820.821449233713,5491136
2020-05-18,1812.0111083984375,1850.5058741280077,1796.9655882920235,1844.7678233613813,7675561
2020-05-19,1785.173095703125,1829.6770428521897,1778.4409603563845,1823.5322913058358,5963193
2020-05-20,1798.9986572265625,1816.3032600993204,1784.676088903561,1785.1731314307935,3926496
2020-05-21,1780.9713134765625,1810.3394026596739,1766.7842011332414,1806.363393139672,4261625
2020-05-22,1796.3331298828125,1802.7941317323582,1769.3144650708753,1784.6762351966183,5339946
2020-05-26,1787.206298828125,1825.3395866644266,1784.676081020912,1811.7398589875904,4628932
2020-05-27,1805.5499267578125,1811.8753607409637,1772.0251487084747,1798.2305180672436,4261645
2020-05-28,1816.2579345703125,1820.8213274292748,1798.2304921013683,1807.2668262325308,5500796
2020-05-29,1859.0902099609375,1868.7138171471238,1807.266747724491,1815.3994480892513,8778345
2020-06-01,1905.3564453125,1936.486575015854,1871.6056461119124,1875.0394975071847,6592547
2020-06-02,1904.3170166015625,1920.2210533358202,1888.5938830455832,1917.5101530252284,3268728
2020-06-03,1916.1546630859375,1941.9082155018532,1884.0756767433056,1911.1846792863748,4895117
2020-06-04,1916.2447509765625,1926.9074467955247,1902.3738923958822,1911.1843165501914,3264730
2020-06-05,1886.4254150390625,1922.9321208166243,1884.0758796535065,1919.3175867549392,2981853
2020-06-08,1908.2027587890625,1919.7693113539324,1877.8408064966245,1903.9557255931918,4298456
2020-06-09,1903.50390625,1938.1131123045463,1893.1573471320148,1897.6302886897697,3127904
2020-06-10,1915.341796875,1924.7394977264146,1894.0159564481526,1911.9981761861404,2421659
2020-06-11,1903.8651123046875,1932.1488817001914,1893.6992366076022,1911.1846310520377,2566927
2020-06-12,1904.181640625,1914.7993339586546,1866.0031262976036,1866.2290346664047,2338438
2020-06-15,1883.443359375,1926.2754992842963,1858.5934379771986,1911.0494070869236,2830788
2020-06-16,1876.259521484375,1915.7030358400561,1858.7741248693374,1906.4860181865743,2806772
2020-06-17,1877.9759521484375,1896.726343586946,1863.5630447798712,1875.9427771731778,2293301
2020-06-18,1866.3197021484375,1883.9405569532446,1856.1085985747136,1870.747418443666,2326907
2020-06-19,1903.985107421875,1910.5811614315794,1871.459737649885,1891.4753498172636,4673528
2020-06-22,1911.3092041015625,1927.7764622000198,1898.7539110088385,1919.6793254569473,2487234
2020-06-23,1961.4842529296875,1976.0865947039051,1912.0367313107429,1924.2279685997971,4308814
2020-06-24,1938.1484375,1980.545016014243,1933.3264494610123,1976.0870815196793,3023015
2020-06-25,1977.1329345703125,1992.3720934605187,1921.498720962133,1923.5913066067317,8208033
2020-06-26,1959.892333984375,1983.3196985484878,1945.2446781498368,1983.3196985484878,3176048
2020-06-29,1986.04931640625,1997.8311905892058,1946.9734222847233,1957.2997486758704,3295039
2020-06-30,1983.365478515625,2001.5159576222163,1974.2674717334432,1995.920772298897,2373109
2020-07-01,1974.6312255859375,1994.1010926065392,1965.260456663855,1986.0948025288758,1532931
2020-07-02,1957.6634521484375,1981.2271989743108,1951.5222980636217,1972.2202618309632,2588838
2020-07-03,1977.63330078125,1990.6434923442814,1961.8483953909367,1970.1729811113078,1946252
2020-07-06,1966.625,1983.3652416321188,1958.8006262541064,1983.3652416321188,2375516
2020-07-07,1959.846923828125,1979.2712559832391,1957.5724222698818,1979.2712559832391,2014667
2020-07-08,1988.8702392578125,1996.1031117612442,1933.326851637486,1959.3472454060895,3349938
2020-07-09,1979.589599609375,2019.711670269419,1975.2225125807195,1986.0945846417337,3039571
2020-07-10,2023.214599609375,2030.6749200351094,1971.947247435506,1974.2672833674676,3179516
2020-07-13,2060.92529296875,2069.795846597023,2033.4038317118006,2037.0430332003227,4556662
2020-07-14,2033.1771240234375,2065.202064392337,2025.762337130793,2060.516679612712,2403256
2020-07-15,2069.932861328125,2084.3532904875988,2033.4499885112923,2035.4515055187169,2474512
2020-07-16,2081.487060546875,2084.6258276938715,2036.1334190015746,2070.0234859621683,2495150
2020-07-17,2123.975341796875,2128.9337113588685,2075.255468209222,2078.8946711346216,3088712
2020-07-20,2120.699462890625,2131.9355880820253,2093.0871505726204,2123.9748335875056,2816219
2020-07-21,2108.917724609375,2138.0313428956133,2099.8197188949257,2136.2117417527234,3037810
2020-07-22,2045.686767578125,2119.835520772529,2039.0907128461074,2119.835520772529,6950011
2020-07-23,2011.88720703125,2062.6538917477988,2006.6103202778459,2056.1489077237134,3936886
2020-07-24,2010.022216796875,2019.757037372975,1972.4929475213637,2001.5610280272724,4203314
2020-07-27,2021.1221923828125,2034.2687676663256,1987.6870176945079,2017.7104398635977,2209409
2020-07-28,2040.2734375,2042.4113356987275,2011.6147177916778,2029.7196613946148,1567837
2020-07-29,2030.0379638671875,2058.150711352917,2015.208170827313,2033.4041813991173,2404978
2020-07-30,2006.0997314453125,2044.8858636451926,2001.0744317403582,2038.7184503709307,2044966
2020-07-31,2019.1649169921875,2030.1749341499728,1990.0182739249317,2007.835241942166,1715659
2020-08-03,2014.2314453125,2031.1804549118158,1999.65812111128,2019.0740513507405,1683773
2020-08-04,2008.1094970703125,2027.3882373060821,1987.3687624636407,2019.1650208750561,1981720
2020-08-05,2005.1400146484375,2019.1650333622315,1992.8051899256163,2011.94696590019,1715477
2020-08-06,2028.804443359375,2036.6165433548217,2002.8557170502936,2010.1195134053871,1824483
2020-08-07,2019.7589111328125,2041.9159093970843,2014.6878834111058,2031.1343151124208,1777905
2020-08-10,2016.287109375,2034.5609247992666,2009.0233123576613,2026.5661305511499,1476289
2020-08-11,2019.850341796875,2040.2714190295515,2015.6017690905464,2018.388570456721,1665204
2020-08-12,2005.6424560546875,2018.388396141919,2000.9825444632654,2010.1651802057686,1170430
2020-08-13,2008.88623046875,2025.652546229209,2001.8508557745015,2010.1198023023273,1453227
2020-08-14,1986.272216796875,2024.7386863012387,1978.1861875634884,2013.77439738625,1341664
2020-08-17,2006.5107421875,2013.454658482254,1981.2470575216782,1992.7596509224381,1559579
2020-08-18,2023.231201171875,2025.4696988952167,2000.0690514354058,2013.7744126832501,1339001
2020-08-19,2004.2723388671875,2029.7642243682963,2000.9829625777938,2015.6020161856682,1585107
2020-08-20,1997.0540771484375,2008.1098258322183,1988.3282847820387,1997.3282290214927,1768939
2020-08-21,2011.99267578125,2018.0686297848413,1998.6527021663455,2009.2058744974968,1374411
2020-08-24,2005.0030517578125,2020.7642184466563,2002.0792857394888,2015.6019545269153,1665474
2020-08-25,1991.0234375,2008.2006437208129,1987.2772165079434,2005.0027263609152,1774886
2020-08-26,1994.4041748046875,1997.3279405338412,1973.5719814972997,1993.7646359059706,2148146
2020-08-27,1983.85107421875,1999.1553945379965,1978.140506935449,1993.7647082501742,2172203
2020-08-28,1966.216796875,1994.038636051864,1959.8666906728736,1990.9321766788773,1939520
2020-08-31,1934.60302734375,1980.424525169077,1919.3442147153814,1966.2623197987791,3534275
2020-09-01,1975.0791015625,1987.1855014320295,1929.4860320361665,1964.3889666688628,1738003
2020-09-02,1956.805419921875,1996.413997381272,1952.1457316183566,1983.6223287481655,1667810
2020-09-03,1954.521484375,1968.5009975048617,1944.3796508616335,1967.1761905272772,1590711
2020-09-04,1941.2730712890625,1956.1205468066282,1931.5423534851675,1932.4560442862485,1590491
2020-09-07,1975.947509765625,1986.3634940579204,1922.1767252181921,1942.506342395188,2362992
2020-09-08,1957.35400390625,1983.9424938871223,1947.2119473810026,1968.089870189783,1804209
2020-09-09,1948.2171630859375,1959.135723278732,1927.8875432577456,1938.8518326032874,2009898
2020-09-10,1949.724365234375,1958.587342887423,1935.3794668166124,1957.1253486374965,2137794
2020-09-11,1972.886962890625,1981.7954486556746,1941.13620593314,1941.5930513569888,1934110
2020-09-14,1940.2225341796875,1982.4350071449207,1932.4561618978285,1979.9680864456711,2096908
2020-09-15,1941.0902099609375,1952.5570731371527,1926.973732918229,1952.4656148373326,1224058
2020-09-16,1958.49609375,1972.6125710155682,1930.3543744511,1941.5928151242128,2087841
2020-09-17,1944.5164794921875,1959.9122568276719,1939.0800645070663,1950.7296207904756,1741644
2020-09-18,1917.5626220703125,1943.9226879186072,1909.6135576165257,1937.0242785392509,4475166
2020-09-21,1861.9190673828125,1917.8368970419785,1847.574055591422,1917.5627452013437,3483963
2020-09-22,1851.868408203125,1877.4060193828475,1827.4271812808759,1864.431655686524,2345687
2020-09-23,1875.3961181640625,1882.2030700901423,1851.0005065970347,1859.3607998220582,2410295
2020-09-24,1883.025146484375,1901.390419485003,1859.4063748266624,1867.5838622908918,3798089
2020-09-25,1899.6087646484375,1928.8011389784317,1892.116545245368,1902.3041076992397,2528873
2020-09-28,1885.2178955078125,1911.7606525572594,1882.2026718565726,1903.217556056913,1523704
2020-09-29,1857.7159423828125,1890.6545377202199,1849.9953003498924,1886.7713521286717,2298844
2020-09-30,1889.740966796875,1916.0095768756423,1858.4470573986916,1862.9697821723585,2417367
2020-10-01,1914.18212890625,1926.8823411544354,1891.3398600648866,1909.6136751379772,2131531
2020-10-05,1928.8468017578125,1940.0395128612984,1902.4867357681173,1918.750474883313,1646110
2020-10-06,1933.2783203125,1955.2983583420082,1926.105981203936,1936.1108510872502,1679499
2020-10-07,1954.7042236328125,1964.4349400384215,1930.628385256365,1939.7652919542181,2428544
2020-10-08,1974.30322265625,1978.1406795917628,1961.0089762465686,1961.6942443803764,1617365
2020-10-09,1954.9783935546875,1979.922196530824,1938.0296079944899,1964.4351823812078,2001026
2020-10-12,1953.8360595703125,1962.24219227587,1940.039464153,1960.0492008039366,1741166
2020-10-13,1953.6533203125,1967.4044093291361,1944.3337202147459,1953.424897648001,1679160
2020-10-14,1971.881591796875,1978.1404626267934,1947.0749773014766,1948.536971720868,2123033
2020-10-15,1966.764892578125,1991.5715049937955,1956.2574498931283,1973.5718434428643,2344437
2020-10-16,1964.937744140625,1984.444908378716,1958.9987540929978,1984.444908378716,1640399
2020-10-19,1989.8358154296875,1996.414344399255,1966.3540071139475,1967.6788141245697,1605969
2020-10-20,1985.54150390625,2017.8860679755956,1948.4912985243147,1993.764720846155,5855290
2020-10-21,1976.449951171875,2007.1500479613358,1951.643337860664,2000.9826357279278,3954242
2020-10-22,1991.252197265625,1998.470265586586,1967.3590482475624,1973.5721904981258,2632958
2020-10-23,1958.8157958984375,1999.9773813658574,1955.2979976563593,1999.9773813658574,2805684
2020-10-26,1979.7392578125,1984.5361338265836,1957.399565560713,1964.4349391009,1646050
2020-10-27,1988.8306884765625,2000.0691297536735,1966.6736869249287,1970.831024613373,2334808
2020-10-28,1990.3482666015625,2008.3723998102853,1971.7262551061363,2008.3723998102853,1555483
2020-10-29,1951.494873046875,1986.3478308288818,1945.8851898305156,1969.794932238641,1934367
2020-10-30,1904.7786865234375,1949.563424050674,1901.7439438381102,1947.9080894484014,2414313
2020-11-02,1905.4222412109375,1919.8139748009764,1890.7085559506215,1905.4222412109375,1486077
2020-11-03,1890.432861328125,1923.6307075739383,1878.7539171228245,1923.6307075739383,2227402
2020-11-04,1894.4332275390625,1917.3773383155772,1885.1451228096294,1885.1911479841406,1479878
2020-11-05,1933.332275390625,1942.2063766529875,1895.5824332524144,1919.2162443535915,2083827
2020-11-06,1925.791748046875,1953.19603656527,1918.297053104829,1935.769557423617,2127821
2020-11-09,1961.1048583984375,1965.7947119904356,1938.5745224482146,1949.5637638560147,2194404
2020-11-10,1964.8291015625,1971.8179683005912,1924.2744112618686,1967.9556702988764,2471703
2020-11-11,1959.8170166015625,1966.66825664544,1935.4016721169785,1964.8290457908245,2759942
2020-11-12,2015.8670654296875,2026.810279766589,1952.55214451652,1957.8398755095589,3010512
2020-11-13,2009.659912109375,2040.0526934100676,2003.1306234397334,2027.73006986554,2799165
2020-11-14,2011.821044921875,2020.3734215588997,2006.579338116304,2020.3734215588997,258276
2020-11-17,2002.5330810546875,2041.8462172486231,1997.3832003094362,2041.8462172486231,2733542
2020-11-18,1960.69091796875,1995.5438755756559,1954.98918442809,1995.5438755756559,3315051
2020-11-19,1959.4493408203125,1974.760681978207,1944.505752042497,1954.8973386798345,2704650
2020-11-20,1949.79345703125,1969.7948755858686,1931.631249378206,1963.357637430359,2827038
2020-11-23,1958.2076416015625,1967.9555486101733,1926.5733057655668,1967.9555486101733,3244576
2020-11-24,1983.91064453125,1987.2671141738601,1951.7702587013173,1960.5985596569503,1989749
2020-11-25,1964.139404296875,1996.463446291351,1956.9204116572985,1988.186997181898,1786536
2020-11-26,1981.01416015625,1988.187128092685,1951.9087353434684,1967.9558067152389,1630887
2020-11-27,1966.3001708984375,1993.2446533293248,1955.0810302090633,1992.784850641129,5687861
2020-12-01,1961.564453125,1985.4281696876023,1958.3918592200962,1985.4281696876023,2226742
2020-12-02,1967.3121337890625,1977.059817592977,1951.494963748074,1972.5538403503172,1634682
2020-12-03,1956.6904296875,1983.0370351286924,1949.655538039487,1979.9104665102516,3469163
2020-12-04,2008.602294921875,2018.9018316537438,1962.0703911739304,1968.8753820914878,3712143
2020-12-07,2074.767822265625,2077.940640794868,2011.1771928723465,2013.2463052106925,4147649
2020-12-08,2078.30810546875,2095.044878052663,2060.0538493389577,2077.848302790549,2768211
2020-12-09,2107.919677734375,2111.4142235295885,2062.9050335072952,2078.308425599682,2123890
2020-12-10,2161.486328125,2168.337343010545,2092.148175242093,2105.8962301828224,3041370
2020-12-11,2183.832763671875,2193.2587183313703,2145.439241034418,2176.0161183444884,2611218
2020-12-14,2180.154541015625,2199.1443030598116,2166.728212130443,2189.5344713606637,1575632
2020-12-15,2133.53076171875,2173.9013529196377,2121.8057917226697,2171.188561627078,2207176
2020-12-16,2155.5087890625,2165.578422152994,2117.850997086811,2130.8175215680576,1748634
2020-12-17,2129.162353515625,2153.715771939572,2124.2884001624298,2153.715771939572,1912868
2020-12-18,2145.853271484375,2155.4631034405984,2126.127779676748,2135.323834087115,2229891
2020-12-21,2120.564208984375,2161.0728752290456,2082.998459882376,2154.6356368772995,2003069
2020-12-22,2125.2080078125,2145.7152524443222,2097.6198467418053,2124.288402443477,1764488
2020-12-23,2179.78662109375,2186.1778333440784,2118.0810125889975,2133.4844021302397,1559556
2020-12-24,2209.1220703125,2216.249012156572,2170.3147673673866,2190.959863677607,2489444
2020-12-28,2196.845458984375,2223.054215374556,2185.0286631794443,2211.651197136332,1532477
2020-12-29,2192.615478515625,2209.812056776441,2164.9352626558957,2202.4552126423537,1749013
2020-12-30,2213.122802734375,2220.525447789037,2184.982783146202,2197.857260824673,1924886
2020-12-31,2202.8232421875,2222.686813653856,2195.0986446800803,2203.3750953722133,1709836
2021-01-01,2195.60400390625,2210.7314684277826,2190.5001488331854,2202.822771871949,830096
2021-01-04,2231.42236328125,2234.6409819795745,2207.696500545282,2211.650848420114,1614486
2021-01-05,2253.539306640625,2259.4246920450973,2211.6512311439965,2211.6512311439965,2356303
2021-01-06,2222.962158203125,2253.033209608352,2208.524398456405,2249.170911865916,1641627
2021-01-07,2178.4072265625,2237.1238935440924,2174.866656154248,2236.48021470069,2403881
2021-01-08,2198.96044921875,2207.053021868209,2171.0045340803035,2197.8569676104244,2797948
2021-01-11,2233.8134765625,2245.6302707665564,2208.9841317671244,2230.043004769843,2787672
2021-01-12,2184.890380859375,2237.4919893691754,2181.304009603269,2234.45724664545,2036708
2021-01-13,2181.625732421875,2205.213518660726,2174.4987913169457,2190.407783463345,1702740
2021-01-14,2205.7197265625,2212.5707423542117,2162.1302929404587,2175.786523861207,2120413
2021-01-15,2162.13037109375,2213.4904278263107,2154.4517999136137,2200.15614814061,2042957
2021-01-18,2145.07177734375,2183.60315616061,2134.0823125296374,2183.60315616061,1733797
2021-01-19,2173.165771484375,2190.5924763139014,2136.4735997465564,2153.7162038551314,1495269
2021-01-20,2166.544189453125,2183.0970858297046,2157.67008758978,2167.509819977697,1380562
2021-01-21,2177.3037109375,2206.960986114977,2161.0727648703937,2184.982506098747,1521133
2021-01-22,2215.651123046875,2227.2840403060263,2167.509695706566,2169.3489063096267,2548089
2021-01-25,2206.685546875,2236.8026283548447,2193.2592161657794,2225.4454101137053,2124424
2021-01-27,2199.05224609375,2230.04290046775,2147.2784216875034,2230.04290046775,2460297
2021-01-28,2115.460205078125,2217.6744815770653,2105.8963985754003,2177.533570538317,3867335
2021-01-29,2081.894775390625,2135.599870621203,2070.031954395448,2128.9787560073123,4472694
2021-02-01,2067.82470703125,2101.298252406608,2047.2254122123138,2093.6194578278323,2717591
2021-02-02,2051.133544921875,2092.10200490963,2027.7296355277952,2088.469608968542,4215607
2021-02-03,2053.341064453125,2075.549445677196,2039.3170817120626,2052.099507323289,2353429
2021-02-04,2065.066162109375,2077.3887857744385,2047.2256810341107,2058.9966761172946,2908003
2021-02-05,2087.0908203125,2101.298681153351,2060.8360369648403,2065.0663122988685,4036942
2021-02-08,2056.835693359375,2104.7012078319804,2050.996332740239,2104.0575288402824,2780672
2021-02-09,2038.0753173828125,2073.4340975014693,2032.7875867229359,2066.3531813464997,3131481
2021-02-10,2055.77783203125,2060.835661633653,2034.8568095849469,2041.5239486062962,2055520
2021-02-11,2081.067138671875,2085.6651659336335,2054.4446057289033,2061.7554241724893,1824480
2021-02-12,2061.34130859375,2089.5731464487562,2052.5590330613377,2085.6648239171654,1222094
2021-02-15,2037.110107421875,2079.91778937338,2035.0870201760981,2070.032030011928,2449407
2021-02-16,2019.5455322265625,2049.8464856062656,2013.981874589266,2047.9612496117384,2396356
2021-02-17,1989.9342041015625,2024.5574850571852,1986.3478325424724,2019.4536297515135,2447956
2021-02-18,1974.2550048828125,1994.2103977877746,1970.898310359427,1990.0261481835782,3205806
2021-02-19,2005.7518310546875,2017.614653294807,1977.1520075587216,1979.8187739497307,3364030
2021-02-22,1993.3369140625,2027.7300689644298,1987.8192812217806,2027.7300689644298,2678023
2021-02-23,2004.0501708984375,2016.097092062505,1995.7276966983031,2009.3379022200693,2062144
2021-02-24,2003.6826171875,2012.5567208280063,1982.255763239744,2012.5567208280063,924143
2021-02-25,1989.382568359375,2009.3379622581376,1986.3478253901956,2001.9811184603961,2099460
2021-02-26,1960.64453125,2006.9465235502787,1949.56324244576,1984.508243961297,3413194
2021-03-01,1971.082275390625,1980.8301831817923,1956.9204409521144,1963.5415554361834,1229276
2021-03-02,2002.8544921875,2008.3260992951261,1968.4613407855363,1988.1868312811634,2095135
2021-03-03,2017.154541015625,2027.7300036195363,1998.7624321392573,2027.7300036195363,2031893
2021-03-04,2020.2808837890625,2026.3503688447254,1999.2220112858784,2009.337670036635,2290915
2021-03-05,2024.1434326171875,2032.2818052847235,2000.371544433126,2008.969944290261,2129837
2021-03-08,1999.7279052734375,2037.937553357579,1994.6240505595795,2032.3278707868467,1440724
2021-03-09,2021.75244140625,2027.7298764160932,1988.2328699844275,2001.0613202183306,1711842
2021-03-10,2048.7431640625,2057.065414068962,2016.8786993849574,2032.7879191353597,2696085
2021-03-12,2027.4998779296875,2059.8239158982524,2023.1317525548532,2056.237544869387,2038930
2021-03-15,2033.1097412109375,2039.1790023007813,2007.7745668801779,2028.7416154474631,1632022
2021-03-16,2063.640625,2066.813218853807,2036.2823632598884,2042.7656264908264,2633605
2021-03-17,2047.3179931640625,2080.147868197183,2040.8347287783372,2072.7910233936564,3703365
2021-03-18,2037.110107421875,2069.0203741325063,2027.730176000134,2058.0771582259863,2597091
2021-03-19,2126.173583984375,2138.312329642476,2015.315114680781,2026.9022318393913,5382214
2021-03-22,2164.015380859375,2167.050123579854,2116.931629315011,2124.3805228550004,2471516
2021-03-23,2149.393798828125,2182.1776423337556,2145.807202972689,2173.027613282846,1970612
2021-03-24,2132.197021484375,2161.9000942215976,2129.392180307458,2149.3935963619833,1762743
2021-03-25,2057.203369140625,2135.32380540474,2051.6857365685196,2132.1972367524313,2495833
2021-03-26,2131.553466796875,2138.0827555545443,2068.0088624041427,2073.710371516343,1929236
2021-03-30,2205.903564453125,2212.570703939226,2138.0826627841648,2138.0826627841648,3327203
2021-03-31,2236.020263671875,2242.549551039107,2190.177850138913,2194.1782229574724,2709756
2021-04-01,2206.2255859375,2250.09072221346,2199.7423224330246,2250.09072221346,1532653
2021-04-05,2182.40771484375,2222.8703566054387,2157.8542930409735,2207.0531870012087,2545447
2021-04-06,2214.685791015625,2217.1686807617334,2186.224048000533,2190.776049953906,3683538
2021-04-07,2211.880859375,2239.2391196666144,2195.420012735847,2222.686222683453,1713970
2021-04-08,2216.156982421875,2242.917589593707,2203.006804700945,2212.5706111367194,1814515
2021-04-09,2276.943359375,2283.380598274687,2229.1238704058965,2229.1238704058965,2604858
2021-04-12,2264.06884765625,2288.208493168426,2241.630562204447,2245.21693401817,2261945
2021-04-13,2257.07958984375,2304.4392718442073,2251.9299338874557,2271.42552507047,1811781
2021-04-15,2262.8271484375,2296.2548976457765,2226.456931090842,2296.2548976457765,3352379
2021-04-16,2261.2177734375,2279.655907793938,2243.8373200667934,2271.3334334869814,1225517
2021-04-19,2240.756591796875,2261.9535429071598,2219.9736427609587,2243.837359944644,1746316
2021-04-20,2204.7080078125,2258.5509509972294,2192.155483415311,2258.5509509972294,1589508
2021-04-22,2160.52099609375,2197.8570678890533,2144.519950760365,2197.8570678890533,1721265
2021-04-23,2122.219482421875,2161.07281277929,2115.0925401669647,2151.876758256825,1949756
2021-04-26,2170.8662109375,2179.280734331391,2125.2078965608607,2137.162765732341,1946867
2021-04-27,2188.52294921875,2194.59221000734,2163.785429836172,2173.027508790129,1668456
2021-04-28,2213.076171875,2248.434950633692,2176.062058679496,2188.660606342817,1951215
2021-04-29,2214.0419921875,2252.067539762248,2192.4770665184005,2237.399878923453,3151150
2021-04-30,2164.52099609375,2246.5037195872196,2142.9102713319007,2216.2487947258364,4010778
2021-05-03,2214.40966796875,2220.8469053756357,2151.8765045875725,2154.635320619095,1692239
2021-05-04,2214.087890625,2223.7897726690276,2181.487923521606,2215.513323922793,1453111
2021-05-05,2202.133056640625,2238.3196201737965,2178.2233154226633,2238.3196201737965,1256857
2021-05-06,2197.856689453125,2222.2722553201547,2185.9478455990675,2207.052742547071,1377740
2021-05-07,2217.352294921875,2229.1232878792866,2204.431795318486,2215.1453319668053,1169518
2021-05-10,2237.307861328125,2250.22836194754,2221.7666200576045,2228.2038577812814,988495
2021-05-11,2208.984375,2230.9628557855767,2201.7653823019855,2230.0432503215266,1019077
2021-05-12,2141.71484375,2196.937190146235,2138.1284726755243,2196.937190146235,2053932
2021-05-14,2185.76416015625,2190.8677904582896,2139.0021362881585,2141.6689021128827,1388970
2021-05-17,2185.21240234375,2202.455004150776,2176.2462494040965,2193.2589498536954,811243
2021-05-18,2183.373291015625,2214.7319274034026,2176.6601261701207,2208.98439320572,1153722
2021-05-19,2170.0390625,2188.6610737366245,2155.555275982625,2170.2689638732913,1323590
2021-05-20,2155.693359375,2172.108409002714,2151.877085972206,2170.2691978181224,856235
2021-05-21,2172.337890625,2175.924261936701,2151.8766701502805,2151.8766701502805,771492
2021-05-24,2148.704345703125,2170.223025296683,2138.3127583130636,2165.6710228264765,1194864
2021-05-25,2155.6015625,2179.2814068199305,2150.037903689205,2165.671198968382,1098457
2021-05-26,2164.751220703125,2179.6487840313525,2156.7046730475804,2166.360530234234,811095
2021-05-27,2139.3701171875,2163.8317129702023,2136.151497979937,2163.8317129702023,3755182
2021-05-28,2135.047607421875,2161.072482647424,2132.886669647037,2145.761144011745,1215325
2021-05-31,2151.922607421875,2156.474609135568,2133.6223257111574,2138.082501594966,1178704
2021-06-01,2168.70556640625,2173.0276670962567,2143.2325404757803,2158.3139799724563,1141451
2021-06-02,2169.16552734375,2182.821534493742,2161.072953932793,2166.590587006664,1113091
2021-06-03,2173.2578125,2180.430780680939,2156.475011239818,2178.545544403893,868532
2021-06-04,2153.761474609375,2179.4643958946476,2146.312582438461,2179.4643958946476,1283795
2021-06-07,2151.232666015625,2164.7508186637274,2143.5998973258916,2164.7508186637274,1128300
2021-06-08,2169.349365234375,2172.108181722592,2147.4166843478283,2151.2331818643643,1106664
2021-06-09,2166.590087890625,2181.257747530406,2157.026282571016,2172.1077196934025,1072858
2021-06-10,2187.557373046875,2207.0069374749924,2165.9006209482873,2173.94716820794,1944339
2021-06-11,2176.24609375,2196.523436927352,2170.2686588844285,2189.580371527044,1128097
2021-06-14,2190.23291015625,2199.9586331566993,2164.2976488217178,2184.489921379292,1761632
2021-06-15,2215.566162109375,2218.3912985521606,2185.9722190326092,2185.9722190326092,1215463
2021-06-16,2230.340087890625,2240.4828099996,2207.8782957377607,2209.1288364775855,2153668
2021-06-17,2239.416748046875,2247.0120280064757,2210.424790824717,2221.169487641952,1555777
2021-06-18,2299.8095703125,2312.591996352206,2227.654047342182,2241.5479395293473,3937751
2021-06-21,2328.940185546875,2342.509793977499,2285.081716782321,2291.5191737565333,2506277
2021-06-22,2306.6171875,2347.0946730801456,2298.6512671835317,2332.4135990761306,1945883
2021-06-23,2297.58642578125,2328.616115466262,2276.930796076852,2311.017186988195,1035668
2021-06-24,2306.524658203125,2320.0944935293815,2291.6583763635376,2306.3858097539387,759681
2021-06-25,2268.0849609375,2306.339518905708,2264.704204624878,2304.5333583258475,1112942
2021-06-28,2278.783203125,2283.2292932236933,2257.571954507064,2269.4281193910674,694906
2021-06-29,2308.747802734375,2313.3327413184898,2264.7041251346172,2273.9667186934503,1354397
2021-06-30,2289.064697265625,2320.2795910474197,2281.376699700517,2308.747707768522,1447245
2021-07-01,2295.270263671875,2300.827818789725,2281.376375877251,2300.827818789725,735043
2021-07-02,2303.884765625,2308.8864753107655,2271.1877676254007,2295.270509043941,860231
2021-07-05,2314.768310546875,2328.0599955991747,2301.800680561692,2314.721952355138,761700
2021-07-06,2290.17626953125,2313.749525035621,2286.9343617685163,2306.385808344919,461782
2021-07-07,2298.65087890625,2307.1262856260155,2265.490982970939,2276.744940942492,623145
2021-07-08,2267.06591796875,2287.628828503072,2258.636868169932,2280.635525798011,1114426
2021-07-09,2270.678466796875,2282.766196693423,2258.6370950959154,2260.0728423339224,538094
2021-07-12,2263.916259765625,2278.504841692256,2250.809782965903,2272.1137438746337,543898
2021-07-13,2257.015625,2274.4757004280277,2250.809733924086,2273.9662126681606,994396
2021-07-14,2236.77734375,2261.323215010044,2231.3586364319244,2259.88746787865,1377829
2021-07-15,2234.461669921875,2246.178759386968,2223.9485366136537,2246.178759386968,693792
2021-07-16,2239.138916015625,2250.809872476057,2228.5796515133306,2241.547280408254,545405
2021-07-19,2231.034423828125,2238.7687796161094,2221.632982171799,2223.0687293473416,463873
2021-07-20,2255.3486328125,2278.597831220202,2225.801052204124,2225.801052204124,1061476
2021-07-22,2202.783447265625,2323.0583069206527,2200.328950594103,2269.33526792488,3546044
2021-07-23,2184.212158203125,2215.380693370321,2181.062740882705,2206.349665143976,1517589
2021-07-26,2175.50537109375,2185.9721473658497,2165.5944409073545,2183.4249340585375,1311535
2021-07-27,2169.669677734375,2185.462443909467,2160.0366715410023,2175.5051565084955,1656945
2021-07-28,2187.2685546875,2193.798727783325,2170.3181909180407,2176.70928944054,912373
2021-07-29,2162.583740234375,2196.531050605837,2158.184008885788,2187.268458293023,1012663
2021-07-30,2161.2412109375,2182.776743060569,2147.069396183839,2167.4471039992163,1708251
2021-08-02,2160.77783203125,2179.8586387390574,2153.182550676199,2169.299372725637,1229936
2021-08-03,2210.842041015625,2216.5384451019368,2154.571790058691,2158.1841107762275,1733476
2021-08-04,2201.81103515625,2218.159421069075,2192.965213763714,2210.842063178141,1588974
2021-08-05,2183.841552734375,2214.686033306552,2180.41443847914,2214.686033306552,921757
2021-08-06,2196.623779296875,2205.1916772342547,2183.6561499862464,2183.8413566060394,1432661
2021-08-09,2208.66552734375,2218.3912509911015,2199.7272146371556,2203.987872171562,921476
2021-08-10,2206.1640625,2217.464378768315,2185.138025272175,2217.464378768315,1061370
2021-08-11,2214.176513671875,2218.3910387433393,2188.0096882670737,2213.759742211516,1300594
2021-08-12,2215.89013671875,2235.5267883685665,2202.1350958567505,2218.3909915652443,1226064
2021-08-13,2227.1904296875,2231.960574505061,2211.9071516297568,2223.948522220706,1033159
2021-08-16,2247.475341796875,2257.154931817926,2216.2140922755675,2226.727225162182,1146309
2021-08-17,2300.64306640625,2304.0238226487545,2251.7828846818043,2253.5890452242043,1921902
2021-08-18,2302.726806640625,2315.6480776866147,2273.040153057181,2301.754189220495,1545643
2021-08-20,2426.24365234375,2436.062091914466,2293.418151931641,2306.3857828391706,5779927
2021-08-23,2439.905517578125,2475.751928593043,2403.179431711154,2431.4303365742066,2163220
2021-08-24,2438.841064453125,2461.9975500632004,2417.5370976918557,2439.7673238775283,1482854
2021-08-25,2449.9560546875,2469.8242731170976,2427.4015483793105,2437.914682774102,1746570
2021-08-26,2469.778076171875,2498.8627582210784,2436.9885825065144,2436.9885825065144,2117291
2021-08-27,2480.476318359375,2491.6377893719896,2455.606389118247,2472.186341945666,1176229
2021-08-30,2489.50732421875,2506.2263514823885,2474.594683680686,2493.119871532353,1168190
2021-08-31,2523.222900390625,2535.588325631961,2478.345459049141,2489.6921348032292,2535891
2021-09-01,2531.3740234375,2570.369631545875,2514.794071944883,2542.581851745379,1775792
2021-09-02,2594.498779296875,2602.788755193561,2528.8268561612495,2545.3606758974756,1946183
2021-09-03,2562.681884765625,2601.6311384928686,2552.770954227449,2595.5640940816897,1561823
2021-09-06,2575.556640625,2616.6824621413466,2570.6474212207354,2584.2633873891527,1444978
2021-09-07,2572.870361328125,2601.584399058342,2565.7382100871555,2582.966723180294,1219915
2021-09-08,2594.359619140625,2602.7886693433315,2561.1997166476253,2583.244507385422,946711
2021-09-09,2603.390625,2615.431995964337,2576.85338636822,2576.85338636822,879454
2021-09-13,2580.883056640625,2614.320886425208,2570.369921641232,2591.2107588437284,1341412
2021-09-14,2558.837890625,2597.2312966261484,2548.185907775071,2595.3787778696387,1755061
2021-09-15,2570.7861328125,2579.6319536800893,2546.3329796132284,2569.443102157475,1362350
2021-09-16,2564.1171875,2591.0250641361094,2549.065474577802,2549.065474577802,1259196
2021-09-17,2521.509521484375,2577.779777129586,2499.973991546084,2565.8311219414204,3095032
2021-09-20,2593.850341796875,2601.8623943504554,2510.2090811155267,2519.425315996169,2671330
2021-09-21,2605.05810546875,2648.4534471673865,2590.423162276478,2602.7888152523547,2277437
2021-09-22,2579.1689453125,2630.48361857461,2569.4432229473423,2619.3685073001443,1580594
2021-09-23,2577.131591796875,2609.92108433023,2568.3784856334205,2592.600078657101,1054473
2021-09-24,2544.110107421875,2575.000946643274,2529.98465258867,2565.8310696983704,1635284
2021-09-27,2509.69970703125,2561.107100919508,2505.0684102845603,2561.107100919508,1465932
2021-09-28,2522.991455078125,2551.3348536421627,2510.069957085121,2524.0565628055847,1078052
2021-09-29,2487.2841796875,2542.0723276242175,2479.5961821581964,2514.7476778768632,1503894
2021-09-30,2502.5673828125,2505.8092903117777,2484.181045540162,2487.2841046016215,1620199
2021-10-01,2504.651611328125,2512.0153278470725,2482.467745382351,2506.4577718120127,956111
2021-10-04,2488.11767578125,2523.130322398871,2482.0969903570235,2500.9000992940355,1025005
2021-10-05,2508.911865234375,2514.7473433604932,2487.932185030055,2488.117391640607,562784
2021-10-06,2487.978759765625,2532.392846576655,2478.669808865812,2495.3888339326377,862471
2021-10-07,2472.556640625,2504.836869717214,2469.407449261752,2499.0477487277594,1082816
2021-10-08,2445.37109375,2481.0320794768295,2431.8012583038894,2473.5756463246203,1579941
2021-10-11,2450.048583984375,2468.9441833966657,2441.156404180046,2447.362296310919,1086252
2021-10-12,2478.80859375,2489.831214473345,2431.430523714342,2431.430523714342,1174337
2021-10-13,2451.57666015625,2494.971996300617,2447.732774739091,2489.8775704459426,1660007
2021-10-14,2454.17041015625,2479.3646182646175,2426.799402205397,2451.576838850052,2158809
2021-10-18,2458.292236328125,2481.3560029509467,2448.1497419973066,2475.705956779055,1758177
2021-10-19,2358.99755859375,2530.5407595871543,2334.6368903877824,2473.0199586012523,5431133
2021-10-20,2295.872314453125,2393.4538132784373,2287.860262692624,2379.559925043462,4864654
2021-10-21,2265.3984375,2320.279295078197,2248.957336706532,2318.7971899037857,3254632
2021-10-22,2273.133056640625,2314.0273146054406,2250.810116878303,2277.6716367916656,1845622
2021-10-25,2274.754638671875,2281.8867920807843,2232.285547245387,2273.133684436323,1560381
2021-10-26,2271.0263671875,2300.895234205019,2252.5736798418484,2300.895234205019,1595060
2021-10-27,2233.51513671875,2288.1273600782697,2228.4358188382043,2287.941015276972,3083879
2021-10-28,2227.037841796875,2251.5948551727492,2206.861182553423,2236.683630966307,2015791
2021-10-29,2230.299560546875,2238.5474220344486,2211.520829511968,2236.6835191018636,2453400
2021-11-01,2243.300537109375,2246.84177077252,2207.0941304776456,2230.1599300044363,1941114
2021-11-02,2254.29736328125,2262.778212832821,2238.5474741451544,2250.6628434889876,1350154
2021-11-03,2247.261474609375,2268.3700863328436,2223.8227564696685,2268.3700863328436,1591607
2021-11-04,2257.978759765625,2264.642121911803,2255.322607006816,2263.710170421304,245719
2021-11-08,2266.412841796875,2282.349304019993,2236.776965073115,2282.349304019993,2555533
2021-11-09,2265.7138671875,2279.7397831949247,2252.0142252258966,2273.775384424244,1696949
2021-11-10,2236.823486328125,2255.3228161408374,2232.9559782948127,2246.981895032872,1794509
2021-11-11,2214.5029296875,2243.160435994706,2205.183415441254,2239.199642440052,1282647
2021-11-12,2241.296875,2249.3583925689104,2214.5032674553395,2225.5003414486823,1651974
2021-11-15,2259.74951171875,2264.642257336452,2240.5048033000144,2240.5048033000144,1007999
2021-11-16,2242.88134765625,2268.975993858515,2236.7772463700267,2268.975993858515,1245209
2021-11-17,2228.43603515625,2246.0500573696754,2224.7548717461746,2240.411704537913,956809
2021-11-18,2236.124267578125,2242.6015123206575,2208.7249853529866,2227.364014765248,1236943
2021-11-22,2226.012939453125,2245.9099687008593,2215.3885551751696,2245.443992921841,1629290
2021-11-23,2231.2783203125,2236.6836847226928,2177.5047622310713,2225.313921497465,1932539
2021-11-24,2213.15234375,2242.2758349563114,2205.929717930835,2242.2758349563114,999070
2021-11-25,2189.200927734375,2224.5684450652166,2181.698671930319,2224.5684450652166,1363272
2021-11-26,2176.20068359375,2204.0659506909356,2166.974224493089,2184.4949633909314,2450902
2021-11-29,2170.887451171875,2182.863117402572,2129.2292700371618,2175.5472080667464,1724612
2021-11-30,2159.844482421875,2200.3377340552224,2145.3525894939103,2163.9916215485923,3931035
2021-12-01,2185.286865234375,2196.3769985931604,2165.1566190650515,2180.7668088291057,1263139
2021-12-02,2221.1201171875,2225.5002438537936,2185.4263282400107,2196.6097465508337,1673117
2021-12-03,2184.168212890625,2227.270973138719,2178.8094913462674,2221.120229273713,1890178
2021-12-06,2149.54638671875,2203.086961164305,2144.420652867914,2184.494572065359,1079171
2021-12-07,2163.61865234375,2182.3040975423087,2154.671827102679,2169.4897646605345,895313
2021-12-08,2181.32568359375,2184.9135602071515,2160.4964774011905,2160.4964774011905,839769
2021-12-09,2180.53369140625,2188.7815538324444,2163.5722182949253,2181.698630871688,716666
2021-12-10,2174.056396484375,2187.29006162018,2162.1273723727386,2187.29006162018,724539
2021-12-13,2147.542724609375,2191.9501265969234,2144.4205957906124,2191.9501265969234,1804894
2021-12-14,2160.543701171875,2166.7410890507476,2147.216746174107,2148.148697886856,1219031
2021-12-15,2163.012939453125,2166.601043989555,2143.9545754528085,2158.399824711456,755122
2021-12-16,2152.34228515625,2167.0671663860862,2147.1699081147017,2163.0130857928384,926493
2021-12-17,2078.48486328125,2151.8294018987663,2074.5240693483074,2146.2843358980913,2439222
2021-12-20,2114.69140625,2119.584152010436,2051.3651148145655,2074.5242024248582,2175705
2021-12-21,2118.186279296875,2146.004897964696,2099.4539611770397,2134.1691581824084,1591415
2021-12-22,2122.6591796875,2159.704250708184,2114.5978904636963,2143.4883861024687,1661605
2021-12-23,2144.094482421875,2148.148563128922,2119.8173238495356,2142.510210115041,1423081
2021-12-24,2140.64599609375,2155.60386347937,2127.9249488700993,2152.808008922328,895503
2021-12-27,2144.793212890625,2151.03747031701,2123.218625451306,2140.6460739855556,584302
2021-12-28,2151.9697265625,2160.636695210051,2141.391983928229,2152.8083920679833,783710
2021-12-29,2149.87255859375,2163.851832067857,2142.603290881767,2157.3745866697304,1410236
2021-12-30,2167.346435546875,2171.446931015159,2140.3662583951077,2150.943998619308,963711
2021-12-31,2199.54541015625,2209.0514982060076,2171.4471612903626,2180.766677004055,1123597
2022-01-03,2200.616943359375,2216.1804866373,2192.8817010334596,2216.1804866373,879278
2022-01-04,2237.8486328125,2244.23259186494,2195.0721481873306,2207.746552600195,1484275
2022-01-05,2251.40869140625,2255.322842569724,2229.2281981102396,2240.225272352185,1202512
2022-01-06,2228.668701171875,2247.8669928681206,2206.5814963742614,2234.8196720139936,1198901
2022-01-07,2251.73486328125,2257.093585209599,2225.5005156342363,2225.5005156342363,1026186
2022-01-10,2243.254150390625,2259.9826361507035,2238.547749292367,2259.9826361507035,919447
2022-01-11,2240.085693359375,2253.738922772389,2229.2285466743183,2252.667041762428,1321335
2022-01-12,2248.9384765625,2251.5946291184914,2235.2854792800917,2243.3934111228846,1487554
2022-01-13,2249.917724609375,2257.093707117294,2239.712899108799,2253.4591865370126,1586299
2022-01-14,2202.85400390625,2256.254877364186,2200.1514352127488,2255.3229257419785,1596037
2022-01-17,2226.94482421875,2231.278307822751,2185.4263380480415,2203.1334171196463,912205
2022-01-18,2208.25927734375,2244.79173391548,2196.982572171275,2244.79173391548,1667579
2022-01-19,2152.71484375,2207.4205830125657,2148.195015145087,2203.1335147732616,2145255
2022-01-20,2107.88818359375,2167.3000983532907,2090.3674479317615,2166.7874794656022,2829711
2022-01-21,2167.159912109375,2175.501059998497,2096.8908605059737,2110.6837881160795,4596050
2022-01-24,2129.13671875,2185.3798613564986,2112.4546485750116,2179.741508664749,2231103
2022-01-25,2168.8837890625,2174.8948297916545,2088.409698616435,2128.1109173162395,1843543
2022-01-27,2139.155029296875,2167.3465629989905,2120.1897247045604,2152.808028161554,2620474
2022-01-28,2128.157958984375,2160.9159642090744,2123.0322255762453,2138.4560688825172,1967721
2022-01-31,2119.024658203125,2154.5321002761502,2116.4617916566453,2134.1688696141423,1639875
2022-02-01,2148.754150390625,2162.1277470784976,2123.3584688786036,2146.5642006114426,1270508
2022-02-02,2169.48974609375,2174.242789623745,2140.2732038896747,2165.948512513049,1246111
2022-02-03,2141.7646484375,2173.2646605218774,2134.1693333058543,2170.515448589229,1448039
2022-02-04,2149.6396484375,2155.371059758247,2127.6454996986613,2149.0803864674167,1014561
2022-02-07,2103.973876953125,2159.0520761690627,2084.775584316431,2139.061761243759,1207402
2022-02-08,2110.264404296875,2113.665936155022,2093.675622608205,2113.665936155022,1190660
2022-02-09,2122.6591796875,2125.1756306842617,2102.109831746855,2113.2466063344223,1049611
2022-02-10,2127.784912109375,2129.509113343318,2102.342818947658,2124.8493559837048,1195100
2022-02-11,2104.3466796875,2123.9176629795447,2095.959115419481,2123.9176629795447,2100036
2022-02-14,2076.900634765625,2084.076616065637,2056.8170337202287,2068.9324036515213,1661501
2022-02-15,2134.261962890625,2147.355697859355,2071.308601178262,2094.9800754028524,1533070
2022-02-16,2130.907470703125,2146.9836368389783,2120.190026612556,2134.2625876902075,995668
2022-02-17,2150.525146484375,2155.604237639161,2121.1220254503805,2126.713735535048,869374
2022-02-18,2155.184326171875,2169.3965854874195,2137.8965816301484,2137.8965816301484,890713
2022-02-21,2138.642333984375,2147.2628853040674,2129.2761759640216,2141.6245332597973,737919
2022-02-22,2115.483154296875,2124.849311900827,2096.9840544793274,2124.849311900827,902667
2022-02-23,2106.583251953125,2119.2112413168115,2098.987937617553,2115.5300780960574,1324411
2022-02-24,2023.639404296875,2089.435271474628,2013.2948791212511,2050.2933083158705,2997629
2022-02-25,2022.987060546875,2046.5654788275176,2015.0188297755042,2045.6335273344268,2193728
2022-02-28,2024.2919921875,2031.5610320381818,1975.7372268746428,2016.7430938475127,2334036
2022-03-02,2002.857421875,2008.169500880238,1978.5800354040225,1984.0784592375164,2034688
2022-03-03,1948.7108154296875,2020.4244462739819,1944.6103193588601,2011.0582870932244,2372998
2022-03-04,1882.076171875,1936.5486949489505,1840.8373154226756,1933.799483357576,6320118
2022-03-07,1811.6671142578125,1845.4038275857765,1795.8705814778145,1844.7980363442316,2976453
2022-03-08,1816.3734130859375,1824.7609763069602,1772.15236138721,1793.5872451742684,3211938
2022-03-09,1861.94580078125,1870.473179191892,1818.2372555851948,1830.3526242795094,2879079
2022-03-10,1958.9154052734375,1970.1454663272466,1909.5686189709218,1912.271187303623,4879791
2022-03-11,1951.87939453125,1966.6042757278608,1929.1398658671947,1957.0984146478786,2481643
2022-03-14,1919.1678466796875,1952.438471063,1906.8660181265152,1952.438471063,1730325
2022-03-15,1899.50341796875,1939.2046411276087,1887.2017042170737,1905.8407333945263,2391023
2022-03-16,1931.143310546875,1938.4592212147568,1893.7721899619114,1919.820190241538,2808685
2022-03-17,1959.0087890625,1972.661788174635,1940.6493891465368,1955.3276259682223,2995889
2022-03-21,1911.619140625,1967.2566075083887,1906.7730376476707,1963.1561113415535,1674982
2022-03-22,1857.845458984375,1913.9955412034915,1835.012645467888,1913.9955412034915,5356303
2022-03-23,1843.9127197265625,1879.3268773775708,1840.8372342145824,1875.0864524691758,3212162
2022-03-24,1832.1236572265625,1855.8417797344202,1818.5637160592823,1835.9446360005397,3054664
2022-03-25,1820.1014404296875,1842.468278407318,1812.6458277704771,1840.5112028369995,2233647
2022-03-28,1840.697509765625,1846.0097019341574,1799.878099554704,1826.5784208300988,1794533
2022-03-29,1851.8345947265625,1859.1037494290167,1839.7192231255085,1845.2642900066926,1249125
2022-03-30,1878.7213134765625,1881.6103407765402,1859.2901447457857,1863.9032598083606,1476829
2022-03-31,1909.242431640625,1914.2284633911195,1880.6782079470688,1881.9829628559494,2540524
2022-04-01,1936.7349853515625,1943.9111941702524,1899.6900257155633,1915.0671122310337,1714996
2022-04-04,1983.6121826171875,1987.3399887260887,1929.3260061563153,1936.5952735741182,1693019
2022-04-05,1994.1900634765625,2011.151536957502,1982.261037585082,1998.5701904566095,1277652
2022-04-06,1996.286865234375,2017.115845881939,1976.948870552003,1989.7165612946765,1736115
2022-04-07,2017.48876953125,2026.9946298762572,1989.809853883904,1994.3296824042986,1824732
2022-04-08,2034.496826171875,2044.2356741218994,2016.277128316722,2029.5107944923936,1693462
2022-04-11,2015.85791015625,2044.7950522139772,1993.3511429881326,2039.1100565664012,1380107
2022-04-12,1987.15380859375,2017.6752236395678,1980.3971594614695,1995.2150989613647,1370233
2022-04-13,2005.69921875,2017.674885873342,1985.7089056863965,1992.2325658254788,1071601
2022-04-18,2029.4642333984375,2034.3569791120044,1989.7632332675512,2001.8319605222355,1828131
2022-04-19,1969.260498046875,2056.6776091439533,1958.077078141763,2036.966695044837,1775996
2022-04-20,2017.62841796875,2021.0765931219128,1950.2949199729485,1970.518222654477,1511804
2022-04-21,2048.383056640625,2053.7884216449033,2020.4711505960977,2036.3143284374878,2244813
2022-04-22,1982.2139892578125,2040.0416192655018,1975.7369725184394,2033.5179594505823,3520828
2022-04-25,1957.797119140625,2014.8791486764399,1907.7047258745017,1957.0981555136557,2437310
2022-04-26,2002.158203125,2011.1048014871922,1976.6692372257871,1996.4265645770997,1447088
2022-04-27,1999.12939453125,2005.9324589388564,1960.3601183884512,2001.6456182531135,2214481
2022-04-28,2089.295654296875,2096.8909683491133,2017.6750873225915,2078.2519375193438,5865359
2022-04-29,2082.772216796875,2134.169258809261,2071.3091661021863,2091.672172950454,2678692
2022-05-02,2078.718017578125,2098.75497672537,2055.791917496427,2068.9325259015636,1543544
2022-05-04,2023.7794189453125,2097.683221819358,2002.4375920917612,2089.3887165693423,1608395
2022-05-05,2019.1663818359375,2052.1107336333866,2007.0510113103558,2029.7905388243976,1101451
2022-05-06,2002.9503173828125,2022.3349560150416,1962.8763988995652,1980.3971343465269,1585602
2022-05-09,1972.614990234375,1993.8168862012708,1966.557305672405,1977.1350458799618,1341414
2022-05-10,2032.027099609375,2048.336251983185,1974.8053645773032,1988.7846380405688,2162232
2022-05-11,2016.27685546875,2040.693936662308,1972.0091639343077,2036.3138105843395,1858636
2022-05-12,1993.2581787109375,2017.5355640190824,1965.6723196324838,2017.5355640190824,1531515
2022-05-13,2044.7945556640625,2067.068102001172,2007.5629170711024,2022.33443703451,2057239
2022-05-16,2066.36962890625,2070.7497558016858,2024.478451130906,2050.293464243432,1396818
2022-05-17,2092.2314453125,2122.053897985106,2070.144236807303,2085.6144976148626,2055096
2022-05-18,2135.4736328125,2145.352409985793,2083.936895515336,2083.936895515336,2137455
2022-05-19,2110.450927734375,2128.3909950691245,2092.650562121211,2092.7904913700295,1734602
2022-05-20,2167.673095703125,2188.2226769955278,2127.3661831051454,2134.1694762860984,2599505
2022-05-23,2217.858642578125,2225.5006008108,2149.4068375268134,2151.8764184556685,2363306
2022-05-24,2152.48193359375,2218.0448200199444,2145.3992379117153,2218.0448200199444,3078655
2022-05-25,2142.27734375,2171.400834598842,2130.9075784280667,2171.400834598842,1884260
2022-05-26,2125.035888671875,2139.760768735695,2104.3466096712536,2134.3087611319856,2299127
2022-05-27,2172.00634765625,2176.013557251892,2125.31548454464,2140.692684937092,1011303
2022-05-30,2189.107177734375,2204.0650430882565,2172.378695745762,2182.8165058354975,939562
2022-05-31,2193.11474609375,2206.767743802838,2147.122851101255,2199.40541837087,3123979
2022-06-01,2151.363525390625,2249.544712892195,2145.3524833558267,2208.7251892064764,2197599
2022-06-02,2129.32275390625,2149.965387856446,2103.5541593685275,2138.828613349025,1460335
2022-06-03,2135.986572265625,2166.740977198737,2111.0102221478273,2128.5776020371914,1845303
2022-06-06,2125.315673828125,2145.3059906132307,2094.654556477287,2117.580429860595,2131405
2022-06-07,2061.104248046875,2106.0709127136256,2056.863822764561,2096.891098449515,2034730
2022-06-08,2047.5443115234375,2067.953960584815,2037.246200821703,2064.272797264443,1506843
2022-06-09,2048.14990234375,2058.0753229955944,2023.0338532527846,2047.497581755784,1497867
2022-06-10,2050.2001953125,2058.5413439975937,2015.6249281184046,2015.8112729294546,1641981
2022-06-13,2047.4041748046875,2066.1364911070755,2009.287449177652,2020.4708672621286,1519441
2022-06-14,2023.2669677734375,2063.2942443618927,2013.0154999496199,2041.7662984482267,1592475
2022-06-15,2018.142578125,2029.7536585314858,2003.5227393520374,2029.5656685175902,1432377
2022-06-16,2018.2838134765625,2034.5489689786614,2007.3308112574412,2016.6855538166492,1353485
2022-06-17,1984.202392578125,2031.164327197499,1974.377559676475,2030.788347095803,3252189
2022-06-20,2064.54052734375,2071.121785294525,1982.039758032247,1984.7193620123442,2022000
2022-06-21,2073.0966796875,2098.481536989796,2042.2116781552634,2063.69488068665,1606187
2022-06-22,2071.0751953125,2091.8059765846137,2055.2801285283426,2058.2416031283337,1741378
2022-06-23,2117.848876953125,2122.314730513193,2060.9680052933136,2075.9167706589064,1585753
2022-06-24,2166.080322265625,2180.0891401252234,2124.8535724672506,2129.507416941425,1930048
2022-06-27,2181.827880859375,2192.3580768959264,2160.5799578297406,2177.3152020277726,1450391
2022-06-28,2179.007568359375,2184.9778017577833,2141.5885968634702,2181.8281076903877,1404108
2022-06-29,2099.844482421875,2162.3193828566273,2091.9000091930543,2158.8407635800163,1682914
2022-06-30,2097.165283203125,2114.46450077699,2080.994006015614,2091.8060743833043,2387212
2022-07-01,2145.819580078125,2155.832403701725,2071.7804166278365,2092.8403535281464,1235612
2022-07-04,2233.11474609375,2236.02939493714,2139.8489670740096,2139.8489670740096,2410245
2022-07-05,2257.841796875,2267.713684806371,2229.7305125801013,2241.8587402242088,2463079
2022-07-06,2348.9453125,2359.0054208111446,2256.4317044327004,2256.4317044327004,4770394
2022-07-07,2325.017822265625,2379.5953110032447,2318.0135279646383,2355.150633766546,3333262
2022-07-08,2347.48828125,2354.0224856648147,2306.073310639798,2328.308473518328,1346970
2022-07-11,2341.61181640625,2373.953908533825,2331.6458190748067,2338.227077435098,1587197
2022-07-12,2303.017333984375,2341.6117583184705,2298.222325483538,2326.9448625220853,1116476
2022-07-13,2348.333984375,2368.641958908877,2314.1583584470563,2316.6029176258635,2528792
2022-07-14,2348.381103515625,2371.979478303374,2320.5516901761675,2353.034947525601,1663307
2022-07-15,2414.8515625,2419.9284410719883,2352.376667263305,2378.6546440042825,2996964
2022-07-18,2400.749267578125,2449.168530268657,2381.522635387842,2426.6042136750107,1566888
2022-07-19,2414.33447265625,2420.9627856075535,2371.838395103478,2397.411237650061,1473121
2022-07-20,2448.6982421875,2461.3906692443366,2383.919947022965,2420.9629386188567,4012897
2022-07-21,2451.471923828125,2472.5789157243375,2436.6640910707065,2460.450687375557,1990695
2022-07-22,2482.638671875,2485.0830014366134,2454.8563151138937,2460.4503385664325,1905780
2022-07-25,2466.655517578125,2495.2368882363417,2455.749341399143,2487.245360900242,1253821
2022-07-26,2394.73193359375,2467.9718443212746,2386.270315841791,2467.9718443212746,1685576
2022-07-27,2427.497314453125,2435.53589806676,2373.9541179766725,2383.685071225193,1404133
2022-07-28,2463.365234375,2467.972023671418,2430.364830929758,2467.972023671418,1442054
2022-07-29,2479.6298828125,2486.7753404444593,2440.70653451562,2482.074441880292,1463059
2022-08-01,2437.885986328125,2480.19407324859,2425.6636501066573,2479.7239833939184,1559918
2022-08-02,2477.60888671875,2481.2286708636548,2443.52736802278,2444.4675478488757,1359934
2022-08-03,2469.2412109375,2504.638887179492,2442.492913066802,2458.805123759822,1767904
2022-08-04,2470.7451171875,2485.317902068479,2458.56983637157,2476.4332500966407,1189384
2022-08-05,2487.1513671875,2498.6685688858342,2470.3692967201387,2480.1941289964025,1176666
2022-08-08,2491.8056640625,2498.997947831553,2468.959248654791,2487.1515903501963,1024511
2022-08-10,2484.70703125,2516.579032217139,2473.8008545899643,2491.80543410414,1098949
2022-08-11,2457.347900390625,2508.164664550663,2450.6727615240234,2497.164606784281,810674
2022-08-12,2439.719482421875,2469.0062203891734,2430.458849279328,2467.877821020509,1473527
2022-08-16,2486.305419921875,2489.92520387724,2435.5827668671755,2451.9418031702107,1584117
2022-08-17,2524.0537109375,2532.8444842395543,2486.3055822462884,2492.416751194899,1711381
2022-08-18,2521.609375,2552.5882546883545,2505.2501081322753,2524.382859608925,1465489
2022-08-19,2476.950439453125,2537.4979194609705,2469.38194706813,2528.143177485704,1324508
2022-08-22,2469.5703125,2507.2716154813493,2463.3652633463025,2489.596188777673,1410895
2022-08-23,2437.65087890625,2472.39047236866,2430.5995312669493,2446.394595886194,1305045
2022-08-24,2433.42041015625,2453.8693211659665,2408.08261000775,2421.9032074036513,1242489
2022-08-25,2420.2109375,2471.168639747808,2411.9843637664853,2445.595793591988,1106593
2022-08-26,2417.71923828125,2458.2879019454017,2408.7404759239685,2444.3731959899155,1048791
2022-08-29,2421.71484375,2451.8944734834326,2397.458162318159,2397.458162318159,1450034
2022-08-30,2500.7373046875,2507.4594983673783,2430.928955323504,2433.8433749490387,2227943
2022-09-01,2450.108642578125,2496.177454353385,2438.826484592347,2491.4765551926444,1702269
2022-09-02,2447.85205078125,2466.091445832684,2430.3646158892443,2458.5700079498542,937600
2022-09-05,2445.03125,2465.526982409174,2431.3986452958197,2441.646511500407,1274074
2022-09-06,2419.176513671875,2463.270850439749,2409.680606746976,2436.1936287719777,1250776
2022-09-07,2411.185546875,2441.5531750680116,2407.6128172240233,2417.9547964822573,1344964
2022-09-08,2422.984130859375,2440.706610814734,2409.6806793213264,2425.6637349391426,1004533
2022-09-09,2433.843505859375,2488.6560364376614,2428.907561699459,2442.587224278445,1785443
2022-09-12,2426.03955078125,2449.168062688624,2420.02249265279,2436.00554718857,1595709
2022-09-13,2431.869140625,2452.9290761411776,2424.723682394824,2442.5870984341814,1342130
2022-09-14,2417.578125,2450.1084362675592,2394.3557310085926,2397.458370100643,1610054
2022-09-15,2407.236083984375,2443.339123264628,2398.3984863547657,2425.6636984693437,1199906
2022-09-16,2376.91552734375,2410.4801306486484,2367.9838190266,2402.1594474019203,2516820
2022-09-19,2424.958740234375,2433.185313454129,2358.0179846277065,2379.5950650511595,1166725
2022-09-20,2429.001708984375,2464.6814885551908,2425.2880444663447,2443.1514617017247,1253333
2022-09-21,2466.655517578125,2488.420585508492,2425.6635914279436,2427.543950801143,1960049
2022-09-22,2531.6689453125,2539.660472946018,2463.3179254600923,2466.1855195181556,2620240
2022-09-23,2521.609375,2560.8148282531884,2514.0408814131347,2536.511087678643,1789791
2022-09-26,2501.395263671875,2565.7505212379992,2484.94211815276,2508.869646729059,2678551
2022-09-27,2518.9765625,2551.4127634540914,2494.6728244634487,2515.9209783521505,1898501
2022-09-28,2540.459716796875,2546.711820129236,2493.403675837528,2510.2328010347546,1526197
2022-09-29,2539.00244140625,2563.8701496087356,2530.1177887752156,2548.9213835651585,2019666
2022-09-30,2535.147705078125,2552.493975996988,2508.305526629742,2545.066647598627,1340054
2022-10-03,2465.62158203125,2570.451632134771,2460.9677378217643,2560.1096540976523,1683197
2022-10-04,2508.352294921875,2516.3908769763475,2476.574176292154,2491.476115818166,1327939
2022-10-06,2457.629638671875,2531.2457521797,2449.2150765966394,2520.903775888426,1752351
2022-10-07,2444.185302734375,2456.68973958552,2420.96290831715,2455.6554500238467,1025923
2022-10-10,2449.732666015625,2454.5274454448854,2389.937136789768,2416.262172128129,1043728
2022-10-11,2398.069580078125,2454.3864893467826,2392.757655878528,2453.8693445355434,1129783
2022-10-12,2436.334716796875,2448.7920976142163,2401.4069038024695,2410.1035658825,882873
2022-10-13,2412.87744140625,2451.189769756758,2409.5868119773722,2428.484518511937,753331
2022-10-14,2421.71484375,2467.877527898887,2416.449745775194,2435.0653491780513,1001536
2022-10-17,2435.58251953125,2453.8219135357876,2414.381421808702,2419.646519838906,778918
2022-10-18,2446.5830078125,2483.9551567453645,2441.6470636138197,2463.271200103276,1123374
2022-10-19,2428.484375,2460.9205774535426,2424.1594561917627,2458.852227841982,1241979
2022-10-20,2445.313720703125,2453.8694492948,2414.5228301037364,2414.5228301037364,1428125
2022-10-21,2495.14306640625,2507.2244685877413,2450.1085460353065,2450.1085460353065,2458302
2022-10-24,2419.176513671875,2482.0744447179154,2397.458270466168,2453.9631630864824,719908
2022-10-25,2355.526611328125,2431.3052024932863,2350.449731722048,2431.3052024932863,2923789
2022-10-27,2368.31298828125,2378.6549663960154,2339.1674135941844,2344.8084925658745,1846329
2022-10-28,2373.248779296875,2398.3044782988304,2361.731577139249,2374.988203682049,1164951
2022-10-31,2398.116455078125,2418.1423297660617,2389.98399201212,2392.7574763820476,1324443
2022-11-01,2415.247802734375,2438.0108823159662,2411.272599879386,2431.5273479495604,1280132
2022-11-02,2383.540771484375,2426.79522677603,2367.5449856731047,2426.79522677603,1338284
2022-11-03,2410.089599609375,2412.5977001586793,2374.0756881563893,2381.0796063109324,730444
2022-11-04,2385.481201171875,2409.7585267346253,2380.6540197836866,2408.7646680869184,889055
2022-11-07,2397.264404296875,2415.4369242831526,2382.309850478329,2395.6554212130095,1283685
2022-11-09,2374.548828125,2408.716901782784,2359.262910290921,2375.6845673603025,1436444
2022-11-10,2379.092041015625,2402.1862529874106,2367.2135718394065,2370.0056648859245,1459152
2022-11-11,2369.1064453125,2410.515288508004,2361.4871719493003,2408.8115641727336,1162847
2022-11-14,2326.278076171875,2379.234029540042,2323.7697445164235,2372.655984654207,2137131
2022-11-15,2325.994384765625,2336.8789973494722,2313.358676857381,2326.2783773960928,1558333
2022-11-16,2345.255126953125,2350.129447190016,2298.167354098633,2331.7203038169064,1330395
2022-11-17,2328.360107421875,2364.3266456666033,2322.9178022927385,2347.24249378513,960476
2022-11-18,2350.792236328125,2355.382795630736,2317.8072676554602,2337.8253967395817,1075675
2022-11-21,2367.545166015625,2377.578031988728,2337.8729036649825,2350.792373390815,1354881
2022-11-22,2381.07958984375,2388.935485714857,2363.3803121354986,2371.8039621071234,921265
2022-11-23,2373.176513671875,2389.8819325720688,2368.112711008046,2386.095980995717,734152
2022-11-24,2412.739501953125,2423.0089879457746,2376.772962288305,2382.310008851373,999929
2022-11-25,2401.665771484375,2418.6551837521515,2383.4458786822634,2418.276681007505,783480
2022-11-28,2390.071044921875,2406.4453307524473,2386.853078699601,2391.7747692473686,830905
2022-11-29,2493.238525390625,2498.680831133064,2391.964314183493,2391.964314183493,2542932
2022-11-30,2540.705078125,2553.6245465024504,2482.6379486567557,2493.049316340791,3698270
2022-12-01,2520.355712890625,2539.427354035937,2505.2119045922373,2536.587889979989,1675569
2022-12-02,2475.16064453125,2517.657859580169,2467.635880729102,2517.657859580169,2101890
2022-12-05,2479.656494140625,2484.530814546321,2446.8131781312222,2460.8686163125462,1640511
2022-12-06,2512.499755859375,2517.6106986070267,2464.512860680038,2467.304954052851,1484562
2022-12-07,2562.47412109375,2574.257849291455,2514.1084967355036,2517.705196988416,2368561
2022-12-08,2560.676025390625,2565.9764508529383,2542.03025719028,2550.832642190537,1314703
2022-12-09,2576.576904296875,2594.891539145615,2566.165536513877,2578.895753633309,1883397
2022-12-12,2571.84423828125,2578.233031586393,2544.7745919949284,2557.5995492152956,1163204
2022-12-13,2565.266357421875,2574.447244394373,2553.435257953151,2571.607780521879,1265839
2022-12-14,2540.98876953125,2574.4472108229606,2528.400664721609,2574.4472108229606,886858
2022-12-15,2520.734130859375,2539.663890595482,2506.7260624394216,2525.56131202255,990722
2022-12-16,2528.353271484375,2543.875581215562,2511.3164886240284,2525.2298150780803,1793864
2022-12-19,2572.649169921875,2574.4474047226445,2528.3534845371473,2528.3534845371473,1546941
2022-12-20,2531.42919921875,2561.2435673627783,2511.268961210893,2561.1961967536704,827567
2022-12-21,2523.526123046875,2550.9269029512657,2508.2878057158546,2544.112235934674,779092
2022-12-22,2503.7919921875,2544.63285481951,2500.6211651229855,2533.2749994139554,852567
2022-12-23,2480.839599609375,2507.767134935955,2468.4878859382347,2491.1562255903627,1189702
2022-12-26,2477.384765625,2496.69325788262,2467.25739107319,2480.6974733525367,605144
2022-12-27,2454.47998046875,2493.901112828227,2437.4431966459647,2484.5309741561628,870960
2022-12-28,2445.346435546875,2463.802951141692,2440.1407516611575,2454.2433301210895,822651
2022-12-29,2430.62841796875,2445.0623591572944,2403.511399647527,2442.1755247043534,1345863
2022-12-30,2424.003173828125,2448.0438769468897,2418.466126517221,2441.8917048575186,696432
2023-01-02,2421.494384765625,2441.9859850401717,2402.2334959680034,2436.1649462089254,681703
2023-01-03,2406.019775390625,2424.902164059462,2399.3469890283905,2413.591679103535,821843
2023-01-04,2400.38818359375,2421.494680028095,2391.822421426849,2414.0175176499197,1672649
2023-01-05,2445.44091796875,2453.2494437087807,2401.7132200398096,2401.760590653467,2008493
2023-01-06,2438.57861328125,2472.1315618763815,2437.1115108754425,2441.938691416838,991782
2023-01-09,2483.6318359375,2488.7427786109756,2432.4741142837315,2450.788749169992,1267078
2023-01-10,2502.372314453125,2511.3639501772454,2475.1607852880243,2483.6318064128836,1413088
2023-01-11,2454.47998046875,2506.1583171616658,2449.605659749921,2502.5142459691024,1471687
2023-01-12,2451.450927734375,2463.3293965912753,2435.0766415429766,2447.7123469030203,1703829
2023-01-13,2483.584228515625,2498.018168868088,2429.3030554809857,2451.5928915519858,1348015
2023-01-16,2458.12353515625,2487.3225448714766,2445.7244526600716,2487.3225448714766,930068
2023-01-17,2524.803955078125,2531.8552440285057,2462.5723729118167,2466.026961468533,1892865
2023-01-18,2542.455810546875,2549.3652185945693,2517.6578731990176,2525.22977657706,2038075
2023-01-19,2507.95654296875,2535.9253091933156,2472.131880238682,2527.2176659301786,1649842
2023-01-20,2412.361328125,2465.601278966405,2400.3409765502647,2413.544438143698,4569549
2023-01-23,2457.461181640625,2464.654582376025,2415.437209763293,2423.009113242175,1388360
2023-01-24,2461.342041015625,2470.3336770047226,2442.6962736534674,2464.654749011608,1462462
2023-01-25,2482.022705078125,2500.6211003928256,2455.1896799466276,2461.3418514653836,1591810
2023-01-27,2472.3681640625,2504.927484999918,2440.2349475217848,2494.4687479613276,1581382
2023-01-30,2430.722900390625,2470.3335129424054,2394.803729434912,2470.3335129424054,2744039
2023-01-31,2438.86279296875,2451.593009512975,2405.215100575178,2430.581023515572,2366794
2023-02-01,2436.49658203125,2463.708110334017,2410.5629048792493,2461.0578978840813,2014615
2023-02-02,2493.853759765625,2498.4914580898353,2425.848511065157,2432.0006824744128,1980667
2023-02-03,2507.010009765625,2515.244408886857,2490.351729068288,2498.728240030675,1638238
2023-02-06,2496.45654296875,2503.460460901495,2460.6318840183976,2490.209630484625,1697446
2023-02-07,2462.00439453125,2503.9812272919867,2456.420208090268,2503.460612707383,1495745
2023-02-08,2444.589111328125,2467.9673173617275,2440.3772861867856,2453.9592495561014,1061956
2023-02-09,2448.2802734375,2460.773867852963,2428.688019572779,2448.564266030701,1102484
2023-02-10,2439.572509765625,2448.232781433851,2418.607895662112,2446.671168862906,1523011
2023-02-13,2442.885498046875,2452.113755933724,2413.5443704066374,2423.009250290585,1146525
2023-02-14,2441.560791015625,2462.7620319888943,2432.6636642451203,2446.6717343164073,1944364
2023-02-15,2412.076904296875,2434.1774879256877,2401.239664678217,2413.5440066730207,2009134
2023-02-16,2391.869873046875,2424.8074699775007,2387.8472991211815,2423.0092352411875,1982857
2023-02-17,2380.890380859375,2409.9948846206253,2372.750492255035,2389.8820161677286,1395341
2023-02-20,2377.056884765625,2406.9186229008374,2373.980799227116,2383.25642645077,632091
2023-02-21,2381.505615234375,2407.8180270371454,2377.8617751925913,2392.7215901185214,862797
2023-02-22,2360.588134765625,2388.5095271243335,2349.8927755451964,2381.505378192057,885515
2023-02-23,2357.3701171875,2381.268937894084,2347.3848541888447,2358.647968348811,757215
2023-02-24,2351.26513671875,2376.8676799947484,2339.670660230971,2358.8370397311774,732783
2023-02-27,2336.07421875,2353.915609629002,2324.574482207008,2353.915609629002,853991
2023-02-28,2328.9755859375,2341.942656293586,2305.313386128832,2337.588719098323,1780454
2023-03-01,2334.276123046875,2337.8254531883554,2317.0027163583377,2326.4675967356184,967339
2023-03-02,2323.959228515625,2337.825184242716,2313.216498092793,2334.275854509554,827174
2023-03-03,2338.771728515625,2356.660258371258,2324.2430460274054,2334.0392887573985,1176008
2023-03-06,2351.880615234375,2365.131446197715,2343.125601919311,2349.1356616034195,1214503
2023-03-08,2352.117431640625,2367.545001247968,2335.1751577199375,2353.915666418115,1448340
2023-03-09,2329.685302734375,2358.600555264015,2325.4261070415814,2351.8806295944114,1038910
2023-03-10,2333.518798828125,2338.298609454509,2314.2579066288986,2318.895605409248,772024
2023-03-13,2323.722900390625,2355.335508781246,2314.1632786699406,2334.0395276891913,1314549
2023-03-14,2311.749267578125,2339.7180305419433,2309.1937965269844,2330.253151777615,1250763
2023-03-15,2277.3447265625,2327.8870901657224,2264.945642108792,2320.693689385896,1738040
2023-03-16,2327.745361328125,2337.1628707375603,2278.9064879697203,2295.186035397131,1628035
2023-03-17,2316.434326171875,2350.318638214497,2309.24115698828,2339.386657074509,2127178
2023-03-20,2376.820068359375,2381.9783805482734,2295.232867889217,2316.434101743602,1561128
2023-03-21,2330.8212890625,2388.2256900843777,2327.177218069935,2380.4171645941583,1595161
2023-03-22,2343.83544921875,2348.615028345868,2323.0598545484304,2340.2861195246614,1063244
2023-03-23,2352.117431640625,2366.2673810880165,2334.039418330145,2342.5578103678467,1578627
2023-03-24,2348.047119140625,2364.231922830893,2337.8250040816397,2339.9072311494,1449326
2023-03-27,2365.273681640625,2370.952610047925,2332.146599264706,2352.0228486902574,1387736
2023-03-28,2349.9404296875,2378.9975647887627,2339.623571942456,2375.495605438165,1412387
2023-03-29,2395.4189453125,2403.8899656295807,2347.3373147574616,2352.0223835517227,2613254
2023-03-31,2423.340576171875,2431.0069901140273,2381.8843567038157,2421.8734735972384,2146167
2023-04-03,2400.38818359375,2432.4740326839024,2380.464566021321,2432.4740326839024,918048
2023-04-05,2444.54150390625,2450.031179672404,2368.112609727398,2378.050732190283,1489612
2023-04-06,2427.97802734375,2446.6711629211945,2416.383550846348,2437.206284147805,797414
2023-04-10,2396.6494140625,2431.480217475743,2389.8821175265043,2427.978258211828,853322
2023-04-11,2411.414794921875,2418.276832901733,2397.4540969628533,2404.079512943406,913184
2023-04-12,2393.620849609375,2419.223396954351,2383.8719767162715,2419.223396954351,1109809
2023-04-13,2400.482421875,2425.2332176220757,2389.881804245652,2389.881804245652,1261711
2023-04-17,2415.29541015625,2440.992466020651,2405.404426043704,2435.3135382206806,1566977
2023-04-18,2405.0732421875,2423.009142554852,2394.6145041655373,2423.009142554852,1474786
2023-04-19,2396.12890625,2411.6512156786957,2375.9212967650888,2411.6512156786957,1320243
2023-04-20,2359.216064453125,2396.8861017243007,2347.290223307466,2383.0675156682732,1401364
2023-04-21,2364.279541015625,2375.2115231112857,2352.6376929537028,2358.647983898515,1206288
2023-04-24,2365.98291015625,2370.857229961945,2342.652078000101,2368.1125077351485,1735797
2023-04-25,2357.180908203125,2365.9832925002665,2345.4445498577115,2357.5596420351417,1701098
2023-04-26,2376.442138671875,2383.2568061198904,2349.372489190163,2356.7551418739185,1245903
2023-04-27,2336.8310546875,2387.042279704601,2325.5205714647914,2379.4230065458296,2743893
2023-04-28,2325.804931640625,2335.7430553117138,2289.554396225135,2305.692062306279,3761927
2023-05-02,2320.50439453125,2345.397073120602,2318.895411277431,2339.5288942134157,1760370
2023-05-03,2352.968994140625,2356.7549458608837,2321.4035292425083,2325.4734735570173,1258140
2023-05-04,2372.608642578125,2375.0696036515333,2347.4319709544525,2353.8681351589257,1150227
2023-05-05,2366.929443359375,2385.149334106018,2361.2031457666326,2366.2195774861293,1354871
2023-05-08,2381.647705078125,2391.6331992928026,2363.5223219595014,2371.6622108634474,972810
2023-05-09,2381.17431640625,2389.881958912603,2366.2671319100623,2389.881958912603,1651327
2023-05-10,2387.705078125,2399.3469259929784,2371.75689499437,2386.0960948435104,2025658
2023-05-11,2453.675048828125,2459.9219611676635,2388.5568685761714,2401.192342928406,1749356
2023-05-12,2483.016357421875,2498.728149580762,2447.9963038103265,2455.189704550188,2170011
2023-05-15,2519.78759765625,2527.8327453997294,2482.685315454495,2496.787893774364,1561055
2023-05-16,2532.706787109375,2535.073006773357,2508.7608289707878,2527.122601132833,1477905
2023-05-17,2519.314208984375,2530.9086859488,2505.4008828422952,2529.0157101178734,839404
2023-05-18,2486.9443359375,2526.3654646700757,2481.5494011052074,2522.863505643931,1434067
2023-05-19,2500.1005859375,2507.246616279918,2461.483830796552,2487.985493784788,1174757
2023-05-22,2496.929931640625,2513.3513587848156,2482.6852419016027,2493.9957265906437,768232
2023-05-23,2487.654296875,2508.0037875682942,2484.530840460333,2491.1562560348934,703864
2023-05-24,2475.018310546875,2496.834901293877,2468.4402663284422,2479.798120314616,628872
2023-05-25,2458.265869140625,2485.6192789214074,2442.4595663272125,2470.3335907044107,1072231
2023-05-26,2510.417236328125,2514.534319985662,2463.8027079525486,2464.41783264786,947073
2023-05-29,2508.47705078125,2536.161823215901,2503.50798906221,2527.122817111749,698267
2023-05-30,2514.392333984375,2522.3901100693683,2508.997399476377,2513.398475530659,948051
2023-05-31,2524.803955078125,2536.58768373697,2496.835190185868,2514.3925877195034,3388305
2023-06-01,2553.529541015625,2585.0950040215016,2512.452059743735,2524.2831581603095,1541080
2023-06-02,2571.32373046875,2591.6732211002904,2547.6141614479334,2564.9823075104314,1509260
2023-06-05,2551.5419921875,2576.3399276417117,2540.5152700895683,2571.0868738591034,1000190
2023-06-06,2547.14111328125,2562.9947874338136,2527.2648650899764,2555.517624592328,655372
2023-06-07,2570.850341796875,2581.072457149329,2535.972401951196,2546.0524054755024,1428490
2023-06-08,2536.492919921875,2575.914280987985,2531.7604802555584,2562.1428353437727,923536
2023-06-09,2495.13134765625,2545.058584219,2479.893031161459,2545.058584219,1413808
2023-06-12,2501.99365234375,2514.8186109331446,2492.1028989789124,2503.4607549560283,775484
2023-06-13,2532.706787109375,2552.6777735038395,2486.896866845138,2488.8845837933386,1787924
2023-06-14,2554.334228515625,2557.5050554214995,2510.0859190452757,2528.069189204348,1536248
2023-06-15,2545.7685546875,2572.0809655177795,2534.8365728138583,2568.720887130483,1830192
2023-06-16,2570.329833984375,2578.23310056672,2539.6163471183318,2545.76851861381,1748145
2023-06-19,2560.406005859375,2587.2671552212655,2552.5337056457015,2578.297597254088,1068263
2023-06-20,2553.583251953125,2557.686203575258,2526.86514409262,2547.7624281267213,1129279
2023-06-21,2554.060546875,2582.925647646169,2546.283528707355,2562.982347335304,1201840
2023-06-22,2532.8291015625,2555.3962681763737,2527.437629105136,2546.4742350703746,830052
2023-06-23,2520.662841796875,2538.7452297462055,2507.1605147486616,2529.918711566066,991214
2023-06-26,2530.68212890625,2551.7702109107204,2521.187471642475,2521.187471642475,758700
2023-06-27,2529.966796875,2539.747534504064,2515.319452703655,2530.682460603956,687747
2023-06-28,2539.4130859375,2564.556827714489,2521.044386302254,2531.493028592996,1397573
2023-06-30,2555.539306640625,2562.9344974808137,2529.966445976903,2543.8978915235925,1160181
2023-07-03,2577.390869140625,2581.971162655144,2537.6953026326682,2563.984058120481,980665
2023-07-04,2576.38916015625,2582.7823755535815,2552.533704969618,2577.391135866774,721907
2023-07-05,2629.68212890625,2633.0694168998043,2572.6675955919104,2576.341195617382,1717547
2023-07-06,2630.875244140625,2638.41347517002,2610.407076199385,2633.5468688839683,1265020
2023-07-07,2574.576416015625,2642.850547089924,2567.801373090765,2627.0584210397765,1178930
2023-07-10,2534.92822265625,2587.2194228309404,2529.632265436193,2585.8356201701768,1518183
2023-07-11,2561.598876953125,2592.372415333359,2524.861474545714,2535.453390243356,2476367
2023-07-12,2551.24560546875,2581.1126841590863,2521.5217992981634,2581.1126841590863,2395826
2023-07-13,2533.1630859375,2564.413732937298,2529.8233221359947,2562.028187364794,1495067
2023-07-14,2554.3466796875,2563.5072678557194,2529.680278287794,2533.449393693257,1419016
2023-07-17,2558.927001953125,2579.4426940677295,2547.7626951625157,2547.7626951625157,912701
2023-07-18,2559.976806640625,2577.4390474739866,2554.728606185778,2562.6009068680487,1215904
2023-07-19,2549.28955078125,2573.4310859545835,2539.079229212013,2559.928991003643,1166542
2023-07-20,2579.490478515625,2591.943073242828,2536.502899857043,2546.8562610316517,1430764
2023-07-21,2484.7841796875,2553.8219592785504,2473.333561347926,2528.678216655866,5198952
2023-07-24,2462.12158203125,2486.644943890536,2457.111936335808,2484.7842649392014,1777469
2023-07-25,2450.575439453125,2468.180952061506,2444.9934026192527,2462.0738156481693,1653775
2023-07-26,2465.031982421875,2479.8223648804947,2454.5355819673705,2461.4059065812685,1300033
2023-07-27,2452.197998046875,2464.7458755402995,2436.1193264631765,2443.7530728837423,2276136
2023-07-28,2466.2724609375,2475.003464310564,2447.760488019154,2452.3407819867566,966450
2023-07-31,2443.56201171875,2464.6500941483187,2437.0732813698723,2457.159621060771,2003252
2023-08-01,2434.306396484375,2455.967105285392,2428.4855716733723,2452.341029155429,1758897
2023-08-02,2451.338623046875,2455.632604639891,2419.8971821973637,2421.8056184609263,2082908
2023-08-03,2434.496826171875,2443.800453185906,2421.042256996987,2440.842283719155,1475310
2023-08-04,2429.439453125,2441.7965317946764,2418.9908107892793,2434.4968560026655,1359318
2023-08-07,2451.57763671875,2456.157931201794,2422.521735757014,2423.714508645127,803823
2023-08-08,2448.380859375,2466.844841749746,2438.5523653314685,2451.577350563966,1002061
2023-08-09,2435.35546875,2451.3386224534675,2424.668272269319,2448.380686023708,1212549
2023-08-10,2420.565185546875,2434.5921460549325,2411.881939976849,2432.3498731332065,1313334
2023-08-11,2387.26318359375,2420.5175487019674,2384.591325991549,2418.9431818281623,1472199
2023-08-14,2417.13037109375,2423.714383911913,2374.190549331531,2387.263292919785,1060479
2023-08-16,2435.737548828125,2438.0753369006125,2408.8284083521016,2417.9889965520374,1155882
2023-08-17,2426.8154296875,2443.418733131073,2417.034693167576,2435.7374630154354,1532873
2023-08-18,2437.788818359375,2450.193654307578,2416.175870450372,2416.175870450372,1970819
2023-08-21,2445.42236328125,2457.0160196671986,2422.8074415743426,2437.7886187075496,977004
2023-08-22,2448.3330078125,2457.1117683143766,2436.1189687404285,2455.7759560723107,960025
2023-08-23,2456.205322265625,2465.222637361762,2445.1840558310487,2457.1117829326636,1136112
2023-08-24,2463.07568359375,2473.0949745100634,2449.4303169912287,2466.6540017781476,1143934
2023-08-25,2446.18603515625,2462.5507835787557,2434.6876596204243,2449.478041248532,802955
2023-08-28,2438.695556640625,2450.4324878127904,2422.7601583164624,2447.5698330373084,619841
2023-08-29,2410.498291015625,2441.748938080361,2406.6338935508866,2441.748938080361,958564
2023-08-30,2416.03271484375,2419.897345130354,2404.629853993885,2410.4982027140945,1227377
2023-08-31,2390.364501953125,2423.5235865317863,2377.053203801286,2416.1283950070488,3235414
2023-09-01,2390.125732421875,2399.3816021309085,2385.5454385871035,2390.3642869657338,813413
2023-09-04,2386.881591796875,2398.90483571016,2377.912032851917,2398.90483571016,1143301
2023-09-05,2392.27294921875,2407.9220355882544,2387.549615397008,2395.087846509409,844088
2023-09-06,2407.9697265625,2410.450787169734,2392.654477231026,2398.379786666086,1094146
2023-09-07,2392.654541015625,2406.395423804144,2385.5456615369335,2395.0878441830814,1894798
2023-09-08,2398.713623046875,2405.6317046083727,2387.02445075331,2389.36223861934,1018234
2023-09-11,2420.135986328125,2422.6645714527635,2394.1812970595506,2398.7138336529692,1121083
2023-09-12,2384.4482421875,2432.302191730767,2374.0948815324236,2432.302191730767,3946716
2023-09-13,2391.7958984375,2394.133686652422,2377.9119757424614,2379.820412320104,1231305
2023-09-14,2386.308837890625,2398.904471098458,2378.961404599674,2396.0418165983406,2081195
2023-09-15,2356.632568359375,2376.003243807194,2353.102007722305,2361.499174212782,3750697
2023-09-18,2374.71484375,2378.818028280448,2349.2850239024633,2358.207056557156,1499641
2023-09-20,2353.9130859375,2366.4609611550345,2333.0633266226046,2337.500347739406,1795159
2023-09-21,2360.11572265625,2369.323835274501,2331.0595915476433,2353.1021255686346,2223720
2023-09-22,2368.798828125,2376.003221836102,2345.4682406719435,2355.010422285743,1176741
2023-09-25,2362.501220703125,2385.259184966629,2347.3767690666537,2368.7989210371984,1122778
2023-09-26,2365.458984375,2375.048923164469,2348.5693700837887,2360.735651228966,1263548
2023-09-27,2387.21533203125,2390.125744073198,2355.9646866334188,2362.6442138940242,1086791
2023-09-28,2347.7109375,2386.499815729826,2340.888137313114,2385.5455974908296,1612346
2023-09-29,2352.720458984375,2359.5907833495717,2338.3116711512257,2352.67270148226,1249567
2023-10-03,2355.869140625,2384.5912006529666,2349.0943314136016,2376.003237145213,1585626
2023-10-04,2393.0361328125,2396.0895843663584,2352.290830548836,2354.103984851398,1587335
2023-10-05,2404.20068359375,2409.2103295004617,2381.1086481021675,2402.7215986857464,1909928
2023-10-06,2384.972900390625,2404.6298886978925,2379.820215243073,2404.5821311947166,1083342
2023-10-09,2396.328369140625,2401.290257512795,2367.4155091950106,2371.2323822449016,1468771
2023-10-10,2401.003662109375,2405.440916284318,2388.742098661599,2397.1867895098962,1092373
2023-10-11,2439.36328125,2446.5676751580454,2401.0515142086524,2403.0554655876986,1697398
2023-10-12,2439.935791015625,2450.002839014336,2422.950661481965,2438.0273547301217,1625010
2023-10-13,2451.815673828125,2458.7337551190826,2426.2903394097643,2436.1665900242865,1531977
2023-10-16,2441.176513671875,2463.7914388455088,2435.737516422029,2442.7986380497687,954899
2023-10-17,2439.124755859375,2452.3407710991128,2429.8688859230097,2441.1764647650048,1253538
2023-10-18,2431.5869140625,2453.53393614567,2423.285260997646,2452.388920716632,1084689
2023-10-19,2431.443359375,2437.4547473447547,2409.400826941182,2409.400826941182,1272343
2023-10-20,2380.91748046875,2427.1017817460606,2371.280016297584,2404.6298962420647,3608160
2023-10-23,2369.80078125,2395.03980478579,2366.7950872556053,2379.820071849205,922707
2023-10-25,2363.884765625,2376.003290029655,2352.1478353104817,2361.7377747002747,1435836
2023-10-26,2363.026123046875,2376.003585211726,2343.2260931701107,2348.331254299622,2650560
2023-10-27,2368.4169921875,2380.7740695228053,2351.0502700165257,2354.342275744429,1784812
2023-10-30,2365.411376953125,2377.911728421933,2349.6667768251305,2357.8731464408493,875135
2023-10-31,2370.27783203125,2377.9115770619464,2354.8195449367718,2357.1095752606166,920414
2023-11-01,2359.066162109375,2379.772652362786,2353.865719033344,2371.232445279319,1267131
2023-11-02,2390.353759765625,2399.196906557308,2367.7651670957143,2379.011355660792,1595123
2023-11-03,2411.932861328125,2415.05681541772,2389.3923779852994,2400.1579574519587,1125583
2023-11-06,2400.542236328125,2420.1030879528025,2394.4867595025,2417.4597423101177,1338677
2023-11-07,2399.629150390625,2408.0397956975985,2388.8635713321037,2399.1966498520997,1473411
2023-11-08,2421.64111328125,2427.071893153558,2400.8306332753555,2401.1190451871635,745022
2023-11-09,2380.645263671875,2424.188425464951,2377.136916718744,2422.314099905442,1823094
2023-11-10,2390.11328125,2392.0838222948596,2369.7355354324045,2380.9336154108005,771062
2023-11-13,2382.038818359375,2390.7378755052937,2375.1662135527877,2381.1257095257197,760809
2023-11-15,2389.96875,2405.9731464541132,2379.9721916904596,2404.8676066119556,1457029
2023-11-16,2394.582763671875,2408.6166199984764,2379.3476212589244,2384.0093809981963,1420578
2023-11-17,2430.724609375,2435.242280505872,2369.3989427459933,2369.3989427459933,1756043
2023-11-20,2409.241455078125,2436.203629376514,2403.0416545438093,2436.1555216090155,944231
2023-11-21,2408.087890625,2419.382185691298,2401.1190702649437,2407.8475864746533,1088806
2023-11-22,2424.09228515625,2426.3512382545014,2406.8866002136365,2410.4911628137966,816610
2023-11-23,2422.169677734375,2429.715322104033,2409.0010569157093,2409.0010569157093,1023670
2023-11-24,2417.652099609375,2422.0737901202465,2410.2026704841705,2417.5561187464655,735137
2023-11-28,2413.1826171875,2433.5603641585562,2403.041734135041,2433.5603641585562,1880641
2023-11-29,2427.120361328125,2430.5806007675874,2410.827784619846,2414.576436013944,1265214
2023-11-30,2446.8251953125,2455.4280377646614,2418.565283786909,2418.565283786909,3095684
2023-12-01,2464.222900390625,2481.81321151669,2443.412654382418,2448.6993458061406,1345599
2023-12-04,2501.3740234375,2507.237303937237,2475.1327631308727,2477.055196344955,2188039
2023-12-05,2463.8388671875,2534.728603442285,2457.1584576206137,2534.728603442285,3108717
2023-12-06,2468.06787109375,2483.495445470624,2463.5983074792334,2470.3268241208075,1573754
2023-12-07,2420.583984375,2460.5225856827965,2401.69616985785,2452.1600472249447,3925967
2023-12-08,2424.476806640625,2435.6748867600672,2411.019773521691,2421.304744756755,1605805
2023-12-11,2406.550048828125,2431.8300944655984,2402.0804851315706,2424.4768807268692,2012243
2023-12-12,2405.68505859375,2420.3436130412797,2400.1580626545174,2403.0417127097694,1677929
2023-12-13,2414.47998046875,2419.093867268127,2401.1672708282504,2410.5872408203054,1513205
2023-12-14,2418.7578125,2426.8800469344105,2404.1952382366917,2423.56389615019,2166569
2023-12-15,2425.053466796875,2433.8006324489797,2409.770215461924,2422.266032295193,2543337
2023-12-18,2437.164794921875,2445.81574469679,2417.459853767902,2422.410025603624,1969036
2023-12-19,2461.387451171875,2467.395055289173,2436.684229975954,2436.7323377432995,1656220
2023-12-20,2458.311767578125,2473.162519005037,2448.21899199276,2473.162519005037,1468642
2023-12-21,2454.17822265625,2479.9388749584405,2437.6453437575988,2443.652947621355,1945695
2023-12-22,2475.709716796875,2479.6986720564782,2448.02663012791,2459.945622811475,1174984
2023-12-26,2484.5048828125,2491.137184220364,2467.4913940371575,2475.7098438144135,893776
2023-12-27,2507.1416015625,2510.6980564691835,2480.8041228009033,2485.706421910149,1073278
2023-12-28,2531.65234375,2537.6118397726373,2505.747603153392,2512.4761193952136,1635216
2023-12-29,2560.63330078125,2563.661274331084,2519.5893927061984,2531.652709789761,1305681
2024-01-01,2551.789794921875,2565.8715243869406,2535.689416707376,2560.536959940054,526353
2024-01-02,2512.42822265625,2551.020978758828,2505.8919022522155,2545.3017864073136,1310629
2024-01-03,2505.45947265625,2526.6543481330496,2494.8860888029035,2498.2022395315885,1008270
2024-01-04,2492.00244140625,2521.2714434435734,2487.6769661887524,2505.459475416242,1376844
2024-01-05,2518.435791015625,2527.903634441405,2494.357266422686,2494.357266422686,1150738
2024-01-08,2478.2568359375,2524.1549311245517,2466.9625402631996,2523.145606704356,1189828
2024-01-09,2479.69873046875,2488.589984759606,2471.816800626399,2482.390184107417,1017205
2024-01-10,2477.439697265625,2493.684399436957,2465.5207046868295,2479.93895442184,881278
2024-01-11,2437.83740234375,2488.589683850302,2433.6562510941385,2479.938734775504,2399600
2024-01-12,2445.335205078125,2455.908588433416,2414.432183049432,2435.2424300571656,2979841
2024-01-15,2473.402587890625,2478.7373871269424,2432.839292997883,2447.2575424625093,1391204
2024-01-16,2469.461669921875,2484.3605272761324,2457.206158227244,2473.4025171930134,1599406
2024-01-17,2463.501953125,2471.624421207969,2441.2498824973773,2450.141136129861,3047652
2024-01-18,2449.179931640625,2470.326697141447,2439.13526496214,2470.326697141447,1273095
2024-01-19,2465.9052734375,2474.1237233073075,2433.800728938802,2465.520880619284,1323064
2024-01-23,2283.41845703125,2384.298106226015,2273.710074159049,2355.942212602283,4369332
2024-01-24,2346.95458984375,2351.039760693699,2275.343947885817,2295.3854093361483,1551469
2024-01-25,2334.12255859375,2372.2828146337984,2326.3366094581024,2359.5948011333753,2364765
2024-01-29,2349.59765625,2354.0193462775947,2316.5319005835045,2316.5319005835045,1587091
2024-01-30,2363.29541015625,2397.803231432302,2352.385741116403,2358.8258462479507,1793711
2024-01-31,2385.30712890625,2389.4882803625414,2347.050660838892,2354.9806978827833,1445004
2024-02-01,2377.66552734375,2414.143651172756,2372.61914008399,2379.1073522751103,1727534
2024-02-02,2357.480224609375,2390.4497704134455,2347.291233494428,2380.933818741072,1956115
2024-02-05,2325.663818359375,2369.1588742720683,2319.175605598918,2368.4379617431287,1315445
2024-02-06,2332.248046875,2346.666296218703,2324.2699019704123,2330.902202799705,1557511
2024-02-07,2331.3828125,2345.272345774969,2318.021995302354,2345.272345774969,1149076
2024-02-08,2323.30908203125,2347.099197510304,2305.9590720909005,2347.099197510304,1758661
2024-02-09,2330.13330078125,2334.266579403876,2312.7835275950797,2323.3088032155542,886474
2024-02-12,2293.12646484375,2335.6124295793047,2289.6181178518773,2330.085433702878,1292460
2024-02-13,2301.152587890625,2307.8329964640893,2287.7917707436964,2297.307721411276,957865
2024-02-14,2295.33740234375,2301.1528103904666,2278.083609283795,2292.501859975465,1397975
2024-02-15,2259.67626953125,2292.213312532259,2255.735187373002,2276.4975610105416,2553695
2024-02-16,2283.1298828125,2289.618095299179,2266.1645025494804,2278.0353875552187,2363302
2024-02-19,2294.568115234375,2302.0656516566646,2281.7360144140926,2296.8270681155595,576683
2024-02-20,2310.861083984375,2315.042235684377,2276.3532648212054,2278.179717292503,1032995
2024-02-21,2313.74462890625,2328.835682964777,2301.2488127974525,2310.8609790349888,1127778
2024-02-22,2295.481689453125,2326.4328201820526,2273.9984023925185,2326.4328201820526,2258516
2024-02-23,2301.2490234375,2312.2068000824784,2291.492533010144,2295.914223752952,1210775
2024-02-26,2311.00537109375,2313.216216553072,2287.6958649071958,2298.365464700586,831596
2024-02-27,2312.014404296875,2315.52275112335,2296.4906149378007,2310.8128835108178,1120424
2024-02-28,2327.63427734375,2330.9504279253597,2307.8812278139335,2317.5896100629743,629152
2024-02-29,2318.742919921875,2334.6029942925143,2304.276562728189,2330.950324169719,2848084
2024-03-01,2316.24365234375,2344.2151499760976,2310.764764520349,2323.2124728690296,2326244
2024-03-04,2328.066650390625,2333.737734571899,2311.1491440334266,2322.491547068001,1501261
2024-03-05,2306.77587890625,2326.1443005982023,2298.365233191277,2311.726050801106,1587199
2024-03-06,2307.689208984375,2315.427050718229,2283.178181979929,2310.7650556348353,1354111
2024-03-07,2325.712158203125,2331.9119596362516,2309.803973209362,2311.678299037228,1820704
2024-03-11,2297.163818359375,2319.415891037393,2291.1081062307944,2315.571024247443,2040761
2024-03-12,2285.917236328125,2292.5016641169373,2269.2402685894435,2287.695580963652,1012157
2024-03-13,2222.90966796875,2282.889491692188,2214.499022473042,2282.889491692188,2322669
2024-03-14,2244.056396484375,2250.880893627091,2212.576552438003,2215.460202274312,2292515
2024-03-15,2237.424072265625,2246.315326766892,2226.0816682377067,2239.6830253861167,2751403
2024-03-18,2210.75,2234.828521977646,2207.9144580570546,2230.7914593239598,2487402
2024-03-19,2179.030029296875,2214.546937441648,2159.709715510338,2194.6979075652634,4220638
2024-03-20,2154.999755859375,2177.588348542376,2153.1254302094503,2162.7375973086,2995013
2024-03-21,2155.38427734375,2171.5325295385032,2147.358024341876,2147.358024341876,3504486
2024-03-22,2169.03369140625,2178.117142705983,2145.483881169579,2152.2123983800566,3507809
2024-03-26,2153.12548828125,2171.5326949037612,2145.435754394531,2145.531969936937,3027027
2024-03-27,2152.8369140625,2175.233309253919,2149.2804593423607,2162.7374926298353,2168861
2024-03-28,2176.531005859375,2199.1674701311017,2153.2215021979396,2157.9313698937053,3186360
2024-04-01,2197.244873046875,2205.9920377407097,2174.271890792804,2181.9616233862357,1427873
2024-04-02,2198.01416015625,2208.8759556978766,2188.738512957842,2208.8759556978766,1221495
2024-04-03,2177.34765625,2193.352052420509,2173.3587014837085,2193.352052420509,1175309
2024-04-04,2177.107666015625,2193.496457295735,2162.0166111185067,2181.961857169728,1890255
2024-04-05,2179.030029296875,2192.0545617880575,2170.523402780724,2177.1075960043618,1153449
2024-04-08,2180.952392578125,2200.176724886131,2179.2702635011747,2188.6902332665027,1127294
2024-04-09,2176.33837890625,2186.38327968871,2168.264253676801,2182.9228062063685,1189343
2024-04-10,2173.214599609375,2188.5940657934834,2170.1387533069596,2188.5940657934834,2308993
2024-04-12,2145.7236328125,2177.011276718781,2142.1671787086207,2173.214283818698,3388551
2024-04-15,2108.957275390625,2141.3502270656313,2105.064301323637,2141.302119302431,4909564
2024-04-16,2134.669921875,2144.714588644273,2087.8106115348733,2098.335886615327,2821129
2024-04-18,2128.902587890625,2150.9143543197647,2123.375592400965,2129.142892042349,3392171
2024-04-19,2145.051025390625,2156.7297130319407,2110.831621088865,2133.9008191335524,2337694
2024-04-22,2154.567138671875,2166.149846333918,2142.600038215488,2162.7374802639833,1804108
2024-04-23,2174.992919921875,2185.3259986487164,2161.4877793956443,2165.6210578207865,1991778
2024-04-24,2172.590087890625,2180.3760371789404,2158.556229932344,2178.165191792081,1404398
2024-04-25,2144.33056640625,2152.981517502396,2129.191401987995,2151.2512803487534,4951866
2024-04-26,2136.447998046875,2167.543449157478,2132.5552585254745,2157.931283085826,2307512
2024-04-29,2139.764404296875,2147.357921699967,2133.900889066216,2147.357921699967,1395292
2024-04-30,2143.945556640625,2153.3655264224535,2138.706973011922,2145.4835970967697,2119102
2024-05-02,2139.95654296875,2156.201009483979,2119.530690414858,2119.530690414858,2140383
2024-05-03,2131.0654296875,2148.9439186486993,2118.521505418379,2145.4355717304093,2595307
2024-05-06,2168.69677734375,2173.7912720969075,2126.2110519028784,2138.706867307371,1619256
2024-05-07,2287.11865234375,2296.9232492649267,2171.3882691830577,2178.1167852894237,8277810
2024-05-08,2250.25634765625,2280.246261031328,2234.8287730626357,2274.623049604483,1813439
2024-05-09,2235.453369140625,2270.489903158512,2229.49387294917,2249.823745544639,1558987
2024-05-10,2270.92236328125,2279.0445967528176,2230.983765948245,2230.983765948245,2610266
2024-05-13,2269.095947265625,2289.2814965269827,2256.840435214087,2281.928283164871,1170617
2024-05-14,2258.474853515625,2280.294425684034,2255.735292050197,2269.0482372218366,689430
2024-05-15,2233.19482421875,2264.4343672229857,2227.763809016323,2258.4267627990944,812282
2024-05-16,2252.274658203125,2257.032868270841,2212.095990708857,2246.363269783034,1880021
2024-05-17,2230.359130859375,2260.6853282003162,2225.3127434849703,2260.6853282003162,1264582
2024-05-21,2221.083251953125,2234.636500499877,2212.4804099252933,2217.5267973053774,1663959
2024-05-22,2275.103515625,2281.92824747066,2221.0831887144805,2221.3716006338227,1914851
2024-05-23,2290.098876953125,2294.232155858532,2263.6654166734984,2275.103801980224,1614718
2024-05-24,2277.17041015625,2290.819640002725,2272.9890237524455,2286.253860797852,974100
2024-05-27,2292.02099609375,2306.871745716128,2270.874230770176,2277.1702464713717,1116934
2024-05-28,2303.027099609375,2315.571024447078,2286.3020229404683,2297.30790719324,1631747
2024-05-29,2281.3515625,2302.1139365481226,2277.5066958001285,2288.8490994991575,1592495
2024-05-30,2260.20458984375,2280.4382459438207,2243.527622854832,2276.160879064105,1837380
2024-05-31,2238.7216796875,2285.2444715554675,2227.7157960085565,2261.74277145962,5529186
2024-06-03,2264.5302734375,2294.8567065039656,2253.380300797559,2288.6569058773034,1207445
2024-06-04,2399.4853515625,2412.7020814982593,2251.2657798718847,2281.9284994540258,7826048
2024-06-05,2501.806396484375,2618.3057963865517,2427.071809095398,2435.2902576011925,11061076
2024-06-06,2450.718017578125,2499.1632419376433,2420.343478153456,2499.1632419376433,4102547
2024-06-07,2477.82421875,2495.7989223831146,2427.07193491907,2456.1968450725035,3974253
2024-06-10,2465.857177734375,2493.0594206488636,2447.2575420592607,2478.977690876211,1449122
2024-06-11,2457.2060546875,2476.766670941292,2452.35186410996,2466.481700651621,1402423
2024-06-12,2430.628662109375,2468.4045259716218,2419.3824734698487,2468.4045259716218,1754677
2024-06-13,2390.93017578125,2408.6167027553947,2351.568401318949,2391.4588918675045,3123098
2024-06-14,2406.79931640625,2436.5475426423045,2397.724285194477,2400.2478917119292,1729552
2024-06-18,2413.10791015625,2424.512241154475,2400.3931995365956,2406.944623727065,1820933
2024-06-19,2384.718505859375,2421.600599153089,2379.380308145811,2421.600599153089,986976
2024-06-20,2409.17724609375,2416.7478288529137,2374.6730278925506,2384.7186407596823,2163310
2024-06-21,2369.48046875,2405.1007594830376,2355.1643928006965,2402.189015222162,3646215
2024-06-24,2370.35400390625,2395.2495606319985,2355.6497895105103,2363.3658647573675,1945519
2024-06-25,2360.648193359375,2374.7216246112826,2356.474645665412,2367.5879930137835,833789
2024-06-26,2373.654296875,2394.424646941484,2360.8424310457776,2365.3072008903105,1738656
2024-06-27,2389.717041015625,2410.147828089514,2364.3364306830586,2377.8759946247305,3402726
2024-06-28,2400.29638671875,2417.232984813931,2390.396503797189,2390.5419962243377,2129791
2024-07-01,2431.403564453125,2448.776876762152,2378.0215873536727,2388.6494063118025,3312865
2024-07-02,2412.040283203125,2441.0122329179167,2406.411100622321,2441.0122329179167,1305210
2024-07-03,2436.499267578125,2445.71979146585,2401.5097584861905,2413.496297365214,1406405
2024-07-04,2422.5224609375,2462.219380127531,2419.562140443245,2441.0606594124497,1977010
2024-07-05,2472.07080078125,2478.86487051249,2422.522573421036,2422.522573421036,1754286
2024-07-08,2511.039794921875,2518.6589543648624,2461.6372921032303,2484.6886023792094,2818809
2024-07-09,2513.951416015625,2537.099878087564,2492.453131954424,2511.039671702594,1479529
2024-07-10,2533.654296875,2548.746885802939,2497.3060689912268,2505.0707205854474,1764036
2024-07-11,2532.1015625,2540.060283161406,2513.854583474437,2540.0117066962384,1432671
2024-07-12,2545.107177734375,2561.8497075526293,2524.4823221611628,2524.4823221611628,1912642
2024-07-15,2543.214599609375,2551.9012561227323,2536.760090845706,2550.688029320354,920101
2024-07-16,2609.359619140625,2644.834418084959,2547.3395600466733,2548.698279276291,3298003
2024-07-18,2657.840087890625,2670.2635775618123,2576.8936915714958,2620.5698558354193,5569762
2024-07-19,2646.775390625,2662.3046925135222,2636.050419116571,2658.4223670413917,1668862
2024-07-22,2654.831298828125,2669.050221276368,2626.0534187066073,2626.101995167326,1911629
2024-07-23,2684.96826171875,2728.595853311204,2651.6286919831223,2665.2168331572675,3906259
2024-07-24,2637.1181640625,2676.3295567061523,2596.402322900649,2667.1576101328446,3611927
2024-07-25,2627.557861328125,2644.688764839163,2591.452281427988,2637.118182692761,2166670
2024-07-26,2631.294921875,2646.7756488135715,2608.1950356707994,2643.863904425438,2135309
2024-07-29,2631.828857421875,2639.981647137038,2613.581878057342,2631.440482651685,957011
2024-07-30,2612.222900390625,2673.3211941210275,2606.3994115108435,2635.711161772439,1560399
2024-07-31,2626.0537109375,2629.9360368935118,2596.3540595490326,2625.4229277529967,1751085
2024-08-01,2635.662353515625,2644.7857238415877,2615.910927352041,2634.157904962315,1886392
2024-08-02,2613.339111328125,2678.319491535029,2602.2743407046587,2632.2168729998184,1738872
2024-08-05,2636.001953125,2661.334222675603,2587.764104503914,2597.227273238811,3118731
2024-08-06,2669.1474609375,2690.20903019787,2628.96524828348,2640.0785950237046,2296031
2024-08-07,2663.32421875,2700.012246928229,2655.0256995137474,2699.866517527861,1713875
2024-08-08,2652.793212890625,2678.076907446923,2640.3697227462762,2672.9813547553963,1464161
2024-08-09,2666.38134765625,2676.8636748479075,2638.622859990569,2674.9225119219846,1284031
2024-08-12,2667.837158203125,2682.1046579872973,2642.3108189254185,2657.451984181087,1297178
2024-08-13,2660.751708984375,2676.5236564605643,2649.784328921455,2661.334152597603,1051237
2024-08-14,2641.971435546875,2661.8683564179764,2626.9759986722806,2660.363907692145,946995
2024-08-16,2667.400390625,2672.593096011396,2630.9550108698363,2657.3547781329457,1727926
2024-08-19,2661.8681640625,2678.562117366071,2656.5299661657655,2669.1475248307747,1130327
2024-08-20,2670.1181640625,2675.165140246076,2654.588860754042,2661.8682216798816,1097889
2024-08-21,2709.0869140625,2712.8723239179676,2662.2563587851414,2668.613714717056,1417729
2024-08-22,2710.6396484375,2727.333600307501,2700.2544753582456,2720.490954381254,1552947
2024-08-23,2732.769287109375,2738.010332274373,2689.821056977102,2716.851608794936,2111401
2024-08-26,2738.15576171875,2751.549833114722,2721.1222468451892,2732.7692242402322,1152244
2024-08-27,2685.501708984375,2741.019157279429,2678.368077529086,2726.3632826569533,1357212
2024-08-28,2683.02685546875,2699.9148774708824,2664.9739461905906,2678.804731489039,1723549
2024-08-29,2703.31201171875,2727.333902856005,2664.246107950083,2688.462067987683,2129934
2024-08-30,2696.275390625,2733.448709240914,2678.902076663861,2713.4546356789924,4029712
2024-09-02,2707.0,2726.2658978957274,2697.2456099024953,2711.804330358968,957950
2024-09-03,2712.095703125,2744.7556730503247,2693.363434369963,2698.216341458918,2022116
2024-09-04,2757.66455078125,2760.188157340057,2690.111986931693,2698.216436840079,1640986
2024-09-05,2754.94677734375,2771.0099471964018,2740.582124971867,2756.4998023952226,1945173
2024-09-06,2755.43212890625,2782.123118479223,2744.9014624679285,2744.9014624679285,1672730
2024-09-09,2835.844970703125,2851.7624119394613,2759.5571728010573,2769.166071475763,3342754
2024-09-10,2813.327392578125,2851.180067874474,2802.553844056592,2847.6858799868537,1536584
2024-09-11,2818.714111328125,2863.2153669847785,2812.8422829388005,2825.9451329233075,1913665
2024-09-12,2869.4267578125,2876.2208276163733,2809.056642089753,2825.362457010719,2454564
2024-09-13,2846.666748046875,2869.426835111309,2832.641893822737,2869.426835111309,1902001
2024-09-16,2782.754150390625,2824.3919995176966,2724.810248668883,2824.3919995176966,1489057
2024-09-17,2788.9658203125,2828.177216442892,2775.9601235551504,2782.7541937629762,1098661
2024-09-18,2791.246826171875,2808.42607086622,2777.512956142777,2789.451155662023,464796
2024-09-19,2826.090576171875,2847.9772355641235,2788.8203427591193,2791.6349342197495,1713010
2024-09-20,2890.00341796875,2901.4077499970376,2810.2214332765097,2838.7566700584757,3641632
2024-09-23,2939.45458984375,2945.7147930006277,2882.5784203092207,2892.33281157887,1300470
2024-09-24,2863.749267578125,2931.156104781509,2859.430227331959,2931.156104781509,1929308
2024-09-25,2862.196044921875,2873.260815338254,2819.636191624619,2863.749069984707,1055354
2024-09-26,2898.25341796875,2904.8048428813454,2854.674167856613,2864.2830665701063,1902889
2024-09-27,2878.9873046875,2940.8618738147916,2865.884454754662,2898.253441779502,2977081
2024-09-30,2871.271240234375,2909.706124674832,2856.0331583870834,2876.9975761841415,1627702
2024-10-01,2837.737548828125,2875.541649372102,2806.339143756762,2875.541649372102,1184642
2024-10-03,2808.23193359375,2837.106731735907,2776.9306818262016,2823.1787931428157,1233447
2024-10-04,2764.944091796875,2828.27453567217,2734.1767051525835,2805.9511608195753,2456486
2024-10-07,2750.04541015625,2782.1231747563133,2741.9411971515387,2761.3042498599384,1280975
2024-10-08,2735.875244140625,2801.0982750877915,2716.366460746994,2760.333851126015,1761488
2024-10-09,2687.4912109375,2742.7174325285027,2679.4839147128605,2740.339318628453,1476282
2024-10-10,2673.66064453125,2705.398610217547,2652.793143577846,2688.5105879502285,2065078
2024-10-11,2701.322265625,2707.922266928901,2656.5300261363855,2683.463661587022,679307
2024-10-14,2707.048828125,2722.1897566323278,2683.657720300339,2709.475281759991,874010
2024-10-15,2699.623779296875,2716.9487533001934,2683.9004068922713,2710.9311955846492,1082666
2024-10-16,2699.4296875,2715.2502127006615,2674.5343678170534,2707.09718625598,1170797
2024-10-17,2658.082763671875,2700.1575638443824,2643.3299731877614,2697.68253378276,1368242
2024-10-18,2637.1669921875,2659.3932129429836,2614.212598375217,2658.0828331824578,1137277
2024-10-21,2614.3095703125,2657.451866034502,2601.5948592234436,2635.128493894694,792345
2024-10-22,2602.808349609375,2630.2758533291735,2595.092274110287,2606.1084688697565,1272253
2024-10-23,2581.0673828125,2613.8245078342925,2543.8940646553547,2543.8940646553547,1431962
2024-10-24,2431.403564453125,2569.128970586372,2380.448040858193,2569.128970586372,9216267
2024-10-25,2453.678466796875,2465.276867660535,2426.5507628298415,2428.6859946148834,2761166
2024-10-28,2500.02392578125,2513.417998144498,2445.9625825267967,2469.1593860637768,852829
2024-10-29,2472.70166015625,2509.632330583052,2461.394481395327,2509.632330583052,1695654
2024-10-30,2479.786865234375,2487.8913145923343,2458.870788970481,2481.776604467718,1200637
2024-10-31,2453.87255859375,2488.0855548126483,2449.8447403470686,2479.7870359976687,1901355
2024-11-01,2462.8505859375,2471.0519523196854,2437.4699741899085,2469.1107892962864,118532
2024-11-04,2450.52392578125,2472.0707851149646,2429.850494909821,2472.0707851149646,1097260
2024-11-05,2447.175537109375,2455.813616889939,2433.247599068502,2445.865157420273,702046
2024-11-06,2455.3740234375,2476.386285924596,2449.77738556988,2469.6112066402106,1219166
2024-11-07,2430.630859375,2464.407253718044,2421.401332931118,2455.374054274254,1322446
2024-11-08,2462.247314453125,2469.6605169147483,2422.579669604473,2438.927788649835,1700877
2024-11-11,2445.899169921875,2469.316739128912,2430.189173754933,2463.5237739285594,1175577
2024-11-12,2416.884765625,2451.692178555918,2411.484454346943,2449.7775706822567,1624222
2024-11-13,2420.272216796875,2427.980029788182,2405.985890652603,2417.4740174733843,1262017
2024-11-14,2345.89501953125,2420.026560463074,2340.4947086024417,2415.804451248359,2443393
2024-11-18,2378.984375,2381.0464079817834,2332.6890737165863,2357.62859793872,1374215
2024-11-19,2366.661865234375,2395.970682267616,2361.507022871615,2387.8210740176746,1133370
2024-11-21,2339.611328125,2380.800928160588,2333.0328148891485,2380.800928160588,1291829
2024-11-22,2400.92919921875,2407.6551370493976,2334.7509378705845,2347.613353088314,1696471
2024-11-25,2426.654296875,2460.2835069783887,2413.0554754508216,2425.2306264341637,4368045
2024-11-26,2434.263916015625,2449.7284438602323,2415.80462213737,2441.186181184411,982442
2024-11-27,2441.82421875,2447.7646089278323,2413.4481343744396,2430.2871904428803,948232
2024-11-28,2417.57177734375,2493.1269856575846,2408.7349052669156,2440.9404425567004,2540530
2024-11-29,2450.906494140625,2462.050868133835,2410.600728530422,2410.600728530422,1795164
2024-12-02,2434.21484375,2445.359218749969,2415.9521160801214,2439.9589072851527,1006993
2024-12-03,2437.847900390625,2446.291879693493,2421.3032144140357,2435.0494613734018,1641588
2024-12-04,2419.830322265625,2447.8137526509245,2412.024465943355,2436.12953900783,1321495
2024-12-05,2449.384765625,2469.414913971408,2405.642199026858,2420.910398823739,2071795
2024-12-06,2438.78076171875,2450.5632597319986,2430.1402152325936,2449.777711921342,1308086
2024-12-09,2357.23583984375,2432.054648922866,2340.1021731538126,2420.3212934353196,3385021
2024-12-10,2353.897705078125,2369.2639501866993,2345.0116899782884,2365.0418405006158,2063838
2024-12-11,2357.824951171875,2365.6799489199275,2341.77120363809,2361.4086980082207,1718225
2024-12-12,2302.447021484375,2356.450129788821,2295.623040287186,2341.8202926979993,3231056
2024-12-13,2346.779052734375,2351.1483476463695,2291.155701547438,2302.447261734775,2260902
2024-12-16,2323.262939453125,2349.626373461965,2320.170129749529,2346.975359470951,1247552
2024-12-17,2320.41552734375,2336.861929579234,2310.6950631027157,2310.6950631027157,2131569
2024-12-18,2316.43896484375,2339.8076328717684,2307.454906369584,2307.454906369584,988403
2024-12-19,2317.0771484375,2343.685809457716,2293.659340534284,2304.459962428923,1655915
2024-12-20,2291.597412109375,2330.479748587135,2282.515070557055,2309.467724557705,2069691
2024-12-23,2296.5068359375,2309.124022795506,2273.285593186901,2294.641369734494,1066199
2024-12-24,2293.217529296875,2314.229552226785,2288.848234775878,2288.848234775878,683646
2024-12-26,2290.46826171875,2299.403417590653,2282.564122249837,2289.9773243568984,1033769
2024-12-27,2298.814208984375,2303.134361905232,2286.049837508968,2300.5324897599107,556816
2024-12-30,2301.0234375,2316.389681190017,2282.8587549338595,2299.05968803339,924180
2024-12-31,2284.675537109375,2310.00771587375,2281.1406918459334,2297.5870951983143,1878762
2025-01-01,2280.011474609375,2294.7884979654154,2278.1949104183414,2282.8588155253287,559893
2025-01-02,2327.04296875,2336.517963432763,2273.5307992154535,2287.767981935654,1650744
2025-01-03,2362.635986328125,2370.834735922727,2321.9373281379058,2338.678339641274,1274239
2025-01-06,2333.130615234375,2375.10575867804,2318.8442903999216,2374.1730256557257,900419
2025-01-07,2347.46630859375,2358.708727057057,2332.1981075834215,2334.063573808319,922768
2025-01-08,2357.481201171875,2365.3361989267164,2325.0793354331527,2347.662453978323,953351
2025-01-09,2391.2578125,2428.814523921439,2343.1459468882217,2361.458055894267,2425267
2025-01-10,2397.787109375,2411.4842132129756,2370.049149674973,2391.257498926049,1651911
2025-01-13,2406.5751953125,2415.903006147045,2365.3855943599074,2373.2405929574184,2595013
2025-01-14,2325.0302734375,2423.2668904188554,2321.2501994677364,2420.3212661598373,2052741
2025-01-15,2329.989013671875,2341.6732284736895,2307.5041755449906,2330.8726051486196,1215150
2025-01-16,2302.496337890625,2336.861954874067,2283.8898589241226,2333.867188879549,2762596
2025-01-17,2311.3330078125,2336.1744852788183,2300.532386280666,2307.405509073651,1333005
2025-01-20,2302.692626953125,2325.079419305078,2293.315675101929,2313.7387179443335,1382273
2025-01-21,2298.077880859375,2334.2109200503423,2290.173741080801,2310.8422527675875,1842885
2025-01-22,2300.4833984375,2319.1881603751613,2289.928244871017,2300.0907444235577,2658047
2025-01-23,2279.618408203125,2298.8632479151706,2212.9983546557087,2273.0398957567777,3408925
2025-01-24,2325.177490234375,2337.6472505376432,2280.894846953598,2290.5664082907183,1688664
2025-01-27,2349.47900390625,2366.023448998165,2318.353383718259,2322.1336972511494,2477358
2025-01-28,2345.551513671875,2363.3724438998315,2336.321747502455,2357.48119559763,1892156
2025-01-29,2340.740234375,2352.5718729143537,2321.151881289454,2341.9184361178313,699576
2025-01-30,2365.0908203125,2381.0462851096263,2340.7894200830306,2340.7894200830306,1419960
2025-01-31,2424.052490234375,2434.0675649870627,2357.9722699945264,2357.9722699945264,2116148
2025-02-01,2460.627197265625,2554.838028984739,2391.0121355827387,2430.139939176491,2970999
2025-02-03,2397.68896484375,2474.3243359703793,2372.7003007430244,2459.5962149229367,2528480
2025-02-04,2393.85986328125,2405.5932189981568,2359.2979188534423,2405.5932189981568,1992474
2025-02-05,2347.711669921875,2408.538762766955,2343.735029239593,2408.538762766955,1357416
2025-02-06,2329.694091796875,2365.2870502684787,2317.518941198998,2356.499319499281,1132113
2025-02-07,2321.0048828125,2338.776673176707,2293.7578566318184,2336.8620652260356,855602
2025-02-10,2318.648193359375,2354.535765162653,2309.418666146116,2327.9268622556306,1326354
2025-02-11,2273.285400390625,2334.848896170445,2254.924391433907,2328.024914944897,1389260
2025-02-12,2290.222900390625,2297.4886778004043,2263.319627586285,2283.5461040133705,1341909
2025-02-13,2279.42236328125,2303.0856420040236,2271.4201794945166,2287.8665825033304,1334967
2025-02-14,2276.329345703125,2323.1155800749834,2271.4688740822953,2279.9130925334366,1135380
2025-02-17,2287.178955078125,2293.659424337889,2258.311933209394,2276.3294308235972,1409168
2025-02-18,2254.384521484375,2296.1633418095184,2246.5295231516766,2287.17904363718,1035705
2025-02-19,2209.611083984375,2263.9088115608124,2207.2546802120023,2257.084829242589,1521343
2025-02-20,2207.3037109375,2213.587613824965,2186.1442608736543,2209.6109729078917,2206196
2025-02-21,2201.019287109375,2212.7037396655705,2186.045698194655,2207.303428909442,1781509
2025-02-24,2200.822998046875,2210.1999493735907,2178.5836319813607,2189.5805806766357,1627949
2025-02-25,2218.349609375,2228.4629669638985,2197.3864881550335,2202.345003448744,1988040
2025-02-27,2204.259765625,2228.512025036238,2192.6246931729806,2228.512025036238,1699658
2025-02-28,2150.551025390625,2208.8253837386137,2146.230872669716,2204.3578059858905,3683249
2025-03-03,2137.394287109375,2159.1427183773503,2119.3767883663077,2159.1427183773503,1306470
2025-03-04,2118.24755859375,2140.4869254884225,2097.284437084069,2140.437783808497,1800330
2025-03-05,2131.10986328125,2152.1710273429244,2111.0305739051128,2112.9943232761875,1145673
2025-03-06,2178.73095703125,2189.3843940941274,2124.5315180663188,2135.5776091481193,1856868
2025-03-07,2164.592041015625,2186.340470972133,2149.5201676266793,2186.340470972133,1738356
2025-03-10,2207.0087890625,2226.0570617705903,2154.87114820946,2167.9792709376043,1242387
2025-03-11,2176.76708984375,2221.44238913751,2171.170451941259,2199.399349846657,1325891
2025-03-12,2153.153076171875,2189.5315841563634,2145.39636141498,2177.160105947309,1526212
2025-03-13,2135.38134765625,2169.894150742321,2125.2188476629813,2145.3964226012604,1845629
2025-03-17,2131.8955078125,2155.656828338742,2117.412855542962,2121.8312918285837,1111886
2025-03-18,2131.8955078125,2131.8955078125,2131.8955078125,2131.8955078125,0
2025-03-19,2160.173583984375,2172.7416286827006,2153.6931147712576,2166.9975655294597,1341405
2025-03-20,2201.755859375,2208.1380452959766,2148.783764173998,2163.9536812276774,1426689
2025-03-21,2205.487060546875,2214.32393347734,2185.45691112403,2204.308858765917,2152415
2025-03-24,2215.3056640625,2224.9280841258274,2200.3812164721885,2209.4635575040347,1454404
2025-03-25,2230.13232421875,2250.4570850278583,2202.6889709722714,2209.9547487462705,2229340
2025-03-26,2205.241455078125,2238.576053510754,2197.239272084734,2230.8193391946506,1416907
2025-03-27,2203.965087890625,2219.920552767721,2160.124475668381,2203.5232921909783,3752627
2025-03-28,2217.90771484375,2254.3842632873084,2199.6938916027498,2206.2724040098356,2280152
2025-04-01,2193.361083984375,2243.240131281449,2179.7620223282347,2218.0551389367038,2495962
2025-04-02,2197.33740234375,2203.0323238244255,2150.3548394880845,2203.0323238244255,1351493
2025-04-03,2203.866943359375,2212.0654534146915,2180.3510918370066,2185.1130403837997,1310088
2025-04-04,2203.866943359375,2225.959124485599,2181.7256205542135,2189.580618287982,1120226
2025-04-07,2208.62890625,2220.6079696442002,2111.0306546602815,2111.0306546602815,3435185
2025-04-08,2247.756591796875,2264.399319536186,2211.5255123036677,2227.18636537145,2774874
2025-04-09,2307.40576171875,2311.480446220256,2248.002336789395,2252.3716316716723,2989089
2025-04-11,2323.262939453125,2351.442937710442,2301.858260794508,2351.1974690128386,3836083
2025-04-15,2318.697265625,2356.4994442091893,2302.692658956642,2356.4994442091893,3042779
2025-04-16,2323.704833984375,2332.934360568433,2308.3874922964587,2308.3874922964587,1131979
2025-04-17,2331.952392578125,2336.763482680823,2300.630685801908,2314.3769314844735,1962402
2025-04-21,2308.387451171875,2329.3994741521456,2306.2273747455256,2325.177604656988,1478430
2025-04-22,2355.222900390625,2362.3906339646264,2312.413305383334,2327.043143182113,2352346
2025-04-23,2379.867919921875,2393.810492567148,2350.0187855371846,2366.3180012661305,2226066
2025-04-24,2283.153564453125,2442.31532877599,2275.102238880822,2379.8682341199365,7065430
2025-04-25,2289.92822265625,2299.4523596993467,2252.8133095091957,2289.633612290894,2859858
2025-04-28,2276.57470703125,2306.423601129874,2273.0398623310593,2302.4961024476606,1555660
2025-04-29,2279.618408203125,2290.22270274414,2270.6834923989963,2285.8042666616752,1896387
2025-04-30,2299.64892578125,2309.8603271969996,2274.0218991661004,2277.949398128391,2083807
2025-05-02,2276.57470703125,2302.4961024476606,2268.1304889782928,2291.7937644248273,1424284
2025-05-05,2306.03125,2312.21686946445,2277.0659434146482,2281.9753174121656,2074103
2025-05-06,2338.629150390625,2346.778758141565,2297.7830679976596,2297.7830679976596,1888125
2025-05-07,2327.82861328125,2343.6366523024376,2312.609555257485,2326.06119085797,1610400
2025-05-08,2312.216796875,2328.9086679425363,2298.5688334765755,2318.8935932451186,2323073
2025-05-09,2290.615478515625,2300.2378988832365,2260.57025538677,2287.768137663965,1805685
2025-05-12,2339.316650390625,2343.7350868761478,2303.5765044828277,2317.2244679630116,1274873
2025-05-13,2317.224609375,2354.5358530852754,2310.155158509844,2332.5419526791165,1929665
2025-05-14,2307.896728515625,2327.0432872078413,2296.1142308588765,2327.0432872078413,1568111
2025-05-15,2312.51123046875,2326.9447405218516,2297.586783068839,2308.976625401022,3236681
2025-05-16,2338.236572265625,2343.735167077532,2306.423924367458,2317.2245472572163,1473000
2025-05-19,2339.512939453125,2361.408794513757,2331.95255175475,2331.95255175475,936655
2025-05-20,2298.6669921875,2351.1972894631904,2296.1140220411703,2351.1972894631904,1617408
2025-05-21,2321.053466796875,2332.6396359970754,2302.496131178057,2303.478005860862,1570754
2025-05-22,2288.45556640625,2320.268454005645,2271.174713619723,2312.3151721769136,2423653
2025-05-23,2316.43896484375,2321.642949192319,2287.3756147859463,2294.5431090059574,844118
2025-05-26,2350.706298828125,2353.8482499032,2321.250058032729,2325.07927344993,892618
2025-05-27,2337.058349609375,2365.8273291751543,2317.5191369873537,2350.706553150472,1865258
2025-05-28,2319.18798828125,2344.716729896539,2309.3692415061387,2344.716729896539,897517
2025-05-29,2323.802978515625,2332.9344618523432,2312.8060289954524,2326.0613384377953,1111275
2025-05-30,2305.736328125,2331.8540504341177,2301.0232817809842,2317.224213784136,3288892
2025-06-02,2328.6142578125,2340.789408851528,2301.121764755519,2305.343634416857,1178205
2025-06-03,2309.6640625,2336.3710082209473,2300.139925202615,2322.2321074614806,1643913
2025-06-04,2321.642822265625,2324.686729845221,2299.6489239802295,2316.733448566607,3287896
2025-06-05,2333.3271484375,2336.861993557662,2306.3255917892498,2321.642934355921,1787978
2025-06-06,2346.484130859375,2353.0626431956043,2327.141247831911,2330.283198828193,997488
2025-06-09,2349.82275390625,2355.517675763248,2335.1929150826363,2350.608301699548,1293622
2025-06-10,2351.786376953125,2356.695750752591,2335.2908330438154,2350.0189544422137,1778782
2025-06-11,2333.3271484375,2359.346830298541,2328.319730852048,2351.7864423801357,1977707
2025-06-12,2290.419189453125,2344.7169112625684,2281.9752104026784,2343.6367531475557,3339584
2025-06-13,2276.967529296875,2282.760494395082,2260.2756586638234,2263.221282893185,1740682
2025-06-16,2285.215087890625,2294.248526930686,2271.1744714100378,2277.94931097458,1105297
2025-06-17,2286.3935546875,2290.8119909000766,2271.1744966219585,2277.949336261707,1119284
2025-06-18,2255.660888671875,2289.1426734843863,2244.0747187940665,2285.5097848886408,2056563
2025-06-19,2252.616943359375,2265.9705354890243,2248.7877278228257,2258.410148058999,1214549
2025-06-20,2264.3994140625,2271.0762100507136,2250.849495086671,2253.402465225416,2685864
2025-06-23,2257.35498046875,2268.169866753373,2241.082750343553,2265.590049100476,842856
2025-06-24,2245.44873046875,2283.053027199062,2242.6705210148793,2277.099825042089,2440747
2025-06-25,2260.9267578125,2272.6347697099336,2253.683647230803,2261.2244663474958,1047270
2025-06-26,2263.010498046875,2273.130892683563,2253.8823037125367,2271.0471751540676,1874722
2025-06-27,2288.90673828125,2292.4787561982344,2261.5221557844948,2263.0104562105053,1050745
2025-06-30,2276.702880859375,2298.928070446473,2270.1542620550413,2291.8833514974594,1403754
2025-07-01,2277.595703125,2284.6404218850275,2268.7652176811503,2282.060604307341,759914
2025-07-02,2289.10546875,2290.9905524746237,2269.7575623951902,2277.099747912196,1128034
2025-07-03,2295.356201171875,2308.750905945756,2286.029614742405,2291.9828168641297,1060039
2025-07-04,2321.05419921875,2323.1376744970185,2292.2803906553454,2299.920284481797,1242346
2025-07-07,2391.599609375,2396.858319639088,2322.7410024796927,2322.7410024796927,2701583
2025-07-08,2374.03759765625,2399.6364137173014,2367.3899041263103,2386.6384929568344,1471046
2025-07-09,2404.498046875,2420.670959786851,2378.4033734605428,2380.2884570863953,1741690
2025-07-10,2389.615234375,2415.0156603181044,2378.8996643467794,2404.4982396768783,1053695
2025-07-11,2499.947998046875,2510.2667843766285,2441.8049629845386,2480.50077507572,7242235
2025-07-14,2496.971435546875,2512.7473238245966,2470.5788099993074,2480.5008132523167,2427712
2025-07-15,2507.19091796875,2510.167518959921,2490.422829279717,2501.0393243676117,1700294
2025-07-16,2497.963623046875,2513.144094156912,2487.9423029182253,2506.5957173853917,1284379
2025-07-17,2490.224365234375,2505.702544596446,2486.652347254296,2493.3993577519996,807474
2025-07-18,2470.181884765625,2495.2843577635995,2462.144965698126,2495.2843577635995,771112
2025-07-21,2445.674560546875,2474.150904552474,2436.2486571651175,2471.471769802211,1169960
2025-07-22,2460.359130859375,2465.6178411005535,2433.470647028656,2450.734836023488,861632
2025-07-23,2431.28759765625,2467.6022267172193,2422.953211758524,2461.6490247227266,1320795
2025-07-24,2418.785888671875,2446.7658880933027,2402.1168755368553,2436.744568380519,693984
2025-07-25,2396.560546875,2409.657784838074,2386.638543712917,2407.1772840475533,769388
2025-07-28,2422.556396484375,2429.204090176368,2393.4848786817606,2396.5605543297306,987995
2025-07-29,2434.462890625,2438.3323751192297,2410.7491567723273,2425.7314790440246,732282
2025-07-30,2418.388916015625,2433.768020676373,2379.7924212132107,2422.9531342933756,1224146
2025-07-31,2501.535400390625,2529.1186177565537,2401.224093298107,2401.224093298107,5505507
2025-08-01,2533.781982421875,2706.2264515000306,2517.112968113841,2530.110889578397,4259653
2025-08-04,2523.85986328125,2563.0517752650835,2515.327086013953,2527.1341727297113,1293028
2025-08-05,2514.93017578125,2533.0874906124764,2497.6659866058358,2517.7083852053106,756361
2025-08-06,2515.8232421875,2543.1087511382634,2506.893439258159,2518.898917854651,885487
2025-08-07,2497.8642578125,2524.1575657894737,2475.539751039598,2515.922254843745,847151
2025-08-08,2479.11181640625,2510.16749263262,2467.2054125664436,2496.3760050794067,839794
2025-08-11,2498.757080078125,2504.8095986608714,2459.168385930271,2470.678006035155,992436
2025-08-12,2464.42724609375,2516.815472347512,2460.7561532932295,2498.3604491802103,1406211
2025-08-13,2475.63916015625,2481.9891454246754,2454.108219033236,2465.6178398482184,969803
2025-08-14,2461.252197265625,2489.430589305409,2453.909769595819,2479.4092692334916,1104362
2025-08-18,2548.06982421875,2576.744317534717,2501.6347992367637,2519.1966970429903,3089136
2025-08-19,2584.4833984375,2594.603793083701,2538.445159023351,2552.13757165593,1400717
2025-08-20,2648.9765625,2659.096957697686,2568.3106250001715,2578.7287287523454,3156954
2025-08-21,2627.346435546875,2646.2975584682295,2606.807937462502,2646.2975584682295,2235686
2025-08-22,2609.387451171875,2637.76447641911,2598.5725648830726,2626.3541730605166,1223445
2025-08-25,2611.074462890625,2622.385449660888,2594.8022322765755,2622.385449660888,667598
2025-08-26,2671.5986328125,2683.901819675416,2604.1290122069813,2604.1290122069813,4348648
2025-08-28,2633.696533203125,2726.5665836002318,2626.1559558246827,2726.5665836002318,3198743
2025-08-29,2639.054443359375,2701.7614547505946,2620.797812241766,2644.0154449288766,1972773
2025-09-01,2628.834716796875,2652.4491325813005,2618.714322099665,2639.054428419475,1096729
2025-09-02,2656.120361328125,2671.400149963799,2624.469266767194,2628.338751273143,1525106
2025-09-03,2643.916015625,2665.9428132100716,2637.5660307805015,2660.0889285014373,1010692
2025-09-04,2645.801513671875,2728.5509248247226,2634.787993044382,2728.5509248247226,2494678
2025-09-05,2612.860107421875,2652.0520182863465,2603.335130123233,2646.793550617698,944879
2025-09-08,2603.434326171875,2623.9730666119685,2598.3742498750744,2609.486845026385,903410
2025-09-09,2621.393310546875,2625.560503547093,2590.9328084136164,2616.4323088236597,1610956
2025-09-10,2622.881591796875,2632.2081780734443,2598.5726835316877,2621.393291290843,1031486
2025-09-11,2601.54931640625,2636.9708204363524,2593.6117136101975,2623.1793324727764,1212707
2025-09-12,2560.372802734375,2608.395199020342,2548.9624996026387,2604.5257148528326,1368380
2025-09-15,2560.868896484375,2573.1720829359647,2548.3670761897,2560.37279634945,752745
2025-09-16,2560.769775390625,2569.7988954313,2552.534706310226,2568.01288636171,1040928
2025-09-17,2549.656982421875,2570.8902135171456,2546.4819900088273,2566.8220955202946,970247
2025-09-18,2566.623779296875,2589.5434608386845,2550.847649216938,2550.847649216938,1550153
2025-09-19,2539.635986328125,2584.384074543658,2534.8733764379313,2579.7207815780857,2214708
2025-09-22,2552.1376953125,2567.0207005828506,2540.231291096219,2548.962702635441,1174161
2025-09-23,2502.527587890625,2555.2135215505277,2498.558786627699,2548.8632941880032,1430474
2025-09-24,2529.61474609375,2555.9080548882134,2490.4228329850216,2502.5276285865116,1882881
2025-09-25,2518.502197265625,2547.474399043097,2512.0528949895665,2526.142091514596,1624258
2025-09-26,2492.208740234375,2525.54652468155,2479.905311279923,2515.2277385461766,885612
2025-09-29,2478.4169921875,2497.7648977229896,2423.945293497526,2475.5397082588324,2403556
2025-09-30,2494.788330078125,2506.5956589551924,2472.1663570938695,2478.4170251763394,1678088
2025-10-01,2516.41845703125,2530.110870187784,2478.4171355140884,2495.780641485965,1483899
2025-10-03,2525.050537109375,2528.721872140129,2488.7361501691885,2516.4184426371576,1242611
2025-10-06,2521.974853515625,2529.714064556161,2500.5432294397424,2515.4262344267695,818923
2025-10-07,2497.566650390625,2539.4374563414676,2488.736164248618,2520.188866616989,1291750
2025-10-08,2480.60009765625,2505.305788537764,2466.7092932841597,2491.414984165673,1225128
2025-10-09,2497.963623046875,2503.3214078814285,2478.814108419605,2481.493000836882,1259173
2025-10-10,2509.17529296875,2515.12849489021,2486.9501026898624,2490.422803810714,1018875
2025-10-13,2473.35693359375,2511.854353327809,2466.0145060992772,2499.5509243788547,1114750
2025-10-14,2482.782958984375,2489.6290444351353,2462.9389521863327,2473.555447376003,1461017
2025-10-15,2499.3525390625,2512.0527512652384,2483.0805511453786,2483.0805511453786,881070
2025-10-16,2541.52099609375,2548.466397996017,2487.545398204978,2498.1618926654496,1446646
2025-10-17,2583.391845703125,2594.603757423401,2540.0327414928897,2545.4898430859407,2050690
2025-10-20,2574.164306640625,2604.228023538072,2565.4331379755677,2588.6505276068815,1011485
2025-10-21,2571.485595703125,2586.3686009360827,2564.9372187424715,2573.7677049527942,82020
2025-10-23,2581.308349609375,2646.396542743126,2575.8512480603545,2580.7129325458322,3386744
2025-10-24,2496.772705078125,2563.845541367595,2455.1996099512826,2563.845541367595,3110800
2025-10-27,2492.208740234375,2505.3057356327795,2486.453930097325,2496.7727162326983,2127832
2025-10-28,2477.62353515625,2506.298027731777,2462.541896386315,2499.3526254379835,2294976
2025-10-29,2468.693603515625,2493.994710552656,2464.6254854896224,2493.002510276694,1870143
2025-10-30,2450.337890625,2477.5240812054235,2435.752352825584,2471.5708795685664,1195631
2025-10-31,2446.269775390625,2460.160579225737,2433.7679550444664,2449.742476349403,1401937
2025-11-03,2440.812744140625,2455.5964317532575,2421.2664466287306,2436.943259855451,1049185
2025-11-04,2426.624267578125,2444.0870900572017,2422.2586830765586,2440.812780562824,1251588
2025-11-06,2417.0,2444.682292267998,2413.6266157779787,2444.682292267998,1329256
2025-11-07,2414.0,2425.0,2400.60009765625,2417.0,817896
2025-11-10,2408.800048828125,2429.300048828125,2404.0,2405.0,780558
2025-11-11,2427.5,2433.699951171875,2403.10009765625,2422.199951171875,1422399
2025-11-12,2424.5,2434.800048828125,2416.199951171875,2430.60009765625,1680827
2025-11-13,2407.60009765625,2431.0,2405.0,2429.0,1256059
2025-11-14,2427.699951171875,2430.199951171875,2392.0,2405.10009765625,975973
2025-11-17,2425.0,2438.39990234375,2416.0,2431.39990234375,920038
2025-11-18,2404.0,2422.89990234375,2401.89990234375,2415.800048828125,1229034
2025-11-19,2441.60009765625,2450.699951171875,2411.0,2412.0,1465143
2025-11-20,2428.39990234375,2459.0,2425.0,2445.10009765625,1396929
2025-11-21,2433.699951171875,2443.199951171875,2413.0,2436.199951171875,1840712
2025-11-24,2424.199951171875,2444.89990234375,2413.0,2441.89990234375,4092327
2025-11-25,2414.10009765625,2424.199951171875,2406.0,2422.0,1240672
2025-11-26,2425.199951171875,2427.699951171875,2409.0,2412.0,1242683
2025-11-27,2451.699951171875,2459.699951171875,2425.0,2426.10009765625,1872248
2025-11-28,2466.60009765625,2470.0,2447.199951171875,2450.0,973225
2025-12-01,2464.5,2488.0,2458.800048828125,2466.60009765625,1924828
2025-12-02,2477.800048828125,2484.39990234375,2460.0,2471.0,2179406
2025-12-03,2448.0,2484.89990234375,2403.10009765625,2478.199951171875,3535932
2025-12-04,2462.199951171875,2483.0,2423.199951171875,2440.0,2587753
2025-12-05,2338.60009765625,2422.0,2286.699951171875,2422.0,4008271
2025-12-08,2314.0,2355.10009765625,2302.0,2350.10009765625,1898154
2025-12-09,2306.5,2330.39990234375,2298.10009765625,2318.0,1471488
2025-12-10,2301.699951171875,2316.89990234375,2295.0,2306.5,2857290
2025-12-11,2305.60009765625,2313.0,2292.0,2296.300048828125,1108032
2025-12-12,2260.60009765625,2309.0,2244.699951171875,2306.89990234375,3203114
2025-12-15,2293.5,2299.0,2252.0,2260.60009765625,1274115
2025-12-16,2281.10009765625,2302.699951171875,2276.0,2293.39990234375,1256042
2025-12-17,2275.60009765625,2286.199951171875,2268.300048828125,2281.199951171875,808100
2025-12-18,2265.5,2278.300048828125,2255.300048828125,2270.0,1057295
2025-12-19,2280.0,2284.800048828125,2263.699951171875,2263.699951171875,1237214
2025-12-22,2289.5,2295.0,2280.0,2280.0,790773
2025-12-23,2302.60009765625,2310.0,2280.699951171875,2289.300048828125,1128801
2025-12-24,2282.199951171875,2305.0,2278.10009765625,2302.60009765625,519380
2025-12-26,2285.39990234375,2290.0,2275.0,2282.300048828125,533626
2025-12-29,2293.300048828125,2298.699951171875,2280.0,2288.89990234375,1086695
2025-12-30,2290.199951171875,2298.0,2283.0,2293.300048828125,1556717
2025-12-31,2315.89990234375,2325.5,2286.800048828125,2290.0,1324220
2026-01-01,2323.0,2326.0,2300.0,2322.0,758866
2026-01-02,2348.0,2357.699951171875,2322.0,2326.0,973413
2026-01-05,2384.10009765625,2394.0,2336.39990234375,2341.5,1344113
2026-01-06,2424.699951171875,2428.10009765625,2367.800048828125,2398.800048828125,1584720
2026-01-07,2399.39990234375,2421.89990234375,2382.0,2416.0,892690
2026-01-08,2386.699951171875,2418.10009765625,2368.10009765625,2389.0,1163828
2026-01-09,2372.60009765625,2386.0,2361.0,2382.0,1189464
2026-01-12,2406.199951171875,2413.89990234375,2361.0,2362.0,1057665
2026-01-13,2389.5,2422.199951171875,2365.0,2415.10009765625,1519683
2026-01-14,2353.5,2398.89990234375,2341.0,2398.89990234375,1027639
2026-01-15,2353.5,2353.5,2353.5,2353.5,0
2026-01-16,2360.39990234375,2372.89990234375,2348.89990234375,2370.0,1367606
2026-01-19,2413.89990234375,2425.39990234375,2353.0,2353.0,1505238
2026-01-20,2379.10009765625,2439.0,2368.5,2423.0,1460806
2026-01-21,2368.0,2400.5,2360.0,2379.10009765625,1020245
2026-01-22,2390.60009765625,2402.0,2365.699951171875,2368.89990234375,1745964
2026-01-23,2409.5,2434.300048828125,2376.800048828125,2400.0,1378097
2026-01-27,2400.89990234375,2421.60009765625,2380.5,2412.0,2060117
2026-01-28,2378.39990234375,2420.199951171875,2340.60009765625,2403.10009765625,1797593
2026-01-29,2352.60009765625,2374.699951171875,2312.0,2370.5,1478536
2026-01-30,2373.0,2385.0,2340.0,2341.0,2090462
2026-02-02,2357.300048828125,2360.0,2303.0,2356.10009765625,1375089
2026-02-03,2368.60009765625,2399.89990234375,2343.300048828125,2390.0,1553270
2026-02-04,2371.0,2393.5,2356.800048828125,2360.60009765625,1232755
2026-02-05,2354.39990234375,2423.0,2351.60009765625,2362.5,1962066
2026-02-06,2424.199951171875,2429.0,2337.5,2354.39990234375,1421995
2026-02-09,2435.0,2439.0,2402.0,2425.0,958484
2026-02-10,2453.60009765625,2458.10009765625,2430.10009765625,2435.0,792532
2026-02-11,2462.89990234375,2470.60009765625,2447.0,2460.0,1137856
2026-02-12,2409.699951171875,2479.60009765625,2350.10009765625,2475.0,4656164
2026-02-13,2305.199951171875,2400.0,2300.300048828125,2400.0,2791519
2026-02-16,2319.0,2327.0,2288.10009765625,2308.10009765625,2036833
2026-02-17,2312.300048828125,2326.0,2303.39990234375,2309.300048828125,1233244
2026-02-18,2323.5,2328.89990234375,2306.0,2312.60009765625,830787
2026-02-19,2279.300048828125,2337.39990234375,2275.60009765625,2336.0,940180
2026-02-20,2314.5,2331.199951171875,2278.300048828125,2285.0,1716316
2026-02-23,2345.39990234375,2350.0,2320.800048828125,2325.0,1300035
2026-02-24,2358.60009765625,2372.0,2330.300048828125,2331.10009765625,1544803
2026-02-25,2374.89990234375,2380.0,2349.0,2368.89990234375,1158620
2026-02-26,2383.300048828125,2387.300048828125,2355.199951171875,2378.0,1470677
2026-02-27,2338.10009765625,2378.89990234375,2330.60009765625,2369.300048828125,3053227
2026-03-02,2320.60009765625,2354.0,2290.199951171875,2303.0,2273224
2026-03-04,2261.300048828125,2311.60009765625,2252.10009765625,2292.89990234375,2648737
2026-03-05,2255.0,2277.800048828125,2228.39990234375,2275.5,1751288
2026-03-06,2225.699951171875,2250.0,2219.5,2245.10009765625,1674258
2026-03-09,2194.60009765625,2200.0,2170.39990234375,2199.0,1512817
2026-03-10,2190.199951171875,2224.0,2175.0,2224.0,1084986
2026-03-11,2161.39990234375,2195.0,2156.0,2190.199951171875,1313256
2026-03-12,2136.89990234375,2165.10009765625,2109.300048828125,2165.10009765625,1791973
2026-03-13,2160.0,2191.89990234375,2120.300048828125,2136.0,2298875
2026-03-16,2175.699951171875,2186.699951171875,2154.0,2169.60009765625,1981511
2026-03-17,2158.199951171875,2184.800048828125,2145.5,2172.800048828125,1705956
2026-03-18,2135.300048828125,2175.0,2129.699951171875,2165.0,2441148
2026-03-19,2077.300048828125,2133.60009765625,2070.10009765625,2112.0,2098905
2026-03-20,2082.699951171875,2099.800048828125,2069.0,2099.699951171875,2429744
2026-03-23,2052.199951171875,2097.0,2033.300048828125,2062.300048828125,2599535
2026-03-24,2085.0,2115.0,2066.0,2070.0,1702418
2026-03-25,2134.800048828125,2154.699951171875,2086.0,2098.0,2069217
2026-03-27,2074.39990234375,2127.0,2069.5,2123.300048828125,2789151
2026-03-30,2055.199951171875,2082.39990234375,2046.199951171875,2064.0,2482193
2026-04-01,2064.699951171875,2119.89990234375,2052.0,2119.89990234375,2028470
2026-04-02,2065.300048828125,2069.89990234375,2022.5,2055.0,1431905
2026-04-06,2084.800048828125,2092.800048828125,2041.9000244140625,2065.300048828125,1661298
2026-04-07,2110.60009765625,2119.5,2050.800048828125,2064.699951171875,2709707
2026-04-08,2145.60009765625,2192.800048828125,2130.0,2130.0,3794437
2026-04-09,2133.199951171875,2162.89990234375,2115.0,2145.5,2506245
2026-04-10,2155.300048828125,2170.0,2121.39990234375,2133.199951171875,2144484
2026-04-13,2127.199951171875,2140.699951171875,2113.5,2131.0,1994541
2026-04-15,2157.60009765625,2168.0,2140.89990234375,2140.89990234375,1552971
2026-04-16,2139.10009765625,2163.699951171875,2129.10009765625,2158.0,1845734
2026-04-17,2240.800048828125,2245.0,2133.0,2142.0,4882697
2026-04-20,2231.5,2253.39990234375,2223.199951171875,2240.800048828125,1460822
2026-04-21,2310.699951171875,2335.699951171875,2227.199951171875,2238.699951171875,3217281
2026-04-22,2368.800048828125,2408.0,2310.39990234375,2310.39990234375,5558325
2026-04-23,2366.39990234375,2400.0,2336.0,2336.0,2063531
2026-04-24,2327.300048828125,2388.60009765625,2299.0,2388.60009765625,1676706
2026-04-27,2328.300048828125,2362.800048828125,2325.0,2334.89990234375,1099681
2026-04-28,2289.5,2334.39990234375,2281.10009765625,2321.0,1629120
2026-04-29,2314.39990234375,2349.699951171875,2291.0,2305.0,1778765
2026-04-30,2250.89990234375,2368.800048828125,2211.60009765625,2312.0,4434979
2026-05-01,2250.89990234375,2250.89990234375,2250.89990234375,2250.89990234375,0
2026-05-04,2309.300048828125,2365.800048828125,2268.800048828125,2268.800048828125,2554255
2026-05-05,2327.39990234375,2335.39990234375,2288.10009765625,2301.5,1741424
2026-05-06,2317.10009765625,2339.39990234375,2288.300048828125,2330.0,1196175
2026-05-07,2272.199951171875,2327.89990234375,2268.10009765625,2310.0,1859012
2026-05-08,2287.699951171875,2297.300048828125,2256.0,2272.199951171875,1104526
2026-05-11,2307.199951171875,2317.10009765625,2259.199951171875,2277.10009765625,1903862
2026-05-12,2262.0,2307.0,2256.0,2285.300048828125,983506
2026-05-13,2267.300048828125,2295.800048828125,2250.0,2265.0,1308559
2026-05-14,2248.699951171875,2285.89990234375,2245.0,2268.0,1380764
2026-05-15,2272.199951171875,2298.89990234375,2246.199951171875,2248.699951171875,1038522
2026-05-18,2254.199951171875,2265.0,2224.699951171875,2263.10009765625,1118204
2026-05-19,2232.89990234375,2282.0,2229.5,2242.0,1145022
2026-05-20,2209.300048828125,2226.89990234375,2201.0,2224.89990234375,1071994
2026-05-21,2179.0,2229.0,2176.0,2224.0,1581812
2026-05-22,2203.60009765625,2224.5,2175.39990234375,2180.0,1382889
2026-05-25,2196.5,2238.10009765625,2192.89990234375,2215.0,780722
2026-05-26,2209.39990234375,2220.0,2190.0,2199.60009765625,2302703
2026-05-27,2198.39990234375,2214.60009765625,2187.0,2205.10009765625,616538
2026-05-28,2198.39990234375,2198.39990234375,2198.39990234375,2198.39990234375,0
2026-05-29,2153.5,2207.800048828125,2118.10009765625,2133.5,17701621
