Price,Close,High,Low,Open,Volume
Ticker,INFY.NS,INFY.NS,INFY.NS,INFY.NS,INFY.NS
2020-01-01,633.1512451171875,635.8579587576776,629.4564053054037,631.5616211985041,2112415
2020-01-02,631.3037109375,636.5452206149837,628.0385056083046,634.9126441731436,5658200
2020-01-03,641.013427734375,642.7319623931803,630.6163140268093,630.6163140268093,7882938
2020-01-06,634.8696899414062,647.7157479073298,632.8504325536925,641.0993785171215,6519403
2020-01-07,625.4607543945312,638.091943075868,623.0547637452105,634.1393340585887,7899363
2020-01-08,617.1258544921875,626.4059318828291,608.6190862908794,622.9259094170285,8639443
2020-01-09,625.159912109375,628.5540284252443,613.7746204119936,620.1332193947744,13521186
2020-01-10,634.2682495117188,638.349769643852,627.6948329522857,636.2445540339635,9341405
2020-01-13,664.6862182617188,668.0803346309402,648.7468201239355,653.0431566810477,36952038
2020-01-14,666.49072265625,667.607759691393,659.2299032595474,661.592888406991,11414418
2020-01-15,659.530517578125,664.9438903563332,654.890506244878,664.9438903563332,6047430
2020-01-16,659.0579833984375,663.7839532924289,653.2579294376299,662.2372827253157,5740586
2020-01-17,659.7884521484375,664.1277944750946,654.9765756863783,662.2373957058855,3762957
2020-01-20,660.3038940429688,665.4165444008263,655.5779244163876,663.0105542708876,3887680
2020-01-21,655.1912841796875,662.0654222432121,653.6875664782915,660.3039348535362,4448374
2020-01-22,661.8076782226562,668.5099526054332,658.1987451102337,660.3039604629397,9733935
2020-01-23,673.9663696289062,674.9545481250569,667.3930054333838,667.7366809288342,12528017
2020-01-24,672.591552734375,675.8138054622625,664.7292351001217,666.5766809756518,7540490
2020-01-27,668.5958862304688,674.3529878110744,665.4166390766485,669.4122006803074,3741610
2020-01-28,668.5099487304688,671.7751539292527,663.354345012753,671.0877505893266,5121009
2020-01-29,678.5634155273438,681.2271232506934,673.8803981274411,675.8996553584789,6832757
2020-01-30,670.8299560546875,678.5633613449273,668.5099239785133,678.5633613449273,3859680
2020-01-31,666.7486572265625,674.4820650758274,663.0108119654341,670.7012669268643,6092028
2020-02-03,659.4017333984375,679.6374674069847,656.9098373016258,671.9470147414929,6416745
2020-02-04,676.9738159179688,678.7353560855137,661.7218192118607,661.7218192118607,5771311
2020-02-05,674.1381225585938,675.3840705824857,665.4165912823738,671.087734255625,6310409
2020-02-06,662.7958374023438,676.0715282077489,661.6358474791257,673.9663127493939,7341622
2020-02-07,667.9085083007812,669.2403622194024,662.4951344230042,666.7485183432282,2853344
2020-02-10,664.3855590820312,668.5100320813469,661.4210760856257,665.0729625076639,3827682
2020-02-11,664.6862182617188,669.4551413510103,660.948426435237,669.3692355980739,4312817
2020-02-12,671.1307373046875,673.021135918938,666.0180862043903,666.6195838242222,2948825
2020-02-13,680.7544555664062,682.2581732025579,672.1188304878938,674.5247682166347,4387430
2020-02-14,675.7708740234375,686.7265336458709,674.1811978265952,682.6879662763401,5321680
2020-02-17,678.3486938476562,681.7857636220995,673.0641780912407,679.0790501965164,2929629
2020-02-18,685.3945922851562,686.5975350544546,673.3648499190842,674.5248398118925,5083346
2020-02-19,687.800537109375,691.5812818518593,684.1056981207253,687.4138563260885,3985192
2020-02-20,684.836181640625,692.6554947313356,682.1294681000963,690.2066033912572,4564569
2020-02-24,683.8478393554688,697.3812989273168,680.6685923965873,687.4997252716818,6627536
2020-02-25,686.0390625,692.5694732797665,683.4612604902738,686.5546019237387,6996695
2020-02-26,672.591552734375,688.6598634932111,670.6582010976425,682.2153580374362,8760569
2020-02-27,668.381103515625,670.8729998695887,663.5262743370657,668.5100145994749,5223386
2020-02-28,628.725830078125,650.2934161406274,620.4338804966222,644.4504095828447,14123957
2020-03-02,636.7599487304688,658.1127701398912,630.487308653073,633.2799270559657,9821523
2020-03-03,641.8726196289062,652.183826369933,636.9318330654977,648.7467574562573,7826587
2020-03-04,651.9690551757812,654.3320402192519,640.6267164780191,647.8016298045927,11013444
2020-03-05,648.4031372070312,664.686264377304,645.9542461777803,656.2654546302358,7755293
2020-03-06,634.9556274414062,639.2949171290524,626.4918124610296,636.7171150438545,9216022
2020-03-09,605.3108520507812,623.6991405627762,598.9093002604727,622.5391507011657,10308654
2020-03-11,589.4573364257812,598.0070560948201,574.8927459768876,593.4529501363179,16165009
2020-03-12,542.3695678710938,575.7091309346221,539.1902681514557,573.9905962154143,13965574
2020-03-13,551.950439453125,573.131403608158,489.78245885554736,508.6863432324281,16903113
2020-03-16,501.081787109375,534.5932144936081,498.37507391936435,534.4643034100769,19140152
2020-03-17,476.8504333496094,508.68627864387685,472.59704941576393,505.3351149516307,16059887
2020-03-18,459.1065368652344,496.65653073330947,453.69316302281555,488.0638571912107,15390183
2020-03-19,468.7733459472656,479.4712361680773,437.5819480619953,437.5819480619953,16583991
2020-03-20,502.84332275390625,530.5546980453278,470.87856309144104,472.1674642677862,21354894
2020-03-23,452.3612976074219,482.0060205736713,443.29603774017926,464.00435947172974,17146150
2020-03-24,506.7958984375,516.5486148256612,448.53757961967995,448.53757961967995,20027097
2020-03-25,520.8878173828125,545.6347036910361,486.0874937615732,512.9825481945646,18339548
2020-03-26,552.5089721679688,559.254200694454,525.9575868973951,528.4494834888037,14843813
2020-03-27,560.8438110351562,579.9195567351105,551.8644567193235,571.455741852175,13495283
2020-03-30,538.5028076171875,570.1238326064855,533.6908794466455,537.1279485203846,14624804
2020-03-31,551.2200317382812,568.8350132669402,544.5177565725783,558.5238045672374,15175521
2020-04-01,517.9664306640625,547.783022951467,510.40488726771986,545.0763093892614,13083824
2020-04-03,503.2729187011719,520.7160361559045,500.22252996857037,518.5678676899148,10221655
2020-04-07,549.0718383789062,553.5829919806109,526.6449814514958,528.4494219139708,15145605
2020-04-08,542.7130737304688,563.3784892266789,538.2019215024438,541.3382673629854,11806896
2020-04-09,546.7088012695312,560.9296641179702,543.1428211160517,555.774060491067,11931114
2020-04-13,547.6970825195312,559.9845963166536,537.944365692171,540.479215107455,8330276
2020-04-15,549.11474609375,561.3593048627127,546.1502634816354,559.7267284941587,11963447
2020-04-16,536.0538330078125,545.54877772377,518.5677660985184,532.7027223246884,17783287
2020-04-17,540.2643432617188,555.0867049655194,537.9013580625622,553.3681702752236,8878320
2020-04-20,561.359375,567.9757443874141,549.0718618208134,549.9311292102043,13322913
2020-04-21,544.088134765625,555.5163808350769,539.4480697711608,539.4480697711608,11660575
2020-04-22,551.520751953125,554.2274652032556,539.6628724890429,544.0881205149975,8266728
2020-04-23,583.7003173828125,587.438161931594,548.2984910416214,555.9889445374286,14451289
2020-04-24,565.3978271484375,580.0053697951296,562.6481615728995,574.46308577243,7319940
2020-04-27,571.0691528320312,585.1611606451617,568.0187637318701,568.0187637318701,7183306
2020-04-28,567.7179565429688,581.7240040539833,561.1445402456878,578.2869346061016,7296571
2020-04-29,581.3373413085938,586.0203590658929,565.3979417380608,572.2720808473382,8639056
2020-04-30,614.8057861328125,618.6724891902516,599.8545133325081,601.4871422683001,16253821
2020-05-04,578.8883666992188,602.5182164777228,576.0097898952575,592.7225486822473,9122740
2020-05-05,578.8883666992188,589.1136156815189,575.7090673308268,585.8054576907331,6393053
2020-05-06,572.1861572265625,585.54775421405,570.5964811398504,581.6380982067876,7934250
2020-05-07,571.369873046875,579.4469552092237,569.2217045283481,571.8854125131132,4779548
2020-05-08,579.3179321289062,585.0750326135379,574.4200988077865,577.6423506709567,8400321
2020-05-11,586.793701171875,600.2412038897027,582.5832701293116,586.4499732496389,7370186
2020-05-12,590.8751831054688,593.7537075982532,580.4350643742691,583.0128662885886,7356039
2020-05-13,596.4605102539062,601.401297999113,587.5241079626278,597.0190026186598,8287101
2020-05-14,565.5267944335938,577.2128087345696,560.7578189625167,566.2571506603371,16888262
2020-05-15,560.5,571.2408403052488,555.6881245214523,571.2408403052488,9255353
2020-05-18,570.4675903320312,576.1816864987078,561.1015556379695,566.9875157564253,10435442
2020-05-19,574.506103515625,579.8335713362592,562.8200890569237,570.5534948607593,5902208
2020-05-20,575.322509765625,578.2869929526294,566.8157934911394,574.4202894336297,5794636
2020-05-21,577.5994873046875,583.8291752054804,571.7564801764948,572.7016532246166,7213225
2020-05-22,594.9136962890625,597.9211318497405,578.7165286047592,580.0054295593355,11867731
2020-05-26,584.7743530273438,601.0145260450187,583.4424991957494,595.4722414472081,7099606
2020-05-27,606.1700439453125,609.392295877357,580.0053477680099,589.5002396386664,8774636
2020-05-28,607.8456420898438,610.0797158457235,592.8943717373933,607.5019142294739,9440091
2020-05-29,601.8359985351562,610.3714333238881,587.8570398812367,603.1424442628013,28290128
2020-06-01,609.2828979492188,615.4667746750173,602.271647893408,608.5861373326376,12276438
2020-06-02,616.7294921875,619.821456439015,607.5408340340267,610.110188070346,7059304
2020-06-03,611.0247802734375,620.0392895204851,606.1909407313866,618.994122094236,11378568
2020-06-04,616.4246215820312,617.9052706550148,607.4972427459792,611.4165797959532,10782424
2020-06-05,612.7666015625,619.8649781519487,610.1972475918731,615.7714374549481,7718679
2020-06-08,627.8342895507812,632.1455713743576,613.1585694852488,616.3376089004659,10719105
2020-06-09,625.003662109375,635.455228720966,622.7827148362952,627.0939966954599,10078029
2020-06-10,623.4795532226562,626.6150554935999,617.6876745639556,622.7392550922599,7263049
2020-06-11,613.1151123046875,621.3457326543191,609.8925349050078,620.1263618027355,8825715
2020-06-12,602.7505493164062,605.4505692704912,588.3361075718079,588.5973861068697,9795316
2020-06-15,598.8312377929688,613.5070118687655,596.828031391361,603.5780018303001,7857344
2020-06-16,610.7198486328125,620.1262473711666,608.9343834120114,611.4166090653918,10131760
2020-06-17,612.8538208007812,618.645699324969,607.9328530900798,609.5877059023746,7291916
2020-06-18,621.7810668945312,624.1326265846845,614.9004317345867,616.8165626919874,6670195
2020-06-19,614.5086059570312,620.0392589501816,610.545730605669,617.513442224564,22438862
2020-06-22,612.8972778320312,617.2520971243443,609.6747009238366,615.858523055155,7804096
2020-06-23,627.66015625,631.0133460036435,602.7940943595893,605.9295962974941,12157390
2020-06-24,621.9988403320312,633.0165008836472,617.8617621403708,624.3939908640451,10220838
2020-06-25,610.1102294921875,614.5521242461359,604.0134820168909,613.8989013023541,14945284
2020-06-26,651.6552124023438,654.6164578202712,618.3843801884879,618.5585836035233,26030458
2020-06-29,637.3278198242188,648.606812713326,635.890708157022,640.5068592531488,8954428
2020-06-30,640.9859619140625,643.5988538956462,630.7956725540013,638.2424040696302,10411290
2020-07-01,637.4585571289062,646.5165506096668,635.5859633113594,642.1181931501195,5477468
2020-07-02,658.9712524414062,666.6793146995869,640.5068606541765,642.2051976980483,17263756
2020-07-03,664.2842407226562,665.4164832691092,655.4003974607391,657.5778074190804,7796572
2020-07-06,665.41650390625,674.9971080200835,663.2390938803788,666.4616713505532,8810958
2020-07-07,691.676025390625,694.1147137596291,666.7664251287603,670.119668150633,19362533
2020-07-08,674.7357788085938,683.6196216792831,672.5583689461415,683.6196216792831,8476642
2020-07-09,680.8324584960938,688.0614478863074,674.9969900150484,679.351809305468,6854166
2020-07-10,680.963134765625,687.974437005429,673.6906071353015,673.6906071353015,5206452
2020-07-13,694.2018432617188,701.4308338058166,684.6212392935491,686.3196297197912,10804688
2020-07-14,682.1824951171875,702.3453312701514,680.5276423938313,690.6308558322335,8961822
2020-07-15,723.7273559570312,738.9692219455867,692.2419943797657,695.900052848901,30060599
2020-07-16,793.4481201171875,832.2060140197285,778.8594746594895,783.9545922570675,90432109
2020-07-17,786.6110229492188,801.1996674470666,777.0304205924231,793.4480679128025,31682878
2020-07-20,813.7415771484375,823.0609016936783,789.7465318632198,791.2707187182082,18421053
2020-07-21,815.87548828125,827.154482177871,809.2997210251989,823.0609409402522,12877784
2020-07-22,799.4578247070312,817.8351426443229,792.5771882921554,817.791605079048,14354201
2020-07-23,790.7916870117188,797.6287323921299,784.4336611464684,797.4981197022231,13051307
2020-07-24,803.7689819335938,806.2947984070607,786.6981114352445,786.6981114352445,18209580
2020-07-27,826.065673828125,829.854345310317,800.110961740573,802.6367250088961,16827870
2020-07-28,838.6075439453125,842.7010847807401,819.7512079884654,823.9318239474359,15818463
2020-07-29,831.0301513671875,836.1252684580888,821.8414405248313,830.2462626642429,11152710
2020-07-30,837.3882446289062,847.1430508515814,835.0366314885284,837.867264137642,12492320
2020-07-31,841.3511352539062,859.1623578070553,830.2898829887673,844.1817679553299,12704346
2020-08-03,833.42529296875,840.8284853707694,825.194674313446,836.1252595221921,8479792
2020-08-04,827.2850952148438,845.4447256561396,819.1851410278081,836.5173450761472,11133170
2020-08-05,822.7996215820312,836.9527852085158,817.2254312592177,829.1576475331221,9614176
2020-08-06,845.5751953125,848.6671593715186,820.8833925149403,830.4639944434966,10976491
2020-08-07,828.1996459960938,844.356016727954,826.5447932179795,844.356016727954,8010948
2020-08-10,828.5913696289062,833.3381328548547,823.3220493994853,826.4575508985515,5716319
2020-08-11,826.065673828125,837.8672233589381,824.0188768858094,827.3285820419939,6802442
2020-08-12,831.7269897460938,835.0801795086522,820.6221999835866,825.6737799887651,6908726
2020-08-13,828.4609375,843.5286035237278,825.8915831609447,831.5963865229483,5097703
2020-08-14,830.5512084960938,838.7382909592568,829.2012249940352,832.5108774002041,4663873
2020-08-17,833.947998046875,846.9689199798568,830.9866992965691,830.9866992965691,9008210
2020-08-18,842.7011108398438,844.1382225386565,834.9931015883664,839.5221245003936,6141761
2020-08-19,835.5155639648438,846.1848705308918,833.9043021961849,845.6187759556873,6622744
2020-08-20,831.9012451171875,840.9157008118893,828.5480019857753,835.167359957213,5656501
2020-08-21,826.37060546875,839.1302489140896,824.4109365330139,838.7818420617455,6513773
2020-08-24,825.1513061523438,829.157719246277,818.0093907958587,824.8028992922524,5798574
2020-08-25,817.0512084960938,826.2399201143072,813.1318709692636,825.2382903714615,6233918
2020-08-26,828.1124877929688,831.1173239607862,817.3125670377282,819.7947929558187,5153601
2020-08-27,824.8463134765625,836.9527324016003,823.2350515983608,836.1253061022203,6154280
2020-08-28,814.5689086914062,829.5930345133006,812.6527776648473,828.678533138633,7593610
2020-08-31,808.7770385742188,827.851168830503,796.5835442411025,814.5689696462156,12808355
2020-09-01,796.191650390625,814.3512259843709,794.4061319130727,806.7302920513621,6907773
2020-09-02,804.7706298828125,806.8609644709502,795.6255090886897,796.9319549164215,5678118
2020-09-03,814.830322265625,826.893205009047,804.7706991580338,806.9481090583532,8827948
2020-09-04,800.5465698242188,809.5610258248794,796.4530284538974,796.9320480148086,8650342
2020-09-07,805.6851196289062,807.8625293101688,795.2335531588458,800.3287237086498,6700385
2020-09-08,818.096435546875,829.1576884511645,806.1206811180898,809.9529437990697,12891964
2020-09-09,808.0366821289062,823.931771807001,806.5124954474451,814.3511698092452,5528947
2020-09-10,818.7495727539062,820.44796292688,805.4673737787099,814.6124943845828,5171884
2020-09-11,823.6704711914062,831.0301258877148,810.867292778806,814.2640728415365,6671903
2020-09-14,852.1510620117188,863.1687229466722,825.9350179262563,833.5124141412415,21871587
2020-09-15,855.678466796875,865.738088887986,846.2720676098545,853.1091127422357,11608203
2020-09-16,872.4881591796875,875.8849399351467,855.2866207281788,858.770476617092,10059251
2020-09-17,880.54443359375,889.2540719082283,866.6090122905848,866.6090122905848,15628241
2020-09-18,872.8365478515625,887.3380657914502,870.1800652640618,880.5445575814597,12897633
2020-09-21,879.5865478515625,897.9638666323547,871.3994651461405,871.8349471377178,14140637
2020-09-22,877.4962158203125,890.5606756092005,863.2995134816053,878.8026617992012,12625762
2020-09-23,888.1654663085938,903.1895940789525,878.0187152752794,888.5138731438482,13486204
2020-09-24,849.5382080078125,878.8025737387143,844.8349816913309,873.5767903468092,14427432
2020-09-25,880.9364013671875,883.941237297441,849.1897582351297,849.8865186869268,13311078
2020-09-28,880.02197265625,885.0300152339487,869.6574806664623,883.8541820374461,8554526
2020-09-29,878.8025512695312,895.350864920791,874.5348070114925,886.64122615697,8708463
2020-09-30,878.1493530273438,891.8234969024996,875.3187203495963,878.8025759529778,8048817
2020-10-01,886.3365478515625,894.0445580920446,881.1978389182914,888.9058491587734,5563358
2020-10-05,913.3797607421875,918.7798004849233,886.6847502327477,886.6847502327477,14212509
2020-10-06,919.5201416015625,923.2217381933755,898.2686010812685,918.8669186735955,9090819
2020-10-07,928.926513671875,933.673224008942,901.883044273563,910.0701255239738,9284008
2020-10-08,952.5731811523438,978.9634300230256,947.957136243359,949.3506572287348,21482613
2020-10-09,963.9827880859375,969.6440528547571,948.0005171065945,953.7924477107673,10567867
2020-10-12,986.0182495117188,992.8988858617214,968.5989708123903,978.0924989672923,14633537
2020-10-13,1008.40185546875,1015.5873062864777,989.0229123542724,989.0229123542724,17523825
2020-10-14,990.2859497070312,1014.5858636680948,985.1472414570976,1012.0600471060425,16649573
2020-10-15,965.2457275390625,1032.9631697372688,951.5280463220626,1027.737386416507,44288251
2020-10-16,982.0119018554688,989.3715050668912,955.3604249402781,970.1232220903006,18365685
2020-10-19,980.6182861328125,992.0278920737566,971.3860899637599,988.5440364387301,12902123
2020-10-20,990.7213134765625,996.9922102519182,966.7698091947116,974.521408207875,10448776
2020-10-21,1000.17138671875,1005.3971701888551,988.5440397615337,993.9004890821587,19811433
2020-10-22,983.3617553710938,1008.5761157369876,978.7891952608873,994.6406944487392,11271335
2020-10-23,988.1597290039062,999.1637348948184,986.0909973886138,997.4030939522725,9069862
2020-10-26,979.3121948242188,994.4097082292327,971.1252811789768,987.9393760445025,6309368
2020-10-27,960.2974243164062,976.8914412836614,948.2370786061306,973.3701599129556,10172479
2020-10-28,947.708740234375,972.5337265216918,941.9866590192665,964.3907647924992,7608392
2020-10-29,946.212158203125,952.5064692099676,933.2274350784974,941.9426266678977,6935616
2020-10-30,933.6676635742188,953.9150299296095,926.4050212945677,943.7033362164763,8800386
2020-11-02,943.967529296875,950.7018938272915,925.3046738944053,937.541147927628,7183119
2020-11-03,935.3843383789062,950.2177133173723,930.9386780666352,943.7033218793692,7204782
2020-11-04,963.0262451171875,982.4373486186341,939.1256375241331,940.1819787855746,15702690
2020-11-05,971.8735961914062,988.5996816331061,967.47199475938,977.0675073733918,9568890
2020-11-06,979.5763549804688,986.9270075517098,961.0455707942493,975.3948338066585,8807127
2020-11-09,1000.5281982421875,1008.8471830763543,986.9712425271491,994.1458753126033,10160320
2020-11-10,960.4735107421875,980.5447491984452,948.9852877896575,980.5447491984452,15622869
2020-11-11,988.1597290039062,991.5489413261082,956.908352273716,964.8312365151727,12514800
2020-11-12,983.97802734375,1005.3257948795012,980.4567461007396,993.0893210678446,9180976
2020-11-13,989.6559448242188,997.4028057170866,983.3176822471189,985.9586428977378,6363212
2020-11-14,997.7988891601562,1003.2569388846898,995.7301581793329,1000.9240688590967,1136144
2020-11-17,989.2157592773438,1007.966622398931,979.4882856076251,1007.7465423503724,12813968
2020-11-18,977.639892578125,997.1389040551944,969.628890728641,993.4416012485015,9839468
2020-11-19,965.4913940429688,981.293102162355,962.8944918598894,968.3524353291685,10092343
2020-11-20,971.3013916015625,976.2752228404198,960.5174678145515,973.6342619129886,8063554
2020-11-23,1003.4332275390625,1007.790878174103,970.0690615205804,972.7540818349283,10546363
2020-11-24,1003.6094360351562,1016.682174059472,997.7112241672667,1007.9669795562617,8515426
2020-11-25,982.1293334960938,1006.6462315927567,978.2559028049418,1000.9241498215692,8958701
2020-11-26,979.972412109375,985.9145735106353,966.8557269849931,985.9145735106353,10962256
2020-11-27,968.3524780273438,986.8392071533203,960.429594116211,984.1982458496094,25306145
2020-12-01,1001.6722412109375,1003.7850310209975,972.7978053432968,972.7978053432968,8933802
2020-12-02,1004.3574829101562,1010.1235165773928,986.8390869046665,998.2832511595824,6741637
2020-12-03,991.6366577148438,1009.7272810173693,988.3354569268619,1009.7272810173693,16212632
2020-12-04,998.8555297851562,1000.9242611634382,981.5572130142775,990.3604167184415,10564055
2020-12-07,1006.646240234375,1015.0092828948267,1000.0438381340183,1009.9915002829443,7792141
2020-12-08,1015.3175659179688,1027.3339615100924,1007.9669116787111,1007.9669116787111,12308330
2020-12-09,1034.5523681640625,1038.3377884186514,1018.5305817722591,1028.2581640207657,10039346
2020-12-10,1027.9940185546875,1031.4272891775722,1012.3683334085982,1018.8827250462048,9488782
2020-12-11,1023.9884033203125,1031.6912049925668,1016.9899007853345,1020.9072826514108,10574009
2020-12-14,1025.1771240234375,1032.2636384849482,1010.7838000872065,1029.4466563014007,6728187
2020-12-15,1016.4178466796875,1024.4287403099272,1014.1290352797589,1017.6503166522581,6905926
2020-12-16,1026.1893310546875,1029.0064204921753,1015.5374769134664,1021.171548327468,7788404
2020-12-17,1020.4673461914062,1029.0065183931567,1017.826385039295,1026.3655572410455,6658153
2020-12-18,1047.405029296875,1051.9826514064762,1034.904417832873,1041.2867393581423,15995676
2020-12-21,1036.4010009765625,1064.967348110964,1014.172916215412,1045.820384009775,10858352
2020-12-22,1074.4310302734375,1077.3800820720362,1035.3447836733826,1040.5386954389212,10901851
2020-12-23,1103.08544921875,1108.1912427335908,1083.2782414933815,1089.8365850669452,15878346
2020-12-24,1088.119873046875,1100.312286849666,1079.272611671543,1100.312286849666,7313885
2020-12-28,1091.861328125,1098.639751556463,1088.075907791497,1090.2326495757873,4607051
2020-12-29,1100.66455078125,1104.3177941793053,1087.1956067576748,1087.1956067576748,6878105
2020-12-30,1097.5833740234375,1103.305455874379,1089.968582068067,1103.041316804562,5194690
2020-12-31,1105.50634765625,1107.7951590929808,1090.7169226695585,1094.2382040986772,7430470
2021-01-01,1109.5997314453125,1114.0453921542232,1105.5063278261723,1107.3549790511033,4253550
2021-01-04,1134.0726318359375,1135.6131923682199,1110.2159730853582,1117.1264659808303,7208454
2021-01-05,1138.95849609375,1143.5361188661745,1122.4524897590766,1128.5706731227374,8145280
2021-01-06,1128.6585693359375,1146.1769637767932,1116.2901343186134,1144.4163232794403,7161715
2021-01-07,1111.096435546875,1142.3478103430095,1105.242283283007,1140.895260163104,10954918
2021-01-08,1155.068115234375,1159.2056846592145,1125.2692978970617,1125.2692978970617,13186251
2021-01-11,1211.4967041015625,1217.791015480157,1179.6291535352227,1181.4778045970766,20528626
2021-01-12,1207.579345703125,1213.0813474604747,1197.2355823993075,1213.0813474604747,8309868
2021-01-13,1221.136474609375,1226.110306403351,1197.235754056419,1209.4281702066341,14442997
2021-01-14,1206.47900390625,1218.3633282789128,1160.6582880628148,1197.2356405052901,27521697
2021-01-15,1183.986572265625,1201.152815618445,1179.6290303989078,1197.2354338376977,15018441
2021-01-18,1155.0242919921875,1179.629201379863,1149.6983111955979,1177.8685607807886,8861765
2021-01-19,1159.07373046875,1171.70630512877,1154.980219631064,1162.0227819458878,5585744
2021-01-20,1179.14501953125,1187.023950937931,1162.5070513124583,1162.5070513124583,8225838
2021-01-21,1179.3651123046875,1198.1600374653954,1175.227649705845,1188.4324547587196,6142421
2021-01-22,1180.3775634765625,1193.7144387646922,1167.7890464824043,1168.185147670167,9646591
2021-01-25,1166.512451171875,1186.5837977384417,1155.8605966401967,1184.0308472818467,6542611
2021-01-27,1145.2967529296875,1168.669300749039,1131.2996381464989,1161.6706896269554,8133665
2021-01-28,1123.46484375,1141.2913317270973,1120.2517602809414,1137.197927864108,4660690
2021-01-29,1090.760986328125,1136.6256556459916,1083.6743644373792,1132.3120643847108,12183519
2021-02-01,1109.995849609375,1125.005245731887,1092.4774547493232,1100.8845563097436,8880279
2021-02-02,1119.1070556640625,1139.4864898120056,1112.3725846333607,1126.8098574237954,6892490
2021-02-03,1130.9033203125,1147.9374939957827,1120.6475689084598,1124.7410791637496,8182968
2021-02-04,1126.2376708984375,1138.6062131817557,1119.8113976609816,1131.2115017172475,5032240
2021-02-05,1119.85546875,1134.5128237163976,1110.9642549215084,1132.444092435958,5477481
2021-02-08,1147.54150390625,1153.2195265295848,1122.8484779301416,1131.6516804227338,6921922
2021-02-09,1149.30224609375,1172.5866757624497,1142.5237150981163,1150.4906570432056,7965949
2021-02-10,1141.335205078125,1148.2456975542023,1129.9790523514478,1140.7190238869975,5951207
2021-02-11,1137.9459228515625,1140.89497401597,1129.494870462155,1134.7327326439702,4673317
2021-02-12,1153.043701171875,1165.3241277490283,1145.7810578827875,1148.8181202738297,5797875
2021-02-15,1152.91162109375,1169.4176284182483,1150.6667611132243,1162.022915644676,4363513
2021-02-16,1135.9652099609375,1161.8025863930768,1132.0917795806,1156.7407452324326,6896421
2021-02-17,1127.9542236328125,1139.5744063446455,1122.4081638388745,1135.9651153099817,4575741
2021-02-18,1137.7698974609375,1149.6982801822862,1122.4083516327833,1123.2886719085736,6437551
2021-02-19,1136.757568359375,1143.976151339578,1123.992924885405,1140.9830410327988,5389696
2021-02-22,1113.78125,1151.9432226672286,1109.2036272212563,1140.0148390885133,7371303
2021-02-23,1114.793701171875,1136.4936202150407,1107.0469462387894,1119.0192820160923,6612942
2021-02-24,1121.7923583984375,1123.817030895439,1102.161169974402,1109.2477923663805,4537258
2021-02-25,1122.0123291015625,1144.196358621312,1119.767469256633,1134.2486958235556,8788221
2021-02-26,1103.305419921875,1121.792145299428,1095.7786387480553,1117.1264049578488,15132388
2021-03-01,1115.36572265625,1130.7713265603418,1108.3231608715223,1112.1085808151993,5756286
2021-03-02,1148.377685546875,1153.2194465821435,1126.1055418002557,1128.7905613587432,10461434
2021-03-03,1182.75439453125,1185.7914566139111,1151.458964551593,1161.3185090312531,9056399
2021-03-04,1171.1341552734375,1200.6248869768604,1167.2167727031958,1175.2276663901384,12041941
2021-03-05,1159.1177978515625,1179.629305627843,1148.8621514244057,1169.5056212884995,6486176
2021-03-08,1175.8878173828125,1184.9991108147522,1159.5578331575844,1166.2483532735523,5119392
2021-03-09,1184.5150146484375,1188.8284981205222,1160.9223877834072,1170.3858309444852,6518173
2021-03-10,1204.410400390625,1209.5602533395015,1192.8341654112262,1194.5067956962514,7925984
2021-03-12,1210.308349609375,1225.1417252536396,1206.0828766227546,1208.6797785376261,9462061
2021-03-15,1209.2078857421875,1214.7539463558535,1195.9150713292859,1206.0387543033653,6658635
2021-03-16,1218.3634033203125,1237.7304516389881,1215.282281996887,1220.1681030798554,9352771
2021-03-17,1221.0042724609375,1232.4484365142844,1216.602670901958,1225.625954097866,7626744
2021-03-18,1177.0762939453125,1226.9464622249845,1156.3007556107748,1226.9464622249845,10961755
2021-03-19,1183.5465087890625,1193.009951409885,1160.2620813250076,1170.8259242505767,12767112
2021-03-22,1206.7430419921875,1211.320664308968,1176.1958648328152,1188.5203483359587,4862758
2021-03-23,1207.4033203125,1217.703024581029,1196.883428513493,1208.1955225939473,7165335
2021-03-24,1191.7335205078125,1206.4348254772435,1185.131118732146,1195.342811986317,6134303
2021-03-25,1174.1712646484375,1190.6332113514952,1168.713214286175,1185.5713696026812,8749994
2021-03-26,1176.283935546875,1194.3305015997794,1172.586633291157,1183.7666580566158,4922071
2021-03-30,1219.5076904296875,1232.4483551746337,1176.2399284683272,1185.703371195561,10546381
2021-03-31,1204.3221435546875,1221.8844893034448,1200.1406224277484,1216.6025678799429,8220987
2021-04-01,1219.4195556640625,1225.0536267024227,1206.919051217892,1214.841933392189,5675155
2021-04-05,1241.1636962890625,1254.4565122246502,1221.0043385653262,1224.52562000315,9479572
2021-04-06,1242.1761474609375,1255.3368944995218,1238.1265876389239,1252.6959332908973,5793571
2021-04-07,1259.033935546875,1263.2154565915005,1238.258399848928,1241.4715901438333,5879234
2021-04-08,1267.529052734375,1277.9608258941146,1250.9350380080934,1258.857920022219,5654434
2021-04-09,1268.585693359375,1280.8661193543594,1258.9021694329847,1280.8661193543594,6052712
2021-04-12,1255.1168212890625,1300.7174613927093,1245.6533769062062,1297.5922809609524,20384532
2021-04-13,1229.939453125,1263.4796330036042,1210.4403381849543,1261.4989124502106,14855206
2021-04-15,1197.8958740234375,1202.869705317751,1162.0228210258588,1172.850803933445,25342491
2021-04-16,1191.7335205078125,1206.786975064139,1185.439209322817,1201.6371231713124,10879878
2021-04-19,1199.48046875,1214.577875938815,1172.8947311912377,1179.6292029840504,12508028
2021-04-20,1189.620849609375,1213.9617280860366,1181.7420256855933,1213.9617280860366,8560766
2021-04-22,1189.4007568359375,1201.4612096354417,1184.1628939428558,1193.3182467166828,6622446
2021-04-23,1174.1712646484375,1187.0239195967097,1171.7063248124512,1182.2701684621502,7316262
2021-04-26,1182.75439453125,1189.576876928249,1162.9031285723656,1172.8067320518805,7088606
2021-04-27,1187.1119384765625,1191.073379873036,1179.7612853775233,1184.911137700744,3636115
2021-04-28,1193.714111328125,1196.795231821966,1183.6784402274232,1195.4747516103198,4879234
2021-04-29,1194.0224609375,1205.1585346306288,1189.6649182780477,1204.278214298539,5412357
2021-04-30,1192.2618408203125,1209.472146593651,1184.8231768703517,1185.175326501452,8354677
2021-05-03,1190.237060546875,1198.1158839558777,1177.8685178052642,1180.3334575384226,4560337
2021-05-04,1170.2978515625,1192.7899711977664,1165.632110895416,1191.953709880542,4887060
2021-05-05,1180.94970703125,1183.0624972874223,1168.8893616546059,1180.5975574117253,3939788
2021-05-06,1198.64404296875,1201.3730142790157,1177.340335688776,1184.0307481639024,4810090
2021-05-07,1190.677490234375,1208.7240598019507,1187.1121493597977,1201.9015761849405,4991435
2021-05-10,1179.2330322265625,1190.9852860554715,1175.2715911070898,1188.3002663123307,7195348
2021-05-11,1171.3983154296875,1180.5096097171875,1166.5124944185009,1176.9003177121128,6420988
2021-05-12,1168.1849365234375,1170.8258971937994,1157.1809337302627,1170.8258971937994,5241898
2021-05-14,1158.8536376953125,1168.0529416338368,1154.3640257610134,1168.0529416338368,4824609
2021-05-17,1170.2978515625,1175.18356484798,1162.2869581655425,1162.2869581655425,5017129
2021-05-18,1179.629150390625,1183.6786021012647,1170.385787645027,1177.868509867654,5620150
2021-05-19,1176.98828125,1194.9907890147208,1173.6870800123877,1181.3898829001496,4435878
2021-05-20,1179.01318359375,1187.6402592485474,1175.2277627966014,1187.0240779378437,4490092
2021-05-21,1192.393798828125,1195.0347596228717,1185.2191671768692,1186.2315569737161,4969733
2021-05-24,1186.715576171875,1199.8763189307183,1184.1185673513232,1194.2863076824758,4225371
2021-05-25,1198.64404296875,1204.2781141176345,1192.3497316257221,1195.4749115290554,4099340
2021-05-26,1230.027587890625,1232.4484688115047,1199.0403550877556,1204.1902075545224,6850024
2021-05-27,1234.4290771484375,1246.7535607141913,1225.141655477,1236.1456586607087,15365391
2021-05-28,1236.89404296875,1244.772866430296,1229.0151120462333,1241.0315052688188,4261312
2021-05-31,1240.1864013671875,1247.0825051236686,1230.6208380920684,1247.0825051236686,4429904
2021-06-01,1234.35791015625,1246.6374661187112,1226.7500164882556,1245.747646371303,4791325
2021-06-02,1226.7501220703125,1238.584660557052,1214.6040597487086,1228.6187219765782,9272276
2021-06-03,1236.5380859375,1244.8578792030544,1225.3263783707234,1235.1588218225315,5115645
2021-06-04,1232.9788818359375,1242.9893550263232,1225.8603231227744,1240.364321328493,4194328
2021-06-07,1236.5380859375,1238.6291407081142,1225.5488333169712,1237.7393209231227,5154576
2021-06-08,1257.270751953125,1265.1012090745428,1241.7879754503242,1242.1883508831102,7360630
2021-06-09,1259.3619384765625,1267.9931466228882,1249.8408019576455,1257.671259223617,5394317
2021-06-10,1267.37060546875,1271.5527158093862,1262.6545162585858,1267.1036160339859,3496575
2021-06-11,1287.4803466796875,1291.6624564744493,1271.952925317914,1272.531329937339,6140828
2021-06-14,1300.73876953125,1314.2639885241551,1293.3086864911218,1308.9250691394936,7132294
2021-06-15,1311.50537109375,1313.3739708729092,1301.8063139478768,1302.6961337113407,5403104
2021-06-16,1317.4671630859375,1325.3420465256531,1305.8105455279979,1310.4375650008872,7661710
2021-06-17,1330.5477294921875,1337.0878839818208,1312.5733024806775,1312.5733024806775,7677951
2021-06-18,1337.6661376953125,1348.7888851030746,1323.5179812685233,1342.73806706502,13533974
2021-06-21,1334.9967041015625,1339.8907130555006,1320.6705182672051,1328.500976041739,5454052
2021-06-22,1345.27392578125,1353.8161733934135,1336.598183486593,1343.3607916536985,6427862
2021-06-23,1337.53271484375,1356.975256632698,1333.528525561883,1356.975256632698,5529809
2021-06-24,1387.406982421875,1395.9048049215821,1344.6956322155095,1349.8566304803442,10785137
2021-06-25,1400.75439453125,1404.1357534821677,1372.9920580627281,1398.7968342674067,9780240
2021-06-28,1398.618896484375,1406.0488705757884,1388.6528489007708,1399.5976766042195,5019178
2021-06-29,1390.832763671875,1400.2648310264021,1387.406870836477,1389.008589788626,5913567
2021-06-30,1406.627197265625,1415.7033158675802,1398.8412739382577,1398.8412739382577,6058722
2021-07-01,1388.474853515625,1403.1123459447122,1387.27361849601,1403.1123459447122,4814317
2021-07-02,1395.0596923828125,1396.5278083315611,1372.636165574309,1387.1846993165,5166064
2021-07-05,1404.9808349609375,1410.3642878359224,1389.0531485121203,1396.260666681678,4058338
2021-07-06,1390.0765380859375,1411.9216590381186,1385.538478536323,1400.3094664482746,4089574
2021-07-07,1392.2120361328125,1397.50652911051,1374.46017458664,1393.5023400140276,4797120
2021-07-08,1388.7862548828125,1402.356006852675,1378.3308722175086,1395.2374484422553,3326813
2021-07-09,1390.6993408203125,1396.928079212835,1380.110463828909,1384.5595626807105,3436594
2021-07-12,1377.3076171875,1404.1357070791948,1364.7611791715558,1397.5065927215103,4588982
2021-07-13,1374.727294921875,1384.9157985707798,1367.0304392138037,1384.9157985707798,4456160
2021-07-14,1403.1571044921875,1408.4070639348258,1368.6320468950473,1382.780205860598,5657716
2021-07-15,1406.627197265625,1420.9087400251894,1384.5596225581112,1386.2503019190274,10021355
2021-07-16,1384.070068359375,1401.1546725054604,1378.8646446149278,1400.3538130169516,6265593
2021-07-19,1371.835205078125,1381.8012524671824,1368.142539635368,1374.5046646004569,5669162
2021-07-20,1379.2652587890625,1386.072293532128,1368.5428864837877,1368.8098758786696,5069939
2021-07-22,1414.9915771484375,1417.349621633581,1389.3648289179616,1389.3648289179616,7854575
2021-07-23,1415.2139892578125,1422.3770827631295,1410.409048786803,1413.5234183768378,4179719
2021-07-26,1427.18212890625,1434.0782329842234,1418.461850623931,1418.461850623931,4586710
2021-07-27,1425.9808349609375,1431.9871189100877,1421.843150960739,1428.1608501312835,5892859
2021-07-28,1428.6947021484375,1430.4743418144471,1410.8093452291575,1428.249792231935,4686788
2021-07-29,1438.8385009765625,1441.5079601620478,1423.800525840881,1423.800525840881,4660873
2021-07-30,1433.0548095703125,1444.5335068880067,1429.184115105897,1432.6098996635847,6234257
2021-08-02,1451.78564453125,1454.6330246516857,1440.796282299438,1448.1372961874185,5553389
2021-08-03,1472.8297119140625,1475.8996554431062,1455.389265292903,1465.5332328913128,5513668
2021-08-04,1467.53515625,1494.8081520769258,1458.4590386591192,1485.1980557637592,6740391
2021-08-05,1471.3616943359375,1482.4399083057124,1465.5778651618755,1467.7578804023244,5420536
2021-08-06,1468.3807373046875,1477.6794203166185,1462.8638974414057,1474.4315559978156,3754855
2021-08-09,1480.037353515625,1483.7300188807942,1464.9993767983387,1477.990724476605,5018477
2021-08-10,1492.4503173828125,1494.8973219276345,1478.0352795124588,1484.2194839138658,6846517
2021-08-11,1492.717529296875,1498.4568246365832,1484.2197051626015,1490.2705243872842,4899639
2021-08-12,1503.4395751953125,1509.5793537960537,1489.5584074592362,1494.1410013448915,5659579
2021-08-13,1523.5494384765625,1532.714625987303,1504.9522913044452,1510.0242207840076,5612790
2021-08-16,1516.6090087890625,1530.44564260102,1503.8845411944826,1519.5453491889418,4564109
2021-08-17,1549.7547607421875,1556.205954643305,1500.7257088178133,1516.164061463956,9510390
2021-08-18,1542.4580078125,1562.0785768197593,1536.7187138523066,1538.4983533587945,6686090
2021-08-20,1542.0133056640625,1552.735678583318,1527.0198625262155,1527.0198625262155,6206972
2021-08-23,1547.17431640625,1559.9877444028339,1541.1680322160316,1544.504856766153,6189051
2021-08-24,1531.2464599609375,1563.4134691115678,1523.9944064933602,1557.1847301908044,7602939
2021-08-25,1544.326904296875,1554.4263380022362,1528.7105222770665,1528.7105222770665,6153253
2021-08-26,1537.3416748046875,1553.6254211203336,1530.4901055710045,1542.9475831744894,5302248
2021-08-27,1520.524169921875,1537.3416778231317,1517.3207316353644,1534.9392077288335,6698514
2021-08-30,1510.958740234375,1529.289008639401,1504.1515962050153,1515.407839780284,6559667
2021-08-31,1518.43310546875,1526.0411089645945,1500.1028374875211,1512.827305342868,12255438
2021-09-01,1492.8951416015625,1521.1469197245544,1488.8019923220322,1521.1469197245544,7801974
2021-09-02,1502.9947509765625,1507.6218795661478,1479.4590583890802,1492.539367293398,6830050
2021-09-03,1513.2720947265625,1517.988074588119,1498.8125226886418,1509.1789452891753,5339139
2021-09-06,1539.744384765625,1541.1680748889787,1512.1154332773742,1517.2764321726995,4876026
2021-09-07,1518.611083984375,1543.748494999435,1516.2530396340658,1539.3883559665105,3520341
2021-09-08,1506.6876220703125,1513.4502319290862,1497.5224331873621,1513.4502319290862,4584896
2021-09-09,1505.2191162109375,1508.155564929437,1496.8103627488554,1500.1471869196148,3331674
2021-09-13,1505.4862060546875,1514.0284547777442,1490.6261495836065,1497.5667877701696,4662374
2021-09-14,1500.3697509765625,1509.089920271295,1493.651567709299,1509.089920271295,4945167
2021-09-15,1522.8822021484375,1526.1300664600856,1503.973529549805,1506.687523653375,4062344
2021-09-16,1514.6959228515625,1529.8228611323534,1505.0858244955284,1526.2190470936926,3246568
2021-09-17,1504.9522705078125,1528.7104157088386,1498.8569179841036,1510.024199917287,7454864
2021-09-20,1501.8822021484375,1519.545101977702,1493.0729651407742,1499.3462376545606,5660743
2021-09-21,1529.11083984375,1536.4963878637336,1499.0349948323485,1512.693707466829,4672222
2021-09-22,1527.731689453125,1547.3077257336527,1524.3059048281496,1527.8206497121014,4553892
2021-09-23,1550.5556640625,1552.7356793044048,1531.4689626029945,1541.1680209485553,3826090
2021-09-24,1569.5086669921875,1590.9978373584784,1559.3646993251812,1564.3032427719265,8280446
2021-09-27,1531.513427734375,1574.0912850316047,1528.7994337947073,1573.8688300732904,5045337
2021-09-28,1501.2149658203125,1521.5918610046667,1490.4481679431676,1521.5918610046667,6557197
2021-09-29,1505.7977294921875,1513.939603321405,1472.6519381353644,1476.4336727196999,7792548
2021-09-30,1490.6263427734375,1515.3633809309435,1486.0882827343466,1515.3633809309435,6914031
2021-10-01,1481.6834716796875,1493.9629198300943,1478.2131527121837,1481.638937241155,5733906
2021-10-04,1493.784912109375,1502.0157448343261,1481.905840116939,1488.2235386465702,2947154
2021-10-05,1506.2869873046875,1515.3185712967768,1479.7703140555798,1486.8888723913853,4373310
2021-10-06,1489.1580810546875,1520.7021518744143,1485.9991770803229,1514.5623730713419,4271698
2021-10-07,1504.6854248046875,1516.43100383275,1491.9165311852532,1501.126145266415,5476108
2021-10-08,1533.915771484375,1540.7229143721906,1511.2699020416023,1517.3651456732186,4738376
2021-10-11,1504.6407470703125,1539.3882537018142,1480.3931575250094,1496.6769033100875,8840633
2021-10-12,1499.47998046875,1502.9057652551307,1478.8806286879972,1492.2279267808492,7439300
2021-10-13,1520.8800048828125,1524.839768285372,1494.9418438218438,1509.089892174887,7104171
2021-10-14,1526.70849609375,1587.082754690168,1511.0921133732145,1560.7441073282457,19655776
2021-10-18,1594.690673828125,1600.7859181068043,1548.286546695853,1548.286546695853,13438109
2021-10-19,1621.3851318359375,1632.3743843811635,1585.9258353711248,1614.133078913835,10324260
2021-10-20,1603.7664794921875,1644.386769632826,1596.3810413160681,1627.8361452989466,5876115
2021-10-21,1560.4324951171875,1614.133097673442,1554.3816771021532,1614.133097673442,8779629
2021-10-22,1530.312255859375,1568.9303513205284,1518.9225180752499,1557.095812221997,7369809
2021-10-25,1519.4119873046875,1539.1659452933711,1501.3040657577042,1532.3143756306038,5905209
2021-10-26,1529.4212646484375,1549.9787485385702,1522.419225446703,1535.1217839102844,5871709
2021-10-27,1552.08837890625,1556.7565147555208,1527.1322237405088,1534.2689409244713,5090259
2021-10-28,1529.6009521484375,1548.318096377301,1518.9631602125999,1543.4704630848398,5329972
2021-10-29,1497.148681640625,1537.4107603815037,1491.1340972820406,1525.2019847743497,5875091
2021-11-01,1526.144775390625,1532.5632841362876,1504.5549072616056,1505.9014659494887,3636806
2021-11-02,1524.214599609375,1531.8899179452385,1513.8460544672046,1521.6112310437475,3471772
2021-11-03,1528.3441162109375,1541.7647740148589,1525.202145927978,1534.1792038792905,3530713
2021-11-04,1533.9097900390625,1541.3607916889025,1530.5883225565397,1539.565380166842,483407
2021-11-08,1559.7637939453125,1562.9057641777204,1528.792944511578,1553.0310005901529,5245903
2021-11-09,1564.252197265625,1570.9849900802546,1549.4400530734397,1557.294978023841,4016134
2021-11-10,1562.142578125,1571.83773382555,1545.8042688196354,1549.4400206968505,4780368
2021-11-11,1555.9931640625,1561.7833213631704,1534.1788740966565,1555.6788794351803,4731349
2021-11-12,1598.095703125,1600.4746452356892,1560.257494120251,1564.7010936682932,5069009
2021-11-15,1604.3349609375,1615.8704586842389,1593.8766663299257,1599.801502761789,4354074
2021-11-16,1608.9580078125,1623.9047204027208,1595.2230664459416,1606.8932408206165,6034233
2021-11-17,1604.6041259765625,1617.665788691909,1598.544612062206,1609.1825130450993,4732492
2021-11-18,1597.377685546875,1606.3995628785876,1579.0644657331543,1599.3525944279756,4326924
2021-11-22,1579.423583984375,1602.7639344525808,1572.017511239656,1601.5071244338014,6621839
2021-11-23,1559.2252197265625,1568.5164528029118,1535.0769118860949,1557.6093054597075,8436160
2021-11-24,1522.509033203125,1562.4569412087494,1515.3273868200913,1562.0080883098099,7333061
2021-11-25,1546.20849609375,1549.6197123932054,1523.3618176709108,1526.0998642017403,4476260
2021-11-26,1518.60400390625,1542.5727043871634,1511.7365327759849,1528.3890188200792,4494181
2021-11-29,1522.8232421875,1536.872360153446,1498.4056877753633,1518.0205379786664,3942776
2021-11-30,1537.455810546875,1552.9412350958905,1526.1447397494564,1530.1844157187647,14808963
2021-12-01,1539.4754638671875,1563.7135167756164,1537.7698011903226,1539.5652125168729,5193264
2021-12-02,1569.4140625,1571.4339004182755,1536.288698723639,1539.5653465965966,5559574
2021-12-03,1558.0135498046875,1603.8863002974413,1555.320432050711,1589.9269294393655,6754012
2021-12-06,1521.8804931640625,1556.5767302580853,1518.4691677243022,1553.0308366320087,3991449
2021-12-07,1536.5582275390625,1548.4528299545664,1520.7136974991224,1527.0873870655005,4202122
2021-12-08,1573.992431640625,1579.782699760564,1555.3650364192983,1555.724140653463,3029169
2021-12-09,1583.059326171875,1588.4007416916018,1563.8035796586253,1579.0645790008737,2082171
2021-12-10,1579.288818359375,1583.3284941772615,1567.394217340042,1579.962097662356,1823469
2021-12-13,1566.182373046875,1590.1510729588513,1560.930816277759,1586.2910039483113,4040584
2021-12-14,1572.9151611328125,1582.6552466615897,1535.3910167263787,1553.8389138318717,4768144
2021-12-15,1556.8011474609375,1569.1446005691694,1545.1309736131548,1566.4964126446885,3053149
2021-12-16,1590.3756103515625,1595.761845276833,1578.166833104262,1582.3411870879927,4481031
2021-12-17,1634.58740234375,1653.5738998202182,1621.9297738871765,1633.8243744151991,18887243
2021-12-20,1614.8829345703125,1642.4873870491053,1604.469569535608,1617.3964449810487,5773891
2021-12-21,1626.2838134765625,1649.98326863144,1616.7681538657364,1616.7681538657364,5353584
2021-12-22,1638.0438232421875,1642.038680030921,1626.957177893869,1638.3131788309054,4156428
2021-12-23,1667.578125,1671.1689478831108,1640.1083518608461,1643.9236011741514,4112933
2021-12-24,1672.874755859375,1683.8716518933313,1664.3465507718172,1681.3580318237075,3780347
2021-12-27,1675.253662109375,1682.7494834505653,1656.3120920810711,1669.732749649534,2647733
2021-12-28,1694.8685302734375,1701.9604279258667,1686.2505766124211,1688.3152341779669,3340933
2021-12-29,1692.6690673828125,1700.0751395868292,1684.4550381126232,1690.8287268200424,3236635
2021-12-30,1699.222412109375,1714.438591263301,1682.6148547067908,1691.726590549719,4584738
2021-12-31,1694.6441650390625,1704.1598248331377,1680.1911232252733,1696.6640031380364,4619420
2022-01-03,1704.24951171875,1718.2538096972232,1694.6441036073452,1694.6441036073452,3329616
2022-01-04,1704.8778076171875,1711.6106003890875,1685.891310083786,1704.249347875214,3921999
2022-01-05,1655.952880859375,1708.244239129732,1651.7785273383165,1705.6408706210877,6995719
2022-01-06,1631.849609375,1641.0061644901782,1615.8704026708538,1641.0061644901782,6449205
2022-01-07,1628.7076416015625,1648.1878132075997,1621.9748482469563,1629.7399155826886,4834389
2022-01-10,1661.4288330078125,1678.6199191698154,1627.5404426546881,1629.3358540641252,7857560
2022-01-11,1665.78271484375,1678.7096991495666,1660.8902624950238,1665.2441133275113,5142287
2022-01-12,1685.3975830078125,1695.7661280475315,1669.7326618149332,1677.7222647477881,5362535
2022-01-13,1702.768310546875,1716.8622469895265,1675.4331047076187,1710.1294538640775,14277630
2022-01-14,1731.9884033203125,1735.2650509150924,1688.5843563224464,1689.4820619876896,7688506
2022-01-17,1741.1004638671875,1754.027449784704,1733.0211113666437,1740.2476871587562,5262464
2022-01-18,1724.268310546875,1746.0376748737065,1715.9196032810285,1725.48019138657,3690315
2022-01-19,1676.0616455078125,1720.0043002642583,1672.2912154253556,1720.0043002642583,5747770
2022-01-20,1637.14599609375,1658.9602905001757,1629.7848524908381,1655.3694673605648,5533463
2022-01-21,1603.0330810546875,1623.0519627022786,1594.325379291619,1611.3817881916982,8252758
2022-01-24,1559.1353759765625,1587.7272819323061,1551.2355216165236,1584.450634058544,7116712
2022-01-25,1545.9840087890625,1562.0080348157867,1526.548657013934,1549.978755619526,9137653
2022-01-27,1506.8887939453125,1534.8074198145066,1494.6800181163808,1527.8951296300781,11231734
2022-01-28,1513.7115478515625,1550.8317721070282,1507.6969625398617,1509.0435213036662,10998502
2022-01-31,1558.5965576171875,1570.5360869932047,1539.8794161078179,1542.2583580762077,8788872
2022-02-01,1590.7794189453125,1597.9161353795928,1557.2500236065903,1585.4380043158844,5119935
2022-02-02,1604.2899169921875,1609.4069054950608,1590.7345821422696,1605.9955798264787,4253717
2022-02-03,1560.7064208984375,1597.0185757090092,1556.6218157838234,1597.0185757090092,3832922
2022-02-04,1562.9954833984375,1574.530980546349,1535.2115338427761,1554.826382864696,4700077
2022-02-07,1539.5654296875,1554.8264281158893,1521.9704181220025,1546.0288675415272,4310209
2022-02-08,1541.630126953125,1548.5424173887602,1522.5089506616448,1535.0768311505972,6053401
2022-02-09,1559.584228515625,1564.701107408803,1548.5424040620683,1557.5194614769207,3867244
2022-02-10,1588.5799560546875,1592.4401343281156,1569.8628144650563,1576.0570055996025,4334630
2022-02-11,1545.265869140625,1567.3494100787207,1537.770047567958,1562.0081043597472,7551371
2022-02-14,1510.12060546875,1542.7522979398288,1506.5747115034765,1517.1227543219873,7459637
2022-02-15,1560.43701171875,1568.0675105535606,1517.5266332614685,1525.2020612168308,4669915
2022-02-16,1555.9931640625,1575.877255483849,1550.2028971786262,1560.4367629599258,5350642
2022-02-17,1548.363037109375,1570.0874740490895,1544.3233609325764,1565.5989449637575,3937950
2022-02-18,1532.3387451171875,1546.2981129893628,1529.2417041958663,1535.076791414694,5602215
2022-02-21,1553.659423828125,1559.5843699257287,1518.4693994044533,1526.9976047218297,5120890
2022-02-22,1556.935791015625,1571.8826121857755,1518.065201649821,1526.0098748318906,8878515
2022-02-23,1564.5665283203125,1578.3912195278601,1556.0832523614588,1570.9851466934483,5478811
2022-02-24,1506.48486328125,1539.5203677498448,1499.6173926642882,1517.212402711859,13592379
2022-02-25,1521.252197265625,1551.3702701049137,1505.4525974086314,1539.5654171471692,9737281
2022-02-28,1540.1038818359375,1551.2803835859368,1494.6799951900482,1510.1204894452117,15076542
2022-03-02,1528.6134033203125,1539.0267681608032,1518.0204315789038,1535.0768409224868,6771489
2022-03-03,1544.8170166015625,1556.532121220316,1531.0821834995784,1544.233485910162,7344147
2022-03-04,1547.0164794921875,1558.417299543807,1509.0434795697809,1521.835787472142,9074499
2022-03-07,1561.8731689453125,1571.88260896013,1522.508797713524,1523.4065033725533,9742588
2022-03-08,1596.3004150390625,1615.8704453774808,1542.66249331056,1542.66249331056,10984500
2022-03-09,1627.854736328125,1644.2378666327916,1607.7910342826165,1607.7910342826165,10193515
2022-03-10,1639.1209716796875,1656.042703365668,1625.0269254755779,1656.042703365668,6547182
2022-03-11,1635.619873046875,1644.058328995704,1625.7451098177226,1628.438227062037,4758657
2022-03-14,1697.2921142578125,1701.1522925808597,1644.192910047784,1644.192910047784,10289724
2022-03-15,1651.1502685546875,1695.1826708755325,1642.8015610504856,1695.1826708755325,7140443
2022-03-16,1696.125244140625,1700.2097395006322,1659.8579103906748,1674.2212022058457,5233979
2022-03-17,1664.8848876953125,1726.5573320122294,1645.539396558504,1726.5573320122294,17731459
2022-03-21,1663.4937744140625,1693.8810937888873,1652.766124367728,1670.6304916817223,8362085
2022-03-22,1694.329833984375,1696.6638469895154,1650.880854292973,1660.7556174235997,5709382
2022-03-23,1680.8642578125,1705.6409144424942,1667.0395674314273,1702.947797209164,6192824
2022-03-24,1693.701416015625,1700.7933134465572,1666.2765707577757,1666.2765707577757,3784303
2022-03-25,1684.58984375,1700.2547659493473,1667.937357515252,1698.4593543696753,3438588
2022-03-28,1682.2108154296875,1688.4947556370578,1663.1345683715988,1675.118918136154,4008555
2022-03-29,1693.072998046875,1696.125219429775,1670.2264311695085,1682.2107806865477,3917785
2022-03-30,1709.186767578125,1722.6972825433968,1701.152345190066,1714.6179310358978,7795839
2022-03-31,1711.790283203125,1717.3111957910278,1700.4342829138939,1705.6410203883704,5399145
2022-04-01,1708.827880859375,1714.887394872627,1686.1608099209134,1693.8361285877643,6171518
2022-04-04,1690.3349609375,1699.3569473597815,1681.4028327548183,1696.439403736475,7364074
2022-04-05,1670.7200927734375,1696.3047057811573,1667.1741990144267,1691.0980783575872,5472024
2022-04-06,1641.7691650390625,1667.4884571015807,1635.7545802518507,1665.244192690946,5407453
2022-04-07,1625.7449951171875,1641.1406695276235,1622.6479543380187,1634.7669810824043,5797544
2022-04-08,1628.9766845703125,1649.9830191353592,1623.0518490733023,1636.5174341043307,5131446
2022-04-11,1585.8421630859375,1628.4382578043667,1582.2513400257294,1628.4382578043667,8248407
2022-04-12,1564.2073974609375,1577.7179133258371,1551.011166286609,1577.7179133258371,6456184
2022-04-13,1569.6834716796875,1577.7178945069024,1554.8263973177552,1575.4287009546981,6257693
2022-04-18,1455.5400390625,1481.2144000805872,1427.352058259475,1441.266496563262,30523965
2022-04-19,1402.2164306640625,1469.2301891678217,1391.4439612863616,1469.2301891678217,17044923
2022-04-20,1425.287353515625,1433.007710513435,1403.114065665019,1413.8865344992996,10678747
2022-04-21,1453.2059326171875,1460.7465723201449,1426.6786871446875,1431.8404945702541,7766514
2022-04-22,1423.267578125,1445.9346489594298,1420.5296412592907,1440.2342392008813,8134245
2022-04-25,1401.408447265625,1411.9116704618677,1395.1245069131328,1411.9116704618677,7000570
2022-04-26,1419.2725830078125,1429.147344812421,1406.3007806523135,1415.8612578238474,5345435
2022-04-27,1393.95751953125,1411.8667052446997,1391.7580747141747,1411.8667052446997,8819356
2022-04-28,1420.7091064453125,1437.9451226972992,1398.131784782489,1409.3980358449844,9245177
2022-04-29,1407.19873046875,1433.9054772566708,1401.1392164916588,1427.3521812703787,9831395
2022-05-02,1383.364501953125,1393.9125440673035,1374.387444834675,1392.2518104170338,7072627
2022-05-04,1378.4720458984375,1409.3979637538907,1373.6244131510482,1388.9751588651002,6220959
2022-05-05,1422.998291015625,1426.8135404517482,1398.1317759996657,1400.4658986154006,6144870
2022-05-06,1385.025390625,1402.081801059126,1378.0233510388225,1391.4440090997512,6171472
2022-05-09,1409.712158203125,1424.4794830755254,1366.4427862489936,1382.4668114652425,6832202
2022-05-10,1394.1368408203125,1408.634808634731,1387.897830536595,1398.6253689620391,6212545
2022-05-11,1370.572265625,1391.39899537121,1356.9720014786396,1391.39899537121,7846080
2022-05-12,1354.4583740234375,1371.2454264087073,1350.4186984628227,1359.126399726863,7034979
2022-05-13,1350.5086669921875,1372.8166348589282,1344.8530764532477,1363.8845057206029,6723761
2022-05-16,1336.7735595703125,1357.196364606125,1327.3925786728635,1355.5356309484275,6145331
2022-05-17,1363.121337890625,1369.0013547558183,1329.4125506103449,1341.9804318999065,6516378
2022-05-18,1354.8173828125,1391.1744632386558,1351.3164182898859,1366.30805947183,6594126
2022-05-19,1281.1610107421875,1332.8239200872995,1272.6328046013875,1329.5024520552315,16561140
2022-05-20,1306.296630859375,1316.7099963349126,1298.7109510177181,1304.3665414519367,10488908
2022-05-23,1318.191162109375,1335.7861731182122,1301.718283302418,1306.2516316480803,5887569
2022-05-24,1293.593994140625,1319.2235373026542,1288.4321860446441,1318.3706510846894,5693167
2022-05-25,1266.1688232421875,1294.9403316362607,1256.114564327236,1288.2075396173548,9630092
2022-05-26,1278.2879638671875,1283.719127084291,1263.1168254863983,1272.9466588849823,13040065
2022-05-27,1311.8623046875,1316.934364203155,1290.362295335605,1296.2422023774436,8284860
2022-05-30,1370.6170654296875,1373.4896797501283,1333.0929244633599,1334.8883358094386,10904213
2022-05-31,1364.085205078125,1377.1490921324805,1350.0688109873222,1370.5263940981097,16033857
2022-06-01,1341.3594970703125,1374.2005553330084,1335.5079082065708,1372.612932971673,8738508
2022-06-02,1368.076904296875,1373.3840770354834,1338.6831873873698,1346.303797066686,7205840
2022-06-03,1380.5057373046875,1410.715969239275,1377.1490940869578,1383.408884845195,9395707
2022-06-06,1388.0810546875,1394.0232323627165,1354.4687745578685,1375.334669946235,6624883
2022-06-07,1366.8975830078125,1378.8274543628195,1363.1780324002411,1378.8274543628195,4904592
2022-06-08,1360.8193359375,1379.1449920306206,1353.5616328125,1379.1449920306206,4697608
2022-06-09,1374.427490234375,1376.196511023312,1344.0358592621958,1347.2111042891397,4361061
2022-06-10,1339.7718505859375,1355.3304608518883,1336.8687033026622,1348.208862822303,6516436
2022-06-13,1292.32470703125,1309.6524503470807,1280.712338233923,1309.6524503470807,6987685
2022-06-14,1306.885498046875,1314.4607030952413,1272.9557157577426,1279.1701015491417,6090247
2022-06-15,1290.2381591796875,1312.1927780968697,1287.1990180731677,1306.5679915960773,4651958
2022-06-16,1267.5577392578125,1309.7885413741665,1262.8402767742612,1304.5720675297325,6641772
2022-06-17,1258.576416015625,1267.3309313181774,1240.2960551585052,1261.9784641623437,9692047
2022-06-20,1282.93505859375,1290.374159577052,1253.7681436672126,1261.0712513196502,4595194
2022-06-21,1315.3677978515625,1320.9017735176885,1290.7369493628373,1291.8709653085084,6270787
2022-06-22,1303.8916015625,1324.1677855678092,1301.8503727550444,1302.8029904960238,6253366
2022-06-23,1317.6812744140625,1322.7163500853471,1300.036028581826,1306.2051203282867,6254281
2022-06-24,1307.3843994140625,1331.334840499222,1296.3164470818606,1322.716318533469,6114340
2022-06-27,1337.776123046875,1346.303946473831,1329.2030054210798,1331.8339449854482,4511097
2022-06-28,1342.8109130859375,1350.1593138785072,1318.1800658931436,1332.695469234018,4412178
2022-06-29,1327.479248046875,1339.9534251599073,1321.8091675409512,1328.7946624267454,5060038
2022-06-30,1326.25439453125,1344.489349388375,1319.994604156603,1329.1121369570396,9165177
2022-07-01,1342.130615234375,1347.2109846776757,1308.518337278756,1319.087388364539,4651635
2022-07-04,1349.9327392578125,1353.7883939230314,1326.345204835297,1342.901839574178,4800224
2022-07-05,1339.000732421875,1369.8459686483452,1335.4172860401247,1359.7306341867263,7379669
2022-07-06,1353.243896484375,1360.8191006626487,1333.6027186493957,1344.6706697039551,5209162
2022-07-07,1359.6396484375,1373.4746423083272,1356.9180102989767,1363.5861123333505,3323472
2022-07-08,1373.928466796875,1376.1964989390626,1360.7738803721873,1374.427478165659,3652582
2022-07-11,1336.4605712890625,1360.7285139218584,1330.3368848303196,1356.2831490104652,4702638
2022-07-12,1305.116455078125,1332.3328420632538,1302.7577236881664,1326.163860792882,4710356
2022-07-13,1310.4234619140625,1324.530665006667,1305.116289274943,1315.4585371641556,5264025
2022-07-14,1296.27099609375,1318.1348025761679,1282.798908069353,1316.3657819014365,6157606
2022-07-15,1297.6318359375,1311.8297387301836,1279.7597876672385,1311.8297387301836,5620018
2022-07-18,1351.65625,1355.0128927573733,1313.6894199200246,1315.4584404217167,5835171
2022-07-19,1346.4398193359375,1348.8892494530244,1333.6934359551399,1335.0089608832923,3418540
2022-07-20,1374.6995849609375,1384.2253192557744,1360.819184976676,1361.9532009641566,5079392
2022-07-21,1390.6666259765625,1392.9799523411634,1363.6316382423909,1376.2419192424743,5008061
2022-07-22,1366.53466796875,1397.1076946516139,1353.6975848594027,1391.6644179192049,7020642
2022-07-25,1364.085205078125,1376.3779833666647,1342.765703322451,1342.765703322451,7859626
2022-07-26,1316.501953125,1357.780137915972,1310.9225719330734,1357.780137915972,7268273
2022-07-27,1334.5555419921875,1336.3245627981846,1310.9226023376623,1316.3658795792028,4517285
2022-07-28,1376.6048583984375,1383.000642812574,1351.6110990365607,1357.5533877504583,6636841
2022-07-29,1405.9075927734375,1411.3508694220957,1386.221119858289,1390.5757854747144,7009465
2022-08-01,1407.1324462890625,1418.8808076559778,1395.2025759173741,1418.8808076559778,2983249
2022-08-02,1400.373779296875,1403.4583252373575,1386.538782878084,1403.050123738897,4374635
2022-08-03,1420.7860107421875,1424.3241629773152,1397.017078561979,1405.2726932814403,6011955
2022-08-04,1451.4498291015625,1455.0332754831431,1428.8148025431328,1440.200367858984,7402209
2022-08-05,1466.6456298828125,1474.8558394703302,1453.6271480443154,1459.1611241061719,5361971
2022-08-08,1469.1405029296875,1471.499234177275,1447.9117002138908,1466.963169953547,3763409
2022-08-10,1453.76318359375,1470.7734244892295,1440.744701377161,1470.7734244892295,4423829
2022-08-11,1469.6392822265625,1479.9815299516408,1466.05583608314,1478.756814861088,3462090
2022-08-12,1446.18798828125,1464.241546222961,1442.6045418057784,1463.6065415227213,3562286
2022-08-16,1448.31982421875,1459.7053891087387,1443.4662579077537,1459.7053891087387,3004430
2022-08-17,1457.2105712890625,1462.4270449294747,1437.9322991397132,1448.319841482686,4067324
2022-08-18,1436.072509765625,1449.9075054695088,1427.9529992074047,1446.187955002789,4635706
2022-08-19,1448.90966796875,1455.985972727663,1438.023113412736,1438.2046224349253,4739884
2022-08-22,1429.4500732421875,1450.6334729783907,1427.9531497610926,1438.8397049053958,3950555
2022-08-23,1399.284912109375,1410.262163799141,1390.7570904497156,1404.365281158617,5551574
2022-08-24,1394.8397216796875,1402.5510307101117,1388.9428383034808,1392.5716896119156,2888426
2022-08-25,1377.28515625,1405.0004412820567,1373.2933977181217,1404.3654366095145,4331088
2022-08-26,1380.3697509765625,1401.5984429909956,1376.6500897106735,1392.7078235409888,3079136
2022-08-29,1326.118408203125,1332.2874999956043,1315.458657016953,1332.2874999956043,8079050
2022-08-30,1354.4234619140625,1357.2812047129148,1329.9741184273807,1336.4153079026626,6725875
2022-09-01,1328.341064453125,1331.8792168601256,1316.411303587629,1324.5762195682023,8140604
2022-09-02,1318.18017578125,1340.8604953920767,1313.6441118590847,1340.8604953920767,5175653
2022-09-05,1325.7100830078125,1330.8811515691712,1312.1471854668405,1316.3657470530793,3669352
2022-09-06,1320.085205078125,1333.6026967380271,1311.3305801922872,1325.7099903813594,3428442
2022-09-07,1322.3988037109375,1329.7472054847017,1304.6174543928623,1306.386475113744,3600574
2022-09-08,1338.9554443359375,1343.6729067769502,1327.7966821761806,1338.13893063629,4061475
2022-09-09,1371.388427734375,1378.963633440377,1342.6751167708933,1349.93282010479,4816910
2022-09-12,1393.660400390625,1402.4604318892673,1380.0069128123039,1384.2254749088493,5494819
2022-09-13,1401.598388671875,1408.9014961011296,1398.2871505052733,1407.903584157342,4947158
2022-09-14,1338.501953125,1359.8667507661016,1335.4174070740382,1358.0977298843989,14332197
2022-09-15,1299.8546142578125,1338.3203504578364,1296.45256607429,1338.138952185551,12784100
2022-09-16,1249.2774658203125,1292.7782765113873,1241.3846477911488,1292.7782765113873,20464045
2022-09-19,1261.298095703125,1275.541293444799,1252.498064430117,1262.840313282475,6595241
2022-09-20,1259.71044921875,1282.3907705057266,1256.5804984348933,1277.3102899424387,7219797
2022-09-21,1249.458984375,1259.9373378172006,1241.4301722440514,1251.8631207430983,7917054
2022-09-22,1241.0218505859375,1255.5372570833497,1233.809552280041,1239.5703320849489,9168498
2022-09-23,1238.753662109375,1265.3804461403417,1235.6238222755599,1240.6134926298298,10426200
2022-09-26,1252.180419921875,1269.5988607267132,1229.273297586771,1233.8093614155043,9414587
2022-09-27,1264.2464599609375,1275.9948215927839,1250.1392564200899,1264.1556500846286,8561254
2022-09-28,1265.289794921875,1275.405240966301,1249.232170793064,1251.0465966039471,7022098
2022-09-29,1268.8731689453125,1279.0339077201488,1263.7473946216799,1274.5432487847852,6119965
2022-09-30,1282.2998046875,1287.6070878182486,1248.3247318287565,1260.0730925292116,8120130
2022-10-03,1264.4281005859375,1280.9847375980942,1257.3971999369394,1280.9847375980942,4943169
2022-10-04,1296.7701416015625,1299.3556762181945,1282.7990407907328,1287.9701100239968,6631341
2022-10-06,1320.130859375,1324.3494214633474,1310.106112640393,1310.922626390357,6180672
2022-10-07,1316.5472412109375,1322.580228801138,1306.5226056830536,1312.1472810452483,3994466
2022-10-10,1326.9349365234375,1329.0668646353636,1294.003064795037,1294.003064795037,5274677
2022-10-11,1291.689697265625,1342.3575126771138,1288.3329432818086,1326.9348942612842,12824774
2022-10-12,1296.1348876953125,1307.3843486042717,1282.3907023211864,1303.664798259727,5481467
2022-10-13,1288.1514892578125,1304.5266140090537,1283.7061243463083,1298.2215292859132,4821514
2022-10-14,1337.4583740234375,1355.375825532315,1331.1078848810505,1347.2109109206747,14990688
2022-10-17,1351.7017822265625,1356.2832515544005,1338.5926004471692,1339.8627206241326,4286396
2022-10-18,1364.176025390625,1370.7533190697093,1358.3245463460491,1369.8915110920248,4692004
2022-10-19,1347.619384765625,1365.310036666888,1343.8545397508806,1364.448228692281,3553171
2022-10-20,1361.6358642578125,1364.4482021000908,1337.4132133726773,1338.139027990448,4583939
2022-10-21,1361.2728271484375,1366.26249762449,1352.9718077531638,1361.0914288831727,3594485
2022-10-24,1377.012939453125,1380.5964964935235,1370.7985538626567,1377.6026499274944,982837
2022-10-25,1384.6790771484375,1390.6666600686863,1379.916209479914,1386.3119939028177,3914341
2022-10-27,1397.6563720703125,1407.6989851035105,1387.1553072532172,1403.9387848432514,6760137
2022-10-28,1387.8427734375,1401.3244988654008,1382.1107282803982,1399.5361455579878,3053981
2022-10-31,1410.220947265625,1418.245811891941,1403.4341822194212,1403.4341822194212,4542336
2022-11-01,1442.6414794921875,1444.475734393004,1418.8878561358067,1424.3448316381566,4542692
2022-11-02,1424.5740966796875,1442.412180597886,1416.9618941495685,1441.7243350182016,2938906
2022-11-03,1403.8927001953125,1415.9529473175025,1395.546863646527,1411.2297190433037,3174027
2022-11-04,1388.531005859375,1394.4464333286137,1376.7459401225124,1394.4464333286137,4509682
2022-11-07,1382.5235595703125,1401.2788807869697,1367.528549999092,1395.3175530956448,4898592
2022-11-09,1385.9627685546875,1402.2876797188958,1376.6998049643528,1402.2876797188958,3334755
2022-11-10,1377.4796142578125,1386.6967904841151,1361.934347796899,1361.934347796899,3435763
2022-11-11,1439.9818115234375,1443.1000672976652,1418.475217234108,1418.475217234108,7214098
2022-11-14,1453.9222412109375,1459.5166964573084,1438.4685535843537,1444.6133748828577,4908813
2022-11-15,1461.901123046875,1465.4320412606673,1442.4121651643493,1447.089492665349,3497614
2022-11-16,1469.971923828125,1475.658069244969,1461.4425937488243,1464.7901313371106,4497697
2022-11-17,1455.84814453125,1469.9719297297695,1451.7668601838732,1464.8359264182825,3469515
2022-11-18,1461.3507080078125,1465.5694713292203,1444.9341064325322,1459.7915243765399,3126064
2022-11-21,1438.2391357421875,1456.2607114407933,1434.4331466169938,1450.9872289206992,3071764
2022-11-22,1453.6927490234375,1456.3982299208378,1432.552918851605,1438.9728102933216,3399329
2022-11-23,1451.9501953125,1460.0667500182162,1448.419277384479,1457.2236776068496,3245067
2022-11-24,1494.7342529296875,1500.4203979201461,1453.4176195623174,1457.3154109383324,5282215
2022-11-25,1500.099609375,1507.757601566357,1480.0603960028975,1496.2018175218022,4563255
2022-11-28,1488.864501953125,1516.4700116769118,1485.7462466988793,1493.083265201096,3825766
2022-11-29,1494.04638671875,1502.9424774251793,1481.2066035401367,1486.8468473018079,3131710
2022-11-30,1499.4573974609375,1509.3624181599896,1479.4640873185208,1485.7004864644923,11868134
2022-12-01,1519.7718505859375,1533.9873258325365,1515.3697060690874,1518.946413503393,5407928
2022-12-02,1502.1629638671875,1524.0823307242517,1498.540243529846,1518.7629471181933,4283343
2022-12-05,1503.859619140625,1508.5369463809327,1488.77291854345,1502.2546462279884,3824966
2022-12-06,1479.23486328125,1491.2492102968945,1474.3282538915594,1490.3320828612875,4822398
2022-12-07,1472.447998046875,1489.2314737623112,1464.3772323790536,1474.7408164804579,4898087
2022-12-08,1485.884033203125,1489.3232610774244,1466.0282018846967,1472.4480939167222,4206837
2022-12-09,1439.2481689453125,1493.0835061100495,1431.7276565946954,1493.0835061100495,8880658
2022-12-12,1418.9794921875,1436.1756312245805,1403.2508465781414,1421.5474937319827,8037679
2022-12-13,1441.8616943359375,1446.768302956747,1413.430748287342,1418.9793012308687,6135067
2022-12-14,1448.5111083984375,1456.8569457535275,1442.6414703621647,1450.895617363601,4976020
2022-12-15,1412.8345947265625,1439.8898498673827,1408.0196764387892,1439.2479055439524,6443866
2022-12-16,1396.05126953125,1421.0888920823663,1386.7425160776045,1398.6192710071691,9630453
2022-12-19,1382.431884765625,1391.1904957152399,1371.1512855645854,1382.9821387832817,6222740
2022-12-20,1382.38623046875,1390.3651943884424,1359.5955240977712,1376.6082828344672,7396259
2022-12-21,1384.4495849609375,1394.9506479498932,1377.8462011118406,1389.447884052655,6236361
2022-12-22,1395.9136962890625,1403.1589126270385,1386.4672400160273,1395.4092314763589,6302640
2022-12-23,1373.031494140625,1384.7707703774543,1369.2712939559335,1383.6701502561066,6283822
2022-12-26,1377.8922119140625,1384.7706673330085,1372.3435464278352,1376.1496474837907,4115459
2022-12-27,1389.3104248046875,1395.363443276997,1373.3982867447278,1384.8164781367202,4860076
2022-12-28,1384.9998779296875,1398.573295419047,1374.3153220044476,1380.36834007092,5029860
2022-12-29,1391.7867431640625,1395.2259709449818,1376.6082397759933,1379.3596220007287,4624745
2022-12-30,1383.21142578125,1403.5717201426937,1379.4054368384104,1401.370592109832,5060544
2023-01-02,1397.7020263671875,1399.9948446519106,1379.4053812367044,1388.5307532282952,3801140
2023-01-03,1396.3724365234375,1405.6354013294995,1389.53976988402,1393.896125248884,4551130
2023-01-04,1370.922119140625,1394.9508128847058,1367.5286804970206,1394.9508128847058,7059590
2023-01-05,1352.9461669921875,1381.102042666127,1347.489304262912,1381.102042666127,9868404
2023-01-06,1328.4591064453125,1352.7629837810398,1326.6248515520501,1348.1773465478836,6443714
2023-01-09,1361.4298095703125,1365.9237565030876,1328.1839392343245,1328.1839392343245,11498717
2023-01-10,1347.947998046875,1360.9253731659428,1333.5491426282238,1359.182808712685,7158624
2023-01-11,1349.3236083984375,1370.1882555291525,1342.674435137001,1348.177199215431,6173092
2023-01-12,1357.89892578125,1361.9343090878735,1334.4204846618559,1359.1370254896133,6591385
2023-01-13,1379.03857421875,1393.4833301069489,1346.342961515927,1360.5584355646306,11610426
2023-01-16,1399.077880859375,1401.370699412078,1377.8005694719036,1384.8624058326163,6073063
2023-01-17,1411.9176025390625,1414.393801685257,1397.7021281387017,1400.453510280707,5922644
2023-01-18,1417.3287353515625,1423.24416242099,1412.0093515411083,1416.7325801385587,5843098
2023-01-19,1411.367431640625,1421.1348612109173,1399.6740568482828,1412.2845590753184,6165284
2023-01-20,1399.1236572265625,1416.9617391940312,1397.7020650690638,1410.541847819042,6496429
2023-01-23,1419.7132568359375,1424.574076980102,1401.4623986498889,1407.7906002862817,4855020
2023-01-24,1423.2899169921875,1438.7893911638814,1421.3180708541106,1430.7186259283192,5200802
2023-01-25,1415.1275634765625,1427.0502195525155,1411.2297720671163,1418.7960730383943,4158617
2023-01-27,1393.25390625,1422.4184860885678,1382.4776608921711,1417.878750910917,6209955
2023-01-30,1411.275634765625,1416.0446522844554,1394.0335955131943,1402.104361110933,6964719
2023-01-31,1406.644287109375,1420.5387909669846,1387.6138917010494,1420.5387909669846,9448126
2023-02-01,1422.5562744140625,1426.1789947825198,1401.4165552146444,1414.3938182397721,6194199
2023-02-02,1452.5006103515625,1455.4353734330107,1423.3818135852407,1423.3818135852407,6916834
2023-02-03,1466.8533935546875,1471.668311773151,1442.6412109796115,1465.110829332441,7040194
2023-02-06,1439.75244140625,1465.569600374364,1432.186140277909,1465.569600374364,4570612
2023-02-07,1432.919921875,1445.4387337102248,1426.2248468410608,1438.972940534242,4336238
2023-02-08,1458.6910400390625,1470.1551318344025,1435.7628564483825,1435.7628564483825,7983338
2023-02-09,1482.9949951171875,1485.5170954490195,1454.6099470732718,1463.9187005529932,6904911
2023-02-10,1475.2454833984375,1482.353221516171,1464.1481510965502,1479.2807548310798,4786762
2023-02-13,1437.55126953125,1464.6524284395919,1436.2214796095184,1464.6524284395919,4001199
2023-02-14,1461.213134765625,1463.7352349511611,1447.3645343194853,1453.3716512253498,5043736
2023-02-15,1464.6983642578125,1466.48671791268,1445.3927876362625,1452.7298068628425,3465747
2023-02-16,1469.0545654296875,1480.6561363023575,1465.4318453938986,1467.4036914951487,4290289
2023-02-17,1452.5462646484375,1462.818045641871,1444.9340632656852,1461.9009183405283,2857734
2023-02-20,1460.4794921875,1470.1552310976708,1451.3541192838827,1453.6010366458702,2417716
2023-02-21,1448.6026611328125,1468.917054491703,1445.3927153816476,1466.211461614736,2723288
2023-02-22,1432.369384765625,1444.475419691915,1426.4080576367378,1433.4698926847386,3656244
2023-02-23,1422.1893310546875,1439.7523421262586,1419.8507234941526,1439.7523421262586,4766854
2023-02-24,1422.1436767578125,1438.9729427671186,1416.9618843691512,1430.7187958678808,2790986
2023-02-27,1384.2203369140625,1412.376101427138,1377.525262560754,1412.376101427138,4920268
2023-02-28,1364.27294921875,1397.7021991611691,1358.5409027983055,1389.9983063812856,9679811
2023-03-01,1372.068603515625,1376.4707482224333,1358.7243539750916,1368.7210658416523,5125043
2023-03-02,1350.1490478515625,1365.2357479456998,1345.701002604229,1361.9341118834534,4644499
2023-03-03,1356.7066650390625,1366.3365031467508,1350.9287173928365,1363.5392196767139,4615015
2023-03-06,1382.5235595703125,1394.400425758518,1369.4087058218104,1370.6927064845922,6561742
2023-03-08,1368.995849609375,1372.0224144227957,1358.3571955247069,1367.0241155154945,4137080
2023-03-09,1357.71533203125,1374.1777229481327,1352.3959486952547,1371.10536876011,5104656
2023-03-10,1349.598876953125,1352.1209773156488,1336.850783639018,1339.0060106489143,3699580
2023-03-13,1316.1695556640625,1355.7895279106722,1309.6579732857313,1342.8579415523982,8798403
2023-03-14,1302.3209228515625,1328.321462547265,1294.066776157433,1321.5805984711983,7402784
2023-03-15,1302.0,1323.2773119475332,1299.4319983717653,1318.8292662290141,7556182
2023-03-16,1287.7386474609375,1300.3033608672233,1282.7861367735707,1300.3033608672233,7323117
2023-03-17,1302.962890625,1323.3231866747517,1294.4336727271848,1311.4922204768466,9090018
2023-03-20,1287.3258056640625,1302.0456322126888,1270.0837669911443,1302.0456322126888,8221829
2023-03-21,1275.448974609375,1288.5639406373286,1274.8070302390654,1283.0611764780233,8536755
2023-03-22,1274.119384765625,1290.6276798354693,1267.6078018788835,1286.7298879439784,8356487
2023-03-23,1260.6375732421875,1269.258481654683,1256.4645985893467,1269.258481654683,7607718
2023-03-24,1266.2320556640625,1283.0154210841881,1263.3430817614233,1272.9729201341963,7559127
2023-03-27,1273.843994140625,1280.0805049322928,1260.2246753182865,1271.3677950652989,4170193
2023-03-28,1263.4346923828125,1282.1441138599873,1261.8297194219722,1276.7330397726337,6633366
2023-03-29,1268.8916015625,1274.715337897841,1251.466181751986,1264.7186272999518,8813966
2023-03-31,1309.612060546875,1311.4463153951938,1278.3839389266645,1287.6469035198686,8711975
2023-04-03,1293.92919921875,1316.077848821429,1288.7016177019077,1316.077848821429,5242764
2023-04-05,1305.57666015625,1309.1992683413307,1283.97826667451,1283.97826667451,7506334
2023-04-06,1304.0633544921875,1310.0246820529576,1293.4704891987503,1298.6522809308385,6948465
2023-04-10,1309.2911376953125,1315.160775822006,1297.7353541060936,1305.943600080133,4993788
2023-04-11,1289.61865234375,1314.5644716127188,1273.8898958181142,1310.483299665465,6942255
2023-04-12,1309.93310546875,1312.8678683565352,1283.9783553609145,1295.946912669283,5831169
2023-04-13,1274.0732421875,1294.1125639133095,1268.3870975225138,1292.920253602577,11267238
2023-04-17,1154.0213623046875,1156.6351528002706,1087.0710673200379,1146.6843436762329,53171705
2023-04-18,1154.9844970703125,1164.7060261991676,1149.2524501837186,1164.7060261991676,12430884
2023-04-19,1130.0843505859375,1150.3987451220048,1127.5164610086156,1150.3987451220048,11307230
2023-04-20,1122.0137939453125,1135.2662413976043,1120.1795389648407,1128.7087574516104,8621249
2023-04-21,1125.636474609375,1131.0475495380106,1118.895609516621,1126.3243202709632,8691352
2023-04-24,1124.67333984375,1128.0666663348547,1117.0611378828073,1126.2324115928468,8313774
2023-04-25,1123.389404296875,1133.110932602619,1114.3098204064606,1124.3523209198693,6808576
2023-04-26,1125.81982421875,1130.8181239428047,1119.3999321931217,1126.2324867816417,5680192
2023-04-27,1142.9700927734375,1144.3916851127638,1123.848007694374,1128.0667716038743,8020704
2023-04-28,1148.931396484375,1154.6634429645405,1141.7777576955154,1151.6368776414001,10118277
2023-05-02,1171.5843505859375,1173.6937883843755,1150.5822227207543,1150.5822227207543,8886401
2023-05-03,1163.972412109375,1167.0447669045234,1157.5066183244755,1161.0834380362487,5549783
2023-05-04,1168.0074462890625,1170.0709825879057,1157.8731454620288,1163.7885714037757,4505401
2023-05-05,1154.7548828125,1173.0057372369336,1150.3068380996276,1173.0057372369336,5373791
2023-05-08,1160.71630859375,1165.026874150822,1151.1781621177383,1157.8273351579073,5260842
2023-05-09,1165.393798828125,1166.5861092874693,1156.2225243840412,1161.083344621019,4969897
2023-05-10,1158.561279296875,1170.6215279475311,1154.8010790515318,1170.6215279475311,6515734
2023-05-11,1152.003662109375,1170.1628287388498,1149.2064908153254,1164.9810367298412,6888461
2023-05-12,1142.0069580078125,1151.9119783998672,1136.3667142373067,1149.4815684750179,8292212
2023-05-15,1154.0672607421875,1163.7429997559711,1142.419787348579,1146.3175788639087,5534710
2023-05-16,1159.524169921875,1168.3743594123644,1158.1025777274938,1160.1661142944206,5236469
2023-05-17,1143.566162109375,1156.4517347340925,1139.48487806171,1156.1307625392042,10465667
2023-05-18,1142.7408447265625,1155.2596572702737,1139.4849973777084,1154.2966286307426,6948732
2023-05-19,1163.742919921875,1167.7783026634847,1148.9771919381424,1151.9578558336234,11094136
2023-05-22,1185.662353515625,1188.2302430762331,1164.9810857591126,1167.4572849700612,7625947
2023-05-23,1192.3116455078125,1205.2431208057392,1189.5602630208477,1191.5319975732739,7436031
2023-05-24,1191.0274658203125,1196.851202152626,1184.2866021300276,1188.8722389198845,4824077
2023-05-25,1196.255126953125,1198.6855370050355,1182.4065253127328,1187.2214442639772,4334121
2023-05-26,1208.2694091796875,1213.7721734013032,1197.7683455717138,1197.7683455717138,5521606
2023-05-29,1205.4722900390625,1222.2556544688687,1201.2993155421436,1222.2556544688687,4419365
2023-05-30,1214.1390380859375,1216.4777576450638,1200.6573106206852,1206.0224833077132,6274719
2023-05-31,1209.0489501953125,1220.7881123252594,1205.2428495541365,1210.4704303212359,17800782
2023-06-01,1210.1497802734375,1219.3210556070746,1208.8657793359193,1212.9470640318148,4277841
2023-06-02,1207.3612060546875,1220.2806442692772,1204.619361093427,1216.655749596294,10909311
2023-06-05,1212.47314453125,1217.0738979713722,1205.7811188985672,1212.0084173773478,5002553
2023-06-06,1188.772216796875,1197.6949566393228,1183.195490212996,1197.6949566393228,10008100
2023-06-07,1198.0201416015625,1202.7139314625765,1192.0252064148026,1199.4608412306454,5397578
2023-06-08,1192.30419921875,1200.8551346703464,1190.7240585978548,1195.4642535429527,5034942
2023-06-09,1176.642822265625,1192.0253388838628,1174.8304314613665,1192.0253388838628,5339073
2023-06-12,1200.80859375,1204.2940478285252,1183.1954778567024,1183.6602050671725,4785588
2023-06-13,1212.798583984375,1214.332206477655,1205.5489075433659,1208.1978299633267,4846587
2023-06-14,1208.6624755859375,1214.5179699939283,1201.970336101225,1214.1926836588375,3457981
2023-06-15,1196.02197265625,1202.6674808789603,1192.1647141872293,1202.6674808789603,6161155
2023-06-16,1200.52978515625,1209.6848882031022,1190.677591317118,1196.2077995523568,8536287
2023-06-19,1202.714111328125,1207.826111028515,1196.2544479993342,1202.714111328125,4451787
2023-06-20,1211.4510498046875,1212.938154351979,1200.0187137709518,1202.7141545834947,4009180
2023-06-21,1207.6865234375,1211.8226634951286,1203.6434195847064,1208.2441733725773,4041529
2023-06-22,1191.1422119140625,1198.4384055285493,1183.6600593630037,1198.4384055285493,6676607
2023-06-23,1175.7598876953125,1189.0975364568558,1174.2262651500378,1186.402095840736,7239467
2023-06-26,1180.732421875,1184.1249532633137,1173.2038636237187,1180.6394991230175,3403244
2023-06-27,1188.91162109375,1191.5605434478787,1184.3107537282526,1189.7016346437479,3240024
2023-06-28,1202.1099853515625,1205.2236353137198,1191.0030491785699,1198.996335389405,5662358
2023-06-30,1241.286376953125,1244.446544670447,1212.4267718508554,1215.9122259231685,12821692
2023-07-03,1239.6134033203125,1251.0457388883244,1234.733767265956,1236.1744671036192,7732412
2023-07-04,1250.2554931640625,1251.0455066392037,1237.4754963466114,1249.4654796889213,5797775
2023-07-05,1252.25390625,1262.1525044299242,1246.3982983908247,1262.0595816855596,5414936
2023-07-06,1249.0938720703125,1252.3933673295787,1242.8200544623764,1247.8391312404847,5963897
2023-07-07,1236.3602294921875,1250.8598092744526,1231.8523982272873,1239.8922016871068,6295647
2023-07-10,1235.3843994140625,1247.2349435988492,1226.229295814045,1242.262385005227,3940315
2023-07-11,1253.462158203125,1255.5999486675075,1233.3859662223854,1239.38090160913,6126128
2023-07-12,1239.2415771484375,1256.52940602109,1233.3859691382677,1255.6928743826675,8102770
2023-07-13,1268.7982177734375,1279.6729026631901,1236.9644035943056,1240.728739413603,9977644
2023-07-14,1325.35546875,1329.1198044888868,1283.251252109647,1283.251252109647,12833381
2023-07-17,1322.5670166015625,1356.027373066275,1314.5273272735951,1325.3553796402884,11569884
2023-07-18,1371.1309814453125,1373.686980851345,1328.1902368074773,1332.8375084548093,16743977
2023-07-19,1370.8988037109375,1393.0663832409173,1357.6540777205,1381.1693208273919,13687062
2023-07-20,1347.2442626953125,1367.2275339253567,1339.0650179246122,1367.2275339253567,8347221
2023-07-21,1237.6614990234375,1254.7634832648805,1212.9380338227177,1227.065695806331,45548305
2023-07-24,1242.308837890625,1254.6706278841593,1240.1246425497882,1246.3984603029912,8859789
2023-07-25,1240.4498291015625,1248.1178279606174,1230.829998679233,1242.6805423705,6801982
2023-07-26,1253.694580078125,1254.7634753600048,1244.9112811341217,1248.2572943766568,5528885
2023-07-27,1257.69140625,1267.590119578346,1252.0217563705712,1262.7568879997546,9191861
2023-07-28,1245.93359375,1267.6363307852569,1241.7510490488623,1258.3417870049511,6122735
2023-07-31,1260.0611572265625,1261.7342203608282,1239.1949534409387,1253.6014951835484,7902180
2023-08-01,1268.8909912109375,1272.4229630074722,1261.2695111768735,1265.9167827729561,6064652
2023-08-02,1261.130126953125,1275.1648651116004,1253.322687629451,1272.7019018221301,7419145
2023-08-03,1268.0546875,1270.145959906921,1253.8339897494227,1254.7634441524986,6503741
2023-08-04,1281.1134033203125,1288.13082917061,1265.9168471204257,1272.3301049407662,5712345
2023-08-07,1294.72998046875,1296.5888892705716,1279.8587100541772,1289.9897857158628,3729093
2023-08-08,1292.1275634765625,1295.241326729345,1286.7367956063742,1294.5906405227167,4161877
2023-08-09,1296.03125,1297.5183543619519,1284.970719846274,1286.3649014591272,4090828
2023-08-10,1291.1051025390625,1297.3325151820761,1287.8520120932285,1293.428738571801,3873025
2023-08-11,1275.072021484375,1298.3083819497344,1270.610708350301,1293.800550711213,5783517
2023-08-14,1295.2412109375,1296.5888744198694,1269.2628926543166,1275.0719825934739,4304135
2023-08-16,1318.4310302734375,1319.7786937329943,1306.2552006588273,1311.2742769730567,7735313
2023-08-17,1311.971435546875,1319.825280033983,1306.812918118155,1319.825280033983,5618346
2023-08-18,1290.8262939453125,1309.3223454207798,1288.3632171358356,1304.6750735005544,5134103
2023-08-21,1306.25537109375,1307.7424755952752,1289.2928265453395,1291.7093855426679,3032722
2023-08-22,1304.7216796875,1306.8594702986447,1298.1225758070195,1305.6046160284368,2890714
2023-08-23,1308.625244140625,1316.665047189912,1306.4875671497327,1316.1073972557133,2559125
2023-08-24,1323.1712646484375,1324.5190416072762,1314.6667341741827,1321.2194330950322,5171963
2023-08-25,1319.9180908203125,1322.148803936989,1311.8318834134902,1313.3189876716804,4307172
2023-08-28,1315.7821044921875,1324.286634688253,1311.8319234109513,1319.9181310643203,3133464
2023-08-29,1317.64111328125,1323.914930768979,1315.4569180328365,1323.5431263001694,3074444
2023-08-30,1333.9066162109375,1335.3007979273286,1323.5431760940035,1326.331539526786,3070887
2023-08-31,1334.185302734375,1342.968715084765,1327.8650807492497,1333.906534483456,9792735
2023-09-01,1341.99267578125,1343.9910253779606,1327.446692130181,1330.0026916597724,3582133
2023-09-04,1361.74365234375,1366.2980017078678,1333.4882151949037,1341.2027322887438,4609014
2023-09-05,1374.570068359375,1375.6389635594269,1353.750268114738,1361.650630132572,5496840
2023-09-06,1373.222412109375,1378.2880068646311,1360.0707225971962,1377.3585524279374,5075786
2023-09-07,1362.76611328125,1369.4582536129653,1358.908967956038,1366.8557356852762,4411743
2023-09-08,1365.9261474609375,1370.7128602563196,1357.1892535120792,1360.25649837947,3125838
2023-09-11,1372.29296875,1373.7801866277496,1361.1860335253727,1365.9262284990148,4182226
2023-09-12,1395.2041015625,1397.8995422546177,1372.8971939733306,1377.9162708726535,6793161
2023-09-13,1392.64794921875,1398.8288435447748,1383.6322871056639,1398.8288435447748,4804686
2023-09-14,1400.6412353515625,1405.846270656975,1393.3915592483722,1398.8288446904617,6444213
2023-09-15,1404.96337890625,1411.2837147970909,1402.546819933446,1410.9119103107828,8657816
2023-09-18,1386.5601806640625,1398.7360111511314,1383.0282084042437,1398.7360111511314,3991916
2023-09-20,1385.11962890625,1389.6274607356734,1372.0607472293989,1372.0607472293989,4169337
2023-09-21,1395.8082275390625,1398.4107453961012,1371.8747753272223,1381.680565209184,6779195
2023-09-22,1390.6031494140625,1400.641188325793,1380.4255561991947,1386.6529684238076,5455613
2023-09-25,1370.1551513671875,1384.7475392640083,1367.7385927513728,1384.7475392640083,4217863
2023-09-26,1357.6075439453125,1375.4995405113145,1356.0739215478982,1374.8024497360157,3996528
2023-09-27,1363.5096435546875,1365.9262023716149,1347.7554364104253,1353.2856448640935,3863586
2023-09-28,1337.9033203125,1368.7147616522336,1333.767292906175,1364.3463706060295,5814602
2023-09-29,1334.185302734375,1344.7347011757531,1316.1074596363055,1331.0716531169655,6068968
2023-10-03,1332.837646484375,1335.626009761539,1320.1041662355099,1334.7430734406207,4181867
2023-10-04,1342.4573974609375,1347.6623192444497,1318.1521429784143,1324.4724780818983,4510406
2023-10-05,1360.2099609375,1371.5493723980028,1347.8946904576385,1349.5677537176623,7384621
2023-10-06,1374.3841552734375,1379.7750360960613,1360.0706484952473,1365.8332203052626,3598672
2023-10-09,1371.3634033203125,1385.8164641413844,1359.0481329313968,1361.5577278028998,3567552
2023-10-10,1389.673828125,1391.393296146582,1365.4614945887647,1379.2174656790087,5688951
2023-10-11,1388.9765625,1411.1440254040863,1376.9400609460672,1391.3931210472037,7220129
2023-10-12,1362.1153564453125,1398.2711535251433,1349.5677226602481,1386.6529740945282,11081662
2023-10-13,1330.188720703125,1336.555460811477,1301.2361927232737,1305.8834648401426,17973439
2023-10-16,1332.97705078125,1341.7603494799055,1329.1197923285388,1331.0716238772634,4850745
2023-10-17,1340.6915283203125,1350.8226045344618,1336.6020195003289,1338.6467739103207,3923764
2023-10-18,1338.9256591796875,1351.4267762032766,1336.880791305478,1340.2733227545561,4264837
2023-10-19,1332.5123291015625,1338.0890555260446,1325.49490296724,1325.49490296724,6795691
2023-10-20,1326.563720703125,1337.0200821379894,1324.7048120035936,1329.119720164981,3928622
2023-10-23,1309.27587890625,1331.3039013836562,1306.1157114580749,1325.0300845878248,2636516
2023-10-25,1289.8814697265625,1320.4797298426586,1281.6434766183827,1317.1374123821106,6940777
2023-10-26,1279.9014892578125,1293.6001393242148,1273.9230836517906,1275.7590480024355,6357656
2023-10-27,1299.57861328125,1303.9565408986182,1283.8558619720413,1283.8558619720413,4634358
2023-10-30,1296.4716796875,1299.5785105468342,1283.3378978736482,1299.5785105468342,2667696
2023-10-31,1288.3277587890625,1300.3316893879341,1283.2437181381906,1299.2018387281082,3451595
2023-11-01,1274.9117431640625,1296.848271394198,1272.5580310195833,1292.7058299617952,3090672
2023-11-02,1289.9755859375,1295.765741180137,1281.9729641186536,1289.8343402140486,3758060
2023-11-03,1307.7696533203125,1310.5469878192453,1297.1308279223888,1299.2962891749294,3349045
2023-11-06,1321.185791015625,1324.9046103571086,1309.4172299003549,1312.3358100714709,2736381
2023-11-07,1322.127197265625,1323.6335500133118,1313.2300966352614,1318.078766511828,2272209
2023-11-08,1309.60546875,1322.7862570767434,1305.3216665728671,1322.7862570767434,3550635
2023-11-09,1294.353515625,1315.7251773651033,1289.8814622493405,1314.2188244766687,5498051
2023-11-10,1288.75146484375,1292.7998955154703,1281.3608320382564,1289.7870751538298,2943649
2023-11-13,1293.176513671875,1301.5556365838725,1290.6344357148544,1299.1077990502322,3462092
2023-11-15,1327.96435546875,1331.2595523805833,1311.4883709095843,1317.1372799012984,8551860
2023-11-16,1360.3515625,1368.3541841941474,1328.0585842809098,1333.2367512594758,6673907
2023-11-17,1353.4315185546875,1366.0944431282537,1351.0778065575678,1356.726715350655,4901251
2023-11-20,1352.5369873046875,1367.0358756378293,1349.7596532252571,1357.6210280094697,3584210
2023-11-21,1354.7967529296875,1365.1530866907901,1352.6784119330985,1357.6212075918063,3793135
2023-11-22,1372.4967041015625,1373.5793197717323,1352.1605387506925,1352.1605387506925,3108786
2023-11-23,1364.4468994140625,1382.0056146017555,1362.9875519464238,1382.0056146017555,3186928
2023-11-24,1353.29052734375,1367.648173226221,1349.9482097083599,1360.963652882806,2973195
2023-11-28,1358.2801513671875,1360.4456124998921,1343.5460053605395,1359.504127646951,3755373
2023-11-29,1374.191162109375,1375.2267723820626,1364.964680220391,1366.1885414781705,3875778
2023-11-30,1370.0018310546875,1375.179998215723,1364.7295383852872,1368.2129866863122,10120867
2023-12-01,1367.318359375,1374.4736205469867,1361.5282051305396,1374.4736205469867,3489187
2023-12-04,1378.663330078125,1385.7715867334168,1364.4940519087752,1374.9915161431222,5511948
2023-12-05,1368.871826171875,1381.0641237085301,1357.621128395019,1380.0285133783032,5123039
2023-12-06,1388.0311279296875,1390.5730909944189,1366.1416056780827,1371.5080232268922,5269178
2023-12-07,1380.1226806640625,1386.6659544767813,1376.2626157196041,1386.6659544767813,4424453
2023-12-08,1403.8951416015625,1407.2373438258442,1380.4521461092754,1384.3593311792147,6323433
2023-12-11,1401.400146484375,1410.3442522227704,1395.2804951896835,1402.812373706227,3862018
2023-12-12,1389.6787109375,1402.812378171591,1381.7702154844862,1391.0438179520306,6103494
2023-12-13,1364.211669921875,1389.6788833678963,1349.2891566973667,1389.631763150233,8549258
2023-12-14,1413.5924072265625,1422.5836336750658,1375.8388870549381,1377.7689770027378,12489858
2023-12-15,1486.0396728515625,1495.5957668241965,1431.9984208352303,1433.9285107001285,18395389
2023-12-18,1472.8118896484375,1499.7854551895782,1468.9989447357254,1476.2012123244115,6467243
2023-12-19,1467.1158447265625,1481.8499902553428,1452.9464521784103,1478.225296674548,4221721
2023-12-20,1446.497314453125,1490.8412269194432,1440.4717885612556,1473.470877793026,6592367
2023-12-21,1446.1207275390625,1456.1475641627426,1432.2338260213533,1432.2338260213533,5319038
2023-12-22,1471.446533203125,1474.3651129316345,1433.8812688345336,1445.1319655836069,6741060
2023-12-26,1453.6055908203125,1457.4186507029785,1433.8815277911087,1445.1793467888062,6878067
2023-12-27,1475.4007568359375,1478.1310856483994,1453.6524816822475,1453.6524816822475,4225849
2023-12-28,1471.2113037109375,1477.1425892283842,1464.0089217215004,1477.1425892283842,5702253
2023-12-29,1452.6170654296875,1468.1985714635211,1449.8867362525718,1450.875341361868,4388990
2024-01-01,1460.5726318359375,1465.8920447074709,1445.4147473584744,1448.945315866922,2808451
2024-01-02,1444.6143798828125,1458.5012814497022,1433.8814295846275,1455.5355811804557,5396313
2024-01-03,1402.8125,1431.0099267639569,1400.9295302013422,1431.0099267639569,7550363
2024-01-04,1424.18408203125,1430.821596173285,1405.5427510177758,1416.8875744672803,7056038
2024-01-05,1442.8726806640625,1449.6042055294993,1418.1115826606078,1418.5823250946862,8895403
2024-01-08,1433.6932373046875,1446.120791889042,1424.7020106289667,1439.4832774397032,4440136
2024-01-09,1439.812744140625,1462.1258878294154,1436.5645526388157,1451.675429581847,4412074
2024-01-10,1430.962890625,1445.6029115375234,1416.9347429419645,1435.7173203076957,4096845
2024-01-11,1406.7667236328125,1435.7645051838629,1399.6114612154008,1435.6703796771912,11296088
2024-01-12,1518.379638671875,1523.3224339613043,1464.3855074004339,1470.5992842073904,26754401
2024-01-15,1555.4271240234375,1567.5251815652139,1540.2692406673768,1548.6954842465418,13228305
2024-01-16,1536.07958984375,1552.0377114243083,1529.9128183588118,1548.5542635934448,6500917
2024-01-17,1544.223388671875,1551.0962739751476,1525.4408120839046,1525.4408120839046,9209876
2024-01-18,1546.48291015625,1552.508435864297,1532.972626255938,1546.5300303672077,6375464
2024-01-19,1562.111572265625,1568.0429726211407,1547.9422946366542,1554.9563105966838,4522736
2024-01-23,1546.0594482421875,1576.7047127157934,1541.8697714896578,1553.5442072103745,9401255
2024-01-24,1577.36376953125,1581.6945769350064,1548.7426065821937,1562.7707540892902,8999681
2024-01-25,1571.4322509765625,1582.2123208537434,1560.9817927200572,1575.0569444579046,8865304
2024-01-29,1559.663818359375,1581.0825992301918,1551.1904544983925,1567.7135599982494,4253785
2024-01-30,1554.815185546875,1591.109474259052,1551.8024798505812,1565.1715194029991,4995943
2024-01-31,1563.7122802734375,1569.690686352798,1542.2463787626282,1551.8024734029086,6763779
2024-02-01,1560.0875244140625,1578.8701012939357,1553.7795069313138,1562.4412365507558,5760011
2024-02-02,1594.263427734375,1617.9417958851127,1567.5723538834523,1568.5609589964831,7858483
2024-02-05,1588.4732666015625,1601.2304328815121,1583.4363454059862,1595.5815235195898,3634135
2024-02-06,1628.2508544921875,1631.5931715300217,1575.9984476716934,1588.0494991796102,7694265
2024-02-07,1594.6400146484375,1627.827356650715,1588.143745994436,1627.827356650715,4613877
2024-02-08,1593.08642578125,1606.50258433862,1584.3306859949523,1598.6412091518757,5919715
2024-02-09,1571.667724609375,1593.8397389846994,1562.6766131725003,1586.1194941932167,4600004
2024-02-12,1581.7886962890625,1593.8867538003944,1572.6092188693096,1572.6092188693096,3555808
2024-02-13,1585.978271484375,1590.2619583832927,1566.1599704025425,1584.518924068217,2696481
2024-02-14,1568.7021484375,1571.761974467885,1539.7986069829612,1563.053238842943,3768579
2024-02-15,1578.258056640625,1588.9910065851047,1564.3711555313787,1578.870044759722,4834391
2024-02-16,1602.07763671875,1608.997527029752,1589.1792259716428,1590.1678309849335,4880654
2024-02-19,1600.2886962890625,1611.3511420495545,1588.9437591339633,1605.2314912033248,3690993
2024-02-20,1586.6373291015625,1595.1106926748687,1571.1028292171682,1586.401957891193,3706389
2024-02-21,1558.67529296875,1576.04564252021,1549.0250732340833,1576.04564252021,4300508
2024-02-22,1582.9654541015625,1586.0252797181995,1548.1776365233488,1567.5722005233338,5841277
2024-02-23,1578.728759765625,1599.0648084069708,1574.0684559887509,1597.6997014214783,5373072
2024-02-26,1563.006103515625,1576.9400103998594,1548.742584990576,1576.9400103998594,2782438
2024-02-27,1566.254150390625,1573.315286661556,1556.0861831168934,1563.8063128021718,5159088
2024-02-28,1573.45654296875,1589.0381630824766,1564.7949283890164,1572.2796869156693,3188916
2024-02-29,1575.951416015625,1583.8127910418666,1556.5568522895687,1567.5721783829442,7814722
2024-03-01,1557.8748779296875,1574.1154909938598,1554.3914300839626,1571.3381567596207,6387291
2024-03-04,1541.39892578125,1567.0543875331723,1538.0567235736469,1560.8406106080845,4445156
2024-03-05,1512.495361328125,1541.5401450012134,1508.2586796437324,1538.386193843857,4596579
2024-03-06,1522.8988037109375,1525.3466412368123,1483.7800637991031,1509.0119027331223,6420684
2024-03-07,1521.8631591796875,1533.1609775234701,1510.3299696204092,1522.004404894455,6348359
2024-03-11,1506.940673828125,1519.3683431830998,1495.0779873422402,1514.0489306330928,6752895
2024-03-12,1518.5679931640625,1529.9129319534898,1504.1633434380817,1506.375809923436,4614222
2024-03-13,1517.108642578125,1529.4420705773052,1505.0105857809417,1518.5208697901078,5688997
2024-03-14,1556.556884765625,1560.746446205705,1513.9075768353332,1519.9331026141767,8803799
2024-03-15,1538.38623046875,1549.4957975654736,1523.6519697189988,1545.0707498555741,11809997
2024-03-18,1508.87060546875,1537.1151488653109,1505.292917334249,1534.6201912131464,4958904
2024-03-19,1470.08154296875,1505.4343467383314,1466.8334660527332,1499.1734492026353,6870411
2024-03-20,1463.9617919921875,1482.7914886121835,1461.5139544170574,1471.540790852675,4759059
2024-03-21,1463.7265625,1484.6746020178996,1453.0878518360887,1472.4824182469645,11062497
2024-03-22,1420.559326171875,1439.4361424981196,1410.5324900051585,1431.9983895472183,14673890
2024-03-26,1405.307373046875,1419.2412797585116,1400.8353200453062,1404.6953849138222,8351081
2024-03-27,1397.0223388671875,1411.285858016063,1394.85699256447,1408.4614033302403,6857402
2024-03-28,1410.391357421875,1423.3367734843898,1400.129150066849,1400.129150066849,12499530
2024-04-01,1407.9434814453125,1440.4247089660325,1405.4486385196594,1435.7644049013911,6580002
2024-04-02,1396.080810546875,1405.7781506375063,1394.1978408148962,1397.9637802788536,7279400
2024-04-03,1394.009521484375,1407.613931160152,1388.690109266799,1392.4560485461666,8736248
2024-04-04,1399.70556640625,1408.1319252871788,1382.09984460195,1403.3303752430386,11186915
2024-04-05,1392.55029296875,1399.7055552251502,1389.6788329794124,1393.4447725803975,5072482
2024-04-08,1390.2906494140625,1403.706808694374,1387.8428117589144,1396.2220500141934,6610887
2024-04-09,1407.3785400390625,1425.2197460789992,1400.2703987062528,1402.8123617129154,9423230
2024-04-10,1418.62939453125,1421.5008543199363,1397.6813569645744,1412.5567483925915,6744595
2024-04-12,1397.8697509765625,1418.6295396712196,1392.9269550899642,1415.9933358940898,12275616
2024-04-15,1382.240966796875,1404.6482366428452,1375.5564475345761,1393.3975389714133,8531224
2024-04-16,1331.68310546875,1370.0016050968616,1330.3651187142993,1366.0944202615754,16173541
2024-04-18,1336.202392578125,1360.1631363842591,1325.1399454315383,1337.9441165902024,22107945
2024-04-19,1328.67041015625,1343.3575498977523,1298.0721544750609,1303.9564344137511,20603621
2024-04-22,1348.9122314453125,1352.7722958085985,1330.3650284478476,1336.814175788956,5859087
2024-04-23,1357.997802734375,1362.1873644449943,1349.1478219496535,1358.562670672261,4856174
2024-04-24,1347.029541015625,1359.7867075742051,1343.546092803966,1359.7867075742051,4268213
2024-04-25,1354.27880859375,1360.351454707475,1336.9084594402714,1336.9084594402714,9089398
2024-04-26,1346.5587158203125,1360.8222343797577,1343.4988900371166,1355.4557017420498,8062444
2024-04-29,1350.79541015625,1355.549954695784,1344.6757585333085,1346.2762368329832,5055957
2024-04-30,1337.4263916015625,1352.4901496742034,1334.6019369629423,1350.7483107051714,6936588
2024-05-02,1331.68310546875,1340.6743311181829,1329.235268018188,1330.3179985042082,10076354
2024-05-03,1333.425048828125,1341.4276701119534,1321.0915052605797,1338.8855920418562,8842345
2024-05-06,1342.4632568359375,1361.1045877183944,1334.1781442699464,1336.9084732924218,6445422
2024-05-07,1356.632568359375,1358.892155017695,1332.7659500503705,1341.568810540377,6080661
2024-05-08,1343.7813720703125,1355.5028124792066,1342.1807788692665,1351.2661306551702,6234983
2024-05-09,1355.3145751953125,1365.1059257902893,1341.4746788069972,1344.0167568835536,6088406
2024-05-10,1341.521728515625,1351.9250667078657,1330.3180362931507,1351.0778223208927,8777481
2024-05-13,1340.156494140625,1341.615841553252,1328.6233053272724,1341.615841553252,3735954
2024-05-14,1341.3333740234375,1349.8538575959403,1335.0725919265954,1342.9339671701941,3463230
2024-05-15,1336.861328125,1348.0180152167325,1335.5433413149956,1342.5573572737128,4327544
2024-05-16,1368.3070068359375,1370.566593499511,1343.4989036055658,1350.0421774524657,9249145
2024-05-17,1359.78662109375,1371.7434327729238,1355.0320766083944,1371.7434327729238,7542860
2024-05-21,1350.2303466796875,1360.1629416112855,1344.8168094895457,1346.3231620700312,6752663
2024-05-22,1369.6722412109375,1374.5207963720839,1344.4404006067602,1345.1465142625411,7173285
2024-05-23,1386.242431640625,1391.6559699792333,1365.1531462577914,1369.5780794505797,8641428
2024-05-24,1379.3695068359375,1389.1609728015073,1374.5679568215526,1382.3352072624964,5277938
2024-05-27,1385.2537841796875,1393.0210346021652,1374.8033247785525,1385.7245266295347,5821844
2024-05-28,1381.205322265625,1389.6315652574615,1374.8502998635329,1389.1608228573064,6186922
2024-05-29,1366.0474853515625,1379.7461367746178,1365.1531206572472,1379.6520112690093,7401634
2024-05-30,1343.9224853515625,1365.011768697552,1338.3678167520543,1358.3743695494225,9663150
2024-05-31,1351.0770263671875,1379.742614221291,1344.4507812144127,1353.8619835736356,37113815
2024-06-03,1350.11669921875,1382.8636553906256,1348.2920640058599,1382.8636553906256,10589244
2024-06-04,1338.3526611328125,1358.8555105856897,1304.4532506211224,1353.09357909204,13736134
2024-06-05,1373.3564453125,1380.9430124283645,1344.594848794161,1344.594848794161,9233424
2024-06-06,1413.833984375,1415.8026912541518,1380.4627967662166,1387.6171483700416,12660930
2024-06-07,1472.749755859375,1478.607696455328,1418.6356360706318,1422.2368434730788,24075302
2024-06-10,1440.2427978515625,1469.1005184048513,1437.8900560410068,1464.7790697698574,6810606
2024-06-11,1436.4014892578125,1446.6768867495505,1434.67286293827,1440.530920339611,4853054
2024-06-12,1426.2701416015625,1448.8857708643502,1423.9173996680136,1447.205207418443,9564320
2024-06-13,1434.6728515625,1445.2844554182486,1430.2553942803347,1435.68123644537,7307565
2024-06-14,1429.8233642578125,1444.0360586769375,1427.0864701658527,1444.0360586769375,4237727
2024-06-18,1438.7542724609375,1447.2051523581276,1436.0654413858667,1437.6019330325926,5420939
2024-06-19,1451.382568359375,1455.5119996711499,1437.3138282236787,1445.2845473689924,5493456
2024-06-20,1455.27197265625,1457.2886253976005,1439.6186772686704,1456.1362858959162,7927010
2024-06-21,1471.885498046875,1495.94161129154,1463.2425999556383,1483.6975056622882,17301941
2024-06-24,1466.5556640625,1468.428244941943,1455.271881344855,1464.0588504809766,5564989
2024-06-25,1480.7684326171875,1482.6411308173647,1460.0255012602715,1465.4513439015984,4551525
2024-06-26,1479.568115234375,1487.394763279802,1474.0943265152384,1479.8562587361448,4851004
2024-06-27,1510.922607421875,1515.7722804516513,1471.261378838573,1477.40734590662,14757754
2024-06-28,1504.5843505859375,1525.4713521019703,1502.1835458139797,1510.1542645475977,8197544
2024-07-01,1527.68017578125,1536.4190819140294,1497.6220524294586,1497.6220524294586,6801771
2024-07-02,1556.7301025390625,1568.9742086490014,1523.550928895523,1532.86600586883,10493173
2024-07-03,1562.8280029296875,1571.086748455425,1542.2770892539197,1560.5232067482063,7269965
2024-07-04,1585.155517578125,1594.13450474685,1563.4042010408868,1563.5962185483268,8008311
2024-07-05,1582.082275390625,1599.7522218867455,1568.5417599764332,1585.9235630103558,7065022
2024-07-08,1595.718994140625,1599.8963711842514,1574.9280004454815,1577.904975049744,5880533
2024-07-09,1591.3975830078125,1600.61665051487,1585.491579421059,1594.0384684368905,5191182
2024-07-10,1582.8507080078125,1607.5789990626897,1572.575309683498,1591.2535253565572,9852770
2024-07-11,1587.1240234375,1598.9360301908912,1576.896688557358,1590.2931327303997,8857679
2024-07-12,1643.8311767578125,1651.5137527263023,1600.5206781808122,1613.3409533828683,17078316
2024-07-15,1639.317626953125,1659.4363248574064,1635.092186939841,1657.7076984616265,6942230
2024-07-16,1657.563720703125,1668.943512173137,1632.547287437264,1650.4092519603355,6886281
2024-07-18,1688.2940673828125,1695.3524103380762,1650.7934479826547,1650.7934479826547,11248896
2024-07-19,1721.8092041015625,1770.8336868455729,1715.5671113876276,1770.8336868455729,29819116
2024-07-22,1738.9990234375,1750.6669588687384,1721.8092366549201,1728.7236252048558,8462126
2024-07-23,1764.015380859375,1766.9442924167647,1712.494085746934,1738.1826974355533,7113056
2024-07-24,1761.182373046875,1769.249100779416,1747.4017766683005,1764.5915628208677,6002845
2024-07-25,1752.4434814453125,1758.2534761150766,1740.1033678723722,1747.7859434479678,5815599
2024-07-26,1804.3489990234375,1808.2862957121283,1752.923709894062,1752.923709894062,11369047
2024-07-29,1796.8583984375,1827.4926924499405,1790.040135957272,1818.4656425678857,4635931
2024-07-30,1802.66845703125,1805.3572882821682,1786.1989113655025,1796.8584620686129,2721265
2024-07-31,1794.121337890625,1810.3508009775471,1791.0483547900394,1802.5241542730917,5004209
2024-08-01,1779.092529296875,1793.7855029159562,1771.8901142339544,1782.453656326238,7475014
2024-08-02,1748.9383544921875,1785.7187334567977,1744.0887987976403,1769.8734206834515,7400938
2024-08-05,1682.3880615234375,1726.1787193591779,1650.3613476722035,1714.1266318965754,10736703
2024-08-06,1681.619873046875,1725.6506144088735,1675.617860395926,1690.3587800212945,7690163
2024-08-07,1720.5609130859375,1726.5629255103806,1692.183351452448,1724.7382902879888,5094329
2024-08-08,1673.9853515625,1709.3251315403352,1658.572136260406,1709.3251315403352,6227910
2024-08-09,1700.4901123046875,1710.0933319139192,1686.325363381071,1700.9702732851492,4258524
2024-08-12,1726.082763671875,1731.9407043499043,1697.9452825491308,1702.698946723047,4315329
2024-08-13,1726.130615234375,1738.1827024097588,1718.0640047615366,1738.1827024097588,4176918
2024-08-14,1750.906982421875,1752.5875458219782,1726.1306294039184,1730.5001411349067,7450718
2024-08-16,1785.1904296875,1787.9753867685558,1756.9089953467567,1776.5955951852964,7335657
2024-08-19,1790.8084716796875,1793.449357119504,1775.8273550396493,1786.1988792940135,2585989
2024-08-20,1797.9146728515625,1810.8790189238414,1794.0733851264426,1805.405230806265,3870333
2024-08-21,1798.3948974609375,1804.4449727328276,1793.0171179008144,1800.6996936229339,1966902
2024-08-22,1805.6453857421875,1818.513723597305,1795.51394205871,1809.2465931329778,4300287
2024-08-23,1788.215576171875,1807.9021772094957,1783.3179574078772,1803.6767369560596,5015935
2024-08-26,1801.7081298828125,1813.8081635443523,1790.0401942272256,1795.8021261828926,3728589
2024-08-27,1824.707763671875,1827.2526403543604,1799.5473747842314,1801.7080992308468,3830679
2024-08-28,1862.1602783203125,1873.588133022963,1822.1148997127973,1831.2379582795415,6514531
2024-08-29,1856.6385498046875,1873.1080958565294,1844.6825875729226,1856.3024605437945,7228284
2024-08-30,1866.5777587890625,1872.6278340667684,1851.5007508106305,1861.1039704725115,13466759
2024-09-02,1886.5526123046875,1897.3562350526781,1865.7136713170646,1866.241778093103,5573739
2024-09-03,1864.2249755859375,1888.95326566776,1859.6153833595768,1888.95326566776,4694322
2024-09-04,1846.1708984375,1850.7324277310104,1824.6597803927025,1844.8744872415468,4778310
2024-09-05,1856.4464111328125,1863.0245930805459,1833.8307821972226,1849.8201661965988,4081810
2024-09-06,1826.3883056640625,1859.6634851962026,1821.5866958391305,1845.7388167038994,5848106
2024-09-09,1819.4739990234375,1844.634387126065,1814.0481565814205,1815.0084785277315,4772612
2024-09-10,1836.423828125,1858.2230908792164,1820.770532458395,1829.3174217997903,6909600
2024-09-11,1834.35888671875,1849.5799652721262,1829.4132055261682,1838.728280994298,5312946
2024-09-12,1873.06005859375,1878.774045014654,1834.9833838435984,1848.6199097939516,8555092
2024-09-13,1866.9619140625,1880.886582594913,1858.8472403257115,1873.0599351123685,3843127
2024-09-16,1872.867919921875,1874.548483367517,1856.3504289468578,1868.5464710616527,1570181
2024-09-17,1875.07666015625,1880.7424658489679,1865.0892884852562,1870.467067930622,2793127
2024-09-18,1817.0732421875,1861.8242226231127,1806.6537722399733,1861.8242226231127,6385468
2024-09-19,1819.041748046875,1848.5237015550497,1804.2528841458939,1834.7910511020839,7976570
2024-09-20,1830.1336669921875,1839.0166455673825,1793.305341425795,1829.4134254860905,15242974
2024-09-23,1821.2025146484375,1842.761812755645,1803.9167195535472,1833.2546020080952,3636672
2024-09-24,1823.2672119140625,1835.0792186672709,1797.1465020357018,1813.0878227950013,7277616
2024-09-25,1820.0982666015625,1826.1482246431408,1802.3323102544668,1811.5033146813457,4268341
2024-09-26,1824.8516845703125,1841.8493352545952,1817.8893508178405,1822.498942813643,8952803
2024-09-27,1831.093994140625,1896.2518191297418,1827.7809300940019,1855.438133669678,14908931
2024-09-30,1801.179931640625,1825.8122145485347,1796.282312853667,1805.40537191387,6986955
2024-10-01,1828.7890625,1833.2065199774477,1800.6036370139677,1800.6036370139677,4029072
2024-10-03,1818.273681640625,1835.9915754881,1806.3656655040093,1814.528402429466,7503887
2024-10-04,1842.04150390625,1876.565029844856,1811.1671309069884,1814.5763205944831,10001483
2024-10-07,1857.55078125,1864.9452133204372,1840.0249057901142,1846.8911139011777,6112575
2024-10-08,1871.2354736328125,1880.2624066206963,1830.7098150344227,1861.008020922201,5637391
2024-10-09,1875.2686767578125,1898.5564839074102,1867.9221904384558,1875.07665925967,4857163
2024-10-10,1842.8577880859375,1886.07227503949,1838.1521871723023,1880.2143346978125,4782119
2024-10-11,1858.3189697265625,1869.7468243014484,1834.3109211351211,1841.8974879353766,4709431
2024-10-14,1881.1746826171875,1891.354071794841,1854.477685639696,1855.4860705732615,3751378
2024-10-15,1881.558837890625,1912.433094709219,1874.3083602991192,1882.2310163628915,5353705
2024-10-16,1843.9141845703125,1881.7989564876755,1840.312977195666,1877.42944464905,3111512
2024-10-17,1890.0096435546875,1899.516854492198,1853.5654717255002,1858.415027332384,8162822
2024-10-18,1805.0211181640625,1859.9995499352583,1795.0818094027522,1818.6577602233042,10526196
2024-10-21,1779.2364501953125,1823.4593218230411,1765.071701772492,1816.0647726492866,4654601
2024-10-22,1778.132080078125,1803.2925852339904,1773.666559613223,1784.4701814346959,4125240
2024-10-23,1799.067138671875,1811.1671716222952,1770.8336503030287,1772.034052723245,4311910
2024-10-24,1789.4158935546875,1809.2465653946333,1786.198838446931,1787.5433126309072,2906475
2024-10-25,1788.1676025390625,1801.9001366151979,1773.1385399992107,1789.5119595392343,4689120
2024-10-28,1791.3365478515625,1807.2299232087717,1783.3178829165497,1785.9107053224764,7018940
2024-10-29,1786.4317626953125,1798.378144066303,1776.4277753656768,1792.9391324904534,4621252
2024-10-30,1750.3009033203125,1786.1402834543007,1744.716179758669,1779.3414895531696,5919715
2024-10-31,1706.7401123046875,1736.5091412479787,1696.2991072073619,1736.5091412479787,7395236
2024-11-01,1710.236572265625,1715.2385657478123,1701.6895882617994,1713.7816813488193,371966
2024-11-04,1712.956298828125,1716.2099839138373,1668.6184223904768,1674.9315887150042,7336722
2024-11-05,1703.77783203125,1717.6182349398387,1694.8423210868225,1709.4111662537578,3160880
2024-11-06,1771.280029296875,1774.6794262747362,1711.9849045771186,1713.296076841982,10421494
2024-11-07,1751.2237548828125,1773.22261567757,1735.6350435250165,1760.8390975998175,4550965
2024-11-08,1777.350341796875,1787.6942446562714,1761.0333078003775,1765.7438769390867,4210960
2024-11-11,1806.6337890625,1814.306737413767,1770.163186757311,1776.427742360696,3804234
2024-11-12,1815.0838623046875,1826.9331420105937,1807.5080155670998,1817.3176807087516,5012450
2024-11-13,1814.6953125,1819.3572716489662,1802.943134866599,1807.605094015565,4257495
2024-11-14,1810.9560546875,1822.0768923467604,1802.6517655626797,1811.9758027067253,4311431
2024-11-18,1759.3822021484375,1796.047127993138,1743.4050832115965,1796.047127993138,4839244
2024-11-19,1772.300048828125,1806.2454112988496,1768.2208195271305,1773.0284911005574,4669769
2024-11-21,1781.3326416015625,1813.3354888516371,1768.26917339711,1789.0540816629436,5436504
2024-11-22,1847.572265625,1859.0331371970146,1781.2840242640295,1800.80625185363,6301486
2024-11-25,1835.3829345703125,1864.1322151458903,1827.9043086809907,1860.9270220152914,12764638
2024-11-26,1868.8428955078125,1882.8775020849253,1842.764686697864,1850.1947027907097,6850495
2024-11-27,1869.182861328125,1885.5971174937745,1856.799342761259,1874.6218732216507,4447143
2024-11-28,1803.282958984375,1859.8586361338635,1798.4266776839897,1859.8586361338635,8468790
2024-11-29,1804.448486328125,1823.0480681141644,1791.9678666332622,1797.8925063282472,5244346
2024-12-02,1825.7677001953125,1828.6814691911163,1782.4495729417774,1805.5655210664468,2868263
2024-12-03,1837.714111328125,1845.1442460985531,1817.3663382733384,1832.7607276683614,4715792
2024-12-04,1834.946044921875,1858.9360291550868,1821.105642042353,1829.8469491241563,4705573
2024-12-05,1879.2352294921875,1893.8526842407528,1834.654541582606,1845.386971128795,9050038
2024-12-06,1867.1431884765625,1882.2461532385446,1857.4306251975142,1877.2442779990854,3573331
2024-12-09,1868.3572998046875,1874.7189577548504,1842.667498232043,1868.8914196597946,4274645
2024-12-10,1892.54150390625,1909.101352624084,1876.4671647750902,1883.2659588503623,6174921
2024-12-11,1917.4056396484375,1921.1449526741415,1895.8922889888395,1898.806057875605,5025612
2024-12-12,1929.8863525390625,1941.3472248051385,1913.9092331296335,1918.4254802729865,6462130
2024-12-13,1942.22119140625,1948.7771714843159,1897.6406217246506,1913.132112410419,5362693
2024-12-16,1923.1361083984375,1942.1240981650324,1920.7564592966078,1938.0933607570853,3119221
2024-12-17,1919.78515625,1925.029963920521,1901.7198129951464,1911.432375880719,5811050
2024-12-18,1922.261962890625,1927.8951783904936,1905.216367108079,1910.2669710918078,3064095
2024-12-19,1890.2589111328125,1903.4194810568974,1864.8120442042316,1878.4096320265542,5323592
2024-12-20,1866.900390625,1923.038935729017,1856.313672846486,1918.3769764514818,11056720
2024-12-23,1868.988525390625,1884.2372017118134,1854.1282567360063,1874.5732490554924,2781793
2024-12-24,1854.1768798828125,1886.1797274213886,1787.111585198432,1871.6594932162752,2360544
2024-12-26,1852.5743408203125,1864.5693327398988,1847.6209572676305,1854.1769374712999,3623321
2024-12-27,1861.655517578125,1868.8428379280153,1849.1748978049127,1854.5168074679777,3937500
2024-12-30,1851.214599609375,1860.9271630910612,1832.2751008200871,1860.6357387619842,7789055
2024-12-31,1825.9617919921875,1842.473148621904,1792.0164326986576,1837.9082915665463,3613063
2025-01-01,1828.389892578125,1838.5394729768454,1820.134214444306,1820.134214444306,1838368
2025-01-02,1901.5740966796875,1906.236174279187,1831.10952423594,1832.760612498252,7083645
2025-01-03,1883.0230712890625,1896.8148627360356,1866.754528958132,1896.8148627360356,6218003
2025-01-06,1882.1490478515625,1916.288731426852,1872.5821967516326,1895.8923485784164,7164403
2025-01-07,1875.3502197265625,1902.2540906114118,1868.357221729347,1889.0935202054077,4294832
2025-01-08,1877.5841064453125,1882.8774057609294,1834.460303784991,1874.5246254427705,5482050
2025-01-09,1862.1898193359375,1895.74665458795,1855.6338390718154,1878.4583629543145,6833503
2025-01-10,1910.4124755859375,1920.9507009797642,1876.709930393327,1881.3233976824297,8036913
2025-01-13,1905.799072265625,1925.8070469770787,1892.9785364775742,1899.7773306055078,5804152
2025-01-14,1884.285888671875,1915.1232771204202,1875.5930733895989,1912.2579998126723,5792162
2025-01-15,1893.60986328125,1901.7684398888914,1881.420549328485,1891.036010381721,2985439
2025-01-16,1873.0191650390625,1910.41253260361,1861.7526156669912,1909.4412763032324,7533579
2025-01-17,1763.2672119140625,1804.5942151264314,1759.9164250856263,1797.7954209897873,16409953
2025-01-20,1761.1790771484375,1775.407886940151,1741.6082392029957,1770.5516054927243,4333011
2025-01-21,1748.941162109375,1779.0016155615642,1741.5111463055791,1766.7638099629812,7169109
2025-01-22,1803.0887451171875,1812.1700865447272,1753.2633671133483,1755.448693830049,8373913
2025-01-23,1811.8299560546875,1825.5247642701754,1799.446438649042,1804.5941442893445,5907471
2025-01-24,1821.5426025390625,1840.4336089404926,1810.6645792715367,1811.8786496612856,4887027
2025-01-27,1769.62890625,1809.4504129219265,1759.9163436470913,1795.6100112127813,7652371
2025-01-28,1777.15625,1809.9361507719634,1772.4456805643415,1777.3990640797924,6999495
2025-01-29,1827.1759033203125,1834.36322360914,1787.5972093347696,1791.9678626583263,5145155
2025-01-30,1806.4881591796875,1832.9548941080284,1790.9966681783667,1819.3088138415467,7336056
2025-01-31,1825.7677001953125,1842.910279604707,1817.2205970496623,1817.2205970496623,5820470
2025-02-01,1798.1353759765625,1836.2571867836969,1792.9391783431893,1826.2533177597818,1701402
2025-02-03,1809.741943359375,1822.6110895629577,1779.7300994439906,1783.2265984737837,4823228
2025-02-04,1844.2215576171875,1856.2650411997822,1821.1056096540206,1834.703198206104,7334787
2025-02-05,1842.5218505859375,1864.5207114002724,1839.8508957040453,1851.2145472314708,4996744
2025-02-06,1860.587158203125,1868.6971246106148,1845.3869733680706,1861.898330498206,4765255
2025-02-07,1848.93212890625,1868.405747107761,1835.14021793859,1864.13231412214,4126260
2025-02-10,1826.2532958984375,1850.2432794461592,1824.6020890265615,1850.2432794461592,3828734
2025-02-11,1821.7369384765625,1848.3007750893653,1816.249316561804,1828.9727506286142,4411601
2025-02-12,1809.59619140625,1840.142154487476,1793.9103785152583,1830.8181177592105,5633947
2025-02-13,1790.2681884765625,1819.6486917731397,1782.8866642532057,1814.7924102365155,5237744
2025-02-14,1803.0401611328125,1805.8568280246752,1775.796375368045,1800.709122375355,5292961
2025-02-17,1789.3455810546875,1799.495162260814,1769.7747423270973,1785.7033698235564,4428956
2025-02-18,1798.7181396484375,1808.1393973263787,1784.780634818134,1789.3456107739096,4365260
2025-02-19,1758.7509765625,1796.0471240806544,1753.9917969230971,1794.2989338566194,4611411
2025-02-20,1772.6884765625,1778.3703022593725,1753.6518766132701,1753.6518766132701,2218020
2025-02-21,1762.8302001953125,1777.2533326664163,1754.2830972545896,1769.4347905187403,3379879
2025-02-24,1713.3931884765625,1756.0313630959042,1699.9413126430345,1748.309923055587,7594720
2025-02-25,1716.8896484375,1727.3306532632726,1694.987890846883,1694.987890846883,5092963
2025-02-27,1713.5875244140625,1724.8054634563641,1700.7668702151418,1704.748997302386,5757079
2025-02-28,1639.189208984375,1704.6519072727174,1634.0901134127998,1704.6034155946859,12182167
2025-03-03,1659.4884033203125,1678.9135283002097,1643.6569975986285,1643.6569975986285,7504969
2025-03-04,1639.7720947265625,1650.1644899401717,1621.9980566215932,1646.2794646548505,6759673
2025-03-05,1662.30517578125,1683.1385762213686,1643.8026956375877,1643.8026956375877,8180782
2025-03-06,1666.5301513671875,1672.794825837321,1642.4915571816716,1665.7046071983816,10610547
2025-03-07,1637.5382080078125,1655.9920786793123,1627.340016320931,1654.146667899849,8019331
2025-03-10,1652.5440673828125,1669.5896637303404,1628.01984457351,1637.5382042171923,7558981
2025-03-11,1613.8394775390625,1631.7106175387037,1589.995206020896,1631.7106175387037,12671234
2025-03-12,1545.123046875,1589.84944650162,1518.850635339536,1589.84944650162,14870008
2025-03-13,1534.439208984375,1559.886194636392,1525.163782654934,1553.2816045131979,7822888
2025-03-17,1544.34619140625,1548.1826065260266,1500.736758011993,1500.736758011993,7526032
2025-03-18,1544.34619140625,1544.34619140625,1544.34619140625,1544.34619140625,0
2025-03-19,1540.94677734375,1556.9238965430377,1527.5920028100838,1556.9238965430377,7387068
2025-03-20,1569.1131591796875,1584.9931759348294,1546.2400259441436,1546.2400259441436,7186750
2025-03-21,1546.7742919921875,1557.7980274559397,1518.7049607743006,1532.59385494289,10074677
2025-03-24,1546.968505859375,1560.9060103586978,1527.4947691913153,1552.0189913058653,8857726
2025-03-25,1581.6422119140625,1589.1209562659596,1558.8663000022038,1558.8663000022038,9890140
2025-03-26,1553.475830078125,1590.6749935166006,1549.1537869998338,1579.2627320763197,6651302
2025-03-27,1557.4581298828125,1573.3866387891755,1540.4125339270274,1549.688079270318,9426573
2025-03-28,1525.5037841796875,1552.504639118573,1515.1598805138667,1544.2975705237486,6799047
2025-04-01,1482.6226806640625,1502.92196020728,1474.2212903040318,1495.0061979771754,12680733
2025-04-02,1505.593017578125,1510.9349273715397,1491.0726643663595,1491.0726643663595,6193478
2025-04-03,1453.485107421875,1490.5385603678294,1442.3642697947264,1490.5385603678294,10459504
2025-04-04,1409.92431640625,1429.6893595876932,1406.3792069857197,1418.5199114659142,9590254
2025-04-07,1356.602294921875,1365.489314158466,1269.4320382766355,1313.1385736419368,21715252
2025-04-08,1387.7310791015625,1414.6348317731379,1374.3276944448953,1389.8677955834949,12805001
2025-04-09,1363.3524169921875,1368.9371407012397,1342.1791008495861,1364.663707842691,8546854
2025-04-11,1368.9371337890625,1397.4436008179698,1356.893650613513,1370.6854425398662,12567440
2025-04-15,1385.011474609375,1406.087688754894,1368.5001176189407,1404.0480742507405,10178530
2025-04-16,1372.482177734375,1386.4682913913693,1356.6507720589223,1384.0401507759727,12022740
2025-04-17,1378.6983642578125,1388.7023519091767,1338.6826507754836,1357.8163531049115,14264227
2025-04-21,1409.29296875,1429.4951483248678,1369.4714582615436,1369.4714582615436,15648970
2025-04-22,1381.903564453125,1398.6091260339042,1378.5041672717928,1398.6091260339042,9399738
2025-04-23,1432.5059814453125,1445.0352117850275,1398.2205856526791,1404.4366498623076,11136642
2025-04-24,1429.1065673828125,1440.2760150192205,1419.4911061400271,1427.6496829084983,7114292
2025-04-25,1437.653564453125,1458.535575435,1421.4336312546193,1433.0887071514799,8329979
2025-04-28,1439.4989013671875,1446.7833234291916,1423.1818670852326,1437.6534907325017,5886253
2025-04-29,1454.456298828125,1466.4027986571466,1431.7288778586658,1439.4018262859975,8056743
2025-04-30,1456.9815673828125,1465.431568419441,1439.984581952398,1453.7764926957282,7704183
2025-05-02,1463.586181640625,1479.4175886205041,1453.1936678135066,1456.5930649551544,7402310
2025-05-05,1465.2371826171875,1479.2232965927526,1459.6039673980883,1471.4532464465005,4282493
2025-05-06,1468.053955078125,1472.0360823521305,1456.0103527730441,1462.7120452184295,4270530
2025-05-07,1464.9459228515625,1475.1441139885928,1453.5821530190785,1456.8844481471906,5691799
2025-05-08,1467.956787109375,1472.910170498641,1458.0499017692832,1464.654491996011,8424409
2025-05-09,1464.2659912109375,1467.9568126185206,1451.1540310083215,1457.5642989506216,4478653
2025-05-12,1580.136962890625,1585.0903465111594,1487.96471253376,1492.8209942326298,11372857
2025-05-13,1523.5125732421875,1565.859323230766,1519.627548132014,1562.7513505672503,12846210
2025-05-14,1546.6285400390625,1549.1537826809642,1524.3867472838704,1528.75740058924,4870057
2025-05-15,1566.636474609375,1572.075486394776,1525.843708376521,1544.1033749720434,11151167
2025-05-16,1544.200439453125,1566.2479103864578,1536.0418626920532,1566.2479103864578,4576751
2025-05-19,1514.9656982421875,1539.4413107743521,1510.9834523682187,1531.1856318206726,8855798
2025-05-20,1515.7425537109375,1537.9843466293191,1513.2173110505078,1524.8723866170074,7143998
2025-05-21,1523.41552734375,1525.8436681268927,1507.4869000940212,1522.832797268108,4157309
2025-05-22,1503.0191650390625,1515.9369216042496,1495.7347425913772,1510.7892156499267,6158990
2025-05-23,1519.8218994140625,1541.5779455953386,1505.447258808557,1505.447258808557,5038421
2025-05-26,1535.070556640625,1538.275749801986,1517.782147363295,1521.5700705826603,3170102
2025-05-27,1524.969482421875,1537.4016104009331,1511.6633186280806,1534.4878415209876,7775714
2025-05-28,1526.6207275390625,1542.063608140773,1524.8724187426308,1535.556238237006,3623370
2025-05-29,1540.02392578125,1562.6542444112208,1531.2826193070812,1543.3262208282474,8609500
2025-05-30,1539.1375732421875,1548.297396005105,1531.652190030095,1547.3124739974683,13148092
2025-06-02,1530.371826171875,1536.4782943781508,1515.7949327230604,1536.4782943781508,4374509
2025-06-03,1519.734619140625,1543.6682714095227,1512.4461724234918,1535.4933708621093,6853403
2025-06-04,1527.8109130859375,1533.8190332918903,1518.158749909477,1519.7346010168856,4548307
2025-06-05,1530.8642578125,1544.0621159555858,1518.3556767230737,1524.5607331925255,6948539
2025-06-06,1540.2210693359375,1545.2441474823067,1519.8331118292815,1531.2581829658582,3960020
2025-06-09,1549.183837890625,1564.0561360451065,1547.3124620446238,1554.2069160448225,2903202
2025-06-10,1571.935546875,1583.2621501262925,1553.7144894707471,1560.116482612782,8591925
2025-06-11,1606.5062255859375,1609.9534525332194,1566.1244242034918,1566.1244242034918,10597410
2025-06-12,1584.345458984375,1603.452969273507,1574.0037782857437,1592.6188275892266,10483574
2025-06-13,1577.844970703125,1584.7394243828517,1546.5244044661895,1552.2369998927122,6968315
2025-06-16,1599.31640625,1610.1505483486199,1573.01891647278,1575.875214344727,5591842
2025-06-17,1615.173583984375,1622.5604988569514,1591.2399317053334,1596.2630097727385,7622083
2025-06-18,1608.2791748046875,1619.9011823893957,1596.5585788351507,1596.5585788351507,5629707
2025-06-19,1593.997802734375,1605.4228739879738,1587.2018168292147,1599.4148737815738,5147760
2025-06-20,1598.429931640625,1606.1122510729595,1584.6410236941556,1594.58871180959,9202821
2025-06-23,1560.116455078125,1576.8601291540897,1551.6461498856431,1576.8601291540897,7943676
2025-06-24,1557.7525634765625,1584.739449496533,1552.827953627288,1576.860073737694,8083992
2025-06-25,1590.550537109375,1595.4751470327865,1561.199813873949,1566.025955644839,7813533
2025-06-26,1591.6339111328125,1599.5132869304996,1582.3756205245834,1584.5425210067874,6519233
2025-06-27,1583.7545166015625,1605.0288069577266,1578.238977654369,1594.5886581952298,8912268
2025-06-30,1577.6480712890625,1590.648993297183,1570.064099926214,1590.648993297183,6294505
2025-07-01,1582.57275390625,1593.308307768125,1576.3676970723639,1584.7395342639384,4178937
2025-07-02,1586.2169189453125,1624.1364168524187,1579.2239966239758,1593.6038341220215,8653641
2025-07-03,1594.293212890625,1607.786716594206,1590.6490495377586,1594.0962765801005,5259695
2025-07-04,1615.96142578125,1618.6207872342948,1587.9897380569496,1600.4981989662078,4411273
2025-07-07,1602.4681396484375,1619.2118141254034,1598.5284515362102,1615.2721260131761,3294523
2025-07-08,1613.9915771484375,1621.378491891406,1597.0509674297891,1603.4529602070286,4590681
2025-07-09,1609.0670166015625,1613.3022292758048,1599.1193284889714,1613.1052929685202,4580828
2025-07-10,1591.43701171875,1614.1886858160015,1582.868118202301,1614.1886858160015,5330179
2025-07-11,1570.85205078125,1582.8680505457567,1539.433016356687,1555.2902357933656,11391755
2025-07-14,1546.623046875,1567.7988696310574,1536.2813659941348,1567.7988696310574,9173426
2025-07-15,1561.6922607421875,1579.4208563061295,1540.4179701114037,1541.5013602388092,7614807
2025-07-16,1583.6561279296875,1587.6942841349517,1554.6993967165145,1555.1918577227598,6223491
2025-07-17,1559.6240234375,1585.7244570472844,1556.2752645133157,1573.9053927711557,7374814
2025-07-18,1562.1846923828125,1575.1857343566385,1556.176692489401,1568.0942241264431,5161833
2025-07-21,1560.4119873046875,1565.041072656143,1543.1758521432762,1556.1767745731315,3682661
2025-07-22,1547.2139892578125,1561.889351060241,1541.4029254290974,1541.4029254290974,8473741
2025-07-23,1550.7596435546875,1567.897309898412,1526.629055261839,1552.5325511946266,8035026
2025-07-24,1529.0914306640625,1558.1466301517212,1524.8562179010848,1556.1767861186595,14169664
2025-07-25,1492.84619140625,1526.1366022975346,1488.512630894258,1520.12860228797,10851259
2025-07-28,1493.1417236328125,1496.392014262957,1460.14683725966,1491.0734115180542,6439855
2025-07-29,1490.8763427734375,1494.3235696797126,1473.5417400906863,1490.0884773327002,7070448
2025-07-30,1496.0965576171875,1498.7557989957106,1483.2925712781332,1496.9830114866083,5719051
2025-07-31,1486.247314453125,1504.0743788045277,1474.428250322285,1486.936711768862,6851407
2025-08-01,1447.4412841796875,1476.1024890867666,1443.4031282013243,1471.3749358302919,8702978
2025-08-04,1458.177001953125,1460.4423706154291,1429.1218033326475,1439.4634841975633,8610216
2025-08-05,1438.2816162109375,1456.4040844682859,1433.0614816224124,1456.4040844682859,10213323
2025-08-06,1415.037353515625,1434.14486387826,1408.7339490588547,1430.1067078263497,10566934
2025-08-07,1415.234375,1420.2574529025999,1392.876574581379,1408.4383894942564,9892020
2025-08-08,1401.6424560546875,1411.590144080286,1395.7329241309972,1403.5138318764698,10048009
2025-08-11,1406.66552734375,1411.7871937906966,1392.6796832838538,1398.4907470266712,6625368
2025-08-12,1402.62744140625,1419.2726477892124,1399.5742071536924,1406.6655976905836,9899184
2025-08-13,1405.0897216796875,1412.3781686321047,1400.953097311154,1403.5138705026145,10318063
2025-08-14,1425.8714599609375,1447.835267553816,1404.6956380205245,1404.6956380205245,12902347
2025-08-18,1414.1510009765625,1442.6151494914589,1408.0444126749926,1442.6151494914589,7254561
2025-08-19,1418.2877197265625,1427.5460108318366,1411.0977408332749,1411.0977408332749,3986094
2025-08-20,1473.6402587890625,1476.3980885005715,1418.9770874002822,1418.9770874002822,10413061
2025-08-21,1473.8372802734375,1485.262351237006,1461.9197483180794,1485.262351237006,6565539
2025-08-22,1465.0714111328125,1481.6181481033814,1463.6924963469764,1475.5115598317454,5543397
2025-08-25,1508.9989013671875,1515.7948868943363,1483.981859694785,1483.981859694785,10694531
2025-08-26,1506.53662109375,1515.2039825206518,1495.7024794249892,1500.03616013844,15994798
2025-08-28,1477.4814453125,1506.5366438633127,1475.413133190423,1506.5366438633127,5443364
2025-08-29,1447.4412841796875,1479.254311487481,1445.5699084151588,1479.254311487481,8169075
2025-09-01,1476.7921142578125,1480.7318023736236,1453.941851048263,1454.4343120627393,4546057
2025-09-02,1476.1025390625,1489.9900353122632,1463.8896025641538,1476.7920565936874,5218763
2025-09-03,1456.798095703125,1479.2543652339205,1450.7900955921732,1477.3829894013984,4623483
2025-09-04,1440.94091796875,1461.6242804276317,1438.0846200594328,1461.6242804276317,5787724
2025-09-05,1422.8182373046875,1450.4945202945664,1411.3931666312185,1447.835279098319,5466487
2025-09-08,1411.2947998046875,1436.0163186937275,1406.7641825159365,1429.1218644887508,3811567
2025-09-09,1481.6181640625,1484.474341584966,1450.297597398603,1458.6694341238242,13072640
2025-09-10,1509.491455078125,1511.756823802922,1486.5428442826578,1487.330709756259,7281071
2025-09-11,1486.9366455078125,1504.4683046125388,1483.7849433052634,1500.922609577238,8003662
2025-09-12,1502.596923828125,1519.6361218926327,1498.1647749913177,1513.8250582606502,12856963
2025-09-15,1485.6563720703125,1504.4683582651935,1478.5648615170796,1502.5969824151846,6167414
2025-09-16,1488.5126953125,1491.1719366717366,1480.8302554728903,1485.656397411633,8923112
2025-09-17,1499.4453125,1503.680405062861,1491.1719434573272,1494.028241371192,4795698
2025-09-18,1517.370849609375,1531.5537508334592,1515.302537400178,1526.6291407021617,9331945
2025-09-19,1516.976806640625,1527.9095369547413,1497.179898612735,1521.3104874589542,12988129
2025-09-22,1476.8905029296875,1491.8612688721596,1459.6543683506482,1460.3437656419162,15655204
2025-09-23,1474.920654296875,1490.186944875574,1470.4885054191882,1470.4885054191882,9832164
2025-09-24,1472.0643310546875,1474.1326431158677,1460.3437357350242,1464.7758845360097,4937004
2025-09-25,1462.4122314453125,1480.04223903444,1454.2373307659764,1466.5488557470633,9491867
2025-09-26,1427.053466796875,1456.404069373631,1419.4694954878144,1452.7599061754568,8597058
2025-09-29,1420.060546875,1442.9106885263222,1414.8404123331482,1437.9860786678707,10513117
2025-09-30,1420.060546875,1430.303639196793,1416.416263441906,1421.2424051491353,7556305
2025-10-01,1424.000244140625,1427.6444073679875,1405.877655696216,1424.197180444367,6250692
2025-10-03,1424.7880859375,1426.4625254104503,1411.5901076030302,1417.3027030735375,6877533
2025-10-06,1453.744873046875,1456.5027027407555,1420.5530497148675,1424.7881421800753,4630590
2025-10-07,1436.5086669921875,1460.5407866669368,1432.0765182081868,1455.4191203786977,5570320
2025-10-08,1472.4583740234375,1475.4131399913774,1433.061494450904,1435.0313384295307,4657192
2025-10-09,1486.5428466796875,1491.171932062491,1464.5790376333712,1479.352867871771,7028753
2025-10-10,1492.058349609375,1498.755747016607,1476.2011295853695,1487.2322078030077,3738353
2025-10-13,1470.6854248046875,1482.0120273618204,1461.0332617199265,1474.4281763502415,5859355
2025-10-14,1467.435302734375,1491.5658915845438,1464.0865439092208,1476.3980688327763,5600789
2025-10-15,1452.1690673828125,1466.1549121391147,1445.373081319078,1461.5258266826634,6986098
2025-10-16,1449.312744140625,1452.267510183725,1438.478601982591,1451.6765810210527,8005748
2025-10-17,1419.37109375,1436.410292725158,1412.3781714796953,1432.9630656678505,16959378
2025-10-20,1438.87255859375,1444.8805586841174,1428.136884861602,1431.781048131079,6994246
2025-10-21,1450.19921875,1463.5941342911037,1447.8353818357486,1455.7147580634262,1698704
2025-10-23,1505.4532470703125,1522.6893817276436,1483.292502510887,1487.2321904325627,20358624
2025-10-24,1502.4000244140625,1519.7346273554492,1495.111577657532,1516.2874003977408,8652257
2025-10-27,1504.5,1515.300048828125,1498.0999755859375,1510.0,7273211
2025-10-28,1500.199951171875,1506.5,1490.5,1499.699951171875,8211019
2025-10-29,1510.4000244140625,1520.199951171875,1496.9000244140625,1500.199951171875,4884976
2025-10-30,1493.800048828125,1508.199951171875,1489.0999755859375,1507.0,5608867
2025-10-31,1482.300048828125,1497.0999755859375,1480.699951171875,1490.0,4819814
2025-11-03,1485.5,1491.4000244140625,1474.199951171875,1482.300048828125,5470600
2025-11-04,1467.9000244140625,1481.9000244140625,1462.9000244140625,1479.699951171875,8691330
2025-11-06,1466.699951171875,1483.0,1461.9000244140625,1478.5999755859375,7944752
2025-11-07,1476.800048828125,1480.9000244140625,1449.0999755859375,1470.0,8765759
2025-11-10,1513.5,1520.0,1490.0,1490.0999755859375,9787975
2025-11-11,1530.300048828125,1533.4000244140625,1511.0999755859375,1525.0,13692989
2025-11-12,1551.699951171875,1559.199951171875,1538.0999755859375,1540.0,14635417
2025-11-13,1541.800048828125,1557.5,1530.300048828125,1557.0999755859375,19655689
2025-11-14,1502.800048828125,1530.0,1488.800048828125,1520.0,9739549
2025-11-17,1507.5999755859375,1510.199951171875,1492.5,1496.0,7910354
2025-11-18,1486.4000244140625,1506.0,1483.199951171875,1506.0,7525119
2025-11-19,1541.0999755859375,1543.0,1490.5,1490.5,10981126
2025-11-20,1536.5,1555.0,1534.0,1555.0,7387584
2025-11-21,1545.0,1551.5,1526.300048828125,1531.0,9186302
2025-11-24,1548.0,1585.0,1541.0,1563.5999755859375,19270381
2025-11-25,1530.5999755859375,1550.5999755859375,1525.9000244140625,1549.0,8107952
2025-11-26,1557.9000244140625,1560.300048828125,1532.0999755859375,1532.0999755859375,7575038
2025-11-27,1566.4000244140625,1574.300048828125,1552.199951171875,1564.0,7552252
2025-11-28,1560.0999755859375,1568.4000244140625,1557.0,1565.0,4453221
2025-12-01,1564.0,1574.0,1556.0,1562.5,5341800
2025-12-02,1561.0,1579.9000244140625,1556.0999755859375,1567.0,6335969
2025-12-03,1578.699951171875,1586.0,1554.0999755859375,1555.0999755859375,12895312
2025-12-04,1597.5999755859375,1599.0,1568.0,1568.0,12609619
2025-12-05,1616.199951171875,1631.800048828125,1600.0,1610.0,10344725
2025-12-08,1610.800048828125,1630.0,1600.199951171875,1617.0999755859375,7550413
2025-12-09,1599.0,1606.9000244140625,1582.4000244140625,1601.199951171875,6957599
2025-12-10,1584.800048828125,1608.0,1582.800048828125,1608.0,5116140
2025-12-11,1598.0,1607.4000244140625,1580.5,1598.0,5159319
2025-12-12,1598.199951171875,1601.800048828125,1582.5999755859375,1601.4000244140625,4633912
2025-12-15,1606.800048828125,1610.800048828125,1585.0,1585.0,4190558
2025-12-16,1592.9000244140625,1603.0,1585.5999755859375,1600.0,5499258
2025-12-17,1602.0,1606.9000244140625,1586.0,1587.199951171875,4817628
2025-12-18,1626.800048828125,1630.0,1606.699951171875,1610.5,6577293
2025-12-19,1638.699951171875,1654.9000244140625,1629.800048828125,1650.0,13149023
2025-12-22,1689.5999755859375,1693.199951171875,1664.0,1664.0,23098923
2025-12-23,1668.300048828125,1679.0,1656.4000244140625,1679.0,6593060
2025-12-24,1663.4000244140625,1667.5999755859375,1652.5,1661.0,4271167
2025-12-26,1656.0999755859375,1668.800048828125,1651.699951171875,1663.4000244140625,2006491
2025-12-29,1644.699951171875,1673.0999755859375,1637.0999755859375,1658.0,4062817
2025-12-30,1621.5999755859375,1647.9000244140625,1616.800048828125,1647.0,9395937
2025-12-31,1615.4000244140625,1628.5999755859375,1609.199951171875,1621.0,6538656
2026-01-01,1629.800048828125,1639.5999755859375,1614.0999755859375,1615.4000244140625,3658165
2026-01-02,1640.4000244140625,1643.5,1627.5,1635.9000244140625,2524526
2026-01-05,1606.4000244140625,1637.0,1583.0999755859375,1637.0,5917885
2026-01-06,1612.199951171875,1619.9000244140625,1599.0,1600.0999755859375,4466729
2026-01-07,1639.0,1642.0,1615.0,1615.0,4508079
2026-01-08,1613.300048828125,1644.300048828125,1608.5999755859375,1638.9000244140625,3942131
2026-01-09,1614.0999755859375,1631.300048828125,1607.0,1610.0,6816681
2026-01-12,1595.9000244140625,1613.300048828125,1592.5999755859375,1610.0999755859375,6985362
2026-01-13,1599.0,1618.0,1586.4000244140625,1618.0,8080618
2026-01-14,1599.800048828125,1617.0,1583.0999755859375,1588.0,7557157
2026-01-15,1599.800048828125,1599.800048828125,1599.800048828125,1599.800048828125,0
2026-01-16,1689.800048828125,1694.0,1653.4000244140625,1663.699951171875,19335957
2026-01-19,1681.199951171875,1685.0,1666.5,1685.0,5104958
2026-01-20,1658.9000244140625,1680.199951171875,1652.9000244140625,1673.0,6406503
2026-01-21,1654.4000244140625,1657.0,1631.199951171875,1651.0,6224582
2026-01-22,1663.5,1671.199951171875,1653.800048828125,1666.0,6228892
2026-01-23,1670.800048828125,1675.699951171875,1662.199951171875,1667.199951171875,5869137
2026-01-27,1682.699951171875,1689.4000244140625,1661.0999755859375,1685.800048828125,10673087
2026-01-28,1666.5,1688.800048828125,1650.0,1680.0,8588664
2026-01-29,1659.5,1666.5,1642.0999755859375,1658.0,4749582
2026-01-30,1641.0,1655.0,1618.0999755859375,1655.0,9207926
2026-02-02,1629.4000244140625,1662.0,1618.0,1662.0,6784887
2026-02-03,1656.0,1728.0,1653.0,1727.199951171875,8805868
2026-02-04,1535.800048828125,1584.9000244140625,1510.0999755859375,1574.0,28828622
2026-02-05,1520.199951171875,1551.0,1515.699951171875,1534.0,10628127
2026-02-06,1507.0999755859375,1525.0,1480.0,1522.0999755859375,13900866
2026-02-09,1497.199951171875,1528.0,1493.0,1522.0999755859375,8294615
2026-02-10,1497.800048828125,1515.9000244140625,1491.0,1500.0,8657000
2026-02-11,1471.9000244140625,1505.9000244140625,1469.0,1501.199951171875,7934411
2026-02-12,1386.0,1435.699951171875,1380.5,1428.9000244140625,26048896
2026-02-13,1369.0999755859375,1377.300048828125,1281.5,1293.9000244140625,45785709
2026-02-16,1365.5999755859375,1376.0,1338.300048828125,1373.699951171875,14621891
2026-02-17,1391.199951171875,1431.0,1367.0,1370.0,25347684
2026-02-18,1373.699951171875,1401.0,1345.300048828125,1390.9000244140625,20241373
2026-02-19,1370.5,1402.0,1363.199951171875,1385.0,14574228
2026-02-20,1353.199951171875,1365.0,1338.199951171875,1359.199951171875,12633552
2026-02-23,1327.5,1352.0,1318.0,1352.0,12887826
2026-02-24,1275.5,1303.5999755859375,1264.0999755859375,1301.0,27839061
2026-02-25,1290.0999755859375,1323.5999755859375,1286.199951171875,1286.199951171875,16669618
2026-02-26,1289.0999755859375,1314.0,1286.300048828125,1305.5,11493914
2026-02-27,1300.0999755859375,1335.0,1294.199951171875,1326.300048828125,23141724
2026-03-02,1288.9000244140625,1298.800048828125,1273.0,1291.0,9700361
2026-03-04,1307.4000244140625,1317.0,1292.0,1292.0,15154950
2026-03-05,1305.800048828125,1320.0,1290.0999755859375,1320.0,10362147
2026-03-06,1308.4000244140625,1327.199951171875,1303.0,1303.0,8724291
2026-03-09,1315.0,1318.0,1282.5,1290.0,10068514
2026-03-10,1295.5999755859375,1321.0,1284.0999755859375,1320.0,9600171
2026-03-11,1276.300048828125,1299.5,1271.300048828125,1288.0,7868891
2026-03-12,1265.800048828125,1278.5999755859375,1258.0,1272.5,7599940
2026-03-13,1248.300048828125,1269.5999755859375,1242.5999755859375,1251.0,7366098
2026-03-16,1249.800048828125,1254.300048828125,1224.199951171875,1240.199951171875,12314450
2026-03-17,1232.9000244140625,1245.0,1215.0999755859375,1245.0,11223276
2026-03-18,1267.0999755859375,1290.800048828125,1234.9000244140625,1238.0,12365381
2026-03-19,1220.800048828125,1255.0,1215.0999755859375,1244.199951171875,9156461
2026-03-20,1255.9000244140625,1264.800048828125,1229.199951171875,1242.0,27299975
2026-03-23,1256.800048828125,1261.0999755859375,1227.4000244140625,1238.199951171875,12420293
2026-03-24,1278.300048828125,1297.0,1251.0,1269.0,13613495
2026-03-25,1279.0999755859375,1290.5999755859375,1257.0999755859375,1270.0,10824030
2026-03-27,1269.699951171875,1294.800048828125,1263.199951171875,1285.199951171875,13092541
2026-03-30,1250.5999755859375,1265.5,1243.0,1250.0,14108486
2026-04-01,1275.699951171875,1303.0,1269.5,1290.0,8137156
2026-04-02,1300.800048828125,1305.4000244140625,1259.800048828125,1260.0,12873492
2026-04-06,1306.199951171875,1320.0,1299.0,1301.4000244140625,10208682
2026-04-07,1339.4000244140625,1345.0999755859375,1293.5,1302.0,15355792
2026-04-08,1346.199951171875,1376.9000244140625,1331.0,1349.0,16030133
2026-04-09,1331.5999755859375,1337.5,1314.0,1329.9000244140625,14894607
2026-04-10,1292.5,1318.9000244140625,1283.300048828125,1318.0,19233369
2026-04-13,1276.800048828125,1289.0,1265.699951171875,1272.0,10366082
2026-04-15,1305.300048828125,1322.5,1300.5,1306.300048828125,12098912
2026-04-16,1319.199951171875,1331.0,1309.0,1322.0999755859375,18527029
2026-04-17,1318.699951171875,1328.300048828125,1306.0999755859375,1313.0,12064048
2026-04-20,1312.5999755859375,1324.9000244140625,1308.0999755859375,1320.0,7172300
2026-04-21,1313.199951171875,1325.0,1299.300048828125,1310.0,10057440
2026-04-22,1268.5999755859375,1297.699951171875,1255.9000244140625,1295.0,20088378
2026-04-23,1240.5999755859375,1265.699951171875,1226.0,1254.0,14792854
2026-04-24,1154.5999755859375,1223.9000244140625,1152.199951171875,1200.0,42078914
2026-04-27,1170.300048828125,1179.9000244140625,1154.5,1154.5999755859375,19579883
2026-04-28,1152.0999755859375,1169.4000244140625,1149.800048828125,1162.699951171875,12720276
2026-04-29,1167.5,1178.199951171875,1156.800048828125,1158.5,8303109
2026-04-30,1181.800048828125,1189.800048828125,1159.5999755859375,1167.5,12205669
2026-05-01,1181.800048828125,1181.800048828125,1181.800048828125,1181.800048828125,0
2026-05-04,1168.4000244140625,1195.0,1165.199951171875,1195.0,7735811
2026-05-05,1178.0999755859375,1185.199951171875,1160.0999755859375,1169.5,8164108
2026-05-06,1167.199951171875,1191.5,1164.0999755859375,1187.0,9856963
2026-05-07,1162.699951171875,1175.4000244140625,1159.199951171875,1173.0,12013987
2026-05-08,1179.199951171875,1183.5,1158.800048828125,1161.0,7582770
2026-05-11,1177.0,1187.0,1172.0999755859375,1176.0,7336288
2026-05-12,1140.300048828125,1162.0,1123.0,1162.0,16891948
2026-05-13,1123.0999755859375,1142.5999755859375,1121.0,1136.5999755859375,6664111
2026-05-14,1095.0,1121.9000244140625,1089.0,1119.800048828125,16914842
2026-05-15,1119.0,1133.199951171875,1101.5999755859375,1102.0,17482450
2026-05-18,1142.5,1146.0999755859375,1118.0,1119.0,12096377
2026-05-19,1196.9000244140625,1198.4000244140625,1162.0,1162.0,32175705
2026-05-20,1193.699951171875,1206.9000244140625,1184.9000244140625,1187.0,15121010
2026-05-21,1181.199951171875,1201.800048828125,1177.0,1196.0999755859375,10021033
2026-05-22,1174.5,1191.800048828125,1172.5,1182.5,8803066
2026-05-25,1168.5,1185.0,1166.0999755859375,1183.0,5856136
2026-05-26,1167.699951171875,1180.699951171875,1162.9000244140625,1166.300048828125,8005767
2026-05-27,1159.9000244140625,1167.300048828125,1155.0,1161.0,6371871
2026-05-28,1159.9000244140625,1159.9000244140625,1159.9000244140625,1159.9000244140625,0
2026-05-29,1160.9000244140625,1210.0,1153.5999755859375,1182.0,69085430
