Price,Close,High,Low,Open,Volume
Ticker,ONGC.NS,ONGC.NS,ONGC.NS,ONGC.NS,ONGC.NS
2020-01-01,85.37138366699219,86.3426527823192,84.96947938170135,86.2421805438642,2574894
2020-01-02,85.77330017089844,86.17519937900482,85.13694698183662,85.50536225500349,4759843
2020-01-03,86.04121398925781,89.35693027410517,85.7732812429793,87.74931335447587,31381588
2020-01-06,84.56757354736328,86.94551528338619,83.79725403354668,86.87852697832288,14611204
2020-01-07,84.23265838623047,85.5388486589579,83.99821463349612,84.13218103206131,7193304
2020-01-08,82.6920166015625,84.03170098626495,82.5245560534747,83.73027404390304,6236192
2020-01-09,82.8594741821289,83.79725423993312,82.25662031899564,83.69677689258086,10135017
2020-01-10,83.1609115600586,83.86424281567213,82.85947949866093,83.36186115716653,6550218
2020-01-13,84.03170013427734,84.19916068066729,83.22789155580175,83.22789155580175,5737187
2020-01-14,83.76376342773438,84.16566769816035,82.9264607349761,84.03169620102497,12432511
2020-01-15,83.49581909179688,84.06518385677671,83.22788122872117,83.76375695487259,5714614
2020-01-16,83.39533996582031,83.8642273832797,83.09391307038064,83.73026100985975,7322878
2020-01-17,83.99822235107422,84.09869971447502,83.06044214348506,83.42885743912433,8561603
2020-01-20,82.32361602783203,84.902507745946,80.3810724221974,84.40012604330727,16106541
2020-01-21,82.22312927246094,83.39535311137585,81.98868552677602,82.42408397475678,6497799
2020-01-22,77.96961975097656,81.72073440655667,77.7016818947588,81.72073440655667,23639592
2020-01-23,78.90742492675781,79.67773948280413,77.9696446853422,78.53900961782952,21105999
2020-01-24,79.27581024169922,80.24708433741844,78.57247911427106,79.0413665325565,11172364
2020-01-27,78.53899383544922,79.37629654158408,78.23756690543674,79.27581919474987,12078165
2020-01-28,78.10360717773438,78.84043264808744,77.4337649118696,78.73996039660047,11611352
2020-01-29,78.80693054199219,79.1418516194248,78.00311688985987,78.60597585133658,15562740
2020-01-30,77.43375396728516,78.73994926739672,77.03184968667013,78.73994926739672,21142714
2020-01-31,72.97930145263672,77.70169073549886,71.50565074150434,77.56772434739233,83360147
2020-02-03,69.29518127441406,70.29994468647705,68.02248504086042,69.89804034375005,18445537
2020-02-04,71.10374450683594,71.6061261141233,69.52961649276686,69.73056606938782,16896688
2020-02-05,71.53913879394531,71.94104303448641,70.40040415017421,71.27120093008801,11348275
2020-02-06,71.840576171875,72.20899142720899,71.20422812410584,71.53914922514022,10750236
2020-02-07,73.18025207519531,73.51517313732435,71.37168038389443,71.87406197708799,21415595
2020-02-10,71.13723754882812,73.11327504826184,70.83581061169785,73.11327504826184,32081049
2020-02-11,71.53913879394531,72.10850356058602,71.2042177417461,71.77358250838681,20946852
2020-02-12,71.47215270996094,72.20898313602453,71.33818632912565,71.67310739170371,13053367
2020-02-13,70.5678939819336,72.47694375016738,69.83106838320201,71.67313493527688,17702073
2020-02-14,69.1947021484375,71.20422877295564,68.9937474417895,70.7018471168261,26644685
2020-02-17,66.95071411132812,68.92675132128163,66.18039980473372,67.98897138354857,36666416
2020-02-18,66.51532745361328,67.1516754510985,64.67326154348339,66.95072076216105,35575369
2020-02-19,68.1229476928711,68.45786878302383,66.18040945837741,67.18517272883564,21806183
2020-02-20,68.85977172851562,69.73056341503903,68.12294131081687,68.32389599027832,28378025
2020-02-24,65.67802429199219,68.65881978989403,65.10865438095229,68.65881978989403,20167769
2020-02-25,65.34310150146484,67.15167319929479,65.14214681926602,66.11341585875066,18255196
2020-02-26,64.1708755493164,65.97944718428364,63.96992087410241,65.24262189264846,16192058
2020-02-27,62.529762268066406,64.43881133034945,61.65897055902867,64.10389026291418,29616674
2020-02-28,61.59197235107422,62.09435387142715,59.950861428783604,60.48673709468904,30416954
2020-03-02,59.68293762207031,63.63500753306392,59.11357278729359,62.96516534850535,24442896
2020-03-03,62.529762268066406,62.96516067783024,60.0513484132414,60.888651081829565,24098468
2020-03-04,62.161354064941406,63.56802156917492,60.754681450217824,63.099128994103694,22998427
2020-03-05,62.027381896972656,63.23309980784607,61.625477630178196,62.52976350808824,16357817
2020-03-06,59.28103256225586,61.29055908978995,58.711667734885914,59.95087473810056,17823038
2020-03-09,49.93673324584961,55.26197617889236,49.56831802712769,55.02753245356474,86655504
2020-03-11,48.027679443359375,51.845782711592896,47.5922861403021,51.41038429804566,63562895
2020-03-12,41.865135192871094,45.817204977176154,41.53021411132812,44.611487039425405,76137223
2020-03-13,44.14260482788086,44.87943027295056,33.492112143992955,39.78863024916178,73051747
2020-03-16,40.291011810302734,43.673712060391225,40.1905344520744,42.53498229511207,49829392
2020-03-17,40.19053649902344,42.20006332397461,39.95609272487733,40.92736197940734,46722476
2020-03-18,45.649749755859375,58.14230857523774,38.515928865609254,41.262281032189335,178094829
2020-03-19,40.89387512207031,42.86991057362238,38.91783967051825,41.63070324320192,61258526
2020-03-20,48.463077545166016,49.836255968945835,42.032594057993315,42.23354618785903,128780492
2020-03-23,43.462066650390625,47.13187572322932,43.17423730372151,43.641959305822795,36058875
2020-03-24,44.9731559753418,46.556208869718944,43.24618568791123,45.692726470947264,38808651
2020-03-25,44.28957748413086,45.33295558223468,43.17424341165208,44.03772882887401,28639475
2020-03-26,46.59219741821289,47.20383134425814,42.922388372053284,44.50544153239253,46474588
2020-03-27,46.376319885253906,47.491656436924615,45.18903012129709,47.491656436924615,33298637
2020-03-30,45.584800720214844,47.2398154525845,43.24619604919471,43.92978873278945,32929981
2020-03-31,49.14667892456055,50.118098230442534,45.72871549936922,46.77209351917033,45891607
2020-04-01,47.311767578125,48.391123492454845,46.844045583937785,48.21123084006654,21883386
2020-04-03,50.26200866699219,51.089516010205585,47.851448094065795,49.65037471414346,39757833
2020-04-07,52.45669174194336,53.53604751651056,50.51384805378998,51.23341857016811,30982061
2020-04-08,53.5720329284668,54.939218267363245,51.08951637117492,52.0969163835138,30555738
2020-04-09,55.622806549072266,55.87465514738957,54.68736262402207,54.68736262402207,19209747
2020-04-13,54.00377655029297,56.702166341482396,52.27680598595412,56.702166341482396,22311833
2020-04-15,53.50008010864258,55.011177471107366,52.88844611548882,54.039758130229195,22311032
2020-04-16,54.29160690307617,55.04715833102615,52.81649026787735,53.24823158818216,24473640
2020-04-17,54.90324020385742,55.98259612799705,54.07573289737276,55.98259612799705,14561017
2020-04-20,53.24822235107422,54.43551489336627,53.10431043256697,54.219641525717606,15698459
2020-04-21,49.9022102355957,50.90960997621191,48.3551326507087,50.15405879827802,27607022
2020-04-22,47.02394485473633,47.74351556556593,43.74989866945055,47.41971094164815,73840707
2020-04-23,48.463077545166016,49.68635082712166,47.88742437414677,48.57101423032208,38207377
2020-04-24,48.642974853515625,50.01016018681634,47.92340420334561,48.31917025689447,31588097
2020-04-27,49.25459671020508,50.010147903259494,48.67894362539474,48.9307921931172,16723889
2020-04-28,49.794281005859375,50.15406628910948,48.28318391418648,48.78688660466928,20422626
2020-04-29,50.729736328125,51.05354095979574,49.43450682166409,49.938209625238436,18023637
2020-04-30,57.49369430541992,58.321201626032845,51.44929992906287,52.240826522301575,54290691
2020-05-04,55.08313751220703,56.018576098236345,53.284210819971506,54.687371443959776,28640967
2020-05-05,56.450321197509766,58.932843493450214,56.23445327387731,56.774131317791884,61865481
2020-05-06,57.02597427368164,58.53707154762486,55.730744901794075,58.53707154762486,38948167
2020-05-07,54.399532318115234,56.34237609119397,54.03974704419928,56.34237609119397,20794229
2020-05-08,54.687374114990234,55.550856773481904,53.78791072494106,54.975203497783745,18523649
2020-05-11,55.44292449951172,56.23445116965742,53.6080170229064,54.68737307034747,15701754
2020-05-12,54.90324020385742,55.65878605682229,53.60801089893463,55.370956712407434,14186736
2020-05-13,56.270423889160156,56.88206334721352,54.867263286317915,56.84608261795561,20493531
2020-05-14,54.79529571533203,55.658778135802905,54.11170043339586,55.406929553989514,13344652
2020-05-15,54.79529571533203,56.48628532452177,54.615403086909986,55.58682218241156,16835999
2020-05-18,52.45669174194336,55.37094903934238,52.09690648375429,55.37094903934238,13014456
2020-05-19,55.51486587524414,56.63019687042081,53.32017362652624,53.53604697521195,42315983
2020-05-20,56.12651062011719,56.486295944605125,54.90324271281358,55.55085190498115,12969847
2020-05-21,55.40694046020508,56.846081770859755,54.97519916498636,56.66618910702792,17999828
2020-05-22,54.79529571533203,55.370948832350166,54.2556178300659,55.370948832350166,12443419
2020-05-26,55.40694046020508,56.27042305064251,55.119111100096454,55.40694046020508,11837966
2020-05-27,56.090518951416016,56.270411578572435,54.615402702665776,55.55084106994676,11655865
2020-05-28,56.73814010620117,58.24923725208884,55.694764943297,55.76672090455109,18645811
2020-05-29,59.86825942993164,60.26402537461521,55.69475410090534,56.162475992834956,40559441
2020-06-01,60.407955169677734,62.24286256256422,60.192087263971885,61.16350656436946,25047349
2020-06-02,60.65979766845703,61.091538887009804,59.43652447768881,60.767728855679636,15367928
2020-06-03,62.09894561767578,62.926447424316656,61.379375010239855,61.9190529658168,23936651
2020-06-04,61.0915412902832,61.91904852749691,60.44392669203388,61.16349724789142,15120972
2020-06-05,62.566673278808594,63.89788353188502,61.163512540022516,61.23546851562121,18202925
2020-06-08,65.4449462890625,66.99202423412963,64.18569769259432,64.7613563897922,32511374
2020-06-09,64.76136779785156,66.48833870377211,64.29364571022258,66.16452857084936,16702413
2020-06-10,63.502098083496094,65.84070226220841,63.106332103451365,65.19308769935675,17382514
2020-06-11,62.53068542480469,64.43754858798471,62.24285609057013,63.53808534968167,14275999
2020-06-12,60.371971130371094,60.58783900461151,58.68098141099315,58.68098141099315,20601082
2020-06-15,60.515892028808594,61.81112142605075,59.72436539266662,60.443936060048145,17274210
2020-06-16,60.371971130371094,61.70317556946063,59.25663456552197,61.52328292931643,13467530
2020-06-17,60.58784484863281,60.98361089107888,59.86827421864958,60.156103568620516,15440371
2020-06-18,60.15610122680664,60.40794983951892,58.86087743719146,59.72435996360158,18460298
2020-06-19,61.70317840576172,62.098944428226154,60.659803240919764,61.52328575734842,21920473
2020-06-22,61.05557632446289,62.026995727608174,60.515898268283394,61.95503975142873,19227535
2020-06-23,61.63121032714844,62.24284411352361,60.73174726192411,61.52327366134415,23440997
2020-06-24,59.79631423950195,62.35079200041561,59.40055371351152,62.062962669766655,33080229
2020-06-25,58.71695327758789,60.443923621905526,57.56564154467193,59.184675213115824,121277435
2020-06-26,60.55186080932617,61.01958274880546,59.3645683444595,59.796309561714445,23684852
2020-06-29,59.292625427246094,60.5158933934236,58.71696668440453,60.407956692904726,14299071
2020-06-30,58.53706359863281,60.120122114846204,58.03336640568035,60.08414139111203,25762293
2020-07-01,57.889461517333984,58.24924687291689,56.34238888023857,56.8460861820991,35344784
2020-07-02,58.896854400634766,60.55186902966039,58.35717643332921,58.53706908909773,35154027
2020-07-03,59.292625427246094,59.97621538071788,58.71696668440453,59.32860066749329,16786174
2020-07-06,60.264041900634766,61.09154924560623,59.58045197950829,59.76034464189824,17510294
2020-07-07,58.96881103515625,60.30002109488327,58.86087983237903,60.26404036736537,20123433
2020-07-08,58.501094818115234,59.652406736071846,58.285221431672255,59.00479206663117,18626174
2020-07-09,57.70956039428711,59.184682332262234,57.493692506460924,58.716960340473435,17348038
2020-07-10,56.522274017333984,57.67358590362378,55.910634602531424,57.56564921337109,17773167
2020-07-13,56.77412414550781,57.241846155790846,56.41433882834983,56.98999204186964,9360631
2020-07-14,55.65878677368164,56.81009867628131,55.51487484456475,56.48629409082422,9303879
2020-07-15,54.86725616455078,56.27041658526287,54.57942683751329,56.126504666688014,14377090
2020-07-16,54.79529571533203,55.19105620392812,53.96778852661316,54.97518834375408,10604062
2020-07-17,57.817501068115234,58.03337446070816,54.903243207441236,54.903243207441236,24934060
2020-07-20,57.78152084350586,58.46511071125146,56.98998879888932,58.28521806290915,15570346
2020-07-21,59.32859802246094,59.65240810958121,57.81750075223153,57.99739341511333,20976092
2020-07-22,59.436527252197266,60.084141855200926,58.788912649193605,59.54446393434583,17882873
2020-07-23,59.47250747680664,60.33598994696888,59.04076624172553,59.364570795564454,14673501
2020-07-24,58.285221099853516,59.292621081038504,57.74554312670672,59.076747695824494,10000280
2020-07-27,58.141300201416016,59.004782629304536,57.637597543574884,58.57304141536028,8510736
2020-07-28,57.49369430541992,58.465113555753256,57.06195302637047,58.28522089865863,10616766
2020-07-29,57.20586395263672,58.06934649558919,57.061952025440675,57.421737333318895,9905015
2020-07-30,55.9106330871582,57.8534769893845,55.766721163980534,57.5656476531412,9668266
2020-07-31,56.34238052368164,56.738141062191346,55.51487323059694,56.09052642021688,10963756
2020-08-03,54.615413665771484,56.48629626576829,54.363565035175675,56.37835956983054,11874183
2020-08-04,54.75932693481445,55.91063890979952,54.61541499664952,54.90324436286792,13360346
2020-08-05,55.37095260620117,55.76671861165835,54.90323613233614,55.04714804892727,9077292
2020-08-06,56.16249465942383,57.52967458116553,55.44292396802769,56.01857722721138,26386380
2020-08-07,56.594234466552734,57.133912470703166,56.198468400887,56.23444913045245,11786462
2020-08-10,56.88206100463867,57.385758254174554,56.77412431119863,57.205865595070556,7067852
2020-08-11,56.450321197509766,57.565658017555485,56.2704285162049,57.241853387162315,10835360
2020-08-12,56.19847106933594,56.918041775703585,55.91064168881111,56.45031971858685,10481019
2020-08-13,56.558258056640625,57.16989207674713,56.41434610716462,56.52228281421611,7316635
2020-08-14,55.47890090942383,56.81010563133831,55.370964204427764,56.63021295297449,11635634
2020-08-17,57.061954498291016,57.42173982176098,55.6947691711275,55.76672513784382,13610411
2020-08-18,58.03337860107422,58.93284198456921,56.95402254088024,57.38576386698007,28329507
2020-08-19,57.241844177246094,58.78891659564079,56.918034109063335,58.17728267559079,12081197
2020-08-20,59.11271667480469,59.90424311346158,56.05454210144478,56.84606854010168,37457277
2020-08-21,58.32120132446289,60.04816643173085,58.03337197662217,59.688381119401996,17027574
2020-08-24,58.465110778808594,58.89685203735143,57.99738879460053,58.501091504473806,9797861
2020-08-25,57.925437927246094,59.364579242208734,57.70956453404633,58.57305261695697,22479622
2020-08-26,58.57304763793945,59.07674485940409,58.10532565235774,58.429130224743865,15967425
2020-08-27,57.6735725402832,58.9687960535395,57.56563587504013,58.86086487818327,16308382
2020-08-28,57.817501068115234,58.860881812463155,57.56565243668243,57.817501068115234,14666431
2020-08-31,58.96881103515625,61.52328897205659,58.21326516627447,58.285221131422034,93192019
2020-09-01,57.097930908203125,59.58045298501363,56.126511612880954,59.54447225597306,38005204
2020-09-02,57.78152084350586,58.82489600793609,57.20586217285528,58.393154749892126,31151170
2020-09-03,56.88206100463867,58.50109493657464,56.70216834553468,57.925436231486536,19975929
2020-09-04,56.0545539855957,56.91803655812743,55.658787937417145,56.522275999837184,12855650
2020-09-07,55.01116943359375,56.37835465316902,54.65138413843647,56.27041796664425,16573385
2020-09-08,53.5720329284668,55.155091659253145,53.24822833052035,55.08313569191931,17905003
2020-09-09,52.31277847290039,53.21224168935252,51.017554735142014,53.21224168935252,28166106
2020-09-10,52.99637985229492,53.53605784368308,52.276809197110715,52.88844315603961,18646363
2020-09-11,52.74452209472656,53.032345915088186,52.24081942931877,52.85245328241844,11510019
2020-09-14,52.99637985229492,53.787906475019874,52.70855049224355,53.1402917873764,11989916
2020-09-15,53.104312896728516,53.50007343593153,52.70854686763745,53.06833217048822,8883202
2020-09-16,52.564632415771484,53.572026823419684,52.2048471302149,53.428114905152164,10284798
2020-09-17,52.636592864990234,53.464100190337184,52.420719479286426,52.56463689971838,16070680
2020-09-18,53.464088439941406,53.82387367711494,52.49266390766324,53.10430320276788,25690567
2020-09-21,51.19745635986328,53.32018772712018,51.01756368501478,53.24823175515853,13686080
2020-09-22,50.010162353515625,51.305391775893064,49.47048434250647,51.08951837553395,18042069
2020-09-23,48.678955078125,50.477881684930146,48.499062417444485,50.15407160177222,17014238
2020-09-24,47.959388732910156,48.46308603199518,47.13188132165149,47.527647406567446,32950752
2020-09-25,49.57841873168945,49.830267360443266,47.59959945022781,48.93080405068797,20235576
2020-09-28,51.70115280151367,53.03235747547831,49.83027011189673,49.974182053448544,28336496
2020-09-29,49.758304595947266,52.312776752741996,49.578411958572104,52.16886483879691,20797874
2020-09-30,49.830265045166016,50.69374758645553,48.64297243347686,49.93820173529923,20069170
2020-10-01,49.758304595947266,49.93819723332243,47.959378222195646,48.571012091293674,20869186
2020-10-05,49.794281005859375,50.15406628910948,49.21862784659185,49.65036908851443,12608039
2020-10-06,49.9022102355957,50.51384402779189,49.650361672913384,50.36993213194111,10028285
2020-10-07,50.729736328125,52.78051180511396,49.722336210865286,49.86625365041038,50074263
2020-10-08,49.25459671020508,51.08950361340178,49.11068481147425,51.01754766403637,21348017
2020-10-09,50.5858154296875,50.80168331598399,49.110693502165425,49.65037145273867,25747313
2020-10-12,49.758304595947266,50.801679696768154,49.50645600159956,50.585811825850534,10564850
2020-10-13,49.72233200073242,50.19005403234488,49.50646409452641,49.72233200073242,9070661
2020-10-14,48.21123504638672,49.50646445254357,47.95938640904748,49.29059105488791,24825690
2020-10-15,47.52764129638672,49.2905871064278,47.2757871893339,48.211231184389234,17333956
2020-10-16,48.39112854003906,48.6070019413776,47.49166518427626,47.959387227250645,18590744
2020-10-19,49.86625289916992,50.693754832059625,48.463086706661294,48.463086706661294,25987617
2020-10-20,48.499061584472656,50.19005146784907,48.3911248919405,50.01015881025821,18530340
2020-10-21,48.78689193725586,49.362545159444394,48.21123322517899,48.93080387033091,19589424
2020-10-22,49.54243469238281,49.722327342311495,48.42710355675775,48.49905951875162,26354156
2020-10-23,49.65036392211914,50.082105119116655,49.36253462749174,49.794275824489254,13177360
2020-10-26,49.07471466064453,50.01015867351448,48.67895410895972,50.01015867351448,14224945
2020-10-27,48.103294372558594,49.25460625517721,47.85144575603079,49.0027576386494,17088331
2020-10-28,47.74351119995117,48.49906257319099,47.563618538692964,48.391125878458396,15025477
2020-10-29,46.34034729003906,47.74350775052053,46.12447391617056,47.527639866539964,29901005
2020-10-30,46.700130462646484,47.41970102296496,46.196427776490935,46.772086420700795,25849220
2020-11-02,47.275787353515625,47.527641461443096,46.19643142772862,47.0599194622911,12847852
2020-11-03,47.7075309753418,48.03133553580786,47.27578424153668,47.49165760843923,10809489
2020-11-04,47.81547164916992,48.13928176372485,47.20383764152908,47.70754043420713,12479581
2020-11-05,48.642974853515625,49.00276017860064,47.63557484529993,48.13927759435197,17947631
2020-11-06,48.93079376220703,49.074705665552756,48.35513516904971,48.71492041730124,10496588
2020-11-09,49.25459671020508,49.398514098822936,48.78688029438638,49.398514098822936,8473527
2020-11-10,50.90961837768555,51.08951102212966,49.29058457768848,49.68635059142067,33795453
2020-11-11,52.06092834472656,52.31277693997566,50.76570464492221,51.41331374988057,23531793
2020-11-12,51.48527526855469,52.45669441722998,50.9096166301387,52.16886509802199,16446681
2020-11-13,51.917030334472656,52.16887899717083,50.405932868394494,51.233434832990056,16264536
2020-11-14,52.27680587768555,53.24822510252425,52.1688691882839,53.24822510252425,5387569
2020-11-17,51.305381774902344,52.74452285706076,51.089508416623566,52.312776140503196,18852045
2020-11-18,51.77310562133789,51.881042315876975,51.01755973934097,51.55723772214805,14032869
2020-11-19,51.917030334472656,53.39214706735575,51.4133275191872,51.44930825238227,27903903
2020-11-20,51.55723190307617,52.312777699797465,50.87363657474237,52.132885059165574,14790440
2020-11-23,55.04716491699219,55.9826091311452,51.66518443177327,51.80909639246324,44111534
2020-11-24,54.75932693481445,56.16249303642096,54.25562966134865,55.227048968683285,31379070
2020-11-25,58.141300201416016,58.86087072128558,55.51486670591461,55.55084193797566,87040163
2020-11-26,57.70956039428711,58.64500437786471,57.16988243988958,58.39315576379013,30469713
2020-11-27,56.486289978027344,58.393153094371435,56.1265046915431,58.14130449181002,44245938
2020-12-01,58.68098831176758,59.004792906150875,55.442920408381255,56.48629564796151,42923229
2020-12-02,61.05557632446289,61.19949376671087,58.24924933435168,58.64501543817228,52652362
2020-12-03,63.82590103149414,64.04177437703454,61.16349238256108,61.451321679985874,53618786
2020-12-04,64.65341186523438,65.48091908349785,62.782529560826234,64.58145590927397,44126894
2020-12-07,65.87670135498047,67.63964741614792,65.30104258527047,65.58887197012547,46638129
2020-12-08,65.30104064941406,67.24387933228411,64.79734335826663,66.92007471510202,34326971
2020-12-09,65.62484741210938,66.81214019707517,65.40897949022671,65.84072082388094,25763702
2020-12-10,65.94864654541016,66.34440708122192,63.825909982847506,65.48092455773445,25329334
2020-12-11,69.65442657470703,75.12316127506136,66.63222718169659,66.63222718169659,146821189
2020-12-14,73.03643035888672,73.79198183441704,70.12216665600013,70.69782544591743,75021883
2020-12-15,72.28086853027344,73.75599053696813,71.38140523104212,73.75599053696813,33553433
2020-12-16,74.04380798339844,74.54750515401096,72.42477430514579,73.3242374597306,34618175
2020-12-17,73.03643035888672,75.98666930496245,72.4607715689694,75.62688393373641,41881430
2020-12-18,71.23749542236328,73.6120807990641,70.6258614586338,73.03642207444317,36480527
2020-12-21,64.65341186523438,71.20150267560665,64.00579728181569,71.16552744257022,58724337
2020-12-22,65.15711212158203,66.41636051881943,62.31480530245662,64.07775635252139,58602960
2020-12-23,65.33702087402344,65.69680621916699,63.53809414830571,65.12114747098184,29216106
2020-12-24,67.02799987792969,68.7189896241055,66.30842930594952,66.56027790816502,46351620
2020-12-28,67.4957275390625,68.46714679517008,67.13594222273464,67.63963946963834,17759262
2020-12-29,67.02799987792969,68.10735573589993,66.20049262217493,67.78354568457618,17678810
2020-12-30,67.09996032714844,67.99942360231128,66.7401750170833,67.27985298218101,15960705
2020-12-31,66.95603942871094,68.75496573802732,66.59625416684766,67.13593205964257,43701316
2021-01-01,67.0639877319336,67.96345111615958,66.92007578641297,67.45975381694855,15130377
2021-01-04,69.76237487792969,70.01422900656938,67.42377017973344,67.67562430837313,39545073
2021-01-05,68.32323455810547,69.4385713192931,67.89149324373527,69.4385713192931,26998014
2021-01-06,69.76237487792969,71.45337035930554,69.25867760042746,71.16554099078058,50306161
2021-01-07,70.44596862792969,71.2734759839201,69.87030990466111,70.51792459586615,25285200
2021-01-08,72.4247817993164,72.89250378607562,70.9136846412303,71.20150848857014,36022114
2021-01-11,73.79197692871094,74.04382557384841,70.55390880294401,73.03642550340983,36301647
2021-01-12,74.43958282470703,75.19513421613556,72.49674423230294,73.39620756024715,28353142
2021-01-13,75.73480987548828,77.6416731698559,74.9073025413414,75.51893648748882,42401579
2021-01-14,75.59088897705078,77.31785391664593,74.97924961356587,76.99404936294376,24455634
2021-01-15,72.96446228027344,76.34644201288611,72.42478431294876,75.73480808122912,28185982
2021-01-18,69.54650115966797,73.28826616827341,69.1147598878886,72.9644615869109,33623461
2021-01-19,70.58988189697266,71.23749660040863,70.15814059131152,70.33803325949438,26085121
2021-01-20,71.1295394897461,71.81313472660531,70.40996902350712,71.23747615765934,18486566
2021-01-21,68.1433334350586,72.10097172408263,67.5676802505879,71.273469928288,26939349
2021-01-22,66.74018096923828,68.68301962090484,66.56028829816216,68.07138563722378,27311961
2021-01-25,65.73277282714844,67.4597433550144,64.76135362081382,66.95604613391882,28522112
2021-01-27,64.54548645019531,66.02060850930131,63.969833212167195,65.76875987454598,34022621
2021-01-28,65.22908782958984,65.76876587756236,63.897883075902094,64.04179502607249,26810222
2021-01-29,63.53807830810547,66.88407679186379,63.142312331157534,65.30102386384668,33858273
2021-02-01,65.37297821044922,65.62482678509643,63.6460079287599,64.04177389598208,24228098
2021-02-02,66.8121337890625,67.60366040649401,65.62484111797102,66.56028515940997,22141489
2021-02-03,67.17191314697266,68.57507908447961,66.92006453969333,68.07137638003304,25912911
2021-02-04,70.26605987548828,70.94964964920709,67.63962647297511,67.81951909657344,49670027
2021-02-05,70.26605987548828,71.92106871866068,69.65442605323138,71.20149822426733,30514219
2021-02-08,71.70519256591797,72.53269963668134,71.30942664384827,71.5972559062729,29096831
2021-02-09,72.6766357421875,74.36762567385477,71.81315315704755,71.81315315704755,39638657
2021-02-10,71.95706176757812,73.75598831176758,70.9496618048544,73.39620300292968,21467230
2021-02-11,71.5613021850586,72.20891689734414,71.16554160358145,71.95706825642438,11287104
2021-02-12,69.79835510253906,71.52532581130124,69.4745504964724,71.16554047572114,18187705
2021-02-15,70.84171295166016,71.41737154292323,68.79093814135214,69.79833793111892,26118576
2021-02-16,74.65544891357422,75.4469754667285,71.41738124985292,71.41738124985292,76236798
2021-02-17,74.83843231201172,75.75332757254976,73.7771560434186,74.6554532599041,21014091
2021-02-18,81.02313232421875,84.53633280426088,75.6435486262178,75.89971821486961,110000964
2021-02-19,76.92438507080078,82.12098853944757,76.00948989730392,81.02311433125134,48225988
2021-02-22,77.80268859863281,79.44949992808958,77.07077245220758,77.5099210232473,36592043
2021-02-23,82.12100982666016,83.73122909985803,80.10823992322163,80.32781705540994,90860972
2021-02-24,83.14568328857422,84.42653670150936,81.24270219188612,83.43845089977495,26071364
2021-02-25,87.13462829589844,88.19590458213541,84.42653492923692,84.90228158944156,62038881
2021-02-26,81.24269104003906,86.65887155952373,80.54737294494879,84.53631364977038,55154985
2021-03-01,85.6707992553711,86.10994788834658,83.07249433547616,83.65802956882871,41672980
2021-03-02,83.07249450683594,85.37803181481038,82.52355731846478,84.82909462643923,36303917
2021-03-03,83.4384536743164,84.7559051764894,82.85291843244443,83.47505172096263,19434630
2021-03-04,82.48695373535156,85.63419563771924,82.19419172180083,83.4018489878913,38272786
2021-03-05,84.1337661743164,86.54909190291242,83.07248990258401,85.08525948172151,57756103
2021-03-08,86.5490951538086,89.54995061315047,85.78058087018597,87.06143428683852,63866178
2021-03-09,85.45121002197266,87.50057746383922,83.58482161655571,87.39078892515404,26817643
2021-03-10,83.73121643066406,85.63419748007237,83.14568122281031,85.56100697511005,23841269
2021-03-12,84.20696258544922,85.92696457012673,83.43844832774684,85.45121791460039,20691698
2021-03-15,83.69461059570312,85.52440096982902,82.56014391419131,84.90227335944164,19679802
2021-03-16,84.2435531616211,85.12185594850651,83.03589031970205,83.29206545592535,20680669
2021-03-17,80.0350341796875,84.06057322066387,79.59588558294192,84.02398076164687,31017863
2021-03-18,80.65716552734375,82.12099797309646,78.68099395920864,80.51078451639953,26710696
2021-03-19,80.8767318725586,82.88950121780327,76.44863707938957,77.76608833899866,50386785
2021-03-22,80.218017578125,81.42568047273845,79.44950888815475,80.87674330101213,15825065
2021-03-23,78.4248046875,80.7303413269252,78.02224863246141,80.21799674923281,15815643
2021-03-24,76.70482635498047,77.58312363418918,75.27758629616892,76.85120737348927,31083656
2021-03-25,74.65545654296875,78.82737688085649,74.14311740816773,77.58312150543811,37295495
2021-03-26,74.9482192993164,76.1192840916025,73.37459836714568,75.38736789841401,26637085
2021-03-30,75.75333404541016,77.80270183775777,75.09460828472143,76.15589022807494,31843017
2021-03-31,74.76524353027344,76.26566844167304,74.58226447395073,75.240990193528,19587582
2021-04-01,76.37545013427734,77.03417579470546,74.03332065728533,75.38736443567375,22299747
2021-04-05,75.71673583984375,76.485250156386,72.75247829906219,74.76524804001971,24878516
2021-04-06,76.08267974853516,76.41204535864438,74.1431064644476,75.13119212662139,15156974
2021-04-07,76.59503173828125,77.10737084659986,75.71672894449259,76.04609458619238,10330347
2021-04-08,75.82653045654297,77.36355362837644,75.60695890861157,75.97291707257565,26105970
2021-04-09,75.97289276123047,76.77799934750146,75.38735765262795,75.38735765262795,17645822
2021-04-12,71.76439666748047,74.83844294605889,71.32524241275928,73.81375899183998,27005598
2021-04-13,74.69205474853516,75.02141482388697,71.76438977979811,71.76438977979811,25505623
2021-04-15,76.92438507080078,78.13204781663204,75.97289744081024,76.30225746963832,28659714
2021-04-16,78.53460693359375,78.93715747489934,76.26566234918488,76.55842993272898,21627285
2021-04-19,75.42395782470703,77.54651008926626,74.5822531763076,76.08267786042443,19166492
2021-04-20,75.277587890625,76.85120900127626,74.80184119427769,75.60695356536301,23082015
2021-04-22,75.46055603027344,76.44864174322105,74.3992798171218,74.94821694476794,14844968
2021-04-23,74.9482192993164,75.863114540802,74.36268411113466,74.65545170522553,12790334
2021-04-26,75.2409896850586,77.36354225679592,75.02141258532417,77.03418219127188,11797791
2021-04-27,75.53375244140625,76.11928765701435,75.24099041767987,75.24099041767987,8886250
2021-04-28,76.04609680175781,76.41205491381238,75.60694818410784,75.93630825132591,6887787
2021-04-29,76.15587615966797,77.5099198940123,75.78991809178696,76.77800375825029,14990087
2021-04-30,79.15672302246094,82.48693774571541,75.60693124752974,76.2290587818453,81358264
2021-05-03,78.8273696899414,81.02311821148938,77.58311442802845,79.15673531861995,33975507
2021-05-04,80.25463104248047,80.73037779953043,78.82739077133057,79.04696791583939,30811922
2021-05-05,81.3158950805664,83.4384533438483,80.87674644294067,82.26738844882038,47588366
2021-05-06,80.69376373291016,82.59674479936507,80.10822851981126,82.19419422642753,26083818
2021-05-07,81.57205200195312,82.2307776482618,80.25460629341279,81.13290343243969,28016564
2021-05-10,83.3652572631836,84.13376593164566,82.34057345448998,83.32865921912837,33477142
2021-05-11,86.4393081665039,86.87845680049267,81.05972483596639,82.37717632201053,48355326
2021-05-12,84.2435531616211,88.67164838729848,83.21886936896016,86.87845035412248,49718697
2021-05-14,82.6699447631836,84.90229173643674,81.64526639914439,84.90229173643674,23626454
2021-05-17,83.62142181396484,84.46312652015499,82.15758948461755,83.40184473093188,19960145
2021-05-18,84.9754638671875,86.00014759362914,83.65801814811431,84.17035721929659,29395737
2021-05-19,84.09716033935547,84.75588594094265,82.99928619806904,83.80439278486375,25295575
2021-05-20,81.8282241821289,83.95077645592868,81.38907004430305,83.03588130891953,21131045
2021-05-21,82.5235595703125,83.47505295641737,81.27930414301659,81.27930414301659,20562816
2021-05-24,82.74311828613281,83.40183831641454,81.13289949724798,82.88949927417836,24785960
2021-05-25,83.87760162353516,85.70739225923215,83.21887587786865,83.73122060631054,25820379
2021-05-26,82.96269226074219,84.4631225616336,82.7065227319277,84.4631225616336,12045621
2021-05-27,81.86480712890625,83.18225822120725,81.46225666142485,82.70651168320543,22821449
2021-05-28,82.23077392578125,84.57290883062258,81.86481587040699,82.85290150310213,19331994
2021-05-31,83.18225860595703,83.69459759751264,81.53544752500173,82.34055404776464,16430926
2021-06-01,86.07335662841797,86.69548437285613,83.58484006658705,83.69462862950633,51620011
2021-06-02,86.1831283569336,87.39079114499269,84.90227506925093,86.36610739803112,27162991
2021-06-03,89.65972137451172,90.61121452885148,86.69545896482578,86.95163406458569,64241347
2021-06-04,91.81887817382812,92.7337733552496,90.28185538585545,91.19675056727692,72354379
2021-06-07,91.59930419921875,93.31930597687919,91.41632516789154,92.91674987432857,28709907
2021-06-08,91.34315490722656,92.14826170660449,89.76953377239627,92.03847314667156,15261479
2021-06-09,90.7942123413086,93.68527927273452,90.06229609699035,92.95336302841628,29718157
2021-06-10,90.72101593017578,91.34314920291791,89.62314156756416,90.57463491545867,12245640
2021-06-11,90.42823791503906,92.66057870727445,89.65972376343603,90.72099989271946,18360366
2021-06-14,91.34315490722656,92.07507119467525,88.7448498531525,91.05038727543148,19547491
2021-06-15,91.74568939208984,94.05122640920884,91.37973131267658,91.92866843179648,32779493
2021-06-16,92.7337646484375,93.86823680051488,92.29461611940243,92.95334170499329,31654780
2021-06-17,91.5627212524414,92.95336323657581,90.3916563757253,91.92867937542005,18124616
2021-06-18,88.01292419433594,91.16016612888707,87.02483842830443,91.16016612888707,87912730
2021-06-21,88.5252685546875,89.2937828538642,87.06143604888645,87.3908017131384,15669821
2021-06-22,89.33038330078125,90.90399881954401,88.92782711723663,89.80612441068925,23629008
2021-06-23,90.2818603515625,91.05037457985738,89.1107955717472,90.3916488961871,21978870
2021-06-24,89.29376983642578,91.08696216098548,88.81802322458023,91.08696216098548,24358397
2021-06-25,88.4886703491211,91.45292763052602,88.08611420252262,89.98909521973519,34557609
2021-06-28,89.54995727539062,91.12357842116616,89.1474066649408,89.69634388434542,23728169
2021-06-29,87.39080047607422,89.6231416653741,87.17122336968114,89.14740057498543,20857415
2021-06-30,86.14653015136719,88.52525768111437,85.67078911267949,88.08610910013033,19094044
2021-07-01,86.98823547363281,87.64696114182733,85.85376876337072,86.18312880542938,16012542
2021-07-02,86.69546508789062,88.45206495161739,86.36610505647555,87.82993734556835,20014124
2021-07-05,88.5252685546875,88.89122668113777,87.02484358668814,87.20782264991327,12050022
2021-07-06,88.92782592773438,91.48953284746335,88.59846584311468,90.02570032190394,30193164
2021-07-07,87.75675201416016,88.12271010797728,86.21972913694374,87.75675201416016,18479814
2021-07-08,85.6707992553711,87.39080132523719,85.52441265499404,87.39080132523719,17151883
2021-07-09,86.29291534423828,86.84185245764428,85.34142211403704,85.70738018964104,11240925
2021-07-12,86.76866149902344,87.35419106643731,86.3661053843638,87.09802153168893,8420962
2021-07-13,88.12271118164062,88.41547877707679,86.80525979421658,87.09802738965276,8580799
2021-07-14,88.41547393798828,89.1107920530258,87.9031292779969,88.04951585974177,12709481
2021-07-15,85.5610122680664,87.39080292570651,85.04866753348043,87.24441632264853,28589465
2021-07-16,85.48780822753906,85.92695679904853,84.71929403933972,85.78057021916067,19691248
2021-07-19,83.87760162353516,85.30484166982554,83.58483400500806,84.02398822483764,14395883
2021-07-20,82.41375732421875,82.8895039382515,81.68184117465361,82.01120679240417,18634406
2021-07-22,84.53633117675781,84.75590829656245,83.40185869789735,83.73122437760432,11710140
2021-07-23,84.38993072509766,85.45120686364929,83.98737462615638,84.53631171521621,7841690
2021-07-26,83.84101104736328,84.60951978119775,83.51164537508166,84.0605825781397,8149770
2021-07-27,83.91419982910156,84.82909514868601,83.43845314610208,84.4265389744377,9704729
2021-07-28,83.69461059570312,84.31673820609052,83.0358849442024,84.09716671164165,11020097
2021-07-29,83.98738861083984,84.75590289711916,82.9261122955758,83.65802853619316,14142749
2021-07-30,84.38993072509766,85.45120686364929,83.29205654697797,83.6580146063512,12236156
2021-08-02,85.70738983154297,86.00015744177732,84.0239858448314,84.13376881260129,10895726
2021-08-03,86.29291534423828,86.51248683915443,84.28014592841629,85.01206207962429,15163353
2021-08-04,85.8903579711914,86.73206264958506,85.34142086581429,86.146527503552,14304543
2021-08-05,85.52440643310547,85.81717402848294,83.95078549401929,85.04865978862675,11033147
2021-08-06,85.37801361083984,86.51248020780695,85.01205556328723,85.01205556328723,6606584
2021-08-09,84.17035675048828,85.63418904180112,83.6580176821596,84.9022728961447,8294214
2021-08-10,84.0605697631836,84.68269738165766,83.36525164560854,84.24354880297462,14300982
2021-08-11,85.63420104980469,85.8537781579225,84.06057999916793,84.53632667737129,11308648
2021-08-12,85.08525085449219,86.29291359633908,84.38993275855938,84.97546231721938,13519139
2021-08-13,84.9754638671875,85.59759147764515,84.42652675488773,85.48780852244685,10342014
2021-08-16,84.53633117675781,86.62229147858946,83.95079591333084,85.56101509571596,14771886
2021-08-17,83.32865905761719,84.902280019624,82.48695430267611,84.902280019624,16025745
2021-08-18,82.85289764404297,84.35332783482225,82.6333261714915,83.3652422481494,10074307
2021-08-20,80.65716552734375,81.79163790643317,79.412910182085,80.98653117808469,23878081
2021-08-23,81.79163360595703,81.97461265205537,79.41290600667864,80.76694983099087,16886027
2021-08-24,82.85289764404297,84.31672979735875,82.04779107653458,82.81630519065598,17368602
2021-08-25,84.64610290527344,85.78056957447367,82.92610108907651,83.07248208378718,18637317
2021-08-26,84.57292175292969,85.08526087510573,83.73121698014538,84.60951421361219,8779246
2021-08-27,85.37801361083984,85.63418312731135,84.13375289871497,84.5363089846535,9706825
2021-08-30,87.9397201538086,88.12269917802206,85.45120430769008,85.45120430769008,15933414
2021-08-31,88.23249816894531,88.5618582179431,87.13462389351626,87.82994203432372,13376290
2021-09-01,87.61036682128906,89.47675536310756,87.39079531194876,89.14739530705839,10964080
2021-09-02,86.84185791015625,87.93973220590013,86.36611126518508,87.0248369594469,13031666
2021-09-03,90.09888458251953,90.39165218414198,86.95164822129148,87.79334739784939,21326802
2021-09-06,89.03759765625,91.01376895863629,88.67163959402461,90.6112184406345,12505630
2021-09-07,87.79334259033203,89.84271010538932,87.50058058881862,89.65973106240482,8530847
2021-09-08,88.42522430419922,88.83408638463156,87.34732343258752,88.46239564662055,7801721
2021-09-09,90.80404663085938,92.03062717629764,87.86768645583439,88.5367309053053,27242637
2021-09-13,91.47309112548828,91.73327350275807,90.02349387232726,90.84121234583965,9921031
2021-09-14,92.14213562011719,93.22004220932173,91.28725142341634,91.65894217730394,16593684
2021-09-15,95.48733520507812,97.15994329628731,92.36513570344088,92.36513570344088,42437332
2021-09-16,95.67318725585938,97.56881216074535,94.70679480500687,96.37939734192659,22431820
2021-09-17,94.96697998046875,96.41657153542523,92.73683563650471,95.67319008743722,25968166
2021-09-20,95.52450561523438,96.19354430798457,92.95984216889272,92.95984216889272,29857432
2021-09-21,100.50515747070312,101.09986482653792,95.9705379865489,96.34222866605823,51537119
2021-09-22,99.3529281616211,100.54234304168361,98.46087267312468,99.98480694348574,16424387
2021-09-23,102.40079498291016,102.84682839121939,99.91046258220162,100.2078219687747,18688982
2021-09-24,101.1742172241211,103.99905758542434,99.98480239812993,103.25567615495498,33667173
2021-09-27,104.07341003417969,104.6309461593628,102.21495628356934,102.62381837732391,34196564
2021-09-28,105.70884704589844,106.74958795190227,104.81679151439621,105.4114989830982,46109879
2021-09-29,107.60446166992188,110.61515872101644,103.59020649719604,104.70527863885326,68003697
2021-09-30,107.41862487792969,108.57086845146893,105.07697773098005,107.60447024969082,26714630
2021-10-01,108.71954345703125,111.24703599844987,107.12127778276673,107.9389906200015,42893182
2021-10-04,109.72310638427734,110.39214515098242,109.27707297774016,109.87178040542284,16099471
2021-10-05,121.65438079833984,122.36060231442713,110.76384610450047,111.50722762198033,131238378
2021-10-06,124.96240997314453,128.41912872726093,123.25263059267114,123.40130459464724,101221817
2021-10-07,119.23836517333984,126.48633340699416,118.56932648901149,126.48633340699416,59769140
2021-10-08,119.64726257324219,123.84737528998622,119.31274313214642,121.84023595720627,30561341
2021-10-11,122.65795135498047,123.55000691439632,120.94817158262401,121.72872445077608,18143592
2021-10-12,121.5800552368164,123.28983507698594,120.985347725918,122.73229891235037,11619888
2021-10-13,118.94102478027344,121.76587638742494,118.71800809019042,121.65436237083341,16690451
2021-10-14,118.23483276367188,120.24196059462172,117.93747335046707,119.68442445585221,14821875
2021-10-18,120.50213623046875,123.0296285948755,119.8330861271136,121.72871107196896,22899876
2021-10-19,117.90031433105469,121.54287926411463,117.45428087908324,121.54287926411463,10331930
2021-10-20,115.1497802734375,118.45783674887029,114.22055347541719,118.38349406778843,17118996
2021-10-21,115.22412872314453,119.16405281262067,114.88960932772983,117.15692509703129,31555789
2021-10-22,116.74803924560547,117.7144372357794,114.852414600091,116.71086791077208,27317028
2021-10-25,119.98175811767578,121.13400160138335,118.12330454495402,118.19764722510307,34568006
2021-10-26,121.24553680419922,121.87740432345682,119.16406617048074,121.58005623711234,33022684
2021-10-27,117.37991333007812,121.61719619710813,116.71087463691521,121.24550551355107,21652522
2021-10-28,111.65587615966797,116.59936892789841,110.54080413808055,111.50720215874281,24815027
2021-10-29,110.80101013183594,112.88248051194225,108.53369438463265,111.43287757410504,18736450
2021-11-01,113.84886169433594,114.18339241298351,110.31779989479308,111.50721472240559,11444653
2021-11-02,113.70018768310547,115.07544786866661,112.51078419852598,114.44356911463032,20609479
2021-11-03,112.99398040771484,114.62941732920635,111.35854348622333,112.39927297905409,11591857
2021-11-04,113.03114318847656,113.62585057209742,112.43643580485569,112.99397185016903,1114216
2021-11-08,115.1497802734375,115.63298501426841,112.77096193912561,113.70018873714592,16568525
2021-11-09,116.45069885253906,117.5657710203314,115.22412400520777,116.3391961730001,13601954
2021-11-10,117.23124694824219,117.9746283636947,116.30202017892654,116.48786553278967,13900618
2021-11-11,114.10903930664062,116.59937141181032,113.77451996165797,116.41352607092004,14158749
2021-11-12,114.96394348144531,115.67016497505189,113.96038527065419,114.4807500477053,10552485
2021-11-15,117.30559539794922,120.61364059083422,115.96750651568652,116.302025900477,45750584
2021-11-16,116.82239532470703,118.71802037186986,116.56221861194427,118.49500365871519,12956283
2021-11-17,117.00823211669922,118.38349229440816,116.41353604935519,116.7108840830272,11420415
2021-11-18,114.7037582397461,116.71088585526104,114.25772483936474,116.71088585526104,18351511
2021-11-22,112.96932220458984,118.48095610041122,112.54534765205713,116.59235501625781,21558590
2021-11-23,113.08497619628906,113.85583494576939,110.5411399705298,112.3912080267052,21216047
2021-11-24,118.28825378417969,120.13832154364073,114.85793525162185,114.85793525162185,36294271
2021-11-25,119.56017303466797,120.25394106664342,117.59448126091256,118.71222387348134,11554142
2021-11-26,113.39330291748047,117.36321993785285,112.7380684132084,117.36321993785285,23135841
2021-11-29,111.08072662353516,112.58389850937684,109.38482832938709,111.77449464396408,18736522
2021-11-30,109.53901672363281,113.89436330584603,108.76815808873707,110.50259001725249,22980651
2021-12-01,109.65461730957031,110.73381446215188,107.65038058349964,109.77024137507306,14278744
2021-12-02,111.00362396240234,111.50467728228574,108.22852865839539,108.30561921331618,8561767
2021-12-03,112.46824645996094,113.20057141890624,110.34838566007406,111.003620066804,10690334
2021-12-06,110.50257110595703,112.42971736338657,110.04005129922702,112.39117208576452,7749262
2021-12-07,112.46824645996094,112.73805163034783,111.38904930314708,111.77447853949015,10253663
2021-12-08,114.39540100097656,115.89858454245126,113.16203441197213,113.31620376530172,12266948
2021-12-09,113.58601379394531,115.55169371677519,112.8151552320926,115.24335499698138,7989291
2021-12-10,113.74015808105469,114.08704200494797,112.19844129720404,112.73803981907865,10324085
2021-12-13,112.5068130493164,116.01422211695395,112.04430493550747,114.81938890546832,13595587
2021-12-14,113.23910522460938,113.66307973815324,110.96507507679554,111.19633497167099,12331999
2021-12-15,110.965087890625,113.8558075044605,110.69529445075463,112.77661022024255,10361033
2021-12-16,112.04428100585938,112.73804890958714,111.42759189011994,112.00573573068193,12156709
2021-12-17,107.45767974853516,111.85158299906716,106.76391174180289,111.1578032299666,17667617
2021-12-20,103.29505157470703,106.10868073727956,101.48352917423298,105.99305665315087,17238729
2021-12-21,104.87532043457031,105.49200969969158,103.14088849274953,104.10446179376108,8615570
2021-12-22,105.4534683227539,106.33995108758538,104.29718031869383,105.91597646695605,4968143
2021-12-23,108.30561828613281,108.69104753270268,105.72323762916784,106.76390129985334,6324169
2021-12-24,106.76390075683594,109.15356677836176,105.76178236837777,109.11502150142739,5657495
2021-12-27,105.87744140625,106.41704011450348,104.83677751275638,105.26075212723043,4404298
2021-12-28,107.5347671508789,108.30562569676334,106.76390860499447,107.26496195487218,8738089
2021-12-29,107.07225036621094,108.57543398336804,105.95450779533556,108.07436885685958,6571286
2021-12-30,108.30561828613281,108.8452168788572,106.76390129985334,106.95661592313827,11556524
2021-12-31,109.77025604248047,110.19423060991963,107.4962256055938,108.26708417825833,6393760
2022-01-03,110.27132415771484,110.57966289018154,108.84523105472685,109.73172549471379,3765911
2022-01-04,113.93291473388672,114.5496040275321,110.30988130697885,110.30988130697885,16351836
2022-01-05,115.89860534667969,116.47674934722042,113.6245628679903,114.47251210706463,12977680
2022-01-06,116.24546813964844,116.70797619809194,114.3568671023436,116.09129878683395,9012777
2022-01-07,121.06331634521484,121.41020027925381,116.66942573520075,116.7850497924251,30889365
2022-01-10,122.06546020507812,122.8748522999206,120.5622765721,121.98836964253674,16418985
2022-01-11,124.06969451904297,124.60929320919143,121.48732515820059,122.41235316450785,14457548
2022-01-12,127.15312957763672,127.73127355428166,124.41657906904346,125.41869764770189,21220614
2022-01-13,126.38224792480469,127.57708094473638,125.68847998413064,127.15310641993905,7445346
2022-01-14,124.14677429199219,125.8812060638886,123.49153980655069,125.61140086109074,11646259
2022-01-17,127.84689331054688,129.65840381853565,125.11034314649731,125.26451250171817,32577835
2022-01-18,126.3051986694336,129.8125962326131,125.95830285560712,129.73551742249492,11175409
2022-01-19,131.23867797851562,131.8168219343681,127.11457972182029,127.42293022236295,36648534
2022-01-20,128.6177520751953,131.73971975160313,128.34794688130847,131.73971975160313,14474454
2022-01-21,126.1510009765625,128.27086205584237,125.11034895870068,127.42292468155146,8625926
2022-01-24,127.73126983642578,129.7355069354056,126.2280978933754,127.34584052988112,28783449
2022-01-25,127.30728912353516,128.50212226882837,125.64994789005542,125.64994789005542,14249846
2022-01-27,127.73126983642578,130.08239095882197,126.80624185319239,127.26876172599357,25936832
2022-01-28,130.12094116210938,134.66900244636093,128.15524927193067,129.1573678593129,32790065
2022-01-31,133.05020141601562,134.78463329666394,130.6990802919963,132.27934280239413,24031034
2022-02-01,131.7782745361328,134.82316363560406,129.88967332980522,134.12939560466535,14220953
2022-02-02,132.04808044433594,134.167941592921,131.4313912122738,131.46993649472182,12478192
2022-02-03,129.1188201904297,132.0095400454393,127.96253224842584,131.0459667604361,12529302
2022-02-04,130.73760986328125,133.12726422090103,130.31363532426832,131.04594856672654,17434362
2022-02-07,132.6647491455078,133.58977696926146,130.42925249553898,131.58554021582276,11723574
2022-02-08,128.69483947753906,133.35853630782995,128.34795546389415,132.58767771645523,13231599
2022-02-09,126.38224792480469,130.73760547973413,125.72702526136078,129.42713662811198,17938632
2022-02-10,130.3521728515625,131.35427945935442,127.30727246485569,127.84688280734902,26763203
2022-02-11,129.61984252929688,131.43136457590546,128.8104505737665,129.46567319311805,12884995
2022-02-14,128.11671447753906,135.94093739431528,127.345855772184,130.19803062952369,44604164
2022-02-15,126.53641510009766,131.04594192420075,120.56226186531791,131.04594192420075,31146458
2022-02-16,129.92819213867188,130.1979855346794,126.8062131108257,126.8062131108257,15960268
2022-02-17,132.39495849609375,132.89601185823503,129.88966816065093,129.92821344136217,24640791
2022-02-18,129.42715454101562,132.39496486297898,128.50212657130263,131.97099027950296,11829998
2022-02-21,127.28495025634766,130.5177148134076,127.01231519560574,130.4008610277271,14222260
2022-02-22,128.4923858642578,129.69980383274518,127.16812598015404,129.69980383274518,29399172
2022-02-23,125.220703125,129.62192370583813,124.36382264149132,129.5050817700233,21301826
2022-02-24,122.0268783569336,126.50600110120914,121.52054749686691,125.2206923725728,28766189
2022-02-25,124.2469482421875,124.94802344641809,122.14371074323884,124.16904571449214,20225258
2022-02-28,125.14273834228516,126.0775209089675,121.36470436591799,125.0258964645769,20210070
2022-03-02,126.9344482421875,131.14093609407198,126.11651905824388,129.03768622499993,41103406
2022-03-03,132.65992736816406,133.82839411793722,126.89548427086142,131.10197170179984,42345653
2022-03-04,128.72608947753906,133.20521210686343,127.63552524403313,132.50413679764657,32658756
2022-03-07,145.62986755371094,147.8499585842401,130.16716851734657,130.16716851734657,132538155
2022-03-08,139.5149383544922,151.86173020408714,138.5022647674136,148.0057922054598,73127816
2022-03-09,136.63267517089844,143.17609456817846,135.42526932138318,142.55291007040097,51977091
2022-03-10,135.81478881835938,137.80117276712633,128.53134138535273,131.06301932173088,62112814
2022-03-11,136.8664093017578,137.41169143318731,133.75049782357888,134.37368249646647,26187452
2022-03-14,133.82835388183594,136.71056862080712,132.89358314031216,135.54210222233868,20214021
2022-03-15,127.5575942993164,132.0367159312008,125.92173642708231,131.10194509831962,42333127
2022-03-16,130.322998046875,130.75143824611297,126.07757109717251,129.31032445401948,25545119
2022-03-17,132.65992736816406,133.59469839073088,128.21975609627776,129.77771176264196,66314748
2022-03-21,134.41261291503906,136.32110602209698,132.65991298046924,133.75047707414316,20614652
2022-03-22,136.67164611816406,141.18971952005737,135.3863375639327,137.25587944031602,39742745
2022-03-23,136.78848266601562,138.42432863001483,136.2042494175325,137.48955780969303,10994784
2022-03-24,138.2296142578125,140.52759649072388,137.48958769280827,139.3591297397935,20332589
2022-03-25,136.9442901611328,139.6317610083091,136.39900811603658,139.0475276986509,13608989
2022-03-28,137.3727264404297,138.58013240413868,136.04845480006006,136.7105906202449,15253027
2022-03-29,133.2052001953125,136.4769044895248,132.85466257205005,136.2821600447948,14210783
2022-03-30,126.19438934326172,128.41448057695138,125.53225353356297,126.97336705525717,95239532
2022-03-31,127.6744613647461,128.7260861879559,125.53227233589963,126.07756632497633,33523683
2022-04-01,130.82931518554688,131.0630108957477,127.40181772345977,127.67445281347943,28335224
2022-04-04,130.90721130371094,131.68618904204155,128.8039737874697,130.05033103704446,17745513
2022-04-05,133.86734008789062,134.5684153555,131.88094431465336,132.6209708496317,20054934
2022-04-06,134.6073760986328,135.15265822140978,132.65993145567302,132.89362719007994,12969222
2022-04-07,131.53041076660156,135.3863486307469,131.0240680475924,132.89362196305507,24550313
2022-04-08,133.12728881835938,133.43888704098032,131.41354019584304,131.64723589124455,9529874
2022-04-11,133.36099243164062,134.5684103576876,132.07568386000654,133.20519925420885,9724979
2022-04-12,131.56932067871094,134.13994930776553,131.0240386995189,133.20517850254268,13184429
2022-04-13,135.7368927001953,136.20428417274832,132.9715189078176,133.51680103495684,23458303
2022-04-18,136.9442901611328,139.43701657175637,136.39900811603658,137.10008333312356,23916912
2022-04-19,137.99588012695312,140.06017794420356,137.10006062171104,138.11273390128153,17880666
2022-04-20,136.71058654785156,138.15170004943974,136.1653045343137,137.8011505749273,10076403
2022-04-21,135.6589813232422,137.64537712282083,135.46423687007288,136.86639931014358,12246720
2022-04-22,135.54212951660156,137.33378073229085,135.30843381259734,135.65897142547504,10267952
2022-04-25,132.153564453125,134.76314455007125,131.10195167075992,133.2051891217467,12583497
2022-04-26,130.05032348632812,133.75046752856832,129.07660136994912,133.2830880444602,20086229
2022-04-27,128.4145050048828,131.56935582959753,127.2460382146155,130.82932923968,13981957
2022-04-28,128.3755340576172,129.3103049693005,126.54493161228392,129.3103049693005,13030499
2022-04-29,124.98697662353516,130.43982083048752,124.24695014412876,129.69979435108112,15964743
2022-05-02,121.79320526123047,124.05223652507955,121.44265568040903,123.1953560394761,23405519
2022-05-04,126.38912200927734,126.8175620882548,123.03951578216558,123.85744468089429,23661920
2022-05-05,128.4145050048828,131.1798668995084,127.28497759861732,127.90816226401166,26878516
2022-05-06,130.05032348632812,130.4008610709733,125.49331111342818,127.6744391451121,16768573
2022-05-09,128.33657836914062,130.32297391690065,126.77862294129066,128.7260672261031,9952775
2022-05-10,120.31309509277344,125.92173176883522,119.10567736376746,124.98696097053418,22602956
2022-05-11,123.54589080810547,124.63645503515968,119.76784351034875,119.9625879713412,15084514
2022-05-12,121.90999603271484,125.41539527966191,119.96255200663313,123.85744005879654,21459069
2022-05-13,119.61203002929688,124.87012958417351,119.1446386476941,124.63643389337213,12934346
2022-05-16,119.57308197021484,121.71527073515355,118.24882220186775,120.11836400585695,13205775
2022-05-17,127.0902328491211,127.51867304851196,121.17000825677252,121.52054591581637,17843200
2022-05-18,127.12916564941406,128.14183909550533,124.79223241362976,126.19439473235175,12616832
2022-05-19,124.6364517211914,126.23335863612083,122.92270288727667,123.50693625471976,8932407
2022-05-20,126.11650085449219,127.59656580377066,124.71435032584446,125.92175640481801,7235654
2022-05-23,120.8194580078125,127.90814864914057,120.4689084990386,125.99965547210061,18029557
2022-05-24,117.35299682617188,122.88374377266155,116.96350793941224,122.6110967974268,19141394
2022-05-25,118.87200164794922,119.3783323979076,114.97711315209578,119.1056854486953,19366472
2022-05-26,118.32671356201172,119.41728952617618,115.36660766876085,119.02780065745823,12824105
2022-05-27,112.01700592041016,121.13104346982735,109.91376831458427,120.74155458407228,52469252
2022-05-30,112.21176147460938,114.74343948270665,109.95271858178275,113.45811890068667,40261336
2022-05-31,117.82038116455078,119.18359218628939,113.26335670880758,113.26335670880758,57675204
2022-06-01,116.65193176269531,119.1057072088763,115.8729539212082,117.78144725559991,22780094
2022-06-02,118.7551498413086,119.10568743452859,113.73074597513774,115.13290823427431,25429955
2022-06-03,118.09304809570312,120.1183833959209,117.74249855039302,119.9236389313081,16747177
2022-06-06,119.92361450195312,121.52052116372775,119.02779490172307,119.26149058890459,30327268
2022-06-07,126.07756042480469,126.93442886448857,120.11837318259089,120.58576461242414,61411715
2022-06-08,127.28495025634766,129.62188333488223,126.27228876465438,127.36285278013466,45994327
2022-06-09,128.95977783203125,130.36194025651088,128.14184876056328,129.31031546658664,31122996
2022-06-10,128.25869750976562,129.81665320079836,127.24603581960125,127.75236666468344,17812698
2022-06-13,124.285888671875,127.71338563906708,123.42900848694906,126.1943815714764,12237777
2022-06-14,121.4815673828125,125.06486948195294,120.97523664296394,124.28589179833598,12844437
2022-06-15,117.93724060058594,122.49426573373714,117.46986102683874,122.26057000373426,16223385
2022-06-16,111.822265625,118.0540880282183,111.08223909186943,116.18453417549804,25130676
2022-06-17,110.18639373779297,113.06860886231378,109.56320919799636,110.96537144097462,22922034
2022-06-20,104.6946029663086,108.20000277838933,101.26710568233244,107.96631896658953,28656582
2022-06-21,108.3558120727539,109.21268048413444,105.16199847565692,106.01887877329487,20581784
2022-06-22,105.04515075683594,106.68099684425059,102.04608176719061,106.68099684425059,31824106
2022-06-23,105.0062026977539,106.25255996149521,102.98085580057075,104.38301812275469,26829020
2022-06-24,106.99261474609375,109.83587920505434,105.31780520092796,106.71996773824428,25461812
2022-06-27,110.225341796875,111.08222199997506,106.91468665456603,109.05687527606007,24188349
2022-06-28,116.34033966064453,118.20988163379275,110.7316899686839,111.23803267251094,54387675
2022-06-29,120.07941436767578,122.61109203324231,113.88654368607985,116.34033070907549,165860322
2022-06-30,118.05406188964844,120.31309225613576,116.26241096816435,119.18357707289209,38725546
2022-07-01,102.08503723144531,117.74248298461501,101.26710821095156,116.02873429983498,125788305
2022-07-04,98.15119171142578,101.22815129655646,96.67113287000879,101.22815129655646,85993413
2022-07-05,99.24177551269531,100.17655246310092,98.15120537545334,98.93018319589345,44595740
2022-07-06,94.21736145019531,96.20375719462331,93.36048706866656,95.81426829909852,59092334
2022-07-07,96.2037582397461,96.71009499805476,94.45105819084384,94.45105819084384,36229792
2022-07-08,94.64580535888672,98.42384660639753,94.2563164479448,98.42384660639753,42778692
2022-07-11,97.76171112060547,98.0733034203726,94.29526238640922,94.64580000919175,31521678
2022-07-12,96.67113494873047,98.73542711853258,96.20374950010867,97.2943195089785,25216226
2022-07-13,96.94377899169922,97.29432254645567,94.56790041072784,95.38582348556903,27166975
2022-07-14,99.0470199584961,103.29245217003415,96.43744574107329,96.90483119233689,38464081
2022-07-15,98.57963562011719,100.0207373109572,97.06062545745155,99.39755868328005,18088858
2022-07-18,101.189208984375,101.81239358634633,98.89122690797225,98.96912944056528,21010247
2022-07-19,99.63126373291016,103.7598425867724,96.94378670512667,101.65660486340192,33778758
2022-07-20,103.25350189208984,106.40836411871958,102.9808549283815,105.16199497927718,60317150
2022-07-21,103.68193817138672,103.99352450153287,102.66926476902684,103.60403564572188,20853780
2022-07-22,103.17561340332031,104.22723825071748,102.47453809589463,104.22723825071748,11630255
2022-07-25,101.11131286621094,103.1755991193795,100.02073690021527,102.82506151419615,21705935
2022-07-26,99.86494445800781,102.51347592080637,99.51440685026806,101.92924261248778,22172845
2022-07-27,100.17654418945312,101.42290146746485,99.55335960731861,100.56603306750503,20187969
2022-07-28,101.46186065673828,101.65660511097387,99.90390502285362,101.57870257477636,25736737
2022-07-29,104.49986267089844,104.77250964380536,101.18920716170756,101.61764731073669,19738642
2022-08-01,107.81050109863281,108.27789243920353,103.75981972995687,104.46090674081296,20592826
2022-08-02,106.48625183105469,106.75889878726116,104.85040575258601,106.48625183105469,15037928
2022-08-03,105.6683349609375,107.84947520183256,104.22723314707078,105.94098194839616,15853543
2022-08-04,106.13572692871094,106.83680220529642,104.3830268509891,104.65567383980463,14311959
2022-08-05,106.33045196533203,107.88840730548341,104.0714214766149,105.23988798172844,66480753
2022-08-08,106.33045196533203,107.10942963540772,105.20093672097346,106.17465880856808,12451233
2022-08-10,104.22722625732422,106.52520826307885,103.9545792878884,106.25256129364303,15829467
2022-08-11,103.44825744628906,105.94098410684553,102.86402407805278,104.77251737037298,19479706
2022-08-12,108.4337158203125,108.82320475061985,103.99354439206057,104.3051307818029,40876891
2022-08-16,109.01792907714844,110.53693324749325,106.01887199954596,108.66739148187759,31230003
2022-08-17,108.78425598144531,109.68008767350399,108.04422937409885,109.0179517222545,15694770
2022-08-18,108.1063461303711,110.29957700580681,107.42843353744773,110.25969764690454,42597708
2022-08-19,107.34867858886719,110.45907362830181,106.91003001421082,109.66153519055233,35382493
2022-08-22,105.19532012939453,107.26892503503507,103.52049663127384,107.26892503503507,31231393
2022-08-23,106.67076110839844,107.0296509548691,103.75975081322837,105.195310199111,24268146
2022-08-24,108.46522521972656,109.58177414096494,107.26891758862664,107.42842283887919,22730039
2022-08-25,108.90387725830078,110.17993147048898,108.58485457815054,109.26276712518275,14620592
2022-08-26,108.9836196899414,110.25968602346224,108.54498329667217,108.86399379531716,12105053
2022-08-29,108.38546752929688,108.94375416463764,106.67076477638071,107.02965463519214,9198908
2022-08-30,110.53884887695312,111.53577207328397,109.70143095814069,109.98056215142977,21720398
2022-09-01,107.42842102050781,108.66460798561437,106.98977246263512,107.66768497657203,20349294
2022-09-02,105.87322998046875,108.265845347259,105.51434010934442,107.4284275349882,17495310
2022-09-05,106.39161682128906,106.79038601802473,105.79346302618555,105.99284762455338,14865879
2022-09-06,105.35484313964844,106.98978736665457,105.03582043063182,106.9499201763155,10870488
2022-09-07,105.67384338378906,106.03273324817947,103.71987663813393,104.47753572284051,12042788
2022-09-08,105.15544128417969,106.98976984028133,104.8762979807016,104.99592387106647,14629497
2022-09-09,106.87014770507812,107.02965295432594,105.23519151897948,105.67384008151382,12327341
2022-09-12,106.87014770507812,107.9866966192833,106.55113720658248,107.66768612078766,13500202
2022-09-13,106.79039764404297,107.78732074441481,106.47138711971256,107.0296616220265,10846178
2022-09-14,106.23211669921875,106.94990858963843,105.27507301479656,105.63396287527104,8597956
2022-09-15,105.75360107421875,107.18916051791498,105.27507314667285,106.55113950714808,10810473
2022-09-16,104.67693328857422,105.27508719308035,103.68001011439732,104.55730737546193,20909579
2022-09-19,104.11864471435547,107.14929318935074,103.44073217947879,105.35483171764614,19411428
2022-09-20,106.23211669921875,106.55113937367328,104.7167985463395,104.7965450878501,13080582
2022-09-21,104.39777374267578,106.23211453259789,103.71987339104336,105.43457611693354,11156865
2022-09-22,102.60330963134766,104.35790383562255,102.16467324974907,103.99900182235805,11366882
2022-09-23,102.56344604492188,102.96221525634152,101.68614891201042,102.2843027291399,10407849
2022-09-26,98.45612335205078,102.72295910647208,97.81809621610603,101.52665138124796,12848954
2022-09-27,99.25365447998047,102.00516569492665,98.77513264230058,99.1739018544897,14465123
2022-09-28,97.73834228515625,98.85489127939763,96.90092445473954,98.85489127939763,15267018
2022-09-29,101.00824737548828,102.24442834008902,98.49600000457824,98.49600000457824,20597761
2022-09-30,101.12786865234375,105.59407626251766,100.09106632819754,100.09106632819754,33530494
2022-10-03,105.59407806396484,107.66768274763321,104.15851869623913,105.03580362435261,50966493
2022-10-04,106.79039764404297,107.66769484015876,105.11557413710113,107.58793612434044,14137567
2022-10-06,105.79347229003906,108.90387959862359,105.59408767421202,108.86400024156394,14570735
2022-10-07,106.91002655029297,107.06953179878069,104.63703720856421,105.314949726475,13532236
2022-10-10,106.2719955444336,106.8701493655092,105.43457776103361,106.0726109374084,10183057
2022-10-11,104.55728912353516,106.47137641603534,103.87937661564497,106.27199181600531,13176461
2022-10-12,104.75667572021484,105.27507082238537,102.96221428574236,104.55729111638456,9401804
2022-10-13,103.56034851074219,105.15542503970568,101.80576067804189,104.63701786611165,13320136
2022-10-14,101.76590728759766,105.91311097153961,101.32726478109186,105.27507776332219,13205955
2022-10-17,101.92540740966797,102.24441789391685,100.48983589160815,101.28737427170027,9320940
2022-10-18,102.6431884765625,102.9622111346096,101.7658974635056,102.44380387883433,6490293
2022-10-19,101.92540740966797,102.64318708396291,101.60639084068413,102.64318708396291,7381712
2022-10-20,103.3609848022461,104.47753373004613,100.33033635175522,101.28738002836533,18748363
2022-10-21,104.91619110107422,106.39163001021818,102.68308088863103,103.161608851823,11945173
2022-10-24,105.91311645507812,106.87016023221854,105.59409374971672,106.07262172302288,2154912
2022-10-25,104.27815246582031,105.99285526764196,103.56037272772544,105.63396539859453,10232002
2022-10-27,105.11558532714844,105.43459588543902,103.91927747934965,104.27816739979474,13865026
2022-10-28,106.6308822631836,108.14621253363501,105.11556416220246,105.35482811748113,22918037
2022-10-31,106.91002655029297,107.82719085620013,105.91310353540675,107.18915769277888,8753855
2022-11-01,107.7873306274414,108.22597926571902,106.94992488192443,106.94992488192443,11630848
2022-11-02,108.82411193847656,111.01734253227663,107.94682700263866,108.34559620151138,21117499
2022-11-03,108.78424072265625,109.02350469377285,107.86707636442554,108.78424072265625,7561534
2022-11-04,109.94065856933594,110.37929489495696,108.50508720789207,108.78421830879013,7498344
2022-11-07,110.49895477294922,110.85784464185238,109.06338312786556,110.49895477294922,9987481
2022-11-09,110.57869720458984,110.8578405197299,109.26276367771939,110.81796116478553,12033732
2022-11-10,111.53575134277344,112.33328975160421,109.58177250556173,109.66153121423295,15908521
2022-11-11,112.01428985595703,112.6922025090532,111.0173666422702,112.13392794328314,18492513
2022-11-14,111.0572280883789,112.45292036238007,110.53883296868109,112.13390985325387,12743505
2022-11-15,113.52959442138672,114.32713280953986,111.65537434143884,111.65537434143884,24636519
2022-11-16,113.96823120117188,114.28725385924008,112.61241837042465,113.88848466375737,11460200
2022-11-17,114.20751190185547,114.68603987440294,113.01120413995865,113.21058876694144,13368536
2022-11-18,113.05108642578125,114.24739421864666,111.81489927259257,114.1676354980001,19958908
2022-11-21,113.42789459228516,114.18157599425267,112.54860601229447,113.88847554160816,16348881
2022-11-22,113.21855163574219,113.80473981930967,111.2924937943541,113.00919780032922,11198874
2022-11-23,114.30718994140625,114.43279712686773,112.67423264068917,113.51164795161522,9010911
2022-11-24,116.77755737304688,117.23813832921454,113.46976959720406,114.30718487098417,11803087
2022-11-25,117.69873046875,118.32679198376154,115.35396492378477,116.40073411547066,9789098
2022-11-28,116.90318298339844,118.24303981946574,116.4426020049607,116.8194363407939,8925344
2022-11-29,117.44750213623047,118.15931029065798,116.81944062748057,117.28002162281932,13558920
2022-11-30,118.15931701660156,118.74550523588005,116.9031939275999,116.9031939275999,17720938
2022-12-01,117.28002166748047,118.91297903526322,117.07066783115079,118.45239803974908,27727625
2022-12-02,117.9917984008789,121.257725398354,117.69871074309327,118.78735307558497,24518337
2022-12-05,120.37847900390625,120.54595954953976,117.74062527082536,118.49429411514946,18440387
2022-12-06,119.28982543945312,119.87601368482248,118.20118282494123,119.62479927819662,10977472
2022-12-07,117.78248596191406,118.70364813089861,117.32191765536838,117.90810595474646,9731670
2022-12-08,119.45730590820312,119.75040641970925,117.53126064269,118.28492941806945,10150945
2022-12-09,117.8243408203125,119.70852541587595,117.48937978116794,119.33169105235218,9438307
2022-12-12,119.2060775756836,119.33168476425789,116.5682116141284,117.23814643506039,8946335
2022-12-13,120.88091278076172,121.13212716734888,119.37356257151679,119.7922702530879,12593054
2022-12-14,123.60253143310547,124.43994692309141,120.67157721815462,120.8809310906511,17692988
2022-12-15,123.47689819335938,124.64928742030625,122.80696331766758,123.64437871779609,11426194
2022-12-16,123.26754760742188,126.03102105661105,123.10006707855032,124.23058300983757,20540447
2022-12-19,122.09516143798828,123.56063831071941,121.42522659772234,123.14193063279623,10635055
2022-12-20,122.13702392578125,122.43011160755916,119.83413190150863,121.8439234660602,6714207
2022-12-21,120.16911315917969,122.93258660971853,119.499178265421,122.68135942731585,10011408
2022-12-22,119.12232208251953,121.55082125281376,118.5361339494771,121.42521407357,9123323
2022-12-23,117.07066345214844,120.16909755834276,116.65195579515073,117.74059825893349,8007752
2022-12-26,118.3267822265625,119.62477847280937,116.81943215924171,117.65684744353734,7150680
2022-12-27,121.25772857666016,121.760170050866,118.99670999787783,118.99670999787783,8765357
2022-12-28,120.50407409667969,121.13213566308617,119.49917814601837,120.12723971242485,9534858
2022-12-29,121.13213348388672,122.26264939425822,119.33169547042327,119.54104932212576,36752195
2022-12-30,122.89071655273438,124.56554744272053,121.04840512933872,121.80207391865424,9644998
2023-01-02,125.98912811279297,126.28222857614,123.30940173425851,123.35127505444285,9631496
2023-01-03,125.23545837402344,126.11474697848774,123.93746212723738,125.36106555554268,14991139
2023-01-04,122.47200012207031,124.64928523541835,121.42523089025775,124.6074119105569,13535874
2023-01-05,122.68136596679688,123.10007370047194,120.71343450734562,122.13705102419766,16320559
2023-01-06,123.39315032958984,124.02121180847554,122.51386170356115,122.84882271445612,16804116
2023-01-09,124.0630874633789,125.77979160369854,123.76999973763095,125.02612284840946,18660445
2023-01-10,125.06798553466797,125.8635275482276,124.4399240327087,124.4399240327087,18490715
2023-01-11,122.93256378173828,125.61229008121563,122.47198282918524,125.19358244761158,12538238
2023-01-12,122.38826751708984,124.14684513951953,122.05330643564905,123.68626406907879,13270422
2023-01-13,123.0582046508789,123.51878572952744,122.17891582399467,122.59762357223036,8854484
2023-01-16,123.60253143310547,123.77001197551338,122.2626615379494,123.68626531533627,9696320
2023-01-17,123.81187438964844,124.77489700704825,122.80696566790667,124.18870877132902,18484595
2023-01-18,124.98424530029297,125.40295298974118,124.10495659686278,124.14682992139653,12139643
2023-01-19,127.07777404785156,127.37087451927118,123.97933993802316,123.97933993802316,18437610
2023-01-20,126.95216369628906,127.70583234979907,126.0728750818985,127.28712470275055,17512691
2023-01-23,127.58024597167969,128.20830754467198,126.7428305410233,127.7477265022219,16742252
2023-01-24,127.4127426147461,128.29203130317902,126.95217438656427,127.58023591002429,8276792
2023-01-25,127.66397094726562,128.45951299533505,126.57532840772322,126.65907505612822,9827342
2023-01-27,123.64436340332031,129.087562829966,122.76508756444763,127.66395938166272,13052535
2023-01-30,121.34146881103516,124.6492693853064,119.95973871191805,123.51875364752469,12688399
2023-01-31,121.34146881103516,123.85371464793396,120.79715399088433,121.55082263077672,19050398
2023-02-01,120.7971420288086,122.26261862187907,119.20605826750882,122.09513813825939,11526089
2023-02-02,120.12722778320312,121.42522411380152,117.78246227920988,119.75039343636978,11886667
2023-02-03,120.83905792236328,121.71834674361514,117.32191541530216,120.16912297388822,9250428
2023-02-06,120.16911315917969,120.75530139948907,118.5780289672049,118.66176284270894,6436143
2023-02-07,121.13213348388672,121.38336066151872,119.08046829279125,120.50407192877923,8681511
2023-02-08,120.50407409667969,122.17890494043031,119.8760125302732,121.76019722949266,10325869
2023-02-09,122.43011474609375,122.59759525110927,119.9178688370305,121.13211847082236,8078404
2023-02-10,122.8488540649414,123.10008127619646,121.2577696902373,122.38827297396492,6396208
2023-02-13,124.0630874633789,124.60741514481663,122.76510380459716,123.47689923393794,6563018
2023-02-14,124.31428527832031,124.94234668536262,123.10003578029358,124.48176576460985,6991500
2023-02-15,123.51876068115234,125.10984469061339,121.84393002784859,124.77488367113017,12631259
2023-02-16,130.5530548095703,131.0136358318457,124.27243935475562,125.61230909629403,30949761
2023-02-17,131.13925170898438,132.98156296256008,129.29692767746423,130.2180896932243,19874561
2023-02-20,129.67373657226562,132.14410862313673,129.29688954553794,131.64165443946027,8348393
2023-02-21,129.04571533203125,130.55305279557777,128.50138766757752,129.71563741452096,7599927
2023-02-22,128.62704467773438,129.38071362651533,127.035947328827,129.1713597209708,9599697
2023-02-23,129.5062713623047,130.80426763618564,128.33389505050843,128.71072938087553,18675946
2023-02-24,133.24575805664062,133.54664082172056,128.73259528375442,130.45189538771106,14648507
2023-02-27,133.46067810058594,134.14840080441934,131.5264653744905,132.38611547497734,11904749
2023-02-28,130.7097930908203,133.63259802209183,129.97908529939303,132.51505033052842,17607584
2023-03-01,133.07386779785156,133.33176550884335,130.53790206041427,130.66684435729894,7707977
2023-03-02,132.4290771484375,133.28872709666857,131.2255593505837,132.81591700169804,8219892
2023-03-03,132.6009979248047,133.8474876643498,131.91327537695398,132.38608544842737,8260104
2023-03-06,135.9966278076172,137.28610281170438,131.99926054183416,132.98785279808044,14491522
2023-03-08,136.03961181640625,136.5554070607016,134.44925407751052,134.57820944719333,7339476
2023-03-09,134.36329650878906,136.81329111813352,134.14838401057193,136.72733398917742,5314022
2023-03-10,133.93348693847656,134.70716677428155,132.55804154457948,133.76155954354428,4689681
2023-03-13,133.93348693847656,135.8247145171705,133.41769163646032,134.27734172834113,8785721
2023-03-14,131.78436279296875,134.8361232676965,131.56945026823044,133.93348804035173,7177342
2023-03-15,131.13963317871094,132.7729632189746,130.49489556536153,132.38612327440904,9832270
2023-03-16,130.83872985839844,131.87030725452254,127.22820241335499,129.97907984209198,18551936
2023-03-17,131.65541076660156,133.15979847814975,130.6238332449839,131.95629355579914,16593429
2023-03-20,130.9246826171875,132.51502706457543,130.32293030960244,131.5264349247726,8749355
2023-03-21,130.2799835205078,132.17121123671097,129.76418818098858,131.65541589719177,6148489
2023-03-22,130.2799835205078,131.3545462134892,129.6782310358823,131.01067828140293,4329409
2023-03-23,131.35452270507812,131.6553923349343,129.20539770374248,129.8931203276135,4484564
2023-03-24,128.4317169189453,131.698389851828,127.9159347404181,131.26856481111238,8301726
2023-03-27,129.16241455078125,131.05364195736567,128.3027645371321,128.5606621646705,7437261
2023-03-28,126.54048919677734,129.16242456513746,126.06767902916826,129.16242456513746,8964539
2023-03-29,128.3887176513672,129.678192499755,125.93871019254374,126.58344761673766,24012834
2023-03-31,129.85012817382812,131.52644296066768,128.99047821983683,129.03346334097986,7998472
2023-04-03,132.08523559570312,135.69577659087102,131.61243852382052,132.81594344406327,20016785
2023-04-05,131.44049072265625,135.26594403568905,131.13962106787758,134.75014874575544,15880397
2023-04-06,129.46331787109375,131.91331292890888,129.2913773472721,131.6984003913521,10670936
2023-04-10,135.09402465820312,135.39490747726327,128.94753093072694,129.54928345162608,17431401
2023-04-11,136.7273406982422,136.94225320700485,134.44926023502697,135.05102575333723,13305621
2023-04-12,135.52383422851562,136.72735224959632,134.62121210922967,136.6843671207685,7333339
2023-04-13,136.46945190429688,137.9738395630844,135.82471433624508,135.9536566029677,11610851
2023-04-17,137.67295837402344,137.93085602766575,135.8247159044894,136.7703362621047,9358885
2023-04-18,137.62998962402344,138.0168295550436,137.02822404552555,137.67296163629914,8008560
2023-04-19,137.62998962402344,137.93085929605255,135.867704252465,136.08261678272285,11374283
2023-04-20,136.81329345703125,137.6299714579922,136.25452619900148,137.20014645420986,5733670
2023-04-21,137.20016479492188,137.41507732554223,136.4264718143567,136.598399215409,3512214
2023-04-24,137.7589111328125,138.1887361285467,136.94224626436107,137.20014388524518,7028440
2023-04-25,138.102783203125,139.09138868763358,137.54401588547805,137.715943281891,10169778
2023-04-26,138.53260803222656,138.91946107006422,137.32910314203238,137.5440156665113,9177783
2023-04-27,137.58700561523438,138.31770035373103,137.20016568106323,137.71594788755144,6456825
2023-04-28,136.641357421875,137.3720651288973,133.11680048449347,137.3720651288973,12656744
2023-05-02,141.19752502441406,141.6703351897966,136.98524489766623,137.11418716221638,16612560
2023-05-03,138.53260803222656,140.4238487414167,138.27472349662744,140.036995703579,8029435
2023-05-04,138.40365600585938,138.57558338987636,136.8562833152694,138.2317286218424,9929482
2023-05-05,137.8019256591797,139.22034320086885,137.28613030735417,138.44666329035124,5488707
2023-05-08,141.84226989746094,142.14315268655562,137.54401929450756,137.80191695412876,9699470
2023-05-09,142.0571746826172,143.1317372747701,141.32646687306553,141.8422621641866,7600834
2023-05-10,143.5186004638672,144.120352989636,141.84228517164652,142.0571977249369,10901429
2023-05-11,143.6045684814453,144.98000093061464,142.78790341518524,142.78790341518524,7877677
2023-05-12,142.27207946777344,145.28085456225807,141.84225445427563,144.55014679242444,16373574
2023-05-15,142.35804748535156,143.21769749886886,141.32645697535622,142.27207723711254,8559162
2023-05-16,144.42120361328125,144.85102862403505,143.34664108639672,144.6791012431772,12249266
2023-05-17,143.7764892578125,144.4212268778027,142.78789682071573,144.4212268778027,7360259
2023-05-18,143.00282287597656,144.80808051223255,142.70194004465637,143.99141540650567,7433090
2023-05-19,141.75628662109375,143.34664444503255,140.9826068304968,142.87383429868166,5969632
2023-05-22,142.35804748535156,143.04575700239081,141.06857246507562,141.06857246507562,7331865
2023-05-23,141.84226989746094,143.6045552681158,141.3694597076921,142.3580652167033,10119254
2023-05-24,142.9168243408203,143.08875173162107,141.5413789799759,141.8422617517916,6107980
2023-05-25,142.70191955566406,143.90542447370342,142.05718196731016,142.91683208511537,8077606
2023-05-26,140.7677001953125,143.9054177314043,139.52121020633984,142.74489799707217,14873707
2023-05-29,136.68435668945312,137.75891924204316,134.53523158427305,137.54400673152514,43253971
2023-05-30,136.555419921875,139.00541476998046,135.17997455235604,137.28611461669135,16117505
2023-05-31,133.1597900390625,137.02821533787963,128.99049508733543,136.68436055820573,83741017
2023-06-01,132.08523559570312,134.10541862313184,131.69839566542652,132.9878708444951,13982606
2023-06-02,132.9878692626953,133.2457669188855,131.87032149735106,133.2457669188855,9851058
2023-06-05,133.58963012695312,134.10542547180984,132.77296509528043,133.67560039016942,11850547
2023-06-06,132.08523559570312,134.019448364306,131.69839566542652,133.6755935634423,8118800
2023-06-07,132.25718688964844,132.81595426588515,131.1396390199541,132.04227434229264,12180164
2023-06-08,134.19137573242188,134.66417275797465,132.55803279532253,132.8159304293086,13850599
2023-06-09,132.6009979248047,134.87906492751762,132.21415809076885,134.7071375698591,11764248
2023-06-12,133.2887420654297,133.46066945094046,131.18260207918064,133.11681467991892,11017643
2023-06-13,133.8045196533203,134.27732978524526,132.60101487861886,133.41767976982473,10073644
2023-06-14,135.69578552246094,136.1685826254634,133.9764851705373,134.19139771452777,9695952
2023-06-15,135.52383422851562,135.73874675543507,134.27734419582677,135.39489195925182,7426254
2023-06-16,134.96507263183594,136.38349012279835,134.40630528502535,136.03963531202572,11466647
2023-06-19,135.6527862548828,136.21155356414485,134.53523851913937,135.73874339318962,4718221
2023-06-20,135.17996215820312,135.65277228045125,134.57820978316823,135.43785978099464,6059738
2023-06-21,137.7159423828125,138.01682516248547,134.6212099159249,134.96506470650596,8284206
2023-06-22,136.641357421875,138.36065732807592,135.3948676133228,137.71591986325058,10629027
2023-06-23,134.8790740966797,136.68434426785916,133.58959915075647,136.68434426785916,8722650
2023-06-26,134.8790740966797,136.03960679489754,133.97645212830741,134.96504433996154,4273205
2023-06-27,135.69578552246094,136.55543569842277,135.26596043448004,136.55543569842277,9730174
2023-06-28,136.29751586914062,137.6729480567919,134.5782157966626,135.69576346721703,40243993
2023-06-30,137.8019256591797,138.40367815816234,136.6413926761826,138.40367815816234,7840112
2023-07-03,140.0369873046875,140.33787006779997,137.54400741713934,137.80190505449022,9548822
2023-07-04,138.57557678222656,140.03697915251522,137.54399941009444,139.69312440087717,5394282
2023-07-05,139.95103454589844,141.32646679274094,138.70454456315332,139.2633118638676,8795342
2023-07-06,142.18612670898438,142.52999463241403,139.73613170099574,139.95104423418175,9845699
2023-07-07,140.5527801513672,142.70190523013426,139.9510277527561,142.27208021438085,7597171
2023-07-10,139.90806579589844,142.18613350974215,139.69315325243315,140.89665824895047,5437687
2023-07-11,141.49842834472656,141.92825344526676,140.03701250911297,140.33789532637954,6343183
2023-07-12,144.12033081054688,145.28086366660568,142.0571758633526,142.658928296516,15614026
2023-07-13,144.249267578125,145.53874253302382,143.73347234927846,144.97996218223713,11350009
2023-07-14,145.4957733154297,145.92559834738074,144.5931381248887,145.28086079945416,9448062
2023-07-17,143.04576110839844,144.7650611847841,142.83084859885022,144.24927903219955,4968847
2023-07-18,143.4755859375,144.55014848381808,142.74489127633487,143.04576091897277,4322257
2023-07-19,143.34664916992188,144.3782266304595,142.78788187131957,143.7334890779711,5968174
2023-07-20,143.7334747314453,144.50716758753794,142.70189737387292,143.56154735805288,5217131
2023-07-21,146.6133270263672,147.00016694752202,143.1317415015346,143.86244933266448,7842863
2023-07-24,147.00015258789062,148.07471510680796,146.35541507654023,147.55891985084034,8451631
2023-07-25,148.719482421875,149.02036523435675,147.2580797267227,147.85983223446533,10480578
2023-07-26,148.67648315429688,149.83701604385573,147.85981817734267,149.45017611974265,9103949
2023-07-27,147.00015258789062,149.27821988110807,146.7422549599068,149.10629250152493,7731146
2023-07-28,147.68788146972656,150.39577388503807,145.19488845006921,146.74226116619812,9004252
2023-07-31,152.20103454589844,152.58787442098694,147.34400419399822,148.54752205976214,9277749
2023-08-01,151.90016174316406,152.15805938251037,149.83700686283112,150.69665691583964,5584773
2023-08-02,151.25543212890625,153.5764847702043,149.57911706114763,152.15806735530535,8975495
2023-08-03,147.94577026367188,151.12647264058913,147.42997501672616,150.65366251709187,6152393
2023-08-04,149.02032470703125,149.9659317856836,147.9457622650054,149.02032470703125,4605271
2023-08-07,148.67648315429688,150.00894344154824,147.94578843479874,149.83701604385573,2240015
2023-08-08,149.02032470703125,149.4071645627171,148.37558724181577,148.6334717341281,3631238
2023-08-09,152.07208251953125,152.37296527189196,148.97735033356426,149.02033545778983,4852294
2023-08-10,153.5764617919922,154.5220820052535,152.07207434548764,153.1036648025791,10430692
2023-08-11,152.3300018310547,154.47912717606735,151.90017676205215,153.7914044422193,4112277
2023-08-14,153.01771545410156,155.12385554336862,152.45894814455576,154.73701562774315,12876956
2023-08-16,153.9203338623047,154.26418861260012,151.12647138519608,151.55629638167431,8371665
2023-08-17,152.80279541015625,153.96332821712087,152.24402812811772,153.61946032898902,5199363
2023-08-18,151.12173461914062,153.14760276866554,150.1303405783687,153.14760276866554,6734650
2023-08-21,151.76832580566406,151.9838445832483,150.2596943625744,151.12176947291135,3599820
2023-08-22,151.85452270507812,153.36315412115442,151.38039192626033,151.76832308812126,5348036
2023-08-23,151.29417419433594,152.75969917677008,150.86313666101876,152.58728679428754,6379611
2023-08-24,149.22518920898438,152.32865134655168,148.9665640756319,151.29416396736258,7976333
2023-08-25,150.6044921875,151.07863604416016,149.00966141137746,149.22518015038483,4757915
2023-08-28,151.03555297851562,151.5528032936611,150.47520943229296,150.94935336213933,4354221
2023-08-29,151.46658325195312,151.81142116357026,150.82002696617,151.38038363971484,4596468
2023-08-30,151.5096893310547,152.50107037224365,150.8631330465694,151.4665829479114,5937955
2023-08-31,150.13035583496094,151.72519984502011,149.1820812284619,151.55278747604032,15823452
2023-09-01,156.68211364746094,159.2683383569101,150.34585784762288,150.34585784762288,22460960
2023-09-04,157.7165985107422,159.00971084587408,156.72521764882865,158.49247380435267,10998180
2023-09-05,157.845947265625,160.34595965446303,157.2424842059139,158.19077202469873,13506519
2023-09-06,157.80282592773438,160.99250068666635,157.1993760794316,159.3976567300903,11954407
2023-09-07,156.68211364746094,159.65626943248364,156.03555747009867,159.4838570826975,11137801
2023-09-08,159.0097198486328,159.44075731808113,156.8976388791801,157.3286763486284,9737214
2023-09-11,158.10455322265625,160.30284715194688,157.1562785942903,159.87180964244757,10845871
2023-09-12,155.94935607910156,159.39765594291117,155.3459062337789,159.3545627179896,15524470
2023-09-13,158.5355987548828,159.2252614358264,155.94937356701053,156.8114486296346,10578786
2023-09-14,161.98387145996094,162.8459463759889,158.79419690150146,159.26834073616067,17746404
2023-09-15,160.90628051757812,165.25976154748602,160.00111236392064,165.25976154748602,19924829
2023-09-18,160.9925079345703,161.63906419133565,159.57008943137484,160.17353930684502,5022956
2023-09-20,162.24252319335938,163.36322339897237,160.51837307833065,160.73389184270926,12687099
2023-09-21,160.94940185546875,162.4580331240871,160.38905836024165,162.414926742711,7814108
2023-09-22,159.57009887695312,161.81148614055036,159.48388610925952,160.86321146702818,7814821
2023-09-25,159.91490173339844,160.94938903290532,159.69938299790869,160.34593920437794,5540062
2023-09-26,161.85458374023438,162.1994084838515,159.69939620707547,160.34595246702315,12446655
2023-09-27,161.42355346679688,163.19080995401995,160.60458479834364,163.19080995401995,5630907
2023-09-28,161.595947265625,163.36320354964454,160.77697869133883,162.84595331629546,14890642
2023-09-29,165.38909912109375,165.73392387005828,162.19941099917747,162.5011425201872,10085766
2023-10-03,159.1390380859375,163.19078764509342,158.32005637522144,163.19078764509342,22118500
2023-10-04,157.54421997070312,159.13906412128813,156.9838764335904,159.00974496749322,9360058
2023-10-05,157.070068359375,158.62180604939812,156.03558095076662,156.25109970898592,11128340
2023-10-06,156.4235076904297,158.1907640890259,155.69075182560152,158.1907640890259,5759904
2023-10-09,156.63902282714844,159.2252477934334,156.25109171304976,157.67351018281835,14622727
2023-10-10,158.1907501220703,159.05282505461565,156.94074410072346,157.1562628338598,11819690
2023-10-11,157.97525024414062,159.2252564146825,157.54421272642128,158.96663127320667,8499601
2023-10-12,159.0097198486328,159.35455771672324,157.75971381807668,157.9321261750121,8677885
2023-10-13,159.3976593017578,160.56146579200546,158.6649034577896,159.0528345697987,7435899
2023-10-16,160.82008361816406,162.24250201570467,160.561458503824,162.0269832794579,12376549
2023-10-17,160.56149291992188,161.2511556545835,159.95804295992642,161.20804926725043,4381065
2023-10-18,161.1649169921875,162.11320474430272,160.3890547617081,162.07009836389375,10181113
2023-10-19,160.60458374023438,160.90630211387597,159.52698993246872,160.34595859552635,9148124
2023-10-20,160.5183563232422,161.46664404921322,159.61317497649168,161.20801892811022,7912216
2023-10-23,159.3545684814453,160.30284308575764,158.79421184077754,160.30284308575764,4723090
2023-10-25,158.9235382080078,160.21665076249374,157.75973164728202,159.3545757261698,6812004
2023-10-26,155.94935607910156,158.75109971844688,155.08728111314917,158.19075625226583,8474867
2023-10-27,159.2683563232422,160.17353770450256,155.43212520232214,156.03557507175555,6422123
2023-10-30,162.75975036621094,163.10457507853872,159.13903826989096,159.48386298221874,7352638
2023-10-31,160.47525024414062,163.62183177404188,158.79420668515726,163.10458153086847,9404675
2023-11-01,160.94940185546875,162.75976463949908,159.5269833496026,160.47525796877312,9167869
2023-11-02,160.5183563232422,161.76836239531667,160.1304252186977,161.20801892811022,11471209
2023-11-03,163.7942352294922,164.35457866727376,160.17352318684203,160.9062789782318,7464912
2023-11-06,166.63909912109375,167.4149613547042,163.4063178906828,163.96666137559916,8962124
2023-11-07,166.5529022216797,170.69086522153083,165.82014629886777,166.72531460621062,13921916
2023-11-08,168.4063720703125,169.44085953504197,165.77704044655133,166.9839402963654,10186886
2023-11-09,166.12185668945312,169.5701568310265,165.69081917175646,169.39774445479208,5303833
2023-11-10,168.88050842285156,169.39775874942418,166.1218707076494,166.1218707076494,6025889
2023-11-13,168.79429626464844,170.08740883079096,167.32877132053116,168.88049587652517,11181086
2023-11-15,171.9839630126953,175.00122552168997,170.38911899625276,171.12188801012542,19769385
2023-11-16,173.9667510986328,175.34606331288114,173.27708841439787,174.5702010145053,18629240
2023-11-17,169.26841735839844,173.4925792435091,168.5787547852201,173.1477545340297,13199928
2023-11-20,170.56155395507812,171.12189747605677,169.82878490067097,170.69085995092817,6423265
2023-11-21,169.762451171875,172.20411826483542,169.58487809288755,171.36063597867695,10720353
2023-11-22,169.58486938476562,170.33957186665543,168.4750207631376,169.76244245463477,7538825
2023-11-23,169.2741241455078,170.25079645439033,168.34186204370693,169.5848872114136,6541617
2023-11-24,167.67593383789062,170.33957050856114,167.05440777636883,169.45169161833763,5751331
2023-11-28,172.20411682128906,172.648056289015,167.27638601994,167.67594237925923,9277764
2023-11-29,170.47274780273438,173.58032393455505,170.20638142470125,173.58032393455505,8791333
2023-11-30,173.09197998046875,173.7134924690465,170.5171367215226,171.04985590546517,14965403
2023-12-01,172.73684692382812,176.02199622447918,172.47048053773054,173.3583594594177,9935740
2023-12-04,179.3959503173828,182.81427625586855,174.0686764463274,174.46821927706495,28615290
2023-12-05,179.3959503173828,181.08291495736714,176.8210931509312,179.529126744976,14557746
2023-12-06,179.30714416503906,180.90532892154474,176.77669738619906,180.90532892154474,12662213
2023-12-07,176.59909057617188,178.37484820307338,174.06864408661056,178.37484820307338,16425880
2023-12-08,173.9798583984375,177.8421368251215,172.33729065045765,177.44259405117808,10414387
2023-12-11,175.62245178222656,178.3304851777206,172.47047893002718,174.95654259716855,10108266
2023-12-12,173.49151611328125,175.6224334113377,172.73682724460022,174.86773099470102,10719911
2023-12-13,171.49380493164062,173.49153246614412,170.51714626576862,173.49153246614412,10892122
2023-12-14,173.9798583984375,174.29062141592468,171.58258820682087,173.9354617462313,15257294
2023-12-15,178.508056640625,179.30714223630386,174.7789679475288,175.13411409050676,22863981
2023-12-18,176.68789672851562,179.04077033611978,175.2229019989442,178.50805113807405,8061011
2023-12-19,177.8421630859375,180.727769782009,176.95428410253086,179.35155464813712,16739742
2023-12-20,180.4169921875,188.2303293217686,178.41926463573594,179.12957047484346,57762576
2023-12-21,179.9286651611328,183.5689743028883,178.64124338347315,181.08291051446682,22823936
2023-12-22,181.0828857421875,181.57122181117302,179.17395166555556,181.1272823935418,9910694
2023-12-26,184.10171508789062,185.1227705132649,180.8165519670344,181.57125453219507,17052969
2023-12-27,182.50352478027344,186.36579016649486,181.57124915326898,186.01064399809218,20361303
2023-12-28,184.94515991210938,185.47787907244555,182.32592011691207,183.34697533518974,22010872
2023-12-29,182.0595703125,184.67881034579372,181.34926448619407,184.67881034579372,12171663
2024-01-01,182.32594299316406,183.87973111468568,181.79321021803088,182.90305887626062,4820168
2024-01-02,183.83534240722656,187.12049186803463,180.81654579754405,182.32595087636423,21141219
2024-01-03,184.90077209472656,186.8541028718503,181.57122637873508,182.45910523633282,11650902
2024-01-04,190.58319091796875,191.249100059608,185.83304716971585,186.8984990867474,31054419
2024-01-05,192.18138122558594,193.1136567609196,189.1625984471266,191.29350234392652,20743811
2024-01-08,193.51319885253906,196.04365907535586,192.75850993461506,193.5575955060538,19310595
2024-01-09,192.35897827148438,196.62080014431262,191.73746568643736,196.22125730735084,11951525
2024-01-10,188.31910705566406,190.8939502680036,186.18818971459652,190.8939502680036,16500666
2024-01-11,188.09715270996094,190.00608694938174,187.2092737989825,190.00608694938174,12586419
2024-01-12,198.35215759277344,199.55079962818823,188.54110575754035,189.828527561679,39228118
2024-01-15,207.31973266601562,209.05109389089407,199.46199862116137,202.88033796224656,57884916
2024-01-16,208.74032592773438,212.1586514185179,205.18881047884364,208.6071359696272,34505065
2024-01-17,206.0323028564453,210.649270458268,204.83366091410696,206.1654792731687,26010955
2024-01-18,207.36410522460938,208.2075874107119,199.46197544144206,204.2565292931062,19232183
2024-01-19,214.9110870361328,215.35502647907134,208.65153818110824,209.5394170669853,26391844
2024-01-23,204.1233673095703,218.1074609175645,202.43640270620173,217.53034501324308,20282617
2024-01-24,208.0744171142578,208.65153295644419,202.52517421648005,205.1000175018664,14458601
2024-01-25,207.8080596923828,210.87123919424468,206.6982110650447,208.6515419395684,18291957
2024-01-29,224.18942260742188,226.36472320629855,212.2918507476365,213.97881524114325,54127939
2024-01-30,221.25941467285156,233.77849877960105,220.77107857818663,227.7409332206926,51491099
2024-01-31,223.9674530029297,225.83200411609124,218.68457624624781,222.36926826992791,33293192
2024-02-01,219.88319396972656,226.09834598152693,217.92986318989483,226.09834598152693,29758133
2024-02-02,228.40684509277344,230.84851204711794,221.0818442297399,221.9697231222288,30482663
2024-02-05,233.46775817871094,237.9959187093806,226.49790367558958,230.89288779581236,34001868
2024-02-06,241.76939392089844,242.74606605045602,231.02608178349954,235.5986523265288,36708949
2024-02-07,241.41429138183594,244.74383758633695,237.55201236543152,244.16672166340672,23756939
2024-02-08,242.52410888671875,244.74380607055457,238.9282102872699,242.43531558018276,25252940
2024-02-09,237.552001953125,244.74382685880056,230.0938242011306,244.1667109611663,26743792
2024-02-12,228.9839630126953,236.70852028517226,228.00729080299274,232.5798888171575,30906374
2024-02-13,230.4045867919922,232.97943031961756,226.14276513595922,229.07276837122924,20711842
2024-02-14,238.7062530517578,239.41654534936404,227.29700351102542,229.07276135095532,36168962
2024-02-15,246.2087860107422,248.47289325986924,238.8394026412178,241.19227609563862,32831246
2024-02-16,247.4700469970703,250.4429195777976,243.55124041884838,247.87542371672208,27044984
2024-02-19,247.4249725341797,251.38881157725837,245.39800657541937,247.47003271764336,15322964
2024-02-20,249.18170166015625,253.280666503854,246.88445694625403,247.56011230460993,18968785
2024-02-21,245.8935089111328,253.2356247095773,244.67732381130173,248.64116293937428,16340579
2024-02-22,247.4700469970703,248.64117195493574,241.8846183692038,246.70429875885662,16791453
2024-02-23,245.21783447265625,248.64114356826934,244.22686789472075,247.65017699033385,9464646
2024-02-26,243.100830078125,244.9476105963717,241.25402206738838,244.9476105963717,8661999
2024-02-27,242.65036010742188,243.41610832512305,238.6865209418045,241.47920768844173,19582774
2024-02-28,239.4072265625,243.50619159884195,238.3712271294948,243.23594043979304,9118196
2024-02-29,238.37123107910156,239.94776034881454,235.57851658854082,238.7315751279668,17179832
2024-03-01,243.7313995361328,245.89351868510118,240.08287158410093,240.08287158410093,12930057
2024-03-04,251.52398681640625,252.74014450492393,245.48812109881638,245.71333955854007,22280353
2024-03-05,255.62295532226562,256.7040149408881,249.22674547914036,252.2446783796806,18544484
2024-03-06,252.4698944091797,256.1184224750112,246.43402866627372,256.1184224750112,16807149
2024-03-07,250.53302001953125,256.1634815109245,249.7672717582042,252.46989327407297,11386963
2024-03-11,246.83946228027344,252.69514295480548,246.11877411732752,250.5330509734765,10684598
2024-03-12,243.59628295898438,248.2808379647773,242.38009776589504,246.83943430972656,13780189
2024-03-13,230.0381317138672,244.13680127027698,227.69585432126385,243.9566155121972,20079496
2024-03-14,237.155029296875,238.14599598141817,226.2994971913971,227.47063588779085,21404057
2024-03-15,233.10108947753906,239.99276836359522,224.22747728781962,237.78564410847812,34961065
2024-03-18,235.66859436035156,236.97484489027872,232.02003893179173,233.28128426066885,9246173
2024-03-19,233.5515594482422,237.78567779106928,231.20928180098656,236.02896268250512,8758348
2024-03-20,237.69557189941406,238.3712272899795,231.70476626823162,233.7317324399279,10484778
2024-03-21,236.88478088378906,240.48827614732653,236.34425109576102,238.46131006158672,12163200
2024-03-22,237.155029296875,238.9567769078674,232.83084602748792,236.88477815222083,13025089
2024-03-26,239.1820068359375,241.3440985743749,233.59657797686012,235.7136370198566,10830926
2024-03-27,235.80372619628906,241.61437342620127,233.91188564521386,238.73156615861166,28563001
2024-03-28,241.4792022705078,244.13679088040683,235.9838942852694,236.4343311688126,18888942
2024-04-01,243.14584350585938,244.58724714591665,241.2540029465647,241.4792214061834,6440401
2024-04-02,245.48809814453125,246.88444146725834,242.7404441898159,243.3260066318471,14439120
2024-04-03,248.0556182861328,251.34380231614392,246.70430752099224,247.78533963761194,22600929
2024-04-04,242.33506774902344,251.02849497832528,239.0468836665399,251.02849497832528,24624383
2024-04-05,241.38916015625,244.94759538376155,240.08288207106318,241.29906727235982,13029904
2024-04-08,243.59628295898438,245.03768661403512,240.17297333416585,241.02878699412645,13011300
2024-04-09,242.29005432128906,245.62327136474207,241.4342130913199,243.23596095021034,13173933
2024-04-10,245.0376739501953,246.11873350873492,242.47017811802866,243.19089365455062,11137195
2024-04-12,239.36219787597656,245.48812918525533,238.73157517098227,244.94759936561576,21894584
2024-04-15,252.1095733642578,254.90228802975196,240.62343082258036,242.42517867225524,75063828
2024-04-16,255.08242797851562,263.55063676461594,247.96552998251073,249.54205923762208,79082544
2024-04-18,246.9745330810547,259.18138888988847,246.25384507799893,257.6498925177887,34136482
2024-04-19,247.9654998779297,252.96533819727537,246.92950056313109,249.31681050396745,32658724
2024-04-22,249.3618927001953,250.44295241264177,246.6142382120888,249.81232966496623,14184019
2024-04-23,249.3618927001953,251.11860785979817,248.23580028826794,249.40695289216671,8799147
2024-04-24,251.6591339111328,252.6050405258542,248.91145197207857,250.08260455827042,9253985
2024-04-25,254.00137329101562,254.5869357495715,250.44291086269874,251.65909596430615,17050557
2024-04-26,254.857177734375,257.7850174144981,254.22658260645483,254.947270607645,11070290
2024-04-29,255.12750244140625,256.9742829608687,254.18156833992134,255.8031578742569,8952420
2024-04-30,254.81211853027344,257.9651763192472,253.55090091318036,256.2985545608646,10658906
2024-05-02,254.76710510253906,256.38869447278086,251.38882828014425,253.14554322478443,15677336
2024-05-03,257.739990234375,263.91098103675455,255.8481498251986,255.8481498251986,28913016
2024-05-06,254.18154907226562,260.1273219291436,247.96552505972912,260.0822892340298,15491865
2024-05-07,246.4790496826172,256.7490043584588,245.0376462649151,255.75803779050844,13179001
2024-05-08,249.40692138671875,252.46988686174475,245.35298921587898,246.38898860548505,12797721
2024-05-09,238.956787109375,250.93839823699693,237.11000672626002,249.7672732368491,14869187
2024-05-10,243.46116638183594,244.31700756592775,238.23610886813907,240.53332626808583,9530738
2024-05-13,240.4431915283203,244.94756015002912,236.07394846676587,244.94756015002912,7163239
2024-05-14,245.84844970703125,247.42497882615794,240.03783030631305,241.38914097985023,9123849
2024-05-15,246.34397888183594,248.64119632918582,245.48813768008384,247.2898854795707,6368662
2024-05-16,250.12762451171875,251.6591210877431,246.6592546136556,248.64118812468845,23757779
2024-05-17,249.947509765625,255.3076937302959,249.1817613442453,251.1636677079706,11529157
2024-05-21,252.3347625732422,255.84816497403608,250.75823338766273,253.2356363935733,17559555
2024-05-22,250.4429168701172,255.8481596802636,249.45195018975969,255.8481596802636,17935064
2024-05-23,255.35269165039062,256.3436308443311,251.43388509053403,252.19963332515906,17719819
2024-05-24,255.17254638671875,257.6049170491844,253.9113283549737,255.8482018493491,11041667
2024-05-27,250.12762451171875,256.0283648558232,248.37093696067885,255.84817908482435,13719808
2024-05-28,247.1096954345703,251.61406485548838,245.98360307934078,251.61406485548838,6927361
2024-05-29,244.90255737304688,246.65924485458345,243.4611537395511,246.65924485458345,8327205
2024-05-30,240.26304626464844,247.83038045962073,238.73154985349962,245.9385400377562,15390964
2024-05-31,238.14601135253906,241.8395996919733,236.92982613812322,241.8395996919733,24167379
2024-06-03,255.9382781982422,258.14540273799804,246.11875827460977,250.39790926131792,30195397
2024-06-04,212.87648010253906,256.74903108627916,200.89485590259739,256.74903108627916,72779900
2024-06-05,222.9662628173828,224.9932288429954,207.60636196293672,222.51582592280224,37078551
2024-06-06,227.29046630859375,233.77675502833944,224.54279842317382,228.82194904507983,30881233
2024-06-07,234.58753967285156,234.9478837061073,226.8400329879035,228.37151574860596,22010688
2024-06-10,233.46144104003906,237.8306844922771,232.47047435615724,237.8306844922771,14138524
2024-06-11,246.43402099609375,247.74029902430763,238.95677933162764,240.3981829335392,47270206
2024-06-12,248.19073486328125,251.4338860805003,247.37995393209823,250.44291939017128,20560662
2024-06-13,249.13665771484375,250.44293582314702,245.48812953887614,250.44293582314702,16013386
2024-06-14,248.10064697265625,250.62311018898833,247.3799589065542,249.5420505973478,10642648
2024-06-18,248.4609832763672,251.34379043606944,246.8394214318388,251.29875774302178,17044769
2024-06-19,244.63226318359375,249.18169225360919,244.22688647937522,248.55106961262143,13361607
2024-06-20,244.90255737304688,246.8394306184533,242.42515432851863,244.85749718583563,12826509
2024-06-21,242.9206085205078,247.51507028266872,242.2449531876161,244.54219781493947,17406416
2024-06-24,243.14584350585938,244.36202868629795,240.17297083588753,242.92062504624067,7282347
2024-06-25,240.5333251953125,243.95663493143374,238.73157744104049,243.3260397129319,14425434
2024-06-26,241.208984375,242.47020232421457,237.92080017053337,240.44323606896245,10650910
2024-06-27,240.98374938964844,241.52427918584235,237.3802540716724,240.89365650820153,22830930
2024-06-28,247.01962280273438,248.1457151249706,241.74950523617116,242.33506774523633,19532912
2024-07-01,245.8935089111328,248.46097718662674,244.67732381130173,247.74028916060843,11750972
2024-07-02,247.60516357421875,252.06447228329267,244.58723091707625,246.11872733786078,24470518
2024-07-03,247.4700469970703,250.1726684313631,246.8394243320739,248.64117195493574,9125400
2024-07-04,249.58705139160156,251.25367326049684,245.9835565366859,247.74027127545085,13444669
2024-07-05,259.6318359375,260.62277510740614,249.09160165180356,249.76725699082291,39781962
2024-07-08,269.49639892578125,272.9647686463528,258.86609880057495,261.2534089354532,53136198
2024-07-09,267.9648742675781,271.9287127710673,264.2712868581408,270.9827789569227,18686252
2024-07-10,268.59552001953125,270.0819563023679,260.2174046126431,269.99189091567047,19278800
2024-07-11,274.54132080078125,276.7484728509745,265.8929258693465,270.26216977927606,36020507
2024-07-12,276.6583251953125,280.84738249912823,274.04579690311976,276.38804658354377,31788101
2024-07-15,290.53179931640625,291.5677986836884,278.0546917387393,280.8924386986813,51435537
2024-07-16,290.6669006347656,295.12623655151646,288.0543723418896,291.5227416668642,37468292
2024-07-18,298.8198547363281,300.26123084298047,289.7660564211787,292.8740820726827,48189915
2024-07-19,287.96429443359375,300.17115048509896,286.52289090634224,299.99096473451044,26579496
2024-07-22,289.00030517578125,291.2975498702776,283.32481121053,288.279617129951,22234557
2024-07-23,283.009521484375,289.540857058546,267.91988412335917,288.324671832444,37871058
2024-07-24,287.8742370605469,293.4596661077905,281.1627431569519,282.01855684657716,28259305
2024-07-25,302.513427734375,304.089956971361,284.7662293906541,286.52291690208847,42054664
2024-07-26,298.7297668457031,304.94579076003953,297.3784561037827,303.1440431041457,25703985
2024-07-29,299.9009094238281,305.89171523273035,297.9640360785801,300.71169041806115,26721790
2024-07-30,299.0000305175781,304.72058506308423,298.1892495369723,299.0901234026429,19792253
2024-07-31,301.072021484375,303.9998612033576,297.0631222567739,299.1351209070598,21393361
2024-08-01,307.8736572265625,310.5312462449728,303.72963176246924,304.31519430258805,36044960
2024-08-02,297.37841796875,304.49531479838106,296.07214008874564,304.49531479838106,22939377
2024-08-05,279.4961242675781,291.2525175306691,275.6674102365154,288.5949560516603,37986023
2024-08-06,275.75750732421875,290.4868011430386,274.90166611900844,283.5950937881623,28386636
2024-08-07,296.4775695800781,298.1441915889094,281.0726222833583,281.432966300609,66110716
2024-08-08,290.7120056152344,296.38749993616557,289.81113175524604,296.38749993616557,23478224
2024-08-09,299.5855712890625,302.55847132550764,295.6667922517953,300.84681660345615,29814474
2024-08-12,307.4682312011719,310.53122425720073,297.19827490342243,299.76577085098177,34754596
2024-08-13,302.603515625,310.8014730205616,299.94595430770806,309.99069206770116,28943385
2024-08-14,295.62176513671875,303.1440677091282,294.40557987178005,302.55850517193244,17812763
2024-08-16,296.9280090332031,302.4683773870676,296.07216792893314,299.5855702392506,16584396
2024-08-19,302.06298828125,305.1710140337177,300.48645905745957,301.79273712559535,19636518
2024-08-20,297.37841796875,302.69356737353854,295.5316103627961,302.55844181517216,14972714
2024-08-21,295.2163391113281,298.63964836710943,294.13527961345767,297.8739001804916,11835143
2024-08-22,292.19842529296875,297.73879371688855,291.5227699365764,295.98207879327373,13387819
2024-08-23,289.52020263671875,294.8766387018133,288.29457062627245,294.5134956595428,13229612
2024-08-26,297.6456604003906,298.7804997128017,293.06089295462704,293.69641405199246,21346682
2024-08-27,298.55352783203125,301.9126355279345,295.9660886933512,299.05284604035654,20165503
2024-08-28,297.6002502441406,299.86992886926686,294.74046071768913,298.3719465178911,12446738
2024-08-29,299.23443603515625,299.73375425119883,295.01283932576655,296.05688595406156,13799961
2024-08-30,300.2784729003906,303.59219805029863,299.1890161113077,300.0061225561384,19666466
2024-09-02,296.1476745605469,301.36793533614235,295.7845038200232,299.59757494722106,8975511
2024-09-03,292.51617431640625,297.7818173207613,292.01682842593567,296.8739459264907,10321111
2024-09-04,285.4347839355469,287.06896920121244,279.98755512873856,285.9795123574354,25397204
2024-09-05,282.7111511230469,287.7498540648661,281.5763118621917,287.7498540648661,15571640
2024-09-06,280.3507080078125,284.29995457247406,275.72058552445696,282.8019721392685,27946491
2024-09-09,271.36279296875,280.2599505271268,267.504338991944,280.2599505271268,30369085
2024-09-10,268.36676025390625,273.72319535141725,267.8220319358809,272.4521810800468,15618589
2024-09-11,259.0157165527344,265.4616094623597,257.1545911414516,265.4616094623597,44826300
2024-09-12,266.9595947265625,267.59511583810996,260.10517620905347,261.4669834143365,21964895
2024-09-13,264.59912109375,269.8647639419097,264.23595038198556,268.45757440494634,13672371
2024-09-16,265.5523986816406,268.1852203410374,264.5083520570913,267.64049193073924,10971110
2024-09-17,267.50433349609375,269.27469401384894,265.2346547328382,266.6418721896804,11873436
2024-09-18,263.6458435058594,270.36408618417113,261.3761650533192,270.1825285315894,13421760
2024-09-19,258.9703369140625,262.55644030431506,256.4736903706316,260.92225503408264,17067311
2024-09-20,259.8782043457031,262.4202333407306,258.9249503990774,260.5591079378753,16585530
2024-09-23,268.2306213378906,269.0930825607491,261.05841497601165,261.83011122196484,14621229
2024-09-24,271.8621520996094,274.177213515419,267.54976215193307,269.0023344957908,16986759
2024-09-25,271.1812438964844,273.4509227784233,269.3655007909332,271.8621475610661,10609614
2024-09-26,268.003662109375,271.18121217236404,264.6445266746572,269.68320212069614,27812412
2024-09-27,269.8193664550781,270.954205601161,263.01033157858086,265.7339455291798,35706130
2024-09-30,270.18255615234375,273.9955997187971,266.6872454368992,269.63782772683936,16294341
2024-10-01,265.0530700683594,271.5897276173655,263.9182308022781,269.63780962091306,10919818
2024-10-03,265.14385986328125,270.54570635787604,263.7820526165134,267.8220918643404,28124665
2024-10-04,268.049072265625,272.08911170225645,266.18794669048145,269.63784746110287,23104209
2024-10-07,262.78338623046875,269.0022831182021,255.5657975615038,268.72993278225624,20917962
2024-10-08,266.4148864746094,266.82341200101735,254.70332267556788,261.60315119507044,10572360
2024-10-09,261.9209289550781,265.00768652807216,260.4229465143939,264.417575591565,13147475
2024-10-10,262.14788818359375,265.2346456547643,261.0584313321036,262.10250569229777,7237212
2024-10-11,265.5977783203125,266.5964424441315,262.82878151457743,264.46293902189035,7011704
2024-10-14,260.1051940917969,265.91556635927117,258.87956198156985,265.7340086763741,12690951
2024-10-15,257.56317138671875,260.01440796302927,254.97573191224558,260.01440796302927,15087155
2024-10-16,259.1064758300781,260.7860433563477,254.7940869495119,256.92759014742,18188885
2024-10-17,255.6566162109375,261.1038451314573,255.06650528575565,258.7433737246909,13343303
2024-10-18,257.199951171875,258.2894079115613,253.47770067435775,256.01972945891134,14028398
2024-10-21,251.1172332763672,257.8354760549003,249.2560802938985,255.24803703919846,10299773
2024-10-22,245.8516082763672,252.52446980829578,245.1253221080931,252.38829461499955,10028511
2024-10-23,245.89700317382812,249.1199359407599,240.63133181042514,245.1253068517905,18823321
2024-10-24,244.30819702148438,247.34957172456052,243.62729347778236,246.85022583555738,7488521
2024-10-25,239.72341918945312,245.3976151341574,237.49915100274995,245.12526481122555,12961181
2024-10-28,239.08795166015625,240.6313164999936,231.7795837243444,236.63668766518683,13835091
2024-10-29,240.5859375,241.08525572182998,235.5018517701131,239.0879551284718,9122757
2024-10-30,237.54454040527344,241.67537179693036,236.99981203751219,240.58591506140783,11166643
2024-10-31,241.62997436523438,243.58189238892962,237.0906172375537,239.13332794501,16173656
2024-11-01,246.71405029296875,248.7567609209694,243.89964344207172,244.9436899996204,2955757
2024-11-04,240.8582763671875,249.0745293323811,236.18274410076032,248.75676879453835,14355959
2024-11-05,242.76483154296875,243.8542884163381,239.31493095403115,240.76753088317722,11676017
2024-11-06,244.2627716064453,245.6699887993569,240.04117543977932,243.03716746898715,19244545
2024-11-07,240.76751708984375,245.5792246418155,240.40434634883354,245.5792246418155,6766663
2024-11-08,238.36163330078125,241.94773653826616,235.72881169016517,241.4484183332663,7836093
2024-11-11,233.23214721679688,238.18005721914525,232.41506853269365,238.18005721914525,8450657
2024-11-12,232.55128479003906,238.9517956429635,231.87038114862412,236.81829202532202,22445400
2024-11-13,229.28294372558594,233.27758652641722,226.059997219523,232.55127272297227,17483332
2024-11-14,227.69415283203125,230.87170277307987,226.05998152031685,229.28292780255555,12454540
2024-11-18,227.55796813964844,228.87439279412496,224.33503564908494,227.96652136511696,14636541
2024-11-19,230.67393493652344,237.55694183413758,229.8368174626488,232.53420860536636,17397559
2024-11-21,225.2326202392578,230.6739261914427,223.97694407604982,230.6739261914427,16189440
2024-11-22,228.4416046142578,229.6972807833126,226.48831164982423,227.69749233291353,9637581
2024-11-25,239.88229370117188,242.30065524637888,230.62743465987228,231.13901277821554,31973671
2024-11-26,236.48727416992188,240.20782125617433,234.90604449681675,238.99865480735093,9242451
2024-11-27,236.53379821777344,237.64995957290992,233.0457851124959,237.18489115887292,11689970
2024-11-28,234.58050537109375,239.41721404201866,233.65036854234813,237.18489133013384,14202863
2024-11-29,238.76614379882812,240.57989364817968,234.627023409252,236.06873838371857,11476347
2024-12-02,239.55673217773438,240.2543348088699,235.04557701204834,237.64996300684004,13677959
2024-12-03,244.0214080810547,246.20723535392577,240.76592910863684,242.20762987078373,15345326
2024-12-04,242.4866943359375,245.8351643729501,241.83558717011576,245.41661981108587,10713838
2024-12-05,243.0447540283203,244.85853228837,238.9521574563509,242.48669461186634,12896743
2024-12-06,241.882080078125,244.62599518055774,241.4170116462228,242.5796827259783,8783386
2024-12-09,240.81240844726562,243.09125492934123,239.6962613343176,241.88206007507827,6800856
2024-12-10,238.95213317871094,240.67289189934687,236.71981058312574,239.64973576392643,11318782
2024-12-11,238.67311096191406,240.62640393869944,237.78946963880173,239.51022841324416,5353032
2024-12-12,236.30126953125,240.53339503641044,235.8827107873906,239.97530724942328,7123877
2024-12-13,236.48727416992188,238.8591115831992,232.0691245049971,235.32460320546798,11143128
2024-12-16,234.2084503173828,238.39405174676105,233.65036255732636,236.25474844965433,7283872
2024-12-17,230.1158447265625,234.8130385292964,229.27872726153578,234.1619455906354,10066884
2024-12-18,227.0928955078125,230.20885948501726,226.39529290331245,230.11584012731274,8430930
2024-12-19,224.95359802246094,226.90687684988953,221.88414364477413,223.23283920978088,9518542
2024-12-20,220.5354461669922,227.09289940769523,218.8611970488878,224.6280425065704,15556528
2024-12-23,224.02346801757812,225.3721636236746,220.30292058406394,221.60510650868906,7722901
2024-12-24,222.25619506835938,226.25578631871218,221.93065569003272,224.16297842881661,3577400
2024-12-26,223.4653778076172,225.093117292168,222.30270674722377,223.2328435955385,6330006
2024-12-27,220.3494110107422,224.162977719591,219.79133742419282,223.23284088258023,6487888
2024-12-30,216.39633178710938,220.44243274884485,215.00112651654706,219.55880558270778,19401112
2024-12-31,222.5352325439453,223.1398157953823,216.1172942103781,216.3963239001112,12004845
2025-01-01,220.3959197998047,222.52594109589154,219.83784621551231,221.19583804410934,9418453
2025-01-02,228.8787841796875,229.53917340299554,220.442436038596,220.48894572019452,19745810
2025-01-03,240.8031463623047,244.3934610325359,230.66464602836137,231.0925010378835,49760410
2025-01-06,236.58961486816406,241.37051781320847,233.88291316966053,241.0077508087842,19265884
2025-01-07,245.08175659179688,248.7185951864537,240.02180971101564,241.04496595263038,52956766
2025-01-08,252.3740234375,254.3924329269534,247.18387221330116,247.83497937390536,42237794
2025-01-09,244.7934112548828,253.54600248702272,243.4261089394364,253.025128117855,14706472
2025-01-10,244.64456176757812,247.88144792930763,240.41245084006678,245.55610601627473,13053552
2025-01-13,237.86387634277344,249.83474643133005,236.8221276839926,247.44428807845344,20416370
2025-01-14,242.17971801757812,243.69584556794788,238.8777436780231,239.52882241731075,8470150
2025-01-15,240.14271545410156,245.99328395304758,239.68695749931467,242.6726887196845,9344731
2025-01-16,244.7934112548828,247.07225790913486,241.83558286163932,241.83558286163932,14195450
2025-01-17,247.9465789794922,248.34653099966272,243.0447397701798,243.69584689854545,12148143
2025-01-20,250.54164123535156,251.57410787024835,246.4955687602137,249.36968813951168,9676264
2025-01-21,247.23037719726562,250.5323802306793,246.30955074765427,249.32318522676456,8989218
2025-01-22,245.60260009765625,247.77914509508332,243.42608348575038,247.4163781336717,7919682
2025-01-23,244.6724853515625,245.39799095414006,242.9238519294574,244.62598986359262,5026675
2025-01-24,238.58941650390625,247.0815706294252,237.88250340260694,244.61668522690235,6306281
2025-01-27,233.2597198486328,238.52429786519056,232.07844206634238,237.18489852035134,6944911
2025-01-28,231.30641174316406,234.7665217615959,229.47405531138293,232.5341991270804,8029472
2025-01-29,233.83639526367188,234.39448304326055,229.74379885589428,231.51105316998874,5651586
2025-01-30,238.78472900390625,241.27748890487211,233.4085392423194,234.3944820148734,12588155
2025-01-31,244.26324462890625,245.08176966586288,237.380251243075,239.05450054923026,8850307
2025-02-01,239.55673217773438,244.16092089743842,236.02222353419046,241.41700586076246,10921673
2025-02-03,231.6040802001953,238.44059185911323,227.74401787396363,237.7429892079078,25719512
2025-02-04,236.3477783203125,239.51023792060602,234.39448526599114,234.7665343274038,8402532
2025-02-05,243.3702850341797,244.62597537576045,239.74275723613025,240.90542822175647,11590755
2025-02-06,238.2545623779297,244.57951035897855,236.5338176204981,244.3004522563514,12327998
2025-02-07,236.12008666992188,240.81593777479367,234.79197623086444,239.96214008512692,10098454
2025-02-10,230.00125122070312,236.78413871359692,229.38463166467506,236.1675046822518,7582536
2025-02-11,226.6809539794922,230.00124420364347,224.6413529176402,230.00124420364347,6711630
2025-02-12,225.21054077148438,228.8628658718984,222.1274140809821,226.72839354770454,5985956
2025-02-13,222.8863525390625,227.15529741862653,222.17486172580183,226.25407861689322,10079210
2025-02-14,218.66482543945312,225.73229737963464,215.1073716633232,222.93376997080907,8065352
2025-02-17,221.65309143066406,222.2697254665649,213.49467239876125,218.38023669503318,6692422
2025-02-18,224.45162963867188,224.9733779617011,217.76361343789318,220.2775417272197,6170974
2025-02-19,226.06434631347656,226.5386735132634,222.45945670003303,223.88243829939358,6168581
2025-02-20,229.47947692871094,230.19096767711576,224.3567493303227,224.6413485247479,8929816
2025-02-21,227.58218383789062,230.57045387084366,225.87461750513728,229.4794926301209,5697387
2025-02-24,222.31715393066406,225.7323009241851,221.98511911621827,224.16702702823588,6883143
2025-02-25,221.03646850585938,224.54648678449416,220.60957693385134,222.93377724839894,5519036
2025-02-27,219.13916015625,221.84283090934352,216.76752422382307,221.51079608867695,9664032
2025-02-28,213.6844024658203,218.6648380393855,211.69222244626732,218.1905108419031,17237276
2025-03-03,213.57057189941406,214.39589660379607,207.14817749230878,213.21007859160696,11928529
2025-03-04,215.1168670654297,216.05604013486897,204.4160465649641,208.79883974702997,12428265
2025-03-05,217.18492126464844,219.37631041697938,215.11684733009375,215.45836346262038,7466729
2025-03-06,220.65701293945312,221.5772088392448,215.06943926176103,219.60400600646042,10439208
2025-03-07,220.93211364746094,224.32829799831137,219.30042698782736,220.65701025179428,9079049
2025-03-10,211.7301788330078,222.93378503286394,211.05662783674757,220.93212366057745,16489167
2025-03-11,215.07891845703125,215.5911854441968,208.7988312025791,209.5577431131478,10941588
2025-03-12,212.87803649902344,217.09006425074185,210.94278793826157,215.43941489826418,6994310
2025-03-13,213.8551483154297,218.56996170634332,213.32390418270427,216.4354893675106,16105085
2025-03-17,217.94386291503906,218.6173994200297,214.62357257829433,214.88919464720854,8788971
2025-03-18,217.94386291503906,217.94386291503906,217.94386291503906,217.94386291503906,0
2025-03-19,220.62855529785156,223.0665895183701,219.7083593945916,220.56214254334225,8626593
2025-03-20,223.49346923828125,224.86901511622585,220.09728501340325,221.49180803096064,18955995
2025-03-21,229.97279357910156,235.2662867684293,223.6927062014974,223.6927062014974,29285333
2025-03-24,231.31040954589844,233.74844388424924,230.28586103269015,231.65192571696787,10566066
2025-03-25,229.81153869628906,232.77133592479584,228.198829039098,231.4811653039794,8915800
2025-03-26,227.41143798828125,231.94600494325695,227.07940315222316,230.8550581538963,7543985
2025-03-27,229.73562622070312,230.90246703852335,226.39635879720828,226.60506391588402,9935664
2025-03-28,233.72947692871094,241.81200203683025,230.76966534198738,230.94043066204713,32905564
2025-04-01,235.33270263671875,239.25063544353637,234.03303627278973,234.31763548625756,11258957
2025-04-02,237.77073669433594,238.58658005205547,235.26628967359744,237.21103407604346,15337906
2025-04-03,230.8170928955078,236.80309966574592,230.05816650297515,235.26628421547207,11141370
2025-04-04,214.40536499023438,228.82492272800505,212.6883029283175,228.2082887137107,38336194
2025-04-07,208.55218505859375,209.4628996746011,194.4741568831757,197.3201201546368,27024128
2025-04-08,215.02200317382812,215.57222444596655,207.92605805754653,211.54992470239438,11309092
2025-04-09,210.5443572998047,212.5554999713238,208.95061039995926,210.60127424706394,16889575
2025-04-11,218.54150390625,219.51861675523296,213.68439813458204,216.5777968756409,13886447
2025-04-15,220.7423858642578,221.98512076273354,218.28537454014804,221.98512076273354,12102239
2025-04-16,228.8343963623047,229.5743455743123,219.8221803170321,220.74237616599575,18748952
2025-04-17,230.9878692626953,232.0503575778924,226.9750506555794,228.62571455267573,12891813
2025-04-21,236.95489501953125,237.68536296106885,229.33720134087724,231.48115507507998,11698653
2025-04-22,235.05758666992188,237.73279903285675,234.5642823275823,236.1864877248348,9896443
2025-04-23,239.22218322753906,239.7724045278855,232.3444386861853,235.9683055168166,16555874
2025-04-24,236.56593322753906,238.46324194839275,235.26628138585568,237.16359010670934,6538518
2025-04-25,233.68203735351562,237.80867526001805,231.85112685578355,236.2149428348269,15616265
2025-04-28,237.73280334472656,239.01347812601125,231.8321716967187,233.36898722438738,7669983
2025-04-29,233.06539916992188,239.1557729765744,232.51519237242871,238.33992963762384,8030552
2025-04-30,231.8985595703125,234.73504136875113,229.7830643626208,232.8946495612591,9822483
2025-05-02,230.27638244628906,233.6251314392077,226.72840965315456,228.62571852054495,10203190
2025-05-05,226.9181365966797,228.76800983877706,222.4594636739707,227.6770630351939,20086323
2025-05-06,224.83108520507812,230.51353008023617,223.8824308371242,228.7490323768292,11350559
2025-05-07,226.41534423828125,227.76243175119058,220.15423387442024,220.3724203336468,16689539
2025-05-08,221.24517822265625,227.05093846335956,219.51862028291822,225.45720603466344,15026122
2025-05-09,222.89584350585938,223.21838252678867,216.72009411669865,217.33672815998773,11184507
2025-05-12,231.4906463623047,232.040867640935,225.88409549027978,226.72839731129662,11374237
2025-05-13,228.77749633789062,232.69542912831045,227.9521571747565,231.61396370191284,9336026
2025-05-14,233.3784637451172,234.22276558214875,228.7774985900665,228.7774985900665,8234859
2025-05-15,234.8963165283203,236.13905147608597,229.85896398111507,232.3728923506168,16812750
2025-05-16,234.5737762451172,236.5849189299045,233.5587090945729,234.37455245307822,8030229
2025-05-19,233.91920471191406,236.64183821971795,232.33495359402457,235.2662922287665,8043270
2025-05-20,236.46157836914062,239.72495165332126,234.1184009636499,234.1184009636499,13183059
2025-05-21,235.91136169433594,239.0134655361529,235.03860141130363,238.58657396487754,7158307
2025-05-22,229.2613067626953,237.61894969794858,227.30708101771472,235.91136888547905,18502235
2025-05-23,231.69935607910156,232.11675185621687,227.81934857831044,230.04869221047707,8725218
2025-05-26,233.3120574951172,234.44095850866765,232.24007342757486,232.7049192788359,7159571
2025-05-27,231.98394775390625,234.1753516446864,230.44713221066104,234.1753516446864,9712093
2025-05-28,230.2099609375,232.74286644215235,228.91030904483904,232.07881125887002,7385958
2025-05-29,230.5609588623047,232.04087188464342,228.95774508657644,231.0922174852382,12938112
2025-05-30,227.10784912109375,232.60056599893355,226.62404060620648,230.5609504296201,10108840
2025-06-02,226.07382202148438,227.76242565268655,225.45720246723036,226.72839585695476,6278145
2025-06-03,225.0872344970703,228.67314698627487,224.45163778340893,228.15138416899538,9515918
2025-06-04,225.82717895507812,226.25407053271795,223.408107381363,225.77974334082546,6733580
2025-06-05,225.56155395507812,227.31655585708853,224.0911367842521,225.8271760210615,8941808
2025-06-06,227.7339630126953,228.12291477380285,225.31489150316764,225.58051356555407,5985346
2025-06-09,230.33328247070312,231.58549870399904,228.15137453847348,229.36565096634936,7719525
2025-06-10,232.11676025390625,232.42033662131934,230.13407595843742,231.70884579492756,7659657
2025-06-11,234.62120056152344,237.5430432183976,231.04476961241986,231.94598834897832,20842417
2025-06-12,235.15245056152344,242.09659304324748,234.08046648815912,238.58657475895447,35613271
2025-06-13,238.59605407714844,242.80808177286548,236.32877072431367,242.42862581707635,39320377
2025-06-16,243.60498046875,244.27851701141898,239.24116427764216,240.9487451556982,41444122
2025-06-17,239.35498046875,243.88954717450866,238.6340083626097,243.74725480991415,18781097
2025-06-18,237.505126953125,242.75118486543363,236.9454243057733,240.9866870222579,12691905
2025-06-19,238.6435089111328,240.00957362250546,235.45602940970264,237.63793751951627,10790997
2025-06-20,238.95655822753906,240.24672880129913,236.5469824006065,239.3075557263614,15907673
2025-06-23,238.4727325439453,242.37170245909323,237.47664259220514,240.01902927442853,16776881
2025-06-24,231.39578247070312,235.26629420924823,230.98786802163792,234.79196700318118,22215004
2025-06-25,229.48899841308594,232.7049363766851,229.10004661969668,231.47168271306828,13056178
2025-06-26,232.16416931152344,232.7713075015761,229.13795969341297,229.5743470528178,15769123
2025-06-27,230.3617401123047,233.57767781559713,229.57435525600022,232.42979967017774,21691960
2025-06-30,231.67088317871094,233.0843688837818,230.52300505600064,231.4716593977949,8783448
2025-07-01,230.8740234375,232.70493401012828,228.9103162993241,232.70493401012828,8470489
2025-07-02,228.69210815429688,231.2344948313678,227.86676903722204,230.42813285413698,10419419
2025-07-03,231.51910400390625,233.55870512787084,229.3846316519501,229.5743596326161,13891239
2025-07-04,232.64801025390625,232.8472195717172,230.05817331982476,232.61005597173067,7717259
2025-07-07,229.11900329589844,232.89464356620485,228.4644294765456,232.89464356620485,9222263
2025-07-08,230.75070190429688,231.1870748229459,228.29367600240056,229.963317013767,7537067
2025-07-09,230.85504150390625,232.03136363187576,229.83049307046028,230.85504150390625,9590680
2025-07-10,230.60838317871094,232.12623593351924,229.88741108160116,231.0068162699019,8012201
2025-07-11,229.3466796875,230.60839176088467,228.4359795809763,230.570451954495,5608382
2025-07-14,231.6803741455078,232.31597084390344,228.7585169142373,230.42814341411312,7568906
2025-07-15,231.1586151123047,232.77132469166926,230.23841918945857,231.92702285759904,7843083
2025-07-16,230.38072204589844,231.61396116003434,229.85895924167022,231.47166879311624,5656962
2025-07-17,231.34832763671875,232.00290144276602,230.3522521669769,230.52300299882418,7006298
2025-07-18,233.66305541992188,234.6496640703136,230.9593991522172,232.17367558707093,10293817
2025-07-21,232.45826721191406,233.65358101705795,231.87958745038245,233.36898180272286,5424455
2025-07-22,233.7579345703125,234.19430748886697,231.53808674466384,232.4582681969159,5869862
2025-07-23,232.94207763671875,234.50735151803877,231.71830542377407,233.36896919750453,7357753
2025-07-24,232.25904846191406,233.55870030170374,231.24398134958437,232.9515620909279,4590999
2025-07-25,227.9521484375,232.2305888398189,226.96555427811586,231.47166246127597,7427827
2025-07-28,227.69602966308594,229.15695104763108,225.5900157692294,227.95215592494517,6865890
2025-07-29,229.04312133789062,230.05817402176504,227.5063058373904,227.69603382289503,6157824
2025-07-30,229.3941192626953,231.1965713166448,227.77192833698996,230.08663292497172,8767763
2025-07-31,228.62570190429688,230.34276398844028,227.35450852961043,227.866775517435,10254214
2025-08-01,224.63186645507812,228.35060439911317,222.03256269280894,227.77192464267418,12629251
2025-08-04,222.77252197265625,226.14972943405633,221.98513705716746,224.35677313683806,16174972
2025-08-05,222.4404754638672,223.88243417776192,221.08390664560332,223.40810698670734,9562689
2025-08-06,221.76693725585938,223.28477557038872,220.95109391449745,222.5068865101973,7568954
2025-08-07,221.91873168945312,222.17487244767693,219.43326162728522,221.17878236597844,5560413
2025-08-08,221.45388793945312,223.0476204012018,220.73290132315176,221.89026086217677,5249568
2025-08-11,221.78590393066406,222.93378211409325,219.6893858305773,221.4538835786632,4699743
2025-08-12,223.4270782470703,224.2239444329932,221.6151449508539,221.79539159476147,7036778
2025-08-13,226.41534423828125,227.62962071401128,224.1670379391325,225.53310259315816,8501906
2025-08-14,224.774169921875,226.4153379374875,222.39303817649284,226.2635497634159,7258450
2025-08-18,225.93153381347656,226.33944825449936,223.40810965287537,225.0682548413787,8501972
2025-08-19,225.7228240966797,226.29200803596785,224.5275103210723,225.30541385601154,5538059
2025-08-20,225.7133331298828,226.81377570155288,224.83109149117104,224.83109149117104,7438061
2025-08-21,226.0548553466797,228.61623386063945,225.0492839776461,225.7797519340511,8111371
2025-08-22,224.15753173828125,226.37739393581197,223.7780757854524,225.7797370585556,5423818
2025-08-25,224.60340881347656,225.29593694240356,223.55040185852496,224.16703589899487,8854258
2025-08-26,222.16537475585938,225.1156904990029,221.79540012136368,224.50855226610443,14671897
2025-08-28,221.4064483642578,223.1994045893189,220.4483126377453,222.2697273365917,13870643
2025-08-29,221.71002197265625,223.2847772454379,219.4522199115343,221.4064456222828,9928988
2025-09-01,226.4627685546875,226.90863725911208,221.10287724448264,221.98511884558874,4366396
2025-09-02,227.19325256347656,230.04869716041517,225.2105538217598,226.49124308061494,5921193
2025-09-03,226.7947998046875,229.51743312589807,226.2161200788037,227.2027142223628,4364007
2025-09-04,224.7921600341797,228.25388001685536,224.51559611553148,227.98686181696087,8778730
2025-09-05,223.27587890625,226.1654087675379,222.20779153656213,224.82077202575817,7210683
2025-09-08,221.7500457763672,224.0864623173586,221.30183353384794,223.27587654469662,8418326
2025-09-09,220.6056671142578,223.714530025583,220.06208502363418,221.75003284808673,11665314
2025-09-10,220.9966583251953,222.2363793543644,220.29095910514255,222.1982401363559,11775053
2025-09-11,222.9230194091797,224.31534107525258,221.33998708650583,221.33998708650583,11047708
2025-09-12,222.43666076660156,224.4965278698952,221.91215554797586,223.63824263448944,6073522
2025-09-15,221.4925537109375,223.33308757910552,221.24461240106112,222.34129323679934,6153784
2025-09-16,224.1913604736328,224.3630233447716,221.6451418710445,221.70235797762393,7319921
2025-09-17,225.89837646484375,226.92830999737222,224.27717590074903,225.0591681306206,7628371
2025-09-18,224.6681671142578,226.68034919799007,223.62870243748134,226.68034919799007,6497852
2025-09-19,225.71719360351562,226.39427027371585,223.86712853046046,224.21043972495937,16484017
2025-09-22,226.46102905273438,227.39559274408467,224.7253962173977,225.05917624000872,9962796
2025-09-23,225.68858337402344,226.5754621296114,224.24857678393056,226.25122782443302,7014239
2025-09-24,227.4623565673828,228.99771849236066,225.3071195308819,225.68858449598852,8299331
2025-09-25,228.5590362548828,230.91452965357823,227.46235540751957,227.8438058192806,10150654
2025-09-26,226.98553466796875,229.12168025184423,225.8602312181197,228.87373893983025,6349466
2025-09-29,228.8546600341797,229.97996347409776,227.12857292979888,227.92009634948184,10631271
2025-09-30,228.39691162109375,229.7224714029347,227.4432710715276,228.87373189587683,7167687
2025-10-01,231.77279663085938,234.8721284686589,227.41466681335862,227.53864474331868,10375310
2025-10-03,232.3640594482422,232.8790189416132,228.58763647505498,231.2578329200823,10702610
2025-10-06,234.4620819091797,236.02605193387743,231.47718213130497,231.47718213130497,9465503
2025-10-07,233.94711303710938,237.93332365923317,233.31770676475287,234.462072545419,12498420
2025-10-08,230.59982299804688,235.3584946621665,229.96088556482363,235.12008452060257,5073558
2025-10-09,232.10658264160156,233.16512427866502,229.40777802545958,230.6284368166714,9292031
2025-10-10,234.91981506347656,235.6255143254089,232.30684920854407,232.7359845557541,9050771
2025-10-13,232.7741241455078,234.29040916537696,230.18976633952715,233.64194055992363,12607116
2025-10-14,233.3463134765625,237.20856069658456,232.59292927723604,233.92803480650556,13865005
2025-10-15,236.23583984375,236.68405206946153,232.96484516790215,233.34631012138007,8520238
2025-10-16,236.83665466308594,237.17042015046508,234.59559337733552,236.50287462430572,6083826
2025-10-17,236.2072296142578,237.02736106742685,233.42260096083268,237.02736106742685,14250215
2025-10-20,237.20855712890625,237.6472236358655,233.63240504404249,236.20723163486437,10920554
2025-10-21,236.61729431152344,237.74259775436883,235.92114076763963,237.2085613617237,569979
2025-10-23,240.61305236816406,241.49994567413228,237.53279736971194,238.4101449569856,13879042
2025-10-24,243.14019775390625,245.46706844137188,241.12801563846767,242.22469643562812,17882209
2025-10-27,241.52854919433594,244.21780801224972,240.2315974480555,243.5788705819248,7889080
2025-10-28,238.92510986328125,242.02444181771637,238.27664123902568,241.36644202595141,8529692
2025-10-29,243.78866577148438,245.40985177061228,238.9346389409463,239.3160893343647,8806213
2025-10-30,242.73013305664062,244.60880614317784,241.66206027495866,244.60880614317784,5266883
2025-10-31,243.53118896484375,245.94389845531867,241.57623742734617,242.892251525805,7199008
2025-11-03,245.610107421875,246.5160775685659,242.51079024368926,243.1783357059354,5450040
2025-11-04,240.6511993408203,245.56244236761256,240.31741932675092,244.22735141413506,6006851
2025-11-06,239.84060668945312,243.65516902248618,238.83928116675185,241.79557279541268,6987258
2025-11-07,240.50814819335938,241.84325371858927,238.41014185531267,238.41014185531267,4449104
2025-11-10,239.7452392578125,243.65517150964297,237.93332795168658,240.3174294341684,7418162
2025-11-11,237.88563537597656,242.41542804729232,234.59557834603777,242.41542804729232,16183880
2025-11-12,242.0816650390625,243.7505360401749,238.31477313828856,240.88961432398222,11917811
2025-11-13,239.2207489013672,241.9386158642892,235.83532188131284,241.9386158642892,13057927
2025-11-14,241.9075164794922,243.91037368298927,239.46499315036962,239.8557909198375,9185042
2025-11-17,242.34716796875,243.9592274045859,241.76095640591186,241.90751675061105,6281588
2025-11-18,241.2724609375,243.71498436247566,240.63741081019828,241.3213143875955,7708871
2025-11-19,243.27532958984375,244.54544473395694,239.75808994583485,241.2724574288937,7075882
2025-11-20,242.34716796875,245.32704941521513,241.90751675061105,243.27532385326097,6918642
2025-11-21,241.2724609375,242.59142955017882,240.5397039100073,241.37016783769099,7589240
2025-11-24,240.1000518798828,241.76096482176922,238.68339127968494,241.27246013839206,15875282
2025-11-25,239.70925903320312,241.8098232517943,238.97650199304616,240.10005682476142,8983620
2025-11-26,242.00521850585938,242.2983242991075,239.4161496327907,239.70925542603885,7232643
2025-11-27,238.39028930664062,243.0799373237771,237.2178810293515,242.29832683625767,5600832
2025-11-28,237.65753173828125,239.70925739993325,236.97362815372392,239.36729815366456,3804191
2025-12-01,239.20120239257812,240.1977561098247,237.42303820902012,238.43913628761888,6307936
2025-12-02,237.94085693359375,240.59832362964534,236.9247737417999,237.90178311805474,5413988
2025-12-03,234.5017852783203,238.74200222366053,234.0523544237178,238.439131714419,11829802
2025-12-04,236.6609649658203,237.12016054187865,234.17936783621036,234.97074300533836,10825420
2025-12-05,235.6839599609375,237.60866956192592,235.37132472289798,237.12016488975587,7645591
2025-12-08,233.03627014160156,236.43625844416778,232.23511533319206,235.68395708397486,5285903
2025-12-09,234.325927734375,234.67765170991547,231.38513484720352,232.23512824310123,9026401
2025-12-10,233.78855895996094,234.82420138550393,232.93856560271152,233.81788295557112,3492031
2025-12-11,232.92880249023438,235.75235891273405,232.6650057917506,233.78856057999187,8868641
2025-12-12,232.5477752685547,233.89603806663862,231.5707658949965,233.01673559362823,4252781
2025-12-15,229.9391632080078,233.3000629475615,224.65353889206648,232.52823209800792,12334408
2025-12-16,226.87135314941406,229.8903085352076,225.44491290478487,228.7862831727476,7238404
2025-12-17,227.5552520751953,228.0535214785498,223.35410887403685,226.4219176473517,5848233
2025-12-18,226.66616821289062,228.7472028898814,225.8943373892629,227.64317755863584,3964839
2025-12-19,227.53570556640625,228.13168186266645,226.17766317433527,226.66616784641806,5070902
2025-12-22,228.79605102539062,229.87076731397062,227.41847912018557,228.41501796089048,4614185
2025-12-23,230.07594299316406,232.43052425590307,229.20640524608268,229.20640524608268,5810236
2025-12-24,228.39547729492188,231.13110642503094,227.779956640953,230.12477309077252,4114036
2025-12-26,229.13800048828125,229.8707574970251,227.6920308319277,228.46386165496023,3710774
2025-12-29,229.4213409423828,233.52477719894176,228.62018612577006,229.13799988461315,12621499
2025-12-30,229.2845458984375,230.18340761474056,227.946047866518,229.54834259578686,6236729
2025-12-31,234.853515625,235.45925665996174,229.21616742201886,229.29432996007517,11514802
2026-01-01,232.4696044921875,235.56672230766347,231.9517907351887,235.36154378697555,5840586
2026-01-02,235.90869140625,236.97362805231785,232.46961421511622,232.46961421511622,5925943
2026-01-05,232.61614990234375,241.12590780299902,230.28109817887704,241.12590780299902,21201434
2026-01-06,236.32879638671875,236.78799198417764,232.6161577916805,232.6161577916805,10840459
2026-01-07,233.56385803222656,236.12361781573415,232.6845555608174,234.68742775456045,8253161
2026-01-08,226.09950256347656,233.39776361918936,225.6891604243898,232.72362478069692,9218488
2026-01-09,228.70811462402344,232.77247708835003,226.66616866525584,226.94949481657642,12706408
2026-01-12,230.29087829589844,230.7305295176939,226.33398748378042,228.70811302626356,9807980
2026-01-13,238.1753387451172,238.5368274349664,230.3788082868825,232.52822588065396,22527192
2026-01-14,242.5230255126953,245.22934557232938,237.9799380220571,238.38051543138516,33094088
2026-01-15,242.5230255126953,242.5230255126953,242.5230255126953,242.5230255126953,0
2026-01-16,241.48739624023438,242.08337253262428,236.82705752459444,241.2235995447885,12287680
2026-01-19,237.520751953125,242.29832724481855,236.72937673731994,239.36729909266347,6459249
2026-01-20,234.86328125,239.69947463738478,234.19892203595015,237.52074792215913,6496057
2026-01-21,236.79776000976562,238.86903004459805,234.00351257071955,234.48225253652112,9610477
2026-01-22,238.40005493164062,240.8035045809201,236.99317393838206,238.97650179949548,10746306
2026-01-23,239.8264923095703,240.6374118792223,235.99661735115197,239.6604025048917,8080247
2026-01-27,242.2494659423828,243.26556401733228,240.23682906174545,240.9305122614502,15915509
2026-01-28,262.4051513671875,263.4505585006787,243.4707207877218,243.4707207877218,73427983
2026-01-29,269.0586242675781,271.3838815188969,262.8252997268123,263.7925294603933,48267023
2026-01-30,262.77642822265625,270.14308712044925,261.84828722339125,267.5931070111898,24420043
2026-02-02,248.1115264892578,251.09140804886562,241.9075259355621,245.81556341492188,17015974
2026-02-03,251.09140014648438,255.97644684194125,243.6172846656271,253.72933728841463,19213406
2026-02-04,260.8126525878906,263.79251911821297,252.11724569752343,252.11724569752343,26628393
2026-02-05,263.01092529296875,264.23218696350455,259.8844834900137,261.8385021628709,15268335
2026-02-06,262.7666931152344,263.7437025266077,258.61440311689785,261.8385222480453,10013728
2026-02-09,260.470703125,264.6718314754195,259.64023920011437,263.2551857832825,10824044
2026-02-10,265.8930969238281,266.77239940303303,260.861504577749,261.1057569228592,13459684
2026-02-11,268.2867736816406,268.77527835702017,260.2264465378781,266.0396342853192,18388416
2026-02-12,269.9965515136719,273.8557207235144,267.16323023931596,269.6545922631895,22753270
2026-02-13,261.2522888183594,265.1114875973499,259.8844817198676,263.79251903896335,20748628
2026-02-16,265.306884765625,265.9419647143231,259.5425353965288,261.4965541532367,13247757
2026-02-17,265.6000061035156,266.72356092811606,261.9362209259316,266.72356092811606,21292868
2026-02-18,264.6000061035156,266.1000061035156,262.54998779296875,265.0,11621040
2026-02-19,274.6499938964844,276.45001220703125,267.8500061035156,270.29998779296875,37728943
2026-02-20,278.6499938964844,280.79998779296875,274.3500061035156,277.3999938964844,31971956
2026-02-23,275.6499938964844,279.8999938964844,272.20001220703125,279.8999938964844,13113050
2026-02-24,276.5,278.1499938964844,273.29998779296875,275.6499938964844,16311581
2026-02-25,277.45001220703125,278.95001220703125,274.0,276.5,7573116
2026-02-26,280.1000061035156,281.04998779296875,275.6000061035156,277.3999938964844,13301761
2026-02-27,279.70001220703125,282.5,277.0,278.5,18554482
2026-03-02,282.20001220703125,293.0,277.6499938964844,288.0,65843426
2026-03-04,276.95001220703125,288.3500061035156,275.1000061035156,287.0,53722773
2026-03-05,276.3500061035156,287.6499938964844,275.3500061035156,278.0,40569479
2026-03-06,278.95001220703125,280.95001220703125,271.1499938964844,279.95001220703125,30725344
2026-03-09,270.79998779296875,289.0,267.6000061035156,289.0,56512457
2026-03-10,269.20001220703125,270.8999938964844,265.3500061035156,270.8500061035156,18476370
2026-03-11,270.75,272.3999938964844,268.0,268.0,16130216
2026-03-12,270.54998779296875,273.0,267.75,271.6000061035156,20059801
2026-03-13,264.1000061035156,271.29998779296875,263.45001220703125,270.54998779296875,18411729
2026-03-16,260.45001220703125,266.0,258.3500061035156,264.04998779296875,21725887
2026-03-17,264.75,265.3999938964844,259.1499938964844,260.6499938964844,15662659
2026-03-18,265.0,266.6499938964844,263.0,265.1499938964844,8780857
2026-03-19,269.1000061035156,271.5,262.5,265.0,28685305
2026-03-20,265.3999938964844,273.04998779296875,264.0,269.0,19436124
2026-03-23,265.45001220703125,269.70001220703125,263.8999938964844,267.29998779296875,23991581
2026-03-24,268.04998779296875,273.29998779296875,266.8500061035156,268.54998779296875,18567283
2026-03-25,270.20001220703125,271.5,266.3999938964844,267.3500061035156,13380625
2026-03-27,281.95001220703125,285.0,269.70001220703125,270.5,60048871
2026-03-30,284.6499938964844,288.3500061035156,281.95001220703125,282.75,44866906
2026-04-01,288.04998779296875,293.0,282.79998779296875,290.0,31626297
2026-04-02,287.20001220703125,288.79998779296875,283.5,288.5,20935809
2026-04-06,281.8500061035156,288.5,280.45001220703125,287.29998779296875,24449779
2026-04-07,286.6499938964844,287.54998779296875,280.0,281.8500061035156,22891122
2026-04-08,285.5,287.8500061035156,274.75,280.0,42071040
2026-04-09,288.6000061035156,289.79998779296875,284.8999938964844,284.8999938964844,13585661
2026-04-10,286.5,291.8500061035156,284.54998779296875,288.6000061035156,12889209
2026-04-13,287.54998779296875,290.29998779296875,281.0,287.20001220703125,23986567
2026-04-15,287.6000061035156,289.79998779296875,283.3500061035156,284.04998779296875,16529148
2026-04-16,282.75,288.1000061035156,282.0,288.0,13626398
2026-04-17,284.04998779296875,285.5,282.20001220703125,283.3999938964844,17846605
2026-04-20,283.3500061035156,285.20001220703125,282.5,284.0,11057036
2026-04-21,283.1000061035156,284.8500061035156,282.3999938964844,283.1499938964844,13645673
2026-04-22,283.6499938964844,285.04998779296875,282.6000061035156,283.1000061035156,7395183
2026-04-23,286.25,289.79998779296875,284.04998779296875,284.8500061035156,13525025
2026-04-24,284.79998779296875,288.79998779296875,283.8999938964844,288.79998779296875,11789941
2026-04-27,285.8999938964844,286.70001220703125,284.20001220703125,286.0,6497916
2026-04-28,301.29998779296875,302.3999938964844,286.0,286.25,51575179
2026-04-29,301.3999938964844,307.5,299.75,303.8999938964844,27267649
2026-04-30,299.54998779296875,307.45001220703125,296.8999938964844,304.8999938964844,17490096
2026-05-01,299.54998779296875,299.54998779296875,299.54998779296875,299.54998779296875,0
2026-05-04,292.8999938964844,299.8999938964844,292.3500061035156,298.3999938964844,15468437
2026-05-05,289.95001220703125,295.8999938964844,287.0,294.3500061035156,10750753
2026-05-06,280.79998779296875,290.25,280.0,289.95001220703125,22858013
2026-05-07,283.8999938964844,285.20001220703125,279.70001220703125,282.0,15608370
2026-05-08,279.20001220703125,284.0,278.6000061035156,283.6000061035156,9290168
2026-05-11,281.0,281.79998779296875,277.6499938964844,280.70001220703125,6948202
2026-05-12,294.5,299.8999938964844,286.8500061035156,286.8999938964844,52080828
2026-05-13,297.1499938964844,300.20001220703125,294.1000061035156,297.0,24381295
2026-05-14,300.8999938964844,303.70001220703125,298.70001220703125,300.0,22660293
2026-05-15,299.3500061035156,304.95001220703125,298.54998779296875,303.0,13695307
2026-05-18,297.20001220703125,300.70001220703125,295.1000061035156,299.3500061035156,10521642
2026-05-19,296.5,298.5,293.6499938964844,295.1000061035156,9565497
2026-05-20,298.29998779296875,301.75,293.8500061035156,294.79998779296875,12258794
2026-05-21,295.8500061035156,299.6000061035156,294.1499938964844,296.6499938964844,14084672
2026-05-22,290.0,296.79998779296875,289.3999938964844,295.79998779296875,11563330
2026-05-25,284.95001220703125,289.95001220703125,284.29998779296875,289.95001220703125,12837047
2026-05-26,287.5,289.6499938964844,284.0,285.1000061035156,10629491
2026-05-27,274.04998779296875,284.20001220703125,272.45001220703125,284.20001220703125,29178516
2026-05-28,274.04998779296875,274.04998779296875,274.04998779296875,274.04998779296875,0
2026-05-29,265.3999938964844,276.04998779296875,261.54998779296875,275.95001220703125,74403401
