Price,Close,High,Low,Open,Volume
Ticker,TCS.NS,TCS.NS,TCS.NS,TCS.NS,TCS.NS
2020-01-01,1841.1495361328125,1854.9945151360407,1829.5976758435274,1841.4892113411177,1354908
2020-01-02,1832.6976318359375,1851.6391879395187,1825.5202832378156,1851.6391879395187,2380752
2020-01-03,1869.2220458984375,1888.206117477725,1838.0917850750322,1838.0917850750322,4655761
2020-01-06,1869.0526123046875,1890.7122013302808,1858.3926554471066,1872.9174039777688,3023209
2020-01-07,1873.6392822265625,1881.1137972699646,1854.9100686216645,1869.0949330238905,2429317
2020-01-08,1915.5992431640625,1919.6338718770785,1870.411443052674,1872.917118357946,5197454
2020-01-09,1880.8587646484375,1912.7959068867915,1877.1638117534574,1910.077883113388,3734173
2020-01-10,1880.1795654296875,1897.549662992085,1875.4653786421325,1892.4532896805574,1915807
2020-01-13,1860.4732666015625,1884.7658502170664,1855.6740582476968,1883.8316397156548,2843893
2020-01-14,1874.53125,1893.982535565308,1864.4235243203632,1864.4235243203632,2948452
2020-01-15,1891.518798828125,1895.001403405756,1863.7436068236416,1879.7122840595866,2620681
2020-01-16,1901.6263427734375,1910.2901338313272,1881.4106920570875,1891.5609249710044,3117214
2020-01-17,1884.8934326171875,1914.1550629449189,1879.712037680234,1903.282760249428,3281059
2020-01-20,1843.485107421875,1904.5140331558082,1831.4660399267493,1864.3375954054472,5817599
2020-01-21,1844.0799560546875,1857.2455849789383,1833.037815666606,1843.1455381500018,1902980
2020-01-22,1874.53125,1877.1644595662883,1846.3313547967512,1852.5319847575,1773686
2020-01-23,1865.208740234375,1888.0242706786876,1859.0366396989582,1881.2562847635886,2069866
2020-01-24,1858.7816162109375,1865.2091570146856,1847.3739523611557,1865.2091570146856,1319430
2020-01-27,1846.7353515625,1867.3373593233334,1843.1172230645673,1864.144893001628,1549101
2020-01-28,1859.079345703125,1862.5272505115765,1832.0498005509444,1850.7789341996995,1743024
2020-01-29,1834.26318359375,1861.8033964448073,1830.3470091811648,1860.1433558422534,2306761
2020-01-30,1820.003662109375,1843.1170327548234,1809.0640621727482,1838.860411432064,2098567
2020-01-31,1769.94580078125,1825.537318301137,1763.603476410503,1821.3230968054377,3287223
2020-02-03,1789.90966796875,1868.4017412095518,1781.9923089627846,1832.0502285225923,4728073
2020-02-04,1794.378662109375,1819.0244572235588,1776.3732376181772,1812.46930216148,3509339
2020-02-05,1827.4097900390625,1836.0506465245821,1791.4413467822649,1800.5504730917582,2439322
2020-02-06,1811.9158935546875,1850.948982327817,1800.976294753377,1826.0903579513088,2640065
2020-02-07,1818.8970947265625,1831.1986901045316,1803.9563107073466,1820.9827978305873,2083442
2020-02-10,1840.5206298828125,1844.8198594024605,1803.9562907585666,1822.6002108152,2383032
2020-02-11,1833.24169921875,1851.4601642896578,1828.3041844594725,1841.4144957907451,1335820
2020-02-12,1848.0120849609375,1860.1434553217314,1830.3471070671499,1831.283646863712,1620407
2020-02-13,1866.06005859375,1870.359287418329,1848.2248579814257,1849.8848986206285,1645948
2020-02-14,1859.4620361328125,1883.1288874074874,1848.2245997114173,1862.6971092439342,1500115
2020-02-17,1875.679931640625,1887.385638691599,1864.5701099255023,1870.316547932344,1774724
2020-02-18,1886.3216552734375,1890.7911074635247,1861.0373673095105,1872.8706909232762,2486223
2020-02-19,1869.8062744140625,1898.4532549673474,1864.8259439488677,1886.3218832708073,1760463
2020-02-20,1836.1361083984375,1885.1722584745487,1831.4112174368338,1876.744231883556,2317278
2020-02-24,1800.848876953125,1854.992975797518,1793.4847973149003,1835.4551253774898,3092877
2020-02-25,1835.5830078125,1853.0351578783432,1797.14579458512,1800.976754355671,2674567
2020-02-26,1807.8720703125,1842.180267705215,1798.8053432978004,1833.7522416536813,2686842
2020-02-27,1792.4632568359375,1804.7648510124557,1776.0326567981538,1804.7648510124557,2349001
2020-02-28,1702.7763671875,1761.8156882641067,1694.13540451586,1760.5387017782907,4298076
2020-03-02,1703.755126953125,1748.5772619969289,1690.4743865772034,1732.444710317085,2667076
2020-03-03,1733.46630859375,1753.7278662873825,1712.8643043544728,1719.6748980099576,2757585
2020-03-04,1773.4783935546875,1783.0557900577294,1723.9313705475129,1750.3224186892278,3237002
2020-03-05,1809.1072998046875,1828.4323257695562,1774.2029928059437,1775.6075951943387,3937056
2020-03-06,1801.7852783203125,1807.914771729276,1763.6035080618042,1786.0783865089534,2595027
2020-03-09,1679.109375,1770.66923635065,1647.3124348328586,1766.4978306347193,4940975
2020-03-11,1663.2320556640625,1691.8366320534906,1634.5424715599345,1645.6096862111215,6796449
2020-03-12,1506.7164306640625,1624.6674648863457,1496.9262003102722,1620.9216168362611,8728786
2020-03-13,1537.7470703125,1549.410171241741,1282.1369582711084,1436.9502559705115,8029720
2020-03-16,1444.1866455078125,1568.3522809460721,1426.6918885784364,1494.074231543144,7844271
2020-03-17,1411.495361328125,1473.6420207834647,1381.826737153246,1472.7906966813366,5713248
2020-03-18,1408.4306640625,1458.786507229461,1385.742855171737,1427.5003453940678,7258778
2020-03-19,1403.2425537109375,1445.3479566848243,1326.4066075933426,1337.5117640842986,5135111
2020-03-20,1541.393310546875,1602.7506610316943,1395.2248932576601,1397.7975267424622,8547498
2020-03-23,1431.8416748046875,1500.7025239172867,1387.292290324109,1389.221764997717,7003490
2020-03-24,1460.5267333984375,1517.8535543306596,1400.2413215434158,1417.563780847593,6350865
2020-03-25,1500.9600830078125,1552.1554444696912,1440.6746666901001,1457.825555579268,2765520
2020-03-26,1535.8192138671875,1571.0643750348593,1477.1632563528901,1570.678417218145,4556067
2020-03-27,1564.5897216796875,1586.4571033748543,1501.0457040428153,1560.7307719687758,4331250
2020-03-30,1525.1427001953125,1633.6220657138433,1512.3224534154072,1514.4233953021771,8513547
2020-03-31,1565.9615478515625,1590.7445978320939,1526.428778512737,1575.6518398346238,3927593
2020-04-01,1465.3289794921875,1573.379572859278,1459.5405548475221,1565.79032592797,4941878
2020-04-03,1418.5499267578125,1492.127279298979,1414.9482820938595,1492.127279298979,5735369
2020-04-07,1522.3125,1531.4453671342799,1462.1129359465037,1466.400657166288,5427577
2020-04-08,1462.4990234375,1548.7251528625702,1458.6829928124207,1509.2781113167905,6285615
2020-04-09,1514.5521240234375,1525.4000820566873,1484.58088322735,1501.0886135925118,5307397
2020-04-13,1508.634765625,1532.4316192535882,1497.272303982521,1510.1354681060823,2990438
2020-04-15,1487.9681396484375,1553.870403772976,1481.6652094434473,1530.7167057035113,4761399
2020-04-16,1471.589111328125,1513.4801343842425,1436.429790884263,1466.3580067370287,6245533
2020-04-17,1548.8966064453125,1588.129261555782,1503.2752876208317,1543.5798731988004,9895823
2020-04-20,1559.5731201171875,1569.306227972019,1545.7237573330954,1569.306227972019,3244282
2020-04-21,1490.1119384765625,1538.9490466079792,1481.5793095129716,1513.5657551629176,5122541
2020-04-22,1517.4251708984375,1535.0048352123217,1474.2478211904843,1490.1123963030138,3829836
2020-04-23,1610.6827392578125,1629.334329609926,1510.007007639457,1526.4290035292993,5934366
2020-04-24,1559.4876708984375,1588.1295748965456,1550.269067059098,1578.482198785609,2987102
2020-04-27,1574.9659423828125,1607.895666570314,1565.0184487951058,1571.2785644625692,3374741
2020-04-28,1594.2178955078125,1601.8928757113408,1571.5357842183566,1599.3202426133032,2678505
2020-04-29,1634.17919921875,1640.0962754012087,1586.4997604888883,1607.0379031310124,4241510
2020-04-30,1727.480224609375,1742.5301702651993,1665.5226435061954,1697.9378627584128,5915544
2020-05-04,1655.4466552734375,1685.932402594471,1641.0399712031374,1685.932402594471,3729348
2020-05-05,1657.4188232421875,1695.3651602896416,1652.4879432868686,1676.5849183062858,2905528
2020-05-06,1632.4217529296875,1675.3847131191344,1623.846307595238,1663.4649278488328,3517431
2020-05-07,1622.1737060546875,1658.876539513057,1615.0560464484265,1637.909623120781,3166754
2020-05-08,1623.6746826171875,1663.2074608272865,1617.543218863351,1662.864422111132,2686530
2020-05-11,1659.605712890625,1673.4121567420582,1637.0522533839771,1637.0522533839771,2449841
2020-05-12,1671.78271484375,1677.7855253099754,1638.1240990152723,1657.9762717075732,3256595
2020-05-13,1671.9114990234375,1709.9435731059755,1651.3304329479392,1709.9435731059755,2656665
2020-05-14,1631.3494873046875,1649.1435327200934,1621.702113284287,1637.9097225747016,2263146
2020-05-15,1623.2459716796875,1644.2558114985986,1599.4919267086482,1643.0552282870876,3173682
2020-05-18,1668.4384765625,1674.7414073927082,1605.408958898977,1635.3372814195693,3727694
2020-05-19,1671.0538330078125,1686.3180597613286,1631.906912155795,1631.906912155795,3198693
2020-05-20,1675.2989501953125,1683.274156088653,1656.5187043063727,1672.211810865245,2778505
2020-05-21,1707.5423583984375,1713.3737021599557,1664.6223242133185,1668.781393595232,3400908
2020-05-22,1732.539794921875,1742.530208044889,1681.8589421889953,1695.4509998933604,3663418
2020-05-26,1666.208740234375,1735.6698354268528,1650.7729413027132,1727.951935961022,4575317
2020-05-27,1719.6339111328125,1723.6643281372642,1664.708147759435,1679.929561602438,3482160
2020-05-28,1718.7763671875,1727.0945064036514,1690.4774005979664,1705.227123129921,3475681
2020-05-29,1691.37744140625,1717.3610749884056,1682.844917684032,1699.6527646526306,7237735
2020-06-01,1753.8924560546875,1766.541234310063,1698.8809690112705,1706.5131341150607,3747773
2020-06-02,1755.522216796875,1784.5500767340839,1749.433671877752,1766.7131095393202,2443886
2020-06-03,1759.8223876953125,1774.9595138539348,1737.3316622580003,1764.724822210581,3699799
2020-06-04,1798.869140625,1806.1366484770788,1760.338183462124,1760.338183462124,4048593
2020-06-05,1761.62841796875,1804.4166585614244,1754.7909421206657,1798.912325671897,3573289
2020-06-08,1781.8399658203125,1801.8364804602654,1773.5404211540367,1787.4303892680414,2957841
2020-06-09,1782.097900390625,1802.26638462743,1771.9490903978347,1774.400359879469,2909439
2020-06-10,1813.662109375,1833.6586210729104,1783.34481744591,1786.3980902596627,5168397
2020-06-11,1778.3135986328125,1810.4371155285323,1773.2823435615098,1806.136789838441,2269513
2020-06-12,1754.102783203125,1762.445372733657,1729.5909276888867,1729.7628987146727,2842642
2020-06-15,1745.84619140625,1770.8740651614557,1720.9472434270783,1753.758748439288,2399022
2020-06-16,1759.5213623046875,1783.7321127878497,1746.7923558257037,1776.034571531304,2146528
2020-06-17,1761.2415771484375,1770.745339704138,1742.9651914554975,1759.693417776723,2703527
2020-06-18,1752.8983154296875,1771.0456644818673,1741.8034568185876,1758.8327844531498,1944389
2020-06-19,1758.4891357421875,1797.536113462942,1747.65233615153,1756.2529874121185,5681758
2020-06-22,1744.1690673828125,1765.068692384611,1736.6005571060468,1763.1335458099416,3196138
2020-06-23,1750.4908447265625,1757.9733704036505,1728.7311519135703,1743.3522611586104,4205944
2020-06-24,1756.4249267578125,1775.3894044406768,1747.3082575837284,1749.3724348467176,2560937
2020-06-25,1733.9774169921875,1771.7343000144529,1728.0859914097277,1750.2326701599084,3043931
2020-06-26,1822.34912109375,1833.6588937884342,1737.2885520515113,1741.6319230401405,6300722
2020-06-29,1807.555908203125,1829.8747676876778,1798.6543595435019,1813.0174061069486,3076341
2020-06-30,1790.7843017578125,1816.371236165045,1784.6779660870477,1806.1365463928769,3071725
2020-07-01,1799.299072265625,1818.1344122671176,1788.5052142381926,1788.6771852473253,2503466
2020-07-02,1855.2894287109375,1862.0410240359379,1804.416659781708,1807.8569203341992,3758699
2020-07-03,1891.842041015625,1896.443473115728,1857.955561359751,1860.879698597409,4185208
2020-07-06,1946.4991455078125,1952.2615392478115,1896.4434024586878,1896.4434024586878,5190366
2020-07-07,1952.26220703125,1980.4723918283023,1919.7947408494445,1956.6486242015335,5630055
2020-07-08,1908.3983154296875,1956.1319272048163,1898.6797480407163,1952.3477248566173,2793358
2020-07-09,1895.8843994140625,1930.41592576845,1884.445492721565,1917.0849180387058,3443998
2020-07-10,1911.3662109375,1935.018006780205,1871.5021001354976,1896.6590102591022,9610320
2020-07-13,1909.3448486328125,1930.80343455338,1900.7441961614934,1909.3448486328123,2963503
2020-07-14,1868.0186767578125,1925.6860937352992,1862.0412652688356,1900.744201498442,2976738
2020-07-15,1921.299560546875,1943.7473461905254,1875.8882861040847,1879.2424563833176,5569321
2020-07-16,1926.34228515625,2011.0332481349283,1913.7141494103387,1934.3157345969905,8582118
2020-07-17,1897.0340576171875,1934.2290294808474,1887.8107602013574,1928.2813526705206,4509135
2020-07-20,1903.1973876953125,1919.575281606094,1888.4574094443224,1897.249710401592,2952646
2020-07-21,1917.98095703125,1929.703956284737,1897.3791616462736,1922.2477878339507,2665286
2020-07-22,1888.5867919921875,1923.109713519894,1882.768329165536,1923.109713519894,2861534
2020-07-23,1871.5623779296875,1888.5867689555628,1864.494065264215,1888.5867689555628,2265766
2020-07-24,1859.6666259765625,1864.4938787738874,1831.8243753406698,1857.166926407,3665100
2020-07-27,1902.2490234375,1909.3173344597049,1864.9246289406644,1866.217620363549,4248480
2020-07-28,1990.9915771484375,1999.8270198005737,1909.317607266496,1909.317607266496,8092319
2020-07-29,1961.9427490234375,2018.7912478368662,1936.0829123730934,1975.6915200862927,6090431
2020-07-30,1964.91650390625,2032.5830735735633,1958.6670436503518,1970.4331846426496,7098496
2020-07-31,1966.5540771484375,2012.584707587795,1945.9093519180337,1985.302456656141,4723290
2020-08-03,1943.064697265625,1985.9059896120284,1922.8509695861583,1974.3551377610024,4012337
2020-08-04,1939.229248046875,1956.425998568852,1917.9811649140113,1948.0646928723622,2927928
2020-08-05,1947.6767578125,1982.5875383796194,1942.0737930301227,1948.107755103452,3800641
2020-08-06,1989.569580078125,1999.3962331518012,1952.7193153800265,1961.0374780859443,4748047
2020-08-07,1978.5794677734375,2006.7235084006666,1971.3817283987646,1989.483615716812,3165491
2020-08-10,1967.7608642578125,2004.136985956353,1961.94240204052,1998.10302513842,2929353
2020-08-11,1965.260986328125,1992.931091281548,1961.554578694839,1967.9332531988643,2774423
2020-08-12,1945.8233642578125,1979.4840810467297,1936.5137815897494,1972.5451936960646,3415751
2020-08-13,1943.3233642578125,1982.5872539195755,1939.9185282373933,1959.3134035474761,2695682
2020-08-14,1932.720703125,1966.4679109105423,1924.9198219883347,1962.7612928178455,2270405
2020-08-17,1942.4178466796875,1956.7270360564105,1929.358717380291,1950.693076033329,2625630
2020-08-18,1956.5118408203125,1973.1052334564138,1938.0221025439423,1950.5210216724342,3493374
2020-08-19,1945.1766357421875,1969.3124787997808,1941.6423745438997,1962.20102504174,2843005
2020-08-20,1941.9447021484375,1962.373932955796,1930.911128705234,1945.5218957128309,2895164
2020-08-21,1938.28125,1957.5898459393031,1931.7731483169164,1948.1079048096983,1975294
2020-08-24,1937.8502197265625,1948.064729864666,1922.248032681242,1940.0052063102858,2167966
2020-08-25,1933.151611328125,1939.4873541976426,1925.3075887420782,1935.1773822994257,1663419
2020-08-26,1942.504638671875,1948.021319386222,1910.5676998160275,1932.5917017538688,2618149
2020-08-27,1938.1085205078125,1971.6833776014764,1932.3763407565448,1953.2797092246374,3579393
2020-08-28,1929.61767578125,1965.304161048773,1926.6438370835997,1955.3480832802397,2941136
2020-08-31,1945.7366943359375,1962.0714447406299,1920.5233602748783,1930.8672921973641,6018154
2020-09-01,1936.34130859375,1963.6233486395574,1931.988194550433,1955.8653986229833,3610908
2020-09-02,1952.5465087890625,1955.6497727729327,1932.2896406192933,1936.9013947860187,2084137
2020-09-03,1982.156494140625,2003.27536089707,1955.003665453767,1955.003665453767,4654146
2020-09-04,1972.932861328125,2003.4905212841704,1950.6502214965376,1961.0372962983704,5231303
2020-09-07,2005.904296875,2020.0840639821429,1968.2351801866696,1973.1053648197674,4620401
2020-09-08,2024.1351318359375,2060.5543938657274,2005.9040351409906,2013.5757008332173,7453998
2020-09-09,2006.421142578125,2033.444750680036,1999.8269697234775,2004.136941640985,3866535
2020-09-10,2009.43798828125,2024.3936740120585,2003.533453418597,2012.7567506145015,2308813
2020-09-11,2046.4610595703125,2054.1327258149004,2008.5762360296649,2009.265873662943,4145424
2020-09-14,2147.57275390625,2159.9424576673623,2053.141436187524,2055.0809235784254,7512131
2020-09-15,2147.57275390625,2187.7417769369513,2124.471472452903,2147.57275390625,7318770
2020-09-16,2157.571533203125,2161.536790795246,2135.4183238331098,2145.460472319515,3074003
2020-09-17,2121.324951171875,2151.322396607914,2112.4034359280504,2137.745985610589,4828176
2020-09-18,2111.800048828125,2155.330767109225,2100.163124139118,2142.0561371986855,4183256
2020-09-21,2125.0751953125,2159.2100530488087,2113.7398407693668,2124.8165548592483,4598809
2020-09-22,2174.7685546875,2202.3955150777488,2118.782064994562,2142.0559119249338,7499613
2020-09-23,2126.927734375,2172.0963607092435,2076.5442110288495,2163.605632910923,7502280
2020-09-24,2010.3865966796875,2111.886445220381,1984.8285448993308,2111.886445220381,8424708
2020-09-25,2088.0087890625,2103.266045747415,2027.4968326227743,2041.202457512245,8228267
2020-09-28,2091.45703125,2106.7142898685615,2039.4787274259481,2103.266312307402,4347166
2020-09-29,2144.98681640625,2164.5111161592336,2091.457089545903,2098.827183877881,6995811
2020-09-30,2148.348876953125,2159.2961647206175,2120.5064132585703,2145.5042530896676,3917166
2020-10-01,2175.19970703125,2189.4657563125415,2148.3486658918328,2163.6059245450706,2610337
2020-10-05,2332.385498046875,2351.6080235675554,2243.815535152496,2258.4263044600825,17412105
2020-10-06,2339.7119140625,2358.41715422684,2284.3719045068437,2358.41715422684,9846367
2020-10-07,2358.373779296875,2387.724733727029,2329.971102983451,2363.5888880431457,9656101
2020-10-08,2435.738525390625,2486.854856205688,2413.585302383337,2413.585302383337,19839329
2020-10-09,2424.747314453125,2439.3151473378803,2396.3446386138053,2422.2044728434507,7739245
2020-10-12,2439.44384765625,2460.1317106752426,2414.230514601852,2426.9449304156083,4623203
2020-10-13,2436.469970703125,2460.9073822371224,2424.100268623869,2452.3737230565816,4209878
2020-10-14,2432.185302734375,2460.23291219888,2413.097246491396,2460.23291219888,4395936
2020-10-15,2372.454345703125,2447.8973717468925,2360.681153833888,2433.397404997088,6629355
2020-10-16,2392.104736328125,2399.3329503437703,2364.403310420735,2380.677940410348,5273773
2020-10-19,2347.30712890625,2401.368168881869,2343.022105408896,2401.368168881869,3331194
2020-10-20,2371.069091796875,2389.161502336794,2352.846704006739,2358.949717103499,3406273
2020-10-21,2316.012451171875,2379.7258206872184,2305.321558013331,2371.0691243587817,4570143
2020-10-22,2312.33349609375,2325.7513762202097,2283.723282061506,2303.5470333231883,5262294
2020-10-23,2325.881103515625,2339.0392390532675,2311.4244635891673,2326.746773108169,3499091
2020-10-26,2327.0927734375,2345.921085594935,2311.770465123228,2328.6076951053396,2672752
2020-10-27,2276.841064453125,2353.019997636108,2271.603931872907,2337.091759781359,3537502
2020-10-28,2269.958984375,2299.17533596879,2255.935177879008,2294.0246436605416,3569445
2020-10-29,2279.005126953125,2298.352928231658,2250.9575147398755,2257.6664545492144,3105968
2020-10-30,2306.8798828125,2315.1037445996953,2269.4396699392164,2281.9918800354617,3427003
2020-11-02,2254.72314453125,2306.8797383900346,2250.784305547579,2302.6811562550556,2571196
2020-11-03,2279.827880859375,2307.009825788391,2251.6502889357816,2254.203972365092,2879269
2020-11-04,2296.751220703125,2356.222891454612,2259.397661903571,2259.397661903571,4893928
2020-11-05,2324.928466796875,2345.964277308921,2308.740489882986,2324.322540433377,2816502
2020-11-06,2343.7568359375,2348.7777612860204,2321.1196631429543,2336.4419709613817,3884421
2020-11-09,2360.334716796875,2375.3972826664103,2333.066125541776,2364.2302298333175,3646592
2020-11-10,2293.6787109375,2348.691855836193,2283.939926008834,2334.884465250805,4760020
2020-11-11,2326.7470703125,2331.0754188280953,2288.3112086869273,2309.563442167529,3242441
2020-11-12,2312.247314453125,2348.562119554274,2304.196543208105,2325.1890354304387,2437505
2020-11-13,2299.954345703125,2306.922816859781,2281.905050127462,2299.0020246115355,2548093
2020-11-14,2311.640869140625,2327.7855224207824,2302.724430114096,2318.219831203173,298819
2020-11-17,2307.918212890625,2332.9793026481984,2294.067500889745,2332.9793026481984,2827273
2020-11-18,2273.810791015625,2306.316724201608,2256.8437950005155,2303.546623969049,2893762
2020-11-19,2282.68408203125,2316.6616138063814,2277.4469500311766,2282.7707335292334,4167501
2020-11-20,2302.8974609375,2316.531756590076,2274.5901084230777,2298.3526957199747,2711471
2020-11-23,2358.301025390625,2363.278626894157,2307.0100881585818,2328.6518338261103,3706418
2020-11-24,2356.396240234375,2374.5319781116973,2341.6365296362164,2367.087134181822,3120516
2020-11-25,2338.43359375,2365.8319551099826,2327.093236186215,2362.4126020773597,3302249
2020-11-26,2355.140625,2364.1001778936597,2319.994357288117,2325.1883745059263,2341099
2020-11-27,2319.69189453125,2352.6306712632104,2310.515921855899,2341.6367075485573,6086808
2020-12-01,2360.5078125,2368.385278735733,2271.9064479696062,2319.12876501716,3605017
2020-12-02,2380.20166015625,2384.6597736259287,2339.428541411709,2353.755414171548,2509032
2020-12-03,2345.488525390625,2401.280890505263,2338.00056766539,2401.280890505263,2852548
2020-12-04,2361.15673828125,2370.938845284162,2336.4418333438507,2346.6567750695017,2686527
2020-12-07,2369.943603515625,2375.3973642229153,2342.6316855755986,2350.29294601502,1996400
2020-12-08,2421.537841796875,2428.6796166676804,2365.399078425881,2371.934926788797,4277818
2020-12-09,2433.224609375,2458.502124157162,2417.9454112681265,2436.860380106483,3659996
2020-12-10,2410.283935546875,2447.507728748379,2406.777931360035,2439.4569591125182,2127801
2020-12-11,2409.67822265625,2430.5407352832267,2393.1871728677684,2417.555689992318,1795408
2020-12-14,2421.884033203125,2427.3377944825806,2386.0020670622725,2425.606455114191,2483658
2020-12-15,2390.58984375,2419.2867054628277,2384.9196657964167,2411.75542247144,2365509
2020-12-16,2436.167724609375,2441.0155596607315,2389.6379763790737,2405.696192223398,2565149
2020-12-17,2456.943359375,2470.361237863296,2428.203171591672,2433.3971890710122,2863460
2020-12-18,2476.68115234375,2508.710933062631,2463.8691977871667,2482.7408405878627,6076692
2020-12-21,2441.31787109375,2498.755129667275,2410.889671270868,2476.6805563755665,2705195
2020-12-22,2486.6357421875,2496.287872975966,2440.019353135344,2453.307465051131,2881737
2020-12-23,2518.016357421875,2526.889470499167,2480.532822836096,2489.709004800413,2790988
2020-12-24,2518.5361328125,2528.9241688271745,2495.898744190108,2518.233063890685,1807144
2020-12-28,2535.89208984375,2553.465222554479,2512.1728306328737,2519.098186471972,2108994
2020-12-29,2536.84521484375,2555.4571145602285,2527.755682424074,2527.755682424074,1994151
2020-12-30,2518.492431640625,2551.734057394362,2512.1730017380114,2540.2206102586583,2637968
2020-12-31,2478.195556640625,2514.7700959011495,2462.8299218033635,2510.4417480596676,4040956
2021-01-01,2534.897216796875,2545.0688354419235,2492.262985454863,2493.128655126782,2681440
2021-01-04,2631.159423828125,2640.941532578551,2545.890968215903,2553.7253203660493,5113293
2021-01-05,2677.516357421875,2695.9118383773275,2631.2896804059933,2631.2896804059933,5801309
2021-01-06,2641.5908203125,2695.2623362421655,2629.211702595182,2683.575796483287,3726716
2021-01-07,2625.402587890625,2666.9980509975235,2597.2250024733644,2661.9337997185553,3717827
2021-01-08,2701.667724609375,2707.814062293919,2648.948539200573,2674.918622918226,5879039
2021-01-11,2749.756591796875,2796.1132484480704,2723.8731512177224,2796.1132484480704,9508039
2021-01-12,2748.371337890625,2778.79954116313,2726.859362823632,2749.7562825059354,3611458
2021-01-13,2734.607177734375,2750.2325576380786,2706.2998216292235,2748.501218287976,3572801
2021-01-14,2819.38720703125,2833.090857385207,2706.3757644928123,2736.385016087656,6931542
2021-01-15,2804.33935546875,2839.5957049191766,2784.0874199115933,2805.7703437426803,4131692
2021-01-18,2794.278564453125,2824.6346596671733,2764.4861405941256,2818.7802698758924,4160906
2021-01-19,2828.060302734375,2843.932245079245,2803.1683489161696,2804.0356658558094,2975735
2021-01-20,2869.778076171875,2886.3871093851058,2833.611005365385,2836.1261395670062,3453446
2021-01-21,2839.46533203125,2870.081447200783,2829.274359122853,2866.482167000132,2778546
2021-01-22,2864.83447265625,2883.8286276401386,2811.7545101722335,2811.7545101722335,3052459
2021-01-25,2854.6005859375,2896.6654619330093,2843.628898449041,2869.9086468328132,2272887
2021-01-27,2828.364013671875,2867.7401189418397,2798.831828845749,2862.145966901448,2786662
2021-01-28,2772.422607421875,2840.4635937533058,2761.3643140416143,2801.434322999444,3083938
2021-01-29,2698.5263671875,2790.0282949045827,2688.682236236561,2784.1304979724146,5445659
2021-02-01,2722.81201171875,2745.0586105460407,2640.2000582734067,2688.6829992710036,3985846
2021-02-02,2778.40625,2796.229654445879,2732.048204560955,2752.863809929039,2881837
2021-02-03,2775.457763671875,2806.637766972181,2743.0199813438967,2786.6894762922184,2505866
2021-02-04,2765.39697265625,2808.2425614623266,2754.5989178623313,2789.3350076489455,2057261
2021-02-05,2738.94384765625,2780.4884615810297,2713.8350612985905,2774.503846861505,2366135
2021-02-08,2787.64306640625,2797.9640518303368,2736.5145706428425,2766.306988007706,2526592
2021-02-09,2755.37890625,2815.1371662192623,2744.190603217716,2771.077426447726,2658751
2021-02-10,2786.9501953125,2792.2407027934146,2738.3804356990404,2762.4050780155144,2127983
2021-02-11,2780.617919921875,2792.153276786292,2762.4476736180686,2788.4237718492914,1165882
2021-02-12,2767.43505859375,2814.8772549896066,2759.8026268300505,2761.7106818341476,2777404
2021-02-15,2723.245361328125,2783.220247051006,2716.046587894049,2783.220247051006,2630853
2021-02-16,2696.31494140625,2747.356416200862,2688.682509996156,2732.048356931578,3435770
2021-02-17,2665.3515625,2717.1737455720167,2641.456940340768,2693.105702387942,3678426
2021-02-18,2651.69140625,2686.8609371118364,2628.837521259043,2658.3262958294185,4189909
2021-02-19,2664.267578125,2677.5373576665384,2615.957856052445,2652.2551540267127,3725028
2021-02-22,2565.914794921875,2685.2143305420427,2552.6447980319285,2685.2143305420427,5366696
2021-02-23,2584.778076171875,2626.235871043088,2574.1968511413097,2575.9314851380354,3832829
2021-02-24,2556.937255859375,2604.856518674956,2533.5628940112133,2577.6660468399523,3774549
2021-02-25,2597.87451171875,2627.883551244727,2574.586966831345,2579.400618270045,4224073
2021-02-26,2510.27587890625,2577.970019670967,2497.8732022539252,2567.258568983201,5553153
2021-03-01,2536.208740234375,2571.5953219209014,2516.780920983558,2537.7699534369503,3265871
2021-03-02,2607.4580078125,2623.6333818146973,2556.849986641232,2567.2577884864477,3306469
2021-03-03,2653.208984375,2657.4587521191015,2599.2617084557046,2632.306564191081,3509857
2021-03-04,2645.056884765625,2672.594202349618,2615.871749410973,2621.89956083186,3916760
2021-03-05,2608.932373046875,2656.7648104263785,2599.001637920394,2615.9143157178373,3203686
2021-03-08,2607.978759765625,2630.572409522958,2598.481681150934,2615.8280208114875,2003125
2021-03-09,2646.140625,2659.974288101046,2595.0991491792706,2607.9786789296363,1942397
2021-03-10,2663.487060546875,2682.784863519715,2653.989981882737,2666.999736695888,3053778
2021-03-12,2652.212158203125,2703.427272886223,2637.8148220722114,2666.9999564084487,2938317
2021-03-15,2659.324462890625,2687.8159166968576,2637.5115207083395,2637.5115207083395,3097083
2021-03-16,2697.3994140625,2724.242834215091,2653.990153676593,2653.990153676593,4894756
2021-03-17,2699.913818359375,2736.3845325290654,2675.932593288257,2693.0186920769406,3838390
2021-03-18,2633.60791015625,2728.9693661508304,2590.7191294669396,2711.1893687333422,3656306
2021-03-19,2645.490234375,2687.815345737692,2606.287548867946,2627.9704735673467,5776626
2021-03-22,2714.398681640625,2722.8984309573634,2618.12649048069,2644.1894098063353,2821646
2021-03-23,2725.630126953125,2748.5272080136174,2708.5006184778117,2723.375018353663,3305973
2021-03-24,2706.983154296875,2734.0434021564593,2698.3531808099215,2698.396589009078,2207104
2021-03-25,2658.19677734375,2715.439703331827,2645.317034297501,2699.2641131064956,3179786
2021-03-26,2659.8876953125,2704.294281315624,2639.2889175122286,2680.57307776039,3697370
2021-03-30,2739.463623046875,2765.3963116340788,2654.770007323295,2673.937794016288,4694008
2021-03-31,2756.203125,2779.7506943892795,2716.436560008494,2736.3848489229877,3530069
2021-04-01,2745.058349609375,2788.4242003141044,2727.7120093274834,2767.695408376171,4285076
2021-04-05,2809.1533203125,2830.0557474921484,2732.9162305693408,2750.2625728769854,5317862
2021-04-06,2831.52978515625,2840.4631926612587,2801.433927418585,2840.4631926612587,2291562
2021-04-07,2837.340576171875,2842.674702445161,2805.5969029549656,2826.585930726271,2491268
2021-04-08,2877.193359375,2892.501415601243,2832.699966914501,2836.1258257919235,2578118
2021-04-09,2881.443603515625,2909.2845610184704,2869.084337551264,2908.9809154011305,2911129
2021-04-12,2815.787841796875,2895.1907496618546,2786.8627372733504,2881.4436915230553,3791828
2021-04-13,2692.195068359375,2787.55651925577,2665.3082444337592,2787.55651925577,8654596
2021-04-15,2791.849853515625,2807.721796048167,2677.797674604409,2740.9817991031937,6062760
2021-04-16,2771.207763671875,2816.178233779317,2760.323104971808,2800.566528140873,3224657
2021-04-19,2742.283203125,2765.8741854997706,2719.1258792929543,2748.5278437907723,2679106
2021-04-20,2727.321533203125,2797.400784488991,2711.536407203048,2797.0971388602725,3141893
2021-04-22,2704.98828125,2730.313895106737,2693.236093640469,2730.313895106737,1988980
2021-04-23,2696.92236328125,2705.161875244965,2680.9204060801317,2693.0194365615953,1615309
2021-04-26,2689.37646484375,2734.6503676872076,2678.318173632836,2690.4606110408986,2490260
2021-04-27,2716.436767578125,2719.992851877007,2691.284575285735,2693.886526212534,1471417
2021-04-28,2709.58544921875,2732.9161946166687,2699.0908275617494,2732.0054693080297,1639037
2021-04-29,2701.908935546875,2738.4230612333586,2693.452595888234,2728.232087798586,1621395
2021-04-30,2632.870849609375,2716.4803381017155,2619.297422829073,2687.8154679957943,3072305
2021-05-03,2634.042236328125,2649.653945335009,2605.4207698155046,2623.5476139078887,1545831
2021-05-04,2645.099853515625,2680.009360558499,2632.3069285744477,2656.418381999483,1990777
2021-05-05,2684.953125,2688.1621554674107,2647.3982575233513,2662.663121026859,1939289
2021-05-06,2698.61376953125,2718.1718126385354,2666.1327862319263,2693.4532750953963,1791671
2021-05-07,2717.21728515625,2740.5916471927385,2698.9170239049954,2717.3041015532767,1912540
2021-05-10,2728.14501953125,2744.3638014912017,2710.3650249674633,2728.535269745392,2137153
2021-05-11,2708.28369140625,2713.053934100444,2681.006406966172,2710.365167155714,2415625
2021-05-12,2677.928466796875,2706.0294572307166,2663.1840755235025,2706.0294572307166,1978558
2021-05-14,2646.617919921875,2687.3818203761853,2636.643774066033,2687.3818203761853,2043935
2021-05-17,2662.446044921875,2667.1728796616994,2633.17409964421,2649.6531206894138,2890462
2021-05-18,2678.968505859375,2709.4980186496305,2669.6014409102313,2688.682412872553,2098538
2021-05-19,2673.071044921875,2704.2944575166794,2660.1481060746196,2674.8056789549196,1986041
2021-05-20,2653.990234375,2678.9690083421133,2647.138514220481,2660.1482702713383,2329027
2021-05-21,2671.76953125,2678.4478285826176,2649.7397681664884,2654.8568528343612,1685566
2021-05-24,2672.63671875,2693.0186635465684,2664.3972091513874,2672.63671875,1652260
2021-05-25,2714.036376953125,2726.4561002580645,2686.233713053899,2694.8620672893585,1841613
2021-05-26,2752.82080078125,2758.485937778267,2705.146536609125,2719.2657585681495,1923753
2021-05-27,2771.55908203125,2804.460451637124,2755.696742420264,2755.8273912259992,5959785
2021-05-28,2739.834228515625,2787.246974997099,2732.9051610248803,2779.8387200604275,1763701
2021-05-31,2753.386962890625,2763.14859899798,2726.76099180802,2745.4122790029396,1652799
2021-06-01,2748.02685546875,2762.799745103763,2729.7241076207183,2761.6232675547985,1377441
2021-06-02,2727.501708984375,2753.648492779045,2714.9077173465566,2746.1532090944156,2240078
2021-06-03,2737.786376953125,2749.3781612728867,2721.575284562109,2749.3781612728867,1281706
2021-06-04,2739.965087890625,2751.382602077848,2723.623347803802,2726.238026217694,1836060
2021-06-07,2774.347900390625,2780.666706179255,2731.1186808720404,2741.0543731367998,2559821
2021-06-08,2789.12060546875,2816.0082968830657,2777.8339542944295,2787.2468379548263,2574057
2021-06-09,2789.20849609375,2806.4217974914072,2776.9630416567725,2790.7337253315172,1710925
2021-06-10,2803.632568359375,2809.9077540375833,2782.88941024876,2797.70592135876,1874324
2021-06-11,2853.311767578125,2883.9906219366367,2798.5777839342823,2799.057184255201,3452954
2021-06-14,2855.5341796875,2883.7290030941417,2850.304822455383,2857.843727351782,1847360
2021-06-15,2843.680419921875,2874.4028886376045,2833.918997241148,2874.4028886376045,1304985
2021-06-16,2853.790771484375,2871.526878629887,2835.182892105408,2843.1141682171474,1635552
2021-06-17,2891.616455078125,2907.566036065282,2841.283895276825,2846.077472400759,2273413
2021-06-18,2873.792724609375,2926.69633528438,2854.356908295517,2920.508178705849,3380431
2021-06-21,2852.700927734375,2863.9439579765753,2834.0494304051786,2845.6412120491536,1130569
2021-06-22,2877.1923828125,2899.722282597916,2863.0731604681805,2879.632792142121,1708688
2021-06-23,2842.503662109375,2901.421161005709,2838.1458652319257,2901.421161005709,1467104
2021-06-24,2940.292724609375,2948.485297431675,2857.407344850649,2862.200921302282,4155204
2021-06-25,2946.568359375,2962.997128052771,2919.724284589916,2941.7311616603324,2722861
2021-06-28,2908.17578125,2955.893657633738,2904.907433552484,2955.893657633738,1355238
2021-06-29,2911.749755859375,2933.93090345511,2899.242791426443,2912.751964210784,1497322
2021-06-30,2916.020263671875,2947.6142962678864,2909.701457152673,2916.2381535518475,1693146
2021-07-01,2912.316162109375,2930.1831324290642,2904.3414775433343,2926.6968943179054,990310
2021-07-02,2898.32763671875,2910.7473601936704,2871.962960570235,2903.1648347340215,1682274
2021-07-05,2894.449462890625,2940.6421221899936,2877.889830311606,2912.752214688488,1972858
2021-07-06,2843.28857421875,2900.5499903048712,2837.8849479232354,2887.476597920685,2159420
2021-07-07,2854.31396484375,2861.068551496173,2825.2475809189878,2854.357585378772,2640710
2021-07-08,2839.97705078125,2874.4036561229286,2816.7934795391784,2874.4036561229286,2485811
2021-07-09,2796.093505859375,2860.4582596113323,2789.8619405898457,2832.568355800375,6365067
2021-07-12,2782.97705078125,2820.366872600818,2778.8371426709737,2819.4953129986548,1892226
2021-07-13,2778.13916015625,2801.1918633324153,2767.201047318114,2801.1918633324153,1809339
2021-07-14,2801.67138671875,2808.1644618657065,2775.9167632036856,2777.6598820502813,2044279
2021-07-15,2797.653564453125,2822.896730614884,2789.836126410262,2819.184519112929,2232968
2021-07-16,2790.53466796875,2812.414919822018,2788.088933272535,2806.4316236230125,1256526
2021-07-19,2781.625,2794.9015693907954,2774.113147362467,2777.6069926362234,1597058
2021-07-20,2800.143310546875,2808.1791148200396,2756.775813064705,2781.6259668093744,1811945
2021-07-22,2809.3583984375,2816.87004050565,2786.342599192207,2786.342599192207,2859334
2021-07-23,2806.30126953125,2831.3695755402578,2800.8856368537395,2821.2810511135626,1776193
2021-07-26,2792.936767578125,2816.258146190416,2787.0846183754047,2795.0767055313113,1259611
2021-07-27,2780.18408203125,2803.8112569236587,2761.142579755305,2795.076642416108,1121367
2021-07-28,2793.1552734375,2798.9637072093665,2736.030762446464,2784.5953079467704,1660654
2021-07-29,2791.408447265625,2817.3064967675937,2786.604408769665,2795.2953084901396,1731997
2021-07-30,2766.6455078125,2815.603066161806,2762.1909822360863,2811.672489522213,2999943
2021-08-02,2812.022216796875,2816.826255643097,2766.25291381549,2777.6079147247424,2608669
2021-08-03,2869.2333984375,2873.688137079662,2811.6286591294147,2820.4069892493094,3804735
2021-08-04,2859.66943359375,2886.9651073617065,2848.532798696424,2882.423149896209,2929598
2021-08-05,2868.404052734375,2895.5250768731294,2849.668344886451,2860.5866144070887,2534521
2021-08-06,2890.98291015625,2903.3860207844823,2851.851792377056,2858.446469339697,2292362
2021-08-09,2902.25048828125,2914.7410304017426,2891.1575698620823,2903.2985994335254,1510489
2021-08-10,2912.033203125,2926.0085870941607,2896.0490283082218,2896.0490283082218,2040777
2021-08-11,2921.0302734375,2934.8310095246384,2906.0942078553617,2926.0963934248625,1929707
2021-08-12,2927.624755859375,2941.818506074252,2905.1331209034925,2905.1331209034925,1310205
2021-08-13,3025.147216796875,3039.646766557033,2932.6477065273675,2935.4864570995833,4363584
2021-08-16,3033.488037109375,3052.180240931902,3001.6504084686876,3022.176753470583,2083489
2021-08-17,3103.452880859375,3110.222208478217,3024.7976185870784,3041.4808209854054,4336019
2021-08-18,3110.00341796875,3140.0941242989843,3089.084057481392,3121.6204986858806,2631309
2021-08-20,3109.086669921875,3122.6253251778908,3057.1157029713618,3062.3564727478843,2836148
2021-08-23,3177.129150390625,3208.2244687655843,3111.1827993446677,3126.992539662617,3744176
2021-08-24,3155.991455078125,3203.2895293351253,3139.5703341165326,3194.249116348361,2511141
2021-08-25,3195.995849609375,3229.8424850759952,3150.6195641945837,3153.1962331483587,2123263
2021-08-26,3207.22021484375,3220.977235702535,3186.3006379240014,3196.869609089104,1902533
2021-08-27,3249.407470703125,3257.5744204157913,3189.095129240541,3202.109619317413,3944728
2021-08-30,3232.943115234375,3267.051829697669,3220.976735250082,3244.9094952186683,2033114
2021-08-31,3307.318603515625,3322.7353285681993,3234.8212913547077,3240.0183451794023,3207480
2021-09-01,3244.865966796875,3333.74068017422,3237.921990071919,3315.660068603454,2643336
2021-09-02,3351.254150390625,3370.8196070135054,3251.024421125668,3261.5059614409574,3403717
2021-09-03,3355.883056640625,3368.853832964031,3323.128247873257,3340.990494271571,1746812
2021-09-06,3364.573974609375,3386.9346761466745,3331.382434880622,3362.564970344723,1723693
2021-09-07,3333.04150390625,3380.2521385252685,3326.3596090282194,3375.0550854815306,1585039
2021-09-08,3296.57470703125,3332.2556953856665,3280.72146575847,3327.8883877901417,4147175
2021-09-09,3311.64208984375,3326.753017556797,3288.58278984343,3310.1572478338157,1441148
2021-09-13,3358.765625,3364.9233586382898,3290.329823827149,3290.329823827149,1691473
2021-09-14,3394.184326171875,3403.4431043763866,3340.990600343816,3362.783424486109,1991188
2021-09-15,3454.14794921875,3476.3775064534852,3376.802874359089,3390.8656927872025,2461369
2021-09-16,3409.38232421875,3477.9053364174956,3399.5995980435055,3432.7037036782212,2946666
2021-09-17,3343.47998046875,3445.8059188434067,3323.521298149344,3423.9693794337527,6477148
2021-09-20,3339.679931640625,3381.1693514792364,3326.010344929612,3327.01474032147,2002008
2021-09-21,3374.13818359375,3381.6500380706075,3338.06417965979,3369.814591658296,1568129
2021-09-22,3373.439453125,3403.7487396255815,3364.9669187066097,3373.745249967666,1744067
2021-09-23,3379.640869140625,3388.1571186654996,3349.7248131173474,3380.295965257923,2003869
2021-09-24,3381.431640625,3445.281550083093,3367.19417513383,3397.7653284748635,2320754
2021-09-27,3351.428466796875,3409.994110133992,3321.687056460379,3406.500263709674,1673362
2021-09-28,3300.94189453125,3362.8267262073114,3276.572404333812,3362.8267262073114,2253075
2021-09-29,3312.078857421875,3324.3947509152617,3251.1549126304035,3284.0408688426596,2489161
2021-09-30,3297.79736328125,3323.5207598903125,3275.5678124118886,3323.5207598903125,2252412
2021-10-01,3258.185791015625,3327.8880559391096,3253.643834218683,3303.2127704849677,1578374
2021-10-04,3295.832275390625,3304.872473843159,3238.314751105617,3253.4693932217156,1356860
2021-10-05,3348.239990234375,3354.092139599293,3268.143613821035,3278.974451056184,1877966
2021-10-06,3328.67431640625,3369.333991530842,3314.786363974737,3350.5982851665585,1678154
2021-10-07,3400.298828125,3405.627029576958,3336.667273820426,3345.358174731918,1647233
2021-10-08,3437.63916015625,3485.0244533266145,3406.500338514711,3428.336879146216,2934339
2021-10-11,3219.22998046875,3282.0317807413753,3196.869279444693,3279.848126861973,11845402
2021-10-12,3190.624267578125,3237.9221275740247,3171.189747119932,3237.0486659803983,5752877
2021-10-13,3192.6767578125,3210.3643549916846,3183.7674922532174,3188.134800198695,3545655
2021-10-14,3160.515625,3211.754973922932,3157.671427816008,3172.373782144585,6442299
2021-10-18,3191.7578125,3196.6148686071647,3151.764069415855,3153.5143445062477,3590107
2021-10-19,3180.381103515625,3229.345221312506,3172.5486650226335,3210.8797331869355,3135441
2021-10-20,3158.239990234375,3176.749062532768,3131.5044974037755,3160.9965878425232,2933693
2021-10-21,3091.42333984375,3157.014855306704,3072.826667240302,3154.083272760841,4871211
2021-10-22,3061.974853515625,3116.889730316667,3049.854113970201,3115.489424887781,2691670
2021-10-25,3056.811767578125,3075.7148247703158,3019.224651245397,3065.6069429891672,2595594
2021-10-26,3047.75439453125,3088.3606950850103,3041.103263083143,3058.168446861595,3878763
2021-10-27,3054.010986328125,3072.8264419355623,3048.1038084048596,3048.1038084048596,2510813
2021-10-28,2994.414306640625,3078.7338948809274,2988.594727407154,3078.7338948809274,2424942
2021-10-29,2973.49853515625,3028.8509837909737,2963.171869596629,2975.5113942015646,3960501
2021-11-01,3042.327880859375,3051.6044237040865,2986.8004499216345,3008.678887143488,2020718
2021-11-02,3049.15380859375,3074.8829773792254,3036.5081153880838,3057.7301981889086,3087414
2021-11-03,3056.19873046875,3080.396195266675,3033.2701722298416,3066.6565801646902,1537639
2021-11-04,3070.55078125,3074.5764987896123,3067.3566151732985,3074.3139148358823,328991
2021-11-08,3065.388427734375,3104.9884067094604,3046.5291684966774,3104.9884067094604,2526082
2021-11-09,3067.969482421875,3093.6110538313474,3059.480691426985,3069.982341397558,1782692
2021-11-10,3049.2412109375,3080.220988676799,3045.6530622226637,3061.2305502928066,1516489
2021-11-11,3052.654541015625,3071.776380579202,3006.9724069017007,3045.4784563498015,1284514
2021-11-12,3085.778564453125,3092.867049870975,3050.466681553837,3068.232015188849,1747259
2021-11-15,3109.626220703125,3123.8910051396083,3087.4851985153273,3087.4851985153273,1809157
2021-11-16,3112.33837890625,3129.0973873140833,3099.736486557918,3123.365194953475,2013204
2021-11-17,3082.14697265625,3117.9840276583277,3068.58234009972,3107.2635922507475,1632914
2021-11-18,3041.71533203125,3081.227917908715,3020.624646710882,3076.239463289162,2136598
2021-11-22,3026.575439453125,3076.9396452248434,3010.7355789237035,3044.078189423723,3167936
2021-11-23,3031.695068359375,3046.309821800846,2982.293599476673,3014.84867157337,2153461
2021-11-24,3013.361083984375,3056.8991758736497,2996.4708870125883,3038.6524730061487,2161746
2021-11-25,3015.635986328125,3030.6009218524678,3005.2657359705536,3013.8857114671073,1849619
2021-11-26,3016.468017578125,3054.2301182479646,2985.881788591854,2997.3461762175584,1941251
2021-11-29,3064.7314453125,3088.666540777799,2981.1120166304045,3016.7300692229596,2981745
2021-11-30,3088.491455078125,3118.771298358579,3055.105044565359,3055.105044565359,5588446
2021-12-01,3131.067138671875,3141.7437739467196,3093.611209164806,3093.611209164806,2102118
2021-12-02,3188.03857421875,3192.501861296703,3127.8292802160927,3141.043729353686,3152938
2021-12-03,3185.89453125,3208.2105393359575,3177.4933387527963,3191.14535668199,2486263
2021-12-06,3094.83642578125,3201.2532400549144,3082.2345302004946,3185.8945329269327,1849642
2021-12-07,3136.9306640625,3148.7450214247106,3084.247424334192,3117.677637250009,1484458
2021-12-08,3174.035888671875,3191.1448683174553,3151.3699144885136,3151.3699144885136,1428660
2021-12-09,3152.02685546875,3180.906396311526,3120.7406862224093,3159.246740679444,1567957
2021-12-10,3182.69970703125,3187.250378734149,3128.7037727258034,3137.3675474360034,1510718
2021-12-13,3158.93994140625,3204.753474268667,3151.9826411227077,3194.2518244349085,1883864
2021-12-14,3171.3232421875,3181.1247392304226,3130.104181424236,3154.8706148351234,1747007
2021-12-15,3124.547119140625,3170.6230209966334,3113.870271191835,3167.9976086138045,1603233
2021-12-16,3134.392578125,3157.889891975921,3124.2408975889543,3134.7425476648837,2072320
2021-12-17,3136.799072265625,3195.433282684752,3127.478730027425,3152.6827318642822,4333992
2021-12-20,3112.776611328125,3155.745949739249,3071.8639315859427,3140.8686116511826,2312310
2021-12-21,3157.759033203125,3186.550974674627,3121.090639703937,3135.311625651659,2340989
2021-12-22,3177.40576171875,3182.700386797636,3155.964891055083,3171.4985830665155,1224328
2021-12-23,3205.3662109375,3212.192326450821,3176.749256236611,3192.501731887371,1792861
2021-12-24,3212.5419921875,3242.384264810748,3189.7010328479782,3224.881515742944,2209923
2021-12-27,3234.595458984375,3238.00840941274,3196.964550442551,3212.629424582208,1534135
2021-12-28,3243.74072265625,3259.8869657013565,3232.62651989377,3246.7599040945056,1456218
2021-12-29,3233.370361328125,3255.4675824022315,3224.8815706171167,3231.226317262157,1456923
2021-12-30,3267.544189453125,3273.013798072899,3220.505555323067,3221.6870762475723,1966475
2021-12-31,3271.570068359375,3290.51670809093,3265.400306800385,3275.464387157578,1207141
2022-01-03,3341.05615234375,3351.776586595917,3277.3898999482267,3281.765587398091,2346158
2022-01-04,3399.689697265625,3403.540216003516,3335.7608734325013,3352.738665601463,2488606
2022-01-05,3378.861572265625,3386.7816081633187,3336.373610393138,3382.405921331066,1733031
2022-01-06,3332.042724609375,3356.152809032713,3301.019138375852,3336.0246435548115,1810293
2022-01-07,3372.342529296875,3382.3190118461575,3322.372090020068,3343.0254215425102,2460591
2022-01-10,3395.402587890625,3481.2972549604933,3378.9061592263615,3481.2972549604933,3937092
2022-01-11,3426.950927734375,3434.9147646258375,3374.530275769995,3374.530275769995,1906106
2022-01-12,3377.94287109375,3438.414952799309,3357.508540354682,3434.9144030891543,3203744
2022-01-13,3411.197998046875,3433.164032327103,3375.4049637230783,3428.7883453116465,6684507
2022-01-14,3472.677001953125,3480.422054774276,3378.074760491307,3393.6522516950954,3348123
2022-01-17,3517.308837890625,3538.180952966991,3467.557398640576,3494.161493482207,3442604
2022-01-18,3492.32373046875,3537.0431277245425,3483.047187672104,3530.2608122209094,2389041
2022-01-19,3431.877197265625,3517.2216312846267,3428.2390800444996,3517.2216312846267,3102539
2022-01-20,3354.641845703125,3436.567108062124,3341.0095022512132,3427.8003552354353,6176776
2022-01-21,3360.73486328125,3376.5588957269547,3306.030408534417,3337.5029671349207,3112358
2022-01-24,3306.25,3374.8935155964255,3278.853892551845,3366.433683229271,3258414
2022-01-25,3304.978271484375,3339.606947339262,3263.160900663494,3304.6276869619614,3330501
2022-01-27,3199.20703125,3272.979165046568,3178.0354104012977,3270.8752301414675,5718297
2022-01-28,3234.975341796875,3269.8231807515967,3196.3577567022803,3196.3577567022803,3143862
2022-01-31,3275.478271484375,3294.545960318041,3262.4595569437342,3286.655882179972,2739393
2022-02-01,3331.935791015625,3338.3794398855766,3275.609404720287,3305.065779508567,2105169
2022-02-02,3380.635009765625,3387.473119428021,3331.9356574912495,3355.8250577253107,1984212
2022-02-03,3352.9326171875,3403.6920341574723,3345.437000165492,3376.076760731597,1960538
2022-02-04,3344.428466796875,3353.0199274159713,3304.189156735994,3344.7792653309098,2307366
2022-02-07,3312.956298828125,3359.2448022267936,3292.9241805536844,3323.4764035081826,1919149
2022-02-08,3281.7900390625,3331.1030236369234,3262.1087218032067,3323.958205706961,2946443
2022-02-09,3296.781005859375,3312.03506891022,3284.1130918732606,3287.532039581612,1638721
2022-02-10,3305.372802734375,3322.4240945117594,3294.5457771673173,3322.4240945117594,2112459
2022-02-11,3239.271240234375,3289.723944738236,3234.9317404621156,3289.723944738236,3851488
2022-02-14,3273.2861328125,3325.448308882763,3252.4650961457983,3264.7385493388015,5951745
2022-02-15,3346.970947265625,3362.0497193674596,3285.7789695408705,3319.092630384668,3931683
2022-02-16,3342.8505859375,3378.7942723116603,3336.626105855008,3369.939766396913,3256906
2022-02-17,3317.514404296875,3362.049549347574,3312.9557358499305,3353.2827969372806,3134372
2022-02-18,3326.017822265625,3345.348552456705,3294.1946850076283,3304.188696273971,3688883
2022-02-21,3260.7060546875,3355.737786485923,3248.564230091958,3340.1329231984273,7465922
2022-02-22,3144.108642578125,3215.557689351369,3129.731251294257,3199.8652849367054,5408531
2022-02-23,3124.29541015625,3176.10679085941,3117.150378194761,3165.6744406252515,2426203
2022-02-24,2982.14208984375,3054.2049620593434,2972.8933377671333,3045.5696257804584,5039136
2022-02-25,3086.5546875,3094.663934353476,3035.050011538735,3040.3100635518003,2549723
2022-02-28,3115.87939453125,3124.2516866839496,3029.7021673541517,3059.59688152283,3288942
2022-03-02,3108.82177734375,3131.4400410557255,3073.6233525163116,3114.3887506600677,2761341
2022-03-03,3107.288330078125,3137.270801218205,3094.7520425676544,3123.4631630997274,1928039
2022-03-04,3089.710693359375,3122.016049893525,3057.010661712767,3069.6785770495417,2370257
2022-03-07,3055.125732421875,3110.4440306428055,3008.355232590042,3024.5298494131002,3054130
2022-03-08,3155.98681640625,3163.9207697047113,3033.2961660233586,3033.2961660233586,3300992
2022-03-09,3184.61083984375,3203.3716060011575,3153.4449895405287,3160.414515499226,2719654
2022-03-10,3174.397216796875,3229.671634344163,3169.181041844232,3229.671634344163,2005441
2022-03-11,3155.285888671875,3190.9667453797583,3149.763005387988,3158.880343092492,1623423
2022-03-14,3193.728271484375,3198.418570177751,3138.497724928373,3138.497724928373,1765688
2022-03-15,3150.683349609375,3207.7549986026397,3143.23160938305,3207.7549986026397,3651133
2022-03-16,3205.037109375,3215.644966004357,3170.277019714628,3191.5363955122302,3090475
2022-03-17,3219.80908203125,3252.465235677881,3208.8945177799264,3240.7178727305695,3600452
2022-03-21,3179.43798828125,3255.927901483996,3169.1809309790942,3240.1916240383766,2413831
2022-03-22,3244.53173828125,3253.342368747572,3177.9482852896654,3191.098416125347,2907611
2022-03-23,3254.5693359375,3269.8236147540456,3234.9318946020617,3250.712050185486,1596195
2022-03-24,3287.400634765625,3294.720744378706,3239.314913695118,3243.6982897623643,1879046
2022-03-25,3250.22998046875,3313.3944821827617,3219.1518821471363,3296.21155972623,1690133
2022-03-28,3250.448974609375,3255.0953965166586,3209.6835730639873,3239.3152410797343,1760990
2022-03-29,3248.388916015625,3262.985474181719,3235.8085398185717,3239.0960722012105,2689063
2022-03-30,3271.357421875,3277.0119341716986,3249.1336196941684,3277.0119341716986,1583455
2022-03-31,3278.721435546875,3291.608518432467,3261.407100008304,3278.765312114139,2168110
2022-04-01,3295.20263671875,3298.9285060120137,3268.288753100872,3285.778379094613,1387014
2022-04-04,3305.372802734375,3313.832633765955,3276.2233490114336,3298.0524783670694,1472994
2022-04-05,3344.341064453125,3362.5759539750275,3306.8193178283004,3306.8193178283004,2314947
2022-04-06,3292.22265625,3339.5192456312348,3271.0069428753104,3339.5192456312348,2051729
2022-04-07,3229.80322265625,3283.587337953615,3225.2884304715926,3283.587337953615,2494829
2022-04-08,3231.118408203125,3248.0821617864153,3193.289952579492,3234.9320315767536,2296773
2022-04-11,3240.542724609375,3254.525867868103,3205.2128787232596,3234.932087901723,2291660
2022-04-12,3235.896240234375,3277.8889009048767,3198.4183716829752,3228.7950847907623,4483476
2022-04-13,3210.3408203125,3252.3336923091606,3204.7301844452404,3249.835082287249,1621672
2022-04-18,3092.9541015625,3164.79759416944,3088.088511208269,3164.79759416944,3820792
2022-04-19,3043.728515625,3124.075925447324,3015.0174030668795,3112.1969337809937,3170014
2022-04-20,3118.158935546875,3128.985747727427,3050.830225690735,3068.3637327349343,2640370
2022-04-21,3181.147705078125,3194.6047563908915,3127.4513435718295,3138.4975378373742,2280996
2022-04-22,3167.03369140625,3170.934854046478,3131.0461241987823,3139.4622934717854,1581465
2022-04-25,3110.618896484375,3142.0039113968096,3097.381229406358,3119.2103562360066,1960694
2022-04-26,3108.953369140625,3145.4229297988936,3084.274833328823,3134.2453207667304,1943469
2022-04-27,3122.01611328125,3128.3720093644906,3073.886723725813,3108.690691195903,1727648
2022-04-28,3142.267333984375,3159.8883791702183,3101.721101186624,3145.510989801784,1703660
2022-04-29,3109.304443359375,3176.4139846900484,3100.6693195191265,3153.401256587347,2051115
2022-05-02,3105.533935546875,3110.3995253884623,3062.007100385467,3085.808744863696,1324161
2022-05-04,3050.611083984375,3108.208612330421,3037.943167838688,3102.1157613847868,2305825
2022-05-05,3080.11083984375,3097.293760926186,3055.5202694917,3078.97133320661,1612262
2022-05-06,3009.275634765625,3046.0082431775977,3002.174479424862,3032.4197764142496,2010812
2022-05-09,3020.234619140625,3029.7902957452734,2934.1012578683526,2978.943120643067,2481830
2022-05-10,3014.66748046875,3037.5049170566876,2999.983167768539,3010.5032723895856,1622685
2022-05-11,2991.216064453125,3023.1708356998556,2965.047221652753,3011.379595954421,1841769
2022-05-12,2988.279052734375,3024.2666151245353,2936.949887257732,2961.409041508169,2807195
2022-05-13,2993.75830078125,3015.6751825815522,2965.047185622854,3011.3795593615127,2187823
2022-05-16,2960.356689453125,3006.995764628718,2951.4146457291463,2993.845637378155,1195813
2022-05-17,3025.9326171875,3039.4333314895703,2937.212903663973,2954.3958255321177,1754076
2022-05-18,3023.477783203125,3063.9801387979924,3018.436900285217,3037.6798800958636,1866781
2022-05-19,2859.6708984375,2985.079340558719,2831.661165933822,2978.0659382901526,4642963
2022-05-20,2886.891357421875,2905.2137830055776,2866.7717049191906,2901.794835428608,3065125
2022-05-23,2912.095947265625,2927.130841857703,2864.097978389944,2897.2363449132604,2293690
2022-05-24,2882.5087890625,2914.8143639931423,2871.6380994367773,2906.3104411695704,1711510
2022-05-25,2795.70654296875,2906.2058140394383,2783.7035752705465,2906.2058140394383,3548046
2022-05-26,2848.0439453125,2860.8855384874714,2807.0922841672077,2816.3152100303937,2813186
2022-05-27,2878.360595703125,2893.893887363218,2850.0296679048156,2871.2116055562433,3103153
2022-05-30,2978.929931640625,2988.9473068380908,2900.468608772178,2909.8680052200993,2094624
2022-05-31,2969.310302734375,2986.123291775877,2934.5806678887907,2960.307807704976,4840965
2022-06-01,2961.234130859375,2990.182815139659,2947.86312211105,2990.182815139659,1493835
2022-06-02,3021.073486328125,3029.016711971407,2953.379595329582,2961.058003689997,2657939
2022-06-03,3036.209228515625,3068.9972234572756,3028.3101761155253,3053.1989031833205,1913622
2022-06-06,3028.08984375,3047.550788928705,2980.6069647315944,3016.6604681605313,1084210
2022-06-07,2967.853515625,3017.4105418438976,2961.9402691478545,3001.7005652596245,2308256
2022-06-08,3004.436279296875,3013.0856111661406,2953.5556003995584,2983.254347604184,2185707
2022-06-09,3024.69140625,3033.428866110695,2959.3804559758682,2987.5346848369804,1279197
2022-06-10,2965.382568359375,2994.5960733606303,2958.4102675817367,2984.887686444342,1527582
2022-06-13,2841.556396484375,2906.337722015469,2817.5942055078235,2903.6899803920114,3030921
2022-06-14,2833.569091796875,2858.5901216693624,2801.9284921763433,2815.4320179906135,2611493
2022-06-15,2829.818603515625,2854.2660463465904,2825.14088260836,2840.586045196815,1404536
2022-06-16,2773.068359375,2863.841864011911,2765.1693057745297,2859.5612617361553,2032028
2022-06-17,2726.20361328125,2752.54873505924,2668.7919074348597,2728.9396998166476,5240434
2022-06-20,2746.94384765625,2770.1999332856935,2708.6399347682336,2730.7044503658894,1502769
2022-06-21,2834.804931640625,2857.5755559549466,2758.4175317802415,2762.4774890399144,2964461
2022-06-22,2844.512939453125,2868.8722488134295,2809.2538895886987,2824.169414688557,3336315
2022-06-23,2920.282470703125,2928.4021684008044,2844.512846792943,2844.512846792943,3692578
2022-06-24,2906.42626953125,2952.232116631172,2892.6579259368214,2946.9366330138964,2132118
2022-06-27,2925.489501953125,2968.0298384014122,2918.2523850426282,2956.6446362899756,2037686
2022-06-28,2928.53515625,2938.993824065704,2888.3337764710327,2918.6944673229077,1400046
2022-06-29,2904.13134765625,2941.641021649683,2886.921026647499,2886.921026647499,2133994
2022-06-30,2883.47900390625,2922.135859654931,2872.7996930513295,2887.80356241596,2719603
2022-07-01,2925.843017578125,2941.6411240439957,2870.196267951424,2877.2127405890865,1502879
2022-07-04,2855.192138671875,2928.3579771893606,2846.366333520248,2923.106666218894,2622535
2022-07-05,2838.64404296875,2887.80373957271,2830.3918281224514,2872.7998692876445,2170627
2022-07-06,2877.874755859375,2884.71475566246,2826.243789603828,2840.5857246748133,2182144
2022-07-07,2901.79248046875,2929.6377237989454,2881.6696012988828,2886.9209123553114,1989921
2022-07-08,2882.023193359375,2916.9293042248155,2868.3873642150224,2912.5164005875613,2136916
2022-07-11,2748.179443359375,2846.3223604128075,2741.2952717650173,2829.6856303492573,6974600
2022-07-12,2722.49658203125,2767.949487076794,2718.569141097803,2749.1504754874695,3734815
2022-07-13,2681.942138671875,2744.826014403795,2678.632461001774,2739.530530131633,3863530
2022-07-14,2653.624755859375,2705.170780712667,2625.528853900714,2704.285870414756,4764908
2022-07-15,2649.953125,2680.3053829491228,2613.1407610149845,2671.1466887086167,4574806
2022-07-18,2710.923095703125,2722.825097749123,2667.3855458616686,2675.084223375403,3202795
2022-07-19,2720.435302734375,2724.594337649914,2681.3223133720576,2681.3223133720576,1865074
2022-07-20,2800.563720703125,2806.890741937181,2741.4959674571805,2750.1238415268126,3402251
2022-07-21,2811.625732421875,2817.554588630391,2782.2024629269126,2802.5111124976283,2420640
2022-07-22,2806.05029296875,2829.05795856862,2781.7152620458105,2818.4390359840645,2075886
2022-07-25,2802.289794921875,2819.722485260362,2786.671213973187,2800.741201840289,1797504
2022-07-26,2757.291748046875,2804.1919910670576,2740.1245756980134,2800.4754112437777,2639367
2022-07-27,2821.846435546875,2826.492214850678,2752.0711685384485,2756.495720256356,1389808
2022-07-28,2885.250244140625,2888.347430417114,2833.1731827603476,2845.87173291098,2106333
2022-07-29,2921.88525390625,2935.513002248576,2898.081253084199,2911.3549076784775,2430257
2022-08-01,2919.14208984375,2944.0965166592227,2894.5415407250725,2944.0965166592227,1306913
2022-08-02,2912.947509765625,2931.6189858100583,2895.1164391804086,2911.3546281587332,1269114
2022-08-03,2955.158203125,2963.564851704035,2899.8955933060683,2902.5060357089383,2895824
2022-08-04,2968.829833984375,2997.9875858111113,2926.7082323905533,2964.4495711102013,2150567
2022-08-05,2977.767333984375,2988.341968455179,2968.8739426020506,2974.3603430430594,1106933
2022-08-08,2986.08544921875,2990.02325675371,2952.0606921831227,2977.723090286633,1068836
2022-08-10,2968.210205078125,2995.4211952566006,2951.1756827712743,2995.4211952566006,1878359
2022-08-11,3028.60546875,3034.091869341709,2986.6165186810267,3008.6949872169466,1449248
2022-08-12,3010.06640625,3025.5080464020416,2992.102685550425,3025.5080464020416,1472354
2022-08-16,3002.234619140625,3021.83550856542,2997.6331295745786,3018.4285180749484,839942
2022-08-17,3009.668701171875,3024.579311059615,2983.121390465737,2995.5101354619346,1622326
2022-08-18,2992.102783203125,3001.615568391867,2975.0682608884013,2999.8457478916357,1430659
2022-08-19,2996.085205078125,3027.7207499593305,2983.254005056377,2997.191343011034,1398410
2022-08-22,2968.4755859375,2994.624725831893,2962.148348315227,2977.7228544165578,1536532
2022-08-23,2906.57666015625,2957.2818510423613,2893.656882459739,2937.858111813569,1849256
2022-08-24,2880.69287109375,2927.2833126117357,2876.135453360613,2913.1247476172416,1691923
2022-08-25,2847.817626953125,2900.8679439851903,2844.764730331268,2898.9654736963166,1946930
2022-08-26,2851.357666015625,2882.152584862205,2846.57923724742,2862.0651660884055,1457962
2022-08-29,2772.02587890625,2781.0076322786413,2726.408708491399,2765.344762750932,2539173
2022-08-30,2841.579345703125,2855.1628038975523,2780.4764682941245,2791.8917236314205,3431525
2022-09-01,2771.27392578125,2822.8642466000433,2761.805427472958,2822.8642466000433,3546935
2022-09-02,2770.12353515625,2798.9717017110593,2761.1860694016937,2798.9717017110593,2052900
2022-09-05,2772.778076171875,2785.653565306753,2754.0623082010966,2764.150200035652,2147912
2022-09-06,2767.15869140625,2779.3704962895417,2748.841092102585,2774.6361399478797,1936453
2022-09-07,2787.113525390625,2797.9977490829297,2744.991709326938,2744.991709326938,1291534
2022-09-08,2804.85595703125,2817.1120515885295,2796.405236165702,2805.165762065538,1346113
2022-09-09,2847.33154296875,2861.3574576535334,2803.838288101197,2827.2884110725345,1561185
2022-09-12,2869.71923828125,2893.47916148513,2853.8351447923806,2867.0202191993785,1785928
2022-09-13,2857.685302734375,2887.8606158067237,2853.835856325097,2887.8606158067237,1972678
2022-09-14,2761.2744140625,2779.857533056882,2755.434134861245,2774.194192732771,5090269
2022-09-15,2747.07177734375,2776.627699262423,2743.2223305596403,2769.7696434360237,2138023
2022-09-16,2662.429931640625,2738.222638573925,2654.731254211927,2721.9844459852957,5322221
2022-09-19,2680.21630859375,2691.8970811218637,2643.934986987571,2686.5876194233983,2072220
2022-09-20,2690.392822265625,2725.479429164926,2681.278202987553,2698.9764089478667,1544295
2022-09-21,2655.79296875,2691.366322542929,2653.0939489033167,2679.508609959477,2253818
2022-09-22,2661.279052734375,2681.2338224800474,2636.413203836875,2645.881700493006,2017983
2022-09-23,2638.84716796875,2674.6417513414617,2636.1481479722793,2658.2709085292804,2652374
2022-09-26,2649.775390625,2677.6059931788486,2589.336188264695,2619.20191173189,2925489
2022-09-27,2670.17236328125,2676.853478808768,2633.4928770032707,2663.0487926332676,2227447
2022-09-28,2686.2783203125,2698.9325829521886,2637.0331402019397,2637.0331402019397,2739767
2022-09-29,2652.342041015625,2704.1535892358543,2645.882151750994,2702.5164185443264,2493902
2022-09-30,2658.7568359375,2672.163138300791,2610.573521450477,2646.6336100839517,2817353
2022-10-03,2641.412841796875,2673.048383644793,2631.723117642175,2650.30623313326,1763331
2022-10-04,2735.39013671875,2741.4518581351913,2675.083591718103,2681.233674530913,2145875
2022-10-06,2744.94775390625,2764.4600713056393,2736.5411051618826,2752.956236181768,1790816
2022-10-07,2712.161376953125,2747.6463648942195,2706.144160002529,2740.9209604826137,1939879
2022-10-10,2759.63720703125,2767.1146562581002,2659.1555938777074,2663.580145614609,3064063
2022-10-11,2716.276123046875,2783.042553824395,2701.940621145061,2743.2215951846183,4730645
2022-10-12,2743.8857421875,2751.9825853975053,2709.6397551702103,2729.8598268537053,1665247
2022-10-13,2746.141845703125,2752.0707007889237,2701.0557145691237,2743.8852815020114,2054781
2022-10-14,2742.4697265625,2787.4675026654077,2717.5595875191957,2783.042951073875,2245977
2022-10-17,2760.74658203125,2775.5183859957915,2724.9923530417946,2726.0569504857917,1517005
2022-10-18,2789.97900390625,2799.4278179556986,2775.6508043470494,2794.6812092612113,1793722
2022-10-19,2769.706298828125,2802.665702804499,2760.9672893724596,2802.665702804499,1194289
2022-10-20,2801.158447265625,2803.553845522154,2754.757813400724,2754.757813400724,1587601
2022-10-21,2783.502685546875,2803.908296485969,2774.2758872411737,2801.601705210383,1021913
2022-10-24,2805.06201171875,2819.523424396442,2799.1178111928175,2812.514626501965,260949
2022-10-25,2805.416748046875,2825.068152203504,2795.7017294278116,2821.7411503755184,2069643
2022-10-27,2801.24609375,2815.973705124448,2780.7963004581743,2804.173898011382,2438421
2022-10-28,2806.43701171875,2819.966819488832,2790.245602420128,2794.6816049676954,1355739
2022-10-31,2832.964111328125,2838.154320749786,2819.345713992005,2838.154320749786,1919414
2022-11-01,2892.007568359375,2894.580579896571,2842.1025377869346,2851.90614711306,2991060
2022-11-02,2876.037841796875,2901.1456594790648,2858.6044384654506,2901.1456594790648,1405955
2022-11-03,2845.030517578125,2863.927933635479,2834.605910551839,2863.927933635479,1422652
2022-11-04,2854.478515625,2856.8297266750774,2809.0094945626156,2854.1237221012757,1464013
2022-11-07,2868.940185546875,2877.0137966588013,2834.694376541909,2864.770386557883,1474498
2022-11-09,2853.281005859375,2883.224020577956,2840.5051896184455,2883.224020577956,1162267
2022-11-10,2844.05419921875,2861.2216155527403,2812.425588000678,2812.425588000678,1573092
2022-11-11,2941.912353515625,2964.6691755192865,2887.881931563793,2900.790741715342,3265394
2022-11-14,2959.25732421875,2971.2345311973,2935.746510520115,2949.0545182740593,1342074
2022-11-15,2956.6845703125,2963.205364241237,2920.664142185574,2946.392957532895,1400708
2022-11-16,2976.868408203125,2988.002601660146,2946.792180040441,2962.2737860893976,1748235
2022-11-17,2971.234619140625,2980.9938251157064,2943.5096021659624,2963.249814251922,1417986
2022-11-18,2966.310302734375,2983.433314748381,2946.3926959421224,2972.1215090051523,1164540
2022-11-21,2913.12255859375,2957.659976044365,2903.806954249229,2947.7233747305418,1304194
2022-11-22,2941.025390625,2944.5741927896725,2888.0595616376004,2910.017775031512,1149739
2022-11-23,2935.12548828125,2954.3776960130094,2919.776876149794,2954.3776960130094,1150011
2022-11-24,2998.870361328125,3010.226569828701,2935.1251422109576,2942.178342108042,1296591
2022-11-25,3007.299072265625,3019.4538923326327,2970.3472582768977,3001.3992756125285,1588981
2022-11-28,3012.26806640625,3031.5646809248674,2985.9182499011727,2986.3174468812126,2195437
2022-11-29,3014.130859375,3042.2106699945516,3001.3994449085935,3001.3994449085935,1576028
2022-11-30,3008.3193359375,3029.7007368695226,2994.3015254756792,3001.3991290916215,3410702
2022-12-01,3083.59765625,3087.457064220931,3034.2250458722942,3038.6610474013473,2180856
2022-12-02,3051.21533203125,3077.6095453413673,3028.0151269724374,3068.0279537907963,2411749
2022-12-05,3039.4599609375,3051.2153670002604,3022.691958930157,3045.759170826894,1475065
2022-12-06,3003.484619140625,3023.535222614695,2988.0916021858316,3016.5264245590397,1166999
2022-12-07,2999.27001953125,3010.892215820277,2975.6704001996686,2988.3574103425613,1167505
2022-12-08,2972.609375,2999.2697906224844,2962.761363815113,2980.9933755483976,1285619
2022-12-09,2921.3291015625,2993.502940359297,2906.77910172055,2993.502940359297,1797896
2022-12-12,2915.73974609375,2924.212553335306,2871.069335381073,2888.280936706034,1527610
2022-12-13,2956.240478515625,2960.099670215043,2899.1934506517446,2907.5330475990972,1378016
2022-12-14,2985.739990234375,2996.0757883833653,2964.0477669009356,2971.056780109854,1213311
2022-12-15,2932.286376953125,2985.2077986532413,2926.829964070142,2979.928999146625,1415694
2022-12-16,2874.751708984375,2920.6643394727453,2861.3992967973677,2905.581929457242,2703680
2022-12-19,2840.860107421875,2879.4089217974597,2834.1617010266477,2862.9957142629496,2120965
2022-12-20,2878.0341796875,2882.514585783526,2806.7919322309904,2838.0657516058345,1529971
2022-12-21,2899.859375,2912.723782859557,2874.5297562044643,2882.51456108281,1432566
2022-12-22,2892.007568359375,2922.438590322109,2879.0545703851453,2922.438590322109,1384101
2022-12-23,2864.193603515625,2898.3508201741924,2854.1237919639257,2854.1237919639257,1360281
2022-12-26,2885.974365234375,2902.9199811046005,2861.265961737632,2864.193766652603,870157
2022-12-27,2891.830078125,2904.5170888075672,2866.9884637094456,2900.4358797986224,835883
2022-12-28,2889.70068359375,2897.6854876748585,2862.1086628505846,2883.224076963183,910795
2022-12-29,2900.036376953125,2902.476178111556,2863.8829597872846,2866.6333677338184,1037927
2022-12-30,2889.345947265625,2926.8745733236387,2880.0303416215215,2915.3853696829165,1163131
2023-01-02,2893.56005859375,2898.351071306402,2870.2710452177225,2893.160861684784,709547
2023-01-03,2937.8310546875,2945.5052513070204,2879.2314264729434,2885.175625677841,1245178
2023-01-04,2940.759033203125,2952.026652767493,2915.5182224485047,2933.7058325903895,1231668
2023-01-05,2937.610107421875,2960.8547207245474,2911.7480789661536,2954.55550957915,1826057
2023-01-06,2849.288818359375,2929.136863618989,2839.041609230721,2927.7616595191807,2488376
2023-01-09,2945.4609375,2951.715743667599,2857.805494277546,2864.7701040885713,2885060
2023-01-10,2915.69580078125,2925.9874138015825,2865.7465830992874,2914.4538066519704,3864655
2023-01-11,2953.22412109375,2971.6779339396694,2902.1656914177715,2918.978313377468,2720512
2023-01-12,2958.237060546875,2972.1216616689235,2941.557647901351,2953.4904512524913,2250391
2023-01-13,2993.902099609375,2997.850097998453,2932.1972695723252,2965.82207749045,1742837
2023-01-16,3025.20654296875,3042.401100769178,2992.5413358027226,3009.7358936031505,1843607
2023-01-17,3065.4482421875,3068.5334225583842,3013.36547080827,3021.5317728971813,1688475
2023-01-18,3075.973388671875,3093.167944872854,3059.86762830346,3066.899720858684,2421189
2023-01-19,3060.63916015625,3073.2514705543877,3049.659932841245,3066.8999027085415,1585044
2023-01-20,3051.565673828125,3080.1929219636927,3044.7604221587917,3053.289582307642,1529349
2023-01-23,3098.567138671875,3102.2874315724907,3044.760458713778,3074.1590576682065,1067916
2023-01-24,3117.98486328125,3132.1850663852497,3100.7448925102035,3107.731573201867,1387863
2023-01-25,3112.04150390625,3116.805179945468,3089.5841740070796,3108.003765663745,874110
2023-01-27,3095.073486328125,3126.7859108519738,3068.9866915118178,3108.6385753275863,1785879
2023-01-30,3115.580322265625,3138.0830660856614,3071.936106524571,3103.19485247326,1953798
2023-01-31,3047.5732421875,3129.5085196989075,3040.5865611803533,3129.5085196989075,2820375
2023-02-01,3092.624267578125,3102.287637094733,3044.216151638733,3051.475087320733,2205161
2023-02-02,3139.8525390625,3147.6559835267867,3103.285827802895,3109.5465712154214,1813847
2023-02-03,3159.72412109375,3179.4139405185306,3133.0473986092443,3179.4139405185306,1804469
2023-02-06,3139.44384765625,3151.421045615969,3118.4838066080183,3151.421045615969,1138714
2023-02-07,3150.876953125,3169.4325618085195,3140.7596793384228,3147.564931045713,1455647
2023-02-08,3194.022216796875,3211.987903653968,3155.867395499648,3155.867395499648,1986946
2023-02-09,3212.85009765625,3218.9748240809963,3180.5931608475644,3189.3945752566206,1655427
2023-02-10,3209.855712890625,3214.2111181684145,3183.17899401736,3193.9313800289237,1187821
2023-02-13,3159.814697265625,3220.2454270252683,3151.6483944075726,3220.2454270252683,1087939
2023-02-14,3175.874755859375,3198.3320850826603,3171.2470963790797,3180.320764752124,1579818
2023-02-15,3194.52099609375,3199.3754973273617,3139.625301939381,3163.988190351818,1429449
2023-02-16,3228.456787109375,3243.8366114938117,3200.283001045783,3200.464430117626,1618931
2023-02-17,3176.827392578125,3211.0804915355684,3166.7103407014015,3199.5115640731206,1061369
2023-02-20,3164.260986328125,3195.7465769521814,3153.1457405678566,3177.599236935417,1296082
2023-02-21,3131.3232421875,3183.859698266715,3125.6521989352045,3170.340019763293,1139541
2023-02-22,3086.453369140625,3127.6931430401855,3080.5100727071163,3098.6119948087294,1218430
2023-02-23,3097.569091796875,3132.593320365543,3092.306319600513,3104.1020890121345,1441570
2023-02-24,3085.45556640625,3115.8523559367027,3068.98694665875,3105.4630497902713,977592
2023-02-27,3023.21044921875,3075.9737450556004,3008.8285954585162,3075.9737450556004,1128022
2023-02-28,3005.970458984375,3077.788458973307,2994.2198806605948,3020.170662055617,4116217
2023-03-01,3072.072265625,3075.066620891651,3007.921465994636,3015.180401659178,1669307
2023-03-02,3013.77392578125,3057.735810408069,3010.643554094226,3049.660333125586,1556538
2023-03-03,3032.556396484375,3046.9382514091512,3022.5301687973756,3043.3087835694737,1043190
2023-03-06,3059.50537109375,3089.539084539037,3047.8456170537634,3050.476892626339,1334132
2023-03-08,3076.33642578125,3081.4177686623493,3022.3029080296496,3052.382029970596,1844590
2023-03-09,3027.747314453125,3071.436941869971,3022.303113079057,3071.436941869971,1648500
2023-03-10,3022.438720703125,3028.109763034075,2985.2366830120927,3006.015293502657,1024404
2023-03-13,2977.932861328125,3057.6451349988492,2968.9046046501835,3024.253987560838,1901233
2023-03-14,2917.13916015625,2998.3030847586924,2912.1032295746863,2976.1634210899015,2670334
2023-03-15,2902.576416015625,2958.334299387635,2896.315671876333,2948.942961653535,1780522
2023-03-16,2889.9638671875,2921.5402827886437,2878.1680963010203,2910.8333079866566,1901060
2023-03-17,2884.791748046875,2922.991763191914,2852.761650855337,2858.6595359477537,6739966
2023-03-20,2852.126708984375,2876.0356962978067,2808.346251639935,2876.0356962978067,2289468
2023-03-21,2818.371826171875,2864.329861417325,2810.5229712163577,2852.1258234744387,1815297
2023-03-22,2840.784423828125,2852.3079395141376,2818.3725050009734,2840.103898631804,1123939
2023-03-23,2835.203857421875,2854.8938961077,2813.7447191349406,2826.357030265614,1372218
2023-03-24,2831.4384765625,2876.3531391453694,2818.2816562099424,2857.207608505045,1329577
2023-03-27,2833.072021484375,2860.7013022618526,2818.2818951154754,2844.595538051196,1524217
2023-03-28,2827.264404296875,2857.7974330642905,2822.0470446787185,2837.336265387191,1303530
2023-03-29,2848.1337890625,2858.2056499628916,2816.55759910205,2839.150945629806,1740616
2023-03-31,2908.92724609375,2915.369639228699,2860.0202623245746,2894.4547893885947,2382581
2023-04-03,2903.573974609375,2926.2127336376348,2879.7555943489074,2926.2127336376348,1521830
2023-04-05,2939.687255859375,2961.9631570208894,2890.4171900754327,2890.4171900754327,2655065
2023-04-06,2922.356689453125,2955.6118210617306,2917.1847421468806,2926.2584116403386,1703464
2023-04-10,2961.10107421875,2968.9045182251125,2917.1846045518755,2921.721439084615,2203187
2023-04-11,2916.095703125,2969.766365096571,2896.4510773934976,2961.6454758816367,2348779
2023-04-12,2941.365966796875,2958.8781931293734,2902.666855227049,2928.9350839632298,2417727
2023-04-13,2893.457275390625,2930.795337912174,2885.426989028085,2912.647998358538,4174070
2023-04-17,2848.67822265625,2870.3642017389866,2785.843068358131,2843.778530281314,5505048
2023-04-18,2840.738525390625,2864.4208867828047,2822.455173519428,2862.696756998552,2617302
2023-04-19,2803.400634765625,2849.13183419489,2786.9772066017845,2840.7386910527553,3298034
2023-04-20,2817.19287109375,2824.633235568571,2792.8753932155673,2803.7637963080256,2419999
2023-04-21,2868.051025390625,2871.317413624094,2813.5635935937275,2821.9113255572283,1929184
2023-04-24,2880.70849609375,2886.288713952927,2836.564963222924,2859.203944736877,1640676
2023-04-25,2881.79736328125,2895.5892962816,2855.9374058336693,2888.148931777147,2024090
2023-04-26,2901.895751953125,2911.196263925913,2886.334496140423,2886.334496140423,2000029
2023-04-27,2892.64013671875,2902.8480138926443,2876.942645737427,2889.963448787062,2434446
2023-04-28,2921.04052734375,2928.2994616355104,2900.1710912549383,2903.9365748087516,2931312
2023-05-02,2921.176513671875,2935.3315240050892,2912.64735457692,2935.3315240050892,2321159
2023-05-03,2885.336181640625,2918.0922183484367,2879.211454503233,2918.0922183484367,2468285
2023-05-04,2922.356689453125,2925.7593155131717,2883.6121650210844,2885.562915352124,1953253
2023-05-05,2931.429931640625,2943.497954612831,2912.69289547793,2921.721151002872,1710027
2023-05-08,2949.48681640625,2953.3431255778287,2931.9745916279403,2944.40547335836,928235
2023-05-09,2979.112548828125,2992.496211386631,2945.3131298244402,2951.3018403250803,1107375
2023-05-10,2982.333984375,3000.2090704762545,2963.50611859173,2985.2375145522087,1559987
2023-05-11,2978.114013671875,3003.112014657081,2968.9043287681666,3002.4769021680513,1719623
2023-05-12,2970.9912109375,2985.2368256484924,2958.015821159296,2975.3918070815257,1027479
2023-05-15,2953.524658203125,2987.0518206947813,2947.4453443068564,2979.792885529059,1150390
2023-05-16,2956.33740234375,2980.700292430745,2949.3507214579936,2954.5680811783823,986306
2023-05-17,2911.468017578125,2976.1633194055926,2901.9860781368707,2954.341101981148,1588815
2023-05-18,2903.43798828125,2929.8422314714453,2899.037170320326,2927.1201308420364,1369364
2023-05-19,2924.307373046875,2934.878108354694,2906.3414649157826,2912.6476202870826,1152449
2023-05-22,2993.131103515625,3001.9779306569994,2919.0446858597024,2930.795042732196,1333243
2023-05-23,2991.6337890625,3019.671334917514,2985.3276340299108,2999.7546777174225,1687418
2023-05-24,2997.350341796875,3009.91723962534,2972.533770094014,2972.533770094014,1016555
2023-05-25,2988.412841796875,2999.7549278823344,2964.458444594432,2988.8665252402934,1374917
2023-05-26,3020.5341796875,3029.3810087048637,2986.145056014687,2988.413473711447,1791115
2023-05-29,3012.77587890625,3059.6412922971313,3005.199276419958,3049.4788269717515,1210372
2023-05-30,3009.010009765625,3018.7642037470678,2995.535744483075,3007.9212138122552,1344224
2023-05-31,2984.783203125,3019.444571909924,2962.6887320872042,3002.4768564038986,5815424
2023-06-01,3016.087890625,3030.6057625413655,2992.0426652635188,3007.014220677271,1177314
2023-06-02,2999.39208984375,3026.885129479105,2991.9969167513864,3018.1291275724834,2030661
2023-06-05,2984.23876953125,3018.8095354179477,2980.7455400443455,3007.9211331260885,1861468
2023-06-06,2932.88232421875,2984.1939710758684,2922.2661748923115,2976.1636847189334,2022849
2023-06-07,2971.53564453125,2975.119920852353,2940.7759965528526,2951.6643988850446,1567196
2023-06-08,2936.6474609375,2967.089663718905,2933.517089542269,2958.9233618921558,1759366
2023-06-09,2912.012451171875,2948.9422373468583,2908.4283964499673,2944.405403135556,1775689
2023-06-12,2946.129638671875,2952.934890744503,2913.5552540276176,2917.1847217996856,2324605
2023-06-13,2943.226318359375,2962.553279927022,2938.9617377285217,2958.0164448888486,1371928
2023-06-14,2949.89501953125,2954.2504246831013,2927.0294193904156,2943.225784624499,1658544
2023-06-15,2940.068115234375,2968.5427081775592,2934.3091461074932,2966.577450199209,2273810
2023-06-16,2902.2236328125,2924.619450378722,2884.946948530458,2922.4256636412783,4156189
2023-06-19,2934.674560546875,2938.7880778419694,2902.314980427836,2916.026704744818,1468186
2023-06-20,2950.489013671875,2954.87681041467,2926.127937589783,2937.9656824973704,1528452
2023-06-21,2978.369384765625,2981.294508068641,2947.060946684183,2970.873686560209,1645987
2023-06-22,2960.36181640625,2987.008182887772,2952.683338666562,2980.0152914881505,1529603
2023-06-23,2940.114501953125,2970.3258306636544,2933.5326939992574,2959.265170688013,1119505
2023-06-26,2915.70703125,2937.874321602417,2900.487104668833,2929.7387867833627,1978803
2023-06-27,2922.745361328125,2933.9887960467645,2908.9878874648757,2926.995906339066,863542
2023-06-28,2939.291015625,2953.4597980455083,2919.1347353535625,2932.4809035477288,1575872
2023-06-30,3018.63671875,3025.721111079567,2938.057558489853,2943.45074854266,2672406
2023-07-03,2991.259521484375,3033.7658826595475,2988.0143675558206,3029.652363836144,1687264
2023-07-04,3024.669921875,3030.2916406270174,2995.8295450348064,3007.4387624925753,1656681
2023-07-05,3034.81640625,3043.0891926066924,3021.150430028573,3034.8621566398974,1453008
2023-07-06,3037.5126953125,3042.58607828234,3018.4077807602575,3022.567048714725,1848238
2023-07-07,3043.317626953125,3068.592819620022,3018.4079910488003,3018.4079910488003,1789326
2023-07-10,2990.938720703125,3039.2040404212626,2984.7684440589132,3039.2040404212626,1407431
2023-07-11,2991.35009765625,3012.009187727315,2980.7464966348984,3012.009187727315,1110172
2023-07-12,2979.923583984375,3006.661449392106,2970.9654349670614,2999.165750561899,1515240
2023-07-13,3053.6474609375,3078.2370696219364,2991.6704080781747,3001.954203690696,4585146
2023-07-14,3212.794677734375,3222.1188306720537,3064.1139399358403,3075.9974367196014,6306101
2023-07-17,3191.816162109375,3245.01762483014,3178.424463014952,3208.544515757688,2743228
2023-07-18,3196.5234375,3221.341572891563,3167.4087826530267,3177.464048629703,2600090
2023-07-19,3172.025146484375,3214.8057777866934,3149.7206041471604,3199.402849087036,2405370
2023-07-20,3174.0869140625,3188.3840555769907,3149.112506073371,3164.738740042845,1715404
2023-07-21,3087.0205078125,3148.058749845472,3078.5429555507294,3119.7851016890736,3770223
2023-07-24,3111.26171875,3128.4000771632996,3090.5032611034767,3098.659951717726,1680132
2023-07-25,3115.294189453125,3122.305488623781,3097.926708032121,3113.7820669129846,1272980
2023-07-26,3105.3505859375,3135.182451989526,3102.3261169074967,3116.3943617689633,1066803
2023-07-27,3113.231689453125,3126.7499469053832,3102.3713931415473,3111.444574743922,1701769
2023-07-28,3075.197509765625,3110.299202025282,3052.8351919764364,3102.3257654879126,2599831
2023-07-31,3135.732177734375,3140.4978924006705,3080.2385305428656,3083.4462532273114,2743678
2023-08-01,3163.777099609375,3171.0631682076937,3129.8210171760907,3129.8210171760907,1956167
2023-08-02,3153.32861328125,3158.598443121832,3128.5376797292315,3148.1046527985704,1914899
2023-08-03,3116.02734375,3146.546576146607,3086.7454652186043,3134.4030555367062,2026351
2023-08-04,3155.986572265625,3181.1442369080387,3117.2189097618743,3117.2189097618743,2248493
2023-08-07,3193.104248046875,3196.7243469805094,3153.8783426165933,3165.517747179838,1853889
2023-08-08,3180.777587890625,3198.5115758637803,3167.946698425561,3193.104361947542,1634225
2023-08-09,3173.35400390625,3177.478218496164,3139.0314183474447,3175.5534955196863,1794589
2023-08-10,3154.657470703125,3175.5533110759743,3143.6136964143225,3161.89766861704,1096701
2023-08-11,3160.79833984375,3177.157591339879,3128.9043665762088,3150.991918067584,1679974
2023-08-14,3161.76025390625,3166.4800985606685,3126.1544475225587,3153.3742172226935,1190425
2023-08-16,3169.59619140625,3176.5616208724146,3148.3336194216304,3161.8977472619245,1328445
2023-08-17,3148.83837890625,3171.796555474241,3128.1714330585573,3166.4808554525484,1843241
2023-08-18,3085.9208984375,3125.238323326548,3076.205991860868,3125.238323326548,2526749
2023-08-21,3117.585205078125,3125.008880452658,3090.4113043144994,3093.160780563889,1375579
2023-08-22,3099.713623046875,3126.154509262279,3084.0417426084127,3116.0730963036494,1222012
2023-08-23,3114.46923828125,3117.9060836115095,3094.0772893217095,3105.0751943785403,1330046
2023-08-24,3104.846435546875,3128.033732845426,3096.0023753608025,3123.405402507195,1152881
2023-08-25,3098.93505859375,3103.059273411215,3070.477931602647,3093.1611130987044,1158046
2023-08-28,3093.6650390625,3110.5742740278224,3079.5052804737493,3110.5742740278224,1037485
2023-08-29,3094.21435546875,3106.495482437832,3083.9955592387146,3098.705300490275,944517
2023-08-30,3107.779052734375,3123.4970275682554,3100.5388541540133,3114.2403672286305,1188200
2023-08-31,3076.480712890625,3132.0199996616384,3064.4287075753277,3116.9896187870163,3417652
2023-09-01,3097.010009765625,3105.9916769517795,3076.4806765569438,3084.9123589907613,1277950
2023-09-04,3133.028564453125,3146.180316935127,3088.62456241485,3095.910630604843,1828332
2023-09-05,3142.97216796875,3159.1481634938746,3120.7928808850024,3134.4028776179434,1501842
2023-09-06,3143.476318359375,3156.307208388253,3114.332047153296,3147.2340256547322,1314818
2023-09-07,3166.70947265625,3171.06281032939,3136.5111013373767,3144.301284541943,1885092
2023-09-08,3154.474609375,3175.645670009594,3148.196771667325,3166.709870505238,1518917
2023-09-11,3189.988037109375,3194.6163668180566,3157.3151842826364,3172.8955494880947,1783604
2023-09-12,3281.775146484375,3290.1150908255845,3192.14216916297,3200.390598540652,4476016
2023-09-13,3269.906494140625,3289.1528286270604,3248.964559733963,3272.8850935254304,1754929
2023-09-14,3262.758056640625,3297.2638979964904,3249.5147892827354,3271.922978515009,2604721
2023-09-15,3297.81396484375,3306.1082640969844,3264.9576296055875,3269.906821792652,2952897
2023-09-18,3305.0078125,3317.05981755895,3276.6882968344953,3281.0875035527256,1395753
2023-09-20,3304.916259765625,3322.2837396679206,3281.0415966927326,3281.0415966927326,1649396
2023-09-21,3285.899169921875,3303.9540195360164,3233.3841278566065,3288.8777692460058,2004073
2023-09-22,3302.716552734375,3330.3030534939417,3267.3400931464826,3284.7075730917886,1989083
2023-09-25,3278.4296875,3317.701464222715,3261.474583332011,3301.6628521719144,1238778
2023-09-26,3286.265625,3294.7431767877106,3240.716013118244,3269.677252510413,1726062
2023-09-27,3289.565185546875,3312.2024959846676,3258.770961052586,3290.2066852753064,1541134
2023-09-28,3241.403564453125,3301.937914832368,3232.788627869385,3299.3716920990314,1755753
2023-09-29,3233.933837890625,3270.455910710598,3212.8086520358106,3241.815535026992,2243791
2023-10-03,3220.416015625,3239.0664965379606,3189.484405708049,3239.0664965379606,1948148
2023-10-04,3242.31982421875,3251.7138679466116,3186.9179232767315,3195.166351915829,1788138
2023-10-05,3289.611328125,3321.3676929730136,3254.6470168624746,3257.213239742299,2990768
2023-10-06,3318.984619140625,3331.403132660782,3276.5053417710587,3291.123346974305,2075691
2023-10-09,3334.519775390625,3371.7750970597103,3327.7834676335438,3340.660228914094,4233074
2023-10-10,3325.858154296875,3343.363243234952,3300.6089754727277,3336.0771756544805,1848148
2023-10-11,3308.4453125,3345.1967415452978,3303.954589937205,3345.1967415452978,2426417
2023-10-12,3246.71923828125,3288.969391201641,3242.6408930553534,3276.459363134494,4241281
2023-10-13,3272.65625,3278.2925875083633,3230.634993281236,3235.2174542646135,2890357
2023-10-16,3229.76416015625,3276.138528036827,3225.2275688286772,3268.210960552936,1671104
2023-10-17,3214.18408203125,3239.02088691928,3210.793105570875,3235.2175337108697,1672065
2023-10-18,3196.036865234375,3228.526463289023,3193.058266105545,3217.8035511758235,1408245
2023-10-19,3175.270751953125,3194.750838771474,3171.8250136242077,3187.9971019140276,1514545
2023-10-20,3211.0146484375,3215.5629781222533,3164.612039380442,3170.446688296385,1481211
2023-10-23,3133.462646484375,3196.6805076496757,3125.3308381439233,3191.2133140425376,1106272
2023-10-25,3115.03955078125,3147.1078003867246,3103.1860758536272,3115.407006485019,1518537
2023-10-26,3066.017822265625,3099.969784152135,3059.815493562458,3094.778295044471,1984471
2023-10-27,3079.0654296875,3089.218915665749,3066.247329439799,3078.1925542772933,1108851
2023-10-30,3104.426513671875,3108.3776718312,3063.261381474391,3078.1929142674794,910972
2023-10-31,3095.421630859375,3123.217253667092,3078.23892708099,3123.217253667092,999811
2023-11-01,3060.412841796875,3098.0404842339485,3042.3572624846965,3082.787259328347,1563475
2023-11-02,3087.4736328125,3102.0374860880515,3071.944703570906,3071.944703570906,1245384
2023-11-03,3079.02001953125,3113.0179735265256,3072.955654228553,3107.596767892487,1402598
2023-11-06,3105.98828125,3117.060631061004,3086.4624322812665,3101.164247975372,1099852
2023-11-07,3096.9833984375,3127.9490531184615,3092.894500782051,3103.9208626386717,1191144
2023-11-08,3107.182861328125,3125.927586681882,3096.1564995125254,3097.9022504005666,992899
2023-11-09,3075.849609375,3116.325591826509,3070.887836157488,3115.039272646239,2112352
2023-11-10,3062.98583984375,3075.8499303163658,3052.7865884253365,3067.166714113737,1338557
2023-11-13,3061.23974609375,3083.705913859629,3057.058872291712,3083.705913859629,1030990
2023-11-15,3128.0869140625,3136.0809812784887,3083.7517522263774,3108.607053624718,2059802
2023-11-16,3214.047119140625,3242.991322415879,3137.1840447327354,3151.748122462739,3951984
2023-11-17,3218.2734375,3238.534422647094,3209.1767785353018,3214.0467999770926,2021292
2023-11-20,3234.032470703125,3247.172040938642,3207.9825974720807,3207.9825974720807,1475621
2023-11-21,3225.394775390625,3251.904078434434,3216.941275630958,3234.0322273250904,1807236
2023-11-22,3243.726318359375,3246.023477409339,3198.656237264632,3216.0226699495847,1798051
2023-11-23,3223.60302734375,3256.4523990326375,3216.022403107853,3243.588309420206,2729804
2023-11-24,3176.60302734375,3220.203054615763,3172.8355973419175,3210.738715902692,1989733
2023-11-28,3188.59423828125,3198.793713354985,3154.458547345828,3176.6032484945686,1689195
2023-11-29,3228.656494140625,3232.561663859614,3193.7856705750914,3198.563715717827,1441634
2023-11-30,3204.62841796875,3231.321223058578,3198.5638291631694,3215.5168157957996,3266235
2023-12-01,3226.727294921875,3231.5973169040535,3206.8799756151684,3216.022623635975,1172141
2023-12-04,3227.4619140625,3259.943827094705,3214.184381936603,3257.049272597595,1625213
2023-12-05,3245.058349609375,3250.938986137575,3218.595036568669,3250.938986137575,1377656
2023-12-06,3311.67626953125,3319.7163257375805,3239.131811495445,3245.977524530947,1896572
2023-12-07,3321.599853515625,3335.980203089425,3300.282263403626,3312.503193839517,1967653
2023-12-08,3332.4423828125,3349.2576305979355,3309.792486099661,3338.2312680280656,1641155
2023-12-11,3347.327880859375,3356.608492292705,3321.6916779737553,3328.950610165191,1102503
2023-12-12,3374.158935546875,3398.324867473977,3336.3935538659134,3343.698474230384,2236866
2023-12-13,3301.982177734375,3353.851980623107,3273.910851221953,3347.92535555113,3850968
2023-12-14,3369.70263671875,3379.5804207107676,3333.2697836344564,3335.474966606875,3290396
2023-12-15,3547.732421875,3579.84666039233,3369.1971763947013,3369.1971763947013,8531230
2023-12-18,3546.078369140625,3610.215093447748,3519.3853366273415,3545.0677537772526,2521612
2023-12-19,3506.56689453125,3542.310819797178,3482.4927153495696,3533.030208580236,2004435
2023-12-20,3473.350341796875,3582.4653925926305,3460.9456833906206,3516.7206581730966,2586083
2023-12-21,3480.19580078125,3497.8379366079334,3439.6280635557396,3451.481313976124,1517562
2023-12-22,3513.734375,3533.903385973376,3456.7648323091003,3491.681648797071,2413058
2023-12-26,3487.592529296875,3522.9227872920933,3482.6305316170315,3509.9209580263773,1285231
2023-12-27,3501.972412109375,3508.4044563995803,3462.2775550704887,3490.7623226413975,1293976
2023-12-28,3491.58935546875,3526.598144867868,3484.4223995695133,3513.7340557516227,1682889
2023-12-29,3485.616943359375,3512.4479388122318,3459.888763645509,3484.330624106451,1574996
2024-01-01,3501.881103515625,3521.0852627367144,3466.8723111444738,3482.4929921117296,825907
2024-01-02,3476.244384765625,3501.880811283447,3461.5885566534093,3501.880811283447,1344068
2024-01-03,3392.214599609375,3465.815661625944,3387.895985677585,3461.3590835588857,1803075
2024-01-04,3369.289306640625,3417.2539447306594,3354.771215975165,3401.4035466272435,3598144
2024-01-05,3434.6201171875,3443.6710132655903,3376.685947407125,3376.8236872126063,1963127
2024-01-08,3379.85595703125,3436.320079253609,3374.4345273007075,3434.620091894895,1067805
2024-01-09,3390.5146484375,3447.897858716544,3383.944863545508,3408.937908160742,1370944
2024-01-10,3411.786376953125,3426.671921717854,3388.7687999719633,3390.606527086916,1292227
2024-01-11,3432.460693359375,3466.8720875812282,3406.227094795551,3421.847774755498,1777909
2024-01-12,3567.763671875,3588.392115065258,3511.5292637762777,3535.787173361786,6813450
2024-01-15,3587.0595703125,3643.2939746897505,3569.784890711143,3638.6996569410876,2801505
2024-01-16,3548.0078125,3582.6489229025124,3542.7243471738425,3582.6489229025124,1432672
2024-01-17,3569.417236328125,3592.7102914180577,3503.213076388841,3509.1397010883193,3458696
2024-01-18,3585.95703125,3591.6539404750943,3548.6510808536727,3581.7301691267776,2239110
2024-01-19,3648.365966796875,3667.33389806662,3622.4585484772238,3650.1701882508987,2941975
2024-01-23,3569.90380859375,3639.9000178846713,3555.5622006022504,3608.5336236676276,2618854
2024-01-24,3554.68310546875,3593.4053099998555,3521.1885578051592,3590.028183123641,2657709
2024-01-25,3525.53759765625,3572.4484922748393,3496.299130619781,3552.9253086283948,2205154
2024-01-29,3516.932373046875,3534.512408586967,3498.288373082006,3516.747365220146,1646747
2024-01-30,3516.515869140625,3560.234639498123,3503.978483467616,3522.900107152383,1411621
2024-01-31,3530.764892578125,3547.4659708226372,3512.722225277384,3526.3698838766622,2459358
2024-02-01,3566.109619140625,3613.06681275194,3520.6792481490897,3534.511913206379,2363107
2024-02-02,3669.87841796875,3686.625578034216,3582.625887966643,3585.44799124433,2826510
2024-02-05,3676.355712890625,3721.4160761926673,3665.9927893840145,3685.3307388054186,1691523
2024-02-06,3826.89599609375,3839.7570890882835,3691.807307643632,3698.2841625693227,4474396
2024-02-07,3778.22705078125,3844.4761158429774,3769.4833416173137,3842.625585823318,2124267
2024-02-08,3825.137939453125,3847.2516815117974,3780.6789132023487,3784.333664594337,2345173
2024-02-09,3824.768310546875,3872.002910542726,3793.586697705998,3827.4049545026455,2100596
2024-02-12,3812.73974609375,3848.7324649898974,3798.721619618426,3821.3445300582025,1013716
2024-02-13,3839.386962890625,3858.3548946268,3776.468945424289,3817.1345212525353,1257415
2024-02-14,3793.6787109375,3807.372450756461,3746.860216589129,3800.0629483964817,1391283
2024-02-15,3796.547607421875,3836.4261683169548,3777.857073318582,3819.493999181755,1091582
2024-02-16,3819.771728515625,3837.953549147556,3793.6795237905503,3805.8466694877607,1307556
2024-02-19,3797.1025390625,3819.7715328328027,3751.9497852480945,3814.913891310595,772291
2024-02-20,3729.4189453125,3791.7356277963377,3710.312315144781,3777.02400598197,1193648
2024-02-21,3693.195068359375,3759.6754457426146,3683.1097707064782,3713.0882648944435,1885939
2024-02-22,3781.65087890625,3788.9140740170506,3674.2275161668267,3674.2275161668267,2982052
2024-02-23,3749.266357421875,3821.344409805824,3743.9921662615307,3821.344409805824,2538072
2024-02-26,3702.031494140625,3747.3231697416345,3685.0990998243196,3734.369460019071,1379284
2024-02-27,3797.657470703125,3815.792754559911,3700.13463275584,3700.13463275584,2960475
2024-02-28,3811.1201171875,3844.3831199375004,3783.4082521595947,3789.5150909802637,1939225
2024-02-29,3789.052734375,3828.8391287714094,3760.785843874876,3792.661177462347,3772719
2024-03-01,3788.35888671875,3830.597144097078,3781.3730907093754,3800.2486324635324,2043265
2024-03-04,3775.728759765625,3810.148571852321,3771.287442681426,3798.212743964883,1749271
2024-03-05,3712.255859375,3760.277023325801,3682.554762016902,3758.426493294637,2070859
2024-03-06,3760.5546875,3767.6791830158427,3662.615294214232,3695.5548194727744,1744204
2024-03-07,3801.5439453125,3815.792936239284,3735.9425199649227,3761.202300148567,2688905
2024-03-11,3814.26611328125,3842.62539405937,3783.408436385448,3783.408436385448,2304068
2024-03-12,3878.94189453125,3913.8245630337647,3813.0628509397507,3814.265966419898,4039801
2024-03-13,3838.924072265625,3924.0484431136456,3823.1019521087987,3890.738906694855,2837260
2024-03-14,3893.144287109375,3909.2438043718553,3780.6319963700357,3843.0412882349024,2919608
2024-03-15,3903.9248046875,3922.1987905600076,3864.8323538969457,3879.2665799313786,3373143
2024-03-18,3842.162841796875,3936.771186305901,3810.102500494757,3900.2232194784533,1526904
2024-03-19,3680.056640625,3754.725483197155,3670.1563500054817,3748.4799442588646,8931209
2024-03-20,3674.13427734375,3717.714344210438,3664.2339881565845,3688.105867601495,1817913
2024-03-21,3676.03173828125,3708.8323391521208,3652.946420443474,3691.8538610073474,3829582
2024-03-22,3618.618896484375,3643.6936690237358,3566.8966719366435,3605.7578029927627,5852485
2024-03-26,3587.715087890625,3651.7433816109683,3582.1171893830456,3585.401925358136,3440925
2024-03-27,3553.850341796875,3603.907269973938,3543.2097940164645,3597.8930473154446,1968575
2024-03-28,3586.604736328125,3622.412446366123,3553.4802044110074,3562.3628386987034,4311783
2024-04-01,3624.031982421875,3639.345164591727,3597.476919948952,3606.4056375645764,1569676
2024-04-02,3593.544189453125,3617.6473874613553,3583.5512824485972,3599.2807871740365,2142666
2024-04-03,3652.29833984375,3683.4797231172092,3563.1952810159187,3563.1952810159187,3973090
2024-04-04,3704.11328125,3727.5686125865695,3641.148955174128,3678.7608856605966,3394637
2024-04-05,3681.86083984375,3702.9106191002543,3664.512120676301,3680.7042585659196,1636819
2024-04-08,3675.66162109375,3731.269913572256,3664.049499848355,3685.3305954282823,2302538
2024-04-09,3651.6044921875,3715.725399430203,3631.711295443335,3686.2556199419873,1876992
2024-04-10,3686.85693359375,3691.992199302218,3625.1881143494634,3660.7181984660388,2101965
2024-04-12,3702.355224609375,3713.4123219078538,3650.633002250067,3674.227259392984,4354821
2024-04-15,3646.654541015625,3760.462141264771,3626.1600106782666,3702.3554514057623,4200329
2024-04-16,3583.3662109375,3635.088432257424,3574.159869690793,3610.383902806716,3051420
2024-04-18,3573.373291015625,3641.8428983525378,3562.270111447477,3587.067257661961,3476284
2024-04-19,3540.2490234375,3564.6298474104997,3516.839772927929,3551.167196003858,2957749
2024-04-22,3575.779296875,3588.1777578205415,3527.1102663259167,3550.2418918920625,1728883
2024-04-23,3585.123779296875,3603.9067015080745,3572.0776800477756,3587.298242119098,1807586
2024-04-24,3544.736328125,3606.6827712829886,3538.6294891035577,3599.280651690822,1317312
2024-04-25,3564.305419921875,3584.152306944371,3526.184551035576,3526.369558837525,2856271
2024-04-26,3535.76171875,3587.0676210226866,3518.366690485543,3567.0354969857567,2039178
2024-04-29,3580.960693359375,3587.9927979834483,3533.772176573303,3551.167204410655,1110693
2024-04-30,3535.11328125,3591.6470575004178,3525.2593003353104,3582.6257246452287,2203078
2024-05-02,3574.57666015625,3581.793773022633,3495.697811393065,3495.697811393065,2491044
2024-05-03,3556.16357421875,3602.612060071111,3513.786615985312,3599.419714958449,2962234
2024-05-06,3628.01025390625,3645.497671472227,3565.0459275516187,3565.0459275516187,2053831
2024-05-07,3681.5830078125,3689.956700971341,3621.0244606949204,3637.031589857526,2062112
2024-05-08,3679.732666015625,3686.533454251881,3644.248888132834,3664.974734166066,1247685
2024-05-09,3664.23486328125,3674.227771702312,3617.83290812145,3665.9003856672275,1726486
2024-05-10,3602.8896484375,3676.633456925493,3594.701187916868,3666.455540921808,1672489
2024-05-13,3652.76123046875,3659.423093323152,3580.7755679293546,3594.191910496532,931326
2024-05-14,3609.643798828125,3650.9107084833586,3601.9640540938385,3641.8430662390724,1058317
2024-05-15,3590.398193359375,3633.469324021022,3585.864485245422,3612.697170078893,1115021
2024-05-16,3635.646240234375,3643.6148000120916,3582.1034617844925,3626.466275520861,2599399
2024-05-17,3573.343017578125,3653.4008690771816,3569.5217674912255,3652.4688790595596,2765804
2024-05-21,3560.388427734375,3583.2688295105067,3550.9288195177332,3570.0812610056682,1908117
2024-05-22,3571.3857421875,3580.006649837613,3557.9185319603234,3574.1817122361854,1311168
2024-05-23,3628.65625,3639.420779503035,3565.3275779741,3579.726777292213,2095742
2024-05-24,3587.695556640625,3619.6628596080805,3582.849254078192,3614.490269526303,1309452
2024-05-27,3585.411865234375,3642.542892805684,3580.099568200672,3592.821139586903,1841538
2024-05-28,3578.748291015625,3606.8012808815743,3569.5216810791803,3595.617400940856,1801993
2024-05-29,3544.963623046875,3587.1361699587314,3541.5619506089633,3587.1361699587314,1568095
2024-05-30,3482.008056640625,3536.3428935872575,3462.7623259187662,3520.126358012179,2919230
2024-05-31,3421.288330078125,3494.7758258285726,3405.258149060957,3485.642279161951,10956800
2024-06-03,3451.01904296875,3496.406907573954,3444.634820860251,3478.9320961856615,2156773
2024-06-04,3462.3427734375,3490.3024728192295,3347.2420109827135,3448.3629237466353,3395997
2024-06-05,3491.65380859375,3526.4637252968946,3448.3629196102897,3463.274759262659,2799670
2024-06-06,3569.89453125,3578.7484365631567,3487.0407083341674,3523.8543146362385,4328036
2024-06-07,3629.122314453125,3648.740748916949,3576.3251734304413,3576.3251734304413,4552445
2024-06-10,3596.26953125,3640.2594108529347,3580.6120547712317,3630.1008115349123,1734661
2024-06-11,3590.118408203125,3616.0741905653326,3579.7732292310616,3583.5011888553586,1419898
2024-06-12,3571.0595703125,3628.703245697616,3567.145257624904,3610.9021447965306,2177001
2024-06-13,3614.39697265625,3625.441145308923,3590.0255248663166,3594.4991224295495,1932323
2024-06-14,3571.43212890625,3624.508910984573,3567.657524106183,3624.508910984573,1860730
2024-06-18,3555.634765625,3580.705202970566,3536.94832258526,3565.840009543117,1774045
2024-06-19,3543.146484375,3573.1101006391245,3534.991571536935,3567.331580370277,1509050
2024-06-20,3529.678955078125,3550.8350815373415,3522.968672913241,3537.833867179764,2846526
2024-06-21,3551.5810546875,3614.071032548509,3539.7448266543074,3566.7258928791084,4642195
2024-06-24,3557.218994140625,3594.684941542304,3533.4532523699927,3549.716430152774,1702154
2024-06-25,3577.39697265625,3585.97123515531,3534.9447826173177,3557.4058326486897,1338808
2024-06-26,3593.613525390625,3603.9584772724033,3579.7733836736766,3583.035348485668,1639845
2024-06-27,3666.588134765625,3673.9043468159107,3558.4308841597035,3570.453463381977,4526556
2024-06-28,3638.62890625,3690.680642180252,3632.7575508940217,3651.3507071067693,2731571
2024-07-01,3707.642333984375,3729.54409757546,3619.8489271393464,3619.8489271393464,2658723
2024-07-02,3744.17626953125,3749.768209134794,3711.696556855965,3721.9950911331453,2307449
2024-07-03,3695.573486328125,3752.2851709732076,3686.02058846926,3746.5999407449876,1821198
2024-07-04,3747.485107421875,3772.0897796971713,3711.2774328068517,3727.820255141,2518001
2024-07-05,3738.95751953125,3752.8907244942034,3716.776112071244,3737.2798920275045,1668616
2024-07-08,3721.622314453125,3757.0845784309718,3707.5027573776674,3748.4636711812386,1758882
2024-07-09,3714.446044921875,3734.437184375931,3704.753440197671,3713.9800499344306,1305801
2024-07-10,3643.28857421875,3731.0355681986657,3636.6249368125336,3712.7684734009517,2669716
2024-07-11,3656.84912109375,3709.320203652745,3630.6603385899334,3663.6526936077744,4872189
2024-07-12,3899.39990234375,3914.3117429549025,3701.2120841991746,3709.3203520241623,13509164
2024-07-15,3885.653076171875,3951.637789303582,3874.329033070802,3947.6304141409055,4848030
2024-07-16,3894.273681640625,3909.2783561355113,3863.005145027192,3888.2621642902236,2029521
2024-07-18,4022.048828125,4030.856314703166,3877.077981309866,3877.077981309866,5613364
2024-07-19,4019.10693359375,4071.746640115579,4003.086272338465,4033.1192535482633,3903354
2024-07-22,4005.04736328125,4035.5008910284364,3984.168919102834,4016.8178011381533,1896386
2024-07-23,4019.060302734375,4074.502471790674,3985.3837543169,4000.9843192418566,2365208
2024-07-24,4022.702880859375,4053.3899479080387,3987.0649773324767,4005.1874837003356,1809793
2024-07-25,4037.883056640625,4057.033224983282,3992.763574168281,4012.1938064248666,2810342
2024-07-26,4098.9306640625,4131.252506902691,4051.475333101173,4063.5728185417897,3552210
2024-07-29,4092.625,4139.239225486161,4083.1899468742968,4124.292751189664,1746803
2024-07-30,4077.91162109375,4108.411675663631,4042.3667670930145,4101.966100549943,1797906
2024-07-31,4096.59423828125,4123.357671588765,4058.901015644128,4063.5717878140294,2330091
2024-08-01,4107.5712890625,4128.309247535578,4077.6313604093743,4109.71966219366,2202244
2024-08-02,4001.0302734375,4108.411516326508,3988.8397395894017,4077.584417636473,2811282
2024-08-05,3881.459228515625,3959.8816965119863,3839.8428198897195,3959.8816965119863,2787771
2024-08-06,3896.545654296875,3977.863625691211,3886.830082040627,3896.312115658603,2203067
2024-08-07,3923.86962890625,3965.439506030656,3905.046049978384,3949.605404089638,1237666
2024-08-08,3897.806640625,3953.342314714544,3886.083182706168,3905.7004295419442,2441283
2024-08-09,3950.30615234375,3973.56650999584,3928.6335837883744,3939.329836106082,1302536
2024-08-12,3919.3857421875,3959.8814362113103,3910.698286669118,3951.4740446269975,936912
2024-08-13,3920.6005859375,3955.210833666653,3907.5689459677865,3935.593585790649,1495593
2024-08-14,4012.427490234375,4022.65666541517,3912.379442730103,3931.856657097139,3226545
2024-08-16,4125.27294921875,4135.502123822571,4040.3118679924623,4063.5722246731834,3457058
2024-08-19,4194.3544921875,4198.32464955761,4101.266070017889,4129.897819590409,2055210
2024-08-20,4225.4609375,4264.415363248319,4203.69531974095,4208.366092318441,2212298
2024-08-21,4251.8046875,4259.745001647808,4196.736091046363,4220.510508211579,1896990
2024-08-22,4205.564453125,4260.633055059924,4201.08069302378,4259.745425644158,1829872
2024-08-23,4169.97314453125,4209.301149291511,4161.659258786881,4203.696220996849,1809253
2024-08-26,4205.984375,4252.411582886306,4189.683195499672,4193.419813734232,1844164
2024-08-27,4201.03271484375,4213.036691098735,4191.36412478117,4208.365918713926,930697
2024-08-28,4209.34765625,4262.080872178137,4163.807614054124,4202.528509306607,1848058
2024-08-29,4214.71826171875,4256.008074746709,4166.329239106743,4166.329239106743,2133641
2024-08-30,4253.90673828125,4289.871692313383,4192.29905664945,4203.695925833791,3637222
2024-09-02,4223.359375,4285.901206487449,4214.905458515991,4274.691351544587,1216500
2024-09-03,4215.232421875,4255.914670528628,4199.865396904255,4223.35929287244,1717263
2024-09-04,4184.31201171875,4191.551709902781,4144.563915753981,4182.163638580721,1265505
2024-09-05,4181.22900390625,4202.761082613176,4160.864162190618,4185.946301664735,1688793
2024-09-06,4163.29345703125,4221.398054814522,4147.646367693666,4179.361098385194,1649179
2024-09-09,4156.56787109375,4194.588149910487,4138.7724064759,4161.659196670836,1184938
2024-09-10,4211.029296875,4241.015753552719,4148.0673621993965,4149.935671573333,1385591
2024-09-11,4184.4052734375,4249.7960919167,4176.838530358877,4223.733271206021,1325919
2024-09-12,4220.23095703125,4234.149771120126,4139.519624394889,4213.271321921695,2742216
2024-09-13,4224.80810546875,4247.601388750184,4208.366891647148,4231.720758970384,1458786
2024-09-16,4216.07373046875,4246.713822399725,4198.511804432986,4228.918357687261,1155120
2024-09-17,4208.9736328125,4237.138303114714,4171.934493703706,4216.0732990838,1699364
2024-09-18,4059.976318359375,4200.9401699807795,4036.482419110844,4200.9401699807795,2961779
2024-09-19,4013.26806640625,4131.018523683511,3999.86285709495,4100.985089340959,2927551
2024-09-20,4002.7587890625,4045.543341654271,3949.13840846222,4032.651735028388,5447908
2024-09-23,3987.43896484375,4025.645797282258,3972.9595683449616,4016.864835147739,1702319
2024-09-24,3990.05419921875,4008.457226546826,3960.815343872883,3971.69815329688,3012026
2024-09-25,3993.27783203125,4007.1501206502808,3960.815955976958,3972.3528578294927,2713073
2024-09-26,4009.85888671875,4032.5586625537417,3979.4988602031162,3979.4988602031162,3964251
2024-09-27,4024.992431640625,4089.7291681823817,4016.9116287956654,4049.560517147242,3012477
2024-09-30,3987.43896484375,4015.697141881708,3979.5451759133052,4004.6273184936945,2503416
2024-10-01,4005.561279296875,4012.89448387877,3963.571305160189,3975.3412878081467,1823365
2024-10-03,3954.043212890625,3997.2478667436026,3932.7911939683495,3981.927821252049,3350119
2024-10-04,3972.2587890625,4014.9963608420544,3945.9154476118897,3946.803076909651,2965463
2024-10-07,3991.503173828125,4014.2964582683157,3950.913967904794,3992.483853853468,1472619
2024-10-08,3973.193359375,3997.6214128260062,3927.1397164894747,3991.2693435073857,1541867
2024-10-09,3972.912841796875,4012.193858824102,3967.0743757624978,3979.498449031589,1082504
2024-10-10,3949.044677734375,4011.119427271969,3922.1412103434836,3973.1926630034595,2378875
2024-10-11,3875.994384765625,3962.6372224848437,3841.6642037825386,3870.2024438892004,5759183
2024-10-14,3864.270751953125,3891.12769821191,3850.7724909029175,3867.4002612649715,2137590
2024-10-15,3845.727294921875,3895.377974493319,3825.3629080466067,3859.0389973491433,2759474
2024-10-16,3825.316162109375,3844.046006612446,3799.3933731218913,3816.0213698692205,2359151
2024-10-17,3838.441162109375,3858.0118829761873,3823.447935515133,3841.990767054733,2522659
2024-10-18,3860.96240234375,3882.594110124687,3820.649118439755,3830.013454514362,2361000
2024-10-21,3820.508544921875,3876.788293233767,3811.2845829224775,3869.905415130514,1595450
2024-10-22,3760.2490234375,3829.8260838402684,3751.6807476679483,3807.538919013043,1928049
2024-10-23,3807.77294921875,3852.0660735451916,3741.192431901251,3745.359744124965,1966476
2024-10-24,3790.58935546875,3819.7125309359994,3749.480013206115,3749.480013206115,2676744
2024-10-25,3799.626220703125,3831.8863126796623,3776.3557541640885,3799.1580039005003,1759676
2024-10-28,3830.809326171875,3871.2163428984345,3793.4923573008123,3810.301294003955,1532534
2024-10-29,3816.200927734375,3842.655176236552,3802.0140505171976,3835.4915508341114,1445885
2024-10-30,3825.00341796875,3845.932800405673,3801.96728855046,3815.9669251651126,1935002
2024-10-31,3716.18994140625,3819.0572656752893,3708.2771230674366,3811.284820930421,3740372
2024-11-01,3730.9384765625,3744.7508713227357,3723.306634635094,3736.22946325371,154895
2024-11-04,3712.162841796875,3738.148871941436,3664.498467142464,3714.176311035008,2269192
2024-11-05,3718.905517578125,3732.624177811658,3690.578402330056,3690.578402330056,967590
2024-11-06,3876.5068359375,3886.0115444872176,3722.5572604185204,3749.1052415175327,3792017
2024-11-07,3887.041748046875,3938.451856070285,3825.377738858535,3904.6469723028927,3724349
2024-11-08,3883.39013671875,3904.6940011051383,3855.905719127717,3890.881605513963,1648039
2024-11-11,3931.803955078125,3965.1406255782304,3855.9057371461695,3865.7853860118053,1406487
2024-11-12,3930.5859375,3949.8765593236603,3899.6369927808482,3948.0036922969543,1587640
2024-11-13,3886.52685546875,3929.9772782781292,3868.4534146320793,3912.512885008803,1098813
2024-11-14,3882.35986328125,3895.5636681242045,3854.7821688707118,3872.1528287724964,1825432
2024-11-18,3763.99462890625,3945.1945196123975,3736.557080351516,3945.1945196123975,3313944
2024-11-19,3782.77001953125,3869.483625120444,3758.93783249858,3764.3689639428794,1776233
2024-11-21,3813.953125,3832.307083720081,3768.2082588386297,3787.779626786105,2384347
2024-11-22,3974.7861328125,3984.4783119791628,3796.301797976082,3812.2211691072102,3096553
2024-11-25,4040.805419921875,4052.979058834102,3981.9038277105533,4007.936503410251,4052167
2024-11-26,4076.01416015625,4089.0304939802354,4036.0282679685406,4046.375674946332,2060669
2024-11-27,4057.14501953125,4099.144155960028,4049.185334306465,4081.8672312002336,1558993
2024-11-28,3975.066650390625,4064.0749328901306,3963.9231826910855,4044.4564672909987,2558544
2024-11-29,3999.366943359375,4025.446706729403,3928.9469641069945,3951.749210359426,2017425
2024-12-02,4004.798583984375,4015.614666194075,3961.1606876475703,3998.5713921173747,1670944
2024-12-03,4029.239501953125,4050.075148671725,3994.310713047887,4040.1022227021986,2010905
2024-12-04,4077.60595703125,4108.087141922203,4016.4099361163426,4039.352556956816,3302642
2024-12-05,4180.2861328125,4203.65033349106,4082.850401875924,4121.056708977947,3746747
2024-12-06,4162.916015625,4181.1764727849795,4132.24781193324,4169.939268378838,1842087
2024-12-09,4169.14208984375,4185.295566844141,4134.868534150862,4148.821758339719,2066639
2024-12-10,4150.78857421875,4208.145132266229,4131.638781428679,4144.795490622383,2087828
2024-12-11,4146.01318359375,4165.86530184749,4126.862933306924,4150.13340004317,1635256
2024-12-12,4171.7646484375,4199.904292516949,4144.654715424752,4148.447088243233,1914642
2024-12-13,4189.51025390625,4209.175359798749,4115.063781598932,4153.036438989519,1967048
2024-12-16,4134.5419921875,4190.540540988883,4117.498717034216,4175.557602741771,1646224
2024-12-17,4053.352783203125,4151.163454307672,4043.52023053508,4129.672120578903,3225027
2024-12-18,4071.47265625,4084.723099385618,4016.9254025729683,4037.620675244945,1575404
2024-12-19,4000.350341796875,4086.5959621440575,3991.0797412140178,4009.808411984614,3015763
2024-12-20,3905.208740234375,4103.45191021329,3888.5404055592617,4053.8209309249955,4116989
2024-12-23,3893.971435546875,3948.940267652302,3853.3303110561437,3933.0675361336625,2195338
2024-12-24,3913.823974609375,3949.8766658457575,3893.971400693724,3893.971400693724,1181886
2024-12-26,3904.0849609375,3932.9740255994225,3879.784328935434,3913.823777800707,1208464
2024-12-27,3900.105224609375,3915.18189568121,3883.6239032620824,3898.372731154391,858100
2024-12-30,3894.439697265625,3932.3652563563705,3850.6147896579423,3887.135698411994,1527169
2024-12-31,3834.508056640625,3876.7881676077986,3775.746852751546,3872.1526387464664,1555429
2025-01-01,3851.03662109375,3871.2165826951264,3825.752684747837,3834.133719917376,763161
2025-01-02,3910.3125,3917.1016434173503,3836.521717202397,3858.1063282045143,1720835
2025-01-03,3839.283935546875,3914.245717822352,3832.1671775259365,3914.245717822352,1791953
2025-01-06,3834.695556640625,3885.871560960142,3807.9134644789865,3844.52810934996,2085593
2025-01-07,3772.2353515625,3877.162777576041,3756.5500894487573,3853.3774566252837,2669054
2025-01-08,3847.24365234375,3863.724974901958,3762.3560392419636,3778.415783789389,2181277
2025-01-09,3782.11474609375,3874.727933015094,3769.4260257292876,3840.3139999504324,2392472
2025-01-10,3994.497802734375,4023.8550868693414,3904.928022398221,3933.0210297536037,7894300
2025-01-13,4018.32958984375,4048.1550860892057,3958.6785973528376,3975.1599171978064,4003771
2025-01-14,3963.969482421875,4039.6802192540545,3950.859413957183,4028.5367525076463,3441709
2025-01-15,3979.468017578125,3985.882678702443,3939.9974357665556,3949.8766266035373,1653474
2025-01-16,3938.92041015625,4021.0458185510897,3925.3892191834284,3989.207076624975,2637705
2025-01-17,3933.1982421875,3967.8165423249693,3910.071878467617,3967.148790924069,1761466
2025-01-20,3888.85302734375,3953.70197855909,3879.6025285384753,3953.70197855909,1287799
2025-01-21,3848.84716796875,3920.514965783352,3843.2681372189027,3905.5424789112035,1971591
2025-01-22,3964.002197265625,3970.2485138616216,3856.81016118588,3862.3414621912134,2409223
2025-01-23,3953.368896484375,3997.1420062138413,3948.2187353873046,3974.873845832015,1822998
2025-01-24,3959.94873046875,3984.4101308405807,3913.838960500178,3913.838960500178,1910099
2025-01-27,3876.789306640625,3963.7636988388535,3853.806130953275,3911.931938025521,1551782
2025-01-28,3853.0908203125,3911.9318748383976,3841.6468460321344,3882.1775882750967,2468272
2025-01-29,3909.83349609375,3917.5107746444246,3866.155848644477,3866.155848644477,1217089
2025-01-30,3910.07177734375,3938.5387545651533,3870.447205350259,3909.9288208062503,1531251
2025-01-31,3921.849609375,3937.1562032629076,3895.9577125678047,3919.5609078155994,1492943
2025-02-01,3884.41845703125,3944.260904282812,3868.0632040212854,3922.4220804091583,437172
2025-02-03,3880.127197265625,3888.0903894285034,3813.4184082314428,3844.126360326472,1265713
2025-02-04,3916.74755859375,3928.0010789730964,3877.6475473199966,3894.4796324423637,2547132
2025-02-05,3901.537109375,3957.7078578894043,3887.136681628244,3957.7078578894043,1693912
2025-02-06,3893.573486328125,3947.6939432135873,3863.8192024122486,3915.1738927290917,2284536
2025-02-07,3842.695556640625,3900.487717170586,3822.2872299314695,3900.487717170586,1548940
2025-02-10,3849.8955078125,3864.248203802436,3828.34283176266,3852.804230839546,1339511
2025-02-11,3779.89697265625,3852.8045770599656,3771.743094621823,3832.2053307443857,1810908
2025-02-12,3767.117431640625,3835.399897535905,3757.5807873998447,3787.0968875876433,1678002
2025-02-13,3728.97119140625,3799.828511079361,3721.437334907012,3784.140776452309,2277310
2025-02-14,3752.526611328125,3765.067205571011,3719.29131249416,3743.132923471687,1681975
2025-02-17,3723.582763671875,3751.715864332221,3677.520725177595,3677.8068710719904,1799806
2025-02-18,3693.7333984375,3742.5609756413837,3685.4365636204366,3717.765697945917,2149879
2025-02-19,3608.761962890625,3695.402243866394,3593.5508277041968,3692.779666465734,4366672
2025-02-20,3604.279541015625,3612.4811488989126,3577.4817080927064,3587.209039488717,2888572
2025-02-21,3610.573974609375,3640.1375755636514,3600.0836645933414,3601.1327887262482,1833931
2025-02-24,3505.28955078125,3588.830426562075,3499.948936112553,3569.709405563437,2508516
2025-02-25,3461.373046875,3488.504755446709,3453.4575849265707,3457.033826816381,4101954
2025-02-27,3445.160888671875,3469.431604706493,3433.8598707149063,3444.3501806796594,3823856
2025-02-28,3321.851806640625,3433.192134904543,3296.8181139902795,3418.83943788603,7085018
2025-03-03,3331.19775390625,3359.9983745974937,3315.08068451919,3323.520708287026,4990439
2025-03-04,3368.390869140625,3386.462765522496,3303.780096861225,3313.03059628982,2797737
2025-03-05,3382.69580078125,3433.526166541638,3357.7098367858857,3357.7098367858857,2501894
2025-03-06,3434.718505859375,3442.2046332492396,3372.253474752731,3392.1849716997262,2786513
2025-03-07,3443.873046875,3457.0336629714075,3408.778148227326,3433.192051502639,2051315
2025-03-10,3423.32177734375,3454.2683775177134,3416.5986286887846,3439.391117760303,1004626
2025-03-11,3409.636474609375,3422.46321459512,3373.7308692128186,3393.138033446029,1995450
2025-03-12,3343.73828125,3403.8668719856255,3325.285013656077,3399.8137980328515,3174167
2025-03-13,3348.363525390625,3360.9995790197195,3322.6623157069057,3340.0189616732987,1693004
2025-03-17,3335.632080078125,3366.864590627224,3316.2251483346326,3327.3352459788202,2690906
2025-03-18,3335.632080078125,3335.632080078125,3335.632080078125,3335.632080078125,0
2025-03-19,3335.060302734375,3382.6480693895237,3302.301833176931,3382.6480693895237,3051244
2025-03-20,3398.04931640625,3413.117260947197,3349.269474003577,3349.269474003577,2845192
2025-03-21,3412.30712890625,3448.6893373916764,3304.4475780330895,3313.9842232799383,4161925
2025-03-24,3460.80078125,3480.6370496480163,3401.33993867541,3433.1922402172363,1834751
2025-03-25,3488.266357421875,3538.0953280117983,3469.4314833711383,3476.1071349334247,3135390
2025-03-26,3467.33349609375,3509.9622534210275,3457.8445807190283,3478.7297405017125,1734499
2025-03-27,3482.019775390625,3493.2730630548403,3443.2056768112207,3447.354210516991,2528474
2025-03-28,3439.05712890625,3491.3179898494645,3425.467409839091,3481.829074680501,2051919
2025-04-01,3386.271728515625,3417.9333412495,3361.6671394822783,3407.156886548775,2618493
2025-04-02,3379.7392578125,3398.955737182192,3366.4834143953553,3379.7869876031436,1764313
2025-04-03,3245.463134765625,3339.732960373482,3238.7874835027424,3329.242651246095,4537821
2025-04-04,3146.5205078125,3242.1253724074613,3142.80130945332,3206.7922895105216,5317367
2025-04-07,3122.345458984375,3138.891399190129,2914.446587584341,2956.3600978903933,6623955
2025-04-08,3140.36962890625,3193.8225734236476,3104.46425178094,3149.0480694302546,5557558
2025-04-09,3096.16748046875,3118.4831382349053,3063.2183230694536,3109.47105463043,2990265
2025-04-11,3081.7666015625,3146.0912207172287,3057.448158628926,3137.126868218105,7108961
2025-04-15,3097.693115234375,3160.8256612772952,3088.5380753385457,3160.8256612772952,3512160
2025-04-16,3122.10693359375,3126.2077375710383,3079.3827167859167,3097.693028895488,2384391
2025-04-17,3146.04345703125,3150.5258660607433,3068.8920987065558,3095.1178702150796,2932346
2025-04-21,3167.69189453125,3198.590529231532,3131.92947805952,3137.651464694997,2432946
2025-04-22,3160.82568359375,3179.422142272889,3142.3246845006793,3168.6459191470717,2710498
2025-04-23,3254.857177734375,3262.39103470682,3182.664816343833,3209.081278369813,3543923
2025-04-24,3243.985107421875,3254.379956863419,3230.7290317834236,3243.5082751937634,2252175
2025-04-25,3288.235595703125,3316.6548478232908,3247.2280172184282,3261.532986457276,2742991
2025-04-28,3283.943603515625,3297.581052006719,3247.227521408655,3275.837455517982,1593296
2025-04-29,3311.600341796875,3333.057795415429,3271.4509687837376,3294.911211204666,1578332
2025-04-30,3293.6708984375,3347.266794515735,3210.034571873815,3311.123004618504,2809332
2025-05-02,3272.022705078125,3329.7194038998173,3261.5323962014536,3311.122947254809,1721761
2025-05-05,3294.2431640625,3342.117073001106,3286.7090751925784,3290.142360352066,1284443
2025-05-06,3299.679443359375,3312.077082886448,3277.745158042246,3299.679443359375,1324763
2025-05-07,3285.4697265625,3299.202402500721,3262.1049458539387,3262.1049458539387,1477128
2025-05-08,3289.09326171875,3315.89132616591,3269.8292861996833,3288.2350568363695,2543591
2025-05-09,3280.892333984375,3286.518861931395,3240.6477348711433,3241.505939870428,2531757
2025-05-12,3452.646728515625,3462.278832722667,3339.923635561146,3342.5939426230407,2228678
2025-05-13,3352.130859375,3455.126629734175,3347.839368943368,3452.647008797929,3062887
2025-05-14,3384.269287109375,3395.999407449705,3346.0274789718064,3357.8528260686357,2119499
2025-05-15,3414.0234375,3433.192187008764,3351.272499900048,3398.8602651386764,3548330
2025-05-16,3396.285400390625,3427.37472311883,3381.789746684424,3427.37472311883,1666727
2025-05-19,3355.7548828125,3385.5091703638486,3341.3544549002117,3385.5091703638486,2537377
2025-05-20,3336.20458984375,3393.1383143193784,3332.103785899918,3368.1523508133114,2038374
2025-05-21,3362.43017578125,3373.111171091834,3336.2044033172906,3345.454901948022,1440153
2025-05-22,3315.891357421875,3335.7276249349993,3291.382227143766,3333.057317857191,2034383
2025-05-23,3351.749267578125,3371.2039297984234,3305.0197081551764,3315.8913900733005,1274331
2025-05-26,3373.3974609375,3380.7406309750972,3347.457833268305,3357.8526831208233,967470
2025-05-27,3336.5859375,3375.972327891045,3321.708911006242,3368.3430118958113,2467680
2025-05-28,3335.632080078125,3365.481823748712,3331.149903755809,3356.8988437504863,1222933
2025-05-29,3336.013916015625,3368.8198820327834,3324.951314566822,3342.3079620855306,3188072
2025-05-30,3302.92138671875,3344.2151042659493,3293.098829075797,3328.288954402222,3404365
2025-06-02,3289.951904296875,3299.679235825276,3260.197617868956,3290.1425906350296,1877585
2025-06-03,3247.418212890625,3312.553542881876,3242.936036438699,3286.3277699067066,2848125
2025-06-04,3252.902587890625,3266.276489448532,3242.4153443856753,3260.6960243688586,2544807
2025-06-05,3243.4736328125,3279.9386829080418,3236.353648443686,3279.9386829080418,3584683
2025-06-06,3256.07763671875,3262.5239346599506,3231.5430403786086,3243.473730125776,2070390
2025-06-09,3292.350341796875,3303.992342378787,3262.5239694574043,3271.27954690969,1718678
2025-06-10,3331.7978515625,3353.831020585222,3293.6009022564963,3309.7649174374747,2419874
2025-06-11,3340.45703125,3356.9097352615186,3318.5204057648953,3338.6290574254713,2847013
2025-06-12,3304.1845703125,3343.1512807546196,3293.6010193282204,3340.4572389790806,4060134
2025-06-13,3315.2490234375,3319.867346975648,3264.7366235777054,3264.7366235777054,2178493
2025-06-16,3363.933837890625,3376.152982383372,3296.4876555687347,3309.765249187461,1934088
2025-06-17,3382.2138671875,3386.7358823235677,3356.04368234908,3377.1144735669664,2111940
2025-06-18,3320.7333984375,3404.0549041256045,3312.747815947458,3385.8705329382847,2696327
2025-06-19,3294.370849609375,3320.3486571267385,3283.787298398597,3319.386516107577,2672768
2025-06-20,3305.627685546875,3315.826473793808,3281.7665424976394,3295.332824141505,2351248
2025-06-23,3265.121826171875,3295.332959933054,3242.4152043720856,3285.71154983106,3123421
2025-06-24,3262.042724609375,3311.785601803136,3253.9608342374113,3304.569544364703,3403048
2025-06-25,3314.383056640625,3319.386142397456,3271.2790968554636,3278.302772484131,1757699
2025-06-26,3311.496826171875,3320.7332385135887,3286.000090554292,3314.3832490719788,2879106
2025-06-27,3310.82373046875,3335.1657116254887,3301.106011701098,3324.197397384813,1778433
2025-06-30,3330.931884765625,3333.721999491074,3300.143375143297,3309.66847634863,1468351
2025-07-01,3299.854736328125,3353.06117731207,3284.268100073099,3324.1969490999145,2375183
2025-07-02,3293.697265625,3357.7757139896216,3290.5221534097136,3355.1779803217332,3090585
2025-07-03,3272.04931640625,3305.243182495177,3268.9705120384147,3300.1437879715377,2531870
2025-07-04,3290.329833984375,3297.257202194738,3261.7542933055606,3278.9765232213795,1109320
2025-07-07,3282.536376953125,3296.3913481829886,3279.361264698508,3288.8866014623586,1639174
2025-07-08,3277.24462890625,3295.3329266950955,3264.929177120374,3276.090106685197,2325242
2025-07-09,3255.692626953125,3284.749236961352,3239.528611847941,3280.9006731219124,2034938
2025-07-10,3253.9609375,3270.3173348795094,3228.9452709195743,3252.036655455352,3035012
2025-07-11,3142.3525390625,3208.7402687610033,3137.638142071979,3174.9690253465947,7635550
2025-07-14,3100.69189453125,3148.125494964879,3078.8513398189525,3142.3526487027184,3924009
2025-07-15,3129.17138671875,3136.002447241285,3084.624209084001,3084.624209084001,2590889
2025-07-16,3121.2548828125,3132.6464874286985,3109.187305299685,3115.365810708297,2540733
2025-07-17,3098.181640625,3129.8470122556437,3093.2582102459683,3112.5663349360093,2947640
2025-07-18,3079.549072265625,3117.103513998714,3076.749488627971,3113.434923384125,3432645
2025-07-21,3048.946044921875,3086.9831935033963,3042.9605731669335,3079.6460115490218,3844346
2025-07-22,3050.297607421875,3070.0884350644405,3045.470576289542,3050.297607421875,3198036
2025-07-23,3069.122802734375,3071.92238630693,3048.3665703944635,3050.297382705153,1922875
2025-07-24,3039.098876953125,3063.909770455093,3031.3756269481614,3055.6074181166887,2934778
2025-07-25,3027.32080078125,3047.6907301283586,3017.47370470728,3031.375459671135,2568917
2025-07-28,2972.775390625,3010.1365638260077,2963.700430830921,3002.413314143324,3374473
2025-07-29,2950.281494140625,2967.658806606113,2935.993434530025,2954.1431191329557,4785312
2025-07-30,2947.96435546875,2962.831516110354,2941.7856146047457,2954.14286063789,2880121
2025-07-31,2931.74560546875,2953.9499481457733,2910.6997030967705,2936.47600158721,2968371
2025-08-01,2899.11474609375,2931.7455219766357,2896.2185275661836,2925.0840779463133,2053847
2025-08-04,2968.044677734375,2972.8717086542492,2888.1092342571515,2905.0038424767117,2519252
2025-08-05,2957.907958984375,2971.0375775693733,2936.7656575031788,2968.044724074376,1927996
2025-08-06,2927.401123046875,2960.7076353045086,2921.319017147813,2957.0390447864347,1487081
2025-08-07,2941.5927734375,2946.0337363593026,2906.741514367591,2911.665180402855,2543076
2025-08-08,2931.359130859375,2953.94977611907,2920.353595060068,2942.6545713366527,2762140
2025-08-11,2935.607177734375,2944.3922326106717,2916.78175710605,2931.3592490987544,1884215
2025-08-12,2930.393798828125,2989.2835752923374,2922.187846369997,2935.8001676667204,3358232
2025-08-13,2931.166259765625,2939.0825434733065,2923.8293140563796,2931.0698605624675,2148166
2025-08-14,2917.7470703125,2950.1845757137776,2914.6578177545016,2929.0422751905776,3342174
2025-08-18,2907.03125,2943.5236533530624,2899.501034118434,2941.1101377304376,2945609
2025-08-19,2911.858154296875,2920.353776057107,2906.9347240582983,2907.0311232620697,2650784
2025-08-20,2991.40771484375,2996.0414760002127,2906.741403418293,2906.741403418293,4952358
2025-08-21,2995.26953125,3021.721568272579,2976.444109339037,3021.721568272579,3230726
2025-08-22,2948.3505859375,2988.6079780367672,2944.4889610705222,2979.2435848733217,1593791
2025-08-25,3031.955078125,3042.960615514831,2970.6517789228456,2980.4988759076773,3448370
2025-08-26,3047.98046875,3052.6144657420946,3012.067404527304,3020.756060501902,5522097
2025-08-28,2986.67724609375,3037.6507428505593,2979.7263682848406,3036.2026334864163,3116051
2025-08-29,2977.988525390625,3007.2403810515466,2970.747978726777,2986.001444170926,2271789
2025-09-01,3004.92333984375,3022.7833539936464,2983.105066117822,2983.105066117822,1246862
2025-09-02,3003.861572265625,3045.856744495596,2995.752253975034,3013.1295666219185,2185229
2025-09-03,2990.345947265625,3033.209891747505,2981.1745876210657,3021.6250164070084,1799774
2025-09-04,2988.60791015625,3010.136515439645,2983.877514079595,3008.205703050011,1481391
2025-09-05,2942.84765625,2996.0413944584525,2923.8292019621163,2989.959524182405,2802055
2025-09-08,2914.56103515625,2958.8730811610762,2911.664816837115,2944.488624453979,2626187
2025-09-09,2943.909423828125,2954.1428233110028,2925.9530108288373,2927.208085964641,2489301
2025-09-10,3002.413330078125,3014.6739418754814,2947.7712440051832,2950.667462651561,2079428
2025-09-11,3016.1220703125,3030.4101295308183,3002.5099840051885,3030.4101295308183,2263446
2025-09-12,3025.003662109375,3039.774423958481,3013.0327196287853,3035.237062003493,1447167
2025-09-15,3004.24755859375,3025.583130595429,2988.8976937854013,3025.583130595429,1732539
2025-09-16,3036.878173828125,3041.0294675418386,3001.5444490507502,3019.790531578054,2573429
2025-09-17,3063.040771484375,3072.308529384687,3033.692282229551,3042.9602758247306,2418271
2025-09-18,3066.805908203125,3092.1961390627853,3052.035145819797,3074.8188270106057,2633138
2025-09-19,3059.565185546875,3070.474322402291,3035.2369972120114,3060.337557621526,4901694
2025-09-22,2967.465576171875,2999.420379452393,2958.96995461183,2987.93214013821,3634901
2025-09-23,2956.4599609375,2974.126942183857,2946.419830367542,2963.79714260431,3177741
2025-09-24,2930.393798828125,2951.2466664114318,2928.0769182943645,2944.4888232106205,1625714
2025-09-25,2855.092041015625,2924.794553291062,2848.913535961088,2917.4573723057974,4974361
2025-09-26,2798.809326171875,2852.5824066299083,2791.279110356836,2839.2597533717444,3934636
2025-09-29,2795.912841796875,2827.964278797825,2793.885394606466,2815.124329879908,3110035
2025-09-30,2788.479248046875,2814.448816935253,2785.2935960579534,2810.297523025748,2253458
2025-10-01,2813.38671875,2823.620118812873,2767.433524755383,2790.989341906879,1952902
2025-10-03,2801.51220703125,2822.8477787064007,2791.086008442819,2822.8477787064007,2899519
2025-10-06,2885.019775390625,2890.040076154485,2795.4302691582598,2801.608774520881,2112774
2025-10-07,2870.828125,2900.562680563452,2853.2577807972316,2891.3913224455114,3062943
2025-10-08,2922.477783203125,2937.7312492504684,2865.3257797487317,2872.083623568894,4121889
2025-10-09,2955.7841796875,2959.9354735767624,2915.5267874109013,2929.042474504859,3211304
2025-10-10,2923.53955078125,2963.7969409179377,2902.8797173331764,2944.4888175243354,8817365
2025-10-13,2903.16943359375,2930.4904757795234,2894.4807779251564,2922.2845232036298,2866865
2025-10-14,2857.89208984375,2922.477671901626,2853.2580928331454,2916.492200456414,3611416
2025-10-15,2877.756591796875,2887.349664986807,2859.539215693528,2878.9193527026337,4282226
2025-10-16,2878.628662109375,2882.7954389661986,2851.8842144350965,2877.8534092983937,3251495
2025-10-17,2870.391845703125,2896.1675207642234,2863.8025522629873,2877.950145926403,4374683
2025-10-20,2921.749267578125,2929.307567962745,2886.186765192536,2892.9698128193104,3133039
2025-10-21,2913.512939453125,2937.8351067763124,2903.1446131495227,2937.1568492749448,310644
2025-10-23,2977.951904296875,3001.9833223001874,2942.001890896718,2960.3160263483123,5564758
2025-10-24,2968.26171875,2994.231149497321,2963.513679841537,2984.541081052346,2684318
2025-10-27,2989.2890625,2998.300873295387,2965.3546412157716,2971.4594315335457,1946312
2025-10-28,2963.1259765625,2994.424945391891,2945.974602490029,2980.6650953225503,3470737
2025-10-29,2962.83544921875,2980.665080689528,2951.691870406029,2963.125962015583,2895420
2025-10-30,2941.226318359375,2968.8430115115416,2938.8038014162025,2954.598659200471,2241536
2025-10-31,2963.222900390625,2972.3314700068563,2931.342670159881,2940.9357431934422,1868085
2025-11-03,2923.2998046875,2963.2228381217715,2916.710511035491,2952.4667678534975,2194877
2025-11-04,2897.5244140625,2935.412678861251,2883.764563259587,2926.0133591519766,2670720
2025-11-06,2917.582763671875,2930.276848617888,2897.330614208824,2897.4276095278424,2542721
2025-11-07,2899.074951171875,2910.896788283535,2868.7449872547954,2907.989767522932,1830520
2025-11-10,2931.439453125,2953.4358611387806,2899.2684732632038,2900.237480105872,1556656
2025-11-11,2952.56396484375,2960.9942773891976,2924.462765309628,2950.6259510827763,2806868
2025-11-12,3034.735595703125,3039.192885115363,2962.3508338140637,2965.1608589527805,4460315
2025-11-13,3009.444580078125,3034.8325126833847,3005.859301984357,3034.7357539410323,1740435
2025-11-14,3009.7353515625,3016.6153949995773,2981.924901585002,2994.2312415737683,2210794
2025-11-17,3006.052978515625,3026.6928715689805,2990.93661372188,3009.7352518307202,2232853
2025-11-18,2991.421142578125,3008.7662705711664,2982.6030856096777,3005.8592500198897,2548350
2025-11-19,3050.142822265625,3057.216619603584,2987.932629650603,3001.0142221592077,3151053
2025-11-20,3047.3330078125,3066.422396812198,3040.8407087665255,3050.433782640164,2700767
2025-11-21,3052.952880859375,3071.7515179167412,3038.0300343800313,3047.3325941742696,4177037
2025-11-24,3043.84423828125,3080.375748831919,3033.960415828725,3060.1236005069036,6703764
2025-11-25,3022.526123046875,3052.1778273241375,3018.4563415864895,3047.817296493595,2737920
2025-11-26,3064.87158203125,3079.503679669953,3020.394263540353,3022.1385231343734,2508527
2025-11-27,3039.386962890625,3081.4417653096157,3028.1463888655812,3081.4417653096157,2836233
2025-11-28,3040.2587890625,3049.7551028737985,3028.146204245518,3042.6813060258964,1616690
2025-12-01,3036.285888671875,3056.2475238822894,3025.433059554359,3040.646419381282,1747647
2025-12-02,3038.5146484375,3046.557452385492,3023.688796726563,3033.96036368288,2512003
2025-12-03,3081.441650390625,3112.3528729457903,3041.7123712503685,3042.6813780586676,3952112
2025-12-04,3129.11669921875,3149.27208789607,3088.6121678196405,3095.00770730463,5025905
2025-12-05,3137.837890625,3170.2028609083113,3122.527535293584,3129.892081880524,5244013
2025-12-08,3136.190673828125,3158.8653395160463,3109.1554773099156,3142.489218360763,2544725
2025-12-09,3108.86474609375,3133.4774256277456,3082.604565643986,3129.8921475722495,2734893
2025-12-10,3090.356689453125,3125.0471830165943,3079.6008550466445,3125.0471830165943,1386849
2025-12-11,3092.972900390625,3108.9615135733166,3055.3756234989633,3105.6669848803986,1914362
2025-12-12,3120.6865234375,3123.1090405337873,3086.9650381423917,3098.5931202045713,1146554
2025-12-15,3130.0859375,3137.8379924435076,3098.2057061744017,3111.578048266741,1562190
2025-12-16,3105.763916015625,3120.202023295087,3092.197820262168,3120.202023295087,1734623
2025-12-17,3118.0703125,3136.5782015286727,3101.306446555184,3101.306446555184,1376350
2025-12-18,3179.117919921875,3185.9009682967376,3121.171259347543,3127.9543077224057,2307422
2025-12-19,3180.280517578125,3215.067769256,3177.179742937931,3196.753634213965,3902511
2025-12-22,3221.850830078125,3225.436344736965,3189.0015919916527,3207.4127224224762,2632816
2025-12-23,3207.41259765625,3217.005670614833,3191.423985009323,3217.005670614833,2365420
2025-12-24,3216.1337890625,3223.98283930865,3193.943626455098,3201.695681385047,1367708
2025-12-26,3178.342529296875,3217.102804044398,3170.3967202884214,3210.4167512800273,1176664
2025-12-29,3150.7255859375,3186.094333865139,3142.392032892103,3178.342279524835,2079473
2025-12-30,3146.17138671875,3166.229780553915,3139.097589626445,3149.2721612242462,2807593
2025-12-31,3106.82958984375,3145.3961082329884,3099.3682847144837,3139.582067367493,3362634
2026-01-01,3127.37255859375,3133.865093634826,3099.0776063813255,3115.35696849259,1255735
2026-01-02,3149.950439453125,3153.4389586535176,3119.717473820805,3133.7680727866077,1184324
2026-01-05,3116.4228515625,3146.3650669323792,3092.1006863508537,3140.066522757738,2341703
2026-01-06,3154.892578125,3162.063134250383,3105.666982384277,3110.512016678168,2912325
2026-01-07,3193.458984375,3198.3040184958663,3123.3027483604965,3142.3921354819236,1989442
2026-01-08,3104.600830078125,3185.028395467413,3083.3796755266676,3185.028395467413,4159336
2026-01-09,3108.380126953125,3129.6012816982266,3092.1007650495476,3092.1007650495476,1938673
2026-01-12,3139.19482421875,3151.2104150586442,3075.9186268106855,3103.7290773163704,2228342
2026-01-13,3166.71435546875,3178.3424375573745,3110.9964621274244,3144.42719813222,5645341
2026-01-14,3093.554443359375,3158.9624073145064,3084.348878061986,3158.9624073145064,3539511
2026-01-15,3093.554443359375,3093.554443359375,3093.554443359375,3093.554443359375,0
2026-01-16,3163.8017578125,3178.7983689605644,3128.579389024886,3176.3318131508636,4293470
2026-01-19,3121.278564453125,3176.9239686725823,3109.9324074221513,3145.3520534559602,3387562
2026-01-20,3060.798583984375,3117.7266457653604,3049.7484617692403,3109.4391143226594,4499273
2026-01-21,3080.826904296875,3096.5141025881594,3040.769942385441,3058.5291438659533,2015150
2026-01-22,3108.2548828125,3117.7265535020897,3080.5309399469356,3107.8603302315137,2269827
2026-01-23,3120.193115234375,3151.7650297600667,3109.8335807806325,3147.621264153488,2068857
2026-01-27,3115.75341796875,3132.5259981161435,3088.127991843631,3132.5259981161435,4279874
2026-01-28,3157.290283203125,3162.3219126707263,3128.184923835551,3133.5125881835056,2751234
2026-01-29,3102.335205078125,3157.2902623909354,3083.786897692938,3157.2902623909354,2457641
2026-01-30,3082.109375,3098.980713054142,3050.636219281569,3098.980713054142,3022068
2026-02-02,3127.1982421875,3155.218220087344,3092.074390792288,3155.218220087344,2636272
2026-02-03,3182.153076171875,3305.1848335937134,3143.674804974814,3305.1848335937134,4366060
2026-02-04,2958.979248046875,3078.2617963038065,2946.0543986420407,3078.2617963038065,10852595
2026-02-05,2951.480712890625,2989.1696378838233,2932.5376122480607,2950.000779389259,3521545
2026-02-06,2902.248291015625,2945.0676030314735,2876.990663463912,2936.7800719556926,4687389
2026-02-09,2908.760009765625,2937.174782066686,2898.2031986297916,2919.5143380742375,2380318
2026-02-10,2944.673095703125,2971.3118985519286,2904.1228216834434,2910.3385905230825,3547763
2026-02-11,2870.873779296875,2957.893822910036,2865.348597754142,2940.134620504305,3363513
2026-02-12,2713.31005859375,2841.472197833708,2703.3450771056805,2831.4086986412967,10612156
2026-02-13,2656.1845703125,2676.706362809734,2550.4187054416375,2550.4187054416375,11168735
2026-02-16,2670.39208984375,2683.4154564010123,2635.2682386101537,2663.880286127823,2918730
2026-02-17,2681.04736328125,2723.0775699498763,2659.144396219614,2679.666188399951,4209118
2026-02-18,2658.848388671875,2693.478928386682,2621.751534036431,2693.478928386682,2950820
2026-02-19,2642.075927734375,2711.9288391622777,2630.9272877397234,2671.7733571903564,3238849
2026-02-20,2650.264892578125,2666.4456435463158,2612.0826560359187,2631.3217917460984,2293482
2026-02-23,2640.497314453125,2667.8267040377664,2624.612599044486,2650.0675026055624,4699596
2026-02-24,2539.269775390625,2612.0825495938816,2527.035755172012,2605.669504618486,7798833
2026-02-25,2594.126220703125,2618.6930211303556,2560.2850255621997,2561.2716479227247,3621285
2026-02-26,2612.27978515625,2635.26813265383,2599.749730266882,2614.549064594777,3464267
2026-02-27,2602.11767578125,2652.6329325338243,2590.969035984877,2645.726576120342,5083717
2026-03-02,2578.537353515625,2588.6996112720262,2545.7815416803182,2557.324974292137,3374385
2026-03-04,2553.181396484375,2599.7499237945026,2545.880246481027,2589.8837001747893,3446434
2026-03-05,2544.3017578125,2574.5910157046947,2512.335049229941,2565.2181034037962,2960636
2026-03-06,2523.385498046875,2584.161292192951,2519.4390085227947,2537.5927639837228,3998643
2026-03-09,2493.589111328125,2525.7530947438377,2471.4888680989507,2496.1544256648085,3653428
2026-03-10,2479.480712890625,2511.1511456572443,2456.7883989435327,2507.007379980955,4323710
2026-03-11,2431.92529296875,2487.2749022159755,2427.1896984686477,2474.547570466413,2720664
2026-03-12,2409.726318359375,2439.818299872899,2403.412031703097,2426.8936916820116,2752075
2026-03-13,2378.253173828125,2413.179508655849,2364.9337721078678,2404.398666093815,2466488
2026-03-16,2376.970458984375,2392.5591399058967,2334.4471812699776,2377.759805019881,3807907
2026-03-17,2359.70458984375,2387.6260500920594,2328.428710007132,2387.6260500920594,2993367
2026-03-18,2408.14794921875,2449.684606821956,2377.759931791064,2377.759931791064,3082388
2026-03-19,2324.482177734375,2391.5724952581177,2318.7597201236085,2384.6661390424383,2757060
2026-03-20,2358.619384765625,2375.5892402804725,2332.5724113216993,2354.0808258010857,4206320
2026-03-23,2351.910400390625,2374.602714385491,2316.589272171523,2333.3618520807718,3860515
2026-03-24,2366.709716796875,2402.819949907421,2347.2733048784753,2371.9388633725343,3420182
2026-03-25,2345.595947265625,2389.204849113034,2338.097761710688,2368.781573169959,5843778
2026-03-27,2357.830078125,2389.69802736586,2353.0942427947716,2371.7413083689694,4979411
2026-03-30,2327.34326171875,2365.9202902405636,2314.8132066050703,2343.3267357786763,6804756
2026-04-01,2375.98388671875,2438.9304406017563,2365.8216283746565,2396.5056797013217,4132661
2026-04-02,2417.915283203125,2436.858383664294,2343.91860884341,2354.080866963729,5378361
2026-04-06,2440.804931640625,2448.7966690134326,2415.4487854587173,2440.903690225315,2572417
2026-04-07,2505.823486328125,2509.868493428073,2415.251506653692,2428.0775971710527,4516550
2026-04-08,2524.9638671875,2545.781695099603,2506.119524847839,2537.592681428627,4769337
2026-04-09,2554.365234375,2570.1511917909907,2497.2398973257214,2519.8334525275204,5628261
2026-04-10,2490.53076171875,2531.4755878535475,2467.641172150841,2531.4755878535475,10480239
2026-04-13,2439.5224609375,2471.390169384871,2436.9571465386753,2456.5908344868626,3739587
2026-04-15,2520.72119140625,2524.7664391435346,2460.0439205944767,2468.430210056267,5261384
2026-04-16,2542.427001953125,2559.298340252972,2523.779936147688,2537.5926488552986,3905403
2026-04-17,2546.965576171875,2554.365243737743,2521.707947863873,2535.6194192375438,2718206
2026-04-20,2545.091064453125,2559.2983296867455,2526.937069016173,2552.490731944509,2288558
2026-04-21,2575.57763671875,2579.0308149330826,2525.7532081976633,2525.7532081976633,2719959
2026-04-22,2504.540771484375,2545.485597963241,2470.107748698972,2545.485597963241,5232045
2026-04-23,2488.064208984375,2525.2598221872495,2482.637786236952,2495.167841496993,2509050
2026-04-24,2364.8349609375,2471.4889309127534,2356.8434646078067,2454.7163513416886,5107719
2026-04-27,2414.85693359375,2426.1043319099444,2364.8349883004043,2364.8349883004043,5853425
2026-04-28,2411.99560546875,2453.7297789552113,2394.9269906770533,2411.3050180002156,4508363
2026-04-29,2441.59423828125,2454.6176048964962,2414.8569175928637,2418.211337173827,2835961
2026-04-30,2440.804931640625,2457.6762701500647,2405.3852856787867,2445.8368019678887,3970446
2026-05-01,2440.804931640625,2440.804931640625,2440.804931640625,2440.804931640625,0
2026-05-04,2398.77490234375,2464.8785979918853,2392.559133533261,2460.6360738276094,2632358
2026-05-05,2394.828369140625,2427.485422911908,2379.9302759850466,2397.4922011892513,3385720
2026-05-06,2402.81982421875,2437.9436740268407,2374.306536440952,2409.2328690917466,3147628
2026-05-07,2369.274658203125,2407.0623398832377,2365.9202387848723,2405.582406456141,5829594
2026-05-08,2362.368408203125,2374.7999458983372,2343.326789953136,2365.920344937355,3792199
2026-05-11,2360.888427734375,2382.6928771212197,2339.2814955090735,2339.2814955090735,1975188
2026-05-12,2269.52734375,2343.2279819983573,2252.4587296430527,2343.2279819983573,6347884
2026-05-13,2242.395263671875,2278.308219875756,2238.6460506699204,2275.1510766173806,3171843
2026-05-14,2215.953857421875,2234.6996825737074,2176.883514966109,2234.6996825737074,5633313
2026-05-15,2233.712890625,2274.06564640704,2221.873423006846,2221.873423006846,3410637
2026-05-18,2252.656005859375,2262.226194073794,2222.070714305826,2233.7129057172556,3773336
2026-05-19,2295.968994140625,2345.793423403843,2266.3703232911885,2269.2314317901273,10394707
2026-05-20,2296.2646484375,2310.669430390967,2286.793218866712,2292.8114703818346,2537422
2026-05-21,2296.0673828125,2304.650948701518,2283.0440165455843,2299.816595750975,3299087
2026-05-22,2286.300048828125,2308.696328282268,2277.223171267918,2299.9154856057353,2617262
2026-05-25,2308.199951171875,2326.10009765625,2293.0,2325.0,3298364
2026-05-26,2276.199951171875,2327.89990234375,2272.39990234375,2308.199951171875,3587597
2026-05-27,2284.199951171875,2295.60009765625,2260.89990234375,2275.0,2653950
2026-05-28,2284.199951171875,2284.199951171875,2284.199951171875,2284.199951171875,0
2026-05-29,2258.89990234375,2334.0,2235.0,2291.0,16331582
