Price,Close,High,Low,Open,Volume
Ticker,ABBV,ABBV,ABBV,ABBV,ABBV
2021-01-04,85.33941650390625,86.91002668819559,84.08454171573817,86.77239701320735,9523400
2021-01-05,86.22187042236328,86.64285711887534,84.70792549743126,85.33941480727918,6823800
2021-01-06,85.47703552246094,86.78048387418967,84.34360136747259,84.80507023768764,11017500
2021-01-07,86.3918685913086,86.67522556294058,85.46893092558228,85.90611290040823,8196000
2021-01-08,86.84526062011719,87.05575706823265,85.62277650913639,86.49713449223096,5345900
2021-01-11,88.26203918457031,88.69922120102206,86.68333149464955,86.68333149464955,6334200
2021-01-12,88.87732696533203,89.68692186379812,88.34299754423824,88.42395579874108,6106900
2021-01-13,91.03894805908203,91.81616463295488,88.81256198565502,88.89352642060953,9821300
2021-01-14,91.43211364746094,92.30032575173092,89.6875095469952,90.67038386436357,8268800
2021-01-15,90.52295684814453,91.37478421746991,89.671135727782,91.0799206569741,9196200
2021-01-19,91.8825912475586,91.98906730805614,90.30999001317329,91.12086154825292,7723800
2021-01-20,92.24298095703125,92.63612813937037,91.30105619886102,92.48051024380196,6554600
2021-01-21,91.12903594970703,92.3494392059121,90.71950406852781,92.25114930480329,5417000
2021-01-22,90.80142974853516,91.40753532016782,89.67112375025336,90.6294270693811,5185500
2021-01-25,90.50655364990234,91.10447299821836,89.44996055424987,89.8758772473147,6928200
2021-01-26,89.11416625976562,91.16182627263743,88.91758639927698,91.16182627263743,5554600
2021-01-27,84.19158172607422,87.39411842813597,84.02776519145303,87.05011307887423,11887900
2021-01-28,85.35464477539062,86.11637442117,84.45367577206139,85.18264211330643,8534300
2021-01-29,83.93766784667969,85.58398172023432,83.38889030653343,85.18264217508016,9380400
2021-02-01,83.79022979736328,85.09253824853134,83.42983972329674,84.36357196159558,7518200
2021-02-02,84.74854278564453,85.43655346257167,83.95404980231558,84.26529183488334,10481300
2021-02-03,87.59886169433594,88.10668344653507,85.19081862497414,86.98456390896483,12101900
2021-02-04,88.89301300048828,89.17968414450503,86.20648413833887,87.53337003931073,9077800
2021-02-05,89.05680847167969,90.3181612068634,88.8192792231433,89.7939608821489,7251000
2021-02-08,87.50878143310547,89.26158387520297,86.66514664142315,89.18786487696975,9199100
2021-02-09,86.3293228149414,87.23029171431118,86.09179357119618,86.82075982832849,5506900
2021-02-10,85.22359466552734,86.92724269579944,84.95330209980106,86.8043881195249,7446000
2021-02-11,84.97786712646484,85.7395966913882,84.62566945130757,85.64949917572281,5090100
2021-02-12,85.54304504394531,85.6495211129301,84.48645174785078,84.98608128125119,3738400
2021-02-16,85.34645080566406,86.97639236899913,85.19901906247198,86.27199695696598,5637300
2021-02-17,87.05829620361328,87.43506481970576,85.30550008794076,85.75598145004732,6940400
2021-02-18,86.86992645263672,87.32041415539695,86.17372329752199,86.26382083807404,5386600
2021-02-19,86.00992584228516,87.39413996949185,85.92802067926708,87.00918507841052,6702400
2021-02-22,87.68896484375,88.19678662861698,85.37101913371411,85.72321680327529,10272500
2021-02-23,87.04192352294922,88.1312800800297,86.78801569722447,87.61527203934202,7058600
2021-02-24,89.02406311035156,89.63836107550947,86.49315224444072,86.82077907565069,7626200
2021-02-25,87.91012573242188,89.52368253900461,87.69716737877629,88.85205042270209,6237600
2021-02-26,88.2459487915039,88.93396576339428,86.29657882757829,88.19680695385533,9250000
2021-03-01,88.79470825195312,89.4499555329425,88.51622331458803,88.8929919071731,4709500
2021-03-02,88.33604431152344,89.58921113467342,88.30328100418437,89.15510824811422,5487000
2021-03-03,87.40230560302734,87.75450332024987,86.3784757563295,87.52516643442338,7218700
2021-03-04,86.5340805053711,88.25411301267057,85.96073217029789,87.2302833953542,7503700
2021-03-05,87.39411163330078,87.63164090331239,85.23997592444994,86.82896181744276,7277800
2021-03-08,86.9108657836914,88.58994917887235,86.65695798939076,87.51697128409998,6049400
2021-03-09,87.46783447265625,89.02405712963355,87.18116335796712,87.21392666378325,6857500
2021-03-10,88.4588851928711,88.75374864343084,87.68077712825874,87.95925580436489,5762600
2021-03-11,88.35243225097656,88.97491636580584,87.91832309992276,88.56538438285715,4671400
2021-03-12,88.63909149169922,88.93395497976131,87.94288846392647,88.29508617194722,5341200
2021-03-15,90.30997467041016,90.39187979910585,88.75375222934889,89.00766000299377,6642200
2021-03-16,90.7850570678711,90.98163694078158,90.01514110367492,90.05609055714248,5570200
2021-03-17,86.03448486328125,86.07543431464318,84.19978321986406,84.9860839241857,19445600
2021-03-18,84.99424743652344,85.99350626836066,84.70757635746216,85.18263485931277,8675100
2021-03-19,84.70758819580078,85.53484449581472,84.29805624020442,85.12531254021836,10899100
2021-03-22,86.7388687133789,87.14840066552048,84.26529222302523,84.77311409330699,7627200
2021-03-23,85.87065124511719,86.77162648149606,85.6003649231648,86.3047603358094,6111600
2021-03-24,84.4127197265625,86.27199819511091,84.40453358718415,85.85427387524476,9420100
2021-03-25,85.08436584472656,85.305516623559,83.58548347791309,84.28168662627424,6281500
2021-03-26,86.80440521240234,86.91907367214567,85.05160250854928,85.07617967760488,6596900
2021-03-29,87.41868591308594,87.63983039912962,86.40304225780662,86.62419299281144,5472700
2021-03-30,87.46783447265625,87.6644080585914,86.71429718577009,87.52516869559406,5354100
2021-03-31,88.63909149169922,89.42539204354435,87.47602231598839,87.5415426752545,9048000
2021-04-01,88.88482666015625,89.26160161674859,87.90195231407564,89.21245352517069,5091700
2021-04-05,86.93544006347656,89.34348987976735,86.32933453961398,89.34348987976735,10584400
2021-04-06,86.31294250488281,87.05010118757554,85.90341059771585,86.69790349745351,8522500
2021-04-07,86.17369842529297,86.92723559336063,85.32187135527536,86.43579858153218,8037300
2021-04-08,86.90267944335938,87.57431159838096,86.28838151197517,86.32933720698547,5881800
2021-04-09,88.08213806152344,88.22956982269724,86.86173452395035,87.1402132678553,5977500
2021-04-12,88.6636734008789,88.92577361732488,87.93470697860852,88.31147564918945,5647500
2021-04-13,88.63909149169922,88.75375993161656,87.66440350344058,88.48346735939943,6165100
2021-04-14,87.7934799194336,88.43182443168142,87.52819298480678,88.0587668540604,7766700
2021-04-15,88.61421966552734,88.66395899443539,87.56136381235324,87.86809810720627,5730500
2021-04-16,89.45982360839844,89.99039751780825,88.82147272289795,89.11162934133458,8207700
2021-04-19,90.04012298583984,90.13960795039343,88.8048813860929,89.50954915809865,4542900
2021-04-20,90.38832092285156,90.82770182983275,89.57588242596474,89.63391374717094,5411800
2021-04-21,91.8556900024414,92.38626386451826,90.65360365481466,91.01837555684475,6181100
2021-04-22,91.23394012451172,92.09611806695403,90.86916815467346,91.73135242205629,5046000
2021-04-23,92.33653259277344,92.65985089266081,90.81942607981746,90.95206640351827,4611000
2021-04-26,92.34481811523438,92.88368401891344,91.89714519486746,92.48575042582955,5202300
2021-04-27,92.38627624511719,92.726172206244,91.67331633648219,92.22875993450661,3522900
2021-04-28,92.79248809814453,93.32306198883384,92.28678387030946,92.58523247443965,5116000
2021-04-29,91.93031311035156,93.35623295560124,91.46606249094573,93.16555497980796,6766700
2021-04-30,92.4360122680664,93.10751849464287,91.2836714552041,92.41114260411024,10575400
2021-05-03,95.07230377197266,95.42049171577614,92.51062087127008,93.1821334199653,9138200
2021-05-04,94.42567443847656,96.11688128415875,93.72100650067742,95.02257171635738,8151400
2021-05-05,95.98422241210938,96.39873365508787,94.46710974482258,94.76555834576227,7021400
2021-05-06,96.2329330444336,96.31583402921,94.64121136694375,95.33758722899317,5803800
2021-05-07,95.95936584472656,96.93761276465098,95.3044372324522,96.481647805175,6808200
2021-05-10,96.34901428222656,97.16145294474107,96.14175861781804,96.48165461847874,7093300
2021-05-11,95.24639892578125,96.63915704321775,94.82359566023624,95.73552551238039,5784600
2021-05-12,95.30442810058594,96.16661228002027,94.87333917333869,95.21323511742865,6208300
2021-05-13,96.66402435302734,97.16143659893825,95.34588158511646,95.79355450391823,6558200
2021-05-14,96.52308654785156,97.4847493252064,96.48163289432733,97.29407769884978,6268500
2021-05-17,96.90444946289062,97.58424772965078,96.63087049183167,96.80496447570363,6183200
2021-05-18,97.16973114013672,97.74175871663351,95.60287904576202,96.25780761125864,8174900
2021-05-19,96.04227447509766,96.58114047233494,94.82361014555919,96.54797880674207,6433600
2021-05-20,97.08683013916016,97.27750178134222,95.43707705598918,95.61945670179026,5526100
2021-05-21,96.26610565185547,98.0567911614546,96.21635999538019,97.4267322206047,5577800
2021-05-24,96.09200286865234,96.83811807312469,95.82670959158146,96.6557321076084,4821300
2021-05-25,94.97283172607422,96.16662635305876,94.66609739687571,96.14175668582006,6574200
2021-05-26,95.08888244628906,95.12204410675572,94.3096055626128,94.9479501330108,5802600
2021-05-27,93.11581420898438,95.50339691821057,92.86710490961197,95.43707991999278,26406000
2021-05-28,93.8453369140625,94.906490941573,93.5634723227279,93.95311387834626,7104300
2021-06-01,93.02462768554688,94.50028694119099,92.8836953577473,94.25986962174078,6846200
2021-06-02,92.35311126708984,93.39768142768388,91.89714634482341,93.19042579482459,8100700
2021-06-03,93.02462768554688,93.1904360049646,91.73135441879192,92.12099606324776,6286100
2021-06-04,93.14897155761719,93.7707384523192,92.9831695823393,93.18213321766076,4255400
2021-06-07,93.68782806396484,94.59975148636997,93.1240925496698,93.43911880106377,5570100
2021-06-08,93.13236236572266,93.75412909218936,92.70127355167855,93.41423323735543,4114200
2021-06-09,94.50857543945312,94.85676340992858,93.46400520308639,93.58006785991152,4884000
2021-06-10,96.36557006835938,96.98733692038542,94.6329161433511,94.80701010292564,6263800
2021-06-11,95.68577575683594,96.46505893346205,95.22981717525194,96.36557395614604,4471400
2021-06-14,95.669189453125,95.73551276534828,94.66607307426982,95.39561053390835,4427600
2021-06-15,96.02568817138672,96.11688116233294,94.9396642769199,95.63604654187836,3590500
2021-06-16,95.7769775390625,96.60600011805543,95.47852890462983,96.34900514254853,6670200
2021-06-17,95.25469207763672,96.07542262958232,94.53344018353901,95.32101539949538,4172300
2021-06-18,93.7790298461914,94.67436936185688,93.72099852272291,94.21011877410886,7415400
2021-06-21,95.11375427246094,95.54484318977974,93.4888646054123,94.25157011288361,4666100
2021-06-22,95.08888244628906,95.5697170356455,94.40908421907274,94.91478847254416,4359900
2021-06-23,94.50857543945312,95.36246769678404,94.46712177989825,94.96454039479508,3837300
2021-06-24,95.12205505371094,96.32414166544204,94.72412773219637,94.85676806438765,7712300
2021-06-25,93.6629638671875,94.16866176802856,92.96658168539945,93.59664054988585,11709400
2021-06-28,93.67957305908203,94.5997888402595,93.54692637984047,93.89512075037867,5141800
2021-06-29,93.09923553466797,93.47229315475523,92.5272079472567,93.38939216417364,5795100
2021-06-30,93.3810806274414,93.61320588247324,92.54376625041476,93.02460075008858,5042600
2021-07-01,94.72412109375,94.96453839924732,93.58835789018134,93.63809722064966,5306900
2021-07-02,95.47852325439453,95.74381021097548,94.41737542807071,94.9396573449501,5719500
2021-07-06,95.94277954101562,96.0837118521916,95.14691235156793,95.47852262634781,7172100
2021-07-07,96.78838348388672,96.97076945833072,95.59458897839154,96.09200757230798,6695100
2021-07-08,96.45677947998047,96.83812912187015,95.90133584885466,95.96765917568953,3948800
2021-07-09,96.6474609375,97.26922791781082,96.2578192845147,96.41533561017448,4823400
2021-07-12,97.51791381835938,98.11481102680168,96.68060565229308,96.82982995440365,8148400
2021-07-13,97.75006103515625,97.89927903614891,96.73865241771237,97.48476772243852,6540300
2021-07-14,98.37873840332031,98.53801073104599,97.56562068138638,97.96799052152696,6543400
2021-07-15,98.22786712646484,98.48772716158835,97.0291482358539,97.91770685565896,4544600
2021-07-16,98.49607849121094,99.19183955929103,98.00988354758022,98.83977000512421,6826100
2021-07-19,96.75251007080078,98.07696983077444,95.3442251199767,97.8003409450612,6762000
2021-07-20,97.28062438964844,98.68890939063556,96.78604487374552,96.8614920250148,5581400
2021-07-21,98.0685806274414,98.1356433350437,97.06266559521438,97.77518927599618,4133800
2021-07-22,98.5296401977539,98.83980045986848,97.56563444916497,97.77520063818638,6257000
2021-07-23,99.07450866699219,99.47687214855455,98.55478224156757,98.89847384437712,4411100
2021-07-26,98.73918914794922,99.30920933838597,98.30328796943505,99.02419604544188,3730100
2021-07-27,98.88172149658203,99.1667348728262,97.87580622908648,98.73921800618659,3773100
2021-07-28,99.37628936767578,99.694827672547,98.32845842282661,98.60508093172285,5650400
2021-07-29,99.64453887939453,99.86248312223326,99.04098720132723,99.77865792149122,4632200
2021-07-30,97.49019622802734,99.87924956595367,97.33930831218711,99.75350857017803,9017200
2021-08-02,96.77766418457031,98.27815887553719,96.74413922209904,97.9847674880191,9245500
2021-08-03,97.44828033447266,97.49857417455203,96.30823972602025,96.96208522886299,5902700
2021-08-04,96.46749114990234,97.67458781807566,96.32498770362757,97.05427380835803,4602000
2021-08-05,96.50102233886719,96.8698544112256,95.93938020048839,96.5094003800801,5132400
2021-08-06,95.93939208984375,96.86148837363947,95.92262960988933,96.6183908438617,5340400
2021-08-09,95.61246490478516,96.55970806200725,95.34422046987532,96.04836610867103,5277900
2021-08-10,96.24956512451172,96.4255999669674,94.65686070813994,95.72983864050953,5120800
2021-08-11,95.32747650146484,96.68546141888028,95.18497301675264,96.53457989068126,6840400
2021-08-12,96.93695068359375,97.01239784879695,95.48675601558605,95.52866542251803,4863600
2021-08-13,97.64107513427734,97.87578822715952,96.98722329566712,97.08781736209612,4416400
2021-08-16,99.25894165039062,99.43497649734314,97.83388760125342,98.0769851695554,8180500
2021-08-17,100.3067626953125,100.37381901452827,98.91524014548258,98.98230286015084,6551700
2021-08-18,98.320068359375,100.52470223884146,98.22785872986765,99.89600370790156,5586900
2021-08-19,98.8565444946289,99.71995600901441,97.41472835992826,97.41472835992826,6145200
2021-08-20,99.60263061523438,100.14750405445116,98.62186226191619,98.99907889151446,4112500
2021-08-23,100.05528259277344,100.96898811434728,99.93792603762547,100.42412113492568,4748300
2021-08-24,100.32352447509766,100.35705583219743,99.26730911053832,100.35705583219743,3831500
2021-08-25,100.92707824707031,101.76534300594058,99.64453418927121,100.47441450982606,5241100
2021-08-26,100.92707824707031,101.63960201301953,100.71751205735275,101.31267926869633,5035400
2021-08-27,100.23971557617188,101.12827429968645,100.10559012596784,100.87679227828063,4279900
2021-08-30,101.06957244873047,101.34620132868747,100.2061608495786,100.45763641689697,3260900
2021-08-31,101.24560546875,101.57252817728182,100.61690696842696,101.28752126028562,6021800
2021-09-01,94.11197662353516,101.87430966563406,88.93988487324206,101.43003039050173,50943200
2021-09-02,93.90240478515625,95.34422102955465,92.8964897472025,95.18495509240728,14719200
2021-09-03,93.56710815429688,93.94432471126896,93.06414421773127,93.19826963960266,5364800
2021-09-07,91.39601135253906,93.52520474069011,90.8008441039719,92.58634584967339,12694200
2021-09-08,92.51089477539062,92.96355849049284,90.29787643185907,90.58288336611662,10823200
2021-09-09,89.920654296875,91.99116919228179,89.86197602190386,91.73969361188503,10337100
2021-09-10,89.42607879638672,90.80083239804763,89.15783434717123,90.09669311715152,7620100
2021-09-13,90.0967025756836,91.17805852837523,89.53506030501359,90.0212554188372,7398900
2021-09-14,89.25843048095703,90.59126832014128,89.06562678075029,90.52420560742134,6102700
2021-09-15,90.33976745605469,91.20318531202447,88.88118893435734,89.35061503434018,7444300
2021-09-16,90.59965515136719,91.16129099546514,89.30034223876808,90.73377418489764,5821800
2021-09-17,90.3062515258789,90.74214632006898,89.77814071517655,90.11344784671978,14157200
2021-09-20,89.19137573242188,90.10508129187265,88.48722997689167,88.93989373499262,7103400
2021-09-21,89.82006072998047,90.03801133505354,89.02370545567392,89.06562124738285,6400400
2021-09-22,89.19975280761719,90.180521004813,88.79738292403688,89.70271036550332,6319100
2021-09-23,89.99609375,90.7589112593773,89.40092661321391,89.68593352570932,5847800
2021-09-24,89.75300598144531,90.5745082454539,89.22490149451637,89.58535559064477,5836100
2021-09-27,90.2978744506836,91.06907643929178,89.71108532378005,89.80329495235844,4969600
2021-09-28,89.97933197021484,91.0523161839379,89.72785639149954,90.21405146398232,6445600
2021-09-29,91.23672485351562,91.85704532247539,90.09669077063049,90.40684460965839,6270100
2021-09-30,90.4236068725586,92.56117781654291,90.3481597311148,91.53849395674857,7886400
2021-10-01,91.44628143310547,91.94924530555555,89.58533940775511,90.74214224439744,8611500
2021-10-04,91.14451599121094,92.37675962455448,90.27272000896505,91.23671921665229,9779200
2021-10-05,91.79837799072266,92.69532105089391,91.45468636057296,91.69778391460386,7146900
2021-10-06,91.63909149169922,91.93248284077967,90.65832338386528,91.62232901265966,5710300
2021-10-07,92.93840789794922,93.70960987298879,91.84027681205063,92.0246960659627,7842600
2021-10-08,93.1982650756836,93.67607567566084,92.74560139221276,93.08929297233854,5019800
2021-10-11,92.49413299560547,93.38269801362107,92.44383915521972,93.16474737952825,4613800
2021-10-12,91.0103988647461,92.42706826427737,90.66671366095844,92.30971171708626,6305800
2021-10-13,90.97686767578125,91.40438446730502,90.53258840410751,91.02716151168327,5471100
2021-10-14,92.4022445678711,92.47011385018924,91.46048950020622,91.59623453783081,7289500
2021-10-15,92.7585678100586,93.29307473379966,92.54646096322666,92.6058506214201,4634500
2021-10-18,91.14655303955078,92.47009767151597,90.85808436646336,92.47009767151597,7949400
2021-10-19,91.16352844238281,91.68955580048141,90.66295934552093,91.41805927084714,4614900
2021-10-20,91.97803497314453,92.57193167650769,91.20596278578384,91.20596278578384,5626800
2021-10-21,92.27495574951172,92.43615253625929,90.90898726699191,91.97800748656974,4811800
2021-10-22,92.59737396240234,92.6652497138159,91.8931776057095,92.19861201408258,4614400
2021-10-25,92.05437469482422,92.5973677235722,91.4180541324176,92.54646414993567,5697400
2021-10-26,92.89433288574219,92.9706947330447,91.79986054298983,92.31740187885696,5047400
2021-10-27,91.96954345703125,93.08946751226682,91.77440228145002,92.97068817860458,4875300
2021-10-28,93.04703521728516,93.24217637539593,91.79984585250091,91.96104913646252,5193300
2021-10-29,97.2891845703125,97.50129145555674,94.53179506213733,95.10023996107468,16545000
2021-11-01,97.4079360961914,98.1800080450721,96.35588805819862,97.78124617898968,7096800
2021-11-02,98.86725616455078,99.85143517780895,97.70491462491262,97.78126999336119,10357800
2021-11-03,99.74958801269531,99.78352587825914,98.62117825639524,98.86722292699356,6186900
2021-11-04,99.31690979003906,99.87687498342635,98.69756141030908,99.74960957829401,4912200
2021-11-05,99.41873168945312,99.5375110180066,97.99337327382345,99.03694191524379,4635800
2021-11-08,98.4684829711914,99.64779655131157,98.23092433246035,99.43568969916065,7015000
2021-11-09,98.0866928100586,98.91814804208708,97.91700991825326,98.62119974493405,3146800
2021-11-10,99.05389404296875,99.35084232366076,97.90003231829093,97.90851840430699,4981100
2021-11-11,98.95207214355469,99.68172012814739,98.6636099730344,99.21508900413164,3120900
2021-11-12,99.24054718017578,99.60537119597424,98.78239563896469,99.60537119597424,2740300
2021-11-15,99.13025665283203,99.94475267231911,98.60423579510655,99.22358418687769,3941000
2021-11-16,98.77392578125,99.66477722546585,98.70605002925512,98.93512907399085,3476400
2021-11-17,99.56294250488281,99.79202150108775,98.62967376812583,98.92662202895943,4361500
2021-11-18,99.32539367675781,100.42835186616097,98.96056964238483,99.61386235353488,3160300
2021-11-19,98.62120056152344,99.94475172591625,98.29880047522886,99.80051414640127,5885800
2021-11-22,98.12062072753906,99.55445849488059,97.57762776127007,98.3751450394226,3975800
2021-11-23,100.86104583740234,101.24284204686309,98.54484268655382,98.89269455065383,8948300
2021-11-24,100.67440032958984,101.16648331159486,100.18231087459735,100.6913660298021,5792800
2021-11-26,98.85027313232422,100.20775560832007,98.2733422709026,99.78354193000968,5016700
2021-11-29,99.17267608642578,100.04655525352302,98.9096656695678,99.12177251490158,4372500
2021-11-30,97.80670928955078,99.08783647144504,97.65399209917274,98.99450893993695,8172100
2021-12-01,98.34122467041016,100.94589657264642,98.08669385699798,98.23092496387073,6287500
2021-12-02,99.15572357177734,99.77507201763471,98.07821702933144,98.62969619512762,4919800
2021-12-03,100.83560180664062,100.9628672195822,99.26601230832871,99.89384681305592,6428100
2021-12-06,102.95667266845703,103.8899415951974,101.14103839205679,101.49737637759598,8939900
2021-12-07,103.09241485595703,103.62692178596812,102.65971507090765,103.49117676835671,6123300
2021-12-08,103.39784240722656,103.88144573281403,102.44760145476216,103.47419776090446,5278100
2021-12-09,105.332275390625,105.59528584419645,103.59299642690816,103.68632396972154,8082300
2021-12-10,106.45217895507812,106.91033049358418,104.96743111608114,104.96743111608114,7059500
2021-12-13,107.33454132080078,108.37810329228653,106.22309713768253,106.22309713768253,7834200
2021-12-14,107.99632263183594,108.47143989616109,106.37582321917554,106.64731972350238,6381400
2021-12-15,110.49069213867188,110.95732977869947,108.25933049860151,108.81080958054675,9585600
2021-12-16,111.80577087402344,113.0784120780343,110.2192156490688,110.38041893959965,9569000
2021-12-17,109.89679718017578,111.16095863329679,109.7610456927317,111.0082349734286,12631100
2021-12-20,111.02521514892578,111.47488065577011,108.79384684237631,109.03140548954028,7119200
2021-12-21,110.25312805175781,111.4409340717262,109.57438360405781,111.33911398968839,6085900
2021-12-22,112.03484344482422,112.48450894192534,110.10890957578401,110.21920928313996,7070900
2021-12-23,112.91722106933594,113.49415854314755,112.13666926616028,112.27242078305446,5702300
2021-12-27,114.03715515136719,114.09653835058823,112.97662066691353,113.0020724588622,4436800
2021-12-28,114.02015686035156,114.75828454976279,113.46868423313218,114.15590835030466,4237200
2021-12-29,114.84312438964844,115.27581766921776,113.75713843835888,114.2068038894722,5594300
2021-12-30,115.32673645019531,116.09032891871367,115.07221857333128,115.17402572407688,6354300
2021-12-31,114.87706756591797,115.5643046511935,114.79223259144663,115.42006059723965,3963400
2022-01-03,114.89403533935547,115.13159397233801,113.27353592110178,114.88555572602559,6839800
2022-01-04,114.67346954345703,115.57280066552045,114.01169709718484,114.81770067190335,6298300
2022-01-05,115.27584838867188,117.21026218902487,114.53772055447793,114.53772055447793,7724900
2022-01-06,114.73284912109375,115.94610719831492,114.67346592700714,115.72550775919663,4667000
2022-01-07,114.43589782714844,115.25038092391065,113.79957724393871,114.74981183881977,8630300
2022-01-10,115.71702575683594,116.14971911960062,114.17289444475274,114.60558780751742,9794400
2022-01-11,116.20912170410156,116.31092886663981,114.36803548766568,115.25888699780612,7159400
2022-01-12,116.4805908203125,116.56543873780683,115.4115769681469,115.82731105030972,6589300
2022-01-13,114.45751953125,115.8290816754993,113.92602726456984,115.72621811176606,8386400
2022-01-14,116.4720458984375,116.62635437838757,113.4031553959873,114.3118318216592,10484500
2022-01-18,117.25209045410156,118.28076534791386,115.96624356675846,116.163403093664,12341900
2022-01-19,115.90625762939453,117.86931168318057,115.58907313243459,116.93493264256708,6196700
2022-01-20,114.03748321533203,115.55478633766539,113.79745948844803,115.29761432162908,6612800
2022-01-21,113.13739013671875,115.08330896759686,112.8716505105374,114.0632015662073,7583000
2022-01-24,113.29169464111328,114.22607364270557,109.94848463752986,113.8574704528398,13733800
2022-01-25,114.08893585205078,115.14334000245915,112.11730080920863,112.71737331639304,10296500
2022-01-26,115.06616973876953,116.13770901278855,113.8660509839936,114.2603701118571,8040300
2022-01-27,116.55773162841797,118.55508196804894,116.03482005383381,116.15483190306736,8869100
2022-01-28,118.2293701171875,118.28080191573218,115.38336826175684,116.5749195558636,8014400
2022-01-31,117.34638214111328,117.58640583824905,116.25769482033361,117.28638275698458,10300000
2022-02-01,117.44071197509766,118.1607832742097,116.61776400445943,117.75788343487729,7413900
2022-02-02,118.82939147949219,119.50661149077052,114.05462022718427,116.07768649682474,11363100
2022-02-03,120.6381607055664,121.47825682189661,119.18943767345684,119.58376983829673,10272700
2022-02-04,120.569580078125,122.41263526663947,119.35231317182533,120.14096441758377,6921500
2022-02-07,122.18120574951172,122.59267321073123,120.29529904858133,121.01537037579415,9597800
2022-02-08,123.02127075195312,123.09843151726427,121.08393254022218,121.75257197083343,7559500
2022-02-09,122.75554656982422,123.4241860846071,122.44694271066946,123.4241860846071,5989100
2022-02-10,122.33551025390625,123.80136875958365,121.99260981375193,122.71268111760449,7333400
2022-02-11,121.73542022705078,123.10699562956897,121.33252044307277,122.46407211219714,6475200
2022-02-14,122.58406066894531,122.74693668855784,119.5323197129736,121.53823756646378,9931900
2022-02-15,124.09281158447266,124.69288402306243,122.75553270593781,122.88412526291262,9530100
2022-02-16,125.04432678222656,126.20159428079877,123.57846856970092,124.07566429825651,8028900
2022-02-17,124.2728271484375,124.7014428140994,123.08127612110988,124.1270993917499,5486600
2022-02-18,123.46703338623047,124.92432410166495,122.90125754178601,124.03280923067494,7585900
2022-02-22,124.7785873413086,125.45580740091484,121.08392248952244,121.08392248952244,11576800
2022-02-23,125.80729675292969,127.17030484962706,124.60717782284144,125.34439747427145,9271000
2022-02-24,124.53001403808594,124.89861727603231,122.98699484133844,123.10700671884582,12070200
2022-02-25,128.19039916992188,128.8933353136512,125.19866945660279,125.26724954967263,8320700
2022-02-28,126.673095703125,126.938835361189,124.95005210805431,125.712987579402,11090600
2022-03-01,126.6045150756836,128.15610190895515,125.33581619084536,126.58736678417777,7489900
2022-03-02,128.2161102294922,129.65625274172587,126.2016111531152,126.6130785737086,8247200
2022-03-03,128.93617248535156,129.26191150877312,127.59889365153526,128.42182843527797,5408400
2022-03-04,129.0647735595703,129.16763715467653,126.95599137800463,127.3846071313668,5389500
2022-03-07,128.11322021484375,129.22762356479828,127.0331134432145,127.72746873071274,7137700
2022-03-08,126.14159393310547,128.4904126529779,125.46438688966279,127.72747723832393,8817500
2022-03-09,127.5903091430664,128.67899660425425,126.66449772886479,127.09311339764449,5368900
2022-03-10,127.87322998046875,128.37042585391475,126.61309854335732,126.93028311453915,4635700
2022-03-11,127.77890014648438,128.92758699111334,127.7103200703452,128.01892387281544,5171400
2022-03-14,130.3848876953125,131.13067475052645,127.74461368657833,129.21047190408927,8647200
2022-03-15,133.625244140625,134.09671097926838,130.43634206371283,130.52205736150526,8384300
2022-03-16,133.77096557617188,134.43103743141378,131.60217113211905,134.15671709873175,7178900
2022-03-17,135.94833374023438,135.96548203187666,133.90813176547888,134.7310666399124,7227900
2022-03-18,136.47125244140625,136.67699271070765,134.705357640925,135.44257725552845,9912800
2022-03-21,137.1998748779297,137.97137783097008,136.29121177491842,137.11414651411994,5825000
2022-03-22,137.16558837890625,137.41419280403431,135.45970630442955,137.19988495907492,5756600
2022-03-23,135.80259704589844,138.16855100494985,135.75116525466237,137.165591834907,6300600
2022-03-24,137.3970184326172,137.78276986425647,136.17118407069304,136.48835543532593,4638100
2022-03-25,138.29713439941406,138.85432954130115,137.35417468819193,137.62849499702466,5129400
2022-03-28,138.8457794189453,138.8972112132492,136.75413258182795,137.67994412023958,4516500
2022-03-29,139.02577209472656,139.9687317984916,138.26283672724836,139.72014046585107,6154100
2022-03-30,140.37164306640625,140.885987143355,138.63146435451188,138.63146435451188,5151800
2022-03-31,138.96575927734375,141.1517015937516,138.9571916737053,139.66868210471284,8670100
2022-04-01,139.45440673828125,139.7887395626347,137.242761096367,139.00007511382537,5703300
2022-04-04,138.77719116210938,140.44878978013395,138.4085879377584,139.30010284060046,6892400
2022-04-05,140.09732055664062,142.26612801910986,138.73432577834888,138.7771899641463,6683300
2022-04-06,144.79495239257812,145.10355620589297,140.41449961263493,141.00599134484779,8810800
2022-04-07,148.54104614257812,149.66401710961733,143.62053352239565,143.73197778274107,7469000
2022-04-08,149.98118591308594,150.7955529880952,147.87239127350097,148.30100690038068,7204200
2022-04-11,145.58360290527344,150.0497709495422,145.146419622187,149.92975908279422,8163200
2022-04-12,143.42340087890625,146.20940326763503,142.48045407244842,145.1378638873547,8279700
2022-04-13,137.4149627685547,142.6452928098799,135.25367045325348,142.6452928098799,18312600
2022-04-14,140.3197479248047,141.6683922934682,135.57355818058366,136.46400960839307,11074800
2022-04-18,137.76943969726562,140.7347268916572,137.2420837611383,140.01718933782098,6500200
2022-04-19,135.16725158691406,138.75499221494368,132.88492700898183,138.668535229805,9359900
2022-04-20,135.46983337402344,136.6801652864717,134.4497094794234,135.17590071200155,6250000
2022-04-21,137.04324340820312,138.6512456130586,134.30272600370162,135.72917382784695,7903300
2022-04-22,133.9915008544922,136.87034418230215,133.42955686328372,135.97123907296188,7938300
2022-04-25,135.12403869628906,135.417971373325,132.13280343099487,133.86183780153857,6932600
2022-04-26,135.02027893066406,138.05474249724824,134.70906542792162,135.24506182684632,6787800
2022-04-27,136.26515197753906,137.89044799968713,133.61973232717892,135.34876615789602,6039100
2022-04-28,135.13265991210938,136.9740854762825,133.42956024387527,136.904922528313,7465000
2022-04-29,126.98027801513672,129.5565353230578,120.9718735154124,129.29717755037805,25155900
2022-05-02,127.83615112304688,128.72660276269426,124.00634634942558,126.78143910864188,9690800
2022-05-03,129.3317413330078,130.3172901309121,127.90528044690825,127.99173741872586,6163400
2022-05-04,131.0521240234375,131.7264462032118,127.59405615116641,128.10411799637072,5791500
2022-05-05,131.5622100830078,132.54777227182313,129.7121439584926,132.07228521357482,6869300
2022-05-06,132.12416076660156,132.7206797249569,128.82169884297608,129.40092376430346,6145600
2022-05-09,130.50747680664062,132.73791879634987,128.75249536645816,131.07804793414618,6969000
2022-05-10,131.484375,133.593798392279,130.11843668546717,130.77547798623158,6525200
2022-05-11,131.3719940185547,133.7926307870338,130.49018308633387,130.55934602135912,5630000
2022-05-12,133.38629150390625,133.43817359284088,129.80719247322872,132.59959124003782,6914800
2022-05-13,132.703369140625,133.47278879886244,131.320136563543,132.63420619262254,6398500
2022-05-16,134.40647888183594,135.63409162003651,132.50454383943344,133.07511511811504,6565600
2022-05-17,133.8099822998047,134.68313999555662,132.1414702968211,134.32869793957985,6032200
2022-05-18,131.77833557128906,134.60531018941728,131.19047027363916,133.81859646037043,6498100
2022-05-19,131.16453552246094,131.75240081879573,129.05511168693667,130.7149829366564,5994800
2022-05-20,130.5507049560547,132.72065102763136,127.78425324658635,131.69187370641916,6746400
2022-05-23,127.97447204589844,131.40660617026967,127.24828080933487,131.1040198926258,6886400
2022-05-24,128.90814208984375,130.84466509442333,126.74684939381088,127.10994498376634,6367200
2022-05-25,131.3719940185547,132.2624453708483,129.49598073576186,129.98876170101147,5042600
2022-05-26,130.17034912109375,132.33164192160484,130.01472917988508,131.08673515787294,6659300
2022-05-27,129.67755126953125,129.72077975825096,127.73238800048827,129.2625867990839,8405000
2022-05-31,127.40385437011719,128.70928336279758,126.79869516398125,128.5017945529161,11227800
2022-06-01,126.23677825927734,127.8534208565057,124.7671019716622,127.76696387838838,5597900
2022-06-02,126.86785125732422,127.14450298891016,123.53945601588904,126.78139429333345,5998900
2022-06-03,127.23097229003906,128.13007740661627,126.86787671308862,126.86787671308862,4891800
2022-06-06,126.67769622802734,127.79293073254208,125.92557053299515,127.08402034158111,3912400
2022-06-07,128.93408203125,129.11563642969224,126.10710737097466,127.01485298021731,4991200
2022-06-08,129.0291748046875,129.54789033175214,128.16465772056898,128.7265885486525,4835200
2022-06-09,125.72671508789062,130.12711713725673,125.614336835487,129.4355008213429,5642900
2022-06-10,123.79884338378906,125.03510966941917,122.8910978102745,124.7843923286519,5464700
2022-06-13,120.53096771240234,122.82194585131168,119.97767731803441,121.77587439760109,5997000
2022-06-14,118.97483825683594,121.60297760986741,117.85097658780582,120.54826569985245,5861800
2022-06-15,119.38116455078125,120.24568166075834,117.77316219856448,118.0671080414847,5981800
2022-06-16,120.29754638671875,120.4185782502406,117.36683401363337,118.04115628060991,6963400
2022-06-17,119.54540252685547,120.62604871197058,118.60308221939071,118.95753733406409,10429900
2022-06-21,124.03226470947266,124.4645232431527,120.77303167190966,120.98916093874969,7160500
2022-06-22,127.56814575195312,129.76402665213502,124.15330572247264,124.24840313455114,7995700
2022-06-23,129.2020721435547,130.3691754526372,127.55084139089182,128.57097838256482,7795000
2022-06-24,131.70050048828125,132.0463151608283,129.34901348088505,130.44695363006542,8527600
2022-06-27,132.3921356201172,134.38916782122973,132.05497451072785,132.2711037652462,5377300
2022-06-28,131.83018493652344,134.10385538066078,130.87921108358938,132.41805008816934,5735700
2022-06-29,133.2566680908203,135.40066685064852,132.57370537159738,133.04917923348816,6140900
2022-06-30,132.40943908691406,133.17020514680723,130.4296875872583,132.41807950877654,7289500
2022-07-01,132.9627227783203,133.01459168984428,130.9397560799872,132.34026945706657,4620000
2022-07-05,133.07510375976562,133.1788547764305,129.3836254379009,131.3201351958671,5478800
2022-07-06,131.8647918701172,133.99150973492593,131.13860067393236,133.66298901649202,5113600
2022-07-07,131.40658569335938,131.9080071427988,129.68619209225596,129.85045243500988,6516100
2022-07-08,132.1414337158203,134.2162693175663,131.22503458037474,131.40658896148196,4078400
2022-07-11,132.4699249267578,133.56786511680198,131.64863648504786,131.64863648504786,4491000
2022-07-12,131.80426025390625,133.6283915495622,131.4584455583543,132.27109360354913,5319500
2022-07-13,131.5362548828125,132.98865028702878,130.80142335547063,131.4065826107764,5221200
2022-07-14,131.2744903564453,131.77186749472105,129.57291596517382,129.92195208624892,7576900
2022-07-15,134.04934692382812,134.26749780129293,132.13834310685655,132.49611374146838,4873000
2022-07-18,130.51531982421875,134.79107190832542,129.9219424843951,134.20642912555155,6838400
2022-07-19,130.66366577148438,131.0912330071393,129.84341627019867,130.89053791050793,5647100
2022-07-20,128.87481689453125,131.28319783310906,128.56940033446017,130.48040418691645,5315700
2022-07-21,128.92718505859375,129.00571618894787,127.41758452177477,128.48216200504584,4066800
2022-07-22,129.55543518066406,130.27096308534504,128.77881864339452,129.55543518066406,3639700
2022-07-25,131.08255004882812,131.7108258794838,129.59039162230138,129.61656867233887,4347000
2022-07-26,131.6497344970703,133.99704091099662,131.17853429126157,131.89406250228637,4900600
2022-07-27,131.89404296875,132.19945958747664,129.95686170366426,130.45425220018322,4145800
2022-07-28,130.67237854003906,132.9935071240327,127.9411252319987,132.1470806352446,6572300
2022-07-29,125.22734832763672,127.66192003180728,121.33554340211464,126.91148034037975,17754700
2022-08-01,122.35645294189453,124.64266964759526,121.42276088888147,123.4821054981346,8523900
2022-08-02,122.50482177734375,124.6426979850815,122.25177258588585,123.19417277915117,5197100
2022-08-03,123.21160888671875,124.79975361369635,122.73167430906769,123.6653664251227,5474200
2022-08-04,121.22209167480469,124.41582407695155,121.02139657304802,123.98824351550313,7071700
2022-08-05,120.45419311523438,122.08597087465854,120.37566198808871,121.33553125833822,5371100
2022-08-08,122.46118927001953,122.8625927951895,120.21860488239219,120.45419827391895,4854600
2022-08-09,122.38263702392578,124.11912272763712,122.05977799984461,122.75785012597984,3819700
2022-08-10,122.98475646972656,123.08946464348296,121.2919033146671,122.95857942628746,4075300
2022-08-11,123.97952270507812,124.66887369953704,121.8678235632822,122.36520069804381,5972800
2022-08-12,124.43327331542969,124.86084053945643,122.40010541739598,123.81371892762489,5208700
2022-08-15,124.1627426147461,125.02662484845827,122.53097837705101,124.87828385547438,4513200
2022-08-16,124.3896484375,125.63746522038737,123.97952367175566,124.00570071511171,3852300
2022-08-17,123.42105865478516,124.57288851422494,122.6444419623609,123.40360285414792,3605200
2022-08-18,123.29014587402344,123.54320835195648,122.00743094523068,123.46467723047647,3525200
2022-08-19,123.77881622314453,125.09644276186465,123.43850137858115,123.71772758482312,4530700
2022-08-22,122.46118927001953,124.48563606674698,122.129608947357,123.88353743642934,4023500
2022-08-23,121.30936431884766,122.90623061150356,120.81197384241993,121.85909556952416,3768100
2022-08-24,120.34077453613281,121.69331287873858,120.15752190808935,121.3355421808146,5018900
2022-08-25,121.57984924316406,121.78054432328527,120.13132421388086,121.09119340554395,3301200
2022-08-26,118.97949981689453,122.03361225340578,118.89223413561622,121.19590698370403,3838800
2022-08-29,118.42105865478516,119.30238363317974,117.59207445519839,118.84862596312325,3835800
2022-08-30,118.28144073486328,119.10169038857495,117.70551906546446,117.9236700025207,4337100
2022-08-31,117.33029174804688,118.70899378750471,117.07722923513536,118.40359050124503,5789600
2022-09-01,120.81196594238281,120.93412991397528,117.01614826548358,117.48734835166185,4521000
2022-09-02,118.91840362548828,121.64092227810526,118.50827891629628,120.99520421119482,3601600
2022-09-06,120.0615463256836,121.59733744156031,118.88353925643891,119.80849709765928,4810600
2022-09-07,121.03885650634766,121.32680398984733,118.09817319166687,120.02663309052356,4141700
2022-09-08,122.61824798583984,122.66188082397014,120.98647038090189,121.85035264233963,3988300
2022-09-09,123.40357971191406,124.05803230689548,122.25175006848025,122.51352045457512,4427000
2022-09-12,124.119140625,124.66887183785639,122.44374331392132,123.0458286122998,4938400
2022-09-13,120.88177490234375,123.8486217982205,119.97427302244736,122.64443789171128,6195900
2022-09-14,121.77184295654297,122.54845967841788,120.65491134114706,121.44024930623398,4673600
2022-09-15,124.35474395751953,125.56766252368051,121.63222477358994,122.15579230044193,6416900
2022-09-16,125.7072525024414,126.39661669318552,123.35122581994439,125.13133102242351,13887500
2022-09-19,124.48564910888672,125.53277090333462,123.41233695331731,125.3407970209503,5042500
2022-09-20,123.70902252197266,124.33729821177675,122.48736942963137,123.75265536721253,4532900
2022-09-21,122.43500518798828,125.33205544126858,122.41754938836492,124.0405925666171,5076100
2022-09-22,124.79102325439453,126.05630899663085,122.16449148090923,122.34774407667467,6161000
2022-09-23,124.83467864990234,125.14881650306846,122.99348437729338,123.97080953985203,5751600
2022-09-26,123.22036743164062,124.60780404133385,122.26049808947074,123.9795283473454,5697800
2022-09-27,123.6653823852539,126.99872119001668,123.29015591616492,124.42454325114147,5598000
2022-09-28,126.17848205566406,126.806757693782,124.45071739340277,125.84688843697018,5226700
2022-09-29,124.53797149658203,126.74565726709446,123.76135492096547,126.39662119609453,5509400
2022-09-30,117.11215209960938,124.18896886061533,117.00743059821744,124.08424735922338,15359000
2022-10-03,120.69855499267578,121.11740105722829,118.07200922931992,118.56939974931302,7437500
2022-10-04,123.90098571777344,124.5379825958122,120.20986302936493,121.47514885796943,6612300
2022-10-05,125.07028198242188,126.06504960470365,123.13310082615608,123.44723867081743,4777900
2022-10-06,122.41754150390625,124.77358165098332,122.07722666497536,124.59905029573835,5124800
2022-10-07,121.08247375488281,122.20813988321623,120.0266308289456,121.30062466030988,4648800
2022-10-10,120.6897964477539,121.80672794116434,119.43324518894876,121.31807207715649,3830800
2022-10-11,123.48211669921875,125.37566469961708,120.43673900061803,120.43673900061803,5675100
2022-10-12,122.14702606201172,124.83464626069463,122.10339322694485,123.59555097105212,4528000
2022-10-13,125.98149108886719,126.21067172184893,120.11963720176712,120.49866826212424,5066200
2022-10-14,125.9991455078125,127.35662301464298,125.35566687115877,125.69944460310903,5290500
2022-10-17,127.294921875,127.75328320172703,125.25869895902632,125.74350369112764,4016200
2022-10-18,127.46238708496094,128.5818602828971,126.51919426347739,128.01771196689282,3540400
2022-10-19,126.1666488647461,128.21168215128665,125.4438264472807,127.63872365967536,3333300
2022-10-20,125.99031829833984,126.9687646523306,125.5495769397919,126.19306900753026,3880100
2022-10-21,129.6308135986328,130.247848655233,125.54954534153597,126.35169764029399,5419400
2022-10-24,133.00694274902344,133.57109121825738,131.0764932127878,131.08531664925675,5139700
2022-10-25,132.06375122070312,132.7513066852987,129.83358750306556,130.4858895760436,5229400
2022-10-26,134.43492126464844,134.76988899359154,132.83943973528645,133.1126972192733,4727900
2022-10-27,135.30760192871094,135.7395333177137,134.03826461849485,135.53678260124912,6850400
2022-10-28,130.1156768798828,131.32330401393816,125.47025874943236,128.6347787790338,10812200
2022-10-31,129.04908752441406,129.3840553210415,127.00405424852968,127.96486735422693,8604800
2022-11-01,129.49862670898438,130.1949921239551,127.41832699858612,129.2782560339437,6351200
2022-11-02,127.39191436767578,130.52999138626282,127.35664751894905,129.6044316374328,5345000
2022-11-03,127.3037338256836,128.1852165527278,126.07847337310649,126.9335126943681,3850700
2022-11-04,128.06179809570312,128.32624558031983,126.12253895911024,128.12350833726873,4623700
2022-11-07,130.54757690429688,131.16461202696627,127.55052802934186,128.0617895453699,4304000
2022-11-08,130.92662048339844,133.6592221527373,130.42418235344226,131.1910679756503,4637500
2022-11-09,130.12448120117188,132.72486611293354,129.61321958446604,130.97952055751583,4573700
2022-11-10,131.97557067871094,132.80416644168517,130.23904895001556,132.80416644168517,5607700
2022-11-11,132.3634490966797,132.68078341541258,128.4761070547916,131.81692066142037,6786400
2022-11-14,133.7561798095703,136.22432042603947,133.08624439907933,133.08624439907933,7077100
2022-11-15,134.90208435058594,135.23705202572796,132.18712991646223,135.21060862509637,5909500
2022-11-16,133.87078857421875,138.11954212773517,133.30664012005477,135.25472302682925,7358700
2022-11-17,134.12640380859375,134.92855625150787,132.19595464502683,133.0774372986842,5069500
2022-11-18,136.61216735839844,137.19394909301505,135.45742732325013,135.45742732325013,5691100
2022-11-21,138.48973083496094,139.82958814349206,136.12735048964672,136.98238968156883,6492100
2022-11-22,140.85211181640625,140.93145548004605,138.8864092019566,139.0010062547132,5351100
2022-11-23,140.49954223632812,141.8658432594212,139.99710403708178,140.9931704497491,3221100
2022-11-25,140.7022705078125,141.69835030708768,140.3673162132064,140.67582710166886,1661900
2022-11-28,139.65328979492188,141.68070258016175,139.12440827509266,141.03722401170853,3902800
2022-11-29,139.45057678222656,140.53479686410884,138.57791741525116,139.5475404285972,3689000
2022-11-30,142.077392578125,142.077392578125,137.91680609749994,139.97064920441358,12342500
2022-12-01,142.47401428222656,143.85793474993423,141.0195601533371,141.9186760284365,5827800
2022-12-02,144.26345825195312,144.35159844950297,141.48677974714707,141.67189702761075,4304900
2022-12-05,144.51026916503906,145.61212248800007,143.58470968368022,143.58470968368022,4859400
2022-12-06,144.31637573242188,144.90696763792278,142.40355952943383,144.58963326851142,5480400
2022-12-07,145.79722595214844,145.91182300156646,143.910853605936,144.28989814227984,4637800
2022-12-08,146.3173065185547,146.52885374141417,144.80996530389345,145.79722154485765,4274400
2022-12-09,143.73455810546875,147.86871386728802,143.5141874439676,146.99604120561457,4644800
2022-12-12,145.7267303466797,145.87658079567427,143.46131329046744,143.86680126155082,4109400
2022-12-13,145.25953674316406,147.6483609185719,145.15376311706873,147.16354271503607,5050400
2022-12-14,145.3212432861328,146.30849963880485,143.53183442173523,145.09206261865083,4485400
2022-12-15,143.76983642578125,145.10087048542346,142.75612323170031,144.46620185358321,5268300
2022-12-16,141.4603271484375,143.96374801251673,141.4603271484375,142.84426131856608,18905500
2022-12-19,142.35067749023438,143.00296622400307,141.0901499567759,141.72481871691303,4033400
2022-12-20,141.5485076904297,142.66799459712712,141.09895631074485,142.45643388590844,4221000
2022-12-21,142.9853057861328,143.44366707734744,141.3545575124828,142.31537036759832,3707200
2022-12-22,143.91969299316406,144.02546661951544,142.38590815927202,142.6856090675072,3606000
2022-12-23,143.76983642578125,144.40450505762146,143.091090968049,144.02546049538077,2685100
2022-12-27,143.67286682128906,144.39567562453152,142.60626686058413,144.11360816118463,2669200
2022-12-28,143.0029296875,145.17138297233362,142.89715607128892,144.298710287518,2944500
2022-12-29,143.2938232421875,144.45738684353915,142.9676789525776,143.64642438669938,3112500
2022-12-30,142.45640563964844,143.54944892200987,140.87855768037278,143.00292055565052,3680400
2023-01-03,143.1351776123047,143.69932605148725,141.75124319644573,142.8354632458954,4937500
2023-01-04,144.2899169921875,144.80998859918992,142.3682775564861,143.15279668496154,4440400
2023-01-05,144.1135711669922,144.99505362050533,143.09985827523917,143.76097011537402,3516000
2023-01-06,146.81094360351562,148.18605443749834,144.66893368876688,145.30360229681403,5099100
2023-01-09,142.5005340576172,146.57298090055332,141.81297844648154,146.23801308217776,7833000
2023-01-10,140.7199249267578,143.17044623103502,139.53874110822213,143.00296233356062,5936200
2023-01-11,138.54263305664062,140.4554488838102,136.68270403892186,140.34967526490854,7492000
2023-01-12,135.454833984375,138.16000927398557,135.0099028554231,137.92864997508994,7665100
2023-01-13,136.68283081054688,136.86969425706758,134.67173367415143,135.3391302824486,6019300
2023-01-17,135.9976348876953,138.0176257830754,135.77516934876593,136.86080226499882,8507000
2023-01-18,132.76742553710938,135.63278264866085,132.65175269474253,135.3658212971202,6190800
2023-01-19,132.3314208984375,133.9598568637382,131.10340665094483,132.54497914793512,7169900
2023-01-20,133.11447143554688,133.22126412326656,130.94320568756473,132.97209023739956,7059000
2023-01-23,132.18899536132812,133.86192659380202,131.7440643864184,133.35471234307713,7616400
2023-01-24,131.4237518310547,132.47378272021973,130.3114240697088,131.7707975494658,5171400
2023-01-25,131.51272583007812,131.68180181707902,130.3648095903543,131.14789265510814,5744300
2023-01-26,131.16566467285156,132.3224880881924,130.9076106450272,131.62839675463144,4577800
2023-01-27,130.1690216064453,131.41482306447867,129.92875504731833,131.08557844590217,4591500
2023-01-30,129.6083984375,130.91649669977602,129.2613527910727,129.8041691691479,4573400
2023-01-31,131.47714233398438,131.56613398681816,128.50500579312595,129.59063878224285,5628700
2023-02-01,130.4537811279297,131.20126198638252,129.25246193681696,130.48047590300177,5439900
2023-02-02,128.8876190185547,129.8575654165229,127.64181755127603,129.8575654165229,6160800
2023-02-03,129.2079620361328,130.63174669333443,128.76303102803442,129.84866377405186,6553000
2023-02-06,129.0478057861328,130.21352296680604,128.86092877036606,129.6885075855929,4297000
2023-02-07,129.1545867919922,129.43934918625766,127.83759466406019,128.65626618024592,5401900
2023-02-08,128.68299865722656,130.23136407867287,128.5584184677922,129.39489127323253,5753800
2023-02-09,132.322509765625,136.77182087797433,131.61061727200513,132.14454003677503,12216900
2023-02-10,135.30352783203125,136.30906271841937,132.38478138536033,133.20345284447853,8956700
2023-02-13,136.7985076904297,136.84300351460547,134.60054704269388,135.27685098243975,5602600
2023-02-14,135.7840576171875,137.03876646502277,135.04547042828202,136.96757586604434,4662800
2023-02-15,134.42259216308594,136.58496453711638,134.21792764314748,135.81077513000886,5648100
2023-02-16,133.0611114501953,133.9242789857298,132.34921887947738,132.68737090566822,3757500
2023-02-17,134.64505004882812,134.71624065566283,132.24242477559082,132.72294439895032,4562400
2023-02-21,135.25906372070312,136.1667270291517,133.3191705085705,133.3191705085705,8466100
2023-02-22,134.07553100585938,135.3925232104634,133.69289679178473,134.3691871502097,6041700
2023-02-23,135.3213348388672,136.65612797677724,132.7407266253103,134.28018424246554,5993300
2023-02-24,135.890869140625,136.13112216998303,134.28911438713683,134.63616011887424,5621100
2023-02-27,137.2879180908203,137.70615434698456,136.23788737327948,136.3802549840152,6828800
2023-02-28,136.94976806640625,137.36800432838763,135.8107456953729,137.00317119666963,7561700
2023-03-01,138.16888427734375,138.44473934027297,135.5882761859374,135.93532184223824,5485800
2023-03-02,137.37692260742188,138.61383044869996,137.22564767180873,138.13329728548757,4567800
2023-03-03,138.87188720703125,138.96977258824631,137.0476670543243,137.3324294644842,4851200
2023-03-06,138.17779541015625,139.22783982184617,137.5192925222077,138.63162022455518,4051900
2023-03-07,136.0866241455078,138.52485154080603,135.30355461728053,138.43587346484975,4606900
2023-03-08,133.12339782714844,136.8074269933703,132.1801324378898,135.96204699459037,5860100
2023-03-09,131.12120056152344,134.28910782004758,130.4271091319915,133.54162683104698,5350200
2023-03-10,133.2212677001953,134.04883297748682,131.22797160726904,131.55721625588367,6825500
2023-03-13,135.2145538330078,136.43367423744823,132.5894631507015,132.5894631507015,7653800
2023-03-14,136.90530395507812,137.0298841190883,134.7785338549059,135.2145576398318,6644100
2023-03-15,137.0921630859375,137.3769254965289,135.01878261030822,135.41921786926068,6304600
2023-03-16,138.19561767578125,138.74732795583282,135.71289425910697,136.32690141760108,6331200
2023-03-17,137.23452758789062,138.8807778254804,135.1522536322041,138.62271022501497,42756400
2023-03-20,138.92526245117188,139.12103319343214,137.44810172986857,137.50149128171813,4408200
2023-03-21,139.503662109375,139.75282236984282,138.01759427793624,139.3879757105093,4675700
2023-03-22,136.7451171875,139.60158070992318,136.69172763014575,138.5337352499622,4376900
2023-03-23,138.19561767578125,139.26344971836087,137.0565950199335,137.12778563320163,4584000
2023-03-24,140.61602783203125,141.0253568378591,137.56379344302306,138.17780052998438,4678700
2023-03-27,140.1888427734375,141.6126272957264,140.04647518378104,141.3367722693591,3887800
2023-03-28,140.82069396972656,141.1321511728274,140.10880148993866,140.42025869303953,3532500
2023-03-29,140.59820556640625,142.11096835369244,139.13883233023807,141.4702665838413,3959900
2023-03-30,140.52703857421875,141.0698550654491,140.08210746921748,140.60712291434623,3635800
2023-03-31,141.81732177734375,141.99530506399122,140.3579484430759,140.98084921168686,4957300
2023-04-03,142.75167846679688,142.7961742880683,140.41133676574557,140.82067931193723,4389400
2023-04-04,142.1821746826172,143.91740317707044,141.95970914286116,142.83177025680348,4224400
2023-04-05,143.08981323242188,143.86398883235273,141.4969526384151,142.37792091221746,5743000
2023-04-06,143.75726318359375,144.32677453585012,142.92968414993678,143.08986643118914,5498300
2023-04-10,143.51698303222656,144.21107450308958,142.5648374824921,143.89963086157024,3309500
2023-04-11,143.60595703125,144.682682620844,143.43688105150744,143.70384241014207,2875800
2023-04-12,144.47804260253906,145.47468402682676,143.80175214723255,144.26447076381126,4005000
2023-04-13,146.1034698486328,146.25613640452502,144.18164716985942,144.5857661358245,3868500
2023-04-14,145.11563110351562,146.38188257899319,144.52291589757328,146.05858462149106,3473100
2023-04-17,144.74742126464844,145.66343438554884,144.2714567525334,145.41198195285145,4354100
2023-04-18,143.3195343017578,144.79233306216344,142.25984381580534,144.5857857765021,4996200
2023-04-19,144.7743682861328,144.98091555228407,142.3586162364851,142.49331799633828,4826900
2023-04-20,145.25033569335938,145.27727604587128,144.20859638580114,144.74741713916856,3808100
2023-04-21,145.85202026367188,146.55249680574704,145.5017819926343,146.01366237193744,4812100
2023-04-24,147.3517608642578,147.6032132820346,145.78017640158842,145.99571291816667,4728900
2023-04-25,148.08811950683594,149.25558472462615,147.71993021687496,148.00729847024397,5506200
2023-04-26,145.30422973632812,146.6153726893594,144.13676410883912,146.09450298776795,5192000
2023-04-27,133.69244384765625,138.18268527415782,132.15678895354515,138.18268527415782,17063000
2023-04-28,135.71307373046875,135.9555506423269,132.40826210081906,132.8842266702726,7123800
2023-05-01,138.03903198242188,138.93708042398745,135.44367253442263,135.4616236369991,5601000
2023-05-02,136.16207885742188,139.2154512992194,135.78490021580734,137.89531920200372,5135600
2023-05-03,134.03370666503906,136.06329085796267,133.31526529572287,135.66816112281165,6815300
2023-05-04,132.3363800048828,133.80917846808427,131.42935627859427,133.80917846808427,5694300
2023-05-05,132.93807983398438,134.1504504388987,132.13881744873177,133.3960795031307,4447700
2023-05-08,132.417236328125,133.09077264078397,131.77962962589476,133.04586747931376,3689500
2023-05-09,131.86041259765625,133.32423547924387,131.3575078220041,132.38128217333238,4201600
2023-05-10,131.49224853515625,131.995153459856,130.35172320034195,131.58205885876612,4127300
2023-05-11,131.6448974609375,132.5249946642172,130.38763531786597,132.27352853247328,4300400
2023-05-12,132.14781188964844,132.55194461781318,131.1779317108188,131.82451392899503,3526500
2023-05-15,131.6448974609375,133.71938684857034,130.80971911656778,132.61479127264823,4391800
2023-05-16,128.68133544921875,131.95921998065668,128.62745474348014,130.98932616797293,4685400
2023-05-17,128.73521423339844,128.88788078217178,126.19373619719485,128.4388566846756,5482000
2023-05-18,128.81607055664062,128.9238319845477,127.50491380353397,128.07068870630945,4791200
2023-05-19,130.31581115722656,130.93546678036842,129.13936987996044,129.19325059447158,5610300
2023-05-22,130.1271514892578,131.70772476076306,129.1213421005728,130.63904543372263,3867300
2023-05-23,127.9898452758789,130.0553590697584,127.82818945912744,129.72307188654182,5121900
2023-05-24,126.75952911376953,128.36704346074373,126.57094661915646,128.05272103221338,4143500
2023-05-25,124.4874496459961,125.90636758938314,124.16415171328602,125.75370102437135,6986600
2023-05-26,123.5355453491211,125.59208401931531,123.12245072664695,124.57728486314383,7590300
2023-05-30,122.52970886230469,122.88892269113745,121.46102922230278,121.67656574147996,7671500
2023-05-31,123.8947525024414,124.56828874377801,121.92802448523773,122.6913573368746,12579100
2023-06-01,119.83556365966797,121.47000438978304,117.73413399103607,121.47000438978304,11895600
2023-06-02,122.91586303710938,123.00567334587775,119.88944473479783,120.07804090195977,6661600
2023-06-05,122.90690612792969,124.20907358378682,122.395011955947,123.03263235739593,4276200
2023-06-06,121.6226806640625,123.5175632182403,120.9042529512861,123.45470695978098,4359900
2023-06-07,122.5835952758789,123.0865001409202,120.57196211258389,121.14671248736393,4645200
2023-06-08,123.60736846923828,123.83188054606435,122.13456979338441,123.03261810068871,4714200
2023-06-09,124.09228515625,124.99932254581343,123.10444042612795,123.53549969557889,4359500
2023-06-12,123.68819427490234,125.43041025043412,122.95180176027988,125.34958918842621,4888500
2023-06-13,124.20906829833984,124.35275932679575,123.2122340560144,123.49062685919102,4229100
2023-06-14,122.34111022949219,125.07118460486488,122.20640847217696,124.65807637721663,6128300
2023-06-15,122.0357666015625,122.88890963172364,121.64961246176037,122.80808858429451,6614900
2023-06-16,124.50543212890625,124.75688458970687,122.57463351137334,122.76321600540811,14616000
2023-06-20,123.76902770996094,124.78381300712546,122.7272883559532,123.1224318145858,4868800
2023-06-21,122.90690612792969,123.41878659678109,120.9491534655195,122.80812025455397,5828400
2023-06-22,123.40082550048828,123.84086041641578,122.03578818888772,123.16732416244007,4826900
2023-06-23,122.0627212524414,124.55031883875981,121.8382091811921,123.3020322707389,7395600
2023-06-26,121.19163513183594,122.2692905271633,120.06009902221199,122.2692905271633,6468100
2023-06-27,119.08120727539062,121.1287562552386,119.00936176869587,121.1287562552386,7839900
2023-06-28,119.00037384033203,119.59308899981347,117.60840995490815,119.08120860071908,6911900
2023-06-29,119.64698028564453,120.25766030178745,118.65913530227805,118.87465814069151,4947600
2023-06-30,120.9940414428711,122.07169664283528,119.26081483259085,119.8625055383781,8711300
2023-07-03,121.24549102783203,121.62266965383357,119.57512071089431,120.338467215528,2674600
2023-07-05,123.58940124511719,123.82290257044504,120.91322117865268,121.39816122572003,6903300
2023-07-06,123.25713348388672,124.18212216897258,122.52971652795803,123.46368076323103,6091000
2023-07-07,121.68553161621094,123.61632977315048,121.55082986689072,123.16730567124564,6873200
2023-07-10,120.77852630615234,122.21539542977828,120.39235839392043,121.60472913544156,5153300
2023-07-11,121.74842834472656,121.9190460303476,120.0511037112221,120.33848577714808,5144800
2023-07-12,121.21857452392578,122.67342231401044,121.0479431279238,121.97294562746778,4944100
2023-07-13,121.30027770996094,121.76336871902595,120.49215452644805,120.70099161296184,4631800
2023-07-14,123.49762725830078,124.05151028930662,121.78150013847,122.33538316947583,5544100
2023-07-17,122.42620086669922,123.69740113114713,122.18103586746864,123.32512996051551,4033000
2023-07-18,124.01521301269531,125.21377132997972,122.31724962360727,122.39896667489033,5392800
2023-07-19,125.0140151977539,125.35906123728279,124.35117599212025,124.61450497651174,4784200
2023-07-20,129.10911560058594,129.59035670396526,125.80398096443005,126.06729607843143,7009800
2023-07-21,130.5165252685547,130.91603546782645,128.8821149804641,129.1181910784489,5654300
2023-07-24,130.00802612304688,131.14303129811904,129.6993080406377,129.93539798428066,4468700
2023-07-25,128.6006317138672,129.78102602038737,128.3191526452341,129.299784931103,4778200
2023-07-26,128.84579467773438,129.1908407187026,127.59275826193272,128.4190315812879,5006800
2023-07-27,135.1564483642578,137.44460927147324,131.18846007058454,131.18846007058454,13664400
2023-07-28,136.97244262695312,137.79871594032278,134.893105196769,136.12799149465997,8000300
2023-07-31,135.8192596435547,136.65462178187522,134.03956544971112,136.59105484225347,9109200
2023-08-01,134.8749542236328,136.9906059303023,134.23935397711213,136.20064661355846,4409600
2023-08-02,135.63766479492188,136.7181919536887,134.48449564131718,134.48449564131718,5756400
2023-08-03,135.33802795410156,135.6195070375746,134.54805488349797,135.25631090181156,4674300
2023-08-04,134.13946533203125,136.7182079579905,133.62191010891155,135.26539560125417,4231200
2023-08-07,136.50025939941406,136.99966443048552,134.2030101115285,134.3846081623609,3800600
2023-08-08,135.8555908203125,137.78964429744298,135.21999061927403,136.90887907063066,4013400
2023-08-09,136.89981079101562,138.07113022982207,136.11892654679602,136.64557069801816,3737100
2023-08-10,137.5081329345703,138.779333038386,136.71817385970215,137.2902069788982,3275800
2023-08-11,138.1800537109375,139.3786257423344,137.76237959457265,137.97121665275506,3454800
2023-08-14,138.2617950439453,139.05175421651208,137.6261949134293,138.94279815272182,2570900
2023-08-15,138.1256103515625,138.83385260059003,136.9179629641063,137.62621906817998,3636300
2023-08-16,137.6080322265625,139.46944351214654,137.45367318308104,138.55235044993262,3214900
2023-08-17,136.2187957763672,137.9349231830056,136.12798981314083,137.25392002394202,5285700
2023-08-18,136.32774353027344,137.04506071783416,135.50145642248083,136.4639386117584,4050900
2023-08-21,136.34591674804688,136.51843976633472,135.18367245700168,135.9373176208121,3944800
2023-08-22,134.60252380371094,136.20060592542072,134.35735883363338,136.20060592542072,3209300
2023-08-23,133.54925537109375,135.29262171991283,132.51413116851228,134.99297868034395,5414800
2023-08-24,133.14065551757812,134.2211826937381,132.8864154590751,133.40397062994055,3986300
2023-08-25,133.1951141357422,134.084954210796,132.75018717069426,133.494757129953,3275100
2023-08-28,133.86705017089844,134.44818614938896,133.2677779394076,133.55833207360857,2806900
2023-08-29,134.0123291015625,135.21090122934203,133.02260790380274,134.37553907439437,3419100
2023-08-30,134.67518615722656,135.11102428269058,133.385808033695,134.49357423782604,3486400
2023-08-31,133.4403076171875,135.02931501826055,133.3585767067267,134.73874701449986,4110700
2023-09-01,134.5662384033203,135.19276360535235,133.80351809434498,133.80351809434498,3357800
2023-09-05,132.65940856933594,135.25630092817923,132.441482590921,134.83861293331148,3911100
2023-09-06,132.21449279785156,132.67756995442298,130.51652936871173,132.65941984596148,5304300
2023-09-07,135.21090698242188,135.2926240341446,132.4505664916252,132.70480655590328,5142100
2023-09-08,135.31080627441406,135.9827205971744,134.56623608913816,135.29264230878516,4339800
2023-09-11,135.3289337158203,135.66490467596768,134.7659755710429,135.16549961767612,2911600
2023-09-12,135.5377960205078,135.83743908062485,134.03958071992258,135.74663311511844,2424800
2023-09-13,137.25390625,138.37982249276655,135.33801700056603,135.67397409170852,5953700
2023-09-14,139.50575256347656,140.45915966131133,137.8350283064393,138.02570141298025,6336900
2023-09-15,138.1256103515625,140.46826311951747,137.9530873169193,138.72489651767694,8868300
2023-09-18,139.7781524658203,139.8053914802405,138.10742825784766,138.99726839067438,2967600
2023-09-19,139.3695526123047,140.4137517726666,137.65342543824863,139.73274870589765,3509700
2023-09-20,139.47853088378906,140.6317001399257,139.260604879899,139.88713001791848,2744800
2023-09-21,139.3150634765625,140.60444150084766,138.61591028985387,139.54206450329616,3660300
2023-09-22,138.68858337402344,139.7418578443716,138.48882131730912,139.7418578443716,3049200
2023-09-25,140.42283630371094,140.50456720707228,137.70791276150652,138.41615489034626,3740000
2023-09-26,139.75094604492188,140.37747123279416,139.22430188489946,140.195859287579,3936300
2023-09-27,139.04266357421875,139.8326226582199,137.66249354908945,139.68733868609212,3621300
2023-09-28,138.24362182617188,139.67826994188277,137.44457379842333,139.50574694906953,3697400
2023-09-29,135.34707641601562,138.497851460122,135.13823937173518,138.43429838362002,5581600
2023-10-02,134.61160278320312,135.1654858176595,133.22235767063992,134.8113647861246,3827800
2023-10-03,133.86705017089844,134.37554415207765,131.97841366098143,134.23026015745504,4580900
2023-10-04,134.1031494140625,134.45727051607932,132.85009911998208,133.0861890913568,3159600
2023-10-05,133.88519287109375,135.77384293611027,133.55831086262853,134.3210309307,3599500
2023-10-06,134.60252380371094,135.59224488155888,132.67754581853634,133.01351673458103,5370100
2023-10-09,135.39251708984375,135.97363926773778,133.62191153649837,134.6297968291789,2903300
2023-10-10,135.19271850585938,135.80107953900452,134.4209095438611,135.64672051761323,3729000
2023-10-11,135.60130310058594,136.5637850461696,135.08374806694056,135.4106300347841,3189800
2023-10-12,136.00486755371094,136.2799981975437,134.82180998334783,135.84896345407506,4554400
2023-10-13,135.69305419921875,137.252109130072,135.12444715857322,136.60096709753003,4304700
2023-10-16,135.0235595703125,137.10536399877083,134.73926306121734,135.9314864164733,3704400
2023-10-17,136.81190490722656,137.25211955155004,134.95020753767014,135.11529152772303,5372400
2023-10-18,136.9036102294922,137.20625252868274,136.04154077005097,136.89444433935626,4910500
2023-10-19,133.4553680419922,136.23415852017786,131.44693227199653,136.23415852017786,6147100
2023-10-20,134.1064910888672,135.2803688834708,133.23525563105272,133.23525563105272,4223800
2023-10-23,132.73086547851562,134.28075488175267,132.24480730982015,134.04231574038104,3903300
2023-10-24,134.17987060546875,134.7851553259849,133.07019594491737,133.11603939857278,3362900
2023-10-25,133.21690368652344,134.72093541582709,132.81339458321517,133.99643821431573,5461500
2023-10-26,133.161865234375,133.84968480066178,132.27228414247944,132.8500570561523,5569400
2023-10-27,127.41168212890625,131.14425613591604,124.75211889566752,127.26495793209637,9427200
2023-10-30,130.12631225585938,133.6296138840869,129.00745778774578,129.00745778774578,9258500
2023-10-31,129.47515869140625,130.42894306865446,128.0995194499231,130.30971652306695,10394000
2023-11-01,130.65821838378906,131.79541854617233,129.99791041772474,130.09879119014363,4207800
2023-11-02,131.38270568847656,131.85043195892646,128.86070056145508,129.59437757896998,4066800
2023-11-03,129.6952667236328,132.01551047090948,129.20920864179072,132.01551047090948,5414500
2023-11-06,129.49349975585938,130.5664966459387,129.2917382216162,130.12629602291975,4377000
2023-11-07,130.37391662597656,130.39224840660935,128.91574242330515,129.7869777900363,5024400
2023-11-08,130.25469970703125,131.96049301153386,130.1538189311946,131.54780401719367,5299100
2023-11-09,126.59549713134766,129.86035959389764,124.58707544503224,129.3100982591339,14970300
2023-11-10,127.0998764038086,127.80604171477074,125.09144111279277,127.15489972788174,4586400
2023-11-13,127.14575958251953,127.622651810587,126.0360710120356,127.09990213859872,4454700
2023-11-14,126.61386108398438,128.4847386957796,126.52216017751068,127.41172753957788,4509200
2023-11-15,126.19196319580078,126.78806786312866,124.99973986742071,126.78806786312866,6473200
2023-11-16,126.81558227539062,127.31082018877284,125.68756212959161,126.81558227539062,5257000
2023-11-17,126.83394622802734,127.36586176981237,125.99022247014554,126.88896956101776,4332300
2023-11-20,126.84310150146484,127.19160123953488,125.7701046167878,126.12777024501348,4490000
2023-11-21,127.2282943725586,127.80606737879467,126.40291635827317,127.22829437255858,4690800
2023-11-22,126.98985290527344,128.2462656797291,126.86146046112269,127.53093434892824,3428500
2023-11-24,127.17325592041016,128.4663601169768,126.98067427037499,128.39299101429302,1636500
2023-11-27,127.55844116210938,127.82440592512555,126.36621765823229,127.20077551031889,5529400
2023-11-28,126.63217163085938,128.08117988979606,126.48543342885246,127.5217527391542,5347200
2023-11-29,127.017333984375,127.55841529772815,126.23779962236054,126.57713342382696,3996500
2023-11-30,130.5848388671875,130.8691353866882,126.56796805946738,126.56796805946738,9297400
2023-12-01,131.52029418945312,132.15309052002854,130.48397474988892,130.72241386259734,4903400
2023-12-04,132.1989288330078,133.42784388819732,131.39189664011295,131.52028907946394,4845300
2023-12-05,132.5841064453125,133.05181871310828,130.83245592294566,132.1622376203345,3961700
2023-12-06,134.2440643310547,134.87686067647687,132.73085263684354,132.785875972319,4978800
2023-12-07,135.70225524902344,136.0782667456079,133.1619036661258,135.39961287326489,7225100
2023-12-08,136.9036102294922,137.62812136826741,135.7297325807245,135.7939357928522,5695200
2023-12-11,138.70111083984375,140.04923828524156,138.15084959912946,138.1783612617927,6343500
2023-12-12,140.53530883789062,140.85628292879977,137.71982716223306,139.15048972308182,5882200
2023-12-13,141.50743103027344,141.93846579376907,140.06758852376106,140.29686173865338,8104500
2023-12-14,142.0393524169922,142.29613730874738,140.09510595891095,141.56246019213523,7869600
2023-12-15,141.26898193359375,142.96560936936055,140.41609226701686,141.9109581484635,15203000
2023-12-18,140.70037841796875,141.55328201520163,139.168835091595,140.3152011137663,5379600
2023-12-19,140.86546325683594,141.67249542560896,139.8107981138019,140.8562833726183,5476700
2023-12-20,139.1138153076172,141.42489318546845,138.97624298521433,141.2231316409252,4716400
2023-12-21,139.939208984375,140.2326854434819,138.74698535827687,139.44398495179183,4036100
2023-12-22,142.09437561035156,142.57126783473367,140.39774815448325,140.5811639350219,3373400
2023-12-26,141.80087280273438,142.40615736033106,141.35150632302046,141.46155297213824,2073400
2023-12-27,142.0393524169922,142.1218874192577,140.97552129759092,141.2781636329582,3747400
2023-12-28,141.92013549804688,142.72718178048754,141.72753981929063,142.37868197784672,2601200
2023-12-29,142.12188720703125,142.34199453980432,141.60831742428778,141.72752998502867,3712000
2024-01-02,146.56979370117188,146.8632561518455,141.9384717667105,142.0576843277371,8059900
2024-01-03,147.15672302246094,148.3397666268825,146.58811594685903,147.27593557573175,5301400
2024-01-04,148.0738067626953,148.83498145739907,146.21209554070958,147.01914166699106,8332200
2024-01-05,148.69744873046875,149.51366088731206,147.29429765178003,147.9546056880721,5607600
2024-01-08,148.04629516601562,149.2752102460427,146.53309752924403,148.734114817953,6001600
2024-01-09,148.85333251953125,149.9171635431101,147.50520496238278,148.0462863645782,4454000
2024-01-10,151.2194366455078,151.39368652274158,148.4589922564324,148.81665790148685,6609900
2024-01-11,150.20147705078125,151.43037820289953,149.56868069811108,150.6325118419123,4591500
2024-01-12,150.3588409423828,151.19211888887526,150.15515171951304,150.68289583170082,4971400
2024-01-16,149.50709533691406,150.2663033901877,149.08120985172636,149.97002294185768,4747700
2024-01-17,150.02554321289062,150.8680746828383,149.54410876785764,149.75705146960019,4423100
2024-01-18,151.192138671875,151.52544706859916,149.06266914432769,149.21080934896676,5074300
2024-01-19,152.55311584472656,152.64569285828154,150.54401240680616,151.75688006554583,5863000
2024-01-22,153.1271514892578,153.18270052654952,151.6180033815139,152.2475921014795,4864000
2024-01-23,155.0807342529297,155.10850877663148,151.89579034579444,152.25687328134595,5784700
2024-01-24,152.04391479492188,155.4973501156365,151.89577459891774,155.33070299070184,5422200
2024-01-25,152.8864288330078,152.96049892256383,151.0995214751038,151.84020824323875,4465800
2024-01-26,152.2105712890625,153.56232593780976,151.37730735824502,153.01607482477544,4654300
2024-01-29,151.7569122314453,154.3955907795538,151.54395538753954,153.55307337873066,4704100
2024-01-30,152.69200134277344,152.7475503810894,151.15507868804386,152.04390568337718,3819600
2024-01-31,152.2105712890625,153.56232593780976,151.79393932365375,153.46048131271627,4993900
2024-02-01,155.16403198242188,155.24735553965024,150.6088271974028,151.56245669215173,5584400
2024-02-02,156.16397094726562,160.034052436208,152.97902728715954,156.85836224080873,7870400
2024-02-05,158.56192016601562,160.29327860030182,155.96026991000878,157.24720777828864,6486700
2024-02-06,160.44143676757812,161.0617721658361,157.18243672926027,158.9230348484397,7037400
2024-02-07,162.0338897705078,162.54311288152556,160.46920657836552,161.1080347059036,6409100
2024-02-08,161.8302001953125,162.86716747220004,161.3765402561371,161.4228358347581,5709100
2024-02-09,161.17283630371094,162.39495752869902,160.2192068063391,162.08943781802137,3502700
2024-02-12,160.2377471923828,161.80243042729643,159.4600181800111,160.67288608740853,3477100
2024-02-13,160.44143676757812,162.20982353919146,159.21931528506613,161.52469975249326,5480400
2024-02-14,161.4876251220703,161.89500357670016,159.87663235896838,160.22846177477163,4348500
2024-02-15,163.49673461914062,163.63562134862022,160.92285879329515,161.117294563596,5276200
2024-02-16,164.3300018310547,165.6539676418427,163.01528948398754,163.77448320444017,6689900
2024-02-20,162.71902465820312,165.43177316721483,162.50608195287904,162.7930947573217,5484100
2024-02-21,162.15426635742188,163.5337955823536,160.6358645144287,163.2189941023676,3818500
2024-02-22,163.64488220214844,164.19113329812475,160.30254486336108,161.82094659988508,4852300
2024-02-23,164.88552856445312,165.64473651470766,163.88560337816605,164.11706714922988,3941800
2024-02-26,165.55213928222656,166.45947327583264,164.80219895187878,165.57991380354116,4327400
2024-02-27,165.71881103515625,166.21876657791594,163.8578332246318,165.5151217809951,3888500
2024-02-28,164.80221557617188,166.55208123264194,163.77451580158288,166.51505324296298,4331300
2024-02-29,162.9967803955078,164.820715929638,162.38571268685547,164.68182919907525,7485700
2024-03-01,165.6447296142578,165.90396789685573,162.71902427930772,162.99678361849888,4028700
2024-03-04,163.9226531982422,166.63540194146063,163.20974079417473,165.1262676898367,4723600
2024-03-05,165.87619018554688,166.2743010663705,164.60775919070133,164.60775919070133,5309800
2024-03-06,167.6352996826172,168.6537458071173,164.89477686520453,165.17252205604476,6047100
2024-03-07,167.181640625,168.89446386262267,166.22799699776795,168.68152117276787,6125200
2024-03-08,165.5891876220703,168.63524463599896,165.43177982546624,166.413198082717,6195600
2024-03-11,166.31134033203125,167.82047439499303,165.02440243040422,165.18179608715846,5134800
2024-03-12,167.50570678710938,169.32964250557652,166.36690894401985,166.39468346745414,5391100
2024-03-13,166.52427673339844,168.97778677155299,166.11689828311788,168.968533307656,5987900
2024-03-14,167.76495361328125,168.54266856380522,165.4132877026696,166.80207045464613,6999400
2024-03-15,164.69110107421875,167.19090688767136,164.37629961987838,166.50576906371836,20957800
2024-03-18,165.25587463378906,166.5428126012238,164.40408967445495,165.7373090929168,8569000
2024-03-19,166.33912658691406,166.58909728605033,164.9781184930184,164.9781184930184,7625600
2024-03-20,163.20050048828125,165.94102397611815,162.7005307676079,165.93177050996835,7326600
2024-03-21,164.33924865722656,164.56145892438258,162.83936820434224,163.70040650064993,5743600
2024-03-22,165.2188262939453,165.7187959185263,163.67265009834577,164.08928203387893,4084400
2024-03-25,165.29290771484375,165.91322892845392,164.9225713306497,165.7280607363569,4366400
2024-03-26,165.90396118164062,166.4409587816939,165.15402088537826,165.94098916590147,4392400
2024-03-27,166.97796630859375,167.19090901746227,165.55214159982543,166.46874319831934,5073500
2024-03-28,168.5982208251953,168.7833890213179,166.93167880523637,167.57977455537934,5418700
2024-04-01,167.3575439453125,168.41301807536678,165.9502545235242,168.3945111471986,3502100
2024-04-02,167.29275512695312,167.60754246067538,165.27438372485437,166.0891407085376,4523800
2024-04-03,164.181884765625,168.13528995465677,163.50601450576676,167.32053295487532,5893000
2024-04-04,155.45106506347656,164.5244478353682,155.03443309550465,164.47815225505406,10539000
2024-04-05,157.39535522460938,158.358238240504,154.88628187525524,155.5436451631434,7030100
2024-04-08,157.21017456054688,159.2192781224118,155.91396914399095,156.6639235263723,4745000
2024-04-09,157.5249786376953,157.90458260117742,154.98813069878497,157.1453746742132,5933200
2024-04-10,156.49728393554688,157.3583365111243,154.95110763841205,156.08990543763304,3231700
2024-04-11,155.0992431640625,156.81206654371604,154.83073728606993,156.65467287925668,3307000
2024-04-12,151.65090942382812,153.67877606324163,149.52024704419728,153.67877606324163,7029400
2024-04-15,151.08087158203125,153.91241028218195,150.92200802155315,153.74420683909787,5433700
2024-04-16,151.89390563964844,153.01531912845275,151.46404282705632,151.55748444488012,4881300
2024-04-17,153.49188232421875,153.9497932252535,152.53868673360216,153.39842646380765,4792200
2024-04-18,153.8750457763672,156.47295923384752,153.66010012919634,154.15539912445172,4480100
2024-04-19,155.51043701171875,155.68799462271656,152.55740810937547,154.2114801715449,5532400
2024-04-22,156.89349365234375,158.4821437290468,155.98702584058358,156.69724201645803,5580700
2024-04-23,158.4353790283203,159.21101698930227,157.2018444554613,157.54760544963153,4084100
2024-04-24,156.80938720703125,158.03358214546896,155.81881769224543,157.48222956789786,4074700
2024-04-25,156.33277893066406,158.20178228059274,154.72544916834022,156.67855424676836,5503700
2024-04-26,149.16514587402344,156.491649502934,147.32417651900968,156.1458742028726,10721700
2024-04-29,150.9407196044922,150.96875351493395,148.1745882795352,149.13712389634068,6219000
2024-04-30,151.9873504638672,152.37049956936607,149.2305733996614,150.70708774380338,5484800
2024-05-01,151.1276092529297,152.96857865970028,150.58559658023628,151.47337030334853,5176400
2024-05-02,150.27719116210938,151.8004332433757,147.76337972469264,151.54811383361752,5904300
2024-05-03,153.06202697753906,153.49190403312198,150.21180820359353,150.60429720597918,5849900
2024-05-06,152.07144165039062,153.84700324921928,150.45475787208852,153.64141175609848,5834600
2024-05-07,151.90322875976562,153.24891326400956,151.28645431876015,152.66017272856234,5301700
2024-05-08,149.94078063964844,152.23030673482617,149.39876799412113,151.52009064380573,5906700
2024-05-09,149.89402770996094,150.7537815969801,149.53892685335103,150.27717672883853,3570000
2024-05-10,150.22113037109375,150.8659387487414,149.84733543938972,150.1837565816684,3509500
2024-05-13,150.71640014648438,151.92191506166546,150.26784342098875,150.71640014648438,3505900
2024-05-14,151.006103515625,151.62287796688977,149.2585901630703,151.06217132767412,4025000
2024-05-15,153.06202697753906,153.65076761079968,151.26778542690573,151.67896845589001,5261300
2024-05-16,153.58535766601562,154.12735609518998,151.55747646089586,152.7442975937191,4642000
2024-05-17,155.51976013183594,155.5851820906736,153.716178823723,154.55722459010545,5152200
2024-05-20,153.78158569335938,155.5197592926184,153.64141615283978,155.1366102027139,3058700
2024-05-21,152.2583465576172,154.85627425585398,151.85651769375283,154.53853285864002,3645200
2024-05-22,149.1558074951172,151.3331980298399,148.75396437460546,150.98743698565522,6904900
2024-05-23,147.8942108154297,149.55762244094424,147.42696003838938,148.61378100469315,5672900
2024-05-24,146.77281188964844,148.3801557043715,146.11866365327558,147.98766676254778,3691700
2024-05-28,145.1654815673828,146.10933735128404,143.86652485608113,146.10933735128404,5533500
2024-05-29,144.6514892578125,146.1373575656672,143.6141919625821,144.74494511694976,4254500
2024-05-30,146.0719451904297,146.18408082125754,143.52075977355506,144.5206690869504,4311100
2024-05-31,150.67904663085938,151.0528415758303,145.96915047179226,146.38967334972534,15664400
2024-06-03,149.69781494140625,152.50131976679938,148.42689218352018,149.52025735429996,4467800
2024-06-04,151.5200958251953,152.14621021487983,149.3053314942882,149.69782047322343,4215500
2024-06-05,154.6039276123047,155.1085521389513,151.53876388914492,152.23028586049912,5100500
2024-06-06,157.52894592285156,157.81863914538317,153.58534792079465,154.65067920394878,5186700
2024-06-07,158.32327270507812,159.18301253841736,156.80003040569628,157.9307837111209,3781700
2024-06-10,159.295166015625,159.5661652344358,156.70659231466104,157.93078725985154,4247500
2024-06-11,156.71591186523438,159.46334878756895,156.45425256399895,159.09889374232228,3790200
2024-06-12,155.21136474609375,157.5008907762276,154.22079534802984,156.88413056757815,4725600
2024-06-13,155.6505889892578,155.96831612075738,154.1927687300356,155.12727035870248,3690800
2024-06-14,157.547607421875,158.15504196390083,155.12725191366164,155.56646876766007,4377600
2024-06-17,158.5662384033203,159.2390807544562,156.39820191805447,157.37007739227073,4076000
2024-06-18,160.13619995117188,161.67812193754278,158.74378738854463,159.27646016235187,4250900
2024-06-20,160.8557586669922,161.49121288559434,158.8839597978933,159.96797077429474,5847500
2024-06-21,159.22972106933594,161.60334877000886,158.48211696556038,161.38841740270814,12228100
2024-06-24,161.42579650878906,162.05191081145247,159.51940543679282,159.92124850230007,6249900
2024-06-25,159.566162109375,162.05194000430723,159.44467232778865,160.82774508309225,4844600
2024-06-26,159.93992614746094,161.06133935583483,159.00542464672353,159.13625428645233,5576100
2024-06-27,157.9214324951172,160.323094222326,156.76264536323438,160.07077479454446,5382000
2024-06-28,160.28570556640625,160.56605887578868,157.977485658824,158.85591937385357,24463400
2024-07-01,159.21102905273438,162.49113871280636,158.43539103298227,160.0520890273467,5194500
2024-07-02,155.0898895263672,157.58500705050218,154.61328459139315,157.58500705050218,5965500
2024-07-03,153.1087188720703,156.155202819103,152.80968581370692,155.2113471994764,3527600
2024-07-05,156.29537963867188,156.3514474485242,152.91248869020575,153.93109192748753,5978300
2024-07-08,155.6132049560547,156.73460398477386,154.7721449899936,155.63188472065704,3500200
2024-07-09,157.04299926757812,157.4915560501992,154.06193683394613,156.0804637447855,4224600
2024-07-10,157.1271209716797,157.4168142276979,155.23008359256227,156.48231249377346,3887800
2024-07-11,158.78115844726562,159.19234140212592,156.38883681101854,156.5477003600579,3689500
2024-07-12,159.12692260742188,160.3885054021934,158.77180745584073,159.45400385328472,4133500
2024-07-15,158.46678161621094,160.6735999900318,157.89149842744354,159.29670212206665,2395100
2024-07-16,159.5701904296875,160.18320512566146,157.74060080443502,159.00434731458168,3829500
2024-07-17,165.29469299316406,165.73794457979474,159.86250823457553,159.86250823457553,6983200
2024-07-18,161.3997802734375,166.62447176746025,161.00368577522096,164.52139345894602,5957800
2024-07-19,162.5126190185547,163.95553973669803,161.47521845436845,163.78577673967064,4293600
2024-07-22,163.72921752929688,164.78546960883756,162.21084796977948,163.45572882668554,4066900
2024-07-23,163.2953643798828,164.65341076548034,162.93700142116057,163.45570169209753,2933800
2024-07-24,166.18124389648438,166.5490469792905,163.1067733367848,163.34254491269527,6117700
2024-07-25,171.80203247070312,175.51779485845572,162.0222319780236,166.92627794349013,9442200
2024-07-26,174.62184143066406,176.2156593854272,171.74542568896314,173.0091577229061,6948800
2024-07-29,171.58511352539062,175.53664718996717,170.25535846774645,173.56558600345784,5458500
2024-07-30,176.14962768554688,177.02670527677623,172.20753453649823,173.14118060319268,6032200
2024-07-31,174.77273559570312,176.82865653498044,173.00915467575427,175.78183031267923,6473900
2024-08-01,178.91290283203125,180.10118635315536,176.14022689238718,177.08331316353934,6595500
2024-08-02,178.51678466796875,182.87385279996076,175.8478633226617,180.11060268593877,6303900
2024-08-05,173.8673553466797,178.5167629490816,172.6224747774654,176.78148796504226,6459300
2024-08-06,175.1405487060547,177.13046121107368,172.66022733605396,174.87647132463857,4273200
2024-08-07,176.83807373046875,178.79969459300978,175.39515311361083,177.20587674279818,6351000
2024-08-08,179.56361389160156,179.85598271316908,176.28167781389362,176.28167781389362,5744600
2024-08-09,179.12034606933594,180.1388808410624,177.3945110734593,179.92197505524692,3206500
2024-08-12,179.3561248779297,179.72394230711967,177.0172751537974,179.26182489305168,4808300
2024-08-13,180.34637451171875,181.01597206223778,178.60167363225176,179.71450846874222,3477300
2024-08-14,182.015625,182.3457109051047,179.62961821729036,180.12945272020724,4153400
2024-08-15,182.3928680419922,183.89238605900752,180.40295555472312,183.4208429519803,4719900
2024-08-16,182.86439514160156,183.19448104376733,181.3271745326971,182.84554378002528,3674900
2024-08-19,185.66537475585938,185.95772917409082,182.34572170781172,182.39286450531745,4309300
2024-08-20,184.98635864257812,186.2406650579258,183.08133481507613,185.90115343880646,3631800
2024-08-21,185.3447265625,186.10862406896896,184.5336718687675,185.25985225963748,4250400
2024-08-22,185.19384765625,186.29725687377555,184.23191001452287,185.79742229806794,3676700
2024-08-23,186.3066864013672,186.71220657025663,185.06180567850382,186.0237576561388,4720300
2024-08-26,186.2029266357422,186.7027611302628,184.91090325070047,186.31609236571597,4182300
2024-08-27,184.76947021484375,187.01402026290367,184.0715811570351,186.7216658059591,2504500
2024-08-28,184.27903747558594,185.06180074737375,182.9870139882397,184.39221760487376,3910200
2024-08-29,184.07156372070312,185.25986158198657,182.81727169656548,184.8449013377513,4538300
2024-08-30,185.1372528076172,185.31644149115937,183.11904888047775,184.13758372085937,3820800
2024-09-03,186.43870544433594,188.5700749873693,184.93920190224142,184.9769190169209,4872400
2024-09-04,185.7974090576172,188.50407626584567,185.25985740088356,187.372361301526,4214300
2024-09-05,181.88360595703125,185.91058807913666,181.22344849201892,185.75026515123034,5902800
2024-09-06,182.3928680419922,183.6566145054939,181.85531638296501,182.45889098434571,4312600
2024-09-09,185.24098205566406,185.42017072874813,182.90213240519185,183.87350999999754,3606900
2024-09-10,188.00425720214844,188.11742295175472,181.93077920712946,184.95807813193528,6333300
2024-09-11,183.51515197753906,186.42928506880742,182.4117427795934,186.42928506880742,4909300
2024-09-12,182.9775848388672,183.967828206836,180.3840978415148,183.69432515579018,4165200
2024-09-13,183.15676879882812,183.51513175288412,180.89335338885326,182.8266828878882,2718100
2024-09-16,184.59027099609375,184.99580557385616,183.3925617981531,184.67515969678644,3235700
2024-09-17,182.44003295898438,184.920354411928,180.9028121503989,183.71320515803134,3534100
2024-09-18,181.95904541015625,184.4487922886954,180.86506201449518,182.13823408241916,3236800
2024-09-19,182.600341796875,183.10961639331472,181.03482967276986,182.42115311999262,3929300
2024-09-20,182.45889282226562,182.78897875665112,181.19516073638786,182.01564114596684,11661200
2024-09-23,182.79840087890625,183.24165254657404,181.26116575953273,182.67579506731838,3178000
2024-09-24,182.49659729003906,184.0998552712374,180.68587359316436,181.96847134391138,4286500
2024-09-25,180.37466430664062,183.49629176629614,180.0917499544137,182.95872571635772,5589300
2024-09-26,180.97825622558594,181.89305109292835,178.82802060079382,179.28071238838007,6215700
2024-09-27,183.70376586914062,184.96751239156478,179.4410263439179,181.63841905196114,4891900
2024-09-30,186.24066162109375,186.37269311551736,183.30766291821243,183.7603546622536,4550200
2024-10-01,185.75025939941406,187.64585743104172,185.24098480620765,186.40097677240647,3924600
2024-10-02,185.6182098388672,185.7879584265074,183.3830860358097,184.5242265284582,2946900
2024-10-03,184.32620239257812,185.83514612995808,183.65661922200184,185.6653831240847,3453800
2024-10-04,183.23220825195312,184.50538035576028,182.06279059429343,183.9961201484493,4749700
2024-10-07,182.59092712402344,183.98669072703487,181.86474669142763,183.3548246743854,5033800
2024-10-08,182.02505493164062,183.90180157438832,181.30831462910848,183.2793612538365,4419000
2024-10-09,183.66603088378906,183.7980623714547,181.02538674012357,181.8741729239908,4478900
2024-10-10,183.28880310058594,183.7320547522098,182.27969399018818,183.4679773851898,3562500
2024-10-11,183.13790893554688,184.128152309857,182.56262578592694,183.9018064444751,2973000
2024-10-14,184.5148162841797,185.16554808935965,182.63808388470267,183.18507562832707,3623900
2024-10-15,182.3854217529297,186.5586307992604,181.77702730785873,185.11368855274148,6553500
2024-10-16,181.0545654296875,181.6059106627808,179.4099871650821,181.0450499739414,5576000
2024-10-17,179.25790405273438,182.1572750975367,179.15333557370664,181.13060671397392,4419000
2024-10-18,179.5335693359375,180.32258337174727,178.8681401808171,179.6381378106898,5607900
2024-10-21,177.32814025878906,180.02790434626874,176.71024483157987,179.39099251206693,4496500
2024-10-22,179.4385223388672,179.76174325570227,177.03346164969807,177.11902823356965,4210400
2024-10-23,178.60198974609375,179.92334726304674,178.2407505166937,179.38148841894667,4266700
2024-10-24,180.28456115722656,181.06407428852242,178.8776516458053,179.12480691644447,6741800
2024-10-25,178.57345581054688,180.50320766325893,177.92702853927014,180.3130726094747,4017400
2024-10-28,180.3130645751953,180.7503548720393,178.25974243533582,178.8015866997272,5383700
2024-10-29,180.0944366455078,181.71999853917248,179.21036955800594,181.08308671687936,6131500
2024-10-30,191.54937744140625,192.3574079126212,179.23888685429012,182.157274292916,10396400
2024-10-31,193.8023223876953,197.0819633059394,191.47331316719098,191.99615552410432,8829300
2024-11-01,193.4981689453125,194.61989048159023,192.32891363938725,194.277667647506,4493900
2024-11-04,190.57025146484375,194.1540827505804,190.33259713962747,193.726293360976,3531800
2024-11-05,191.72048950195312,192.42395152365015,188.5549466674885,190.58926710291632,5109300
2024-11-06,191.26419067382812,195.9697432310034,190.93148333448806,195.62752043564876,7194800
2024-11-07,190.6082763671875,192.3289059256911,189.38198638897578,191.9771676486225,4520200
2024-11-08,189.6481475830078,191.9201223046687,189.62913117591026,191.22617575092787,4596900
2024-11-11,165.816162109375,169.75173150056614,164.1715983069827,169.75173150056614,20760300
2024-11-12,162.64111328125,167.90754134028307,162.58407856307412,167.31814874017098,10557000
2024-11-13,161.9376678466797,164.11457514843556,161.27222411196115,163.1924751786026,8483500
2024-11-14,161.25318908691406,163.14490790026002,160.26453914457545,161.60491278481933,8442500
2024-11-15,156.84234619140625,161.25320967628141,156.5856754709714,161.25320967628141,11265400
2024-11-18,158.0686492919922,158.5059396483792,156.66173969776895,157.44123836967273,8336900
2024-11-19,158.3443145751953,158.8481405327106,155.7206018097388,157.10850930939148,5246000
2024-11-20,159.47555541992188,159.61815672022374,157.46975230660289,158.66753940595441,7135600
2024-11-21,163.24949645996094,163.9434574970146,158.677029803292,160.2645588718999,6847700
2024-11-22,168.21173095703125,170.02741350960946,164.9321041219427,165.73061918513017,11328600
2024-11-25,168.3162841796875,171.29172074697277,168.02159515965627,168.2782658728603,12465000
2024-11-26,172.19480895996094,172.67961853802845,167.94554867044283,168.34480617683988,6947500
2024-11-27,174.03900146484375,175.1417209155207,171.95714744312687,172.19480174687962,5271500
2024-11-29,173.8964080810547,174.47628518877096,173.48764962255495,174.0960440875959,2710700
2024-12-02,172.793701171875,173.67776824968672,170.02740149986818,173.2785107462942,3936600
2024-12-03,172.5370330810547,174.4477685560888,172.51801667433648,173.2785133851138,4107600
2024-12-04,167.74591064453125,171.53886383427758,167.22306830482768,171.20615653102385,6125500
2024-12-05,167.47024536132812,167.99308776914282,164.96061630908628,166.33900847131144,5444200
2024-12-06,167.48924255371094,168.01208490154383,165.559490846928,167.3086229694353,4839600
2024-12-09,167.85047912597656,169.33343957669746,165.76862522197732,166.91886386415098,4394500
2024-12-10,166.99493408203125,168.1832056695438,165.2458017864772,166.86184824444058,4089600
2024-12-11,165.7591094970703,167.3086201090841,165.25528356284497,167.27060180501303,9492200
2024-12-12,164.6374053955078,167.22308550022794,163.49666758584144,166.2724682412946,4999500
2024-12-13,164.8085174560547,166.2819771792317,163.87691655902628,164.6944480211893,5471600
2024-12-16,163.15444946289062,164.7799968992495,162.1087646460228,163.19246777201826,8157900
2024-12-17,166.71925354003906,167.78394019021195,161.80456422807404,162.15628795959165,7664700
2024-12-18,164.47579956054688,167.78394350702914,164.2856790128673,167.33715224208473,5471600
2024-12-19,163.04986572265625,165.29332288822368,161.9281298872389,164.39022494668404,6110500
2024-12-20,166.9093780517578,168.06913225409502,162.23234293482795,163.306530560889,18950900
2024-12-23,169.58062744140625,169.82778272898634,166.00631144932672,166.63370787245606,6945600
2024-12-24,171.11109924316406,171.27270242959494,169.05776257098188,169.59962134778036,2692800
2024-12-26,170.35060119628906,171.4438196913689,169.80875692912034,170.17949706095183,2759300
2024-12-27,169.21937561035156,170.78790281456992,168.53493001310508,169.13382353701286,2745400
2024-12-30,167.49876403808594,168.58246717132934,166.84283578541545,168.2782771804679,3405700
2024-12-31,168.9246826171875,169.057768452129,167.23258507067328,167.6413580313803,3326400
2025-01-02,170.5787811279297,170.90198754855086,169.1148222729071,169.83730074873063,4092000
2025-01-03,172.27085876464844,172.60358060340437,169.97036676616665,170.78789817928563,4380200
2025-01-06,171.20616149902344,172.99331195032352,170.40763203645622,171.85257422485668,6302100
2025-01-07,170.664306640625,173.17393549613405,169.58060360086583,170.75937416378198,5905200
2025-01-08,169.6851806640625,170.3886426573395,167.47974166153026,170.3506098440444,4488500
2025-01-10,166.51962280273438,168.77258105519584,164.7704905349561,168.12616828438271,5372200
2025-01-13,168.0120849609375,169.19084097617707,165.7305950346603,166.51010808175343,4734100
2025-01-14,166.88087463378906,168.05012988436872,165.4929669542345,167.88852667943243,4779100
2025-01-15,164.42433166503906,167.40863136518612,161.90062708535558,166.50662221615607,8048700
2025-01-16,166.67935180664062,166.92885243968144,163.62788878268316,164.52029280748192,5236000
2025-01-17,164.6258544921875,166.95764592576342,164.3475822072377,165.89250952120287,7852500
2025-01-21,165.63340759277344,168.56013487882103,164.29958953677874,165.2015987307136,7548500
2025-01-22,162.36123657226562,163.96373641076337,161.26731391308516,163.41678240220125,9465000
2025-01-23,163.77182006835938,163.79101580366859,161.67033363470856,163.5703160948086,7116200
2025-01-24,163.41677856445312,164.19403745639943,162.40921477627776,162.47639252844883,5584900
2025-01-27,169.75003051757812,170.2778034855935,165.61423491359355,165.68141267409445,6985200
2025-01-28,167.74447631835938,169.99949919282082,166.70812631490827,169.65404919167045,5603700
2025-01-29,168.17628479003906,169.769193938627,167.25509455036388,167.4470079634583,3748300
2025-01-30,168.55052185058594,169.0015264265759,166.9480221486438,168.89597185257708,5209200
2025-01-31,176.4670867919922,184.01900549870555,176.24638707823215,179.72967369036334,11926500
2025-02-03,182.4548797607422,183.91344817169156,174.78781603810347,175.7761841039159,9830000
2025-02-04,182.27255249023438,183.424047674497,179.48977124142849,180.0463304196008,7377800
2025-02-05,183.9998016357422,185.56392458282323,182.24376526595285,182.81952017613332,6449600
2025-02-06,185.17050170898438,186.62907014942027,182.85790604950213,184.14374215151688,4586400
2025-02-07,182.8962860107422,186.02451722072385,182.74274941782082,185.3528129292622,3805900
2025-02-10,182.64678955078125,183.72153108367766,181.44731234509095,183.72153108367766,3685700
2025-02-11,184.07655334472656,184.17250272640618,180.65083975777483,182.12860372777317,3977000
2025-02-12,185.19927978515625,186.51390211164488,182.69477080445196,182.8003253837941,4525000
2025-02-13,185.63108825683594,186.4275428734523,183.6927290048546,186.4275428734523,4108900
2025-02-14,185.0745391845703,187.29117082504118,184.98818033568205,186.11088929739887,3976900
2025-02-18,188.3179168701172,189.05679891124296,182.96344899263613,184.2396944665605,6065500
2025-02-19,189.3734588623047,190.10273570053485,188.0876082257168,188.83608079817947,4888700
2025-02-20,192.76080322265625,193.22139840253914,188.87449387212396,189.99720285924542,5067000
2025-02-21,193.9122772216797,195.73547664683903,191.93554120604972,192.22341865266836,5889400
2025-02-24,195.83143615722656,197.19404042158462,193.14460445421494,193.6723773204939,6305000
2025-02-25,195.88900756835938,197.68342066113277,194.17136276859966,196.88696609342756,7746800
2025-02-26,194.80467224121094,195.591536249645,193.28853142466235,195.3612313745304,4766700
2025-02-27,196.7334442138672,198.44149846832997,194.07539880536083,194.8526576395534,5696900
2025-02-28,200.5813751220703,201.12834375618567,196.14811205421202,196.8294069076596,13136400
2025-03-03,202.93234252929688,203.7192065852678,200.4662250682805,201.49296991749617,7016400
2025-03-04,199.36268615722656,206.94339027497801,199.27632731943018,205.80148572393318,7554000
2025-03-05,202.9899139404297,203.60404566563466,197.6738375668167,198.7005970522678,5752800
2025-03-06,202.23184204101562,203.4121234250384,200.07278322918984,202.90354629850603,4346000
2025-03-07,205.62875366210938,206.30047255795114,200.55257297057352,202.57729091973852,6806100
2025-03-10,207.90298461914062,209.82214811129467,200.74449835090164,201.50257612985354,8604000
2025-03-11,204.95706176757812,207.9029847581915,203.82476233463655,207.9029847581915,7144500
2025-03-12,203.48890686035156,205.2257475132728,200.85005700508196,203.43133429714732,6139800
2025-03-13,202.99952697753906,205.1585859664804,202.16468087855043,203.43133584691617,5559500
2025-03-14,203.21063232421875,204.21819609522169,199.87127727506305,201.30105936092858,4511600
2025-03-17,205.801513671875,206.7898817730219,201.0515866013236,203.64245458143742,5075400
2025-03-18,205.20655822753906,206.48278903976248,203.69041734144997,205.8014942129715,5088200
2025-03-19,203.67123413085938,205.83029314991444,202.26064773371226,205.379288539014,5412900
2025-03-20,203.3929443359375,204.79392542363163,202.57729403106208,204.4004934110656,5836100
2025-03-21,201.52175903320312,204.27576862578715,200.30310074701538,203.1722408226499,16657700
2025-03-24,200.71572875976562,202.49096099444412,199.11322886761283,200.92683793282112,7393800
2025-03-25,193.2021942138672,200.80208023870904,191.32142210375935,200.76370340958806,10089100
2025-03-26,193.16380310058594,194.91023421654026,188.54821737163982,194.91023421654026,6742900
2025-03-27,194.52642822265625,195.44761857267656,193.16382379179444,193.85472387533798,4995300
2025-03-28,196.9925537109375,197.69305901142422,193.44210375529352,194.53602649064453,6478100
2025-03-31,201.0515899658203,202.2894440892145,196.16730730264254,196.16730730264254,11093700
2025-04-01,197.93295288085938,203.57528421883939,197.29003479651715,202.01117575534238,7853200
2025-04-02,196.89659118652344,198.8445410622514,192.24261361620418,198.8445410622514,9262800
2025-04-03,193.4900665283203,202.17428443085228,193.10623967910414,201.800048128147,7593100
2025-04-04,179.40341186523438,191.91635154335677,178.64533407708697,191.91635154335677,13505200
2025-04-07,179.0099639892578,180.59326789255616,169.15505610982623,173.7130690556264,12581100
2025-04-08,168.56971740722656,180.77559794199706,165.35512746074485,180.01753483284315,12517100
2025-04-09,172.57119750976562,173.3004890914147,157.74566075947027,161.49762933141147,18977800
2025-04-10,167.1591339111328,170.80554740205972,158.30219867090256,170.56565197031526,13970000
2025-04-11,167.9748077392578,169.81720315580034,162.4859983215748,166.78492096017408,9047700
2025-04-14,171.86109924316406,172.9070398485074,169.07830335117248,170.26819000589188,7164400
2025-04-15,171.221923828125,174.80518505380923,170.74737811671264,172.09352271799895,8078500
2025-04-16,166.263427734375,171.27032539630113,164.3943270152037,170.9604144171855,9459300
2025-04-17,167.53211975097656,169.67238532322904,166.4861922965221,167.12537264825033,8998100
2025-04-21,164.79141235351562,168.6748905157724,163.2225137161211,167.99697864893298,7364600
2025-04-22,168.29718017578125,169.14942060251963,165.51773438953546,165.68236905790647,6191900
2025-04-23,171.46401977539062,172.52930556303224,168.89761924236188,169.47869496461692,7119700
2025-04-24,174.6792755126953,175.76394927406665,170.55368492508845,172.00635954039134,8789400
2025-04-25,180.18975830078125,182.74646505224274,174.31127599663637,181.2163126724284,10482100
2025-04-28,186.27162170410156,187.02701132827318,181.71991082637325,182.06855332809636,10408000
2025-04-29,187.40469360351562,189.37064528585213,184.56714311386412,186.513721664798,6671400
2025-04-30,188.94456481933594,189.6031036004042,184.98359384514407,188.35380984108517,8400700
2025-05-01,187.2400665283203,189.64183248914878,183.81176099940677,186.79458792956848,5823600
2025-05-02,192.20822143554688,192.7021254840072,188.48937797363644,189.0123343321609,6424800
2025-05-05,189.8839569091797,192.23728279943006,188.87676085495312,192.20823048799767,5121500
2025-05-06,181.24537658691406,189.64184946947523,179.87987358142468,189.33193843618565,9392000
2025-05-07,182.1557159423828,184.17977244011126,180.85799678112477,182.23319369822417,5771700
2025-05-08,179.7248992919922,180.77082675403724,175.9092050630602,178.32065016533377,8816700
2025-05-09,178.7758331298828,183.7827166584504,178.41749666701824,179.88954445242192,7806100
2025-05-12,184.0732421875,186.61057568122408,174.3209465827603,174.3209465827603,12792700
2025-05-13,182.06854248046875,183.77300862213497,179.56026131946078,183.0660444831456,7523800
2025-05-14,171.84170532226562,181.72956780437843,171.02821117674313,180.63522976720006,12212000
2025-05-15,175.9479522705078,176.36439336802994,170.99918798723203,172.40343723936064,12073300
2025-05-16,178.21412658691406,178.26255202973985,174.82455247229404,175.57994209279116,6152800
2025-05-19,179.85079956054688,179.9379564866251,176.751748711204,178.4078041935387,5216700
2025-05-20,179.0179443359375,180.1316556507871,177.84611362240273,179.0276235136997,5505100
2025-05-21,176.06417846679688,178.97920707592604,175.81237205860293,178.12696651410909,5140900
2025-05-22,176.7808074951172,177.76863035896196,174.56306411191028,175.68646934707726,4689200
2025-05-23,177.47808837890625,178.31095571986972,175.98668232885856,176.61616872885787,4027000
2025-05-27,179.86050415039062,180.12198974294063,178.0979183613545,178.45625484814425,5726700
2025-05-28,177.31344604492188,180.22848900110213,176.61616110225458,179.50215175060447,4787800
2025-05-29,179.7636260986328,180.85797897325332,176.92607561002114,177.6717860063695,4925900
2025-05-30,180.23817443847656,180.79987703832307,177.2359744545241,179.16319467930595,11609000
2025-06-02,181.09042358398438,181.09042358398438,177.3812592782029,179.8701674447581,4435600
2025-06-03,181.3422088623047,182.77551030069566,178.98888315151487,181.0032455516141,5335600
2025-06-04,181.42938232421875,184.17977621478553,181.3615985223252,182.46563070529194,4382200
2025-06-05,181.55526733398438,182.64962022912414,179.21162082174388,181.58431964293766,4417900
2025-06-06,183.8408203125,184.48000070274952,182.3590933570665,182.5431011764448,3607800
2025-06-09,183.19195556640625,185.73896832289162,183.04667923961736,184.49935384328492,4661500
2025-06-10,183.52120971679688,185.82612462563927,182.84329791342236,183.07571637322562,4087500
2025-06-11,185.45811462402344,186.6396244215723,183.0950950289257,183.36625975845794,3908000
2025-06-12,186.34909057617188,187.48217495842675,181.49716287102356,186.13603045875269,5781400
2025-06-13,185.05136108398438,187.36595515874984,184.28627758437761,185.51621277879508,4965700
2025-06-16,184.83831787109375,185.61308061816374,182.969202189636,184.87704935863061,4203900
2025-06-17,179.6280517578125,184.5962036007816,179.19225233484698,183.19195444795048,4733900
2025-06-18,179.63775634765625,181.2163194521806,177.90422295323975,179.4053230788746,3573200
2025-06-20,179.45375061035156,181.19696320305613,178.34971843120053,180.21881944909265,12158100
2025-06-23,177.9623260498047,179.93797187407722,176.5483976479464,178.66930502810476,5157900
2025-06-24,179.6958465576172,180.26722833966747,177.4103046520462,178.69834453899725,4074400
2025-06-25,179.54087829589844,181.18723972959285,178.81454106538305,179.4537213748051,4471100
2025-06-26,180.89671325683594,183.02731442221656,179.92826355525193,180.6449216542772,5734000
2025-06-27,176.5580596923828,182.06854076392543,175.99635710184808,181.97168988448618,29264700
2025-06-30,179.7636260986328,180.37375412995144,176.01573054023447,176.6742692339877,6482600
2025-07-01,183.9957733154297,185.70991873315847,178.5724488046856,179.17288292090444,5937600
2025-07-02,184.73178100585938,186.5137249143406,183.55027118499538,183.71490586136235,4658200
2025-07-03,183.30816650390625,185.42907380928588,182.91109856199026,185.1191627978284,3706200
2025-07-07,181.71023559570312,185.35160142150713,180.935472822004,183.46312732005785,11049100
2025-07-08,183.78271484375,186.91080342664617,180.7805146808712,180.89672392315506,7106900
2025-07-09,184.6058807373047,185.06105328749896,182.37845820513527,182.5527720614463,5594100
2025-07-10,188.8477020263672,191.26882641132062,183.57933300032926,184.48967813345104,6049400
2025-07-11,186.37815856933594,187.87925869479432,185.12886484603752,187.77272862711996,4991000
2025-07-14,185.47750854492188,186.59121989623506,184.04419221117362,185.67119554810185,4072800
2025-07-15,182.0684051513672,186.24916889592492,180.72039673386877,185.79984269342705,6729200
2025-07-16,186.16127014160156,186.9524873358016,182.1758660291464,182.5861262444722,6202600
2025-07-17,186.9622344970703,187.66554192317233,183.89503846295963,184.6178863467317,4853100
2025-07-18,184.8718719482422,187.88046182797257,184.19788259088688,187.06970415767154,5332000
2025-07-21,180.5641326904297,185.49703307358698,180.34923234801448,185.2235262568774,4954800
2025-07-22,182.771728515625,183.83645255016145,180.61296230426785,180.65204322397773,4432100
2025-07-23,186.13197326660156,186.37617684871336,182.43961629747173,182.71312311703662,4344500
2025-07-24,186.4054718017578,187.78278352085738,185.58495137952949,186.3370876474039,3462700
2025-07-25,185.86822509765625,186.96225235162495,184.1588000608284,186.96225235162495,3786800
2025-07-28,184.14903259277344,186.77666539582194,183.28943125512106,186.77666539582194,3776900
2025-07-29,186.78643798828125,188.02699636485548,183.50434123250488,184.76442516414048,6715500
2025-07-30,184.92071533203125,188.23211525910014,183.65085374328726,187.32368510180856,5008400
2025-07-31,184.63743591308594,194.21998143520705,183.269887003755,192.4910160186614,10347900
2025-08-01,190.69369506835938,192.49102986187748,185.3895854954725,185.51657612822234,8082000
2025-08-04,192.6179962158203,192.7938156190013,189.22844971892377,190.29317362930286,4217500
2025-08-05,193.94647216796875,195.2553996847522,191.9244595176369,192.9696579187269,4153400
2025-08-06,191.7486572265625,193.4580823153538,190.1564450885442,192.65708740506113,4057200
2025-08-07,194.24928283691406,195.19679385418348,191.94400060494968,192.48125142479358,4683300
2025-08-08,193.4580841064453,195.68521962177542,192.56917947484314,194.46420168990565,4101700
2025-08-11,194.0343780517578,194.80605473525983,192.32495314925114,193.58503694775507,6067800
2025-08-12,194.0343780517578,195.38238645876382,192.4812470032523,193.49712724425527,3049800
2025-08-13,196.7987823486328,197.04298592876412,194.59118735004694,195.12842330233292,3558500
2025-08-14,199.93434143066406,200.3055356299227,196.2029185989179,197.12112641497677,4635400
2025-08-15,201.8977508544922,202.04426703807337,199.58270572388926,201.1358368898633,4430900
2025-08-18,201.78053283691406,203.50948337973722,201.18467553031874,201.80983607289392,6083500
2025-08-19,201.4093475341797,202.98201918955098,200.344623499892,201.7414608266174,3975500
2025-08-20,204.3007049560547,206.7818216257438,201.85866920518146,201.85866920518146,5782100
2025-08-21,204.64259338378906,207.52419255306137,204.02719561260434,204.29093964382682,5323900
2025-08-22,205.7170867919922,206.5669104189825,202.3177624740258,205.95151267253982,5516900
2025-08-25,202.73780822753906,206.40086180342206,202.249401084088,205.42404751651992,2796200
2025-08-26,203.52903747558594,203.74393782383893,201.7805463566227,202.70851700316757,3702900
2025-08-27,203.2359619140625,205.54124404321132,202.99175836184335,203.97835025200996,3459100
2025-08-28,203.09922790527344,203.18713761526217,200.72557630555755,202.83548387030388,4523100
2025-08-29,205.521728515625,206.1078230740456,203.07969269721215,203.17738009195017,4264700
2025-09-02,207.00648498535156,207.24092578351286,204.1444262363572,205.26775672108124,4335500
2025-09-03,206.9478759765625,208.47170388343275,206.57668177693913,207.4948895939002,3973500
2025-09-04,208.0614471435547,209.2238585523028,206.7525195509322,207.32883641417595,3531600
2025-09-05,207.6316375732422,209.3703657707804,206.10780970618646,207.6218747964031,4465400
2025-09-08,204.92587280273438,207.08463904151031,202.79642470661506,206.09806192885924,5525500
2025-09-09,205.541259765625,205.83430703170436,204.27139821594986,204.67189564942487,3097100
2025-09-10,206.73297119140625,207.34836895016892,203.60716851317255,205.35565949560547,4520600
2025-09-11,215.11402893066406,216.6280939541416,211.72448239155707,215.24101954898862,7647700
2025-09-12,213.2776336669922,215.2703432136575,213.1701834962896,214.0395476392455,4418800
2025-09-15,212.56455993652344,214.50842575491066,209.34106977284245,214.50842575491066,5162100
2025-09-16,211.245849609375,213.63905650558294,210.8355894027401,213.26786231172156,4251000
2025-09-17,215.69036865234375,216.41321661842355,212.2617557384459,214.0200245039078,5258400
2025-09-18,216.84300231933594,216.92114924851143,214.82098965255202,215.94433499132177,4445600
2025-09-19,217.31187438964844,218.30822913014237,216.45227305235935,217.26303069457464,14415100
2025-09-22,217.42909240722656,219.9395123235671,216.29598423708833,217.30211668307555,5990700
2025-09-23,217.44862365722656,219.19711462959106,216.7843822078627,216.8625291374939,4629900
2025-09-24,214.88937377929688,217.08720585771118,213.47298118253883,216.85276507021268,5074500
2025-09-25,213.47300720214844,217.10675787376772,212.97483723612166,214.99685014912146,6666000
2025-09-26,215.49501037597656,216.34483407520452,212.6231738551325,215.5145508360174,4185600
2025-09-29,217.98587036132812,218.0640172894818,214.69399622224068,215.63174445508224,4958400
2025-09-30,226.17156982421875,226.96280190419387,217.4095595230428,217.88818897678982,9187300
2025-10-01,238.71388244628906,239.13390543920303,226.62091669118428,228.22289154055977,12243100
2025-10-02,231.07518005371094,237.04351580673938,229.08248551208735,235.30478760811596,8107700
2025-10-03,228.4866485595703,233.30233615854817,228.29128867025148,231.4073139316467,6547300
2025-10-06,224.85287475585938,227.54887672201954,222.63550223334573,226.33763659034014,11940300
2025-10-07,227.43165588378906,228.65267365477644,222.31314402200934,225.92735364313148,4901000
2025-10-08,225.8785400390625,227.59772781036975,224.35469723824113,226.11296592764802,5412800
2025-10-09,225.34129333496094,228.36940872307642,225.27290917953408,227.86147601849137,4607600
2025-10-10,225.1556854248047,229.23876184990746,225.1556854248047,226.1422624550083,6156900
2025-10-13,224.9603271484375,228.3889398365996,223.90536595861775,224.66727988932044,5411900
2025-10-14,223.8174591064453,225.30220606956672,222.23500984903535,222.7820383620307,5527600
2025-10-15,222.56796264648438,225.25388601238154,221.68249802419675,223.53213757046836,5459400
2025-10-16,223.20745849609375,224.4274456279636,221.82023261877345,222.56795795042967,4737500
2025-10-17,225.8638916015625,226.98548715130588,223.14843868247982,223.84698324118082,7150000
2025-10-20,228.3136749267578,228.51044317077964,226.2869334896692,227.27078972223296,5246700
2025-10-21,227.6544952392578,229.05156930142394,226.11968190370783,228.40222057870514,3298100
2025-10-22,224.9882354736328,228.41206596304906,224.7422714161293,227.9299710058585,3523500
2025-10-23,224.565185546875,226.14919468507514,223.58132931227752,225.29324456496084,5818000
2025-10-24,224.30938720703125,225.34242423822138,222.5974719629211,225.08662702299077,3554700
2025-10-27,224.34872436523438,224.90952959591408,223.4534116350899,224.2700140690449,2784400
2025-10-28,223.8666534423828,224.7127704516055,220.68880183170762,223.33537765168745,3724200
2025-10-29,221.50538635253906,224.3192157115239,220.42313851737015,223.9453455480193,5469300
2025-10-30,224.51600646972656,225.94259511375034,222.7549102839921,223.38457772057635,5020700
2025-10-31,214.52000427246094,220.2558878544471,212.5129441828804,219.39993774436263,10825300
2025-11-03,208.53817749023438,215.46451888922988,208.27253209907533,213.18196518177655,8874300
2025-11-04,212.40472412109375,213.57551545457338,208.9415459353932,208.9415459353932,6184000
2025-11-05,213.27052307128906,213.9198567854693,209.1678443188383,212.25715233689846,4928200
2025-11-06,215.5038604736328,216.13352785583476,212.16858847826634,212.40471937626253,6615300
2025-11-07,215.62193298339844,217.42239166920652,213.58534340008202,215.76950541155708,4647900
2025-11-10,215.17921447753906,216.31064319914853,212.66052978005496,213.496813626431,4530800
2025-11-11,221.53489685058594,221.7808608984743,215.4645059501959,215.4645059501959,4802400
2025-11-12,229.46478271484375,230.22235621013363,221.6529619012764,221.7611866863178,8583200
2025-11-13,228.5399627685547,235.42695655054376,228.41207166393002,229.96656634764503,7968500
2025-11-14,228.6088409423828,231.20622086565194,226.6017807794974,229.83866126613628,5461500
2025-11-17,230.2223663330078,231.5505782976034,225.52936773888595,229.49430729140244,5023100
2025-11-18,230.09446716308594,233.36087727209062,228.3628854864478,231.2062295816559,6232600
2025-11-19,229.14996337890625,234.30536053417322,226.641126932473,229.76978260952845,7618400
2025-11-20,225.74581909179688,231.15702859939583,224.31923049683002,229.49430909415892,4283600
2025-11-21,232.46554565429688,234.167612705506,226.42466908494785,226.8280537367378,8017600
2025-11-24,225.80484008789062,233.7839147894875,224.79146936236032,232.190072485732,10225900
2025-11-25,228.05787658691406,230.30106758510874,226.5919254031345,226.60177357338262,7134100
2025-11-26,223.98471069335938,228.72688986823934,222.9811731452697,228.29399072935934,5920800
2025-11-28,224.02406311035156,224.40776644390698,221.86941554021155,223.18779431283582,2655600
2025-12-01,221.4758758544922,225.78517093262138,220.3641135140267,223.52229860809152,5208300
2025-12-02,220.74781799316406,222.97134268568985,219.50816454519685,221.1905653075746,5096700
2025-12-03,226.52305603027344,227.06416492825045,220.89539738669754,221.21022356302305,4872900
2025-12-04,225.0177764892578,227.21177179099885,223.91584724677196,226.3951692767958,3732900
2025-12-05,222.4302215576172,225.54904405118148,221.41685082678057,225.23420284696374,3985200
2025-12-08,219.51800537109375,222.46957417050768,218.79979450005715,222.43022652532915,4006100
2025-12-09,219.39010620117188,221.1905649041326,216.674653397547,220.27557080346844,4267900
2025-12-10,221.54473876953125,222.33182675639208,217.43222693217692,221.3676518540263,8735200
2025-12-11,220.36412048339844,222.31216668338334,218.652220202294,221.89893384402524,4170600
2025-12-12,219.71478271484375,220.20671083482597,217.53062066112622,220.07880471964503,5467600
2025-12-15,223.77810668945312,224.61439052797297,219.95090638117287,220.61993645447984,5971900
2025-12-16,220.0591278076172,223.1779503494001,218.3275461950132,222.75489936370371,6405900
2025-12-17,220.68878173828125,222.7548857624978,219.26219325130037,220.26573077841593,5243400
2025-12-18,219.2228546142578,222.607307469573,219.19332511559782,220.3837977715403,4760400
2025-12-19,223.1582794189453,225.76549244828294,218.7604408279835,219.3507455641301,18968800
2025-12-22,224.23068237304688,224.95872639277886,220.62976488168763,222.45973811398045,4828100
2025-12-23,225.09646606445312,227.0641785752266,224.23068276818222,224.53567580535932,3612100
2025-12-24,226.17872619628906,227.07403904015487,225.28341335242325,225.75567518954605,1744900
2025-12-26,226.26724243164062,226.88707663548735,224.9882263818167,226.10983685066472,1593900
2025-12-29,227.11337280273438,228.2743309824511,226.0311399368479,226.43450958927065,3803000
2025-12-30,226.03114318847656,227.4774130955863,224.92921396582548,227.0445139380221,2348000
2025-12-31,224.8013153076172,226.53289686724358,224.74227132337876,226.0311355946272,3196900
2026-01-02,225.6080780029297,227.01500027008865,222.066204452042,225.04728773766595,3336800
2026-01-05,216.62547302246094,223.57151111395197,214.34293421194283,223.33538019736494,9341300
2026-01-06,220.31492614746094,220.58057154241638,216.00564591656075,216.20241416700895,9151700
2026-01-07,229.65171813964844,233.21327286863757,221.11185331628417,221.60378142857348,10285400
2026-01-08,220.51170349121094,227.80206680745061,219.51799908257016,227.39869715921867,9365900
2026-01-09,216.52708435058594,221.48571322332924,215.46451780375776,220.13783497073422,6714200
2026-01-12,216.4877166748047,218.8981764307995,214.86435991205124,217.61916033857776,6546100
2026-01-13,217.186279296875,217.186279296875,212.36538940806486,215.98597340395472,4872600
2026-01-14,218.307861328125,219.7344498790907,213.496804896621,217.43222987167394,8426400
2026-01-15,213.25083923339844,219.42945519681146,212.34569329743175,218.927693920746,6954200
2026-01-16,212.58636474609375,215.56168117286487,212.12023062857358,213.83599219737053,8649700
2026-01-20,212.27890014648438,212.27890014648438,208.23248317143262,209.95815699317012,8251400
2026-01-21,214.3715362548828,216.20632071794174,209.82923329283176,210.72182214158173,10727100
2026-01-22,216.31541442871094,217.24768262873746,212.99297182363628,214.50046966055663,5650900
2026-01-23,217.45594787597656,218.01135297073898,214.10376842729895,215.47240365154946,5816400
2026-01-26,218.9535369873047,219.65768672373474,216.70221001890812,217.3071916224599,6553400
2026-01-27,222.0875244140625,224.99342460602307,218.83451305872399,219.0626315431273,5747400
2026-01-28,216.8708038330078,222.18670290762282,214.91701158046567,221.76024816751283,5215800
2026-01-29,218.61631774902344,222.29579891564833,216.20631879884536,216.20631879884536,7834000
2026-01-30,221.1750946044922,222.17679412902504,217.75348382377317,218.69566430929848,6622200
2026-02-02,223.78346252441406,227.899310805404,222.57349931668733,222.99996920133285,5413000
2026-02-03,223.8032989501953,226.81827951911217,221.79991504195445,222.10736197607605,8158500
2026-02-04,215.32363891601562,219.03287197801203,202.5892889212181,208.05394768536442,15319700
2026-02-05,217.21792602539062,218.06092321665352,212.2788901522648,215.1153589171868,10794000
2026-02-06,221.5916290283203,223.96197883232952,216.70219992777294,216.95014294828525,6067100
2026-02-09,221.42303466796875,222.11728724791644,218.30887086425048,221.58172183671343,6767700
2026-02-10,220.6097869873047,223.95205410109338,220.1139009403572,221.90900600898843,6044500
2026-02-11,219.07254028320312,222.3057119066139,216.2559111290729,220.44119063458308,8072400
2026-02-12,225.62815856933594,227.1654083906325,219.09238389374505,219.74695712860552,8712000
2026-02-13,229.59524536132812,232.8085924722355,226.12404294765793,226.54058542130937,8252200
2026-02-17,230.94406127929688,233.31439609014336,229.28780362038455,230.74570987781337,7336400
2026-02-18,226.83811950683594,232.0746750669173,224.20992945360547,232.0746750669173,5495100
2026-02-19,222.5040740966797,227.48275908475674,221.18501540305448,227.08605630267382,5410800
2026-02-20,222.9602813720703,224.82481774591858,221.27427184389998,223.18838471570882,6830300
2026-02-23,227.59185791015625,229.52581048394183,223.93221642955518,223.96198351522077,5463200
2026-02-24,226.5604248046875,228.86132824659705,225.79675603737115,227.11581476882975,4880800
2026-02-25,225.0529327392578,230.63661474365287,224.61655057527955,227.81998549119191,5410900
2026-02-26,222.84127807617188,225.90585026765513,219.31057178178764,225.71741114521754,5331300
2026-02-27,230.17047119140625,230.3589103120584,223.20822679977505,223.2479061584604,8018100
2026-03-02,232.33253479003906,233.72102485834412,229.99195194718828,231.73748058925844,7438800
2026-03-03,231.93582153320312,233.77060595268688,228.3456114106521,231.43993548828763,6595700
2026-03-04,234.2466583251953,235.15908685524792,230.17047432613631,231.63829281941736,5380800
2026-03-05,230.43826293945312,232.86810165746186,226.12404807421413,231.49945126069107,9423100
2026-03-06,228.2166748046875,229.69442065749126,224.93391162868357,228.4646178256333,6139600
2026-03-09,225.5785675048828,228.78198724126977,221.39328791373077,228.07783750494914,7915800
2026-03-10,225.14218139648438,229.36714027323663,224.29918418235505,225.78684234836834,6466800
2026-03-11,225.80667114257812,227.4034248761339,223.44626376537,224.1900928623697,5299200
2026-03-12,223.5156707763672,225.93559709399125,221.73049312339043,223.26772775420474,7607000
2026-03-13,217.87249755859375,226.7389429565767,217.63448192905884,225.02318138296397,5676100
2026-03-16,219.6279296875,222.5239024189272,218.50723749913828,219.27089112426972,3991800
2026-03-17,217.9518280029297,221.44286998025882,217.9518280029297,220.2130671466026,4405700
2026-03-18,206.62579345703125,217.19808756116444,205.89189179620848,216.70220151650423,8597000
2026-03-19,204.5331573486328,208.69859717055627,202.61904444645927,206.65554905186113,7006800
2026-03-20,203.38272094726562,206.07041498438647,201.38924925144096,204.57284449407982,27982400
2026-03-23,203.2438507080078,206.9034922056771,201.54792887894828,205.65386479830477,7419900
2026-03-24,203.5116424560547,204.31497547743083,200.13962319433597,201.36941097689024,6990500
2026-03-25,205.475341796875,207.95477211182856,204.1662104598652,205.1579825858466,6000100
2026-03-26,209.38291931152344,209.71020591801482,204.06702029076038,205.48526225222298,4576300
2026-03-27,207.6770782470703,211.7334377654711,207.39938326095745,209.6804621896633,5654000
2026-03-30,211.36647033691406,212.17973074298357,209.04572719749495,210.51354570448973,7491200
2026-03-31,215.7005157470703,217.36668558230306,213.08223805367527,213.29050171645886,8311700
2026-04-01,213.21116638183594,218.63616109555005,211.99129091004718,216.57327326743052,5702800
2026-04-02,207.12168884277344,212.7946266601919,206.00099662190271,212.22932441306983,5151100
2026-04-06,204.9893798828125,207.28037103610345,203.61081725493554,205.33649104144484,4929100
2026-04-07,204.67201232910156,204.7910352768782,200.00077400971168,204.53316483439713,8801600
2026-04-08,209.84906005859375,210.4738813392719,202.87690323841647,204.56291282235452,5477500
2026-04-09,210.6523895263672,211.7532571707431,207.0225151150997,207.7564167891894,4477800
2026-04-10,206.22909545898438,212.3384153029082,206.04065633632328,211.79293761447903,4633200
2026-04-13,204.7711944580078,206.36794820485068,201.33965620333439,204.73151509788894,7532500
2026-04-14,208.52999877929688,208.68868594916296,202.38101471277938,203.114931523479,6199400
2026-04-15,208.4199981689453,209.82000732421875,205.5500030517578,208.99000549316406,5952100
2026-04-16,208.99000549316406,209.66000366210938,206.52000427246094,207.77999877929688,5075400
2026-04-17,208.3800048828125,212.35000610351562,207.82000732421875,209.66000366210938,8986600
2026-04-20,203.7100067138672,208.3300018310547,202.83999633789062,207.94000244140625,5774300
2026-04-21,205.1199951171875,206.1999969482422,200.9199981689453,204.00999450683594,7772100
2026-04-22,200.5,205.99000549316406,199.80999755859375,205.1699981689453,7646200
2026-04-23,200.9499969482422,202.75999450683594,200.41000366210938,201.0500030517578,7461100
2026-04-24,198.7100067138672,200.25,197.13999938964844,198.92999267578125,7605800
2026-04-27,197.3800048828125,201.4199981689453,196.22999572753906,198.0,7467600
2026-04-28,197.69000244140625,199.17999267578125,196.44000244140625,198.6699981689453,6313100
2026-04-29,203.88999938964844,205.8300018310547,190.75,192.0,10406300
2026-04-30,211.32000732421875,214.8699951171875,208.1699981689453,209.0,10319200
2026-05-01,206.60000610351562,211.0,205.57000732421875,211.0,6343100
2026-05-04,208.16000366210938,208.33999633789062,204.8699951171875,205.7100067138672,4579300
2026-05-05,206.11000061035156,209.52000427246094,205.8300018310547,208.97000122070312,4490500
2026-05-06,205.02999877929688,207.00999450683594,203.55999755859375,206.11000061035156,7290000
2026-05-07,202.7100067138672,207.0,202.02999877929688,204.9199981689453,6681100
2026-05-08,201.5500030517578,202.39999389648438,200.02000427246094,201.9199981689453,4915400
2026-05-11,202.77999877929688,205.3800048828125,202.00999450683594,202.00999450683594,4931700
2026-05-12,207.86000061035156,211.32000732421875,203.50999450683594,204.58999633789062,7044100
2026-05-13,208.5,209.52999877929688,204.3000030517578,206.86000061035156,5705700
2026-05-14,210.77000427246094,213.50999450683594,208.35000610351562,209.5,5006500
2026-05-15,210.38999938964844,214.9199981689453,209.02000427246094,213.10000610351562,5385000
2026-05-18,209.41000366210938,211.36000061035156,207.67999267578125,210.3699951171875,5069000
2026-05-19,213.75999450683594,215.8000030517578,208.72999572753906,209.89999389648438,7220300
2026-05-20,212.3000030517578,214.5,211.5,213.36000061035156,5129000
2026-05-21,214.5,215.63999938964844,209.5,210.9499969482422,3813800
2026-05-22,215.6999969482422,220.00999450683594,215.6999969482422,217.0,5406100
2026-05-26,213.1199951171875,217.0500030517578,211.91000366210938,215.9199981689453,4706700
2026-05-27,215.39999389648438,215.94000244140625,211.36000061035156,213.1199951171875,4640100
2026-05-28,218.6300048828125,219.3800048828125,215.89999389648438,215.89999389648438,5189300
2026-05-29,217.72000122070312,219.60000610351562,214.89999389648438,219.02000427246094,7618500
