Price,Close,High,Low,Open,Volume
Ticker,QCOM,QCOM,QCOM,QCOM,QCOM
2021-01-04,132.4869842529297,138.41989763101455,131.27363489638003,136.51065813311806,9827000
2021-01-05,135.99319458007812,136.23408381006274,132.48698002693186,132.62079981391966,8507200
2021-01-06,134.88694763183594,137.277952499052,133.35241683722478,135.1902816319914,7174600
2021-01-07,138.9105987548828,139.55296100685746,135.8415376873168,135.90399600147902,8482300
2021-01-08,139.74923706054688,140.54326627513038,137.87567825096866,140.27561307184672,6252400
2021-01-11,139.2764129638672,141.07859698885008,138.2147303630773,139.2674961804708,5147800
2021-01-12,137.79539489746094,139.9544406075926,137.35824113135092,139.74924570485916,4385700
2021-01-13,140.44512939453125,140.90013031776974,137.08165115782418,138.45559793635303,5479900
2021-01-14,143.50526428222656,145.58400426444226,141.40866351036942,142.2116094666429,10102400
2021-01-15,140.15074157714844,143.5142205182131,139.9633938221026,143.43392862319345,8607400
2021-01-19,146.1103973388672,146.4048144934136,141.36405573961991,141.8012230806265,8209000
2021-01-20,146.85086059570312,149.83069849617848,146.7081104462016,146.95791640112748,7943300
2021-01-21,146.98475646972656,148.53713451930898,145.726795650931,147.93045287645435,6295700
2021-01-22,144.90594482421875,146.55646129622153,144.1029989593232,146.31557209139078,5062300
2021-01-25,146.67250061035156,149.0367553784449,144.290412273348,146.601139107888,5370800
2021-01-26,145.02194213867188,146.89548717132686,143.55878685028148,146.4940142081441,6554200
2021-01-27,137.09951782226562,143.39822461372037,136.22519659291433,141.39977608948882,9854000
2021-01-28,138.77676391601562,141.82797747547153,136.5998713662105,139.42804287938972,8087400
2021-01-29,139.4280548095703,143.3179089740073,138.06303845863187,142.96996389658,9502100
2021-02-01,144.15652465820312,144.88809542847233,139.61539225148056,140.4004909301347,8265100
2021-02-02,147.01150512695312,147.5468116023545,143.9067629644889,146.77061585168158,6926500
2021-02-03,144.79891967773438,149.50956727333627,144.35283552198868,149.50956727333627,14156700
2021-02-04,132.01412963867188,135.41328830241355,129.54281991300047,133.9858137370986,46141800
2021-02-05,130.11378479003906,132.84381683745121,129.0253386829343,132.7992193257961,24695400
2021-02-08,131.4877471923828,131.68402527578246,129.6320357942262,131.23794119776613,12181600
2021-02-09,130.3546905517578,132.48697191206904,130.16732924804424,131.63941488177736,11681300
2021-02-10,129.81048583984375,131.81786448685165,128.80233131861152,131.70187825317848,11701300
2021-02-11,129.86404418945312,130.76514308361948,128.05294323039308,130.06032234778178,11600200
2021-02-12,132.02308654785156,135.07430108554826,129.24844205806323,129.8729708785911,9155200
2021-02-16,131.29150390625,133.5932999924869,130.31011322914574,132.9330904812159,10211900
2021-02-17,129.14134216308594,131.05058149577943,127.95475686746063,130.0959686361356,11937200
2021-02-18,128.39193725585938,129.09674418966964,127.54438013357377,128.06182574333423,8404400
2021-02-19,129.31085205078125,130.1227283232704,128.01721097385337,129.16810188153812,10012500
2021-02-22,124.42181396484375,128.57930845992036,124.08278560862091,126.91095786917903,12763900
2021-02-23,122.33412170410156,123.54747122356596,119.94311702323843,121.67392582738415,14425300
2021-02-24,125.88492584228516,125.95628731133179,120.52298678537208,121.69172483203216,13146200
2021-02-25,120.91557312011719,125.64406800917314,120.46057217097234,124.51101041415552,12701100
2021-02-26,121.50440979003906,123.25305213289566,120.17507404743412,122.01293867067284,11772600
2021-03-01,124.44856262207031,124.57346564109392,121.7452937283817,122.67314278207017,9421400
2021-03-02,122.26276397705078,124.99281099388965,122.02188828621476,124.90358869945428,8693200
2021-03-03,118.02267456054688,122.07448359548289,117.91509484648185,121.55457197035742,14862700
2021-03-04,114.56250762939453,120.29959160502739,113.46887385930715,118.64122239374134,15831100
2021-03-05,116.31050109863281,117.58341592398288,112.41107526199842,117.35931091223213,13292000
2021-03-08,110.43898010253906,116.32846813927787,110.2507326570349,115.63822066661837,15256100
2021-03-09,115.73680877685547,116.462906926538,113.24476179677377,114.19496498911317,13130200
2021-03-10,114.62523651123047,117.52067633893061,114.4190568864506,117.13520859713732,12492300
2021-03-11,118.09439849853516,119.43902875784538,116.54358175109788,117.44000192397135,11920200
2021-03-12,116.51667785644531,116.83043035491905,114.40113276532186,116.44496260884318,9365700
2021-03-15,118.00474548339844,118.11231152205399,115.7457629236324,116.58840003519592,7807200
2021-03-16,119.80652618408203,121.41112562591228,118.58739445063317,119.1252519159102,10434700
2021-03-17,120.04859924316406,121.55459238847561,116.2477724271755,117.70894182395448,10781500
2021-03-18,116.31050109863281,119.76172375090793,116.2298265771908,118.72187321359625,9579000
2021-03-19,117.448974609375,118.75774039891648,115.79059182206299,116.34636795091323,17599900
2021-03-22,120.20097351074219,121.5097529359935,118.86531625379016,119.18802805191474,9036900
2021-03-23,118.79358673095703,120.43403703450703,117.79855994612454,120.1202845513056,7425700
2021-03-24,114.00672149658203,119.27766981913686,113.94397235604482,119.21492751774305,10962300
2021-03-25,114.09634399414062,114.41905576245227,111.50569057124147,113.54056793471456,10460800
2021-03-26,119.21493530273438,119.53764714346899,113.88123065219658,113.89915604817347,11071600
2021-03-29,117.6730728149414,119.52865534799353,116.328442636854,118.8115165173565,9750100
2021-03-30,116.63320922851562,117.64616822711722,115.70093842712627,116.68699224113448,7097300
2021-03-31,118.8563461303711,119.69002399467685,117.04558724946206,117.39519056590353,8361300
2021-04-01,123.51774597167969,124.09145441122122,119.76175643931653,120.56852923051026,14069600
2021-04-05,125.79461669921875,125.94700645353365,123.9121292809131,124.63822727194196,12562800
2021-04-06,123.759765625,125.70499573904063,123.38327079760047,125.36436537803316,9100000
2021-04-07,124.98783874511719,125.45398099260515,123.16810717079562,124.0017849149238,6958500
2021-04-08,125.8036117553711,125.83050326799956,124.43208989817059,125.49883216005702,7304900
2021-04-09,126.0097885131836,126.10838159967304,124.49483625357966,125.40917496882294,6033200
2021-04-12,123.20401763916016,125.40024480639848,121.95799387403633,124.4769329210767,10355500
2021-04-13,123.07852172851562,124.39626079014589,121.6890673946135,124.0466573867515,9225200
2021-04-14,120.7926254272461,123.56256064219514,120.03963572035866,122.88128619476659,9967800
2021-04-15,123.56250762939453,123.69697881254457,121.52764443821371,121.91309840435837,11733200
2021-04-16,123.89424133300781,124.6113665473255,122.49581433720029,123.3653430217615,6583900
2021-04-19,121.24081420898438,122.85437306720083,120.20096364721326,122.7199018500167,8728900
2021-04-20,119.58244323730469,120.81950742858332,119.03562639547866,120.6133346227989,7473700
2021-04-21,122.08345031738281,122.24479936281429,118.77565810319103,119.06251908833764,7237900
2021-04-22,119.19699096679688,121.8772921963035,118.7487808822946,121.34839390109326,8345100
2021-04-23,121.40216064453125,122.0117333904288,119.70792729941495,119.88722225180415,7666600
2021-04-26,124.56653594970703,125.2209187551488,121.12427256820017,121.31252679681778,9715400
2021-04-27,123.71491241455078,124.94301704767264,122.79160096002062,124.34241732237612,9284500
2021-04-28,122.42413330078125,123.94804515434396,121.68906205099029,123.85839764836832,13118100
2021-04-29,127.9012222290039,130.24985235615526,126.09942262643399,129.98988284917155,20502100
2021-04-30,124.42311096191406,127.3723270332697,123.93903645450831,126.4579883917878,11374600
2021-05-03,123.19502258300781,125.28368330841741,122.6930294552039,125.2299002844794,7920300
2021-05-04,120.22785949707031,121.91313366299235,118.70394806193995,121.91313366299235,11996300
2021-05-05,120.70294189453125,122.31650055487052,120.218881135571,121.984829547403,6285500
2021-05-06,121.91314697265625,122.3972078613074,119.31353386881871,120.55955739736365,8352500
2021-05-07,123.5715103149414,124.32449987994889,122.1730835364188,122.75576478037436,6893700
2021-05-10,115.58442687988281,122.52271072009496,115.47686082911588,121.93108376258957,19537200
2021-05-11,115.07344055175781,115.24376255438695,111.84632965236099,112.2766142972137,11948000
2021-05-12,111.71187591552734,113.96188545425689,110.86923882854053,112.97582470686491,13529600
2021-05-13,113.9439697265625,115.17206099718466,112.83241061735066,113.95293584333044,10633000
2021-05-14,116.66908264160156,117.80754011657294,114.57146267287884,115.30653379667841,9391100
2021-05-17,116.35533905029297,116.3822305607253,114.48181736683853,115.8981560163712,5917400
2021-05-18,115.5575180053711,117.6461784731063,115.44993829248013,117.108320943507,8651100
2021-05-19,117.1262435913086,117.27863335395897,113.35230927270388,114.0156650144914,8112900
2021-05-20,118.90116119384766,119.47486950915764,117.84339204429823,117.90613433841946,9208400
2021-05-21,117.8434066772461,118.94599970424288,116.97387798037371,118.45296585370387,8674000
2021-05-24,119.1431884765625,120.12028301832639,117.72684319957919,117.72684319957919,8229300
2021-05-25,119.89617919921875,120.3892129521434,119.04458290504935,119.70792497418054,7271400
2021-05-26,119.30453491210938,120.58642262905994,118.52465388657875,120.00374142016105,6663300
2021-05-27,119.79759979248047,120.69402002848476,118.96393553857439,118.98185409492763,7379300
2021-05-28,120.60437774658203,121.59044552012352,120.07549306726791,120.25477438656057,7042200
2021-06-01,120.06652069091797,121.9759000449003,119.6989851355745,121.10637137898351,7059600
2021-06-02,120.571044921875,121.39093915778916,119.35469730834195,119.99439546212376,6026000
2021-06-03,118.73303985595703,120.18364137673211,118.40868132497367,119.51690057746539,6644000
2021-06-04,121.03958129882812,121.67929335561341,119.11145388209589,119.40878367625668,7416700
2021-06-07,120.12057495117188,120.5260196644899,119.50789163595645,120.46294346006471,5563300
2021-06-08,120.9134521484375,121.9856377410422,119.83226156066489,120.78731347566544,9657900
2021-06-09,119.73313903808594,121.94959119595259,119.64303410353939,121.72434260766903,6717200
2021-06-10,120.93146514892578,121.72434459199577,119.4538349356209,119.87730338834392,5522300
2021-06-11,121.2918701171875,121.31889885121014,120.41790438889716,120.55306180709476,6529900
2021-06-14,123.71553802490234,123.71553802490234,121.44502830284426,121.81443930387788,7912600
2021-06-15,122.15681457519531,123.77860714090392,121.84146105616658,123.56236354944856,5723600
2021-06-16,121.58918762207031,123.48128130048504,120.4269109325868,122.95870291551256,7404700
2021-06-17,121.9495849609375,123.09383783229524,120.8143233352588,121.01254318266042,6618300
2021-06-18,119.83223724365234,121.25580983210611,119.14748655156936,121.22878110400292,12753600
2021-06-21,120.69721221923828,121.7243452542201,119.52591678508071,119.87730404051968,6371400
2021-06-22,121.70633697509766,121.91356185768029,120.09354914415701,120.93148116621822,5976400
2021-06-23,122.102783203125,122.74248162389233,121.46307103427212,121.53515224682495,6613800
2021-06-24,124.26516723632812,124.79675072364076,122.85061293557077,123.09387156652586,7941700
2021-06-25,124.02185821533203,125.66167441819267,123.40918869871275,124.74265639518197,7949200
2021-06-28,125.886962890625,126.29240769902272,124.31922738365614,124.54447602699778,6645500
2021-06-29,128.49984741210938,128.79717728441375,125.46349996319573,125.80588231580442,6885400
2021-06-30,128.7791290283203,129.409836136346,127.79704838583386,128.25656435014312,6449700
2021-07-01,126.86003112792969,128.8602400615823,126.4545863436672,128.76113011448834,6094100
2021-07-02,128.4637908935547,128.55388209009882,127.26546662003487,127.93220746526612,5399100
2021-07-06,127.21138763427734,129.0043574955716,125.85087744017785,128.84218512037359,7095200
2021-07-07,126.11217498779297,128.2655508441867,125.2922668640907,128.157435926101,5034900
2021-07-08,124.59851837158203,125.12109681044775,122.17485481192621,124.08495867612994,7501100
2021-07-09,127.4276351928711,127.6979362705483,124.16603976699552,124.23812097091503,7356800
2021-07-12,128.3646697998047,128.86021945603306,127.2204030932561,127.400599218771,6786500
2021-07-13,127.20238494873047,128.53586658195027,126.51763414243545,128.33764671074417,5657600
2021-07-14,129.51797485351562,131.85154758785728,128.39173159391984,129.29272620159645,11305700
2021-07-15,127.45462036132812,129.86927774045404,126.78787983594911,129.8512540105579,6667400
2021-07-16,125.87792205810547,128.4006951468565,125.71573593206735,127.82405933398736,5914300
2021-07-19,125.04901123046875,125.14812116796153,123.26504610368283,124.6255564954549,9371300
2021-07-20,125.73377227783203,126.51763301273081,123.6164299216204,125.25624634184959,6020400
2021-07-21,128.0944061279297,128.1394586094799,125.82389578905259,125.82389578905259,6161900
2021-07-22,128.33761596679688,128.70702688810334,127.49067921963787,127.9411763193539,3862600
2021-07-23,130.53604125976562,130.6351511695359,127.96820234631434,129.2476124327522,6310400
2021-07-26,129.29270935058594,130.08558890139133,128.15746124218404,129.69815412158056,6253900
2021-07-27,126.97713470458984,128.84219971918543,124.52644257495129,128.38269752264387,7575800
2021-07-28,128.33761596679688,128.76108434037639,126.26532655848703,127.283454403231,9303400
2021-07-29,136.04115295410156,136.5186788987117,131.91459684468552,131.99568304326073,19446900
2021-07-30,134.96900939941406,135.5186167187393,133.67157482605037,134.42840707781647,8404800
2021-08-02,134.12205505371094,137.20345489798163,133.5364140701599,135.1491883351345,10823800
2021-08-03,133.30213928222656,134.77076478003846,132.04975742306405,134.16710008873855,6223400
2021-08-04,133.54539489746094,134.42836558531806,132.74351040838903,133.36519876191025,5556400
2021-08-05,132.2930145263672,132.86965041478084,130.2567720527999,132.662425544217,7169200
2021-08-06,131.79747009277344,133.5544065612698,131.4731115333522,131.66232642138317,5733300
2021-08-09,132.3740997314453,133.09489802356802,131.31993790030046,132.25696605640124,4966600
2021-08-10,131.4280242919922,132.89664929031514,128.30157320545152,132.73447692754817,4197100
2021-08-11,132.15785217285156,132.25696210690984,130.10358603790138,131.59924004347772,6216000
2021-08-12,132.58132934570312,133.34718013626002,131.8965785051246,133.13093651645838,5777700
2021-08-13,133.923828125,134.52749281815355,132.38312140957402,132.44619762657254,5764000
2021-08-16,133.4643096923828,134.32025165368444,132.1939042429532,133.7075682905497,4410800
2021-08-17,130.1125946044922,132.44616662161903,129.35576266619415,132.40111415546457,7256800
2021-08-18,128.1033477783203,130.33782327586874,127.92315168931296,129.5990014384341,6546500
2021-08-19,126.68880462646484,127.44563651236227,125.20216958287479,126.72483834804409,8661000
2021-08-20,128.02230834960938,128.17547576860088,126.40953420415804,126.68884030632401,6141000
2021-08-23,129.86936950683594,130.29283809611456,128.2565951175207,128.5268825165603,6936900
2021-08-24,130.15765380859375,131.17576810636103,129.5990279459082,130.27477372895942,7066800
2021-08-25,129.6260528564453,131.0316018440677,129.26566061534106,130.15764997198576,5721600
2021-08-26,128.28359985351562,129.52696290070708,127.59883524251251,129.0134031905396,6825100
2021-08-27,130.509033203125,130.5991243865876,127.8691126873814,128.12138999800834,6274500
2021-08-30,131.49114990234375,133.22105782903694,131.1487675659478,131.17579630323314,5263600
2021-08-31,132.16685485839844,132.92368676393966,130.24773261755718,132.26596478041563,7820500
2021-09-01,132.56515502929688,134.05872774371548,132.3569650674489,132.9181787959573,6451400
2021-09-02,131.3612518310547,132.9634430162806,130.80908502779107,132.7914545970836,6006700
2021-09-03,130.9176788330078,132.14873820594335,130.5555944220809,131.3612132447448,5505800
2021-09-07,130.12118530273438,131.0354230931952,129.55091064466083,130.96300616739885,6361200
2021-09-08,129.00775146484375,130.0034527085709,128.07540637260956,129.76810815542316,5981300
2021-09-09,128.15689086914062,129.93105676661415,128.03921166753318,128.96250997620126,6190800
2021-09-10,129.15255737304688,132.15779607805896,129.02583127175777,129.5599040955775,6263300
2021-09-13,129.81341552734375,131.00826019721873,128.56424780746568,130.36558246606074,4312800
2021-09-14,127.75858306884766,131.08063045411998,127.28788015453102,130.77286900757508,6442100
2021-09-15,125.13356018066406,127.63188139735799,124.4818218089851,127.45989296426032,11289100
2021-09-16,125.27835845947266,125.78527673672676,124.30076488361668,124.30076488361668,6719900
2021-09-17,120.9334716796875,124.91630486054083,120.51707791948947,124.74431643376583,14550500
2021-09-20,120.17308807373047,120.49895721235978,118.22693398687643,119.00539838404028,9647100
2021-09-21,119.25884246826172,121.21405716632904,118.83340184936438,120.92438959086267,6175300
2021-09-22,120.39939880371094,120.83390024390243,119.46705357464978,120.01922040262788,5163000
2021-09-23,121.21405792236328,122.34554599837942,120.58947429446472,121.06922413372673,5918900
2021-09-24,121.18692016601562,121.79339620164488,120.2093126749363,120.48991954687243,4554600
2021-09-27,120.8248291015625,121.33173359272305,119.50325865133838,119.87437627458071,4319500
2021-09-28,117.584228515625,120.15497977245047,117.40319319638336,119.25883629585654,8851700
2021-09-29,117.02301788330078,118.98727946226889,116.66999416748826,118.20881513866821,7037200
2021-09-30,116.75148010253906,118.65238589360249,116.49802783867894,117.99160062083233,6976800
2021-10-01,116.507080078125,117.6928774714895,114.47944830317158,117.49373444840873,6863700
2021-10-04,114.6695327758789,117.48466887631697,113.98158606242554,116.69715756146965,8470300
2021-10-05,115.43895721435547,116.56139854142438,113.7734098093726,114.17168898105407,9244300
2021-10-06,115.91869354248047,116.108789625338,114.11736637616575,114.55186085603866,8513700
2021-10-07,115.71953582763672,118.326488563614,115.49323823075284,117.00490452048409,8010600
2021-10-08,114.5518569946289,116.39843948019009,114.24408864299856,116.39843948019009,6920500
2021-10-11,113.09449768066406,115.16738465176272,113.04018155723553,114.1083065705952,6288200
2021-10-12,111.29315948486328,113.57424321287343,110.58711206154508,113.49277248384564,10531500
2021-10-13,113.18502044677734,114.34366317667016,111.80912702548805,113.32984733498624,12373800
2021-10-14,116.46180725097656,117.0411285896711,114.04494348761246,114.19883111355875,10637900
2021-10-15,117.85578918457031,118.10924139561658,116.4798958873837,116.78767112546241,7609700
2021-10-18,117.78338623046875,117.91917309595215,116.08163744238892,117.0592448630022,5290000
2021-10-19,119.93773651123047,120.20929641292324,117.9644279290096,118.59805849155252,7330700
2021-10-20,119.62996673583984,120.39937028958354,118.81528708750551,119.93772815733733,4804100
2021-10-21,120.43560028076172,120.62568255333653,118.94202764997564,119.4851474815544,4579200
2021-10-22,119.14115905761719,121.01490986307496,118.9691706673064,120.29980169411012,5216200
2021-10-25,119.42176818847656,120.54420930708552,118.85150760318143,119.32221049964454,4876300
2021-10-26,119.43083190917969,121.10542597861803,118.64332062617231,120.29980701895809,5802200
2021-10-27,118.76099395751953,119.81101828001108,118.1364102861735,119.43083991747682,5090400
2021-10-28,121.01493072509766,121.14165685368222,119.36747724138608,119.47610950311008,5016700
2021-10-29,120.4265365600586,121.00585792044193,119.8924774865402,120.26360890187769,5251100
2021-11-01,122.02871704101562,122.0830262557132,119.88342018780442,119.88342018780442,6903000
2021-11-02,122.40889739990234,122.8614926127519,121.40413547489192,121.79337454023963,7321900
2021-11-03,125.35076904296875,125.68569890008541,122.23691170007594,122.8796029937992,13216000
2021-11-04,141.3092498779297,144.45026113701581,138.76566749620386,141.4993459069469,48321500
2021-11-05,147.5731964111328,152.56985151013058,141.12824489458745,142.17826912048372,27226600
2021-11-08,150.1258544921875,151.80950942561412,145.98912715220973,147.73615205236695,14541400
2021-11-09,150.9314422607422,153.44787030091987,148.79519250590337,150.72323853782854,12353900
2021-11-10,144.64944458007812,150.37024135452378,143.95244402808385,149.4378962450234,11327100
2021-11-11,148.83140563964844,149.86332215515273,146.0886798007526,146.4598111839706,7624200
2021-11-12,149.3021240234375,150.27973142575914,148.74995726320336,149.3564332437702,7371000
2021-11-15,152.53363037109375,153.82805983421164,150.0896190368607,150.7142026270545,12350200
2021-11-16,164.57272338867188,166.31068792201805,151.2211602041413,152.17161322715788,33338200
2021-11-17,166.138671875,168.66416131124836,161.69419665385527,163.64939779649447,21678900
2021-11-18,168.6551055908203,170.8275573303941,165.42356878018467,167.67749816437873,15542600
2021-11-19,167.46023559570312,168.9085458608344,165.0162241088906,167.17962876221014,11889100
2021-11-22,164.2015380859375,170.87280093137755,163.82135976369648,163.93903893919125,16062800
2021-11-23,163.7852020263672,164.13822583515383,160.23685625771049,163.24208209956612,10696200
2021-11-24,163.57699584960938,163.6403520079345,160.5174472682023,162.49981684907317,7886200
2021-11-26,159.0782012939453,163.16060593470846,158.46266450257278,159.01483132202077,7835900
2021-11-29,166.31971740722656,166.61843194757702,162.02910920779948,162.46359680644028,10440500
2021-11-30,163.44122314453125,169.0986647620846,163.2420800946243,165.84903361186915,19309200
2021-12-01,159.57962036132812,166.412376488186,159.2979527001199,164.3589171965336,10637700
2021-12-02,160.85166931152344,161.6330766138894,155.56355178590965,156.36312135590924,13101400
2021-12-03,160.3791961669922,163.7955882272595,157.8350921191258,161.7693722589789,12111800
2021-12-06,159.41607666015625,160.80625281822302,156.52669526945365,160.7153998775248,8577500
2021-12-07,166.93028259277344,167.89340958399927,162.18732443298217,162.70524019108996,9910100
2021-12-08,165.93988037109375,166.93026451980228,164.25894195300543,166.28514364145923,4799400
2021-12-09,165.60369873046875,170.6737578218553,164.92223939879304,165.15848750694232,9398900
2021-12-10,167.07565307617188,168.59303412524443,164.59513123402496,168.59303412524443,6854800
2021-12-13,166.5668182373047,173.81754071590817,166.376003548565,169.77421863855577,16346800
2021-12-14,165.34930419921875,167.09383859174727,163.01417720837884,164.64058753551427,8542800
2021-12-15,171.98216247558594,172.43646869807307,163.53206396445998,167.1574326110646,11082000
2021-12-16,161.8693084716797,175.0714467544672,160.01574510470556,172.90895847038507,14873000
2021-12-17,160.64266967773438,163.6592555345988,159.02534076939918,159.6704477876312,16232300
2021-12-20,160.52452087402344,160.89705521544437,157.6078833822215,158.36201933187724,6306400
2021-12-21,163.1686248779297,163.68652676321304,158.29846160797538,162.9869051614149,7702400
2021-12-22,164.80413818359375,164.9313433778606,161.39684133966782,162.64163601673098,5227200
2021-12-23,166.03982543945312,166.92118052602518,164.80411209178789,164.9403983982375,4918900
2021-12-27,169.30174255371094,169.37443320616595,166.29423786304628,166.46687642958642,4865900
2021-12-28,167.9297332763672,169.6651722462828,166.7212772440379,169.5379670778441,5399400
2021-12-29,169.18360900878906,170.26485987380568,167.6934853779597,167.8025144183568,5417200
2021-12-30,166.03076171875,169.47441092986372,165.64914612448027,168.89289947226317,4108400
2021-12-31,166.157958984375,168.2295943196965,165.912643598266,166.5577506919504,4113300
2022-01-03,169.1927032470703,169.8014718270996,165.58551129064088,166.19427987067016,5990200
2022-01-04,170.1195068359375,171.6641452435483,164.46793623116764,169.91052985235493,8484200
2022-01-05,169.45620727539062,175.88918452897425,167.84795949591359,169.45620727539062,17141200
2022-01-06,168.95648193359375,171.2461891845766,166.27607798484527,167.65717278782347,9117700
2022-01-07,163.9227752685547,171.14624146598985,163.6592698942949,169.54708854674098,7386200
2022-01-10,163.2594757080078,163.550238342159,157.8804917551403,161.97834271121494,11159300
2022-01-11,168.4567413330078,168.68389444368572,161.0242982065029,162.81426582779088,9591000
2022-01-12,169.38351440429688,172.145703741362,168.26592508405653,169.54707183846523,7317500
2022-01-13,167.08470153808594,174.0719317681919,166.53952865723497,171.45512412302287,10190900
2022-01-14,171.44607543945312,172.71812724975487,165.37653741693853,166.0943489747212,9587300
2022-01-18,162.51441955566406,169.0019117421611,161.97834155015659,168.88378768984322,10471200
2022-01-19,156.7083740234375,164.64965099969837,156.52665432524734,164.06813964689528,10082700
2022-01-20,151.28396606445312,158.9980904062841,151.09315135830303,158.58012259793512,9468500
2022-01-21,149.857421875,156.31765596408707,149.53033475262336,151.04771564905062,11898700
2022-01-24,154.52772521972656,155.20918455366927,144.10593936348323,147.35875971689657,17489100
2022-01-25,150.32992553710938,154.75487755094673,146.46832266423303,150.9841276035427,10708500
2022-01-26,151.73828125,158.5983081153053,148.9215770702876,153.17389060458737,10492200
2022-01-27,146.46832275390625,155.78160027654525,145.93224474101686,153.83717020687948,10743000
2022-01-28,151.56561279296875,151.68373682640765,142.99740561440353,147.20427105928613,10320800
2022-01-31,159.69769287109375,159.8703314264009,150.64792212630735,151.79276863325308,11273500
2022-02-01,160.94253540039062,161.21510805696283,157.28990929473275,160.31559056162178,9724600
2022-02-02,171.00083923339844,171.40063088039778,163.78645505161174,164.40431865088095,25646300
2022-02-03,162.73248291015625,174.54444385788122,161.08788285524798,164.2771211843015,36120200
2022-02-04,163.0686798095703,165.74000266852244,160.65176733105878,162.632549709433,15708400
2022-02-07,159.08892822265625,164.1408105175778,158.49833575874752,163.25037432351846,10376300
2022-02-08,162.26907348632812,162.90509934759535,158.08037006982863,158.38021380392402,10163900
2022-02-09,167.13926696777344,167.1847003657381,162.5962044578349,164.82230231483948,9666900
2022-02-10,158.16213989257812,165.35834719790986,157.59879087382726,163.00503095018624,14362200
2022-02-11,149.59393310546875,159.44328741211055,148.60354899553133,158.73457090552012,13572000
2022-02-14,150.03916931152344,152.51059613652865,147.63133814475682,150.23906514768746,8381700
2022-02-15,157.18994140625,158.0622153895008,152.87403261041368,153.55549189396677,11100000
2022-02-16,156.82650756835938,157.38076169323253,152.88311917064837,155.08195953992333,8340600
2022-02-17,151.55654907226562,155.1637413613194,151.46568228774711,154.35507689067376,8878900
2022-02-18,152.31976318359375,154.87296149085827,149.23048695462865,152.1653007585778,9591700
2022-02-22,150.72970581054688,154.42776481882572,148.64898957932803,149.0669435063543,9835500
2022-02-23,146.84991455078125,153.70085901301252,146.57734195398223,151.4202332814228,9749000
2022-02-24,152.6287078857422,152.97398503617157,141.5527204522525,142.55219964332437,12567000
2022-02-25,155.3091278076172,155.45450913490342,150.46623538829178,152.29254152022332,7350200
2022-02-28,156.2722930908203,157.18090573166955,152.82864341797764,152.919510227794,10638900
2022-03-01,148.73077392578125,156.13595983594954,146.94080629293947,155.3363903089437,10723300
2022-03-02,154.42417907714844,155.55556359905694,149.95341077612844,150.7745677547934,7299400
2022-03-03,150.8657684326172,155.86573054888748,150.09022068997592,155.71974279838778,8553900
2022-03-04,148.0464630126953,151.52272913337976,145.88407298227912,149.49719394457438,9057300
2022-03-07,136.95166015625,148.86763800139744,136.86041431117803,148.10122302257355,13416100
2022-03-08,137.55381774902344,144.46983146882283,134.9261075984766,137.4625858378186,11878400
2022-03-09,143.34759521484375,144.59758251509183,140.66512892839407,142.3439466307432,9276800
2022-03-10,141.15782165527344,141.69613588335864,137.16149354935618,140.54649962156887,8888800
2022-03-11,138.9954071044922,144.45158461214044,138.70344551545583,144.11398618705135,7394400
2022-03-14,128.91336059570312,138.03738683403938,128.16519768368232,137.59031845854278,16154200
2022-03-15,131.57757568359375,131.77829143288642,126.8695752621949,130.01736122316632,13893000
2022-03-16,137.27101135253906,138.28377911243015,130.9936889667528,134.09585320889255,11727700
2022-03-17,139.4425048828125,139.54286973567048,133.73998806624533,136.1213596457302,8602900
2022-03-18,140.5009307861328,142.36222661881493,135.9571542165857,139.15969737878217,18454200
2022-03-21,141.96075439453125,143.89505788049755,139.4242756156012,140.50091820526583,8986400
2022-03-22,143.80380249023438,145.92970263500519,141.21258194036153,141.83300914716423,7220500
2022-03-23,139.47900390625,143.43884242120785,139.21441323456,142.43519382756762,7245600
2022-03-24,144.57933044433594,144.67056235629232,140.1359200594868,140.78373206852743,9261000
2022-03-25,144.1322784423828,144.57936084811342,141.586666710118,144.1322784423828,7198700
2022-03-28,144.57017517089844,144.6157980809075,140.55560968893496,142.79099305780457,9470800
2022-03-29,146.960693359375,147.17054205902022,142.92786161876379,147.08842916639716,10212400
2022-03-30,139.35125732421875,146.23078132318892,138.49359657805152,145.42786251023918,14777800
2022-03-31,139.4333953857422,141.5501625330212,137.80018666158324,139.49725633892365,13364200
2022-04-01,134.1140594482422,139.4789771196549,130.07210880336805,138.63044940793944,19762100
2022-04-04,140.336669921875,140.6286454952727,133.8129955878181,134.79839226479294,12116000
2022-04-05,132.71810913085938,138.6943359601556,132.54475038213275,138.51185819597634,15946100
2022-04-06,127.07942962646484,130.47356832175447,125.4188641782558,130.38232249532345,21054200
2022-04-07,127.02469635009766,129.09585423613777,124.92616749869589,127.54475861412818,10201200
2022-04-08,124.7163314819336,127.69989230940811,124.41523691015536,126.4042681803645,12992500
2022-04-11,123.50283813476562,125.5557443445043,121.97912719641893,122.5265604990525,11210400
2022-04-12,124.16889953613281,127.88238578899075,123.63058520019635,125.83859840912707,10591300
2022-04-13,128.19261169433594,130.099530477153,124.5247480166907,125.4918928951658,10440800
2022-04-14,124.91704559326172,129.1597121920377,124.70718296746695,128.69439186949964,8002600
2022-04-18,127.1159439086914,128.05571752462606,123.68530103375213,123.74004296521868,8785700
2022-04-19,128.69439697265625,129.01372954786723,125.49185475087774,126.66886196949775,7213800
2022-04-20,128.04660034179688,132.12504180374938,127.79112868208202,130.6652057371161,7731600
2022-04-21,124.18714141845703,131.05753315375932,123.41159349611121,129.8714067698851,8576500
2022-04-22,121.17620849609375,125.30027287521789,121.03022071297259,124.20539234613183,8315100
2022-04-25,124.59770965576172,124.82581032924463,119.44264000391195,119.81672844974239,9673200
2022-04-26,121.80577087402344,124.40612436042338,121.01198491218328,123.19262699491418,9262800
2022-04-27,123.2656021118164,126.01192904354211,119.21453216664908,119.36051993022397,13855900
2022-04-28,135.20895385742188,137.95528088138417,126.94258789705546,130.35496497172863,31111100
2022-04-29,127.45355987548828,134.5794241038834,127.29845305735014,133.03746101711317,13693100
2022-05-02,132.54473876953125,132.90057525126136,126.96995794098653,128.28382000342376,13320900
2022-05-03,131.6232147216797,132.9279578839757,130.25461060688357,132.03380709384732,7556800
2022-05-04,135.99362182617188,136.4042002464952,128.05572131866737,131.91518074516273,11038100
2022-05-05,129.2327117919922,134.1049386394836,126.98819512982395,134.1049386394836,14561400
2022-05-06,128.26556396484375,131.47722513489023,125.80207963735145,128.87687205899545,10080600
2022-05-09,123.10137176513672,127.8367440499888,122.31670487890858,125.90245476298196,11668100
2022-05-10,124.82579803466797,127.55388683280128,122.83676704044125,127.28016326714983,8841200
2022-05-11,120.71087646484375,126.17615956785615,120.33678802746363,123.20173186480619,11530900
2022-05-12,120.22730255126953,121.40429585833743,116.62330786327907,119.52474860401828,10749800
2022-05-13,123.1104965209961,124.07765513175946,120.89336451850167,122.52655931718941,9280700
2022-05-16,122.17984771728516,124.06851404850526,120.43715523581216,122.24370866614447,6378800
2022-05-17,127.45355987548828,127.73640253927917,124.7254702664207,125.22729463225761,9094100
2022-05-18,119.02293395996094,125.2546463087667,118.50287164069346,124.84406786257429,11992700
2022-05-19,119.1324234008789,121.70539169283653,118.13789390893312,119.02292561332163,8419500
2022-05-20,120.07221221923828,121.61416123312652,114.83501521506294,121.24008667166959,11370100
2022-05-23,120.54664611816406,120.82948874134271,116.92440610963018,118.56673383375251,10023400
2022-05-24,117.27111053466797,118.92255709015893,115.0083558793199,118.92255709015893,9157100
2022-05-25,119.73456573486328,120.50099434886334,116.10320799975443,116.6050321154223,9766000
2022-05-26,123.02837371826172,124.08676416569932,118.48461228157547,118.6214671143648,7932800
2022-05-27,127.51739501953125,127.86411249703217,124.1780117529537,124.1780117529537,9180800
2022-05-31,130.67428588867188,131.35858775699455,125.40060060390431,127.2801475080188,16007300
2022-06-01,128.42715454101562,131.9950843905728,126.73031828542102,130.7476839961147,8514300
2022-06-02,134.09547424316406,134.14133732851997,128.1336370285632,128.64726999547239,9589500
2022-06-03,129.52781677246094,131.56401496580665,128.9683206203173,130.4083265885043,7458900
2022-06-06,128.8123779296875,132.9673188627259,128.3354270203678,132.9489708289773,7238700
2022-06-07,130.142333984375,130.38080246057694,127.02383977671776,127.61085094505736,6062800
2022-06-08,127.45491027832031,130.02307504293535,126.0699207137083,129.09670232394552,6773000
2022-06-09,125.3912124633789,128.81238621650627,125.37286442844994,126.36344838286416,7153200
2022-06-10,122.17180633544922,124.79501540971751,121.45638695114418,123.59347808467827,8544700
2022-06-13,118.00770568847656,120.47499161550347,116.11825691635245,119.77790622618713,12320900
2022-06-14,119.4752426147461,121.00697487956246,118.1544777962255,119.42939351337519,6794700
2022-06-15,120.18148040771484,122.245193553075,117.59496720983105,120.76849158702149,7860000
2022-06-16,110.81681060791016,116.16412239724657,109.17501129533758,115.80641267527145,16422800
2022-06-17,110.97273254394531,112.66039492717177,108.56048370562823,111.36713133477606,17273400
2022-06-21,114.09123992919922,115.6780091955608,113.47671366325869,113.52256975905578,9208500
2022-06-22,112.0458755493164,113.42168439251887,110.3949021383832,111.71568086712976,9081000
2022-06-23,110.14726257324219,112.752131190387,108.44126589154172,112.58703383438679,7908900
2022-06-24,114.74244689941406,114.99009639000836,111.67898281372959,112.2476459446608,8128000
2022-06-27,116.65023803710938,119.2734402796991,115.0543018481981,115.75137324241557,9947300
2022-06-28,120.70429992675781,125.15274006667256,116.11826350925348,119.0349785001418,27081900
2022-06-29,119.44771575927734,120.67678225367547,116.39342555019127,119.31014047784697,9973300
2022-06-30,117.16385650634766,119.31928854499303,114.95339436387133,117.04462228213916,9277900
2022-07-01,113.30242919921875,116.26500695586601,111.99082465025802,115.33862715612386,7672800
2022-07-05,115.41200256347656,115.72384916324766,110.3948859321534,111.07361623579756,8113100
2022-07-06,116.54017639160156,117.61330558730975,114.70576463918736,115.62297051539447,6038400
2022-07-07,123.2724609375,123.55680650786053,119.47522926921002,119.83293899174998,9408100
2022-07-08,124.7491683959961,125.09771111367773,120.72263508788654,121.54812878837707,8393200
2022-07-11,121.29129791259766,123.4559041226213,120.447470270785,122.52951732370826,5887200
2022-07-12,121.94249725341797,124.14379937107837,121.03447255084366,122.66709760716462,5991300
2022-07-13,124.40979766845703,125.45541175019191,119.71370831827235,119.74122337341404,7200200
2022-07-14,130.15147399902344,130.5642277311018,122.76797983415874,123.76773061732996,10718700
2022-07-15,132.41700744628906,133.43510652544327,130.2707490617318,131.85751130377275,11880500
2022-07-18,129.95889282226562,134.3064393833045,129.16092825001417,133.88453255022094,7856600
2022-07-19,135.1686248779297,136.17755693530881,131.32553003498225,132.2060538300996,9686500
2022-07-20,139.14932250976562,139.71798572707547,134.48073353144815,135.22366812063095,8517400
2022-07-21,142.95571899414062,143.01074911150926,138.15873582566388,140.22244919969972,8060400
2022-07-22,140.9745330810547,143.68946849217727,139.7363136095012,142.77226266341899,7200100
2022-07-25,140.56179809570312,141.28638456736618,139.11261115692628,140.14905825764438,4928900
2022-07-26,137.55335998535156,140.05732799236665,137.4066036930667,139.98394984622422,5941800
2022-07-27,140.71771240234375,141.98346088709863,138.0853362302896,138.98419399713373,12863000
2022-07-28,134.32476806640625,137.57168398759796,131.1604112923585,137.37906463819255,17051000
2022-07-29,133.04986572265625,133.27916716337376,129.02333298347475,132.6279589091876,11749400
2022-08-01,135.2236328125,137.08557330308952,132.14183502367257,132.36195543976103,7611400
2022-08-02,134.8567657470703,137.03053898378246,132.84808283420736,133.62771335136088,5946400
2022-08-03,136.81040954589844,137.8927055855291,134.45318411059466,135.43460095592468,6890200
2022-08-04,138.50723266601562,138.6448219231992,135.48046494426035,136.3701416292265,6254700
2022-08-05,137.77349853515625,138.75490152876583,135.44378781082557,136.26928148297415,5041300
2022-08-08,135.5721893310547,138.67234946556044,134.41651504204634,137.40660096180127,5553300
2022-08-09,130.7109832763672,134.37063916993725,129.61033920171,133.53597859843813,6770800
2022-08-10,134.8201141357422,134.99437151847266,131.7933315555689,133.77449986209535,6840000
2022-08-11,135.59054565429688,139.08509778520772,134.84761113770335,136.03080055386138,6243200
2022-08-12,138.7640380859375,138.92914238230193,134.9943222650807,135.74643762378415,4967500
2022-08-15,139.5345458984375,140.05734601322555,136.11335762217078,137.87440536527834,4502900
2022-08-16,137.6083984375,139.86473108293808,136.52610220605695,138.9108291207142,5270800
2022-08-17,136.23255920410156,137.24149105526746,134.24222454811797,135.95739469965196,5169600
2022-08-18,138.84661865234375,140.24994240842395,135.5263241353774,135.81066968990297,7808200
2022-08-19,135.37960815429688,137.92943965733005,134.73755277237058,136.92967450326466,5400300
2022-08-22,129.88552856445312,133.73779056035943,129.4177585919946,133.27002058790092,6736800
2022-08-23,129.06922912597656,131.71995389971676,128.92247280742453,130.32579686437796,4499300
2022-08-24,129.61036682128906,129.9772575879906,127.13391362672351,128.6381307815705,5113100
2022-08-25,134.14132690429688,134.82923114483174,130.26155090640563,130.55504943806773,5618800
2022-08-26,126.92292785644531,135.1594310336409,126.62024829930179,134.05878700476782,7918600
2022-08-29,125.73055267333984,127.61082706228541,124.84086206972337,126.400108881734,6852300
2022-08-30,123.2816390991211,126.84956922176293,121.93334540796425,126.39096630627967,6147400
2022-08-31,121.99958801269531,123.7520524045483,121.10490482319585,123.40155389658393,8701100
2022-09-01,119.83203887939453,120.02573910303786,116.29020854577286,119.88737777929757,8716300
2022-09-02,118.50384521484375,122.36850444023159,117.65528260403984,121.41848249150644,6121400
2022-09-06,116.83438110351562,119.46309116950444,116.4100998283958,118.83588419603437,6674200
2022-09-07,118.61453247070312,119.70290162244316,116.55768338021505,117.57226968296635,5340100
2022-09-08,118.84512329101562,119.72135533674195,116.12417923877682,117.57227235837155,6618800
2022-09-09,121.79666137695312,122.31317657149825,120.19176281620204,120.5330287681729,5097300
2022-09-12,122.67288970947266,123.79816095152331,122.04569672812407,122.67288970947266,7081300
2022-09-13,115.22949981689453,119.81358589886611,114.82366245903332,118.41162021132317,9610900
2022-09-14,117.62761688232422,117.9688898513272,115.75524237461362,116.46545072557609,7509300
2022-09-15,115.27561950683594,118.13491087326341,114.58385512607167,116.86205990898277,7459600
2022-09-16,115.24793243408203,115.97659169265945,113.49546846005006,114.48238527113786,13818500
2022-09-19,116.81594848632812,117.30479419777102,113.82752828111734,114.02122146657632,5922700
2022-09-20,115.08192443847656,116.72371788671268,114.27025672870155,115.97660753689428,5672700
2022-09-21,114.94357299804688,119.71212677661245,114.83288816288628,115.69990177916615,8123700
2022-09-22,114.0765609741211,115.4416458121915,112.96051525939045,115.06347789785752,8753000
2022-09-23,111.7799072265625,113.1542105488226,109.80607334240645,112.84060702415749,10681300
2022-09-26,110.4424819946289,113.61537672048931,110.30412771772392,112.10271924350722,6424600
2022-09-27,110.99588775634766,113.15419609610295,109.52935077426247,112.12115884390488,5544400
2022-09-28,109.69538116455078,111.09735384345568,108.63467440093017,109.37255920266391,11321200
2022-09-29,105.92295837402344,108.34874996762446,104.65011444950801,108.17350073970893,12125800
2022-09-30,104.2073745727539,107.25113319241126,104.15202864502146,104.926808300364,7568100
2022-10-03,108.11814880371094,109.1327350302113,104.8437949886063,106.06129986780479,7481700
2022-10-04,112.86827087402344,112.94205372127914,110.9774455529066,111.05123543715297,6637200
2022-10-05,115.19261169433594,115.81058622623134,111.17115393350802,111.49397592502116,7070300
2022-10-06,115.55232238769531,117.33246302981733,114.74065470476073,114.84211404475147,6238600
2022-10-07,111.52165222167969,114.4731776204349,110.97746054807041,113.09887426635747,8618500
2022-10-10,105.70158386230469,111.64153558304986,104.64087719260156,111.22647277995365,9512600
2022-10-11,101.48644256591797,103.75542882937616,100.21359867285342,103.30347808311998,10758800
2022-10-12,100.20437622070312,102.1966610219927,99.96456259751282,101.75392872048684,6987900
2022-10-13,104.09669494628906,106.25499623676852,96.53340789803987,97.1974957310401,10455000
2022-10-14,101.41265869140625,106.0613163252155,101.26508594463002,105.72926884872973,7989800
2022-10-17,102.92530822753906,105.59091332635157,102.02140675223828,105.0743911606174,7886400
2022-10-18,102.57482147216797,107.07589917358762,101.03449447415858,106.02441787843225,8908900
2022-10-19,104.08748626708984,104.84381509410004,102.15054727469709,102.25200662050261,5620200
2022-10-20,103.28504180908203,107.075904321562,103.04522817534408,104.38263656016855,7736400
2022-10-21,106.75306701660156,106.98365512137727,102.39956247251783,103.0728828347387,7490100
2022-10-24,107.34336853027344,107.93367349644892,105.36953498018846,107.30647359026368,6525700
2022-10-25,109.91674041748047,110.62695574882966,107.20502898384848,107.51862544091847,6205100
2022-10-26,108.93903350830078,111.36481758616259,107.14044929199504,108.87446912712544,7342300
2022-10-27,105.7938232421875,111.23570410674523,105.49867073955,110.05509409619522,8937200
2022-10-28,109.9536361694336,110.17499878999412,103.60785376310226,105.30497891571764,9418700
2022-10-31,108.52400207519531,109.18808998583052,106.43948338669891,108.95750185329304,6870800
2022-11-01,108.21961975097656,111.2633787573247,107.68465361586996,110.44248560107094,5749100
2022-11-02,103.76465606689453,109.56625412609584,103.53406794230143,109.49246423734817,13936300
2022-11-03,95.81397247314453,98.23053848852642,94.01538796350309,96.27514871017986,24706100
2022-11-04,98.4057846069336,99.15288783553173,96.22903227381754,98.33199472245728,11977900
2022-11-07,101.54178619384766,101.71703542559771,98.00918136792852,99.13445257539274,7570800
2022-11-08,103.80155944824219,105.96908658819534,101.3849931727716,102.90687632618268,9383600
2022-11-09,101.85537719726562,104.69622431673847,101.70779743350526,102.80539905625396,9581300
2022-11-10,111.30949401855469,111.60464652126353,105.63702504003447,106.9098759255213,11673200
2022-11-11,112.00125885009766,112.67457923827091,109.7507166089052,109.7507166089052,9433800
2022-11-14,111.42019653320312,113.64306263275346,110.9221252863805,111.36485059222827,6971000
2022-11-15,116.23487854003906,118.18105024293176,113.8367630433396,115.8936125612079,12470200
2022-11-16,111.3556137084961,114.22412333654371,110.64539838559453,113.63381833508798,9561700
2022-11-17,113.32023620605469,113.56004984226945,109.49247167055246,109.71383431483216,7273700
2022-11-18,114.23335266113281,114.8236576823791,112.64690527766179,114.40860188328094,6436600
2022-11-21,110.86678314208984,112.98819700265074,110.77454928662895,111.6876764185783,8204200
2022-11-22,114.04889678955078,114.17802558650654,110.70997794985779,111.45708128038635,7010200
2022-11-23,115.43242645263672,117.17567226071614,113.7168500959567,113.947438240274,5481500
2022-11-25,113.86441802978516,115.6261147555617,113.81830462506846,115.16493848644635,3153800
2022-11-28,110.25802612304688,113.86442098179148,109.6216006033307,112.67459236917925,7087500
2022-11-29,109.18807983398438,111.9459187093542,109.13274093915778,110.81142210647431,6277600
2022-11-30,117.41224670410156,117.51435294979942,109.59652278160588,110.2277218087112,12776700
2022-12-01,117.70927429199219,118.99951814162422,116.6603731074439,117.62573668592017,7924800
2022-12-02,116.64179229736328,116.79030593314597,114.28407901875553,114.83173323087453,6122200
2022-12-05,114.45117950439453,116.46544425549851,113.64361390785048,115.63931710722345,6091600
2022-12-06,111.18379974365234,114.17271253832213,110.06063813679762,114.005630236699,5968000
2022-12-07,109.72647094726562,111.68504401607183,109.30876874398271,109.99565948697243,5427100
2022-12-08,113.01243591308594,113.56937463263057,109.6986423876563,110.44123206828918,7347600
2022-12-09,110.50617218017578,112.68751891975944,110.32052127949048,111.76856997740485,6036000
2022-12-12,112.51116180419922,112.54829198746138,107.73075870753539,107.73075870753539,9008400
2022-12-13,114.62753295898438,118.76745279780738,113.07738498373378,117.8670724084548,9712700
2022-12-14,112.97528076171875,117.49577974901713,111.4808244939575,115.31443278163135,9444100
2022-12-15,108.26912689208984,111.87066939182816,107.74931853262557,111.62004952761724,10207800
2022-12-16,106.3105697631836,108.28771143002777,105.21525407208935,107.74933436043628,12733900
2022-12-19,104.52835845947266,106.89535634262859,103.5073031874311,105.8278865701885,7720200
2022-12-20,104.05496215820312,104.6861611500476,103.12672876324706,103.40520161447739,6260200
2022-12-21,106.36624145507812,106.70969029651047,104.60260399966958,104.66758004190193,5843800
2022-12-22,102.73687744140625,104.50979962956622,99.67370425609813,104.49123807678082,12051400
2022-12-23,102.8853759765625,102.95963634049993,100.4441249374488,101.82719057695746,5356700
2022-12-27,101.60443115234375,102.74616139573857,101.07533837658984,101.87361969886544,6158100
2022-12-28,99.29310607910156,102.35627137585814,99.15386968337233,101.0567505673381,5395600
2022-12-29,101.95714569091797,102.71830382102026,100.35130599392119,100.57408001046964,6668600
2022-12-30,102.04998779296875,102.16137127461572,99.52519167503569,100.2213667627661,5642300
2023-01-03,99.5066146850586,103.72079504543034,99.44163863226721,103.35878459675567,8110400
2023-01-04,103.52587127685547,104.17563891417997,101.0010752638596,101.92003144040811,7614200
2023-01-05,101.5487289428711,102.95964050546657,101.29810197490833,102.04069148060597,7546000
2023-01-06,107.06243133544922,107.65650719556768,102.15208313930032,102.99677180638378,10259300
2023-01-09,106.38483428955078,110.32054206132467,105.39162479982443,108.35269171636727,10291800
2023-01-10,108.51976776123047,108.57545949778753,105.5587010153968,105.83716678004075,6384800
2023-01-11,109.89353942871094,109.9956456578956,106.9046270802683,109.0117206295976,7374400
2023-01-12,112.86389923095703,113.59720448967802,109.20666433642147,110.6825520892148,9527600
2023-01-13,111.61079406738281,112.7061098807583,111.12811576335646,111.22093769699312,8040400
2023-01-17,111.64791870117188,112.61328234304388,110.47834256634592,111.14667178624646,6179500
2023-01-18,113.28160858154297,115.09166093625309,112.32552928229306,112.8917522408145,10960400
2023-01-19,109.14167785644531,112.40905609841312,108.99315712269942,112.37192591497664,8716200
2023-01-20,114.07988739013672,114.13557912848562,108.91890482008591,109.9213986015194,8895000
2023-01-23,121.62641143798828,122.58249062961215,116.79031666470698,117.45864579178416,13419500
2023-01-24,121.32009887695312,123.42719259704805,120.80956768965471,121.1808695366523,7952400
2023-01-25,121.7563705444336,122.09981236205023,118.53539958830537,119.23157462210166,6880300
2023-01-26,124.34614562988281,125.17227274371696,121.74708942065412,124.76384780407457,7413600
2023-01-27,123.82633209228516,125.20940498177143,121.98843389350556,122.05341703124341,6581900
2023-01-30,122.18338012695312,122.89810972401426,120.80958434919266,121.6450029973528,9854300
2023-01-31,123.64997100830078,124.04910455093575,121.89561054018884,121.89561054018884,7125100
2023-02-01,128.52322387695312,129.89700556844562,123.15802091430983,123.15802091430983,10500600
2023-02-02,126.10050201416016,129.17295203294242,125.12585419675653,128.52319154257881,17673200
2023-02-03,125.3300552368164,128.46747393681807,119.34295370948095,121.74707438656192,13187300
2023-02-06,123.39005279541016,125.20011916443597,122.39685047299632,122.77742954695579,6830500
2023-02-07,126.82451629638672,127.52069124934725,122.83311040000316,123.59425431677454,7664200
2023-02-08,122.68458557128906,126.49962475237608,122.30400654378312,125.59923737691823,7151700
2023-02-09,121.16230010986328,125.524994096563,120.59607719015283,124.2811647856309,5717500
2023-02-10,119.73283386230469,120.61465277795398,118.46115152831098,120.0112925571386,5319200
2023-02-13,121.4500503540039,121.99770464130951,119.17588143731616,120.1690979387132,5550400
2023-02-14,122.84241485595703,123.34366886484854,119.14804958607296,119.92776230688327,5579900
2023-02-15,123.52001953125,123.76135510496908,120.94880916825373,121.22728200790928,3501100
2023-02-16,120.81884002685547,123.07443996617164,120.62390481747155,121.36649423059293,5788400
2023-02-17,118.5539779663086,120.4939824873216,117.84851855782239,120.20623238256216,6022500
2023-02-21,114.82247161865234,118.4611520198585,114.68324227065766,116.45616442642701,8164400
2023-02-22,115.05451965332031,116.00132162590393,114.09844044627529,115.39796853856862,5517800
2023-02-23,117.14305114746094,118.09913748924615,114.79462180060654,117.52363023718011,6440200
2023-02-24,115.41653442382812,115.75998332197469,114.33978739162205,115.32371250271946,7357200
2023-02-27,114.56256866455078,117.51435126639707,114.20984250928504,117.42152933941756,7787200
2023-02-28,114.66466522216797,116.12199130639762,114.09844230900947,114.74820990669322,6491800
2023-03-01,115.50518035888672,117.17686840934273,114.8514507861354,115.5985692799772,5530600
2023-03-02,115.59857940673828,116.04685624240803,112.87158277134316,114.08566022722985,5258900
2023-03-03,115.43046569824219,116.00014737622243,113.62803174375605,115.7946874759518,7052100
2023-03-06,114.31913757324219,116.89670625463286,113.96424966231083,116.06553266079679,7031300
2023-03-07,111.31195068359375,114.40316871747314,110.46209515306462,114.38449378416286,8879700
2023-03-08,113.18909454345703,113.7027442876166,111.46137459737513,111.64815956121397,7633900
2023-03-09,109.47216033935547,113.86150357561519,109.21066852104113,113.26380595514878,8055500
2023-03-10,107.57633209228516,110.41539920851316,106.9599524444653,109.7710035994501,6884500
2023-03-13,106.86658477783203,108.5569479433242,105.79259425758194,106.24087110194604,7673700
2023-03-14,108.8464584350586,109.32274410161301,106.39028760995852,108.71571251187287,8312100
2023-03-15,107.85650634765625,108.50090200163503,105.66183468751815,107.6323715169706,8596900
2023-03-16,112.5447006225586,112.84354942527116,108.24874641164634,109.26669769662689,11207800
2023-03-17,112.75016784667969,114.74872068081905,111.27459867003685,112.79685874460304,12304100
2023-03-20,113.76811981201172,113.95489765494929,111.89097185248187,112.78751832379454,5945000
2023-03-21,115.61725616455078,116.80331047464753,114.07631396433383,114.86078948437547,6900600
2023-03-22,113.90821075439453,117.89597555451823,113.81482182964825,115.80403371470506,7072700
2023-03-23,115.94409942626953,118.60572248214467,114.02959475662908,115.74798058269104,7353800
2023-03-24,116.5138168334961,116.6725787377873,114.16971676821152,115.45850118999998,6987200
2023-03-27,115.43046569824219,117.72786734422507,115.1689738706679,117.42901852340904,4818000
2023-03-28,113.31985473632812,115.50519277537651,112.26454627683884,115.4304787804254,5272100
2023-03-29,116.82199096679688,117.63448961559176,115.10361186489511,115.26237375743892,6410100
2023-03-30,118.97930145263672,119.71708603623654,118.07341396232911,118.68045263239154,8156400
2023-03-31,119.14741516113281,119.51163697116668,117.94267874135981,118.27888458525547,6222400
2023-04-03,116.4951171875,119.13806572522248,115.43980882841021,118.59640000103775,6367800
2023-04-04,114.21638488769531,116.94338101536083,113.75876710676503,116.67254818331554,6962700
2023-04-05,114.90747833251953,115.07558123412007,113.23579034580243,113.39455221811468,6920900
2023-04-06,114.87012481689453,115.66394132759746,113.04901593203971,114.25374511733264,5260600
2023-04-10,116.07486724853516,116.34570011943254,113.63737853557703,114.02027526676417,5243700
2023-04-11,115.40245056152344,116.97140866332971,115.0288877515471,116.97140866332971,5001400
2023-04-12,112.32056427001953,116.27097898005644,112.2085004166202,116.18693109000694,5288300
2023-04-13,113.12371826171875,113.6186930575018,111.24657752486883,112.11510798711193,6077100
2023-04-14,112.21784210205078,113.86150704586994,110.91037584551262,112.88091269730474,4833100
2023-04-17,111.48939514160156,111.91898988840559,110.35937278313743,111.2559192710482,6370200
2023-04-18,110.53682708740234,112.8155540776671,109.64962154617305,112.38595216547064,4829900
2023-04-19,110.70491790771484,110.84500485288274,108.75305595530959,109.50018157945972,4241900
2023-04-20,110.79830169677734,111.97502200651151,109.37877162679276,109.53753349890674,5125000
2023-04-21,109.97647857666016,110.37805736820445,108.84645619234207,110.07920853206346,4980700
2023-04-24,109.59357452392578,110.04185133989385,108.86513093245617,110.03251030984165,4097900
2023-04-25,106.51170349121094,109.11728814428795,106.16615661019074,109.02389921364211,7045200
2023-04-26,106.61441040039062,107.49227470879305,105.72719793829059,106.73581527146833,4671100
2023-04-27,106.3902816772461,106.75450346082722,104.73727566907932,106.35292468340214,6945700
2023-04-28,109.07992553710938,109.17331445685213,106.21284223778805,107.49228540101122,8652500
2023-05-01,108.1833724975586,109.80836963469329,107.87518977338013,109.46282279228969,6208500
2023-05-02,108.4355239868164,109.3227293638469,106.87590702398208,108.4541989197032,7081200
2023-05-03,105.372314453125,109.09858674547111,105.1575135521344,108.9491659177047,11491700
2023-05-04,99.53543090820312,100.03973962366965,96.65900658670573,97.15397427268643,22117500
2023-05-05,101.59002685546875,102.04763759915394,98.7789751797367,101.05770211788268,10745600
2023-05-08,101.15108489990234,101.63671870562331,99.80626871701564,101.21645785931268,6694400
2023-05-09,98.77896881103516,100.3292520214909,98.3400401566841,99.92767323656354,7804100
2023-05-10,99.4233627319336,100.37594826303564,98.19061043442122,99.92767146161385,7980100
2023-05-11,97.18199157714844,99.47005932473607,96.82711082808623,99.26459942391978,10630500
2023-05-12,96.77108001708984,97.81704734223234,95.82783551842267,97.56489654066921,7635900
2023-05-15,99.2552719116211,99.36734290690663,96.08933932727362,96.90183801157619,7444900
2023-05-16,96.9298324584961,99.44203482537598,96.86445950704021,98.68556824410948,7027000
2023-05-17,97.88241577148438,98.48011339394681,96.73371854789346,97.30340020760259,9504700
2023-05-18,99.89031219482422,100.03974016693739,97.88241835154005,97.88241835154005,9142000
2023-05-19,98.86302947998047,100.03974993738439,98.54549857078703,99.88098092022838,5783200
2023-05-22,98.32135772705078,98.87236448807319,96.42553479317007,96.81777254670715,7912400
2023-05-23,96.71504211425781,98.65756306279654,96.63099422110973,97.19133488411795,7452500
2023-05-24,96.21073913574219,96.32281012509561,94.86592288909357,95.3328746570551,8193700
2023-05-25,97.14463806152344,97.22869308082919,94.76318843300594,95.19278318412927,11677400
2023-05-26,103.05625915527344,103.92478977412212,97.89177347146787,98.00384446668409,15969900
2023-05-30,108.33280944824219,108.9772051637912,105.16687705247975,106.93195415365284,18291800
2023-05-31,106.6495132446289,107.20433927602221,104.94740438266,106.79056584610298,14924000
2023-06-01,108.92525482177734,109.6117347439393,105.61508166896334,107.73095682630355,8616500
2023-06-02,108.72776794433594,110.40165904984633,107.85320597437176,110.25119338101044,7873400
2023-06-05,106.01004791259766,109.00988373972487,105.9254091775662,108.54909516997022,7769300
2023-06-06,109.42366790771484,109.82803547687061,105.54926252823637,105.86899852865201,7594500
2023-06-07,108.31400299072266,110.17597632772836,107.66513229872697,109.67756414172385,7555400
2023-06-08,109.41425323486328,109.68696689215575,107.29837809084083,108.70896152018913,5793400
2023-06-09,112.00972747802734,113.64600222854764,110.3828514512182,110.48629480882678,13807000
2023-06-12,114.85910034179688,115.01896473382557,112.63037605294551,113.82467398068452,9675100
2023-06-13,117.0125961303711,117.9247745504123,115.43274242365807,116.8715363544042,8873200
2023-06-14,116.04399871826172,117.01259819594868,114.25725826520306,116.93736535749186,7324600
2023-06-15,116.24147033691406,117.25709205189239,113.82467119593282,114.33248205342198,8132600
2023-06-16,115.36691284179688,117.52981022480915,114.82148554700622,117.16305194585829,12905700
2023-06-20,112.67740631103516,115.07540105889949,111.63357397839759,114.67103351405252,8667400
2023-06-21,108.85942077636719,111.92508341630618,108.77478204480681,111.53952769914731,7925400
2023-06-22,109.46127319335938,109.7245809465608,108.06009569262422,109.0945220836005,7283000
2023-06-23,106.66831970214844,108.40803783804826,106.29216268434888,107.28897268310911,11958500
2023-06-26,109.67755889892578,110.59914321198791,107.48645813321562,107.73095409058872,9377000
2023-06-27,112.64918518066406,112.79024494806511,108.75597577814295,109.78099621703478,7308900
2023-06-28,110.53331756591797,111.059933079769,109.63054503877406,110.04431129625776,6384800
2023-06-29,111.02230834960938,111.1069470791982,109.91264918949598,110.55211391184264,5138500
2023-06-30,111.94389343261719,112.71501202927546,111.32323332636653,112.47050891094055,6565100
2023-07-03,112.93131256103516,113.29807087489682,111.39848106038755,112.1601938612261,2662000
2023-07-05,110.14775848388672,111.95331077554809,110.11954796246363,111.92509307952648,6249200
2023-07-06,108.35161590576172,109.27319305846636,106.84699502153087,108.29519486466504,7544600
2023-07-07,109.0286865234375,110.71198344068854,107.91902738369762,108.49266516120878,6108400
2023-07-10,110.13834381103516,111.22919113749079,109.52708962852074,109.52708962852074,6037000
2023-07-11,109.90325164794922,110.8436405335922,108.0412784975531,110.77781359858109,5784000
2023-07-12,111.60536193847656,112.12257873575373,110.11954566138793,110.55212372156593,8371300
2023-07-13,115.78068542480469,116.06279779363736,112.73382018430597,112.84666943659785,9823000
2023-07-14,115.25407409667969,115.83711786233044,113.9093175332487,115.66784755453497,7892200
2023-07-17,116.04399871826172,117.0408087167204,113.56137244597332,115.03778282134634,6125000
2023-07-18,115.53619384765625,115.88414036272134,114.0315728730212,115.02838292347965,7481200
2023-07-19,117.00318908691406,119.52343170927519,116.89034700692358,117.86834518163252,8866700
2023-07-20,113.52375793457031,117.17246456586449,113.0629693468256,116.15684275342436,9148600
2023-07-21,117.2853012084961,119.1096579151875,114.14439864670567,114.66161539590098,23704100
2023-07-24,116.70225524902344,118.11283852884547,115.82769332854987,117.28529892087167,5859300
2023-07-25,117.61442565917969,118.47018290174705,116.79628482915786,116.79628482915786,5592100
2023-07-26,116.62703704833984,117.77431274110948,115.04718328978136,115.85591837896001,5291800
2023-07-27,118.34794616699219,120.15349120230492,117.47338416948162,119.01562145063602,7917900
2023-07-28,121.76154327392578,122.17531666037736,119.95599841875114,120.65189132771016,11762200
2023-07-31,124.29120635986328,125.04352039309381,121.40421973193187,122.2411653272367,11029600
2023-08-01,124.2065658569336,124.49808411589163,122.47625374949544,124.05610019127924,7128700
2023-08-02,121.56407165527344,123.73636762073602,121.15029826200528,122.43862640533958,13711100
2023-08-03,111.6241683959961,112.00973131932311,108.0412886992574,109.99729948799286,29239600
2023-08-04,114.25725555419922,114.72745002150046,110.74020294767351,110.74020294767351,12658700
2023-08-07,112.22600555419922,115.42332918279416,110.89065506580296,114.92492422406865,7706500
2023-08-08,110.64617156982422,110.85305112014359,109.04750598838456,110.02551139507035,8934600
2023-08-09,109.62113189697266,111.06933163896834,109.57410958294379,110.24179200408415,5642500
2023-08-10,108.71837615966797,111.33265651098175,108.21056522332229,110.6649811616936,6224500
2023-08-11,107.77798461914062,108.57731383982158,106.94103897724426,107.32659473915443,5712500
2023-08-14,107.22314453125,107.69333900453572,106.08527476685038,107.09149065269787,8537500
2023-08-15,105.02263641357422,106.74354988432862,104.7593286600464,106.58367831288828,6843600
2023-08-16,103.58384704589844,105.24833237506176,103.48980958330476,104.71231094621949,6426700
2023-08-17,103.51800537109375,104.50540934968964,103.12304377965539,103.62144871760344,6250500
2023-08-18,103.53680419921875,103.93176576856284,102.03218357224333,102.33310769763841,6384700
2023-08-21,104.0822525024414,104.34556026867557,102.50239873043787,103.29232202914037,6539800
2023-08-22,102.94438171386719,105.17309898145784,102.63405163180317,104.82515965423316,4587000
2023-08-23,104.54302978515625,104.88157035500913,102.36132787643648,102.82211641750376,6873900
2023-08-24,102.04159545898438,105.85957186929134,101.71246079854369,105.47401617408869,8698100
2023-08-25,103.74371337890625,103.93178830759089,101.33631985366941,102.39895683247504,6669900
2023-08-28,105.02263641357422,105.50223677869883,104.02582643961948,104.66529120158623,4316400
2023-08-29,106.9974365234375,107.19491731049945,103.93176702633903,103.93176702633903,6971400
2023-08-30,107.27208709716797,107.45202846776263,105.75681226042452,106.59968411415683,6490300
2023-08-31,108.46537780761719,109.0620225152329,106.47657897483366,106.47657897483366,7962500
2023-09-01,109.27981567382812,109.57339810074251,108.35171312566038,109.57339810074251,5310700
2023-09-05,110.37841033935547,110.86139945537768,108.82525271733019,108.82525271733019,7294800
2023-09-06,108.60742950439453,110.53940766128713,107.61302653857906,109.85753216763086,7411900
2023-09-07,100.76587677001953,104.83817754659536,100.45334929478402,104.74347422163324,17947800
2023-09-08,100.51963806152344,101.40039267440214,99.92300063682505,100.54804833526143,9819300
2023-09-11,104.4404067993164,105.9177987237717,103.05771818853653,105.37798188788229,18771700
2023-09-12,105.34011840820312,106.77015522691477,103.71119521497347,103.7774882646793,9250100
2023-09-13,106.67544555664062,107.58461042369494,105.6242220985528,105.67157737069734,8131500
2023-09-14,108.0013198852539,108.66425038085961,107.0163894164965,107.74561296166277,7138100
2023-09-15,107.14897155761719,109.09042214866186,106.50497886050289,107.93502284865676,12247400
2023-09-18,106.77961730957031,107.80243045558943,106.5049726374689,106.91220339604689,5065100
2023-09-19,104.85712432861328,106.39133700511128,104.09001799036429,106.25875090283122,5658800
2023-09-20,103.43653869628906,105.87992320692574,103.37971815314857,105.82309543838556,7073800
2023-09-21,102.24325561523438,103.78694056564775,102.13907980366173,102.262200613011,7007200
2023-09-22,101.97809600830078,103.96689472119336,101.67504103514953,103.01037452686579,6965500
2023-09-25,104.58247375488281,104.62982902821138,101.05945529108514,101.18256888617904,6782500
2023-09-26,103.91008758544922,104.78136984255806,103.55020479091189,104.03320120045326,6559800
2023-09-27,103.40814971923828,104.94236250316469,101.74134359834673,104.86660417184325,7225000
2023-09-28,105.21699523925781,105.98410876922055,103.39866543749496,103.94795482304843,4851300
2023-09-29,105.17910766601562,106.28715888642488,104.7813493947918,105.955686435005,4869300
2023-10-02,105.21699523925781,105.87046044708524,103.79642372686801,104.55406475696938,5751500
2023-10-03,104.35518646240234,106.31557487645436,103.58807292619039,104.94235140138385,7750700
2023-10-04,104.03318786621094,105.18858721034762,103.0387921215527,104.93288751183565,7189400
2023-10-05,103.98583984375,104.61088756549775,103.18084352234989,103.89112929389081,5089700
2023-10-06,105.0086441040039,105.43481989502801,102.32850466226735,104.99917882949698,7930600
2023-10-09,105.87993621826172,106.05040509403139,103.68278583356401,104.47830243688877,4714500
2023-10-10,106.36292266845703,107.00691538011394,104.5824756305352,105.59581635949822,6253000
2023-10-11,105.23594665527344,106.67545602975329,103.77749227991578,106.33451826796055,6378600
2023-10-12,105.55793762207031,106.26822340949933,104.47830380321025,106.05040648091214,5371700
2023-10-13,102.90621185302734,106.04093758943397,102.79256352202677,105.80417565223344,6035600
2023-10-16,104.65823364257812,105.1980504924916,103.18083445434135,103.31342054201133,6254700
2023-10-17,106.25875091552734,106.3250439666753,102.3000911710053,103.0482597341897,7334000
2023-10-18,105.10335540771484,106.17351669211986,104.2036557704642,105.17911373131665,7174500
2023-10-19,105.38745880126953,108.34224999934811,104.97075553316358,106.43868224551863,10511500
2023-10-20,102.8777847290039,105.69998993564793,102.8777847290039,105.61475188901964,7756500
2023-10-23,102.90621185302734,104.71506929603086,101.9781018800249,102.22433631782569,6679200
2023-10-24,103.59754180908203,104.48776891181149,102.69784943214493,103.51231098881227,8578600
2023-10-25,99.23165893554688,103.50284617542911,98.90019367866037,103.04826009069856,8571600
2023-10-26,100.02717590332031,100.83216496483797,98.80548356155342,99.20324184248211,8705200
2023-10-27,100.82268524169922,102.17696358008124,100.2355131366344,101.23938849209358,7292000
2023-10-30,102.12015533447266,103.54072688599416,100.55752518271888,101.05945930819239,6634000
2023-10-31,103.2187271118164,103.42707876251013,101.04052173047415,102.56526911011402,6485500
2023-11-01,105.01811218261719,105.30222936467185,102.94407553965841,103.38918908635733,12809900
2023-11-02,111.14551544189453,112.7744385949409,108.38960324624975,111.72321510025168,22106100
2023-11-03,113.1911392211914,113.7404286275785,111.1455199229714,111.70427460417851,10670100
2023-11-06,113.57942199707031,114.17605939989592,112.11149528762003,113.64571504182871,7756400
2023-11-07,114.32760620117188,114.66854397118738,112.85967928997175,113.50367205273425,7898400
2023-11-08,113.70252990722656,115.59662506330443,112.84072036841893,114.97157741900652,7681900
2023-11-09,113.74043273925781,115.9470557193949,113.50367080298734,114.70642548546587,9002700
2023-11-10,117.6327896118164,118.20101676578086,114.56435720008812,115.44511181762313,12191600
2023-11-13,117.29185485839844,117.95479257605645,116.1364555215492,117.43391345685376,7959200
2023-11-14,120.61599731445312,121.4304589257242,119.40377739778937,120.5970523139674,11255400
2023-11-15,122.09337615966797,122.86048241171896,120.80539083190344,121.14632854957051,7789100
2023-11-16,121.8850326538086,123.46660053399711,121.51568463928314,122.25438066833405,11655700
2023-11-17,122.61426544189453,122.91731318793582,121.61986247835733,122.45326906887246,6543300
2023-11-20,122.65214538574219,123.22984507472088,122.18810125005207,122.5858595595585,7148600
2023-11-21,120.29399871826172,120.7201745292843,119.09125128800845,120.17088511529114,14641800
2023-11-22,120.74858093261719,122.65214159444304,120.42658818498911,121.11792895508492,6647400
2023-11-24,120.98533630371094,121.43991512579045,120.80539493954606,121.43991512579045,3708200
2023-11-27,121.41150665283203,122.18809266741634,120.0761732145985,120.53075204341835,8586400
2023-11-28,119.88677215576172,120.56864769723742,119.01548995294321,120.46447186587858,8817900
2023-11-29,121.90728759765625,124.47105033609836,121.6308961974483,123.17487348681077,10608300
2023-11-30,122.9937973022461,123.3273633773796,121.50700181720508,123.20347405471044,11731800
2023-12-01,123.58467102050781,124.15651923490097,122.47910556212328,123.00329733486632,8866500
2023-12-04,123.8515396118164,123.94685250278879,122.02164553824858,123.26064040736267,7485000
2023-12-05,124.61397552490234,124.70928839783417,122.89844561104768,123.03187490753066,6231600
2023-12-06,123.861083984375,125.93877128778334,123.57515984410348,125.78627647394441,6912400
2023-12-07,126.70122528076172,127.07292228406955,124.27089200865427,125.16678082244884,7815700
2023-12-08,126.7298355102539,127.68290638599156,125.02383049876731,125.06196147771298,7678600
2023-12-11,129.71295166015625,130.18948709675828,127.7782189509686,128.19755791930416,11010700
2023-12-12,130.2657012939453,130.7898931076001,129.1410848052908,129.5985546868871,7380400
2023-12-13,132.28622436523438,132.46731013642443,129.69387073523143,129.9797948717049,7507700
2023-12-14,134.85951232910156,136.06037624944955,133.0486837050157,133.0486837050157,11468900
2023-12-15,136.41302490234375,136.7561309636127,134.74515104336808,135.3837067185369,25053500
2023-12-18,135.00247192382812,136.40348715204615,134.65936585686237,135.82211338698488,7832100
2023-12-19,136.50833129882812,136.69894255683118,134.80234090704656,135.36464920810295,5658400
2023-12-20,133.8492431640625,136.27003619368753,133.77299576764938,135.30744008154167,7264800
2023-12-21,135.75540161132812,135.99366930173198,134.37345191552697,135.1454369056025,8361600
2023-12-22,136.75613403320312,137.62341740688078,136.05085640734598,136.5273918063209,4659200
2023-12-26,138.6336669921875,139.1959752010317,137.20406097754363,137.4041976756793,4381200
2023-12-27,138.88145446777344,139.3579897865504,138.23335887203078,139.00535830432068,4470300
2023-12-28,139.01490783691406,139.9965696000906,138.89100397892074,139.31988293151238,4928800
2023-12-29,137.84262084960938,138.78615154113038,137.0420304041882,138.58601483680374,4839300
2024-01-02,133.6491241455078,135.5266749244732,132.26717429133572,135.5171494511395,8495800
2024-01-03,131.14256286621094,132.372017939755,130.56118903014237,132.372017939755,8133300
2024-01-04,129.77964782714844,130.88521343463253,128.60737482652118,129.08391022188093,6770300
2024-01-05,130.3133544921875,131.5904802998247,129.47466215394357,129.77011174808558,6827300
2024-01-08,132.50543212890625,132.6197959712129,130.22759349915907,130.56117409616184,7729400
2024-01-09,133.32508850097656,134.33534133482416,130.70414350864414,131.08536605408204,5856900
2024-01-10,132.77227783203125,133.4584899043155,131.32360628579727,133.32506058707716,5652500
2024-01-11,132.50543212890625,133.38225551957188,129.6462197295898,132.4768411683296,7374900
2024-01-12,133.62049865722656,135.96505879247684,132.62931160645556,135.45039251129097,6546600
2024-01-16,134.49732971191406,134.60216806842536,131.5046883583337,133.42989520394792,7483000
2024-01-17,132.78184509277344,133.0772947456617,130.90429425177155,133.06775472930542,6584700
2024-01-18,138.4716339111328,138.81473994064586,135.65055281754053,136.4320632197786,12893000
2024-01-19,144.82862854003906,145.60061347257994,139.85359837177063,140.34918466012735,16193900
2024-01-22,145.6959228515625,147.3161547824425,144.7428520887887,145.58155901369548,10456100
2024-01-23,146.29635620117188,146.52509841041075,144.3044418773465,145.69591699111052,6232300
2024-01-24,147.12551879882812,148.98401829159374,146.67757440795387,147.5258067463255,8331900
2024-01-25,147.2208251953125,150.56609795794483,146.45836576300968,150.20394099819666,7740900
2024-01-26,143.64683532714844,145.8007701475731,143.32279473820702,145.06691608603637,7744700
2024-01-29,142.6175079345703,144.14242696754437,141.45476044403637,143.34183647674485,10770700
2024-01-30,139.1292724609375,141.81693911963063,138.7385244821676,141.05447956479316,9132800
2024-01-31,141.54052734375,143.1131027568389,137.56622418782453,138.5192949075008,21184200
2024-02-01,134.48782348632812,137.15642468083738,133.51568718162483,134.25908125501365,22810600
2024-02-02,135.04058837890625,135.46946728082077,132.72461904024038,134.0493867174946,10442700
2024-02-05,137.27078247070312,137.86168169715356,134.5831304491553,135.20262063542071,8032600
2024-02-06,137.33750915527344,138.0141812845717,135.74586810942824,137.71873166112826,7286300
2024-02-07,139.0435028076172,139.10068473058436,136.88956796718193,138.34776517367195,7361900
2024-02-08,141.22601318359375,141.6358411579381,139.424710093348,139.95844191572525,9448700
2024-02-09,143.9136962890625,146.20106047922314,141.38806438981402,142.0075546163597,11981500
2024-02-12,145.91514587402344,147.49723235582212,143.19888826620098,143.3227921243569,11806300
2024-02-13,142.9987335205078,144.1519555638089,141.44523803719082,142.96061708807497,8976300
2024-02-14,146.71572875976562,147.1446077330926,143.96135458903026,144.20914777429078,8715100
2024-02-15,148.65997314453125,149.7941296763111,147.2399070187781,147.72596787123842,9372400
2024-02-16,145.5243682861328,150.35642919870298,145.4385954129244,150.0800450930187,8429100
2024-02-20,144.82862854003906,145.72450277331677,142.83669974426155,144.76190661119992,8745500
2024-02-21,144.8762969970703,144.91442797559793,141.91224602431603,142.79860949124176,9760300
2024-02-22,147.48770141601562,148.21202996465558,145.1717464292064,147.50676690334205,11407500
2024-02-23,147.6401824951172,149.5463238546791,147.0873997557197,148.39310193335416,5953300
2024-02-26,149.6606903076172,150.0895692125002,148.47887740858633,148.67902865364093,6307600
2024-02-27,150.87109375,151.7288515574116,150.09910881478865,150.34690195982418,6021400
2024-02-28,149.29054260253906,149.95148939014007,148.4380017838477,149.4342235092844,5211000
2024-02-29,151.14889526367188,151.5416426064613,149.6066566935289,150.26761816881503,8321400
2024-03-01,156.22581481933594,157.09751796970622,151.41710863468322,152.68154447138267,10405700
2024-03-04,159.54978942871094,160.7663415253416,157.78723519862473,158.1703940776611,11865100
2024-03-05,154.65484619140625,158.62060017679565,153.48619270916646,157.79679550270157,9608800
2024-03-06,160.8238067626953,162.12656735684308,157.4136431941662,157.88302522425596,12230500
2024-03-07,168.32424926757812,170.1155395136969,162.29897633987747,162.46183419550005,14495100
2024-03-08,163.39100646972656,168.0847679756418,163.3622556713417,167.46213121428028,11318000
2024-03-11,163.91786193847656,164.741666668123,161.04412654899934,161.88709360721637,7256300
2024-03-12,165.79537963867188,166.58085973082785,163.4006000875296,165.63253638318312,7642200
2024-03-13,162.12657165527344,164.2818731986966,161.50393483380304,164.01365906484097,8730500
2024-03-14,161.36021423339844,162.79708170585357,159.6934573199564,162.46182139889044,8151000
2024-03-15,160.16285705566406,161.6667856635278,158.8696848389365,160.06707464141095,16414600
2024-03-18,159.89463806152344,164.24356587754087,159.34863592876775,163.71671145711045,6653700
2024-03-19,157.1933135986328,159.45398576339767,156.74309393665962,159.09954850012943,7404400
2024-03-20,160.61305236816406,161.0920082163246,156.9346749622686,157.19331521291556,5995800
2024-03-21,163.65921020507812,165.6420797073112,162.4905568302077,163.55383933958746,8497500
2024-03-22,162.9407958984375,164.66502536974812,162.17446356864752,162.41394150817104,5645500
2024-03-25,160.46937561035156,161.66676526171938,159.94252124043513,160.81422441460842,5682500
2024-03-26,160.038330078125,162.28941401899704,159.97126923674094,160.97707954148433,5289900
2024-03-27,162.01162719726562,162.34688755687824,159.94253420402137,162.31815137224214,6309700
2024-03-28,162.1744842529297,162.73964875431056,160.9100335550179,161.98290480019088,5324000
2024-04-01,164.4925994873047,165.5271458848027,161.13033465786563,161.1878070216312,6679100
2024-04-02,163.84121704101562,164.18606585094767,162.15529764611068,163.2952149516242,7436300
2024-04-03,166.59043884277344,166.63833735441972,162.20320119761467,162.8450003272686,6943200
2024-04-04,162.6150665283203,168.5445416189855,162.2798062412023,167.63452853027817,9031200
2024-04-05,164.3105926513672,164.9907163893267,162.567200958837,163.0174060103702,5863300
2024-04-08,166.31263732910156,167.05023348685526,165.10567375724668,165.65167586716663,4812000
2024-04-09,168.18055725097656,168.5828783944004,166.073139904606,167.8931808295104,5028500
2024-04-10,163.66879272460938,166.39884690085822,162.91204891716455,165.16313262953918,6177400
2024-04-11,167.75909423828125,168.2380501269382,163.32395803201445,164.4447130574828,6262600
2024-04-12,164.0806884765625,166.09230889092166,163.76459047850304,165.02902632045854,8216700
2024-04-15,162.6917266845703,167.04065417669403,161.4847631521266,166.9352833004556,6570600
2024-04-16,161.48477172851562,162.43310966502716,160.40232672572128,162.3660488235988,6390100
2024-04-17,157.40406799316406,163.02700536756583,156.87721359992807,162.0978297876515,8082000
2024-04-18,154.64529418945312,157.19334326434847,153.1317916851899,155.5265713533453,9209400
2024-04-19,150.99563598632812,154.59737895580193,149.75992162589856,154.50158193280444,10292200
2024-04-22,153.4383087158203,154.83686640799704,150.54542553573364,151.3883780002835,7848700
2024-04-23,154.55906677246094,155.4307553567224,152.9593412867209,154.1854817744708,6616700
2024-04-24,156.74310302734375,158.94628834077767,155.18170221051477,156.97299249082656,6130500
2024-04-25,156.42698669433594,157.70101103506968,154.92305827899025,157.17415666610867,6230700
2024-04-26,158.68765258789062,159.51145721824182,155.67022202269357,156.0438069936335,7141300
2024-04-29,162.07867431640625,162.14573515864305,158.2470271003372,158.2470271003372,6623900
2024-04-30,158.86968994140625,162.11701060534915,158.83136528121432,162.10742213201357,6914200
2024-05-01,157.20289611816406,162.50014686706538,156.89635734563885,157.58605496724743,13113600
2024-05-02,172.51992797851562,174.04300429391193,167.9123597569262,168.08479148849307,25894800
2024-05-03,172.07928466796875,175.4798746690328,170.31673036663454,174.56986133210506,10043900
2024-05-06,174.19625854492188,174.72309831706903,172.80727480650216,174.25373091158713,6980100
2024-05-07,172.5677947998047,176.5527111620102,171.67694389402138,174.77099473387037,8011100
2024-05-08,172.9509735107422,173.1808629816182,169.1863726428373,169.29174352251337,6242600
2024-05-09,172.9413604736328,174.06212995125273,171.88766644311374,173.3820062578448,5513500
2024-05-10,174.41656494140625,175.82469631660587,173.6119226174558,174.33993025104346,4702500
2024-05-13,176.4569091796875,176.9550127072687,175.20203265661019,175.47024674579134,6384800
2024-05-14,181.01657104492188,181.32309518140644,176.7251308181322,176.74427852776904,7713400
2024-05-15,186.41921997070312,187.82735151615302,182.00324589356987,182.012819749808,11349100
2024-05-16,185.13560485839844,187.39627713451472,184.66622284693545,186.79278806500133,8173400
2024-05-17,185.70077514648438,187.21427748753436,183.794525474232,184.78117342178777,5799700
2024-05-20,189.43661499023438,191.57276863290872,185.14517461114204,185.83487221342492,8879700
2024-05-21,192.39657592773438,193.47900623836094,187.52079413597824,187.76027206737118,11498800
2024-05-22,194.38902282714844,196.21863776271348,193.2107954768923,194.38902282714844,11170100
2024-05-23,193.2682647705078,199.19774069907334,191.02675483738705,197.21487102487356,14475100
2024-05-24,201.5063018798828,202.40674119903213,194.99249952318036,195.30861213202462,13809900
2024-05-28,204.11183166503906,208.2787388896188,202.40674996764034,208.0871594683576,12485400
2024-05-29,199.4946746826172,201.79367140928264,198.00033484939914,199.8682596409217,12552500
2024-05-30,196.98428344726562,201.37987230934613,196.04168699563434,200.06215989497065,12245300
2024-05-31,196.26292419433594,201.07211118916663,191.1267160062105,200.0621789849574,15064900
2024-06-03,198.05194091796875,202.92844886386135,194.68551004581755,201.56264152833688,12419500
2024-06-04,196.57069396972656,198.35971202274982,193.96412297738848,198.05193170338222,6629100
2024-06-05,203.81332397460938,204.39043224211744,197.53252739559295,199.03299127934648,11626300
2024-06-06,201.4472198486328,204.14036740291678,200.82201675619768,203.81333154506254,7597200
2024-06-07,198.73486328125,201.79351422038917,197.07088848445153,201.7261785494179,5714400
2024-06-10,201.3606719970703,202.5437279274739,196.75346248497573,197.45559970000676,6465100
2024-06-11,200.5623321533203,201.45683386115874,196.96505511224038,199.24460497870797,8197500
2024-06-12,207.17018127441406,207.39139979292295,202.83229937564698,204.3904714497564,9502800
2024-06-13,209.497802734375,210.02681624216618,204.8809802572936,208.10314143308844,10102800
2024-06-14,207.11244201660156,209.7286408292034,205.49654760812464,209.33428398634302,6438200
2024-06-17,213.739501953125,214.17232583517594,205.2560892884427,208.8052715389129,12109100
2024-06-18,218.4236602783203,221.82857302774798,217.375260993229,218.16397473711578,22037500
2024-06-20,207.2471160888672,217.27907362651806,204.7174789042262,215.64395290025885,18701200
2024-06-21,204.4193115234375,207.24711596705205,201.41838338399742,203.67869257952066,22286500
2024-06-24,193.1754150390625,199.12919074367733,192.59832141944952,199.01377495504946,16087700
2024-06-25,194.4546661376953,195.3972626838739,191.56915392670152,195.3876495933679,11974900
2024-06-26,189.79937744140625,193.47358870741743,188.23157777022834,192.66564880722322,10023800
2024-06-27,187.7025604248047,190.9920572075382,186.44255579457794,189.35692190652227,11936600
2024-06-28,191.57876586914062,196.15712127609098,188.14501399040182,188.52012998852413,15547500
2024-07-01,192.3963165283203,193.01189182152717,188.5970620775996,191.8576899813234,6800600
2024-07-02,192.52137756347656,192.8291578998014,189.5685296998929,190.6842646065777,5632900
2024-07-03,196.03208923339844,197.0420214958153,192.79070170853626,194.94520821345245,4996200
2024-07-05,197.89804077148438,198.85987815068964,196.19558450087843,197.99423037999438,6375200
2024-07-08,199.95640563964844,202.40909430238656,198.2828030362148,199.331217109126,6920400
2024-07-09,199.21575927734375,200.59119440274952,196.84964747214653,198.60018392319355,5272600
2024-07-10,200.83164978027344,201.25486057971514,198.67712874514922,200.773941885163,5159400
2024-07-11,192.22320556640625,202.11089262282624,192.1462568151085,202.00508992435104,8602200
2024-07-12,194.70474243164062,198.21545783036558,192.60794389487108,193.96413818322625,7217200
2024-07-15,200.2353057861328,201.2548657731313,195.05100271213774,195.25299502671058,7463700
2024-07-16,201.63958740234375,203.03424866560192,198.7348344104278,201.98584944559514,5998500
2024-07-17,184.28805541992188,192.36748387195425,183.2877362849621,192.1077836593143,16156200
2024-07-18,184.1533966064453,186.50026755389422,179.8155005031129,186.3848517613977,9960600
2024-07-19,179.10377502441406,185.721207328602,178.67093638964502,184.37464064136276,9195700
2024-07-22,187.52944946289062,188.03922213907293,181.8353734999586,183.71095359878737,7590000
2024-07-23,185.9712677001953,188.75097720720183,184.81705107566708,186.78882068668307,5796700
2024-07-24,174.15992736816406,182.37401335853096,173.79442441288074,182.11431311785725,13295300
2024-07-25,168.6966552734375,173.3615723757015,166.6575647511152,172.76522322793906,12700100
2024-07-26,173.17881774902344,174.38111443615014,170.79346523117658,172.17849868650902,6567800
2024-07-29,171.82264709472656,175.66999702042708,171.06280194204982,174.57350287866146,6051600
2024-07-30,160.56912231445312,172.55360693604462,160.40561173350537,172.49589904588336,15338900
2024-07-31,174.04449462890625,174.16953820177164,166.79224625575102,168.87943189282936,19222200
2024-08-01,157.74136352539062,170.21639814416923,155.1732589413679,165.2052178818409,24795000
2024-08-02,153.23031616210938,157.99140842878683,151.51824673834636,154.39414589135126,16618900
2024-08-05,151.92222595214844,156.60638442649687,145.61257447637922,147.42083362241374,12733900
2024-08-06,152.66281127929688,157.3854357543746,150.52753138521,152.3742571656283,9301000
2024-08-07,150.1620635986328,158.04914272400381,149.56572905386122,157.33737770092378,9266900
2024-08-08,158.65509033203125,159.27066573582454,151.8452791720505,154.60576273603206,9590900
2024-08-09,158.20301818847656,159.5592125026594,155.79842458594297,157.80867599178177,4824600
2024-08-12,156.67369079589844,157.1546094876013,151.41243913455125,154.43260793138626,8548000
2024-08-13,163.00257873535156,163.08914057548398,157.04880312279744,158.02988134038523,11102100
2024-08-14,160.77113342285156,164.72428616364104,158.43387532557324,164.12795160577923,7208200
2024-08-15,166.72488403320312,167.9752755332966,164.0990721565382,165.19556615707205,10752100
2024-08-16,165.6091766357422,166.76339339734645,164.11834022554228,165.7149793496734,5435700
2024-08-19,167.6097869873047,167.66750956193525,162.30045488631285,165.02245660230713,6708100
2024-08-20,165.54183959960938,168.7351322149037,164.61846921509965,167.22505509128308,6222400
2024-08-21,167.57130432128906,168.19649272831234,165.5129729789774,166.38824848998854,6309500
2024-08-22,162.55052185058594,167.92718943559768,161.9541873544697,167.64826304510032,6743500
2024-08-23,166.87879943847656,167.95605269803394,164.11833062262332,165.20519697325713,6823600
2024-08-26,163.02183532714844,165.80154498155534,162.09846491385687,165.40718810314567,7437600
2024-08-27,167.29238891601562,167.78293543274518,161.8483998336183,162.71404771088444,6498800
2024-08-28,165.29177856445312,169.0140849551224,163.15649816205243,167.72522624058516,6534600
2024-08-29,163.02183532714844,169.62965393824422,162.48319402478472,166.80184947585263,12514200
2024-08-30,168.610107421875,168.764004935774,164.28183890966957,165.71496731298933,11110800
2024-09-03,157.0103302001953,165.58991737712597,155.81764663378917,165.33021718999058,11620300
2024-09-04,159.02059936523438,161.81955007822432,156.4236409896304,156.77951617650356,6737000
2024-09-05,158.26646423339844,160.29676690333105,156.47787831209507,157.66704800329148,5600000
2024-09-06,152.93936157226562,157.77340162574228,151.9145474412997,157.33834097139328,10703000
2024-09-09,155.43373107910156,156.98061507536488,153.30675636403964,155.7431019774263,7494900
2024-09-10,156.31350708007812,156.68089883311396,152.4462751611966,154.689276755261,7918100
2024-09-11,161.03155517578125,161.3602663900411,153.96419030759066,156.97096409615514,8275400
2024-09-12,159.5039825439453,160.789838977075,157.49302009792956,160.37411861080037,6039200
2024-09-13,162.16270446777344,162.71379211826084,159.9487206011336,160.3064348464762,4049900
2024-09-16,161.0798797607422,161.78564546260333,158.35347414856102,159.45563466677234,6510000
2024-09-17,163.1005096435547,163.87395900821667,160.56747735779828,163.27454275795546,5828000
2024-09-18,162.7137908935547,166.69703517058747,162.1337001871257,163.89329784492605,5877600
2024-09-19,168.1472625732422,170.93167461522071,166.76473407471477,168.63066662206785,10900000
2024-09-20,163.313232421875,167.3254951324762,158.84658344875254,166.95810331137199,27546400
2024-09-23,160.45147705078125,164.33803494953838,159.8617235259966,162.8298166900421,9810000
2024-09-24,161.40859985351562,163.73861077806518,160.47079487147403,161.86300081398196,9666800
2024-09-25,162.68479919433594,162.99417010766828,160.25810148037294,160.7608458108986,5095500
2024-09-26,166.92909240722656,169.91652593720124,161.24425597945256,169.10441066246813,8475000
2024-09-27,164.48304748535156,167.69284232974252,164.19300213890006,167.25778168622483,5880700
2024-09-30,164.4057159423828,166.51335046269435,162.18205442160757,165.68189492891997,8099700
2024-10-01,160.2774200439453,164.63771856783637,158.63384948686274,164.16399211596865,8277600
2024-10-02,162.73313903808594,164.11566747680632,159.66834451906936,160.63515257489738,4484600
2024-10-03,163.313232421875,163.90298598886352,160.16144313487504,160.4418110099186,6260200
2024-10-04,163.2938690185547,167.06442915583153,160.95419537554028,166.82272715032607,6586500
2024-10-07,161.39892578125,163.11984279735753,160.23875916117913,162.07568841359807,4359300
2024-10-08,160.81884765625,162.15304748731825,158.22780916078892,159.38797587147775,7843500
2024-10-09,164.570068359375,164.64741477408026,159.20428070179958,160.44179383244327,5486500
2024-10-10,162.92648315429688,163.14884485663737,159.84236337115445,161.67929261231646,5048000
2024-10-11,164.33802795410156,164.77308862546445,161.33125433316056,162.42375214871277,3801400
2024-10-14,172.1304931640625,172.9329455898886,165.2274845004073,165.6528823890206,9933600
2024-10-15,168.3115997314453,173.86108291453763,167.0160805631474,171.3377134661536,12910400
2024-10-16,165.7882537841797,168.87237407520368,164.57008085281402,168.82403071830285,6495700
2024-10-17,165.4208526611328,169.79081414557714,165.34350625180824,169.79081414557714,6093200
2024-10-18,165.246826171875,166.8517310369343,163.79661413166187,166.3973300841486,6432700
2024-10-21,163.4002227783203,164.52172365384794,160.55781951094653,164.00931656891757,7297700
2024-10-22,167.4318084716797,167.72185383273288,162.64611164742183,163.40022073476817,7313000
2024-10-23,161.07022094726562,166.9097348576849,158.84655956578985,163.7192654627257,9788200
2024-10-24,162.52044677734375,163.33256203712102,160.0357428904452,161.07989740401058,4933400
2024-10-25,164.618408203125,167.43180837240908,164.17367001613118,164.6280709726371,5496600
2024-10-28,166.50367736816406,167.40280174016192,163.7482686270566,163.7966119782254,5024600
2024-10-29,170.15821838378906,170.7093060585321,165.57554287329947,166.48434480912957,6427700
2024-10-30,162.0563507080078,166.03960966194765,161.96934152938658,164.28001203746058,8819700
2024-10-31,157.3673553466797,162.21105851770403,156.70025541096246,162.05636568431325,10261200
2024-11-01,159.7843780517578,160.5674902486328,157.3673578133433,157.66706596253536,6498100
2024-11-04,159.69732666015625,161.94032813695702,158.20844894024546,159.581314429397,4949800
2024-11-05,160.40310668945312,162.02733692550117,158.79820199027358,159.52330793543464,5373200
2024-11-06,167.2481231689453,172.52688664881802,163.0715054794324,163.63225589620885,17661900
2024-11-07,167.1707763671875,176.05574432976056,165.9332632959238,174.28648390311338,23586300
2024-11-08,165.23716735839844,167.73153389756123,163.1488584299384,166.3779937762319,10736600
2024-11-11,162.7041015625,165.12112140998826,160.577127047174,164.35734962920208,7829500
2024-11-12,157.98611450195312,161.77600046785156,156.48755900274554,161.50529538116746,8483300
2024-11-13,155.09535217285156,157.53171269258434,154.4475925222231,157.386682627556,7921700
2024-11-14,158.5275115966797,159.43631349227985,156.49720886172955,157.54136328950509,7012600
2024-11-15,155.17266845703125,158.87554449640865,154.30254724511522,157.5896882149289,9737000
2024-11-18,159.0399169921875,159.6586735259549,156.62289697710867,157.20298768165534,7814200
2024-11-19,159.24295043945312,160.71248796180384,157.25131358916144,158.5855133353959,6176800
2024-11-20,149.1494903564453,158.74988774944904,147.87329657786546,158.55652907908507,14483000
2024-11-21,150.29998779296875,151.7308595939213,148.4920466856503,150.00994242393668,10685800
2024-11-22,151.58583068847656,151.6728546264736,148.62740035690788,149.65221454995373,5709300
2024-11-25,153.5484619140625,154.35089961525557,152.0015631297903,153.66447415957086,9189800
2024-11-26,151.72116088867188,156.11047713813565,150.90904577062494,154.4475663236672,9489900
2024-11-27,151.20877075195312,152.41728079553434,149.33317555626377,151.72117783024598,6337900
2024-11-29,153.26805114746094,156.15881200273262,152.5139421856192,152.86199361049364,6112000
2024-12-02,157.6186981201172,157.94740928091696,153.1230470760258,153.1230470760258,9812700
2024-12-03,157.1836700439453,158.42118328982855,155.96549709161943,156.13951547667102,6961400
2024-12-04,157.9184112548828,159.52331603555464,156.85493133270384,159.02057175739935,6721600
2024-12-05,155.8775177001953,159.82328952955345,155.43045301439253,158.01561898172775,7279800
2024-12-06,155.02224731445312,155.87749362678022,152.8161234952748,155.87749362678022,9918400
2024-12-09,156.21766662597656,158.34603962534044,153.03966227209125,153.04937558852544,9481200
2024-12-10,152.05807495117188,156.9465569821447,151.64987841190077,156.246812671237,8683600
2024-12-11,155.33326721191406,155.94554723247094,152.5537312427938,152.86472049659872,7081800
2024-12-12,153.78799438476562,154.97367142196092,152.5051248706239,154.2058894107576,5796100
2024-12-13,154.06983947753906,155.18747889213444,152.21357277793234,153.78800500212063,8886700
2024-12-16,153.44784545898438,154.24478229886256,149.6867306640967,153.7102533001017,9951100
2024-12-17,153.4770050048828,155.47904565379483,152.08724439443097,152.08724439443097,7187400
2024-12-18,148.7440185546875,156.62584839598918,148.0345608880634,153.79771621643852,10295200
2024-12-19,146.16854858398438,151.09591322471226,145.83811791077872,149.69642469173655,8414800
2024-12-20,148.58851623535156,150.22125799254934,145.22585506830148,145.37164379151938,17347100
2024-12-23,153.78799438476562,154.22533087204488,150.20180849599384,151.28057974034397,8863200
2024-12-24,154.87649536132812,154.91536345853262,153.10769293394762,154.17675097571512,2839600
2024-12-26,154.06983947753906,155.07085977533936,152.92304528374493,152.97162669608224,3846900
2024-12-27,152.81613159179688,153.31177764207078,151.14452179976817,152.76753535247823,7232500
2024-12-30,150.23097229003906,151.73736679618355,149.472918378726,150.86267893963637,5356000
2024-12-31,149.2979736328125,151.4555162330483,148.8995200475095,150.36703161652957,4423300
2025-01-02,149.31741333007812,153.0785280319401,148.49132173156252,150.64886430629477,5009100
2025-01-03,153.3895263671875,153.98236488724072,150.14349931026845,151.0473270642321,5885800
2025-01-06,155.3527069091797,161.0089564370586,154.8473326943121,154.8473326943121,9599800
2025-01-07,156.0038604736328,158.85141938476698,154.7695870868366,157.44221731910534,7666000
2025-01-08,154.60435485839844,155.6831260821886,152.52456342499542,155.54706551475064,7731900
2025-01-10,152.5634307861328,153.82685880885265,151.17367034178366,153.26317508088565,6236800
2025-01-13,152.70921325683594,152.94245145922804,150.44476512184917,150.8529468055243,5714700
2025-01-14,155.0417022705078,156.48005906049428,152.15526054464567,155.63454081961228,6476500
2025-01-15,159.78440856933594,160.79514215269091,157.52967351721176,157.5394016629735,9284000
2025-01-16,156.88824462890625,161.17417515449927,156.74247073190963,160.69797053798297,7188900
2025-01-17,159.93019104003906,160.95065282389672,158.5112756548202,160.72712790174413,8097500
2025-01-21,162.56393432617188,163.93425330951254,160.69795448357925,161.32966108010913,7380500
2025-01-22,165.45037841796875,167.24832059050985,163.45805129316176,163.58439854623663,7281700
2025-01-23,169.45448303222656,169.473924496074,164.61459659864778,165.58646217813302,7172300
2025-01-24,167.26776123046875,170.27082187666238,167.10254588544566,170.1736442304963,5825800
2025-01-27,166.36392211914062,167.3552290393733,162.57365276161863,167.25805139118737,15632600
2025-01-28,166.72352600097656,168.6089474042287,165.03247472775766,165.43094313349454,8720200
2025-01-29,166.87904357910156,168.60896310764724,165.4309585409292,166.72354152879612,5118900
2025-01-30,167.0928192138672,168.65752317699128,166.15983668909783,167.49128760628466,6010600
2025-01-31,168.06468200683594,171.81608316684873,167.4426887236494,167.65650030500942,7800500
2025-02-03,165.45037841796875,167.72453999637762,163.3317040400869,164.12864082180562,7447100
2025-02-04,168.1715850830078,168.900484145109,163.7593226187307,163.7593226187307,5457900
2025-02-05,170.91224670410156,172.02017264661205,165.11992250130834,168.13271111787506,15197800
2025-02-06,164.55624389648438,164.72145922214494,160.746518773708,163.1178725386959,16293500
2025-02-07,163.2345428466797,166.48057019564231,161.38798942045887,165.05192666352866,7841700
2025-02-10,166.53887939453125,166.96650260450824,164.24527612878396,164.95473382015962,6237700
2025-02-11,167.15115356445312,167.84116976857453,164.35217616426635,164.876977012056,6588100
2025-02-12,165.4989471435547,166.1209403864657,163.5066350009181,164.77977626144772,5505700
2025-02-13,167.306640625,167.51073890586864,164.70204819176308,165.401792541183,6362200
2025-02-14,167.38438415527344,167.95779604753716,166.22786188424485,167.74398445980967,4691300
2025-02-18,168.7547149658203,168.8324659808159,166.422243833912,168.38540135196374,7292600
2025-02-19,170.29025268554688,171.5342391827796,168.47286917448585,169.0948624231022,6849600
2025-02-20,168.81301879882812,171.42733912518554,168.03552350471045,171.04831220835794,6316400
2025-02-21,160.7756805419922,170.4943342118312,160.56188380438527,170.05699776258618,12531900
2025-02-24,156.56753540039062,161.90306741654706,156.46062960397362,161.24220600559852,9827800
2025-02-25,156.6841583251953,158.7347951394576,154.95423890798722,157.11178152126757,8244900
2025-02-26,157.53939819335938,159.52199722182965,156.40230254657874,157.27699036491074,9161900
2025-02-27,150.09490966796875,158.657042320316,149.76447895820172,157.77264115933022,10807200
2025-02-28,152.7480926513672,152.88415322266127,149.08415571292613,150.73633885941274,10149500
2025-03-03,149.2979736328125,155.57623129906878,148.2289304785861,154.5169014612432,9601900
2025-03-04,150.11434936523438,152.77725130374228,147.09184711315794,150.90155803550834,8956800
2025-03-05,154.0309600830078,154.67238000782106,148.72456821571177,150.67801242619143,6786900
2025-03-06,152.4675750732422,154.26546098918146,150.5622218375911,150.58176812728894,7808100
2025-03-07,157.5290069580078,158.11527643412677,151.66637183462666,151.66637183462666,8727600
2025-03-10,151.43185424804688,155.61386592178403,149.1161182495412,153.74760515600403,10139900
2025-03-11,149.5948944091797,152.6532252298266,147.40617218927792,151.30482945019503,8692900
2025-03-12,149.30177307128906,152.29171451086555,148.44191517409521,150.67949586307876,7117400
2025-03-13,148.46144104003906,152.0669634244664,146.97623621543343,149.10633437421055,5861700
2025-03-14,152.99520874023438,153.3567330698103,150.02479913196106,150.04434542015284,5309400
2025-03-17,154.3338623046875,155.08623796569464,151.88133204771967,152.03767255821887,5781000
2025-03-18,152.7118682861328,156.07311482975663,152.35034388898853,154.33386759186212,6898400
2025-03-19,154.6367645263672,156.83525266146754,151.51002882722594,152.84865905401801,5871000
2025-03-20,154.3338623046875,155.47707433249093,152.9366081294117,154.38272057789996,5089300
2025-03-21,153.229736328125,153.8159908533315,150.04436192764388,151.43185035291896,10949300
2025-03-24,156.41510009765625,157.31403565512278,155.16440585166356,156.33692984360027,6033400
2025-03-25,156.4834747314453,157.77326143539125,155.77019173214492,156.21966692246096,3978200
2025-03-26,154.7637939453125,157.12838829729128,153.25905750658126,155.79952375384144,5960300
2025-03-27,154.35340881347656,155.60410308033,152.1842326829601,154.58791957955597,6102000
2025-03-28,149.22360229492188,154.03096114894285,148.09015596338926,153.32744376450546,8918000
2025-03-31,150.09323120117188,150.32774197411564,144.4944188185275,147.3573318213033,8613600
2025-04-01,149.54605102539062,149.8098737754814,146.81991739650684,148.9011575960362,5708900
2025-04-02,150.55245971679688,151.90087045835708,146.92739072860348,147.33777336528465,5377200
2025-04-03,136.2281036376953,144.02540459363306,135.38779196208128,143.63456819497893,16465000
2025-04-04,124.54190826416016,132.74959873151604,123.77976690910674,131.26439369447144,19018600
2025-04-07,126.75016021728516,134.05890711805893,118.03437863840506,121.73760290389404,17938300
2025-04-08,121.8060073852539,132.19263145562144,118.9528529059582,128.1278828330332,14965900
2025-04-09,140.30262756347656,141.54355618655288,121.3467797480956,122.29457362980988,21242600
2025-04-10,131.32301330566406,135.87632990324497,126.33000208081233,133.87326003517643,14898800
2025-04-11,136.06198120117188,137.4299233428251,128.10834067024263,130.93217580579557,10955300
2025-04-14,136.00335693359375,139.8336098310641,133.69738667895382,139.48185115122237,6930300
2025-04-15,135.42684936523438,137.6155564842206,134.86989198691796,136.26716082254487,6346800
2025-04-16,132.63235473632812,134.16640318283254,128.77277466372985,130.61950414181229,10417200
2025-04-17,133.53128051757812,134.9871585991177,132.6030330012074,134.23479787743727,7135900
2025-04-21,133.023193359375,133.4238103467949,130.30684021691016,131.6454704959763,8128300
2025-04-22,135.56365966796875,135.915418340952,133.36517168918633,133.61921382155444,8228000
2025-04-23,137.24429321289062,140.58599340547605,136.5798534870021,139.31575282819514,9073500
2025-04-24,143.83975219726562,144.43578733503784,138.73925869946436,139.51116572570146,8810600
2025-04-25,145.15884399414062,145.7841911473787,142.7356256390246,142.7356256390246,5145600
2025-04-28,144.2403564453125,145.8819019766005,142.110272913246,144.78753331925796,5743500
2025-04-29,143.5172882080078,144.8656839188675,142.1884238761022,143.3023237639165,6692000
2025-04-30,145.06112670898438,145.4421973564299,140.58598056930722,141.8757524108726,10851900
2025-05-01,132.11448669433594,135.7786335806843,131.7822593787903,135.61251246818557,22836600
2025-05-02,136.60916137695312,138.17253664207087,134.14685055270073,134.69404233210798,13185600
2025-05-05,136.2476348876953,137.54718738844667,135.12395427408487,135.13373487411576,7165300
2025-05-06,136.6970977783203,137.5765019589297,134.31297210975978,134.66473080011323,6957900
2025-05-07,140.99635314941406,141.3871894591409,137.03907214826933,137.16610065818284,10196400
2025-05-08,141.77806091308594,144.12310892503464,140.5957563068303,142.3056914974663,8489100
2025-05-09,141.85623168945312,143.61502534445842,141.2895233706573,142.3252532704234,6217100
2025-05-12,148.6373291015625,150.8260514547301,146.3997633860951,150.55246302426556,11414600
2025-05-13,147.8751983642578,149.7805518234135,147.50390827314817,148.52985750614965,10160900
2025-05-14,149.47763061523438,149.7609996266331,146.9860080182692,148.4516666153722,6971200
2025-05-15,149.11611938476562,149.8782607295558,146.74174449564885,148.2367301129159,6941200
2025-05-16,149.00863647460938,149.55581334434817,147.83611248096176,149.37016085437574,6668000
2025-05-19,150.18115234375,150.2984151733871,146.67334624329956,147.10327516325071,7241100
2025-05-20,150.29843139648438,150.36682105415815,148.4516869975078,149.53627510465395,5269500
2025-05-21,147.84588623046875,152.55554366212996,147.3768795893354,150.06392072140827,9684500
2025-05-22,143.99607849121094,148.1097005126847,143.84951858344823,147.92404802321764,9539100
2025-05-23,142.05165100097656,143.1362390737286,138.52429834179668,140.13651700505832,8994600
2025-05-27,145.22723388671875,145.9307512267082,143.07758928705616,144.17195787673455,9788800
2025-05-28,144.2208251953125,146.0675546012894,143.98631443078546,145.41289549011788,7032300
2025-05-29,144.94386291503906,147.0544149065844,143.86905553913297,146.42906782495436,5980700
2025-05-30,141.87574768066406,144.6311929699026,140.1951246481037,144.61164668084024,13755600
2025-06-02,143.2730255126953,143.83974865510072,141.17223913679493,141.48492014341213,6419500
2025-06-03,145.53013610839844,146.35090137884262,142.17865555657502,143.35119441086772,6164100
2025-06-04,145.63760375976562,146.61470943422304,144.0058390725557,146.5658511686103,7143800
2025-06-05,145.04782104492188,147.52492279873024,144.4973573216337,146.2667157172111,5605500
2025-06-06,146.69923400878906,148.0262416176794,146.51246630852003,147.2496977575743,5794700
2025-06-09,152.76417541503906,153.46207938924235,148.5963552769821,149.22545878848024,10589400
2025-06-10,156.42086791992188,156.7943883432643,152.42999050911754,153.530918070991,9068400
2025-06-11,156.764892578125,159.3796104080678,155.01519778942944,157.27604392059038,8859900
2025-06-12,155.9981689453125,156.89268002125718,155.2609375088989,156.2930645196803,5689400
2025-06-13,152.0859375,154.49422395169177,151.81070561975022,153.67835266416117,8446400
2025-06-16,154.19932556152344,155.75242828555042,152.99027018105764,154.35660520423784,8686300
2025-06-17,151.8303680419922,154.89724610971965,151.76155257300508,153.98307130167785,7146900
2025-06-18,151.01449584960938,153.4424459715724,150.54265691972125,152.36116717267748,6708700
2025-06-20,148.7438201904297,152.47911409503624,148.06556487647384,151.6042667333135,15501900
2025-06-23,150.5328369140625,150.90637232792528,147.1317357748696,148.65535049040113,6860700
2025-06-24,153.05908203125,153.63903382616118,151.525628049552,152.09575549165538,7692700
2025-06-25,153.27532958984375,153.86512076275488,151.95814630255646,153.4424485880782,5280100
2025-06-26,155.49685668945312,155.72293679649133,153.2556743266943,153.83562612253718,6278200
2025-06-27,155.8408966064453,158.357325959794,154.8874243697742,155.94902448881192,22100300
2025-06-30,156.54864501953125,157.13843621473808,155.1135094430148,155.69346128559317,7988200
2025-07-01,156.68624877929688,158.8979430907933,155.29042572481168,155.52634518434894,8942300
2025-07-02,159.55654907226562,160.01853363862676,156.0964720078796,156.96148002471716,8916400
2025-07-03,159.4484100341797,161.1686165936432,159.33044281363195,160.26426623182425,4280800
2025-07-07,155.3985595703125,158.74068454655765,154.88742322020286,158.36714913769765,7187400
2025-07-08,156.7353973388672,159.07488318468472,155.90970174587687,156.7550610431798,6879100
2025-07-09,156.63711547851562,158.73084260701958,155.55583668049965,156.68625224286993,4190100
2025-07-10,156.38153076171875,157.56109807578758,155.10365992188912,156.28324223497012,5674400
2025-07-11,154.779296875,156.46017623352947,154.47456193374,156.2930722329104,5907700
2025-07-14,151.6632537841797,153.8356358160357,150.86704618395154,153.75699599145588,7382600
2025-07-15,151.67308044433594,154.04205433989475,151.49613710408505,153.62919154564653,6467300
2025-07-16,151.44700622558594,151.86967838986357,148.96006500690663,151.67308633673414,7106700
2025-07-17,150.01185607910156,150.9161915247532,149.21564851276761,150.39521583322576,7018600
2025-07-18,152.16456604003906,152.78383022517735,150.12980014869646,150.43452006502048,7433900
2025-07-21,156.26358032226562,157.2072281847389,152.27270311440353,152.2825274674874,7662300
2025-07-22,155.30027770996094,156.33238980674273,153.5112554107145,156.25376497951302,6951600
2025-07-23,157.15809631347656,157.31536096277705,154.2583071691219,155.89004977259336,7296200
2025-07-24,156.1357879638672,156.38153178085855,154.1206856647356,155.65413968193198,5014800
2025-07-25,155.70326232910156,156.489645471978,154.73012650141413,156.194749918523,4808200
2025-07-28,158.30816650390625,159.20267757829646,156.450343887333,157.04012003603177,9627300
2025-07-29,159.3206329345703,160.8147595388145,158.3966337845642,159.28130552447817,9460900
2025-07-30,156.35203552246094,160.4903677831155,155.31008419290734,160.22496027496135,14382500
2025-07-31,144.26145935058594,154.13054042714128,143.10155561794252,150.50335892585215,24440100
2025-08-01,145.66709899902344,146.6304105066165,143.3079494919033,143.96655608276996,12706700
2025-08-04,144.99867248535156,148.22283007780257,144.56617597822773,145.98164772692837,8150200
2025-08-05,144.21231079101562,146.11927024645223,143.19000809425341,145.99149365861635,7794500
2025-08-06,143.3571014404297,144.2123000749259,141.65655852194433,144.15330896298607,8475700
2025-08-07,143.41607666015625,145.79488985953722,142.34463728459932,145.79488985953722,6753500
2025-08-08,145.04782104492188,145.4999962456295,143.2096621834392,143.8584294283195,5028700
2025-08-11,145.4508514404297,148.4882414153317,145.19528327068483,146.0406426001637,6215900
2025-08-12,151.11277770996094,151.27988169896034,146.04063692906297,146.2568776802886,9304100
2025-08-13,153.92410278320312,154.43525415272782,151.0145042160908,151.3487122273514,7103300
2025-08-14,155.3985595703125,155.9490233313614,152.262866003967,152.262866003967,6294800
2025-08-15,155.16265869140625,156.5486424793306,154.02240373198214,155.3494114011454,7583700
2025-08-18,156.19476318359375,157.03029815617356,154.56303564738604,155.09383568947536,4774400
2025-08-19,153.58987426757812,156.71572818914652,153.39328222831784,156.36187151788474,6396500
2025-08-20,152.79367065429688,153.97323791893967,150.8473839176857,153.72749411384694,7151700
2025-08-21,151.5059814453125,152.5577571727893,150.44436636587952,152.18423677375682,4997300
2025-08-22,155.31991577148438,157.16791406399608,151.92865411689536,152.19406163739723,7711500
2025-08-25,153.75698852539062,155.3592430005009,152.75434955944948,154.92673148581991,4653000
2025-08-26,156.46017456054688,157.23673343636972,154.73014345586046,154.97588727749837,9173000
2025-08-27,157.04995727539062,157.24654932231252,155.11349486523582,155.66395859622185,4549900
2025-08-28,158.0624237060547,158.47527151249554,156.32255330825876,157.18757633071317,8156300
2025-08-29,157.9936065673828,158.84880522790286,156.68624769464472,156.81403927588596,9949100
2025-09-02,156.07681274414062,156.23409238768147,151.96798329996977,155.13316488092033,7520300
2025-09-03,154.6023406982422,156.85336234124657,153.40310973537774,156.6862433554768,6336400
2025-09-04,157.8843994140625,158.0326787658043,152.70429118392013,154.41451173960985,7781200
2025-09-05,158.01290893554688,161.62119583169348,157.33079372385262,158.25017099137924,7954200
2025-09-08,158.40834045410156,158.45775684860786,156.2038201880702,158.45775684860786,7019700
2025-09-09,156.8463897705078,159.75278557416033,155.76885298420274,158.536834621616,6126000
2025-09-10,157.13307189941406,157.39010954635285,154.8198235831787,156.80684225209333,8256900
2025-09-11,159.663818359375,160.21742982488556,156.15440949656576,157.37034548259723,8360200
2025-09-12,159.98016357421875,160.47444819933182,157.75588276120996,159.48587894910568,5430600
2025-09-15,159.37713623046875,160.82043889310032,158.37868671496693,159.55507145557277,5604800
2025-09-16,162.2637481689453,163.11391828580975,159.65392607974712,159.9702754647985,7997500
2025-09-17,163.37095642089844,164.46826894279505,161.36416195683793,162.79758441911395,6057800
2025-09-18,166.20814514160156,166.92979643709836,164.3298546028594,164.97243363625896,10421200
2025-09-19,164.94277954101562,167.64156927408897,164.38916810979754,167.23625227572842,19444400
2025-09-22,167.77996826171875,168.27425286888047,164.02340223041597,164.94277944360869,6196600
2025-09-23,167.59214782714844,168.89706650942477,166.37621184366006,167.87884136387734,5468400
2025-09-24,171.56619262695312,172.44601863696337,166.74196996476516,167.1176310986019,9213700
2025-09-25,167.74041748046875,170.00424943438102,166.02031669708595,169.2529422599217,8093700
2025-09-26,167.2659149169922,168.9761355043946,166.2081536580912,167.74042393573424,4846000
2025-09-29,163.41049194335938,167.8985894788096,162.8766561275689,167.2659057935398,7523100
2025-09-30,164.4583740234375,164.93288301958833,162.99529581942383,163.74660298702673,5593300
2025-10-01,164.58689880371094,164.8636969851801,162.60976031643438,163.9047836121014,6153000
2025-10-02,166.919921875,167.6020219783699,165.2689979732459,165.83248967941995,5499500
2025-10-03,167.2461395263672,169.78676975534347,166.81118172450212,166.91992494606083,5137900
2025-10-06,166.69253540039062,168.92671146948527,165.80282914493975,168.5905864738898,8265800
2025-10-07,163.56866455078125,170.01412479844296,163.25231516999435,167.95789907643422,7147500
2025-10-08,165.85227966308594,166.62336252883304,162.0166258600778,164.3397698045535,7302200
2025-10-09,163.76638793945312,165.69409498790844,161.36415678340123,165.45683293411014,6928400
2025-10-10,151.8343505859375,163.20289719295062,151.59710361509227,162.93599435074972,15818600
2025-10-13,159.9307403564453,160.5337682336089,153.99932454868681,154.16737951978217,10311000
2025-10-14,159.89120483398438,162.3922839690867,157.43954209663966,157.4790933160903,8675200
2025-10-15,161.10714721679688,162.36263450744391,158.47754914120802,162.36263450744391,7334100
2025-10-16,162.20443725585938,163.3017496787415,160.35581766620993,162.6097542508809,5686700
2025-10-17,161.58164978027344,161.9177597235059,159.82199762526767,160.99839751095175,4833100
2025-10-20,165.13059997558594,165.73362781814745,160.2075293612587,161.47289678755672,8194100
2025-10-21,166.90016174316406,167.30547878858954,164.30021957905768,164.89336721062526,6176100
2025-10-22,167.3351287841797,167.83929369424402,164.1222785755083,165.57547664587236,10083800
2025-10-23,168.08642578125,169.29248145441935,165.96100796024155,166.40586109901432,6546400
2025-10-24,167.00889587402344,170.4491127303254,166.5442671076287,169.72746138258532,6256000
2025-10-27,185.53468322753906,203.59584897530524,166.8902802840509,167.0187840386185,81799300
2025-10-28,178.960693359375,183.78491621367652,177.35921597239158,181.82753820250798,20323100
2025-10-29,176.62767028808594,181.3925814269066,176.1630415227862,179.91960777900198,11614600
2025-10-30,175.23377990722656,177.8238416008188,175.16458790356617,176.6375464327639,7862900
2025-10-31,178.83216857910156,180.06788012286088,174.8086996364933,176.47938405715502,9452800
2025-11-03,178.6542510986328,181.35304115458422,177.04287825855437,180.85875648799532,8535100
2025-11-04,170.8643035888672,177.29000364012416,170.3205874907331,175.45126425285122,12323600
2025-11-05,177.66567993164062,181.3332636726266,172.32741162132922,172.76236945256633,18845500
2025-11-06,171.22019958496094,176.4695001496126,168.11609258920316,175.7676243945084,16184700
2025-11-07,168.9365997314453,172.25819303845984,166.32677749624602,170.75556354414215,10614700
2025-11-10,169.6088409423828,172.80191553706703,167.56249526414592,171.77379502448213,10129300
2025-11-11,171.99127197265625,173.96841045059946,169.04533986414432,169.04533986414432,8419100
2025-11-12,174.65052795410156,175.39195489315838,172.8809956300086,172.9996191132594,8785800
2025-11-13,172.50534057617188,176.7858473988741,171.05214251757715,174.61099798441532,9526100
2025-11-14,171.99127197265625,173.68173200842025,169.44076152598515,169.81642266379262,7949900
2025-11-17,164.8439178466797,172.84143923620402,163.2819766650546,170.82476465949003,10211100
2025-11-18,163.17324829101562,164.88346897784146,159.5452007246372,163.00519331803233,11073200
2025-11-19,164.21124267578125,165.59523362536578,162.23410412816332,162.80747611709694,8176500
2025-11-20,157.76577758789062,166.94959521756599,157.03424592918665,165.21959886996123,12075400
2025-11-21,161.43336486816406,163.38084753754097,157.28137694948742,158.9125102118486,10815000
2025-11-24,163.17324829101562,165.03176342532362,161.84856903265043,162.49113305196127,12070100
2025-11-25,161.43336486816406,163.0842737395562,160.0197029676637,162.11548007821798,7758100
2025-11-26,163.2523193359375,164.34963176644462,161.28506117043545,162.24397451440873,7967700
2025-11-28,166.16860961914062,166.26747258265223,162.25388364775526,163.1435899818782,5068800
2025-12-01,166.11917114257812,167.09786013639985,163.60821186943875,164.01352888465104,6818300
2025-12-02,168.748779296875,169.21340808234442,165.72375960211377,166.82107214672035,9159100
2025-12-03,173.06883239746094,173.08859292246373,168.40278415386396,168.946485194475,7624300
2025-12-04,173.2377471923828,173.81403376343962,172.12488187793554,173.2178705363803,7245000
2025-12-05,173.69479370117188,176.11923009845722,173.38677377817086,173.62524815151616,8400100
2025-12-08,174.1916046142578,174.38039493203829,172.61175168353495,173.62524882236175,6690200
2025-12-09,174.87721252441406,175.22498577298987,171.22069626730675,173.3867817358537,7719100
2025-12-10,181.047607421875,182.26975645543368,174.1320017100294,174.68842679322861,11100100
2025-12-11,180.1136016845703,180.48123643710323,176.95388044563842,180.2129546428905,6319200
2025-12-12,177.152587890625,181.94184585961688,176.7352691103243,180.093711168888,8865800
2025-12-15,178.1164093017578,179.15971388206592,175.2647232555021,178.5734814128785,6954700
2025-12-16,174.99644470214844,178.04686703829697,173.69480422021527,178.04686703829697,7136000
2025-12-17,171.2405548095703,176.34776361720296,170.95241153311883,174.99643911907916,8501900
2025-12-18,173.07876586914062,175.95032864950844,172.42297266800423,174.58907334893905,8967500
2025-12-19,174.13198852539062,176.0596146758396,173.08868399266413,173.32715836517013,25223500
2025-12-22,173.1085662841797,177.18241643549993,172.79060044381805,176.42725514536394,6422100
2025-12-23,173.6351776123047,174.1518645033371,172.40308276797978,172.50245087983245,4690400
2025-12-24,173.65505981445312,174.37046779059963,173.30728657330428,173.9233264344238,1645300
2025-12-26,173.69479370117188,174.38039425827498,173.23773677073336,173.8835840182229,2442800
2025-12-29,172.32359313964844,174.07237489356547,171.68767663680006,172.8998948393306,3978400
2025-12-30,172.5421905517578,173.2874059128995,172.23417062831717,172.9495785879288,3429300
2025-12-31,169.9587860107422,172.67136567393374,169.91903270116217,172.50245201183196,4682600
2026-01-02,171.87646484375,173.56561661231206,171.10144208921628,172.69124090753655,6532200
2026-01-05,175.1852264404297,177.7090309793917,172.89989627756148,174.34065811947426,8972200
2026-01-06,181.2860565185547,183.27329751116466,175.49324720572318,176.07949482124175,11033900
2026-01-07,179.0404815673828,182.8957339858872,175.98012858670194,181.22644365031323,9853000
2026-01-08,180.7097625732422,183.134199114193,175.07593593658004,177.65935540251527,8353500
2026-01-09,176.64585876464844,178.2952725033098,173.68487379434467,176.98368611022113,9662200
2026-01-12,168.19015502929688,174.75798748240712,168.16034762566198,174.75798748240712,13657600
2026-01-13,164.23553466796875,167.27602629823775,163.91758397470218,165.91475582973652,9993300
2026-01-14,163.4903106689453,163.68904689842998,161.31429450596625,162.64574233941798,7959900
2026-01-15,160.36041259765625,165.43781398156636,160.00270860961666,165.38812992405752,9241600
2026-01-16,158.40298461914062,160.66843823673435,158.19433279621413,160.36041829525965,11990800
2026-01-20,153.0871124267578,156.7138210619579,152.2723363673962,153.96148812678467,11971400
2026-01-21,155.3724365234375,156.52503997030064,153.63360060602096,155.33269837350423,9181900
2026-01-22,156.79331970214844,158.41291082564712,155.80962993792429,157.45904362528955,7450300
2026-01-23,154.82595825195312,156.97216707391354,153.86214512500058,156.03816134994335,7106700
2026-01-26,153.53424072265625,155.20351585056062,153.3156430042718,153.81245324397364,8004200
2026-01-27,152.0636749267578,155.74008291263047,151.6861094458511,155.3326948681393,8354600
2026-01-28,151.72584533691406,153.01755500233978,149.44051518446017,151.0303140282834,8539000
2026-01-29,151.24891662597656,152.25246789211823,148.77479607536804,152.11336162590607,9142900
2026-01-30,150.6229248046875,152.0934940301588,148.8741582193983,149.0033337333581,9577200
2026-02-02,151.6463623046875,152.65985950297514,149.85785745781627,150.00689447457344,9099100
2026-02-03,146.24105834960938,149.75848342053223,143.37944161083925,149.75848342053223,11966400
2026-02-04,147.94015502929688,152.49093871992937,147.2247470593274,147.76131061752727,19249300
2026-02-05,135.43048095703125,138.4411499430295,131.88324839566826,132.07203872176157,30229600
2026-02-06,136.46383666992188,138.26228736014335,134.41698085317375,135.99683381913616,15036800
2026-02-09,138.04368591308594,139.04725230051432,135.62919542585564,136.22537377801996,11022700
2026-02-10,139.1962890625,139.51425489281263,135.9173384542661,137.2686629102042,9762900
2026-02-11,140.14022827148438,141.48162200744946,138.2225479891437,139.13667702730794,9379300
2026-02-12,137.58663940429688,140.59730847172986,135.86768009009486,139.9613919232626,12416600
2026-02-13,139.80239868164062,140.5774214441114,135.86767006624217,136.24523553933992,13134400
2026-02-17,141.7200927734375,142.58453773241757,139.11679682700716,140.1004865524103,10670700
2026-02-18,142.32620239257812,143.55828207907953,139.82227454869408,142.58453825813112,9944500
2026-02-19,140.3687744140625,141.41207898721174,139.00750399858572,140.9748835347343,8219400
2026-02-20,141.968505859375,143.15091671325214,139.20624200509135,139.4148938255132,10265100
2026-02-23,139.51426696777344,143.14097596017754,138.74917488862957,141.06431262109078,8260100
2026-02-24,143.85638427734375,145.43623733793012,141.15373512594545,141.65054540875474,11085700
2026-02-25,144.88975524902344,145.098407073207,143.10123523450437,144.67115751605743,7358300
2026-02-26,144.6612091064453,146.00260288450687,143.59804302489582,144.98910570022582,8642100
2026-02-27,141.45181274414062,142.9919275270156,140.4482615131695,141.94862298626512,12439900
2026-03-02,140.1302947998047,141.10403862304267,136.01670662733133,136.95071230248513,8963900
2026-03-03,137.24880981445312,138.31197590653952,135.4304824098924,137.3879160833648,10372400
2026-03-04,138.6199951171875,138.99757577143515,136.5433318417177,137.33823130050143,9309800
2026-03-05,137.0,139.66000366210938,135.8000030517578,137.58999633789062,8981000
2026-03-06,135.69000244140625,137.17999267578125,133.4199981689453,134.1699981689453,9197000
2026-03-09,138.11000061035156,138.5800018310547,132.4600067138672,133.49000549316406,12304600
2026-03-10,135.1999969482422,136.75,132.16000366210938,134.6999969482422,10447300
2026-03-11,134.1199951171875,138.1999969482422,133.9600067138672,136.4499969482422,7830500
2026-03-12,131.14999389648438,134.8699951171875,130.61000061035156,133.47000122070312,9162800
2026-03-13,129.82000732421875,133.4199981689453,129.22000122070312,131.14999389648438,7786700
2026-03-16,129.38999938964844,131.8699951171875,128.94000244140625,131.07000732421875,10132900
2026-03-17,131.58999633789062,134.0500030517578,131.17999267578125,133.52000427246094,10544300
2026-03-18,130.47000122070312,132.74000549316406,129.92999267578125,130.72999572753906,9894300
2026-03-19,131.27999877929688,132.67999267578125,128.89999389648438,129.13999938964844,9846700
2026-03-20,129.89999389648438,132.75,129.77999877929688,131.30999755859375,78568000
2026-03-23,128.35000610351562,133.97000122070312,127.41000366210938,133.14999389648438,11431600
2026-03-24,128.6699981689453,129.17999267578125,127.30999755859375,128.33999633789062,8409200
2026-03-25,130.35000610351562,131.92999267578125,129.9499969482422,130.16000366210938,6669400
2026-03-26,130.5399932861328,132.33999633789062,128.30999755859375,128.7899932861328,11912500
2026-03-27,127.11000061035156,130.0399932861328,126.68000030517578,129.88999938964844,8964900
2026-03-30,127.06999969482422,128.60000610351562,126.33999633789062,127.44999694824219,11555900
2026-03-31,128.77999877929688,129.2899932861328,125.77999877929688,128.39999389648438,12219800
2026-04-01,127.27999877929688,130.22999572753906,126.9800033569336,128.0,10210700
2026-04-02,126.80000305175781,127.0,124.01000213623047,125.2300033569336,8575300
2026-04-06,125.7300033569336,127.43000030517578,123.70999908447266,126.55999755859375,8038600
2026-04-07,124.06999969482422,125.41000366210938,121.98999786376953,125.06999969482422,8840400
2026-04-08,127.51000213623047,128.88999938964844,125.62000274658203,128.64999389648438,12535800
2026-04-09,127.75,128.58999633789062,126.80000305175781,127.26000213623047,9352700
2026-04-10,128.05999755859375,130.61000061035156,127.8499984741211,128.8000030517578,8427400
2026-04-13,131.24000549316406,131.30999755859375,126.45999908447266,128.0,8615000
2026-04-14,132.83999633789062,132.94000244140625,131.0500030517578,132.1999969482422,7608300
2026-04-15,133.0500030517578,134.33999633789062,132.27999877929688,133.44000244140625,9691500
2026-04-16,134.47000122070312,135.6999969482422,131.7899932861328,131.7899932861328,8163700
2026-04-17,136.1999969482422,136.97000122070312,134.41000366210938,136.69000244140625,9667600
2026-04-20,137.52000427246094,138.5,136.0800018310547,136.41000366210938,7953800
2026-04-21,135.55999755859375,138.25999450683594,135.0500030517578,138.1199951171875,11874600
2026-04-22,136.07000732421875,137.49000549316406,135.5500030517578,136.63999938964844,9432700
2026-04-23,133.9499969482422,136.99000549316406,132.0500030517578,136.0,10164900
2026-04-24,148.85000610351562,151.5399932861328,143.5800018310547,145.61000061035156,29449600
2026-04-27,150.25999450683594,161.0,147.0500030517578,156.30999755859375,41744000
2026-04-28,150.0,151.5,144.0,145.0800018310547,22921300
2026-04-29,156.0,157.2899932861328,151.0,151.4499969482422,37571200
2026-04-30,179.5800018310547,186.88999938964844,163.55999755859375,172.0500030517578,61132700
2026-05-01,177.00999450683594,179.99000549316406,171.14999389648438,179.1300048828125,21111500
2026-05-04,168.3800048828125,180.49000549316406,166.8300018310547,177.22000122070312,23117400
2026-05-05,186.5500030517578,187.22000122070312,164.7899932861328,167.64999389648438,34274900
2026-05-06,192.57000732421875,197.5,188.22000122070312,195.17999267578125,30145000
2026-05-07,202.5500030517578,223.66000366210938,187.63999938964844,190.6699981689453,51092200
2026-05-08,219.08999633789062,228.0500030517578,208.6300048828125,213.0,37850000
2026-05-11,237.52999877929688,247.89999389648438,231.1999969482422,232.00999450683594,45474000
2026-05-12,210.30999755859375,230.0,202.0,229.83999633789062,38590100
2026-05-13,213.1699981689453,219.49000549316406,207.14999389648438,216.6300048828125,26226300
2026-05-14,200.0800018310547,209.52999877929688,199.66000366210938,208.50999450683594,24883900
2026-05-15,201.49000549316406,207.39999389648438,199.16000366210938,201.64999389648438,25876800
2026-05-18,203.63999938964844,210.8000030517578,193.5800018310547,206.77000427246094,21082500
2026-05-19,195.61000061035156,201.5,191.02000427246094,196.86000061035156,19605200
2026-05-20,202.50999450683594,203.58999633789062,194.0,197.0,19037500
2026-05-21,213.41000366210938,214.00999450683594,197.60000610351562,202.77999877929688,28163700
2026-05-22,238.16000366210938,243.0,214.1699981689453,214.42999267578125,30375700
2026-05-26,248.82000732421875,258.0,235.8000030517578,240.72000122070312,30646400
2026-05-27,233.39999389648438,248.27000427246094,224.17999267578125,245.42999267578125,25694700
2026-05-28,243.2899932861328,249.4600067138672,231.52000427246094,236.0,21118400
2026-05-29,251.02000427246094,259.9200134277344,247.50999450683594,250.19000244140625,28766100
