Price,Close,High,Low,Open,Volume
Ticker,COST,COST,COST,COST,COST
2020-01-02,265.748291015625,268.56540746404477,265.30157218560686,268.09133906938365,2103600
2020-01-03,265.9671936035156,267.0338547609545,263.779116498147,264.4355340652464,1926000
2020-01-06,266.0401306152344,266.27717880613545,263.13183866747744,264.89139285632314,2655100
2020-01-07,265.62060546875,265.930576401428,263.73340249203756,265.59325591064726,1963400
2020-01-08,268.665771484375,269.3860139542324,264.845790388594,265.2925093245862,2492800
2020-01-09,272.9780578613281,275.2937289515042,271.4190489238425,272.18486469648576,3261200
2020-01-10,270.990478515625,273.7528955728184,270.4617110418172,273.50674951437173,2024200
2020-01-13,273.38836669921875,274.09948350240546,270.5894728392485,270.69889896652006,1778600
2020-01-14,273.2789306640625,274.4185425517358,272.2122416952757,272.82308590899316,1459900
2020-01-15,274.25439453125,274.4549672993872,271.71989927345305,272.00252074366216,1604000
2020-01-16,276.26922607421875,277.20826500356577,274.4002740123552,274.77406998923817,1758600
2020-01-17,277.77349853515625,278.3387414684497,276.26921670436394,276.6065373050358,2506500
2020-01-21,285.59576416015625,285.6686870533332,278.75809524479183,279.15924071363025,3585900
2020-01-22,284.3468322753906,285.86933805677074,282.8151728738564,285.72346440793154,2218900
2020-01-23,285.2493591308594,285.7234275615363,283.2892326557363,284.4652918472801,1535900
2020-01-24,283.088623046875,286.52568132267027,281.8031379332103,286.2886332269098,1986100
2020-01-27,282.12225341796875,284.23735136189447,278.65781752683756,279.113662158101,2265100
2020-01-28,283.39874267578125,284.18278244598235,281.8032857353125,283.0887715231975,1571700
2020-01-29,282.24078369140625,284.4197346464657,282.067588307382,283.4077449752826,1713700
2020-01-30,282.140625,282.2956244977547,279.58790485657914,281.5662560120896,1232600
2020-01-31,278.5394287109375,281.8762163706093,277.66421438428057,281.30184740473504,1837000
2020-02-03,275.3301696777344,281.32907305329434,275.0293244494785,279.88861619557764,2816800
2020-02-04,277.9740905761719,278.89490576703076,276.02308974137014,277.6732453181722,1982300
2020-02-05,281.6664733886719,282.24994018278574,278.4299590708576,279.8886677899743,1731800
2020-02-06,283.77685546875,284.90060765429917,281.2553066805381,282.62572393457884,1917900
2020-02-07,286.5360412597656,286.7004846738879,282.41564358044303,283.2196263355515,1903500
2020-02-10,286.6821594238281,289.56003006286966,285.59495951200194,286.6547521941691,2336300
2020-02-11,283.8408203125,287.2668635121426,283.64896970005907,286.9014244804229,2047500
2020-02-12,287.8973083496094,288.2262230528804,283.92309196248107,283.92309196248107,1384600
2020-02-13,290.7111511230469,291.25017848937824,286.45371876327687,287.65054743586467,1438000
2020-02-14,290.8116455078125,292.18206262197,289.56914737395607,291.32326566660134,1113400
2020-02-18,294.22857666015625,295.53506231369283,291.0857508243947,291.4420726975076,1547100
2020-02-19,295.11480712890625,296.4943695581723,293.93626824683116,294.2560099998389,1413600
2020-02-20,296.0832214355469,296.9877158371503,293.2784551423346,294.47528405276364,1427500
2020-02-21,294.1372375488281,297.16128942416105,293.29670268974695,294.6945271883715,2239000
2020-02-24,286.52679443359375,292.3556394562457,286.1979077221846,288.2443882763922,2300400
2020-02-25,278.53271484375,289.22197982857335,278.10331635233075,287.78760317838476,2881800
2020-02-26,279.28192138671875,284.4072688806592,278.3591647845719,280.9812255137325,2236000
2020-02-27,267.8070068359375,278.6515734464488,267.68823285183447,275.89247610070896,3625300
2020-02-28,256.8527526855469,262.507982268108,247.8445287204208,260.607682599619,7091800
2020-03-02,282.4338684082031,282.7719001973206,266.2081194808852,269.0037683999555,7563800
2020-03-03,276.57763671875,287.02935516249477,275.02448591919165,282.4338901455198,5131400
2020-03-04,293.03179931640625,293.2419400386063,278.66982268981644,281.6573507069551,4219300
2020-03-05,288.4819641113281,296.4760644023933,286.1431209995247,288.4910812667243,6407700
2020-03-06,284.44384765625,290.06255372535384,276.5959269315033,285.17475370469884,6185500
2020-03-09,275.8924255371094,283.52105966443327,267.6881837918499,270.2919822821085,5203100
2020-03-10,282.67144775390625,282.97295522129446,268.9855626538454,281.3649897451326,4245500
2020-03-11,271.7354431152344,281.20047210425946,268.7753509802538,274.86912365380545,3622700
2020-03-12,255.67422485351562,270.0910155202765,252.4674390522586,256.21325237921377,7307600
2020-03-13,276.15740966796875,277.0527592073446,254.2307279829687,263.8784656938713,6100100
2020-03-16,258.7164611816406,273.65401266411004,255.36352306570598,257.48308025534385,5465500
2020-03-17,280.4696350097656,280.6523684945308,261.56700750499886,264.0337701432524,7170600
2020-03-18,280.9355163574219,290.5284364281631,270.428984851372,272.2562077219893,6701800
2020-03-19,278.8525390625,286.73701178404326,276.48628831846327,283.5941855887387,5429500
2020-03-20,265.3310852050781,281.40150942275073,262.2247835530005,281.31928772695517,6581200
2020-03-23,260.86346435546875,270.12749742069917,254.36770062397073,266.78367631982235,5646400
2020-03-24,260.3244934082031,271.66241679155434,258.39675842009717,269.1408398354168,7124200
2020-03-25,256.59698486328125,265.605211291687,255.08953103944535,259.6575898275652,5639600
2020-03-26,267.0486755371094,268.3551613931555,256.5969559760307,257.0354996075582,5463100
2020-03-27,259.7672119140625,268.13589873853147,258.8536001805775,262.32534149655106,4250400
2020-03-30,265.9706115722656,266.4822318513131,261.1467433118079,262.6541969154733,4396000
2020-03-31,260.4980773925781,266.3360409606077,259.46569183379466,262.5902557426255,5618600
2020-04-01,262.00555419921875,263.85103973955006,256.63351310648886,257.9673783409617,3745800
2020-04-02,266.2995300292969,267.48721400508634,258.38764990596354,259.8128818293967,3500600
2020-04-03,263.71392822265625,267.0851565599186,261.11013012492896,264.17987896427695,2650100
2020-04-06,278.7611083984375,279.0991401584655,264.55446215394835,267.6881425924659,5272500
2020-04-07,277.3998107910156,283.2195104644043,277.0252268023988,280.02187083012876,4036500
2020-04-08,279.5376892089844,280.8624369295492,276.1664608155767,278.75196888416986,3964400
2020-04-09,274.09259033203125,278.05766082822333,271.8724932354206,273.5809701313103,6487600
2020-04-13,273.73626708984375,277.6922204104673,271.94559639635,272.7861033442062,3120400
2020-04-14,287.0019836425781,287.55927337877193,275.22551582320904,276.5959333293827,4288300
2020-04-15,283.4662780761719,286.64565667187344,280.3143345960787,284.71794946337405,2937300
2020-04-16,293.7809753417969,294.75854655002706,285.0834020151579,287.54101971296916,3940000
2020-04-17,290.4554443359375,294.3017417915495,286.8923363960059,293.55257350501495,3688000
2020-04-20,285.1199035644531,290.87567352870707,284.6174283233612,290.48282722158325,3156300
2020-04-21,275.2985534667969,284.9463169934503,273.48962045903374,284.26110833748874,3833000
2020-04-22,282.68975830078125,284.2520265774108,275.9472991641873,277.7379703769821,2970600
2020-04-23,279.0169982910156,282.89073072894934,278.4597085556001,280.50618977330555,2625200
2020-04-24,283.7221374511719,283.97794764363204,279.1175539868885,280.78030629726976,2019400
2020-04-27,282.10491943359375,286.22531565940545,281.01771966616764,286.00602997004796,2287300
2020-04-28,278.60595703125,284.37996298680315,277.9938247971611,283.97797152467183,2425900
2020-04-29,280.5609130859375,282.01355182273,275.1066520758794,278.60579924666183,3667700
2020-04-30,277.456787109375,281.9437064604447,277.06304326019074,280.3412332675687,3794300
2020-05-01,276.4678649902344,279.12338660320506,274.87452966651847,276.33965371175236,2525400
2020-05-04,278.8211975097656,279.77353235562475,274.77382331847,277.4568148543407,2477500
2020-05-05,281.9620056152344,283.68349600043507,277.8596646571991,279.3430923410456,2460900
2020-05-06,282.8502197265625,284.8189665852899,280.6983219272935,283.7933883860409,2406700
2020-05-07,279.2880859375,283.74753385489106,278.85770645776734,283.2622146922057,2601800
2020-05-08,280.14892578125,281.2843834833069,278.09776917239554,280.1122900004025,2337400
2020-05-11,284.1688537597656,285.5424022374613,279.28819046478316,279.874251228826,1865900
2020-05-12,279.1416320800781,285.28596349496826,279.09585831587066,284.63582514070276,2264900
2020-05-13,276.6693115234375,280.57017029261664,274.81958164364937,279.1416820765934,2954900
2020-05-14,274.47149658203125,277.34680367459583,269.70988050475256,275.63445171910865,3718900
2020-05-15,273.9862976074219,274.5540265320704,270.9187002828776,273.8581142752028,4577200
2020-05-18,277.23699951171875,277.63074332001725,274.63641806785307,276.2846648599796,3987300
2020-05-19,278.9493103027344,282.9692132207488,277.5940661138518,278.94014437300774,3523000
2020-05-20,279.2057800292969,281.9620429082231,277.6399425942365,280.9089667227107,2827000
2020-05-21,276.513671875,279.32487495633666,275.85436737294253,279.09595017013504,2492100
2020-05-22,276.9347839355469,278.31749807869153,275.46966025303016,276.55020608514354,2366400
2020-05-26,279.1051025390625,281.02807643121537,277.9421746254133,280.21311868170795,3234600
2020-05-27,280.2130432128906,280.48774171853387,274.22436428564095,278.8852685641487,2980200
2020-05-28,283.4637451171875,284.782353749563,281.0279827252969,281.3484829246085,4301900
2020-05-29,282.4656066894531,282.8410465465035,276.8615345694027,278.5555829188072,4971800
2020-06-01,282.30078125,283.6285276977775,280.6250368539942,281.9436453166218,2293700
2020-06-02,281.2019348144531,282.9692267519289,279.0317331784459,281.98945029609513,2528900
2020-06-03,280.7899475097656,282.2184356772186,280.13064312902463,281.57743521583444,2165900
2020-06-04,284.5534973144531,288.76571879288656,283.03343344443533,284.64507281407714,4553900
2020-06-05,285.7346496582031,287.19060733710313,281.38508053658495,286.7327579558802,4375600
2020-06-08,281.2935791015625,285.0479506046395,280.6251087688834,284.4710557612873,3764500
2020-06-09,279.7917785644531,282.58467688503913,279.44383646756177,281.5774025390067,3155800
2020-06-10,281.4217834472656,282.6122090075849,279.8834157133851,280.64346159215137,2713700
2020-06-11,275.46966552734375,283.13408817461965,275.29570845972296,281.1103736488423,3443000
2020-06-12,273.5192565917969,279.42549738400396,271.2757832402004,277.1545821297236,4020000
2020-06-15,272.1273498535156,272.94233516066697,269.06891935902996,272.00830454393997,3266800
2020-06-16,275.9549865722656,277.21865543149363,273.9954056033216,275.94584858648574,2633800
2020-06-17,274.3525085449219,276.54104212629943,273.7023702108554,275.6436472274438,2188400
2020-06-18,274.3158264160156,275.451283696698,272.685884084593,274.709570093039,1881800
2020-06-19,274.61810302734375,276.44950088407154,273.4643413801465,274.8744976094891,3438000
2020-06-22,275.1217041015625,276.0648727082172,273.10715564807265,274.4349300303603,2094400
2020-06-23,275.890869140625,279.19652803398657,275.37808010423043,276.29377880420736,2409600
2020-06-24,272.8965759277344,275.881763282027,271.59629913979126,275.4147479009802,2398100
2020-06-25,275.1949462890625,275.7626750471463,270.49740719505354,272.0174704848728,2274300
2020-06-26,271.5596923828125,276.65097657181576,271.001129408062,275.08513911112954,2866000
2020-06-29,276.1655578613281,276.20219363261276,271.8068232603422,272.36541397903676,1841700
2020-06-30,277.6490173339844,278.9401559582206,274.83784333700817,275.6344967988987,2391700
2020-07-01,279.0592041015625,279.8192217956443,275.39640896979466,276.99888183994307,1906100
2020-07-02,279.96575927734375,282.87770287741364,278.9218771129089,280.2038499222637,2540500
2020-07-06,285.2309875488281,285.29509316649995,281.339267958833,281.60482841425375,2332400
2020-07-07,289.5714416503906,291.2379922286404,283.61023351865623,283.8849319807552,3346600
2020-07-08,289.65374755859375,291.2378880314504,287.53848632248713,290.404627012899,2364500
2020-07-09,298.09661865234375,301.2466250080065,292.73060873040555,293.0236390762607,5313600
2020-07-10,298.7283935546875,299.7997453723229,295.8713901695451,298.5177727959229,2484100
2020-07-13,295.69757080078125,301.3657226188494,294.39726576044495,298.7926103387762,2583200
2020-07-14,300.34918212890625,300.95354664145697,293.43566792554833,294.23232134598555,1844800
2020-07-15,299.1589050292969,301.55803218311905,298.16993435914634,300.4408781712341,1770700
2020-07-16,298.7651062011719,300.25770006000056,296.7414192118287,299.0856064439433,1402000
2020-07-17,297.4098205566406,300.16605493728355,297.21750368864184,299.708205538084,1768100
2020-07-20,298.98486328125,299.8364565699844,295.45941685062485,297.50143550218655,1863300
2020-07-21,300.1111145019531,303.54498498744834,298.9756569371204,299.43350633518645,1874200
2020-07-22,300.6239318847656,301.8692968960631,297.6113026822989,301.86013096486806,1312600
2020-07-23,298.61859130859375,302.5286439735173,297.9043471972245,300.44085134452143,1561700
2020-07-24,298.3164367675781,301.03606407642263,297.3000242309489,298.71934658703043,1423400
2020-07-27,299.9829406738281,301.2649134399095,297.7669372214579,298.22478663398056,2083300
2020-07-28,299.9555358886719,302.1806778093975,298.3530625972584,300.32180990915447,1374000
2020-07-29,298.64605712890625,300.3858794759608,297.9592829436284,299.45184869923855,1341300
2020-07-30,298.0771179199219,299.5729222013964,295.4892857766969,296.1224793437631,1390300
2020-07-31,298.72857666015625,299.44435685248806,295.9939148971371,298.07703997348625,2149900
2020-08-03,302.2066345214844,302.7297123523893,297.59992015846177,298.7470059253461,2480200
2020-08-04,311.8145751953125,311.8421041290292,301.8395234733522,302.4268167276483,3933300
2020-08-05,311.979736328125,314.5125101489062,309.795680990497,313.7141150929945,2923700
2020-08-06,315.0447998046875,316.7057777038144,313.4847520075409,314.2189036788546,2104300
2020-08-07,312.8424377441406,316.3479388754408,311.6678229363521,314.88884901299434,1759000
2020-08-10,312.0072937011719,312.9892057290246,310.704192093505,312.65883050249505,1503800
2020-08-11,305.0605773925781,312.7873596159351,304.48244167213977,312.7873596159351,2065600
2020-08-12,309.0340576171875,310.99785367378024,305.73963101379917,306.2718664295051,1853900
2020-08-13,308.06134033203125,311.5117550018395,307.5382625425982,309.2451125859843,1536500
2020-08-14,308.5935974121094,310.86942563463424,307.9695894818282,308.82301456339127,1522900
2020-08-17,311.9705505371094,312.34679795270387,309.5846070263984,309.85073871157846,1504700
2020-08-18,312.6954650878906,314.5766738519313,309.07984983957675,312.9248821569206,1489400
2020-08-19,312.8331298828125,313.78751279286786,311.96136176734217,313.03501803676625,1730100
2020-08-20,312.8056640625,313.5306300350092,310.8510256332787,312.13578396583296,1717500
2020-08-21,316.23773193359375,317.36647428321834,311.3924433187744,312.07153705989947,2372600
2020-08-24,315.7972412109375,317.61420677863254,313.94353305962943,316.69653834888175,1461500
2020-08-25,316.32958984375,316.51313479742794,313.34716637916597,315.8065399353212,1176200
2020-08-26,315.9256591796875,316.43955119317553,313.5580872607614,314.76941615184654,1757000
2020-08-27,317.8436584472656,319.11004549882705,314.3473435901397,317.15540705011455,2220700
2020-08-28,319.68817138671875,320.3213648931553,317.05446726821725,318.8622753363729,1487300
2020-08-31,319.03662109375,320.03687635746206,315.9440828553426,318.2933118793858,1586900
2020-09-01,322.4503173828125,322.55124746143383,316.9718360758482,317.2471253857394,1773700
2020-09-02,329.314453125,330.2872073479589,322.38606823219516,324.4966942511247,2434900
2020-09-03,319.6239013671875,333.7284885899053,317.0727842647573,333.1778819336576,3630400
2020-09-04,318.0363464355469,324.8362726898884,312.37432004392326,324.8362726898884,2557000
2020-09-08,310.96112060546875,316.522217232183,310.3371127744908,315.53111961355313,2144300
2020-09-09,317.9079284667969,320.90872273173966,312.36523024997456,312.83322219563547,2100900
2020-09-10,311.5759582519531,319.3486109077535,310.869363648705,317.7610344556298,1959600
2020-09-11,311.20892333984375,314.9988987311764,308.4283889009879,312.26423651537937,1599600
2020-09-14,314.68695068359375,316.44885883623357,312.43865125405136,312.9158288776777,1522300
2020-09-15,315.59539794921875,319.1284275075555,314.5308990586147,316.6139966087923,1362500
2020-09-16,315.43017578125,320.04604680915446,314.98968485827254,318.67870182127393,1656500
2020-09-17,310.9795227050781,314.65938255218833,308.67616568296916,311.6218738870657,2681500
2020-09-18,308.2998352050781,313.1267794400024,303.93175312662424,312.1907678528367,3409300
2020-09-21,311.6126708984375,311.6585431172535,306.2351194153743,306.47372216525946,2427400
2020-09-22,316.0909118652344,316.50384586872167,311.6310285924394,312.6496551444125,2128100
2020-09-23,316.2561340332031,319.57808988371033,315.73305621010604,319.34867273375795,3577100
2020-09-24,318.430908203125,318.7337264276247,310.4563682327954,316.59557155642113,5779300
2020-09-25,314.3747863769531,315.4668138682503,307.7492202891306,312.686280105917,7338500
2020-09-28,320.835205078125,320.97284973006464,314.8520174986864,315.45768197223634,3459200
2020-09-29,323.1477966308594,325.1207782901927,318.52273958382597,320.2204318972132,2526000
2020-09-30,325.77227783203125,328.2499936823379,322.2576202272057,323.53316472427736,2525800
2020-10-01,328.9474182128906,330.0761604657812,325.6071196838367,326.92856446599507,2053000
2020-10-02,325.78143310546875,328.3784220799222,323.79926621102084,325.5244871009115,2125000
2020-10-05,329.05755615234375,329.4246459538437,326.07513354778604,326.07513354778604,2093500
2020-10-06,328.84649658203125,333.1136492984874,327.644353145901,332.10420839657917,2760400
2020-10-07,333.1319580078125,334.71034870741414,330.04860576022753,330.7919148915209,1959100
2020-10-08,335.03155517578125,335.8391078543216,331.9665460586066,334.7654234964856,1793100
2020-10-09,339.041748046875,339.30787971550734,335.59133402002146,335.86662332894036,1730700
2020-10-12,345.4838562011719,349.3197039125501,340.24394876242513,340.45502260487723,2806900
2020-10-13,349.3379821777344,350.81544278985206,345.48379189506676,347.2640707417093,1823300
2020-10-14,347.19061279296875,352.26531724798957,345.685651380284,351.36602025913356,1904400
2020-10-15,345.5755310058594,347.20897953015384,342.34534853225887,345.46541528590933,1697800
2020-10-16,350.1272277832031,353.1830513953824,347.90645781498364,349.17284475508234,2459400
2020-10-19,344.6396179199219,351.5496613726447,343.8595940072326,350.57693489494574,1938100
2020-10-20,347.1631164550781,350.62271610466183,345.15342049803417,346.59416655034715,1282300
2020-10-21,346.7135009765625,349.8886259765197,345.97934941254266,347.3925666688895,1466500
2020-10-22,344.8139953613281,347.2274683924988,341.40026686190123,346.28227080286035,1813200
2020-10-23,343.7586364746094,345.5205443670174,342.8042533632928,344.685462645243,1108000
2020-10-26,340.1888427734375,341.95077841354976,335.97674820217327,336.4906402628275,2145000
2020-10-27,342.0333557128906,344.0430516819836,338.4085544522849,338.4085544522849,1525400
2020-10-28,334.9123229980469,341.74896524113984,334.6462192687891,337.0871930900443,1908300
2020-10-29,335.4638977050781,339.35310460575164,333.30325526353784,333.9652473304858,1838500
2020-10-30,328.807373046875,334.535446349366,327.1248242919024,332.0345893831032,2724100
2020-11-02,335.03179931640625,336.19946771361265,331.64826864203576,333.03661977248805,1646300
2020-11-03,341.9919128417969,344.6030963087591,338.24984599240327,339.2152383518697,2013100
2020-11-04,345.8627014160156,350.8919949040909,343.86752189762103,343.88590043397534,2449800
2020-11-05,354.1927795410156,355.43399022413837,348.9244243761317,351.6643416832176,2255800
2020-11-06,354.5881652832031,355.63630322225566,350.20248453664374,351.11271328093136,1950200
2020-11-09,335.59271240234375,358.1187985772956,335.3720576798671,356.96950846632865,4371300
2020-11-10,337.0821228027344,341.6057401518333,331.53794950042015,334.5628883448138,2662600
2020-11-11,342.87457275390625,344.51116049116416,338.49806772353367,339.8955941766275,1688800
2020-11-12,345.4398193359375,347.76598137878256,343.4078822931681,346.57993419652064,1535900
2020-11-13,348.317626953125,349.2278556841925,344.77780802509517,346.18453790894444,1274600
2020-11-16,349.19097900390625,350.560923280853,346.5430111744777,346.5430111744777,1691500
2020-11-17,351.1495361328125,357.1810087415881,351.03000546489886,356.1144640894599,3299100
2020-11-18,351.4344177246094,356.78548933443557,350.9747018367625,352.041246063627,2134600
2020-11-19,352.6389465332031,353.71466622790876,349.6691711613177,352.7032854465518,1768900
2020-11-20,350.4139404296875,354.4410573213522,350.31281637184657,353.0159488591602,1807600
2020-11-23,350.95635986328125,352.1975986007766,349.6967425880673,352.14243492878444,1679600
2020-11-24,353.2641296386719,354.9466776883517,350.03691465523195,352.7768318486479,2061100
2020-11-25,356.5096435546875,357.05210489348815,354.49608587636476,354.7075652696581,2034200
2020-11-27,357.09820556640625,359.19450939007044,356.509755622089,359.0014084689951,1329400
2020-11-30,360.20587158203125,361.47469225625497,354.19280638681926,360.18749304285353,3733800
2020-12-01,365.6688537597656,366.1500558641551,359.64922044575974,362.7816987210429,2996800
2020-12-02,361.8381042480469,365.0271904518175,360.01712669650243,363.69683047246815,2212800
2020-12-03,352.92181396484375,357.33748654524794,352.19531769881934,356.64871015193927,3976400
2020-12-04,352.3369445800781,354.1107581172808,350.8839516134799,354.01640081967975,2839700
2020-12-07,352.2426452636719,355.2336022065061,351.60106160446384,353.1295521782632,2652900
2020-12-08,356.2713317871094,358.08286477798106,349.80824715310035,352.8275071962835,2685500
2020-12-09,353.1482849121094,359.4792633513892,351.74242779323697,358.4225310162613,2461600
2020-12-10,351.7330017089844,353.8181620148625,350.57246777180916,353.1482743570438,2566300
2020-12-11,353.9125671386719,358.3187671209001,351.49717046288345,358.3187671209001,3483900
2020-12-14,353.23333740234375,356.8186847838597,352.1294115983641,355.2901942812786,2778400
2020-12-15,350.87451171875,354.4693030908822,348.440225861111,353.3465174608666,2133900
2020-12-16,348.5722961425781,351.7802424167672,348.01562556858727,350.1951436168811,2385100
2020-12-17,349.3742980957031,350.01588160681337,347.2136399370907,349.34599378767774,2314200
2020-12-18,346.2701721191406,350.38388568350706,345.2606036713859,350.1385912449005,4140000
2020-12-21,344.354736328125,345.43977302615036,341.37322490465993,344.46795354269483,2329700
2020-12-22,341.58087158203125,344.15667893303197,340.2410670742855,343.53395532749977,2105500
2020-12-23,341.4487609863281,342.5904064211761,339.19374562968466,341.9771272434711,1782100
2020-12-24,343.98687744140625,344.70395845443795,340.99594935163543,340.99594935163543,972500
2020-12-28,350.1008605957031,350.6952799702069,344.45862751625447,344.85491669719306,3207700
2020-12-29,351.66705322265625,352.17655958959597,349.3460134525153,351.2235998427615,2072600
2020-12-30,353.2992858886719,354.62961701124016,352.1953604112435,353.0634070835102,1778000
2020-12-31,355.4976806640625,355.74300384716446,351.42168780566476,353.8087802761698,1628900
2021-01-04,358.6772766113281,359.9981920555626,353.6389091923071,356.1109142651881,3322200
2021-01-05,354.5164489746094,358.73396374775706,354.0541356663706,357.4602122644138,2748400
2021-01-06,349.11956787109375,354.5730858864381,348.77047177017437,352.7049437693438,2661400
2021-01-07,347.1382141113281,350.65750828216926,346.0720370547934,350.05367337203126,2849500
2021-01-08,349.0440368652344,349.3459686583214,343.71318141603166,347.32683218507754,2599700
2021-01-11,343.4490661621094,350.04422990506276,343.3075158103911,347.76090986012696,2562500
2021-01-12,343.6282653808594,344.44911904090543,339.9013686278637,343.43955081344177,2387600
2021-01-13,346.22296142578125,347.91183313282016,342.49606435944526,343.78867575291184,1968800
2021-01-14,341.8826904296875,345.7982722006218,341.13730546418213,345.3265146669238,2363900
2021-01-15,341.7035217285156,344.2981889343127,340.42032588305284,340.6656490874362,2340400
2021-01-19,334.44793701171875,342.4489587355523,332.53260171808574,341.8922592577024,4533800
2021-01-20,340.89208984375,341.4582048214888,333.4477685869669,334.3724240104004,2767200
2021-01-21,342.3074035644531,343.4301892856742,339.6089631210527,340.8921303488441,2121600
2021-01-22,341.8356018066406,344.0340087096561,339.5240064617685,342.6847886616994,1960300
2021-01-25,341.4393005371094,341.5147690872316,336.66511571392414,340.4768965618,2735900
2021-01-26,344.3642578125,345.2322758477891,338.60880816797805,339.8542553947542,1807000
2021-01-27,336.25933837890625,345.13778955230595,334.8063171574107,342.486514597728,3120800
2021-01-28,336.8916015625,341.18458505307296,335.95753054398693,336.6934713936224,2251100
2021-01-29,332.5231018066406,336.1650859637901,332.0041798911554,334.71206428910745,2598700
2021-02-01,330.7209167480469,332.8627145454378,329.4849142172499,331.3719444986251,2371200
2021-02-02,335.4951171875,337.4953935687233,330.90964720430503,331.89091106006384,1905000
2021-02-03,335.1460876464844,337.3350502227847,333.25905690011604,336.1084917551669,1759800
2021-02-04,336.4129333496094,338.8047397177863,334.5221764150612,337.22594498314766,3411600
2021-02-05,335.7700500488281,337.3582787942245,334.75848826370395,337.074647971409,2165600
2021-02-08,340.1755065917969,340.37405683388295,336.1482141124252,337.09359253914363,2520700
2021-02-09,339.92022705078125,341.91499031195895,338.7290411331997,340.3740190314449,2154000
2021-02-10,336.6681213378906,341.2815721368989,335.72274302172195,341.2815721368989,2162400
2021-02-11,332.9622802734375,337.02739580742906,332.19652608610727,336.29946483385777,2088400
2021-02-12,333.48223876953125,333.69968619309554,330.97699171829044,332.7637419357188,2096600
2021-02-16,334.66400146484375,335.9497024244129,332.8110676140151,333.7942405181574,1829000
2021-02-17,338.4833068847656,338.6062106988516,332.68813239466726,333.8225692194734,2143000
2021-02-18,337.42437744140625,338.63446030305965,333.0378090362556,333.0378090362556,1914900
2021-02-19,335.3919372558594,338.37933693111665,335.2123130235962,337.2070767632214,1839400
2021-02-22,331.0809020996094,333.99268320656984,329.7668413612592,333.482170883802,2215600
2021-02-23,323.46124267578125,331.82784803307226,323.34780187375617,330.6933823114979,3692600
2021-02-24,322.09039306640625,323.79206243822813,319.4338823950385,323.12085193442294,3305800
2021-02-25,315.6617431640625,324.26468968082673,315.1417967471084,322.2321325273014,3618100
2021-02-26,312.9201965332031,317.54310996172063,312.8634761470198,317.18386161545703,3362200
2021-03-01,313.6481628417969,317.64712362365276,313.26055425862955,316.9002666536154,4653200
2021-03-02,310.5189514160156,316.40866866959914,310.48115705611366,315.46329036023366,4660100
2021-03-03,306.2270202636719,310.48122356714873,306.075756239691,310.2448789391778,4064200
2021-03-04,301.6134948730469,307.8151740888607,297.83198174873814,305.7069701358226,5501200
2021-03-05,299.98748779296875,301.0368439930712,290.23117555377786,298.1061651147415,8102800
2021-03-08,294.4097900390625,304.7238442562575,293.9371007812358,301.49066588909415,4873500
2021-03-09,301.36773681640625,302.78580447107606,295.6292827830172,296.6219474516822,5426800
2021-03-10,306.1418762207031,309.50744988537184,299.9874824221221,303.59883485366163,4523500
2021-03-11,310.6985168457031,313.156505755347,308.8739439778357,312.36239158773606,4338900
2021-03-12,313.0526123046875,313.51583848119697,307.8152079728089,310.1786539356673,3182100
2021-03-15,312.4570007324219,315.4538338788153,309.44124155502897,315.37821630678866,3243000
2021-03-16,309.3750915527344,312.0032424369558,308.7984245581264,311.6629200501039,3066700
2021-03-17,311.2091979980469,312.4476417131227,306.41612135078395,308.19343781687746,2672400
2021-03-18,305.33831787109375,310.2164737470122,304.771085076097,308.64714218280653,2736900
2021-03-19,310.9443054199219,311.2657305026303,304.7804507708415,305.93378432315745,4859300
2021-03-22,316.2196044921875,317.8078620940654,310.2637322497856,310.5095398603286,4064900
2021-03-23,321.75006103515625,323.80154472891365,315.56727860834457,315.6523880475923,3641200
2021-03-24,319.5757141113281,323.8015566035634,318.4317855045738,323.52738879650195,3006400
2021-03-25,327.42236328125,328.783710533896,318.8477739630222,319.35828639542945,4307100
2021-03-26,332.79205322265625,333.20802197576273,325.3046733680512,327.2994076994273,3061200
2021-03-29,336.6965026855469,338.22801103784866,331.8372728375111,332.2532416308101,3012000
2021-03-30,330.6461181640625,335.39190767255957,329.7858202987543,334.26690499105354,2602400
2021-03-31,333.22698974609375,337.92552156120297,330.1545099375386,331.5063941291446,2832200
2021-04-01,335.5526123046875,337.80261751749094,332.42341210220644,333.2837099100818,2938600
2021-04-05,341.1114196777344,342.8603753774543,337.34880349703167,337.9727566637205,2705700
2021-04-06,340.44970703125,342.9833145334347,339.3908877079885,340.1471789815573,2142000
2021-04-07,339.2112121582031,341.71645907984583,338.0767465688344,341.1586893011147,1808400
2021-04-08,341.4895324707031,346.0273365284703,339.958024322473,342.9832174107663,2839200
2021-04-09,343.3708801269531,343.8435693263214,339.9580779558302,341.19652135012245,1610800
2021-04-12,344.8835144042969,345.29948323561786,341.6030499872243,343.02111768018375,1836600
2021-04-13,345.2616271972656,347.23746453288027,344.37296921943687,345.3845310017443,1796400
2021-04-14,343.33294677734375,344.92117492012545,342.7467881728588,344.92117492012545,1509400
2021-04-15,348.655517578125,349.3645513276879,344.37295488479145,344.949650670111,1850100
2021-04-16,350.4706115722656,352.4369855570619,348.44748835220236,349.5063361831809,2249200
2021-04-19,349.3645324707031,351.2363918547519,348.08829487090065,350.7353425194646,1560000
2021-04-20,351.42547607421875,354.8571749732528,348.5893412530745,348.8445830007416,2330700
2021-04-21,353.6565856933594,354.11981185553566,351.179699017029,351.31203698451174,1531800
2021-04-22,350.9811706542969,354.93284517910837,349.81834491345927,353.8929232381956,2138000
2021-04-23,352.8907775878906,354.3750283039056,350.17754673735004,350.98112398714915,1404500
2021-04-26,348.39080810546875,353.4769480832513,348.09774313431683,353.4769480832513,2059700
2021-04-27,349.9884948730469,350.69752860312826,345.3372497600807,348.0599438996981,1875900
2021-04-28,349.4023742675781,350.2626720117912,348.06938735735724,349.3645510561135,1305600
2021-04-29,353.89306640625,355.00151216907733,349.14656622387645,349.15604950965576,1848300
2021-04-30,352.5192565917969,354.48038817355143,351.7992209009224,353.2961341622192,2118900
2021-05-03,359.3690185546875,359.65322797326803,353.27722241266576,354.1772381798064,2685800
2021-05-04,355.55096435546875,359.28373537443713,354.09195529368844,359.09424316448315,2133800
2021-05-05,352.90777587890625,357.6637306648163,352.4814327725928,356.5552848483342,1905300
2021-05-06,362.6281433105469,362.79866898763635,353.56148561667027,353.56148561667027,2641400
2021-05-07,364.1061096191406,366.12408364227383,362.0976188827228,362.69445878414325,1817100
2021-05-10,361.41546630859375,367.4883256874934,361.22597406000983,365.2145343543179,1998700
2021-05-11,358.28900146484375,360.8849063731499,356.2236690460662,359.35957190472527,1859700
2021-05-12,352.62353515625,357.1142177415093,351.590840071391,356.2236562877934,2344600
2021-05-13,359.5679931640625,361.3775370365616,352.0266705747777,353.4667132618783,2023100
2021-05-14,364.2008361816406,365.5271951898577,360.10804645989253,362.04075753612767,1876100
2021-05-17,363.7649841308594,366.692457028641,362.76073888744395,364.7881959453487,1830800
2021-05-18,362.6755065917969,368.966279277352,362.39129712631745,366.1240689727247,1698200
2021-05-19,359.6911926269531,361.65232468198366,356.34685964836785,357.3132007463376,1725000
2021-05-20,363.40496826171875,364.2955297334936,358.3837420165678,359.23639925843884,1427300
2021-05-21,360.69537353515625,365.0818552942471,360.4206184918079,364.7976169662288,1706600
2021-05-24,363.28192138671875,365.47042138611755,361.80397408614976,364.1250955548492,1657000
2021-05-25,365.11029052734375,365.4513418393716,361.9364836711866,363.44285145755157,1379700
2021-05-26,365.33770751953125,367.3556814595383,364.7692596767541,365.56507509165885,1648000
2021-05-27,367.1187438964844,367.37453235471685,363.3291310562626,364.8734029146452,4452000
2021-05-28,358.3742370605469,365.04396440995845,357.19946621667054,363.9449731088514,4681200
2021-06-01,358.33642578125,360.2028117784124,355.7500038930627,359.9469943368854,2117800
2021-06-02,360.572265625,361.8323283697369,357.84373913823225,358.4785121537134,1881000
2021-06-03,363.67974853515625,363.98292457048495,358.9332481186156,359.6722505469011,1780300
2021-06-04,367.1376953125,367.3650917519031,363.52809125989717,363.9828552262508,1765900
2021-06-07,360.39215087890625,366.12395725845124,358.65841584357446,365.1954917670878,2515800
2021-06-08,359.72906494140625,361.1596243449299,357.82477494860757,360.4017132270017,1553800
2021-06-09,359.9753723144531,361.69965336741797,359.1890402476922,360.2122231542849,1398900
2021-06-10,362.8650207519531,363.1965888442116,359.5301419558717,360.26911552319245,1404000
2021-06-11,361.74700927734375,363.67023692596194,360.5153964843697,363.67023692596194,1404200
2021-06-14,363.57550048828125,363.78393037125426,359.1416310607148,360.76171152437274,1652600
2021-06-15,363.7176208496094,364.27658535243705,361.4912172112581,363.5755161306626,1252000
2021-06-16,359.4542541503906,366.11449753749105,357.2846927113992,364.1817869001923,1801700
2021-06-17,364.5134582519531,366.1429932569072,359.2648353189971,360.3733100187883,1686500
2021-06-18,360.8470153808594,364.66504996617505,360.29750521215306,364.51346195109943,3415700
2021-06-21,366.45562744140625,367.2609261224382,360.54383941469604,362.144953490673,1631600
2021-06-22,371.552734375,371.8559104639235,366.2283308053068,366.6641283628449,1934800
2021-06-23,371.35369873046875,372.74638283574814,370.04627745868123,372.3295230414838,1538000
2021-06-24,371.4483642578125,374.69795016092814,371.19254690038446,372.7273643076027,1487300
2021-06-25,373.7601623535156,373.7980376763736,370.6716177054396,372.30115287459836,2056100
2021-06-28,375.683349609375,376.51706922132723,372.45270056928865,374.2243402884586,1645500
2021-06-29,377.81500244140625,378.4308088566251,374.6696162771892,375.45594836201514,1523600
2021-06-30,374.8591613769531,379.4066866824575,374.22438830063135,377.03817789574464,2031700
2021-07-01,373.7790832519531,376.77288163369997,373.1632767898361,375.45597695571024,1523400
2021-07-02,377.9571533203125,379.69088899794616,375.2759852334339,375.3707313656044,1676600
2021-07-06,377.88134765625,380.28776065144547,376.22339152456243,378.8098134984808,2113100
2021-07-07,383.3951721191406,384.75943522546436,378.20342038183844,378.20342038183844,2308600
2021-07-08,385.7351989746094,387.1468493733493,381.9550695381966,382.2771831499193,2235500
2021-07-09,390.6807861328125,392.22505850121445,386.1521984496109,387.0616977361537,2304200
2021-07-12,386.4269104003906,392.55661166564727,383.25310317055124,392.2629189193371,2491300
2021-07-13,385.6500549316406,387.7627750823153,383.4141966160936,383.4141966160936,1540300
2021-07-14,388.3880310058594,388.8806703598075,385.83951357566326,387.0900640760634,1265800
2021-07-15,390.1596374511719,390.5196553343999,386.42686610263087,388.8711539171167,1894100
2021-07-16,388.7858581542969,391.6754553479554,388.21741043485156,390.4438138037486,1413900
2021-07-19,392.3671875,393.4756624118507,388.4828270333152,388.4923103211184,2293100
2021-07-20,394.3471374511719,396.08090166844534,391.1354553221757,392.2249633267035,2045400
2021-07-21,393.181884765625,395.1714087274856,390.53862124814,395.1714087274856,1480000
2021-07-22,395.5788269042969,396.583072203355,391.7986676475065,394.1198175611066,1339200
2021-07-23,401.1589660644531,401.6895095911043,395.11452847961976,396.2893282135934,1344500
2021-07-26,400.9695739746094,402.1727659518931,398.24104740293524,401.1306163707038,1220000
2021-07-27,402.0212097167969,402.2296396495148,399.42533330132335,401.6990959866802,1666500
2021-07-28,400.01263427734375,402.5137640286163,398.4210036254017,401.0073962066938,1362700
2021-07-29,403.6670227050781,404.2080619266449,398.99704721188965,400.24997099867886,1434200
2021-07-30,407.8813171386719,409.57085508091893,404.2934206560729,404.33139593754265,2283900
2021-08-02,407.12200927734375,408.82101941499326,403.85683007837815,408.7355967516467,1366900
2021-08-03,412.95953369140625,414.60159569440214,407.3119040568432,408.07126503991793,1448100
2021-08-04,412.93096923828125,415.73103078281684,410.89023954424437,413.84217325221033,1280500
2021-08-05,420.66680908203125,420.9610523706399,414.5351184366309,415.50327097011865,1742600
2021-08-06,417.2877502441406,420.9230946529737,416.594838844202,420.230212219692,1789800
2021-08-09,418.08502197265625,420.2776239145931,416.983970470358,418.25586730060223,1472500
2021-08-10,420.5149841308594,421.2458419029229,418.26543339650647,418.26543339650647,1893700
2021-08-11,421.7203369140625,425.23231179006103,419.34738874559116,422.8593636215897,2267500
2021-08-12,422.7264709472656,423.9319471735494,419.7745372854978,420.48642174669425,1230700
2021-08-13,425.0614929199219,425.5740289002103,421.94818588785336,423.12515898331395,1309300
2021-08-16,429.8453674316406,430.15861285369414,424.3306374574039,425.14694680074496,1515600
2021-08-17,429.3517761230469,430.7185966802488,426.8459577459462,429.8453389483375,1936700
2021-08-18,423.5332946777344,432.10438274651545,423.2390514069705,428.0418964308212,2030100
2021-08-19,431.1742248535156,432.35119798925,418.8823405688057,420.4390086214333,1953700
2021-08-20,435.6638488769531,437.211015952583,430.60473535826833,432.3417209362311,1911200
2021-08-23,431.8100891113281,435.7302038656623,431.48737165737754,434.0311649767412,1835900
2021-08-24,428.8298034667969,432.24685537288474,427.41550635057814,432.1139563422813,1541700
2021-08-25,428.2982177734375,429.8074094965152,424.5869229588295,427.9185228519177,1520600
2021-08-26,426.47576904296875,429.48468031094745,423.99842485733586,428.29820613009156,1418600
2021-08-27,427.4534912109375,428.66843980845374,424.0933876808303,426.4758374876757,1310200
2021-08-30,432.7593688964844,433.3858307938637,427.54838311524077,428.1178965643727,1219800
2021-08-31,432.3416748046875,433.66104795007607,429.44668949476346,432.9586645297419,1699000
2021-09-01,433.3193359375,433.47120810581976,428.8866847017011,432.33221029340325,1325400
2021-09-02,437.54327392578125,437.9893894480733,435.09440356865537,436.0720572919773,1455000
2021-09-03,439.0428466796875,440.0395022635044,435.67327195817495,435.67327195817495,1302400
2021-09-07,436.2427978515625,439.6598490134954,434.3729135328557,438.995411938495,1463400
2021-09-08,442.0328063964844,442.1561753720442,434.8000358835835,435.777689392416,1372000
2021-09-09,442.26055908203125,445.8959026753083,441.59612205489526,443.5894041696527,1398700
2021-09-10,441.5202331542969,444.5955647228683,439.6598498938841,443.42809275824897,1324800
2021-09-13,436.2998046875,444.4437511607125,434.91401087985724,443.3237264253116,1679500
2021-09-14,435.1133117675781,438.7107096350643,434.1736334750992,437.52423544086156,1383900
2021-09-15,437.3153076171875,438.7580494556574,432.95857892011554,434.9518319044107,1770300
2021-09-16,439.7642822265625,440.20089661679526,433.3668226784138,437.37236069312723,1577500
2021-09-17,436.15740966796875,439.2991909795443,433.7939334038819,438.16016417998526,3411400
2021-09-20,428.21282958984375,437.5242776468476,423.92251995108063,433.4238154841327,2602000
2021-09-21,429.1333923339844,433.62302035837234,427.2825102820574,428.2127163219893,1531300
2021-09-22,429.34228515625,432.208825348708,426.97883783022905,431.5918645609234,1380800
2021-09-23,429.76947021484375,432.39868686336223,428.1748556908324,429.31385365084424,2061200
2021-09-24,443.9786376953125,444.8993428167033,431.87660107186997,432.8068072560205,3353800
2021-09-27,437.154052734375,446.5793970214419,434.0027702422272,441.89044856906634,2526000
2021-09-28,424.6153869628906,434.2495515481693,423.020772610842,433.907860887011,2632700
2021-09-29,428.8298034667969,432.8258409491055,426.08666087783814,427.0073661279971,1922000
2021-09-30,426.5137023925781,432.21824999593684,426.4662260500189,430.56668736789663,1836400
2021-10-01,425.5455627441406,428.1558059413303,418.36029712144347,426.87443699967014,1860700
2021-10-04,417.7718811035156,426.51381623115594,414.00363731118244,425.5551356620758,2264000
2021-10-05,423.561767578125,426.2859075731489,416.92701344622685,417.2402298743477,1808700
2021-10-06,426.5043029785156,426.9219442659823,419.8980219252432,421.3692385288242,1334600
2021-10-07,429.854736328125,436.23322106766386,429.0954046313467,433.27178689692215,1966200
2021-10-08,428.8866882324219,432.58848184489483,427.1307006696712,432.2942385684325,1545800
2021-10-11,426.8459167480469,430.6331326545999,426.69404459331656,427.16863421435437,1011700
2021-10-12,424.1597595214844,429.83586230218594,423.09668331417066,427.2730665428978,1380900
2021-10-13,422.669677734375,427.6149244636326,421.50220532791303,425.7450394335031,1621500
2021-10-14,427.7572021484375,428.74435685879826,423.80861227365165,424.3875978175553,1480400
2021-10-15,429.39935302734375,430.87056975174096,426.3524657981167,430.82312236062927,1494800
2021-10-18,438.47344970703125,438.8531156860737,425.7069747742941,426.76055003863627,2141300
2021-10-19,443.3426818847656,443.4186324547489,436.91674805771794,439.4700428486201,1365300
2021-10-20,445.89599609375,448.4872662824896,444.064086804636,444.7095218443254,1352900
2021-10-21,452.97674560546875,453.3753846002363,445.24091288183706,445.89584876845925,1423300
2021-10-22,457.4949645996094,460.3804780538727,454.24878730938724,454.6474264315834,1710300
2021-10-25,465.19281005859375,467.1955646038947,455.1315030507926,457.49495038750354,1903400
2021-10-26,460.8550109863281,463.4367797660154,456.77355170152197,457.6278072533823,2378600
2021-10-27,464.25311279296875,466.5216654158729,458.9851788189839,459.2604489499336,1741800
2021-10-28,466.3541259765625,467.5900436013333,462.5037426725732,462.96006720429756,1362400
2021-10-29,467.3144226074219,469.8148075036676,462.6749291287857,462.7890102776838,2471600
2021-11-01,467.62811279296875,470.49929023419463,463.1882906514871,469.7957415097374,1548700
2021-11-02,472.49578857421875,474.87257582274765,468.4362463985973,470.35668005054276,2012200
2021-11-03,477.57257080078125,478.1715257896221,471.31687994586264,476.6313723974681,1856000
2021-11-04,490.2076110839844,494.5714179978712,481.0712548403308,482.0219697383684,2615000
2021-11-05,487.8307800292969,492.3752246867788,483.5620798047834,489.3994826809947,2071700
2021-11-08,478.9796447753906,488.10648409633916,475.54757810399695,488.10648409633916,2834800
2021-11-09,483.63818359375,484.00897634269074,479.2173649749037,480.2251204789498,1881800
2021-11-10,480.59588623046875,485.20683016805856,478.94162261710915,483.2103521393566,1226600
2021-11-11,486.9371643066406,487.2414000464991,479.1983598885407,481.25190761230994,1227300
2021-11-12,491.68121337890625,494.04848421865995,487.93539431530644,488.905142091411,1780200
2021-11-15,494.2672119140625,497.318969782511,492.4798631563816,492.9361877661603,1392300
2021-11-16,500.760498046875,502.26264375776674,491.9093451125499,494.2196332623334,1690700
2021-11-17,500.3516540527344,504.5823463731328,498.65941194078965,501.5020398110344,1609400
2021-11-18,503.2799377441406,504.63945307647907,496.73901464491064,502.12955183507023,1664200
2021-11-19,507.4820861816406,508.89870012702386,501.9869842271966,507.7578306402676,1909800
2021-11-22,513.0534057617188,518.538992204041,506.08464811861626,507.0353631793981,2190500
2021-11-23,518.3866577148438,518.91905557555,507.4629561264326,511.44645266481115,2147000
2021-11-24,522.6365356445312,523.6823569552779,516.5424780583401,518.6530374943095,2316400
2021-11-26,519.2139892578125,527.2189933359219,517.483680989017,522.4654183206724,1844800
2021-11-29,527.53271484375,533.1419562462261,515.6772692713824,519.213959051031,2919100
2021-11-30,512.7965698242188,529.7097657660152,509.4785843507002,523.8438715104622,4244200
2021-12-01,503.72674560546875,521.2293792094574,503.30842878032547,516.3331748715544,2877100
2021-12-02,499.6102600097656,504.74408630734996,488.7055285439678,492.9552548622364,3277500
2021-12-03,502.8616943359375,511.00932911408034,498.90674533925005,503.8694499476204,2984400
2021-12-06,506.921142578125,509.6306565452444,501.5686136160521,506.0179519134097,2432900
2021-12-07,515.3065185546875,516.2382006059148,508.356794823413,511.7223047442609,2579800
2021-12-08,503.9834289550781,520.7920603313228,499.6481716139383,519.2899726664175,3037500
2021-12-09,498.4883728027344,506.09409220166503,497.9844660395789,502.73804066391057,3200500
2021-12-10,531.2785034179688,533.6077665109992,508.2616749709399,508.3567812764499,6333600
2021-12-13,529.75732421875,532.162660748265,520.9727279017995,523.3115074256369,3415200
2021-12-14,518.4628295898438,529.7097437864837,511.07575709606573,529.0347734222562,3494400
2021-12-15,537.6102905273438,538.5705219454092,518.6435730201609,519.2900522459687,2937100
2021-12-16,525.3936767578125,538.6276143597415,522.370409781301,536.9543465427191,2683000
2021-12-17,520.6210327148438,529.0443537772009,514.3177875561962,522.2467762717255,5752000
2021-12-20,521.524169921875,522.0756008185272,511.513172070341,515.4110799995965,2033600
2021-12-21,518.5484008789062,524.5854750765255,509.6592401186788,523.3685321986387,2472800
2021-12-22,522.579345703125,522.8930978093767,513.1957960264166,518.5008004299397,1454500
2021-12-23,523.2449951171875,525.3745873726639,520.5069313524217,524.5474699882071,1757800
2021-12-27,535.69921875,537.8573598270133,524.2621503444764,524.3571986098062,2262900
2021-12-28,536.8117065429688,538.7131364544751,533.0658872962198,535.6613205567745,1155000
2021-12-29,539.7872924804688,543.3239232374156,535.72772222786,538.484818010914,1753000
2021-12-30,536.1175537109375,541.793351202612,534.6534738185669,541.4606242356725,1338700
2021-12-31,539.7208251953125,540.2437067508623,531.4781437965453,535.6422214025611,1509200
2022-01-03,538.7796630859375,539.5021576688625,528.1316445764751,537.182469013573,2714100
2022-01-04,536.4218139648438,540.6905142990707,534.1020674412534,536.4218139648438,2097500
2022-01-05,522.8173217773438,537.2016483650948,522.674749303964,535.9086895324341,2887500
2022-01-06,522.7030029296875,526.2396922781157,516.7610352308074,519.2804527459439,2503100
2022-01-07,509.7543640136719,521.343582236519,507.909974584352,520.563988969792,2323900
2022-01-10,493.2308044433594,504.2685888482656,483.438454049338,503.2037929623346,4916800
2022-01-11,496.3017272949219,496.719986145135,485.14031463534667,493.2308787083336,2457300
2022-01-12,499.8858642578125,503.90742759390594,496.2826758103019,496.3017086762457,1729500
2022-01-13,491.4055480957031,502.9757327919298,489.83684521707755,501.63525024405936,2428100
2022-01-14,478.20013427734375,487.6977679564583,477.125821672349,486.35728532234435,3872500
2022-01-18,464.01544189453125,470.67993381094027,462.8650559418636,470.0904951977147,3801900
2022-01-19,466.0024108886719,471.782744615778,463.09322566555215,465.74572831493157,2709400
2022-01-20,459.02423095703125,475.2434268078025,458.0925197965477,466.56339407015184,2893700
2022-01-21,457.8737487792969,470.2330413919403,457.59806237228315,458.1684970648002,3295600
2022-01-24,464.80450439453125,465.8217762911174,445.89480030008485,452.1124547973239,4412600
2022-01-25,453.79522705078125,458.85303710391366,449.08917685609896,456.2480586404573,3076800
2022-01-26,459.64215087890625,469.529580402223,455.17377907808634,459.41398857878517,3074900
2022-01-27,458.7388916015625,471.35489547684284,456.63782003222957,462.9220599027407,2372300
2022-01-28,468.16046142578125,468.4456932613536,452.4451476329871,459.89874785579053,1918500
2022-01-31,480.2346496582031,481.46108007341945,466.44928281653347,467.7517576621698,2480700
2022-02-01,483.3529968261719,484.56039438183166,472.44829506245264,480.11105532738856,2347200
2022-02-02,496.2921447753906,498.1650250267582,485.1877741674132,485.91981409835654,2547600
2022-02-03,496.8064880371094,501.25304058313793,489.6081905189264,491.1982748733745,2665100
2022-02-04,494.9020690917969,497.02535805912504,486.36120082259964,493.3214578225448,2387400
2022-02-07,491.2077331542969,497.02539189729896,489.62712177743464,496.35887112807944,1863600
2022-02-08,496.2160949707031,498.3489149933516,486.0756108902688,491.20774539163364,1462000
2022-02-09,503.52850341796875,508.6796400648403,500.5291897865841,502.73819793311696,2256700
2022-02-10,493.6736755371094,499.3770789602499,490.12215332399586,495.9493416390386,2558900
2022-02-11,485.28533935546875,496.40648490115683,483.1048940779933,493.59767132019385,2349700
2022-02-14,482.3240661621094,487.05628190980644,477.44903284808146,484.63779790913975,1749600
2022-02-15,489.3319091796875,491.31240958353646,486.32312231949584,488.7797006396079,1984600
2022-02-16,487.8846740722656,489.93177425260706,477.7060967937421,487.0181797162999,1770800
2022-02-17,490.3698425292969,493.4167531762722,482.77162762755427,485.25676975388285,2022800
2022-02-18,488.14166259765625,493.1214765916012,485.9136216728367,490.25547854138017,2154700
2022-02-22,478.15362548828125,489.9603814646293,474.3259693702661,485.5994913291257,2451800
2022-02-23,471.564697265625,483.666589513293,471.1076520146686,478.87724693599085,2021400
2022-02-24,481.39093017578125,482.31452249016803,459.87223173396836,460.14833600237495,2859800
2022-02-25,492.7310791015625,493.45472678366457,481.0767017992215,484.24736772148026,2003000
2022-02-28,494.4068908691406,494.7687147162786,486.83724076292964,489.69370811508645,2408900
2022-03-01,497.9108581542969,504.0332133757712,494.3498045272946,494.6069052069385,2316000
2022-03-02,502.7382507324219,507.5847492125344,494.9020272770784,498.92962762081265,2571500
2022-03-03,507.5467224121094,513.1739966751921,504.2046456970277,508.91782931791244,3851800
2022-03-04,500.3578796386719,504.566392059157,487.29430072443586,494.6449447617317,4417900
2022-03-07,503.2333679199219,519.2009800859688,498.3773387999195,498.40593136717195,3896900
2022-03-08,498.32025146484375,513.907037446954,497.415691821094,501.04340313762407,3649700
2022-03-09,502.405029296875,505.4614122102225,491.03628676144,502.3764367277891,2789700
2022-03-10,507.2325134277344,508.80359406444745,493.3501208725538,498.0823082693976,1777700
2022-03-11,502.18597412109375,516.687345848313,501.24334921811453,510.94581872656624,1735100
2022-03-14,500.7864074707031,509.69857275142624,498.4916792061999,502.5193381833411,1950000
2022-03-15,516.3731689453125,517.8299371799706,502.6621014221593,504.6426018677217,2547900
2022-03-16,517.3920288085938,525.2282535771636,505.8423726379022,518.4775005249046,3017200
2022-03-17,526.3421630859375,526.7039869249234,517.2110218669956,517.3538103624,1974200
2022-03-18,534.4926147460938,535.6352132856125,523.2191230474477,526.5040720554481,3597800
2022-03-21,528.9512329101562,539.6343949781824,524.4856190946919,533.3406579759678,3136900
2022-03-22,532.6549682617188,533.5404661601401,525.9042163501593,530.312702244919,1777500
2022-03-23,527.513427734375,533.8642912841132,525.504334627815,530.3032375339301,1546800
2022-03-24,531.4077758789062,531.5506225261568,522.9430950169768,528.9321935031633,1614200
2022-03-25,529.1224975585938,533.616644844215,523.90464448303,533.035843779035,1974900
2022-03-28,538.1678466796875,538.2154428330755,527.0180845300328,530.103059141083,2056100
2022-03-29,542.7097778320312,543.8904417986115,537.5205748932697,540.8245278282972,2005400
2022-03-30,548.8892822265625,550.584147618965,541.3863472215523,543.6334211916055,2086500
2022-03-31,548.298828125,558.267928369712,547.9751277363871,551.012506697043,3439800
2022-04-01,548.032470703125,555.0974523996736,544.9284326475677,549.7558708479904,1933500
2022-04-04,547.6134033203125,551.9552317086656,544.1284803352637,546.48033552457,2201800
2022-04-05,547.7943725585938,556.0400175816936,544.7284001550015,545.1950053908648,1826800
2022-04-06,556.8110961914062,558.7249383963094,543.0810276318352,546.5659499462778,2646200
2022-04-07,578.958251953125,582.9763791588341,560.6102514431631,563.9522690769653,4804200
2022-04-08,571.33154296875,578.9107240270754,569.1320654043647,577.3682362865962,3230200
2022-04-11,556.6969604492188,572.245682196059,554.9164336080569,570.1413967860573,2792700
2022-04-12,553.5452880859375,563.41913919236,551.0697062244445,558.6202948284747,2142000
2022-04-13,562.8097534179688,565.0948922904347,554.6021175974851,554.6021175974851,2211800
2022-04-14,562.143310546875,567.7515224940466,558.9630844128562,563.4668211361362,2206200
2022-04-18,554.2691650390625,563.7811962223252,551.8697128072475,557.3732035637114,2161900
2022-04-19,565.8662719726562,566.3709425235893,554.1547653586917,555.4401526508999,2327800
2022-04-20,574.6546020507812,576.3208746549141,568.7226320618844,570.4841551123822,1793300
2022-04-21,563.4286499023438,580.034248969534,562.866910538581,578.225187863123,2027900
2022-04-22,544.3475341796875,563.5810947892945,543.728609604917,562.1052066671471,2878200
2022-04-25,541.0244750976562,543.0430407707925,527.0468347450998,543.0239790577508,3154500
2022-04-26,527.2656860351562,541.1481307363084,526.8372043989237,538.2059444081455,2057400
2022-04-27,527.570556640625,536.6541029931169,526.3993653669977,529.5795916393496,2261600
2022-04-28,535.982177734375,538.652539931715,520.5321460225457,529.7544565187018,2118700
2022-04-29,507.1040344238281,535.5817121961419,505.17758975524947,534.9617806137167,2968000
2022-05-02,504.4623107910156,514.2377878044921,494.276747580655,507.5904331663682,3303400
2022-05-03,503.6326599121094,509.53609744721587,499.45542646609624,505.46375760324446,2398000
2022-05-04,519.2255249023438,520.8563811525352,498.60643068614235,506.98947536870367,2465200
2022-05-05,493.37066650390625,517.2323836950164,488.4590625804087,516.4980122344599,3977000
2022-05-06,480.0569152832031,492.5313924739485,475.727115714932,490.58585530859716,3560800
2022-05-09,475.7366638183594,483.5761202716326,471.4545375786027,473.13306773261314,3292700
2022-05-10,478.24493408203125,486.9904223403324,472.6848463552678,486.1034836144029,2729400
2022-05-11,466.4379577636719,484.4820664297084,465.2267630753121,480.5909634266834,2782900
2022-05-12,463.67230224609375,474.23937022579145,457.54953228192977,464.2540774460447,2829500
2022-05-13,474.2488708496094,475.69852106436394,466.9339698603253,470.2814545906898,2338600
2022-05-16,471.6357727050781,474.6399378903083,466.953077263184,473.1712530204967,1579700
2022-05-17,467.763671875,470.7106167023996,457.9977424194286,466.5143207085066,2602800
2022-05-18,409.5209655761719,442.38563528977284,404.89549000375985,438.70434756096387,9511600
2022-05-19,403.3504333496094,410.59859689534943,399.33534360139737,410.4460006085715,5839600
2022-05-20,397.1512756347656,408.9963018408055,387.6905404899967,408.94859913881913,5115000
2022-05-23,409.5971984863281,410.0931145657622,397.3802408203199,400.5560653898143,3687200
2022-05-24,417.44622802734375,418.419025802462,404.7047425680549,405.13389237639973,3473400
2022-05-25,419.7350769042969,422.7392708187584,410.8846960200993,416.13007331170866,3225100
2022-05-26,443.4632568359375,446.38159166409156,426.79251288251766,428.30890026540044,5917600
2022-05-27,448.9661560058594,452.89541578187027,434.0501964703834,435.6524138170502,5719600
2022-05-31,444.6363220214844,449.00427787723487,436.8254761689703,448.9661506347458,4424500
2022-06-01,435.8336486816406,448.71821284213155,435.5570951806987,447.65006787427546,2319400
2022-06-02,465.0359802246094,468.39303972359477,436.6823553508784,439.56253334852113,4950600
2022-06-03,454.20196533203125,465.5510479886662,453.5725165961648,462.57549331348946,2857400
2022-06-06,450.59698486328125,458.73208703042013,447.2017975246598,458.2552345490995,2297000
2022-06-07,449.9389343261719,451.7986706791857,438.3132682909198,438.61846086968126,2435500
2022-06-08,446.3243713378906,452.46623355942154,445.2753191741153,449.93892125664064,1697000
2022-06-09,450.1964416503906,461.8221081364526,445.523292887863,445.70449916948144,3087500
2022-06-10,441.8610534667969,446.5151384418787,436.5680024515986,443.4728172168912,2549900
2022-06-13,431.3131103515625,437.40729961239083,428.1181926020787,429.1672739816542,3113400
2022-06-14,433.7449951171875,437.5216876354284,429.4342592656349,431.31305916182947,2224600
2022-06-15,437.5503234863281,442.86243819712246,430.49291233329825,437.273740888013,2250200
2022-06-16,430.84576416015625,436.5775112066795,427.2312141946612,429.462880319455,2906600
2022-06-17,426.0104675292969,434.593812101166,422.6820465588414,430.16860715160385,3623400
2022-06-21,441.6703186035156,443.3011751459604,428.34708739171816,429.6917858600416,2420600
2022-06-22,438.66607666015625,443.2057210804138,437.2736757221303,438.1224870127929,1827500
2022-06-23,453.0099182128906,454.2306595651472,444.149989768402,444.7794386210175,2030100
2022-06-24,461.9460754394531,462.3847715799059,454.6120818318021,457.77838934323665,2862600
2022-06-27,459.44744873046875,464.6832806074563,455.2511519579324,463.3194892497169,2034700
2022-06-28,446.9156799316406,464.6832084939813,446.22904028166266,461.1163611565746,1754600
2022-06-29,448.0887145996094,451.07381564584153,444.8270600829461,449.14734219169435,1275600
2022-06-30,457.0917053222656,459.7716138919543,443.2057636378718,446.62001453821296,3852400
2022-07-01,463.2717590332031,468.5075902704867,455.870998777186,458.90377375043397,2660400
2022-07-05,465.656005859375,468.1737718883771,456.30967953207954,463.0809907548178,2489400
2022-07-06,469.8427429199219,474.0104289401057,465.19820441953823,465.65599327824566,2262300
2022-07-07,472.03631591796875,472.5894520288931,466.5715756220852,469.280094412863,2125200
2022-07-08,478.3211669921875,482.11689389330087,473.99133856701,474.2965311222569,2607800
2022-07-11,475.8033752441406,482.14550709422986,471.93133562599087,477.920601315055,1891100
2022-07-12,467.8590393066406,478.66450346856607,465.4461669731176,474.00090144738385,1775300
2022-07-13,469.4326171875,474.29651789634596,461.4215020166282,461.89835445661777,2008400
2022-07-14,488.23968505859375,489.508128864452,470.76780444056874,473.1234566895419,3715600
2022-07-15,498.7401123046875,500.5044435217334,491.90206278109684,492.9892423964306,4265100
2022-07-18,492.3979187011719,504.0617713537642,491.79707984701173,497.7005165910889,2464100
2022-07-19,496.14593505859375,501.2482917501065,493.0368474354453,498.2250049798847,2391000
2022-07-20,499.93212890625,501.8013532886227,492.8842356025341,497.1282341231623,1740700
2022-07-21,504.94866943359375,505.21567656420166,497.45250390654866,499.7795464311426,1716100
2022-07-22,505.1965637207031,512.2444573488795,501.71557554069875,506.1407805275768,1800800
2022-07-25,504.64337158203125,507.64750677476906,501.64872454129045,506.81778825595865,1452700
2022-07-26,488.23016357421875,495.62137686868294,485.206935209216,491.1580447289114,3334800
2022-07-27,498.1296081542969,501.00026924081607,487.5053506139699,489.3459649964478,2060100
2022-07-28,512.2401733398438,515.1062267939285,497.05012501919896,497.05012501919896,2083300
2022-07-29,517.1316528320312,517.9150479040256,508.1513854972506,508.24689730431624,2131500
2022-08-01,522.3954467773438,528.0320406646952,517.0836978669898,517.2460912004915,2256000
2022-08-02,519.1951293945312,526.4366487437068,516.6252326051263,519.7396865183089,1984200
2022-08-03,522.5865478515625,524.201093336925,517.9148675743305,520.6662830560134,1693300
2022-08-04,519.023193359375,522.7681534871689,516.5296825778281,522.5770715978924,2000500
2022-08-05,516.5296630859375,517.4181326120394,509.5364860343578,513.2528158090231,1711500
2022-08-08,517.704833984375,523.0547773326319,514.6190099851041,519.5582176282371,1344100
2022-08-09,511.896240234375,520.6663564522789,510.05241958395555,519.3670929333312,1877300
2022-08-10,515.7174682617188,525.3569250382319,513.3004027845055,520.169377267792,2336600
2022-08-11,508.4378967285156,519.2237902848292,508.14174020264716,518.9849524959028,2340200
2022-08-12,513.2241821289062,514.3610522630104,509.89952067144026,512.2401425134198,1918200
2022-08-15,521.3828125,522.5770012597343,511.7624208543806,512.4503039011865,1848000
2022-08-16,528.3281860351562,534.967828301239,524.4589681494623,526.4938702800149,2498000
2022-08-17,531.48095703125,534.4712107857948,524.4973424799342,525.4431307857476,1835200
2022-08-18,535.9136962890625,539.5344554411062,531.5763656059863,534.0985061384365,1619200
2022-08-19,529.7708740234375,534.2896660719416,528.4715522104817,533.7069158947356,1617000
2022-08-22,521.1153564453125,528.3091784920633,519.988049101427,528.3091784920633,1860900
2022-08-23,517.8673095703125,521.6313961946646,512.9090337670418,521.3734326728122,1359000
2022-08-24,518.9658203125,520.8765225999758,515.2781788920732,518.5168332637462,1145800
2022-08-25,526.1786499023438,526.3123547168287,515.459582156182,521.3732067399663,1483300
2022-08-26,508.07476806640625,527.9938127885378,507.9314420945937,525.4430419842497,1886800
2022-08-29,507.3487243652344,511.59048534362074,500.6039483100976,503.4986899694695,1579900
2022-08-30,500.73773193359375,512.0777446533439,498.2251539140027,510.42500593467855,1872700
2022-08-31,498.7888488769531,502.8204613484903,497.03103528491715,502.075259407728,2179800
2022-09-01,505.54315185546875,505.93487848067844,493.9452332069361,496.5150718235249,2280600
2022-09-02,495.9322814941406,510.9599935227323,493.00890954325786,508.91552823217984,1901700
2022-09-06,495.7317199707031,499.79196223462384,489.646137995227,496.93541340266137,1933400
2022-09-07,505.9921569824219,507.92192650169034,495.731695774126,496.78255863184637,1827900
2022-09-08,505.4954833984375,509.2309396956954,498.2730297855742,500.9193715887453,1600800
2022-09-09,512.6224365234375,514.0363378424101,505.88722126236115,508.36154857056334,1930900
2022-09-12,515.4310302734375,518.3734695991251,513.0235269069639,513.7209145320129,1522400
2022-09-13,487.5156555175781,508.4760610205053,485.9775542382986,507.09079026109055,2881400
2022-09-14,485.318359375,491.0600288224033,480.6562413366761,490.916702833232,2007300
2022-09-15,481.019287109375,486.3310369841806,478.1818931274553,485.70050174875377,1749600
2022-09-16,481.6307678222656,483.82806391962436,475.0961399597627,477.2648058423348,3004800
2022-09-19,483.9522705078125,484.08600451690296,476.6151801961295,479.73916816387595,1441300
2022-09-20,477.2169189453125,480.95234483763977,471.3893011946982,480.541550906629,1843100
2022-09-21,471.0550231933594,483.81850123128646,470.9881416121564,480.0639780123907,2082600
2022-09-22,465.4183654785156,471.9434000641585,462.78158735503513,471.9434000641585,3133100
2022-09-23,445.5757751464844,460.78497844029823,442.8339219823712,457.55588685503477,5377800
2022-09-26,458.8550720214844,462.4949569862614,444.4388289808717,445.0693641372502,4001900
2022-09-27,456.9444274902344,466.59347960063604,454.202574449898,463.8134043522281,2412400
2022-09-28,466.4884033203125,469.60282812456046,453.0179467905215,460.03022046419943,2419500
2022-09-29,457.5941467285156,467.1763184848051,452.9033686487161,463.92810094978677,1963900
2022-09-30,451.18365478515625,462.2275112001842,450.8015201750692,459.199064531367,2436700
2022-10-03,456.3999328613281,459.3710610571941,449.3971923368841,453.31413803286864,2338500
2022-10-04,464.4248352050781,466.23043362463295,459.2659450927763,462.2275101806705,2175600
2022-10-05,458.87432861328125,462.2658139568936,453.61989663275074,459.81055419788044,1587700
2022-10-06,460.9473571777344,471.8288205379641,460.40282919168027,461.86451525372576,2430700
2022-10-07,447.24761962890625,457.7182597086767,445.3082580274387,456.90623458316264,2568100
2022-10-10,445.4897766113281,449.25386234112125,440.99961470370624,448.71886804851124,1616300
2022-10-11,450.94476318359375,455.94125935021907,442.9962651155281,444.23820973882005,2341400
2022-10-12,445.5566711425781,458.3201484302709,445.4802267242668,453.1421615573009,2043900
2022-10-13,447.0947570800781,450.67732374611006,428.98130818002113,437.7323278548488,3390900
2022-10-14,434.3504333496094,452.2537353266568,433.52884528155687,450.9544424858917,2301600
2022-10-17,443.4453125,446.0343056984082,439.92006477089416,441.03780917963473,2097500
2022-10-18,452.1390380859375,455.2439293908811,447.8972765553989,452.0721856617879,1864000
2022-10-19,450.3811340332031,453.66754394497775,446.10118003089195,446.9227679313356,1207600
2022-10-20,443.875244140625,451.00215551596216,442.24160184675486,449.9703891079924,1709500
2022-10-21,456.8298645019531,458.1578167651754,441.6397850997023,443.00593042222073,2508400
2022-10-24,474.78082275390625,475.76483319048975,459.5334278295149,460.10661514791235,2366200
2022-10-25,476.7774658203125,477.8570171107937,468.5996636254267,471.293760431849,2130900
2022-10-26,477.15020751953125,484.7643583723558,473.558077384194,475.7649365042529,2088700
2022-10-27,475.2264404296875,481.4187222131851,472.9294642810353,478.3560678765579,1576600
2022-10-28,488.94122314453125,490.80753230883033,474.68080207806804,475.95369981648423,2369300
2022-10-31,479.97357177734375,487.7641837516816,479.0164958615365,487.7641837516816,2192200
2022-11-01,478.4995422363281,485.61063663906333,478.32727562612087,482.07902509165723,1586300
2022-11-02,462.7557067871094,481.6387927053057,462.52598874514473,476.432298271164,2464400
2022-11-03,465.4163818359375,470.2400226609623,459.1188069473701,460.23859844352893,2010400
2022-11-04,465.53118896484375,471.4842009132743,456.0369852873051,469.3499116140124,1987300
2022-11-07,467.579345703125,468.96711722285846,454.13244310662515,456.5729745846293,2036000
2022-11-08,471.6086120605469,476.872528196044,463.71273785730114,469.66574963702317,1709900
2022-11-09,468.93841552734375,476.22174810700625,465.96189469891294,470.78556475098077,1640500
2022-11-10,491.1042785644531,492.75042079599757,479.8777696326486,483.275406030251,3098300
2022-11-11,493.3438720703125,494.65511975798876,484.9599072865016,491.104347240708,2393500
2022-11-14,487.8023376464844,498.34933059402425,487.5535178247153,493.6309543846683,1820200
2022-11-15,503.87158203125,507.05866025531236,497.67933070583155,497.67933070583155,2502200
2022-11-16,501.6130065917969,505.87200578075874,497.842125429731,498.93320591158414,1833600
2022-11-17,498.9427795410156,499.3925771425379,490.9416396084815,496.7223566018643,1902500
2022-11-18,501.1917724609375,506.8098016646946,495.94701676781744,504.25442612121765,1584400
2022-11-21,500.90478515625,504.64698445885125,499.6701783337893,503.1730502575582,1268300
2022-11-22,509.11639404296875,509.9298849639327,504.0725867702625,507.21182288203903,1809100
2022-11-23,511.5475158691406,513.7583589800552,507.63310794084043,511.07855799944366,1288200
2022-11-25,510.7529602050781,512.8585382955754,510.1883182901732,511.231498024952,744200
2022-11-28,508.130615234375,513.2318450811528,506.2356240377294,508.1019333392593,1684300
2022-11-29,506.2548828125,510.81051497114646,505.3360689303998,508.2455586008026,1685700
2022-11-30,516.1031494140625,519.2902283341756,499.7275957258476,504.77134570659007,3601800
2022-12-01,482.2322082519531,496.856354808948,474.3937841635758,496.856354808948,6970400
2022-12-02,473.3026428222656,477.5520612495444,470.986506786354,477.12136550324806,3632100
2022-12-05,467.6845703125,471.55116394862887,463.9232701812641,471.3597371438942,2455300
2022-12-06,460.5065002441406,470.37394736588385,456.6877779379312,469.598718464738,2995900
2022-12-07,461.2818298339844,465.65567330044735,458.3148889781127,458.5254468248555,2072600
2022-12-08,460.7554016113281,462.58339051650364,453.17534912933746,462.17185497063195,2901000
2022-12-09,462.2867126464844,469.0532451267937,450.3041349164836,454.70668915464324,4211100
2022-12-12,466.7467346191406,466.88073925525146,460.0376528997496,462.00922677654853,2276400
2022-12-13,467.244384765625,476.59500416692924,460.8798077719084,475.7049307446294,2626700
2022-12-14,462.7652587890625,470.5845805629317,460.3917296082855,467.8760398185656,2145000
2022-12-15,443.9970397949219,456.23804750777384,443.27923294183074,454.93640922619807,3437700
2022-12-16,441.64263916015625,444.8392688241067,437.26879574861096,441.4607924217237,4909200
2022-12-19,438.9436340332031,443.5184547220391,435.81397779369655,441.1353455696778,1939200
2022-12-20,438.1684265136719,440.4941135744227,433.1054876222075,436.96250172322294,1993700
2022-12-21,442.2264099121094,443.78644802680026,436.6179601483308,439.66145396296076,1462400
2022-12-22,439.0201416015625,440.637601706976,433.92852159224094,438.96271940200234,1906100
2022-12-23,442.7911071777344,443.2983561767265,435.27805640547956,437.88130371538745,1229500
2022-12-27,438.81927490234375,444.7531568239907,437.4889254582195,444.4660165459283,1230800
2022-12-28,433.5456848144531,440.69504101351373,433.3638381062438,437.9003965010043,1324100
2022-12-29,436.93377685546875,439.2977550498594,433.99554738811383,436.07241454983875,1465000
2022-12-30,436.9050598144531,437.0964866387173,431.40187450463253,435.13446391672346,1803200
2023-01-03,433.8233337402344,439.10638183979677,428.6742610697306,438.34073285411057,1978100
2023-01-04,436.9625244140625,439.78590970390326,433.16293232408157,437.55590673616547,2097300
2023-01-05,430.8658447265625,436.83798681954335,430.32030465255383,435.02912921576194,2169300
2023-01-06,462.1431884765625,463.62667349629197,442.37957897950355,443.20265015069486,5174500
2023-01-09,458.2000427246094,465.97149360631994,457.61624050184736,462.20061258911386,2384800
2023-01-10,460.7362976074219,461.39668226513743,455.07042506378593,456.65917444266415,1649900
2023-01-11,463.5213317871094,463.7223095067774,458.5445264441209,459.7121599711034,1576400
2023-01-12,461.72198486328125,464.18167621926403,458.19995358757245,464.1720961166117,1628200
2023-01-13,464.42095947265625,464.74636168895785,458.4392366561615,460.24812365553237,1405900
2023-01-17,465.875732421875,469.4265043322689,463.57875656147274,464.3061434468593,1539900
2023-01-18,458.88909912109375,467.8281828893733,457.97986549911803,463.99987998864714,1925500
2023-01-19,449.3374938964844,457.0611023699696,447.9784626594032,455.79775534377774,1919500
2023-01-20,459.50152587890625,459.7025327728432,449.3182572683249,453.57725512652047,2588600
2023-01-23,471.46502685546875,473.98214051450327,457.0993410599808,459.3484747025192,2709400
2023-01-24,470.9864501953125,472.4125126723386,466.10538809780707,470.9290279970568,1510200
2023-01-25,469.80938720703125,470.8238852482842,463.7032387500625,468.35461325532026,1329800
2023-01-26,476.91082763671875,477.26497019350364,470.661124248014,472.0297647484992,1576400
2023-01-27,481.6866760253906,487.2472839536223,476.4897323580367,478.308199700599,2034100
2023-01-30,481.67706298828125,483.897485649129,478.891969162479,478.891969162479,1855900
2023-01-31,489.1996765136719,489.4580764322174,480.4519907892012,481.6292043889501,1924100
2023-02-01,495.6791687011719,498.11017894668635,483.05536406829526,486.491263148596,2080200
2023-02-02,501.8341979980469,508.18106383850426,499.1593295239901,502.65870187675137,2287400
2023-02-03,493.560302734375,500.0318103537513,491.3552081378313,497.71167141421995,1844100
2023-02-06,494.3178405761719,495.88053628607105,491.1348099399627,493.2152638090526,1740100
2023-02-07,495.21893310546875,496.6186586912756,486.45601895519366,490.86620785569204,1927300
2023-02-08,483.0237121582031,491.0483764797557,480.86654307139963,490.1951114776066,2062900
2023-02-09,479.974853515625,488.15291890253656,477.8560425882412,484.44259327011054,1517300
2023-02-10,479.3613586425781,479.89825177197497,474.94157247763616,477.9424393399499,1536800
2023-02-13,485.5548095703125,485.880778280195,480.6652204051183,481.03911450291815,1452600
2023-02-14,482.45806884765625,486.8970482385753,478.0574473226281,484.17422492990437,1257300
2023-02-15,490.1855163574219,490.31975425623625,480.65562032986765,481.98828550318854,1422600
2023-02-16,483.3017578125,489.6582207670169,482.82238690200523,482.8319544244498,1456000
2023-02-17,486.5423278808594,486.76281978243253,481.1350097660049,483.46474545531834,1340400
2023-02-21,481.0390625,483.19623137569477,476.063190619386,480.1570365000177,1811800
2023-02-22,476.86859130859375,484.6056152904599,476.1111771047623,483.12917400511435,1332000
2023-02-23,472.7939147949219,478.27788944899794,467.7317303293577,478.22036728538706,1546300
2023-02-24,468.4508056640625,470.128603773985,464.7021510630669,468.4220445810886,1587600
2023-02-27,466.9360656738281,472.6597559784295,465.6417582591079,472.22831042069583,1501700
2023-02-28,464.2035827636719,468.7096807820546,463.82009190770833,465.5650089495907,1918200
2023-03-01,458.9209289550781,462.6695834714292,455.4214981409038,461.2506643987878,1759300
2023-03-02,465.6513366699219,467.3195381448474,455.9392769395519,457.66500058544176,2379200
2023-03-03,455.651611328125,456.36107085708124,446.13128355888733,455.23933014111896,5354200
2023-03-06,463.1490173339844,468.65221565442664,455.900931017773,456.859672903605,3104700
2023-03-07,465.1335754394531,474.77851554500586,464.98977002206965,466.04439184701107,2659100
2023-03-08,465.9869384765625,466.79227819128477,461.289108844775,463.07235480055675,1548500
2023-03-09,459.7358703613281,469.78349524158824,458.8730085687026,467.36747637054094,1629400
2023-03-10,451.70166015625,460.63711217748977,449.0555232236641,459.2181929306666,2123000
2023-03-13,452.5261535644531,457.02265518525286,447.54068423704626,447.54068423704626,1799600
2023-03-14,462.036865234375,465.143179331258,453.4848754286706,455.8146110013328,2422900
2023-03-15,465.62261962890625,466.9264946387414,458.79638161628134,461.6438463822845,2226300
2023-03-16,467.1565856933594,468.0002832433511,462.84224716056804,464.92270069052046,1979600
2023-03-17,466.9552307128906,469.6876509797113,461.6438216527547,468.8919080764066,3959300
2023-03-20,469.102783203125,470.5408959021708,465.6800679573613,467.86599808957186,1623800
2023-03-21,470.59844970703125,472.65973886254517,465.93894903446363,472.65973886254517,1664000
2023-03-22,467.4057922363281,476.1303484761131,467.24282251492457,469.26575367073093,1299700
2023-03-23,467.63592529296875,472.89940858741704,464.3090899659173,470.44503183841715,1565900
2023-03-24,474.8360595703125,475.5071905603,466.48542635375753,466.84975293355194,1635200
2023-03-27,472.8706359863281,479.2366663807314,472.1899374946272,476.7631253883872,1452100
2023-03-28,466.68670654296875,473.6759420243783,465.3828318198096,472.28575479710554,1407800
2023-03-29,470.6175842285156,471.0298361818334,465.85263629654503,469.0165018020108,1643000
2023-03-30,471.2024230957031,475.2866432046527,470.7422165057821,472.6597000760704,1545500
2023-03-31,476.3700256347656,477.79854153051286,473.56091922909025,474.57718317966544,2082000
2023-04-03,476.52349853515625,478.60398138929366,474.57725359479366,476.01536648447484,1804700
2023-04-04,477.1946105957031,481.8444853471649,475.0566056517452,476.01534754004336,1913300
2023-04-05,476.61932373046875,483.3305164433281,474.73060118236776,478.4121662452618,1941500
2023-04-06,465.9293518066406,467.7221942963233,457.7992107867372,462.11354889886354,4114700
2023-04-10,473.4554748535156,473.5225938050424,461.7876029251996,463.935175306222,1653600
2023-04-11,478.07659912109375,479.3613096392823,472.65971373024195,473.455456561169,1547400
2023-04-12,469.1603088378906,479.41882861181637,468.38373031534456,479.37090322488507,2063700
2023-04-13,477.34796142578125,477.8752577041934,470.08068231000226,473.1294741645747,1600500
2023-04-14,471.0298156738281,479.72561047178635,469.9368652802367,475.7180769311568,1675300
2023-04-17,473.5608825683594,477.34792402617165,470.88598500514126,472.4391418939534,1411800
2023-04-18,476.3988342285156,477.09872633383367,473.73353297296836,475.6318524280555,1339600
2023-04-19,475.564697265625,477.44382301461457,473.45545358723405,476.6193191048205,1098800
2023-04-20,484.7206115722656,489.5910357504083,475.0661049741575,475.2961936174329,2936500
2023-04-21,485.4589538574219,489.5719646901529,484.60565954530546,488.35434378448025,1508600
2023-04-24,490.3197021484375,490.57855187916994,484.94114589763933,485.21918918815027,1374100
2023-04-25,482.41009521484375,491.95915477316606,481.53763671857234,490.04167128909063,1789900
2023-04-26,474.251220703125,482.12248266226385,473.0336291542743,479.7735828152547,1441900
2023-04-27,480.5885009765625,481.5376752729393,474.4142013228156,474.4142013228156,1361600
2023-04-28,482.45806884765625,484.0016291626351,479.9845277795574,480.8665538856942,1170200
2023-05-01,473.2253723144531,479.4188362909491,468.632990795626,478.55597450301894,2203200
2023-05-02,474.3950500488281,475.22915077273586,469.60134082317074,474.5772133400814,1940800
2023-05-03,469.84100341796875,478.20123307097407,469.45751255027596,476.1111829723422,1426400
2023-05-04,471.09002685546875,471.6376565974427,466.85315293302364,469.7449944958449,1487000
2023-05-05,479.4676513671875,479.7942999593394,473.626355938964,473.83772024206274,1709200
2023-05-08,479.4676513671875,480.6109360994712,476.2395739956833,477.8439958841797,1015000
2023-05-09,481.1297302246094,482.04241703178616,476.9024736094935,477.4500739659984,1571800
2023-05-10,480.0440979003906,485.14563288255056,475.66311903796515,482.2442041287743,1257600
2023-05-11,482.18658447265625,483.25299350623607,478.0169403975017,479.90001492160536,1046700
2023-05-12,484.281005859375,486.16405111013216,481.52368226946123,483.41634431807364,1472800
2023-05-15,482.3306579589844,485.17444451340407,479.2754777879391,484.22331983610394,1135700
2023-05-16,476.6719055175781,480.64938953575415,474.8945278184343,480.37076628184934,1229300
2023-05-17,475.56707763671875,478.4589191476203,472.5887729027694,478.4493023496685,2069500
2023-05-18,478.54534912109375,479.02571987320897,474.6831495096048,475.56704459407854,2298900
2023-05-19,477.02740478515625,479.7847577830462,474.52950010114085,479.7847577830462,1635000
2023-05-22,472.5599365234375,477.48854531407784,469.3606800962614,477.48854531407784,1943800
2023-05-23,465.834716796875,468.04443979295826,464.00931384846064,468.04443979295826,1800200
2023-05-24,463.80755615234375,468.1212759212293,462.0301785892041,468.1212759212293,1600600
2023-05-25,467.44873046875,469.36062584937997,458.03347619403047,461.3576333283169,3421900
2023-05-26,487.3457336425781,490.6987120332121,465.1141616711284,466.58409496611296,5302600
2023-05-30,488.0856018066406,494.5801957231639,481.8984229494812,489.77651657093554,2544800
2023-05-31,491.4769592285156,493.69626992782986,485.1264714721721,488.88294524047,3320800
2023-06-01,492.4760437011719,493.57130302728115,482.3882877979934,489.33442971541496,2407700
2023-06-02,492.4665222167969,498.14447880665966,489.4017250987075,490.2856201989078,2284800
2023-06-05,497.9042053222656,498.54788560873135,491.91880546801343,492.4664350749464,2023500
2023-06-06,495.992431640625,498.2693843755151,492.6298362857566,497.9042979030086,1410300
2023-06-07,491.15985107421875,498.90339532329494,490.5257582130335,494.31108178709286,1784700
2023-06-08,499.6719970703125,499.86409843009324,492.37994438547355,492.37994438547355,1530400
2023-06-09,496.9723815917969,501.56469538011095,495.26223360836593,497.84663053861385,1287300
2023-06-12,500.5174865722656,500.8057559423781,495.7426293164653,496.9724066211841,1404500
2023-06-13,501.5262145996094,502.41969701185235,497.57752311453794,501.5262145996094,1204700
2023-06-14,506.5029602050781,507.1274070332615,502.602351832092,504.38931705343293,1841400
2023-06-15,508.4052429199219,510.4036019064218,505.98415527548957,508.2323164651788,1871600
2023-06-16,503.09234619140625,509.59652674067536,502.11237102629127,509.2890824018352,3147800
2023-06-20,499.2972717285156,502.37165565566505,497.79851762689225,501.4589396811837,1684400
2023-06-21,499.220458984375,501.161175444527,496.26135895027267,497.577570023048,1273600
2023-06-22,503.62078857421875,504.08192580531943,499.2782175179633,500.248575974252,1114000
2023-06-23,503.851318359375,504.77365138951194,498.95155973948914,502.59274923064277,1434300
2023-06-26,502.8713073730469,504.26439429762814,500.7961315017666,503.81287393229263,1278500
2023-06-27,509.510009765625,511.5083096837614,501.60306806536596,502.1315227535004,1673600
2023-06-28,511.8830871582031,512.5460011746181,507.85757770991677,508.2130473930223,1245200
2023-06-29,510.8167419433594,511.5469149963396,508.1843191442598,509.7503327607784,1121800
2023-06-30,517.2439575195312,518.3776253302406,512.6804358880908,513.1992151319404,2221900
2023-07-03,519.7996215820312,519.8380887755496,513.3626996812568,516.1584319760426,951400
2023-07-05,519.8860473632812,524.6128790768728,516.3985510621965,519.9724812595687,1630400
2023-07-06,516.2737426757812,519.0887087112561,515.5147778721742,517.7244719689309,1750100
2023-07-07,504.4373779296875,515.3994726968607,504.0338828665507,512.930359686615,2740600
2023-07-10,506.32037353515625,510.2978573104077,504.4469159332764,504.4469159332764,1955600
2023-07-11,508.8471984863281,509.92322439437345,505.49421966223923,506.79119737527174,1262300
2023-07-12,516.87890625,518.9060566602586,510.2593835073776,511.1144574814126,1960500
2023-07-13,517.3114013671875,517.9550819137332,511.8735702837061,516.6868957808969,1647200
2023-07-14,525.2373657226562,525.391058554454,516.9749540176588,517.561050871462,1828700
2023-07-17,531.2517700195312,532.4526971863007,524.6610371626438,524.7379129202432,1909900
2023-07-18,531.8568115234375,533.2114309793618,527.8216862639025,530.9728872916465,1778800
2023-07-19,532.3563842773438,534.0665320556606,530.3484676601059,532.7118538916682,1261100
2023-07-20,535.0945434570312,539.0431764801342,531.9721339525287,532.0681846355285,1732800
2023-07-21,535.9591064453125,539.9846146793984,535.5652283289764,537.2176751532061,5264300
2023-07-24,541.7908935546875,544.3272649375742,534.0569369712426,536.0937040589846,2086400
2023-07-25,543.0015258789062,545.2688618923086,542.1464518151957,544.5195139660874,1602500
2023-07-26,543.9429931640625,545.7300169017309,541.3009540656411,543.3089295816044,1306400
2023-07-27,539.7733764648438,548.7370518269986,538.5916246261036,545.432098947366,1485300
2023-07-28,541.204833984375,545.5185533406765,540.5323032995642,542.4153774892345,1371400
2023-07-31,538.6588134765625,542.1366923251751,537.1024172465866,540.897357146193,1365900
2023-08-01,533.6632080078125,540.7823374303697,532.7697251897351,538.6206684269172,1445300
2023-08-02,530.6654663085938,534.7774674727673,529.3877225209128,530.5790324241035,1635000
2023-08-03,535.7959594726562,538.351506204544,530.5406726811987,531.7993004100997,1463400
2023-08-04,530.36767578125,539.2545339731282,529.7624039916559,539.0431990060969,1142000
2023-08-07,536.4876098632812,537.5924859916757,533.2018905074628,533.2018905074628,1015400
2023-08-08,534.28759765625,536.9584873697701,530.1756542255578,536.0937965004549,1020400
2023-08-09,537.72705078125,540.0232371314352,534.9504936618549,536.0745448428831,1471800
2023-08-10,539.44677734375,546.8637327920011,538.687812609855,541.0896665463721,1107200
2023-08-11,540.8590698242188,542.8189614244513,537.0833626690448,538.3514898792483,1043100
2023-08-14,539.4276123046875,545.4226897489306,538.438078849367,542.5981068150442,1247600
2023-08-15,536.583740234375,542.9726359746188,536.2859127173291,539.0240025147183,1124300
2023-08-16,537.1024780273438,542.7708758493795,536.7854169404699,539.6484662407502,1340100
2023-08-17,525.63134765625,538.4188166137567,523.6810726079506,537.506100322624,1941900
2023-08-18,523.5465087890625,527.8986375697041,521.7883353128641,525.4487583160571,1878100
2023-08-21,521.8843994140625,523.7482402270844,515.2456429627348,522.5088461914062,2076100
2023-08-22,517.2344970703125,520.6835855260186,516.3986564941783,520.6835855260186,1286000
2023-08-23,519.6268310546875,519.9246586872902,515.1882083293036,517.8014566945205,1295800
2023-08-24,511.80108642578125,520.743217758244,510.94439679199326,519.0972245152158,1587500
2023-08-25,514.014892578125,515.728212886936,510.69406034359685,512.9560449998339,1511500
2023-08-28,516.11328125,516.9314309481352,513.1582251199909,515.9303931263253,945800
2023-08-29,522.4468383789062,522.7355935944654,514.3324936978518,514.3324936978518,1468500
2023-08-30,521.9560546875,524.0351515053491,519.1165004051779,522.4084281791905,1292800
2023-08-31,528.7132568359375,531.523906398985,519.7807010330906,519.7807010330906,2086500
2023-09-01,523.8714599609375,532.7558390947455,520.3966445331733,532.3612167157462,1437700
2023-09-05,524.33349609375,528.6265201559935,523.6308484977236,525.2960528005473,1714300
2023-09-06,526.2200927734375,528.1355710903531,519.9538396363312,521.4361557145454,1476600
2023-09-07,528.0780029296875,530.3592582604746,523.9101147779484,528.1069078388491,1340000
2023-09-08,530.5517578125,531.6972029118174,527.5774310420665,528.5111418162087,1075300
2023-09-11,537.8575439453125,538.4446895228788,531.196608254567,532.1110490105025,1388600
2023-09-12,537.8670654296875,539.4168264477488,535.3548064109857,538.3387675872376,1055500
2023-09-13,538.80078125,539.4553127966687,533.8532254048189,537.3954272308039,1162700
2023-09-14,543.6231689453125,545.4808963355168,539.272393839877,543.6616500635752,1257300
2023-09-15,535.528076171875,544.3354942112802,534.7387725620761,544.1622410408078,2945300
2023-09-18,541.64990234375,543.0648913061772,536.5964794418553,537.2799158794685,1003100
2023-09-19,543.2188720703125,544.1622176242505,538.4831093651127,540.6103809079004,1144700
2023-09-20,542.7183837890625,547.9065199737877,541.592150102109,543.2188733445741,1311500
2023-09-21,534.2958984375,543.4305505639119,533.5258649586798,542.9492722959258,1687700
2023-09-22,537.6746215820312,541.8905662599129,534.0072825729956,534.3730001022916,1527300
2023-09-25,537.703369140625,540.2541676587614,533.9686447913243,538.540788691906,1313300
2023-09-26,532.2555541992188,540.3506329372335,531.3314783044069,538.2137845396178,2425100
2023-09-27,542.4296264648438,545.2883917752172,524.3335128006181,526.8843116548268,4591400
2023-09-28,547.3386840820312,550.755749010765,542.9494273743196,542.9494273743196,2192400
2023-09-29,543.8060913085938,549.6102780538266,539.7055900881851,548.657356256087,1887500
2023-10-02,549.9183349609375,550.3322273439196,542.8820469506298,546.6456182701779,1831700
2023-10-03,543.883056640625,554.6155881353159,541.9290969457348,549.716148321871,2007400
2023-10-04,550.3899536132812,551.1696222530481,542.6510182722687,548.1664498072938,1798800
2023-10-05,548.1953125,553.22946525866,543.2284870107526,550.7460525140363,1579700
2023-10-06,536.6543579101562,545.7216271414655,522.31223710124,544.8938423363369,4246700
2023-10-09,538.0403442382812,538.7911667393158,529.1945036799259,534.2190219568026,1781500
2023-10-10,541.0435180664062,545.7215295000386,536.375082849885,538.9547277402394,2176800
2023-10-11,544.3451538085938,545.2884406960028,539.2243444558761,543.7001984367715,1449800
2023-10-12,542.6703491210938,547.8296399275524,541.3227459814351,546.780427072414,1458000
2023-10-13,545.6157836914062,546.1932943363989,540.93771246772,542.7376891860605,1243900
2023-10-16,550.8134765625,552.6038180544148,547.2327935786707,548.3589685494165,1428300
2023-10-17,552.8348999023438,554.4904694030506,549.3408140086234,550.5247400759848,1404600
2023-10-18,553.1236572265625,555.6840324811951,550.5824931581869,552.430585776185,1311900
2023-10-19,544.450927734375,554.2882285895291,542.9878228127488,552.2187670225408,2019600
2023-10-20,532.2263793945312,545.451896823906,531.3408438296982,545.3267597740092,2295400
2023-10-23,531.6105346679688,536.0671778612034,526.1624884073473,533.3913002013355,1776500
2023-10-24,531.17724609375,535.1718206293422,528.7612196910072,531.4274614533765,1678600
2023-10-25,529.3966674804688,533.0929118783974,525.1806634991581,528.0105831749719,1757500
2023-10-26,527.0961303710938,533.8917796761951,525.1036893051981,529.0694189988375,1925300
2023-10-27,522.697265625,527.5100497936932,520.0020594906864,527.0960986553556,1503100
2023-10-30,534.1035766601562,535.5281420703182,523.2844465185452,525.3057925059269,1696200
2023-10-31,531.7548217773438,533.2853127689707,528.5013754553477,531.4852777034278,1394700
2023-11-01,535.95166015625,537.5302675427097,529.0694136997253,534.2190695185841,1735300
2023-11-02,536.1347045898438,539.5484461532768,532.3160226478517,536.6458241025481,2100600
2023-11-03,540.8889770507812,542.9043798416811,535.421221415333,537.4463357143369,1826800
2023-11-06,549.4907836914062,552.2198354771809,540.1464873047222,540.4936296135302,2056900
2023-11-07,550.8890380859375,553.4155606419113,549.2400239115276,552.075137013114,1373100
2023-11-08,547.1377563476562,552.5475959119375,544.1579714659096,551.7086393530969,1343600
2023-11-09,543.17431640625,548.6998691894862,541.9592598270305,548.6998691894862,1288400
2023-11-10,556.5303344726562,557.272882349879,544.784882131587,547.6393006795951,1908800
2023-11-13,557.6006469726562,559.259313666662,553.0297639146921,554.4859015254831,1650700
2023-11-14,569.72216796875,570.4454104108712,560.4743409024278,560.9854016222307,2037600
2023-11-15,575.4888916015625,578.4879229615369,572.2198214638755,572.7983919052256,2165100
2023-11-16,557.938232421875,565.6624720400932,551.8243963529426,565.459942943456,2954700
2023-11-17,556.5592041015625,559.2303395616111,553.5794192716509,558.2467698400662,1773600
2023-11-20,560.0789794921875,561.5447697913673,556.7424584321207,556.7424584321207,1624100
2023-11-21,563.4541015625,564.080935260722,557.0992438726391,561.236169708031,1173700
2023-11-22,568.0635986328125,570.0501023205298,565.4309559422875,565.9131176029725,1068600
2023-11-24,570.26220703125,573.0009110740418,569.3460881336107,569.9343700726987,645800
2023-11-27,573.6759643554688,578.5361326804148,571.2747498577053,571.3808701542827,1627400
2023-11-28,572.80810546875,576.1060750504033,570.3201345911231,572.0270058610523,1286800
2023-11-29,566.8870849609375,573.9748965798831,566.462780351677,573.9652439295961,1319800
2023-11-30,571.5928955078125,571.9111386279978,562.0364789720436,566.8580947304287,1755200
2023-12-01,574.9778442382812,575.074253038078,569.5197995303749,572.1138319073234,1475300
2023-12-04,577.7068481445312,578.1408054229153,570.3587089369987,571.0240944018207,1624000
2023-12-05,583.7530517578125,587.1571410581395,575.7299341686852,577.1764190335589,2349700
2023-12-06,585.759033203125,586.7715611353977,582.316391147288,583.897895858104,2233900
2023-12-07,589.1533203125,590.5033375913588,584.7173979052211,588.2372014240037,1690400
2023-12-08,588.9894409179688,591.7184336068614,586.048207629582,586.8871642311321,1502100
2023-12-11,601.6027221679688,602.7310228108757,596.6846968617597,599.7801369980021,2139300
2023-12-12,607.0415649414062,607.2247887370758,600.9759920976162,605.0550611419714,2374400
2023-12-13,619.0955810546875,619.674151512623,608.4880243699498,611.3038320279451,2436900
2023-12-14,608.27587890625,618.9991492844836,607.8129636994614,618.3048059031123,3839200
2023-12-15,635.3154296875,638.266256380934,617.649021266882,618.6133444850973,8807700
2023-12-18,656.935546875,657.5816269580688,637.5140629239626,640.7927854444536,5733400
2023-12-19,653.560546875,656.5113741932155,645.248083682588,650.9183101148658,3437300
2023-12-20,637.417724609375,650.2914175920966,637.2248481707971,647.8227522081263,3782700
2023-12-21,641.42919921875,643.531475607165,635.9229513692344,642.1042372359607,2388400
2023-12-22,647.639404296875,649.249866335603,642.2392181974199,644.167864498313,1641700
2023-12-26,650.5518188476562,651.7475703939558,646.8488501144463,648.9992723676262,1774800
2023-12-27,657.633056640625,659.3886147222746,651.3210777019497,653.5894460735997,1875900
2023-12-28,653.9839477539062,657.6922664398538,652.4947571823255,656.6961418762693,1496900
2023-12-29,651.0054321289062,654.0726623211406,648.1255320846138,651.9127673859527,1947500
2024-01-02,641.7050170898438,648.7566841921152,640.5708029830445,646.5672332053568,2657700
2024-01-03,635.8270874023438,646.4391732789506,634.2589195378265,642.2574725683335,2612600
2024-01-04,639.436767578125,640.9655070700155,631.7045818900897,633.2530054981344,2171100
2024-01-05,646.9913940429688,650.5813669346488,643.2732035340098,647.1590400824625,2233500
2024-01-08,652.5932006835938,652.9778534768931,645.0385355487178,646.7940331091228,2245300
2024-01-09,658.0076904296875,658.116163717192,649.2103382641282,649.8218097704934,1886200
2024-01-10,663.51123046875,664.5665278496842,659.8127836554137,660.3552104821547,1801900
2024-01-11,664.3199462890625,665.2371538497817,658.4616042915065,661.775398097216,1670800
2024-01-12,673.8469848632812,674.3203666856033,666.8150014299117,668.1859065191236,2388400
2024-01-16,672.1212158203125,677.0820948575303,668.8369780953263,673.8471577190057,1626700
2024-01-17,674.7839965820312,675.4546409553382,669.8527348405984,671.1447230090112,1786800
2024-01-18,677.8610229492188,678.2653598803282,670.8586561413829,673.4426321879516,1900600
2024-01-19,685.4155883789062,686.5596745169098,673.2846996706625,679.0345662294311,2267900
2024-01-22,682.9895629882812,689.05497827661,681.0269306199972,685.8694027358913,2452900
2024-01-23,678.1373291015625,682.1217672145193,675.2180002628372,681.2242438010011,2208600
2024-01-24,677.0721435546875,680.4845383271518,673.7287334775599,679.5279023949614,1946500
2024-01-25,670.552978515625,677.0622197692855,666.6671419549915,677.0622197692855,2751900
2024-01-26,677.4370727539062,677.7921091810307,670.1585250175007,670.730568280804,1825500
2024-01-29,684.468994140625,684.5873396053984,676.8255385276702,680.4155114819717,2215400
2024-01-30,691.1065063476562,692.9902821665402,681.3031549532685,683.4137495644305,1610500
2024-01-31,685.3270263671875,695.8207656434338,683.512295587149,691.6784938032245,1928500
2024-02-01,695.8164672851562,696.6263903707011,682.9961112699485,685.465366914453,2039200
2024-02-02,700.7548828125,705.495901229714,693.623702422272,694.6904375946006,2377400
2024-02-05,702.4141845703125,704.0932901629423,697.0015964638725,701.9006204822928,2276900
2024-02-06,702.0487670898438,703.955024944358,695.6781366533095,702.4833584333558,1920200
2024-02-07,710.9283447265625,714.4247889413406,703.2439923899819,705.367576312287,2145500
2024-02-08,715.25439453125,719.2150899761003,711.7974368510445,714.9877559322763,1918500
2024-02-09,714.5037231445312,716.6075334399736,711.2640313204419,716.2223151527401,1426100
2024-02-12,713.52587890625,714.8987993539034,706.5033311347934,714.622274101713,1572600
2024-02-13,705.46630859375,712.9037352254185,700.3203583399984,712.5185168924389,1951100
2024-02-14,713.2987670898438,713.6642120808373,702.325410123399,707.1947747320299,1472500
2024-02-15,715.6001586914062,717.1014853854687,709.4467930346308,712.6172786391172,1264100
2024-02-16,715.0864868164062,720.0941440692853,709.6640115304086,713.1110824697663,1764900
2024-02-20,716.7655639648438,725.9215820371996,714.8099330307693,719.0768134833851,2407300
2024-02-21,714.1284790039062,719.8274798246615,711.412297896592,716.7656270538765,1564200
2024-02-22,725.3685302734375,726.998202756247,716.923628113785,716.923628113785,1801600
2024-02-23,728.8551025390625,733.378795651934,728.055066140644,731.01817284361,1265800
2024-02-26,736.1837768554688,737.5962439870287,729.9118922872556,732.8749987512093,1707000
2024-02-27,735.5517578125,737.4580159040398,732.2133194141795,736.8258720013205,1471300
2024-02-28,738.7619018554688,742.6336783473597,734.0703154996116,734.0703154996116,1365000
2024-02-29,734.7417602539062,743.3051209380661,733.8528042130428,742.1791260288535,3361200
2024-03-01,740.2235717773438,742.1397165411092,730.1588835047328,731.3342515858759,1678100
2024-03-04,749.8438110351562,755.3354333103795,744.4015618171086,745.7942557937506,2133400
2024-03-05,750.6043701171875,759.8097627281649,747.5918901784639,758.9701796078231,2353400
2024-03-06,763.7308349609375,765.6272062940342,754.2686310612805,755.4341727007914,2400600
2024-03-07,775.9290161132812,777.4006827804418,767.4545141578453,769.5286647129136,4187900
2024-03-08,716.6372680664062,746.9201936235196,716.1829033125,746.752301114613,8590200
2024-03-11,705.2984619140625,711.1456425397114,702.2662086763081,710.9579766948809,3762500
2024-03-12,727.8179321289062,730.948930922829,708.0934897393805,708.2614425021483,3727400
2024-03-13,725.1708984375,727.4426012248763,717.6446132109314,725.9610480655589,2270300
2024-03-14,722.9485473632812,731.5711672049863,720.0249275127361,729.2500914377082,1826100
2024-03-15,716.7063598632812,723.5116425622565,714.3259637765058,723.5116425622565,3390700
2024-03-18,722.5437622070312,724.3216746813939,717.0916861772984,717.1706589611521,1595200
2024-03-19,723.1658325195312,726.3067179757294,721.0423091669165,722.790500897292,1322700
2024-03-20,731.6109008789062,732.9641086436698,720.1634636957214,722.0104623813731,1398700
2024-03-21,733.4281616210938,743.0582583126967,731.9860946704738,734.3566041237691,2106900
2024-03-22,725.7636108398438,735.6307468022869,725.3487927690358,735.27518845588,1794100
2024-03-25,721.9708862304688,725.1314853248188,717.8027512266073,722.0103726195509,1604700
2024-03-26,721.9905395507812,725.6648231065982,721.23987622838,722.0103128859682,1353500
2024-03-27,723.0770263671875,726.8401692488708,718.8002590625841,724.9733976666943,1246700
2024-03-28,723.6203002929688,725.8624036792978,719.3633060300727,724.8252680948063,1713300
2024-04-01,712.3704223632812,724.2525103884788,711.34323363745,722.7610702172794,1600700
2024-04-02,702.5525512695312,711.1455723253744,699.6882511072884,711.1455723253744,2326700
2024-04-03,697.0116577148438,702.0686888074998,688.6952209992394,701.2488789962199,3205500
2024-04-04,696.2116088867188,708.3109621805893,695.5596916029581,700.0537853397618,2252400
2024-04-05,704.94287109375,708.0739308539252,697.3376114552452,697.3573245081463,1552900
2024-04-08,703.0562133789062,707.3329802541859,702.1277710146676,704.7353189675783,1459000
2024-04-09,709.7529907226562,710.2072951783342,698.2857217132857,707.4318542501284,1386400
2024-04-10,713.6939086914062,715.0766556706826,700.2315222010144,702.2562997566213,1832000
2024-04-11,723.3436889648438,724.7659825578104,715.2445790751354,722.5041662006487,2107800
2024-04-12,722.3165283203125,723.8870014192889,717.6051693079444,719.0472362919609,1481800
2024-04-15,709.4467163085938,731.8872798110177,709.1207577253591,726.3857717016386,1808000
2024-04-16,707.1651000976562,713.6148242625262,703.3723574899934,709.4664630541926,1412300
2024-04-17,706.3948364257812,714.8989390744248,702.256361224622,714.1087892621683,1376700
2024-04-18,702.5030517578125,710.1083692608169,700.843719621901,706.3946000727807,1846400
2024-04-19,700.7846069335938,706.0786763280556,693.3669536669266,704.2613380151192,2190400
2024-04-22,706.6614990234375,709.4270533664616,697.4857062072409,706.0688414812845,1437100
2024-04-23,713.7926635742188,715.3631366962396,707.4911183189562,710.1875864881195,1176200
2024-04-24,714.9877319335938,716.5087715593894,707.283667133207,710.8591441339578,1206600
2024-04-25,714.1270751953125,719.4988991869126,706.7568710898923,719.4988991869126,1613600
2024-04-26,721.36865234375,723.1197105415956,707.3405628329058,707.3405628329058,1524400
2024-04-29,718.5491333007812,724.4056977951026,712.5045414041183,721.7148650533074,1526900
2024-04-30,715.1560668945312,717.7380931715239,709.4181502150012,717.7380931715239,1734800
2024-05-01,714.4832763671875,722.0414482800945,707.6572280138375,714.5327890532772,1609100
2024-05-02,724.5938110351562,726.5328364654246,712.9103269125344,716.9861869877054,1826900
2024-05-03,735.9309692382812,739.4824774234784,725.4939381792909,726.4140286571385,2323300
2024-05-06,748.3465576171875,748.8312988416482,738.4833296308352,741.5600597121004,1773300
2024-05-07,763.0473022460938,763.9673323307675,747.4759274114155,750.5624994313898,1897800
2024-05-08,755.2319946289062,765.1051256025927,754.5395416373628,761.7514262603967,1511900
2024-05-09,770.694580078125,771.3574462360007,755.4298798557028,755.6178469124952,1716200
2024-05-10,778.7571411132812,779.0143654950845,769.8238470196142,770.6944247512664,1652700
2024-05-13,766.8462524414062,781.022699260838,765.2930637747442,779.5585730395877,1596800
2024-05-14,769.5668334960938,772.445633789335,763.1661114480404,766.6286179819168,1327700
2024-05-15,778.6088256835938,781.2007541477655,770.1801370976043,770.1801370976043,1661700
2024-05-16,784.5742797851562,795.941184004985,779.3904227154798,783.3277678186744,2000000
2024-05-17,787.284912109375,789.0557150626657,782.140604842641,785.1084674525276,1309100
2024-05-20,784.5050048828125,794.3780750295554,783.9015539859575,786.7309018071333,1347100
2024-05-21,792.3500366210938,792.8545829112384,783.5157064194707,787.0474700691651,1375700
2024-05-22,793.2699584960938,797.7118491402676,789.461226262213,791.469448231309,1192800
2024-05-23,787.8092041015625,799.3937216381984,786.9089186975551,795.6838936554879,1519200
2024-05-24,801.0557861328125,808.1193137101079,790.5298125222398,792.0532936073874,1623000
2024-05-28,804.4589233398438,806.5562080715735,796.0994316405197,801.0656743599101,1986300
2024-05-29,797.8801879882812,804.7260407030597,797.6526107999449,798.3748317470636,2282800
2024-05-30,806.605712890625,810.7211224048513,799.6410901078013,801.5207605477835,2277800
2024-05-31,801.214111328125,803.0442691498745,779.7564618739088,800.3633385234913,4360700
2024-06-03,806.6552124023438,819.0410518147744,798.483687350239,802.3122254451002,2008700
2024-06-04,818.5266723632812,819.1400258376625,804.3303592391181,806.2495795761143,1754500
2024-06-05,825.3626098632812,825.4516723126096,812.8778055257693,822.008910500165,2080000
2024-06-06,833.6131591796875,839.9940750621289,825.382280667665,826.4704726681321,1735000
2024-06-07,836.521728515625,841.2702963676034,833.266934045767,837.6099205966539,1593600
2024-06-10,839.2520751953125,840.3798169088786,833.7120296868582,838.1044680309908,1401600
2024-06-11,840.2117919921875,841.8243355010133,831.2587518974098,840.1425346191394,1690500
2024-06-12,838.7278442382812,846.572886973017,834.5728246061445,843.1796380481454,1838300
2024-06-13,836.8977661132812,838.7279240344852,828.5778235213081,838.7279240344852,1322400
2024-06-14,846.5036010742188,847.0081473500111,832.8909956889005,834.384829444657,1395500
2024-06-17,858.612548828125,861.2341850427327,844.228329288936,845.3363265374977,1904900
2024-06-18,861.422119140625,864.5977538580221,858.4048042420063,858.701578425567,1763800
2024-06-20,853.2011108398438,864.488854606377,851.3412455160424,861.9760861027086,1944600
2024-06-21,839.2225341796875,857.6826136260538,838.5696309527563,857.3561922032487,3833100
2024-06-24,839.0740966796875,841.5176683114454,832.4953707414405,840.894412328273,1722900
2024-06-25,846.3453979492188,846.5234624617003,835.9479761820847,840.2217056256025,1564200
2024-06-26,847.6611328125,850.5300303497681,840.9537345419236,843.5852127388736,1505300
2024-06-27,841.5078125,849.1352416243801,839.549042376308,848.5218881436014,1254900
2024-06-28,840.884521484375,848.056856277495,837.7385942967373,842.1310334680527,2131700
2024-07-01,836.6107788085938,846.8301360251055,831.4961791227818,844.356917169892,1989000
2024-07-02,850.1541137695312,851.1434012954354,834.0485442460963,836.6305701971899,1377900
2024-07-03,853.4188842773438,854.2697175727669,845.8409672090795,845.8409672090795,814400
2024-07-05,876.1821899414062,877.4386043120306,849.520881361301,855.298346577778,2620700
2024-07-08,871.404052734375,878.4378725669633,868.2580652597633,877.2902652209407,1611300
2024-07-09,877.3495483398438,887.0643583164748,873.5111082144518,874.3816859984364,1356800
2024-07-10,874.8368530273438,880.7330284419918,871.2655395364246,877.8937780620844,1755800
2024-07-11,837.5208740234375,881.2176830089157,837.4516166574069,881.2176830089157,6021100
2024-07-12,833.8704833984375,840.8944007106696,829.3988844396952,840.7855935738589,3288400
2024-07-15,839.637939453125,848.7097490747014,835.6214347193113,837.7879767051194,2064000
2024-07-16,841.6561279296875,842.1210640618405,832.3271542473799,838.7179127184282,1687600
2024-07-17,837.2142333984375,840.8449015252331,833.6231150333716,838.9256814083145,1783100
2024-07-18,830.3782958984375,846.1376395117901,816.2710456064831,840.3305263546634,2338500
2024-07-19,829.1515502929688,839.7863910858308,826.6090741320799,827.5489093481777,1984400
2024-07-22,838.342041015625,840.4888384795688,829.6165175549135,836.6899477093593,1920200
2024-07-23,842.981689453125,845.4252607802232,836.5216739950642,839.8061154771249,1744100
2024-07-24,821.919921875,836.9373002290968,820.6140550118625,835.552273452075,2511300
2024-07-25,807.2091674804688,827.6874313085151,805.557074221756,826.836598147866,2183700
2024-07-26,809.992919921875,814.6294298092399,801.482876251879,810.3892224571757,1441500
2024-07-29,807.971923828125,816.075808813823,806.5156299189947,814.9067949396652,1320400
2024-07-30,802.493408203125,814.3520087959702,795.8062110506033,810.3892252981796,2017200
2024-07-31,814.35205078125,817.7996532525459,803.7219028499005,812.7867342880825,2135000
2024-08-01,809.2896118164062,816.5018467353233,802.1466724013003,810.9341404526651,1861400
2024-08-02,814.4313354492188,822.5649104191882,797.5201484939566,808.6060384834691,2598500
2024-08-05,794.3696899414062,803.276036177951,785.6218284391715,790.5753078114235,2820900
2024-08-06,809.2796630859375,825.3388652236233,797.5696304154851,797.5696304154851,2476300
2024-08-07,802.7608032226562,826.0719046699861,801.7305013478675,816.4423099481286,1702000
2024-08-08,831.6199340820312,834.9189686851676,812.8165433954698,813.8567620995838,2345000
2024-08-09,846.9755859375,849.7891887243906,829.8365600252132,830.6984605673107,1710600
2024-08-12,855.5352172851562,862.1530582672043,844.4691616381771,849.2740122948129,1748200
2024-08-13,856.7736206054688,859.9735489573327,848.1941603988823,856.872666006836,1484100
2024-08-14,854.6832885742188,858.6658450067,850.5124370332433,856.8231651299341,1341500
2024-08-15,869.18701171875,872.1393265778783,860.9147252544819,864.7487134973469,1923800
2024-08-16,862.4900512695312,869.1871053906087,860.538348720066,869.1871053906087,1516300
2024-08-19,864.2335815429688,865.5017013740895,860.6175776319993,862.4900074761003,1318400
2024-08-20,868.0479125976562,868.6026999807021,863.0646823184655,863.8869769911674,1104600
2024-08-21,873.2191772460938,882.8289397236075,869.0582423059323,872.5455112793674,1465500
2024-08-22,869.3950805664062,875.7751645002348,865.0558277420205,874.0909693981248,1440900
2024-08-23,871.02978515625,876.3299841630298,863.5598991898189,874.2792363441631,1305800
2024-08-26,884.2060546875,884.9391600179554,873.2390432317073,874.9529278808684,1737000
2024-08-27,900.4434814453125,910.3801293689279,878.8165741283481,884.3842799629786,2098900
2024-08-28,879.7875366210938,903.7326410825531,873.4569749142091,902.4844149634324,1668400
2024-08-29,878.3807983398438,892.0821409354355,876.9343604132308,882.7101350176429,1709900
2024-08-30,884.0772705078125,887.9905316648947,874.8835829239102,882.2147572553372,1933500
2024-09-03,870.3956298828125,888.545184478906,866.3040513274019,888.3371165894316,1784200
2024-09-04,881.7391357421875,883.4629368385557,868.434097793486,869.2860817084513,1425200
2024-09-05,877.7367553710938,880.3621237565316,860.6175612478453,880.3621237565316,1998800
2024-09-06,868.5232543945312,884.8895696359111,862.8961090679343,882.9676172153926,2074600
2024-09-09,888.14892578125,890.4671807094958,873.4965557153226,876.5082493748114,1954000
2024-09-10,885.9694213867188,892.3098993818937,879.2624512104155,884.2951428842831,1360800
2024-09-11,892.0226440429688,893.6077333520244,869.7022356035727,886.6728618071638,1796100
2024-09-12,906.5165405273438,907.1802898803502,888.1688322571919,892.042426800596,1867300
2024-09-13,907.4774169921875,915.2345825857421,900.8991819027177,905.1294726174829,1327500
2024-09-16,899.4230346679688,914.0457150589136,896.9264617815315,913.4215718373043,1661000
2024-09-17,888.9218139648438,900.1463560414154,887.1187399995295,899.9779546532601,1387000
2024-09-18,884.216064453125,896.5600986286073,882.6606643870151,891.5670122678009,1338200
2024-09-19,892.3594970703125,896.7086669820333,887.1682597533332,895.8467663074279,1747500
2024-09-20,898.5413818359375,899.3636763947108,887.3663631065142,893.1817434209087,4658200
2024-09-23,908.54736328125,910.9448302974708,892.3990330866695,898.5412989573778,1697600
2024-09-24,893.1519775390625,904.2775338333118,889.1793376941994,903.5245952596923,2432600
2024-09-25,899.968017578125,901.8899701816949,892.7458657134786,894.5984623429634,1728100
2024-09-26,893.0528564453125,900.7802718693935,889.7736556482286,896.8769278585112,2738600
2024-09-27,877.3800048828125,885.1767759498795,865.8681245855445,884.9489352666211,3459100
2024-09-30,878.271728515625,901.5332483656855,873.2092266273636,883.0765793337399,2142900
2024-10-01,869.2168579101562,878.7374319206883,864.6299306107536,877.013630562211,1836700
2024-10-02,870.3560791015625,873.0309095995018,859.0918113339158,866.5121742558712,1317100
2024-10-03,867.5226440429688,872.9813880148607,864.5505564038793,866.304107460471,1451900
2024-10-04,874.8934936523438,876.0625076276386,867.5227133002763,869.8211351807363,1516400
2024-10-07,865.4620971679688,879.4507190734982,864.2138106025471,873.3975208946252,1963200
2024-10-08,882.1353759765625,883.0171097893618,868.5430580289881,868.5430580289881,1697900
2024-10-09,900.6416625976562,901.5333131382223,879.6092069604563,883.9385434180342,1956500
2024-10-10,885.3155517578125,901.5332382502733,883.542227925518,901.5332382502733,1765800
2024-10-11,880.7584228515625,886.1775005100966,877.2612372293913,886.1775005100966,1527300
2024-10-14,881.4815063476562,886.8411440301791,878.0140710411072,884.1464804733806,1431500
2024-10-15,886.2864379882812,892.270279878789,881.2735191902946,883.789925456618,1613900
2024-10-16,879.123779296875,883.0370404032853,871.3170903526377,881.6401252483756,1475500
2024-10-17,877.0531005859375,886.9997255430965,874.5862776130247,883.2647828675676,1321500
2024-10-18,881.2835083007812,882.3237269801284,875.5275671099577,877.5188756926619,1654000
2024-10-21,878.51953125,883.1064586717048,875.4780872047531,880.728764030714,1184900
2024-10-22,885.1769409179688,886.5639394759775,876.0823590835759,882.6902843350256,1189700
2024-10-23,890.8040161132812,897.2534561016876,886.6629145043743,887.6833603064026,2193500
2024-10-24,885.1074829101562,895.0937141616909,879.9955188515917,893.1123224313939,1649600
2024-10-25,882.927978515625,893.2312401505465,881.7193585315949,887.3168146013197,1425800
2024-10-28,882.6704711914062,887.6536402968158,881.7193813264734,887.6536402968158,912500
2024-10-29,878.7374267578125,882.8785287411753,865.9574847633659,881.7194313633687,1361700
2024-10-30,870.9108276367188,878.321213128234,869.2067993586295,878.1329785010139,1412200
2024-10-31,866.0465698242188,869.4843161800019,860.5680527174168,869.0384909134162,1771900
2024-11-01,870.3023071289062,872.3855087365954,860.4119735762469,867.2866115387717,1625200
2024-11-04,878.9923095703125,879.9148737054388,869.7268884305885,874.3001109606289,1576700
2024-11-05,883.0595703125,888.4263907510779,879.7164937122197,880.9069205792845,1622300
2024-11-06,892.0670776367188,892.7119098629576,879.2007069253809,891.1048547503914,2437400
2024-11-07,906.6297607421875,912.1354166952539,887.2260032894471,891.4420554094494,2145500
2024-11-08,936.2611694335938,954.3158048786609,906.4512127940502,906.6992158618461,3277100
2024-11-11,925.428466796875,943.6815178789057,923.9999666204759,936.2612244817859,2181800
2024-11-12,924.9324340820312,932.0550751377413,919.5954030586574,928.4739252624382,1691400
2024-11-13,926.2715454101562,930.1007585732442,915.8256882791625,922.5713592263472,1757600
2024-11-14,916.5103149414062,923.7123343715032,914.804022195336,919.5954588533775,1859900
2024-11-15,899.8245849609375,913.1968911033883,898.3266367323894,910.4093390219765,2269900
2024-11-18,912.1652221679688,918.5438538689302,899.864245664815,903.3660780795205,1797300
2024-11-19,922.72021484375,926.5394377718334,909.040327220816,920.587364295783,1690500
2024-11-20,920.666748046875,921.3809678056557,909.1792292121692,917.690711290043,1452100
2024-11-21,948.0166015625,950.8338826557298,922.5714612351883,927.5315228547323,2320500
2024-11-22,956.3097534179688,968.5015623595572,950.8636157698974,955.0498784659845,2078700
2024-11-25,953.2147216796875,967.212000821687,942.1041717145695,967.212000821687,3240900
2024-11-26,963.7399291992188,966.5869995965841,953.2146934488126,956.2998371055552,1438000
2024-11-27,953.8694458007812,964.5236485596864,950.9331280483099,963.700321918353,1499500
2024-11-29,964.116943359375,965.4958550226909,954.7820734735382,960.3572384444021,1095900
2024-12-02,967.2120361328125,968.70005464994,957.0538394101767,963.6010966664859,1955800
2024-12-03,974.304931640625,975.1481178999209,963.0058966993469,966.9044978805764,1653900
2024-12-04,983.0047607421875,983.2329647318215,969.7415618179947,974.156028435194,1784700
2024-12-05,974.4140625,982.2211948659237,970.3864947730461,978.7788805199398,2089400
2024-12-06,984.6812744140625,989.7405732663084,974.4139717468364,974.4139717468364,1737300
2024-12-09,979.9692993164062,989.0462364803159,972.6681029982024,989.0462364803159,1855500
2024-12-10,985.4649658203125,987.0422313470513,978.0050145336166,981.824237370301,1556800
2024-12-11,986.7446899414062,999.7499563049092,985.6535006604996,987.0522113240344,1903600
2024-12-12,980.4949951171875,994.4624839004504,979.3244279364882,993.6788160258426,2344300
2024-12-13,981.4473876953125,998.6389785592726,958.0160609886934,973.1641088472138,2951900
2024-12-16,984.939208984375,1000.1963624062238,978.4911292862441,981.1497148806817,2581300
2024-12-17,974.2354736328125,988.9569025164676,972.9260101081195,986.0602435029734,2050200
2024-12-18,957.0339965820312,977.7273599252451,956.2999171216541,974.1561396405231,2725300
2024-12-19,947.17333984375,966.8548906811372,945.8936657632041,966.7259242372497,2610800
2024-12-20,946.44921875,954.2563510076407,935.5172234080513,941.8066082730481,5373800
2024-12-23,942.3223876953125,946.6376775767121,929.5155354013361,946.2607080547242,1856800
2024-12-24,951.1611938476562,951.7167182863569,937.8979948945067,943.1457179055835,939000
2024-12-26,948.502685546875,951.7465246997758,946.379764625195,949.1772466668464,969000
2024-12-27,932.1939697265625,942.8581019436351,924.5554629127156,941.1418794935255,1943400
2024-12-30,914.84375,926.7081792007492,908.1873251967687,923.5635169395867,1881200
2024-12-31,908.9511108398438,917.3534257855242,905.2508638644065,916.2721663073877,1742900
2025-01-02,902.5427856445312,918.3753251074991,894.7951713389891,907.6913323449834,1765100
2025-01-03,909.2586059570312,916.8276642758221,903.7231606432257,907.0265783923252,1612200
2025-01-06,915.3397216796875,920.0021312071952,905.9751228332382,910.6474621716974,1970400
2025-01-07,914.0103759765625,923.8709807464434,909.109832749929,916.4606778636924,1888000
2025-01-08,919.96240234375,923.0674055533653,908.1078437577474,915.6074540021332,1774800
2025-01-10,929.4559936523438,936.7373904724259,916.1233461068053,925.9045727151838,2765800
2025-01-13,917.3137817382812,927.5215664616074,913.6433241354865,926.539483976704,1693800
2025-01-14,909.9034423828125,920.3493611923154,902.6518347336871,916.9169767623699,1683800
2025-01-15,916.1233520507812,925.4185023869559,910.9648760206671,919.8533279579042,1839400
2025-01-16,912.4033203125,919.9922386879958,910.4887438237133,917.3435222312594,1353000
2025-01-17,935.656005859375,936.2611187806298,917.1847432130652,922.5713622884543,2375000
2025-01-21,940.1597900390625,948.9093457194465,935.9635974195124,937.6996189303594,2042400
2025-01-22,937.1539916992188,944.3361507553583,931.7375829765322,943.631800255442,2155000
2025-01-23,934.63427734375,935.8544936391518,929.0095845836678,934.1680606278966,1352400
2025-01-24,932.1741333007812,938.4833171496535,926.1030227220359,934.634304488929,1562400
2025-01-27,957.539794921875,959.2658864962749,919.7738824578432,922.5713641826923,3044700
2025-01-28,951.012451171875,957.996256782279,946.4492186358635,954.1472440668073,2166400
2025-01-29,956.3197631835938,960.5258858518863,947.3717924285562,950.14941489369,1713700
2025-01-30,971.1900024414062,978.8681682003229,962.3511386602327,962.549553236077,1788200
2025-01-31,972.052978515625,983.0841500069077,967.9857524672391,968.4420393565211,1873800
2025-02-03,997.7958374023438,1001.5456127450685,961.200485869268,964.6229407181728,2751000
2025-02-04,1013.69775390625,1016.1678550394948,991.6651977445138,997.3692689171957,2001600
2025-02-05,1034.5498046875,1034.75808852252,1011.8525581472112,1011.8525581472112,2047600
2025-02-06,1042.5948486328125,1054.5089243423995,1035.8590473270367,1041.6127662836495,2218000
2025-02-07,1036.6163330078125,1049.4273318611406,1028.3734864198152,1039.784289989863,1632900
2025-02-10,1054.6016845703125,1055.6741979681235,1038.7913556675985,1044.750005891313,2036900
2025-02-11,1051.0462646484375,1058.653508607518,1041.810429665369,1052.6055126572612,1748500
2025-02-12,1057.7796630859375,1059.6467118134592,1043.7569766784868,1046.8852925289962,1662300
2025-02-13,1069.438720703125,1070.799274392021,1057.3129056645319,1059.6566269928244,1623300
2025-02-14,1064.4632568359375,1070.064402983276,1060.649754371664,1069.0613537608647,1410700
2025-02-18,1048.7523193359375,1063.6191233658822,1038.0366406349665,1061.8414204915152,2090600
2025-02-19,1055.21728515625,1055.852888987594,1045.742993600425,1048.781963053816,1349600
2025-02-20,1027.6982421875,1046.3786679319778,1026.725015427664,1046.3786679319778,2000500
2025-02-21,1027.8970947265625,1029.0688948396455,1017.6184462486018,1027.4799455242949,1816300
2025-02-24,1028.463134765625,1031.035251827512,1018.1546637224312,1021.4518518192028,1759700
2025-02-25,1048.3848876953125,1049.7355006236241,1030.3102413846902,1033.5577253738848,2083800
2025-02-26,1024.8580322265625,1051.5925536259087,1023.0804506509936,1042.902855246534,1555700
2025-02-27,1014.6687622070312,1035.3452854929815,1011.8086052870165,1026.8740421048242,1629100
2025-02-28,1041.38330078125,1042.1480135842187,1016.9329787945113,1023.5073510230775,3307100
2025-03-03,1039.6353759765625,1058.653423735059,1033.9647665057578,1044.4916900006554,2422500
2025-03-04,1029.7242431640625,1040.708079631924,1021.6403267013633,1038.5231685390331,2536800
2025-03-05,1040.5294189453125,1043.7371399668855,1021.4120805394931,1025.9604737748823,1898600
2025-03-06,1019.544921875,1038.6821397851922,1012.027084152501,1025.8312542881067,2594600
2025-03-07,957.664306640625,995.511651156589,936.2827154722718,988.2917946995426,5510700
2025-03-10,927.970458984375,953.0464478573354,917.6620488288985,948.885320942548,4459900
2025-03-11,924.077392578125,931.5356460954004,914.8514376912234,924.5838875424496,3204900
2025-03-12,920.6909790039062,937.8717426966269,916.8873567501131,931.5357060726845,2331600
2025-03-13,884.482177734375,917.135586014121,881.3538621015109,915.6459234488572,3447200
2025-03-14,897.6905517578125,900.6996993845714,875.4846618925192,885.6640232624206,3186400
2025-03-17,910.2930908203125,917.0263949770825,891.8113577424243,895.4163461423716,2256100
2025-03-18,891.8609619140625,911.2365159623239,890.6593395764806,906.7079442077293,2182000
2025-03-19,897.8196411132812,903.8875189182899,889.825130578644,896.6378396871504,1908500
2025-03-20,889.2293090820312,901.226015228293,887.9382196363246,895.2872462361541,1891800
2025-03-21,902.9937133789062,903.5002083387362,877.8680840976815,882.6250513011875,3447600
2025-03-24,919.6580810546875,922.2501400461218,913.6597281390044,913.6597281390044,2208100
2025-03-25,923.8489379882812,925.8649163202008,916.13246709118,920.2439500057026,1623000
2025-03-26,923.342529296875,932.9458704945316,917.085958537747,927.8909827133409,1644700
2025-03-27,932.280517578125,936.4019417152266,921.6046021970706,923.1538488882519,1547000
2025-03-28,923.253173828125,932.2805562979838,919.6184235759606,931.0391707370012,2100500
2025-03-31,939.2620849609375,988.1428509660125,915.6856407965618,916.0034427560427,3102000
2025-04-01,947.8226318359375,951.1196982114178,932.2804619396824,935.9251526057716,2041500
2025-04-02,958.4290771484375,964.1990345609939,943.4529854183606,944.2872231495434,1719900
2025-04-03,960.4152221679688,974.5868368401395,921.60453160214,924.6633222351271,3096900
2025-04-04,910.1640014648438,957.8729695988654,907.8401616650729,948.4185578765776,5167000
2025-04-07,901.8715209960938,931.3569113215286,865.7025306475446,881.6319672948131,4626600
2025-04-08,902.4872436523438,936.4912650105878,893.3705159640747,925.6266568687505,3545400
2025-04-09,958.538330078125,960.7927056158173,891.4836293408412,901.7424564173042,5084500
2025-04-10,957.664306640625,986.5637352614225,936.3919428428387,959.8392163427959,4209100
2025-04-11,956.7705078125,963.5236932182929,936.66006332544,957.3167659074719,2721800
2025-04-14,972.5709228515625,980.3270970093679,958.3496033294487,963.3151453156116,2219900
2025-04-15,970.1874389648438,987.1497473706031,967.5358565148995,978.5593354841933,1788200
2025-04-16,961.0806274414062,971.9055329469539,952.6292654935071,965.4304469619124,2531700
2025-04-17,987.646240234375,993.0288704438776,965.2913618908269,966.5725104376681,2711100
2025-04-21,951.16943359375,990.1191152067875,936.4713810613715,986.1566224643935,2841300
2025-04-22,972.4815063476562,980.6448888078652,960.1173554218605,963.0668582361031,2230600
2025-04-23,969.1149291992188,988.887690802877,962.3220410625036,987.6661868656691,2109700
2025-04-24,968.7573852539062,971.2600378769866,954.0892150613116,966.8903365691523,2468500
2025-04-25,970.42578125,971.5778209426179,956.2442247623666,967.2577630170907,1780900
2025-04-28,971.7962036132812,978.5096256237609,962.1035172267218,971.7565011013012,1616200
2025-04-29,984.8656005859375,986.3652039502687,964.3678289083949,971.2600035462798,1523100
2025-04-30,987.646240234375,990.8837831083287,969.8199334787837,983.1772527220022,2212400
2025-05-01,992.155029296875,999.4444718817523,978.2118086876739,983.2766374614636,1829900
2025-05-02,1002.6558837890625,1012.3015987845512,998.9865366663175,1002.1885438144502,1547400
2025-05-05,1009.2090454101562,1012.0828828531045,996.8883853627727,1001.8703509945988,1952600
2025-05-06,1004.843505859375,1010.5414115127393,997.8926436198578,1002.804993320181,1381200
2025-05-07,1001.5123291015625,1008.4233767275962,995.8640704672318,1005.5197389234978,1316000
2025-05-08,1002.0692749023438,1011.3072514459288,985.8505740153513,1007.8268430092909,1882600
2025-05-09,1002.4470825195312,1005.052411797148,992.4632441732878,998.9865211016988,1176700
2025-05-12,1010.4619140625,1011.217608822456,986.6857212543188,1004.1374693535056,2069000
2025-05-13,993.4378051757812,1018.0989712257877,982.0717329470748,1008.0455173774424,2917000
2025-05-14,985.98974609375,994.2631814477387,984.9754969047356,993.1693630715542,2215000
2025-05-15,1004.8136596679688,1008.3239289083896,977.4974577090206,987.093464150095,2470700
2025-05-16,1020.0877075195312,1022.5041586131152,1003.3519598567233,1006.822414308201,2033700
2025-05-19,1028.5501708984375,1029.1965567524753,1007.2202874242956,1012.898286430581,1879800
2025-05-20,1031.01611328125,1032.189561375944,1024.244296910224,1024.244296910224,2271200
2025-05-21,1019.560791015625,1033.6513948071854,1018.0691267780941,1025.1691135206015,1438900
2025-05-22,1012.4307861328125,1023.0211945660695,1008.4432233265486,1021.9670698960666,1660900
2025-05-23,1002.854736328125,1009.4277210746535,1001.36313285317,1006.3351444363535,1413900
2025-05-27,1012.0927124023438,1013.2462530784613,1005.2711270739444,1009.3183517874847,1868200
2025-05-28,1007.4688110351562,1018.8845305865864,1007.2898258954494,1011.3568975169317,1674700
2025-05-29,1003.0933837890625,1011.8441120421384,997.9821413119712,1010.3227080573704,2016700
2025-05-30,1034.3575439453125,1046.5985743929546,996.3912068258352,996.6895154077406,5403800
2025-06-02,1050.93408203125,1054.563674826441,1028.480521036954,1028.480521036954,2148000
2025-06-03,1049.6812744140625,1061.106949138861,1037.4203355987754,1048.249393116082,1992900
2025-06-04,1045.802978515625,1051.9086236821838,1043.4960184092522,1049.0945086521367,1422100
2025-06-05,1005.15185546875,1045.166657751493,1000.3787362396338,1044.1224867099797,3289400
2025-06-06,1009.2586669921875,1014.916818474425,1002.9640834751659,1014.916818474425,1855400
2025-06-09,1000.5477294921875,1007.6775772067864,991.3892621797851,1006.7527903227591,1696700
2025-06-10,1001.6317138671875,1005.8479702859119,992.1351224967011,1001.2935903497591,2255000
2025-06-11,991.2003784179688,999.8118758453438,987.8193862363474,996.8286688710313,2459800
2025-06-12,997.0971069335938,997.6340623016202,989.7882139434442,993.4078527179852,1720100
2025-06-13,984.6671752929688,997.9722836245514,983.1357568263169,993.4875193039331,1786000
2025-06-16,978.8499145507812,996.2420025076048,975.9462765884199,986.7753330989532,2109300
2025-06-17,972.2470703125,980.5801671507079,970.7356199595313,977.4975440359314,1668200
2025-06-18,969.44287109375,977.1494892728728,968.617500152644,974.5142987793846,1509600
2025-06-20,974.802734375,983.1258778425671,968.4485489866207,978.4820354976056,3255700
2025-06-23,998.8572387695312,999.2450702469054,975.7672456668221,977.6466806477873,2082900
2025-06-24,996.3115234375,1000.2096241059307,986.516685177719,1000.2096241059307,2385100
2025-06-25,981.017578125,999.3543581223597,980.4806227573273,997.3854610807296,1827700
2025-06-26,977.4078979492188,982.2009241220966,971.0338061724676,982.2009241220966,2262800
2025-06-27,979.6256103515625,987.5808296770198,974.8126759545179,976.7418190686815,2129200
2025-06-30,984.398681640625,986.1885937625696,974.2657190928985,979.6454091933629,2127600
2025-07-01,980.4409790039062,991.2600816055813,969.0451060355507,984.4583427144128,2200600
2025-07-02,976.8611450195312,980.1824758016086,971.4018854543339,978.3627023820404,1606100
2025-07-03,981.4950561523438,982.1413812829926,971.8592946661065,976.910815055242,1101400
2025-07-07,986.6260375976562,987.332085059468,970.7355087347922,979.4862365777005,1832600
2025-07-08,980.3215942382812,990.2954177883865,978.4222518489755,983.961079966367,1716200
2025-07-09,976.5926513671875,982.8573741665991,966.8375665341525,982.8573741665991,2922600
2025-07-10,964.7393188476562,982.4695298883032,963.6455005310524,981.4751275301168,2897000
2025-07-11,964.8983764648438,973.4999197272267,960.2942890762575,967.8417683549131,1942000
2025-07-14,975.419189453125,975.9959598144566,964.1924086904905,965.664104757161,1679300
2025-07-15,962.2632446289062,974.7628892680038,961.2489348248857,973.7684869326118,1878000
2025-07-16,946.0444946289062,964.1625357763378,944.811445509589,962.5714557082682,2950300
2025-07-17,948.5703125,949.4056371734318,942.2061739195998,945.0401963203284,2280600
2025-07-18,945.626953125,954.88483683279,944.3342421728105,954.5765745234717,2115500
2025-07-21,942.255859375,950.4099705330577,941.3012112986831,946.1837606754639,1742400
2025-07-22,936.3391723632812,952.3391327115432,935.9812020874891,943.4889276122793,1799900
2025-07-23,935.9215087890625,943.1905872180052,930.7605583933083,937.1048499609136,2401600
2025-07-24,928.5728759765625,937.6219735212227,928.2646136845384,936.0607545927455,2057100
2025-07-25,930.2434692382812,936.020944329158,929.1197897535347,931.0588864294646,1827700
2025-07-28,928.7618408203125,934.9768555055023,925.6792178138594,930.2633980792148,2006300
2025-07-29,929.338623046875,936.5181789700229,922.1888676339752,928.761852682542,2065900
2025-07-30,922.3181762695312,932.5008470963108,919.9614474458666,929.7662405065856,1699600
2025-07-31,934.3802490234375,940.6549254933855,919.8221838924715,920.180154175978,2564400
2025-08-01,948.5003662109375,952.6825935058051,935.535291419605,935.535291419605,2934500
2025-08-04,951.3383178710938,956.1280171601062,944.6566123026015,948.5799878682698,2389900
2025-08-05,939.6478881835938,947.4846719374113,931.7314250118886,947.3154063547898,2462300
2025-08-06,964.47265625,966.4542486883591,938.6819304234779,939.6478686096771,2753000
2025-08-07,973.3251342773438,977.85592094085,966.8625320598978,970.5668043386935,1893300
2025-08-08,976.8402099609375,984.0297729077545,972.8770251517262,973.0264164574102,2189700
2025-08-11,984.5674438476562,985.4039257357371,972.1998740646383,979.0109747890199,2290100
2025-08-12,987.06689453125,987.5647845158811,975.9141467199951,984.3284996157787,1588500
2025-08-13,974.71923828125,982.2374259773075,966.006163195504,979.807720322293,2352600
2025-08-14,971.2738647460938,984.1193902261032,971.0647290670321,976.4618396268553,1808700
2025-08-15,967.9379272460938,975.8643575814822,963.1382605614133,975.008001405327,1638300
2025-08-18,975.2171020507812,977.1390109022689,965.9065835206633,969.1926453090821,2078500
2025-08-19,976.7107543945312,984.3583980102833,972.6678901675886,974.4901845213284,1673400
2025-08-20,990.3729248046875,995.0829447697053,974.8686228657992,974.8686228657992,2229600
2025-08-21,965.5879516601562,985.1450856200203,963.437093583242,984.7268750340403,2145600
2025-08-22,954.4949340820312,969.3918246802124,949.0878560050145,967.4400740109915,3136000
2025-08-25,937.6065673828125,954.2559801285828,936.5908523145227,950.9301089003063,2284300
2025-08-26,937.3675537109375,940.0660785607967,929.3116669254806,937.3675537109375,4341300
2025-08-27,945.5130615234375,947.9825765176382,933.2649186879557,936.5211387935202,1893600
2025-08-28,940.9722290039062,946.986717929755,940.1457146403555,946.2796922961653,2067900
2025-08-29,939.3391723632812,944.6068265457893,936.4912562242731,941.0120754262842,1609000
2025-09-02,934.858154296875,940.5241447304179,932.6276168990629,934.6987954669822,1793900
2025-09-03,945.77197265625,946.0806620300694,932.547984872114,935.0374349118152,1670500
2025-09-04,951.8660888671875,955.4508724151366,947.0962639571633,949.3766389651157,1471900
2025-09-05,959.4141235351562,965.4585156085484,952.1847507953563,954.6642941224036,1928500
2025-09-08,967.7487182617188,968.2367014894648,954.5447272029234,959.6629899452552,1737000
2025-09-09,975.1175537109375,975.7349324415829,959.0456501103829,965.906588817574,1496800
2025-09-10,952.2543334960938,976.8600765707878,949.93421010161,972.2695458434508,2277500
2025-09-11,960.2505493164062,961.0869704569363,950.2529402834537,953.7580444540328,1532000
2025-09-12,963.8154296875,965.4783651720791,955.9487438386276,956.2374981417319,1461600
2025-09-15,956.04833984375,965.6476734913563,955.6600318403401,963.7357929367682,2199400
2025-09-16,948.0523071289062,955.5306249312617,946.7876470330755,955.052609184736,2012600
2025-09-17,958.9660034179688,959.9119457572749,949.4662237081953,949.4662237081953,1556800
2025-09-18,948.3410034179688,958.4780362809929,946.6581328273166,953.3298708224646,1860900
2025-09-19,947.1460571289062,953.3995845639652,939.8071635532798,950.9698789865505,4606000
2025-09-22,939.2794189453125,945.9909661809617,935.6447977642146,943.3820275364378,2794300
2025-09-23,939.6179809570312,941.002129739628,929.5606272973081,938.7815597949124,3258500
2025-09-24,941.2809448242188,949.6354925206081,939.1300260692612,940.2951323855239,2149800
2025-09-25,939.3292236328125,948.978334204993,931.6716730484703,948.4306673638549,2991500
2025-09-26,912.084716796875,923.715420077516,901.2306903235044,921.6441806288134,4812900
2025-09-29,913.000732421875,913.3492310836181,899.4780240604304,912.4730006674426,4107000
2025-09-30,921.7238159179688,926.5832270201983,909.5155437954654,912.3833949632594,3096700
2025-10-01,913.4688110351562,920.1006787960291,907.324804950434,919.1048988406222,2642100
2025-10-02,912.9013061523438,914.6339537344118,906.1698232142378,908.7090502147718,2063800
2025-10-03,911.5171508789062,914.2256434530957,907.354797545647,911.7262865702218,2319200
2025-10-06,907.0958251953125,911.9154270820035,900.4340546408501,911.6365795119693,2504000
2025-10-07,910.9395141601562,913.7675560473934,900.065613788979,904.8951223841873,2601800
2025-10-08,910.9395141601562,912.512863547337,907.1157530698373,908.6890416794313,2376900
2025-10-09,938.9110107421875,939.7873019968866,923.366899661988,928.3756414147282,3742900
2025-10-10,926.0853271484375,941.4601721092201,925.0795796678726,940.4344895806962,3142500
2025-10-13,931.6119384765625,932.0301490606819,919.1049440525201,925.0796240788637,2169600
2025-10-14,942.5157470703125,943.4218801373512,932.0003125949146,936.292122007279,1925900
2025-10-15,950.9598388671875,959.9318255084378,941.2709198697512,942.0077872728031,2009800
2025-10-16,921.7138061523438,953.8576111942443,917.272605822159,951.5075243883481,2721400
2025-10-17,932.378662109375,934.8581444724499,924.2331893723009,925.6571474143757,2502200
2025-10-20,932.1595458984375,935.833976311498,927.5690149574637,932.2392253114339,1523700
2025-10-21,933.543701171875,939.3889246039391,931.0542513020833,932.1595524576505,1448200
2025-10-22,940.6934204101562,948.9783171035734,928.5648275960989,936.0331774159066,2372400
2025-10-23,938.074462890625,941.4800132044211,930.5463691152119,941.4800132044211,1974800
2025-10-24,928.2063598632812,939.020515797939,926.2247674387684,936.0331758749339,1639400
2025-10-27,925.926025390625,929.26192491735,921.2160053544948,926.2845523880588,1967600
2025-10-28,920.260009765625,926.7923240756604,916.316759898813,922.9585954212404,2090800
2025-10-29,908.569580078125,915.9981208356954,905.4627513078613,915.1218295643299,2449600
2025-10-30,916.2968139648438,919.1049207994917,906.5282148000176,908.8384316450666,2677100
2025-10-31,908.8876953125,917.4136469236963,907.1226517545758,913.6343234847549,2456300
2025-11-03,925.4310302734375,926.5778216871088,905.8263261302335,909.8350444016509,3206600
2025-11-04,938.0953979492188,938.5241818368919,926.3584660969998,930.5865978064055,2554500
2025-11-05,932.4014282226562,942.6226129331292,924.8327388131737,937.3574271067811,2974800
2025-11-06,920.983642578125,922.3996336225341,905.7465686049585,921.761418187689,3247700
2025-11-07,920.1459350585938,934.3658563350119,918.2014048284054,926.9168856062789,2584000
2025-11-10,912.9861450195312,919.408043113129,906.5143996603014,916.4164768123271,2612700
2025-11-11,911.2909545898438,916.3068435367711,910.4333868174052,913.9235476650076,1663400
2025-11-12,911.4304809570312,915.5189303226801,909.1070142208886,912.8963191462457,1829700
2025-11-13,922.4793701171875,924.1446582594108,909.1568823886911,913.7738710913252,2430600
2025-11-14,920.38525390625,926.2786735081614,912.5274016794157,924.5236115682593,1739100
2025-11-17,910.0245361328125,922.2999275883335,906.2551333273598,919.4280190309142,2481900
2025-11-18,892.563720703125,916.3266847222724,891.6562448597587,910.0245054011991,2984700
2025-11-19,888.0963134765625,892.4839685051458,871.5130590027385,892.4839685051458,3462300
2025-11-20,890.7787475585938,902.0270662643333,888.4952071525561,890.9881791142635,2648300
2025-11-21,896.482666015625,902.7749245805268,889.6220025607739,892.0052982755861,2870100
2025-11-24,883.62890625,898.8260533364739,878.842412336212,896.4727024512009,3661200
2025-11-25,891.8157958984375,893.2018419487803,882.6416475953456,884.1673146723202,2534700
2025-11-26,905.7066650390625,909.436141230939,893.102184614745,893.5010844607134,1936200
2025-11-28,911.021728515625,911.629999066982,900.4614725065887,902.4758133278527,1092600
2025-12-01,909.3963012695312,915.9976861207776,903.6624657873695,910.6328056179475,2149400
2025-12-02,919.43798828125,920.405232170967,902.4558343604823,909.3962900914224,2160600
2025-12-03,919.6672973632812,923.715881214339,913.4448493620074,918.2213615171383,1886800
2025-12-04,893.3414916992188,905.4075119941882,885.5833949363982,904.4801337678623,3787800
2025-12-05,892.1648559570312,903.3433641615109,890.4895860998004,894.7276384412609,2359800
2025-12-08,885.0249633789062,891.4867268894133,880.417956303664,890.988132523144,2407900
2025-12-09,885.9423828125,886.520769334084,879.0318720214691,884.356825906914,1899500
2025-12-10,871.9517822265625,887.0791792838055,868.6411691588339,885.3241173574713,3318300
2025-12-11,881.9934692382812,883.5092155856057,870.0970149821621,873.397707246929,3041600
2025-12-12,881.9834594726562,886.1218169193212,864.6822598888124,880.816765736516,4808900
2025-12-15,858.1407470703125,884.9950327667835,849.0065249130051,879.6301524301697,4771400
2025-12-16,857.9712524414062,861.1622686484181,841.6871429370814,855.0295334245739,3843300
2025-12-17,860.2249145507812,866.1382366378879,855.8172963770616,856.0865568206051,2363700
2025-12-18,855.1790771484375,860.7234438413901,850.1133415513011,857.8814195510622,2467500
2025-12-19,853.214599609375,856.0366607018907,846.9323229059354,854.1619410570643,10097600
2025-12-22,847.6104736328125,853.095011991613,844.9280333464197,851.5992288028492,2373300
2025-12-23,852.386962890625,852.5764311905995,844.4194343930145,846.712956380788,1903300
2025-12-24,869.4089965820312,873.5373727454145,855.9369664034595,856.1862635988776,1822200
2025-12-26,870.894775390625,875.1229068399282,866.5570286490303,868.1924328155329,1324100
2025-12-29,865.4003295898438,872.0415800230837,863.2563493872968,870.8349596995871,1792500
2025-12-30,863.2164916992188,865.3803743098849,859.0083233988202,861.5711058668909,1680800
2025-12-31,859.915771484375,865.5598330164696,858.9185827366601,862.1494645410849,1490000
2026-01-02,852.0977783203125,860.6735771387868,850.1034008403352,858.7191261610942,2373400
2026-01-05,873.278076171875,876.299587333437,858.4299209073444,861.5212425858332,2805600
2026-01-06,886.6004638671875,891.5665050646708,868.8505168787445,873.4874687578451,2742300
2026-01-07,880.098876953125,891.0878557524205,877.1471762988531,889.4923780743975,2680100
2026-01-08,912.73681640625,929.050809464413,893.4811044141879,898.5966874815377,5207200
2026-01-09,922.2799682617188,927.2359673082335,908.7680723988286,913.3949821045207,2895400
2026-01-12,940.4287719726562,942.1738522639666,914.4220726466423,917.8125387009021,3246400
2026-01-13,939.281982421875,940.2492871485847,926.9866282177431,935.3830012290383,2222100
2026-01-14,948.3065185546875,952.923507241607,935.6521911421075,935.6921176439745,2894900
2026-01-15,954.060302734375,955.5860306822914,947.3292789105369,951.8564937641298,2185900
2026-01-16,960.9010620117188,962.2672057660054,948.3265261512919,959.2956026893195,3862900
2026-01-20,961.5492553710938,967.1734146544444,951.4477282380319,955.6857805205491,3209900
2026-01-21,980.096923828125,986.8578927925446,956.9023036795116,956.9023036795116,4073700
2026-01-22,973.4257202148438,981.2337251303946,968.8286947074147,975.1409165053886,2074400
2026-01-23,980.48583984375,982.0813175006098,968.2802592644157,968.7090431239021,1680600
2026-01-26,974.9215087890625,990.2084293780584,973.6052123345991,983.6568919827744,2458700
2026-01-27,967.5523071289062,975.2505748858846,959.0063924359404,974.9314671896556,2077900
2026-01-28,958.0790405273438,967.3727861570547,952.9235308460756,966.7844788756445,2474800
2026-01-29,950.211181640625,957.6003233352077,945.8434901428559,955.2968198080476,1825000
2026-01-30,938.8876342773438,949.7418794251049,928.9520390398109,947.4552194382504,2396300
2026-02-02,966.9569091796875,968.9140912372628,929.9206837534902,942.8618667440954,2451300
2026-02-03,976.5030517578125,989.2146484066255,962.8828613925771,962.9527063348241,2960700
2026-02-04,976.9324340820312,993.1588892872101,973.7770394556126,981.8852694270165,2631500
2026-02-05,987.8565673828125,999.4997070043017,985.8994462889711,994.0575914763876,2988800
2026-02-06,999.7093505859375,999.9190682489734,982.0749657151235,986.7182525143253,2358600
2026-02-09,996.1445922851562,1008.1571300077385,991.2416723838332,999.869168286569,1861700
2026-02-10,969.82275390625,996.0047951316005,967.5960044824766,994.5668791266988,1781500
2026-02-11,976.7227783203125,988.1362099714881,965.7187257996974,971.8797689631986,1769400
2026-02-12,997.4127197265625,1007.7477599993804,976.722770549767,977.3318720829325,2970400
2026-02-13,1017.0042724609375,1021.3979215398074,992.3201193088877,998.5510682231246,2661600
2026-02-17,1010.5836181640625,1026.9498242051018,1009.0158856395919,1020.8587478832064,1732200
2026-02-18,994.6367797851562,1014.5279002927431,992.0605009260238,1008.5365937949513,1926800
2026-02-19,986.3887329101562,1006.39967456691,982.6840864709835,990.8722174976581,1750000
2026-02-20,983.8424072265625,985.9393400415574,976.3931944929476,981.705493363883,1662200
2026-02-23,984.5913696289062,989.8736829776,976.6428809764551,980.3774523181329,1489300
2026-02-24,996.9833374023438,997.4326975731409,983.6127239492275,984.9508091994448,1671100
2026-02-25,993.3186645507812,1001.0474400220197,990.0034677101194,996.2344165878087,1554600
2026-02-26,985.310302734375,1004.0631216481693,982.1049927090436,995.4755456195096,1804400
2026-02-27,1009.325439453125,1012.7205375550792,988.1462097324217,989.0948454620902,3935000
2026-03-02,1001.3170776367188,1019.3409122909325,1001.0374540822265,1009.4452370405662,1986900
2026-03-03,1006.309814453125,1014.2782323552399,999.180145305591,1001.087351000773,1947100
2026-03-04,1005.2813110351562,1012.5308016743594,995.5554332044736,1003.5438418961846,1806600
2026-03-05,981.1463623046875,997.8021873503542,977.3918004146707,995.0561718234956,2766000
2026-03-06,996.65380859375,1001.0474577245462,959.0683922611365,965.6088896459527,2708900
2026-03-09,1003.8433837890625,1005.9503119306892,986.5584671138445,998.1816162573101,2348200
2026-03-10,995.9148559570312,1008.6363865232382,994.5568411625761,999.0503208666239,1613400
2026-03-11,990.7922973632812,995.9448549557765,986.4586198991574,994.8763980094773,1260500
2026-03-12,1001.8662719726562,1004.7520992068786,982.5742578883157,987.1775637172665,1669200
2026-03-13,1006.9688720703125,1011.3625212611244,1000.5481958516575,1004.4425694956371,1469700
2026-03-16,1000.2885131835938,1011.1827392050872,993.987658533076,1009.0358300815452,1243400
2026-03-17,994.7166137695312,1006.6393160634452,993.3086835679123,1005.0316634571379,1210400
2026-03-18,978.5001220703125,992.539747312503,976.7227329041068,988.9349926705112,1434400
2026-03-19,973.3676147460938,987.3572636603498,969.0038906181163,984.4115868414918,1340200
2026-03-20,970.9212036132812,979.3389820335317,969.1337581466905,973.6672191255122,2621600
2026-03-23,964.3306884765625,985.2104251155546,963.1324759708775,984.2417989022865,1779100
2026-03-24,972.4089965820312,979.8582093999555,959.6075647316304,960.6660264130286,1259300
2026-03-25,973.447509765625,979.3889009941519,966.6473792191523,976.5829748437683,1067100
2026-03-26,978.2305908203125,985.7596440297709,971.3105781962925,974.2763065989756,1498300
2026-03-27,982.4344482421875,985.6797392432705,976.6927795479637,980.5971483901997,1540900
2026-03-30,995.1360473632812,1004.0830259891525,983.5828041122185,986.2189935773645,2129100
2026-03-31,994.9862060546875,1007.1385551535035,984.4215189802362,995.5553874614261,2447900
2026-04-01,995.1160278320312,1001.6765155169883,989.1547073426264,993.5882764241476,1769800
2026-04-02,1013.4894409179688,1014.5279121155347,997.7622611779888,1006.5395033587195,1828600
2026-04-06,1017.0741577148438,1019.2110715847003,1002.5552474182597,1013.4893935828142,1448600
2026-04-07,1011.741943359375,1019.3808224148089,1003.3940101624592,1018.7817161563623,1428500
2026-04-08,1028.7772216796875,1028.9668878725295,998.551061543806,1002.9846306949294,2265700
2026-04-09,1030.53466796875,1034.3190935555074,1023.5747964142464,1027.9983092993375,1433300
2026-04-10,997.0232543945312,1027.509047717785,994.0575869806171,1025.0226653129753,2333000
2026-04-13,979.4287719726562,998.6009643016196,977.940940661213,997.0232365792153,2255500
2026-04-14,973.3875732421875,976.1934993179242,964.600335993906,972.2692009167729,2136500
2026-04-15,983.3231811523438,983.9522732117586,966.8970036114321,968.9041010441629,2346200
2026-04-16,985.7796020507812,994.3072060600024,980.187679613871,983.5727822938512,1484300
2026-04-17,998.4412231445312,999.2200612705607,975.5843750026705,983.5727833957324,2346500
2026-04-20,996.3942260742188,1009.8346844647018,992.6995749274732,1002.3954668070767,1475400
2026-04-21,1004.3526611328125,1005.0416638171133,985.2703645871046,992.9292343193174,1367100
2026-04-22,1002.2457275390625,1006.6493109692844,996.8435320857524,1003.5238412245176,1215200
2026-04-23,1012.9102172851562,1015.1269713580333,1005.5708914585863,1006.1200823458264,1570700
2026-04-24,1009.6849365234375,1011.9815917898942,1001.0474454088031,1010.533680552328,1695200
2026-04-27,996.56396484375,1012.9401658520077,995.1859594890318,1007.1685723497319,1620400
2026-04-28,992.5597534179688,1011.1827550614909,984.5713449397557,1009.0158553801372,1776000
2026-04-29,997.2229614257812,997.5225145518541,983.6926068688012,986.9378977858162,1516900
2026-04-30,1013.06005859375,1016.2154531966797,994.8764214475948,995.0062379640076,2049300
2026-05-01,1011.7000122070312,1031.27001953125,1006.3200073242188,1015.3800048828125,1509700
2026-05-04,1012.7899780273438,1024.719970703125,1002.2100219726562,1007.02001953125,1479400
2026-05-05,1016.4199829101562,1020.780029296875,1009.0700073242188,1010.510009765625,1456300
2026-05-06,995.75,1012.22998046875,992.4199829101562,1011.3099975585938,2619100
2026-05-07,1012.0599975585938,1012.6599731445312,990.6599731445312,993.5,2014000
2026-05-08,1008.7899780273438,1016.0,1005.1099853515625,1011.739990234375,1805200
2026-05-11,999.469970703125,1007.0,985.1500244140625,1005.8200073242188,2053500
2026-05-12,1021.8800048828125,1026.0,1001.1400146484375,1002.5399780273438,2143200
2026-05-13,1033.0799560546875,1042.52001953125,1017.9400024414062,1017.9400024414062,1654600
2026-05-14,1041.25,1041.7900390625,1026.0999755859375,1034.949951171875,1606600
2026-05-15,1048.949951171875,1057.5,1039.219970703125,1049.3599853515625,1967000
2026-05-18,1076.469970703125,1079.8299560546875,1045.0,1050.0,2295200
2026-05-19,1094.3199462890625,1096.5,1072.0999755859375,1077.0,2853300
2026-05-20,1074.010009765625,1089.739990234375,1072.0,1089.3699951171875,2223400
2026-05-21,1050.449951171875,1064.72998046875,1039.010009765625,1063.4100341796875,2149700
2026-05-22,1028.239990234375,1045.6400146484375,1025.18994140625,1039.989990234375,2048300
2026-05-26,1002.9299926757812,1027.5,996.1599731445312,1026.1300048828125,2704600
2026-05-27,1003.6900024414062,1013.510009765625,999.6900024414062,1003.8599853515625,2390100
2026-05-28,995.2000122070312,1012.0,994.27001953125,1011.6099853515625,2844300
2026-05-29,956.3200073242188,998.8200073242188,945.4500122070312,986.5700073242188,7028000
