Price,Close,High,Low,Open,Volume
Ticker,INTC,INTC,INTC,INTC,INTC
2020-01-02,53.666465759277344,53.78113863654851,53.11956978022848,53.1372120201866,18056000
2020-01-03,53.01372146606445,53.542978621239165,52.75791737422256,52.75791737422256,15293900
2020-01-06,52.8637580871582,53.101923260025856,52.3345043907276,52.56384676187075,17755200
2020-01-07,51.98167037963867,52.749089308430015,51.946385899831135,52.73144706852624,21876100
2020-01-08,52.01696014404297,52.32569096144104,51.62001811816435,51.94639117725853,23133500
2020-01-09,52.30804443359375,52.49328290885404,51.893463564903556,52.08752147783247,18813300
2020-01-10,51.99049377441406,52.99608133599044,51.928747612507635,52.546212596485375,15200600
2020-01-13,52.56385803222656,52.731454286884656,52.11399263029501,52.19337767335911,16453300
2020-01-14,52.4227294921875,52.6961792322311,52.21102592490954,52.475656225235504,17051200
2020-01-15,51.99049377441406,52.61678156147184,51.82289752994139,52.30804738702624,18498800
2020-01-16,52.62560272216797,52.78437953367111,52.10516836555515,52.272764615513545,21365500
2020-01-17,52.572669982910156,52.92550804920345,52.25511976114201,52.90786580939747,21803400
2020-01-21,53.41066360473633,54.02812860462908,52.74027524465309,52.75791748635443,28358500
2020-01-22,55.333621978759766,55.4394720597931,53.78114178558841,53.84288794660064,29475100
2020-01-23,55.85405731201172,56.19807260522174,55.404191935870955,55.44829585668264,42778700
2020-01-24,60.396827697753906,61.12014271743488,58.623821263845414,58.72085190195854,84711000
2020-01-27,57.944618225097656,59.470633421287,57.865226455737705,58.853171792163046,30764000
2020-01-28,59.37361145019531,59.611780063246194,58.165149695227235,58.65911907069868,30915400
2020-01-29,58.5091552734375,60.03517043777867,58.36801734411073,59.65587066499656,18055800
2020-01-30,58.63264846801758,58.65911014770287,57.27422616228101,57.90051059086522,18522400
2020-01-31,56.39213943481445,58.20043064996657,56.16279364020054,58.04165382751503,25268400
2020-02-03,56.82435989379883,57.37125930715375,56.718513170446265,56.85964437819211,16646600
2020-02-04,57.74173355102539,58.27098733208663,57.2654031291222,58.015179879777854,20970800
2020-02-05,59.400062561035156,59.629408328750955,58.33273221911132,58.82670823648587,23401400
2020-02-06,59.47097396850586,59.74577366251837,59.187314785921096,59.6571314360172,17408000
2020-02-07,58.522491455078125,59.657135016483934,58.51363196597415,59.26710108090791,18134600
2020-02-10,58.8504753112793,58.85934156337604,58.00836396224629,58.114731935532006,22299300
2020-02-11,59.7546501159668,60.02057684087195,59.01004040769938,59.240515646326145,17975600
2020-02-12,59.79896545410156,60.357417640650596,59.66599871550343,59.923065940001344,15586600
2020-02-13,59.78123092651367,59.967381628007544,59.16072182523249,59.38233076933972,11602700
2020-02-14,59.63054275512695,60.15354347688361,59.23164928700013,59.85215174030174,13405500
2020-02-18,58.62887191772461,59.11641438481621,58.398396682102266,59.089822388969296,12758400
2020-02-19,59.48870849609375,59.5684844737692,58.66432291193765,58.85047362281566,13551200
2020-02-20,58.017215728759766,59.648260986044896,57.228288471382946,59.42665205390606,26452600
2020-02-21,57.03327941894531,57.839939289747676,56.76735272137145,57.77788905068356,20775900
2020-02-24,54.74627685546875,55.64157896164464,54.35624629704113,54.61331350625872,26903100
2020-02-25,52.94681167602539,55.20722236434595,52.7074735963466,54.95015854378814,34495700
2020-02-26,52.87589645385742,53.91302470951246,52.53904990539088,53.28365610745765,26190100
2020-02-27,49.489723205566406,51.86536856031716,49.463127826316516,51.351237441780455,42226900
2020-02-28,49.21492385864258,49.97725930907249,47.51296509325502,48.1334709283597,60721700
2020-03-02,51.57283020019531,51.608288440372746,48.328475616605985,49.45424938111024,43140300
2020-03-03,49.61381149291992,52.31743993495573,49.10854337083223,51.439867028365235,49740300
2020-03-04,52.01605224609375,52.04264423762596,49.782233657315494,50.53570272359092,29223100
2020-03-05,50.49138641357422,51.99832807095823,50.18113521123832,50.580032029587684,29099200
2020-03-06,49.43653106689453,49.64927379149279,48.346215304245696,48.913533745153906,36259200
2020-03-09,45.07526397705078,46.724035285308354,44.32179481774299,46.023750115631714,56197000
2020-03-10,47.84980773925781,47.86753686239239,44.70296108478632,46.76835489843984,36569000
2020-03-11,45.79327392578125,47.45977419963433,45.21708929522246,46.44037166294854,38563500
2020-03-12,40.368289947509766,44.401572441361935,40.21759409267074,42.54005848465615,50661700
2020-03-13,48.24871063232422,48.75397887009551,42.31845514709626,42.77939888070681,48805100
2020-03-16,39.54390335083008,46.3162726252334,38.67519663368516,42.11456525711987,53878900
2020-03-17,44.39270782470703,45.76668267980936,40.06690004355074,40.563301942357896,52085200
2020-03-18,42.203216552734375,44.36611907554981,40.06690602661613,41.405422836970374,49309900
2020-03-19,40.722862243652344,43.63923703837462,40.031443354034515,42.40709173242102,44538000
2020-03-20,40.625362396240234,43.807664303310126,40.30624490389726,41.228135748850974,52344000
2020-03-23,43.949485778808594,44.756142170005134,40.69626484231256,40.793773315119395,46698500
2020-03-24,46.4492301940918,48.434844189868485,45.518470040745036,47.105190692497345,50019800
2020-03-25,45.43870162963867,47.68138670094152,44.2420145466372,46.520154483140566,41106100
2020-03-26,49.232643127441406,49.596081655298946,45.793271417470756,45.864187901679095,41459800
2020-03-27,46.422645568847656,48.434855399688914,46.156715484123,47.35340255612621,31633500
2020-03-30,49.188323974609375,49.72904697155534,46.83040488451694,46.97223447709828,31628600
2020-03-31,47.97391128540039,49.463123909025654,47.17612098226987,48.807163218550656,48074700
2020-04-01,45.98829650878906,48.479179281592316,45.58939966821132,46.53788583276023,29586600
2020-04-02,48.17778396606445,48.36393805240308,45.40324237042213,45.4652926053736,27810000
2020-04-03,47.9827766418457,48.86921254975315,46.74176501818143,47.73457228822207,23906100
2020-04-06,51.79444122314453,52.095829513870136,49.746773420142546,50.198857546972974,32323400
2020-04-07,51.76785659790039,54.506943594598084,51.599431617027555,53.132965279303875,41410000
2020-04-08,52.281986236572266,52.75179615687849,51.33350014379304,52.29085248873904,26719500
2020-04-09,50.65093994140625,52.937945877516626,49.69359105712769,52.618828455595725,40499700
2020-04-13,52.033782958984375,52.095833195446694,50.145673728316574,50.145673728316574,23251900
2020-04-14,53.77119064331055,53.9839367039768,52.75178821265309,53.2216014436916,25674000
2020-04-15,52.184471130371094,53.03545201173259,51.75898238043235,52.95567265977632,22841600
2020-04-16,53.88642883300781,54.03712128398084,52.13128649355683,52.840434401190976,24433500
2020-04-17,53.50526809692383,55.0742599469352,53.03545818157306,54.97675146303575,27385600
2020-04-20,52.459266662597656,53.22160192984644,52.202199489877216,52.54790888281935,26420300
2020-04-21,49.95952224731445,51.9451365464097,49.578354582656274,51.51078489788196,25248000
2020-04-22,53.27479934692383,53.62937508021338,51.24486358736982,51.65262331361344,23350400
2020-04-23,52.335174560546875,53.27479441831296,52.1312947162866,52.89362672380934,35092000
2020-04-24,52.530189514160156,52.65429337958665,49.72905222845494,49.81769784661672,50187000
2020-04-27,52.71634292602539,53.035460384228244,51.75899055141683,52.93795189627909,25902200
2020-04-28,52.07810592651367,53.38116770155847,51.64375087433727,53.17728786285833,28784700
2020-04-29,54.781734466552734,54.98561430483375,52.58337397986699,52.689745334299616,30451500
2020-04-30,53.16842269897461,54.55126386368171,52.964542856101644,54.40056800848072,26279900
2020-05-01,50.9434700012207,52.583374991073754,50.801640398754955,52.149023312921834,21194800
2020-05-04,51.4044189453125,51.47533205841141,49.91520637390511,50.633217283397705,18957200
2020-05-05,52.07810592651367,52.56564496527351,51.72353023569684,52.113564171892236,17252100
2020-05-06,52.755592346191406,53.44200380355343,52.541644548856084,52.63079088132283,17848700
2020-05-07,52.74668502807617,53.57572735849942,52.52382425969542,53.42418366828152,14733500
2020-05-08,53.192413330078125,53.29047262473093,52.6397195063638,53.192413330078125,20384500
2020-05-11,53.60247039794922,54.2353941337214,53.22806255668245,53.25480816000634,18684400
2020-05-12,52.05136489868164,54.057111982878325,51.93547633720849,53.6827074927761,16754900
2020-05-13,51.47191619873047,52.80016425814876,50.72310400260874,52.104839861958915,21065000
2020-05-14,52.66645431518555,52.72885505342653,50.00995117041845,51.09751272362168,21569400
2020-05-15,51.953311920166016,52.03354194930463,50.776607093190485,51.1688443025731,21373300
2020-05-18,53.41526412963867,53.73618416095346,52.91605821478034,53.25480751456653,20428700
2020-05-19,53.7451171875,55.06445285887253,53.35287996047958,53.60248639601611,21865000
2020-05-20,56.250057220458984,56.597722879589,54.39585737469305,54.52065886231564,30584000
2020-05-21,55.25164031982422,56.874066413133434,55.10900956658556,56.250055592494796,20987700
2020-05-22,55.50123977661133,55.55472758091149,54.75242751933496,55.25163682438093,14103000
2020-05-26,55.57255935668945,57.17715615166381,55.37644079932431,56.76709316861426,20933600
2020-05-27,56.66012954711914,56.68687175423826,54.44043454041389,55.55473851152206,19886300
2020-05-28,55.00204086303711,56.5620663139303,54.81483862507048,56.16091623215493,17253500
2020-05-29,56.09851837158203,56.74927147078427,54.93072660692317,55.18033300430275,33393900
2020-06-01,55.14466857910156,55.857822351425575,54.9663792858742,55.706278662562845,14317700
2020-06-02,55.37644577026367,55.4210172462335,54.226486727665424,55.00204129141439,20702400
2020-06-03,55.20708084106445,55.750861768608914,54.850502180206604,55.67063173994521,16737300
2020-06-04,56.13417053222656,56.57989206187591,54.68111739340576,55.037695977359405,22010100
2020-06-05,57.35544967651367,58.041864718689006,56.30354987576336,56.48183918796344,26813100
2020-06-08,56.7581787109375,57.18607437762805,56.10742567703274,57.02561435276546,21546200
2020-06-09,56.19657516479492,56.79384042359248,56.071773671946815,56.152003688861406,23594100
2020-06-10,56.93647384643555,57.310881743054104,55.93805845642904,55.97371699907572,21367800
2020-06-11,53.21915817260742,56.42835223905592,53.058698129226414,56.22332071708815,26998200
2020-06-12,52.88932800292969,54.34237800662569,51.81067911967284,53.58465262802559,30419800
2020-06-15,53.57572937011719,53.807506482263605,52.22073884000132,52.889321170246966,29651700
2020-06-16,53.84316635131836,54.957470262557685,53.03195323995956,54.81483949794248,23226600
2020-06-17,53.923397064208984,54.627634560747175,53.54007624175348,54.14625784933029,20454800
2020-06-18,53.55790710449219,53.94122453775502,52.88040839325867,53.79859376706151,24899700
2020-06-19,53.1478385925293,54.279971778555975,52.68428775568947,54.06602733114416,60336100
2020-06-22,53.56681442260742,53.97687742027667,52.44359764625567,53.24589437205393,22846000
2020-06-23,53.41526412963867,53.90556051113918,53.36177972480971,53.65595415312476,22809600
2020-06-24,52.67538070678711,53.31722092191575,52.30097278110004,53.16567380419435,27764500
2020-06-25,52.15833282470703,52.675371440514965,51.24014754559659,52.57731215816619,21906900
2020-06-26,51.25798034667969,52.35445499646011,50.87465952595331,52.140510548036744,38477500
2020-06-29,51.94438934326172,52.015703022268305,50.598308370937616,51.231235550268245,22150300
2020-06-30,53.33504104614258,53.4687554676345,52.18507865815046,52.33662234929174,31542100
2020-07-01,52.4257698059082,53.513328072827676,52.3811949305497,53.40635585325547,14748100
2020-07-02,52.711029052734375,53.317210605153065,52.568398299258526,52.764513459921936,15578600
2020-07-06,53.07651901245117,53.14783268680225,52.238560384875164,52.34553599727974,20536700
2020-07-07,51.980045318603516,53.10326206208074,51.828498232239674,52.65754053837646,15996500
2020-07-08,52.24748611450195,52.327716137939426,51.64130447088235,52.1048553395671,13277900
2020-07-09,52.07810974121094,52.372287627399274,51.4362729541757,51.88199455100463,20683700
2020-07-10,53.06760787963867,53.210238642907235,51.55215729512978,51.6591295174348,17742300
2020-07-13,52.22073745727539,54.0392787629463,52.05136109505655,53.34395424608935,19082900
2020-07-14,52.57731628417969,52.81800634140066,51.12426300566154,51.58781384913315,24190900
2020-07-15,52.62188720703125,52.89823580328204,52.07810635021379,52.62188720703125,19986300
2020-07-16,52.719940185546875,52.91605874009401,52.06027424848245,52.185075728435976,12425900
2020-07-17,53.4865837097168,53.89664670201746,52.84474361701287,52.96954510157521,16322800
2020-07-20,54.511741638183594,54.71677312322749,52.89822855946615,53.55789788574299,16868700
2020-07-21,54.110595703125,55.207070284812566,53.87881859771011,54.84157875758338,19803700
2020-07-22,54.4225959777832,55.06443604375408,54.03927520511563,54.654373068532806,18959900
2020-07-23,53.84316635131836,55.03770028019034,53.4687584688374,54.60980458575906,43518600
2020-07-24,45.09811019897461,46.51550497820999,44.126437005654935,46.48876277124251,182269900
2020-07-27,44.188838958740234,45.588404504573845,44.09969599936438,45.490345208908856,107526500
2020-07-28,43.894657135009766,44.777183847301885,43.80551078994947,44.10860156198377,62362600
2020-07-29,42.85167694091797,44.12644106598212,42.70013322004342,44.11752812970144,60500800
2020-07-30,42.78035354614258,43.234988006239284,42.423774965238415,42.637722793897986,39735200
2020-07-31,42.5485725402832,43.074524028486124,41.87107737949582,42.905151088435545,46536000
2020-08-03,43.056697845458984,43.35087567884635,42.55749192298632,43.02995564263661,31767100
2020-08-04,43.796600341796875,43.80551327651616,43.23499023808664,43.324133187621676,29045800
2020-08-05,43.60939407348633,44.322551261751414,43.37762036771002,44.322551261751414,29438600
2020-08-06,43.59144973754883,43.815824094206455,43.16962485145458,43.78890026698545,23795500
2020-08-07,43.10679626464844,43.66324708204788,42.81062392193771,43.55554493589793,36765200
2020-08-10,44.1748161315918,44.32738902207576,43.13371944932373,43.25936851764706,37442600
2020-08-11,43.250389099121094,44.632535617229614,43.13371692745957,44.542787266154576,35348100
2020-08-12,44.14788818359375,44.21071271675621,43.29526854105164,43.68118920604381,30659800
2020-08-13,43.58247756958008,44.27355101953903,43.429901222188086,44.21072304801451,24774500
2020-08-14,43.8786506652832,44.16584958116542,43.66325319021212,43.735051207342096,22321200
2020-08-17,43.9145393371582,44.25558924007724,43.73503920805975,44.07608911097879,20018300
2020-08-18,43.66324996948242,44.48894593581774,43.636322719323914,44.21072050871908,19251400
2020-08-19,43.37604904174805,43.95942027139949,43.30424760959855,43.78889700556551,27775000
2020-08-20,44.12994384765625,45.05436846283977,43.97737093878641,44.704345037850594,55081300
2020-08-21,44.228668212890625,44.2555954614329,43.663247348713135,43.99532040883525,34621500
2020-08-24,44.10301971435547,44.336370945172995,43.815820833103686,44.210718438904706,36295300
2020-08-25,44.36329650878906,44.767171021275644,44.16584598631099,44.29149507382218,38384300
2020-08-26,44.47098922729492,44.57868794150888,44.18379037360409,44.3273898004495,28616600
2020-08-27,44.33637619018555,44.81204875159094,44.129948760164694,44.68639965413904,24420600
2020-08-28,45.26078414916992,45.59285715512112,44.39021076806745,44.488936008029185,35384700
2020-08-31,45.72749328613281,46.221116172167356,45.16206896461934,45.7723674714667,46114100
2020-09-01,45.58389663696289,45.772370281142955,45.07232336065637,45.69159537311134,30472800
2020-09-02,46.89423751831055,47.280161660776756,45.85314070748285,45.960839433104816,53000700
2020-09-03,45.22488784790039,47.22630639166058,45.00051352563561,47.11860767560401,47394300
2020-09-04,44.9466667175293,45.97878656498406,44.41714317016363,45.350537766192176,43318400
2020-09-08,43.896602630615234,44.78512666289651,43.84275154803777,44.21072538644731,39752700
2020-09-09,44.53382110595703,44.84794725775943,44.01327438168707,44.45304620105709,33437300
2020-09-10,43.941463470458984,44.95563629694322,43.717089163411686,44.87486140945898,32649100
2020-09-11,44.228668212890625,44.91974158167712,43.932495868371085,44.210717855089335,29333600
2020-09-14,44.34534454345703,44.623569958352576,43.842744787940134,43.842744787940134,27212500
2020-09-15,44.8748664855957,45.41336351395061,44.63254179573182,44.68639286803955,27598300
2020-09-16,45.206939697265625,45.79928780000257,45.02743954595854,45.3325887760764,26531400
2020-09-17,45.16206741333008,45.31464374664146,44.246619684504104,44.30944422654974,26959900
2020-09-18,44.77614974975586,45.32362377282051,44.013278243844255,45.1710508411107,50123500
2020-09-21,44.623565673828125,44.65048949653976,43.82479364569899,44.32738992927845,27377100
2020-09-22,44.82999038696289,45.06333817629081,44.39919209796333,44.776139316957774,22290900
2020-09-23,43.81582260131836,45.00949578143308,43.672223154897424,44.72229688859122,30078800
2020-09-24,44.12096405029297,44.55176231337069,43.45681458824799,43.555539832143346,29343400
2020-09-25,44.82101058959961,45.12615978580838,43.752990114709036,43.94146371198145,26633400
2020-09-28,46.15829086303711,46.18521468905509,45.01846877130466,45.332591487117185,29652200
2020-09-29,45.9428825378418,46.43650875937444,45.727485117245976,46.050584671819976,19558200
2020-09-30,46.472412109375,47.010912578472805,45.90699123879128,45.98776613797191,27711300
2020-10-01,46.8852653503418,47.31606368844884,46.660891001930985,47.028864796377476,22127600
2020-10-02,45.781333923339844,46.651907364866716,45.76338699090126,46.22110908905311,25811800
2020-10-05,46.391639709472656,46.49934186330293,46.014692442109386,46.0416162687265,20883200
2020-10-06,46.10443878173828,47.298111923152355,45.9787896981538,46.40958802344949,25642800
2020-10-07,47.27117919921875,47.4776065825491,46.48138407282233,46.53523171744733,21978700
2020-10-08,47.899436950683594,48.08791401325743,47.27118806402646,47.48658895396185,22369500
2020-10-09,47.40580749511719,48.33022862600822,47.27118152955729,48.06098011856894,24343900
2020-10-12,48.357154846191406,48.64435370451708,47.755829882791716,48.0609790977228,27303500
2020-10-13,48.31228256225586,48.725130509338804,48.123805522343574,48.70718015202903,20005800
2020-10-14,48.060977935791016,48.82385266651554,48.025077223448136,48.47382585669302,21874200
2020-10-15,48.33023452758789,48.4469101504083,47.226313115711235,47.342988738531645,18272900
2020-10-16,48.60845947265625,49.093108894583125,48.3751116530327,48.3751116530327,23414400
2020-10-19,48.98540496826172,50.46627347993974,48.32125545047507,48.88667971608041,43537200
2020-10-20,47.953285217285156,49.09310729906277,47.80968577364204,49.00335550698532,27224900
2020-10-21,48.01610565185547,48.52767884004622,47.40580721266642,47.693006075381206,21866000
2020-10-22,48.3751106262207,48.66230951674478,47.63018615014331,47.67506033484754,41522700
2020-10-23,43.25937271118164,43.681194135203874,42.774723323226894,43.393995258715286,97322500
2020-10-26,41.93107223510742,42.95421854303484,41.50924743585724,42.945241653355325,54161300
2020-10-27,40.96178436279297,41.65285783194208,40.710486164440994,41.266933642369445,50130500
2020-10-28,39.714263916015625,40.64766212691169,39.669389726270495,40.288661761588216,45066000
2020-10-29,39.5886116027832,39.911711220619715,39.41808490243563,39.70528722559771,36796800
2020-10-30,39.74118423461914,40.207883298841665,39.139862613053005,39.57963442686208,46781300
2020-11-02,39.902732849121094,40.4412333334349,39.70528575285209,40.351481540875525,33856700
2020-11-03,40.25275421142578,40.800228135008396,40.11813166502915,40.14505548957236,34349500
2020-11-04,41.015628814697266,41.41950329940019,40.18992948778456,40.486105251126915,34748200
2020-11-05,41.295875549316406,41.92869394243491,41.160270376297156,41.72076853943278,31103200
2020-11-06,41.0337028503418,41.404353040551555,40.59073243814552,41.169308008367345,36233700
2020-11-09,41.22355270385742,42.805596994334586,41.16931339241982,42.16373985271517,48481700
2020-11-10,41.07891082763672,42.019098023075955,40.907147251936166,41.042752434414474,39224500
2020-11-11,41.901573181152344,42.001016520448054,41.45860269521348,41.49476453651791,31496900
2020-11-12,40.63593673706055,41.75692614509129,40.274325248196135,41.70268683576955,42881300
2020-11-13,41.096988677978516,41.205474195288886,40.65401821900092,40.672099138552646,30884700
2020-11-16,41.75693130493164,42.26318676218248,41.395323219966606,41.62132956628844,36306300
2020-11-17,41.160274505615234,41.69364961850707,41.05179242546628,41.35916119304095,31118000
2020-11-18,40.735374450683594,41.30490781150801,40.71729353387583,41.17834484243592,32817900
2020-11-19,41.24163055419922,41.286831126560514,40.409928987287,40.60881219539323,29469100
2020-11-20,41.0337028503418,41.4766767111205,40.97946354599752,41.277790065638335,24199300
2020-11-23,41.63941192626953,41.77501366959713,41.08795587042075,41.11507552936961,35489600
2020-11-24,42.49821853637695,42.76038664367053,41.59419343419118,41.847322807839014,33901200
2020-11-25,42.534385681152344,42.65190992471959,42.10045399173002,42.516304763020266,28126900
2020-11-27,42.895999908447266,43.48361426695147,42.81463749590573,42.81463749590573,15921400
2020-11-30,43.709625244140625,43.84523042902446,42.73327963815959,42.868881374460315,46332700
2020-12-01,44.803489685058594,45.40918490740633,44.03506620394317,44.07122803922488,57768000
2020-12-02,45.11086654663086,45.25551046533587,44.45996718816681,44.49612902998882,33753500
2020-12-03,46.096248626708984,46.204730690192335,45.00237546249746,45.12893844465847,50261200
2020-12-04,47.00027847290039,47.59693505337688,46.10529187789418,46.15953463924039,39767700
2020-12-07,45.38207244873047,46.36746020056473,44.80349678684301,46.10529202608979,51040300
2020-12-08,45.825042724609375,45.85216582953892,45.029502917390495,45.04758383781587,28956500
2020-12-09,45.26455307006836,45.96065306601111,44.95718428547784,45.45439758298456,34068400
2020-12-10,45.436309814453125,45.85216407112302,44.8306145220545,44.89389601682502,33706000
2020-12-11,44.957176208496094,45.3278264308012,44.40572024269473,45.3278264308012,29398800
2020-12-14,45.626155853271484,46.412656861757114,44.96621782907289,45.03853805641576,33436400
2020-12-15,45.80695724487305,46.11432596434518,45.391106462229175,46.087206310697894,25465600
2020-12-16,46.21377182006836,46.521140556351426,45.81600193429495,45.84312158942549,28351000
2020-12-17,45.788883209228516,46.39457850999882,45.40015205107512,46.24089586302709,26399000
2020-12-18,42.90504837036133,45.8160115138918,42.5886408324052,45.7165681595103,119298400
2020-12-21,41.91061019897461,41.99197260758763,40.89810290735457,41.87444836212825,53775700
2020-12-22,41.73884201049805,41.892528088430396,41.37723399807233,41.811165682132675,32171200
2020-12-23,42.10044860839844,42.51629932651437,41.64843605864232,41.73883718916071,22564200
2020-12-24,42.552467346191406,42.57054826464085,41.89252934140825,42.12757438408588,11865600
2020-12-28,42.552467346191406,43.06776145196157,42.3626228753461,42.6609494083055,21269200
2020-12-29,44.64980697631836,45.80695820393119,42.02813579518521,42.688073820219564,84531400
2020-12-30,44.07122802734375,44.46899786958805,43.89946448267557,44.396677647626554,37385400
2020-12-31,45.03853988647461,45.37302827976491,44.044113442170335,44.07123309745304,28576800
2021-01-04,44.90293884277344,46.457863595539294,44.65885502561427,45.101825529359715,46102500
2021-01-05,45.75271224975586,45.95159888133132,44.59556119022336,44.704043239908984,24866600
2021-01-06,46.19569396972656,47.14492334535654,45.382073224507614,45.59903737713279,36809600
2021-01-07,47.18108367919922,47.633096372442076,46.376501637000246,46.54826866752576,32092300
2021-01-08,46.69291305541992,47.48845292045296,46.34938243953831,47.41613268207868,34625400
2021-01-11,46.59346008300781,47.22627841880005,46.33129194483092,46.367453780837906,32925000
2021-01-12,48.130306243896484,48.681758754359336,46.611543534866485,46.91891226046976,39883900
2021-01-13,51.48424530029297,54.46752831935426,51.43904472169477,53.789509294632005,124070700
2021-01-14,53.563499450683594,54.36808142230457,52.28882390549671,52.84027989465254,74680900
2021-01-15,52.05377960205078,53.9251117393238,51.98145592110162,53.20188872416388,50265400
2021-01-19,52.4244270324707,52.74083449818821,51.61984164370684,52.37922301001158,35647100
2021-01-20,53.03915786743164,53.53637449603541,52.51482503442567,52.65043019651443,28701300
2021-01-21,56.465423583984375,57.81242289792434,52.63235795986955,53.373658484776186,86519500
2021-01-22,51.22207260131836,53.89798662202091,51.2130338658287,53.2018867375021,85729300
2021-01-25,50.11915969848633,51.077427725625,48.87160730958337,50.968945658890554,61968500
2021-01-26,49.91123580932617,50.806222370546415,49.58578615070063,49.97451730421638,31485900
2021-01-27,48.446720123291016,49.58579058168488,48.184551936128344,49.3688264222685,49722900
2021-01-28,50.68869400024414,51.89104920268796,49.45018040978699,49.53154281783644,49202600
2021-01-29,50.18244934082031,51.67409265713031,50.04684759752695,50.607342390022744,37256200
2021-02-01,51.24919509887695,51.882013524318666,50.36325068269175,50.5802182808883,26926600
2021-02-02,52.43346405029297,52.686590014575536,51.4209567445801,51.70120236258362,23580900
2021-02-03,52.14418029785156,52.731798130375516,51.872973393833924,52.33402478580562,21893200
2021-02-04,53.47024917602539,53.55210545276996,52.01502686384589,52.39702397849234,29853800
2021-02-05,52.915443420410156,53.73400614937411,52.860871415307486,53.66124347590387,23432600
2021-02-08,53.8067741394043,53.861346153418005,52.70626454482974,53.097355304805134,34358300
2021-02-09,53.461151123046875,53.94319517479169,52.697160377325716,53.452057523360516,28754100
2021-02-10,53.53391647338867,54.04324134964066,52.86087556896432,53.93410080037459,16325100
2021-02-11,55.171043395996094,55.471184269515284,53.53392113634505,53.75220225389009,27539100
2021-02-12,56.216976165771484,56.853632222738476,54.96184778150815,55.11646326119576,26214200
2021-02-16,56.81725311279297,57.18105607031898,56.1169279959235,56.38978108144681,26326300
2021-02-17,56.253360748291016,56.56259521409304,55.671273158432086,55.92593908113215,21055400
2021-02-18,56.03506851196289,56.37158718250536,55.15284023213303,55.16193730052108,17846100
2021-02-19,57.30839157104492,57.53576973759639,56.25335701702674,56.30792902602466,28290100
2021-02-22,55.21650695800781,57.02643848794606,55.17103202368592,56.28063846261866,32288200
2021-02-23,55.58940887451172,55.93502463232203,53.815858619096026,55.007321368419746,27374600
2021-02-24,57.47210693359375,57.5539632163281,54.91637843730642,55.05280326218657,24669900
2021-02-25,54.934566497802734,57.79043571826617,54.68899766126718,56.76268543265786,36394000
2021-02-26,55.280174255371094,56.107830575667656,54.279711791545424,55.3802211956567,38216800
2021-03-01,57.190155029296875,57.372058248829184,56.071454913018904,56.13512051942791,28495400
2021-03-02,55.69856262207031,57.42663477421808,55.58032499249986,57.11740029885246,23320000
2021-03-03,54.47980880737305,55.95321832037783,54.29790558452317,55.15284622154759,28740400
2021-03-04,53.05186462402344,54.78903332205124,52.66986757827391,54.41613334403003,40210400
2021-03-05,55.24380111694336,55.64398544282323,53.2155848091353,53.89771931181504,39511700
2021-03-08,54.434329986572266,56.1169304482748,54.31609584170488,54.99823032008055,33112400
2021-03-09,56.9991569519043,57.4539132836202,55.33475058197212,55.643985026319555,36387500
2021-03-10,56.61716079711914,58.317951900641866,56.5080202537938,57.49938915191353,27160300
2021-03-11,57.58124542236328,58.29066068868114,56.74449200489245,57.24472325373675,30701800
2021-03-12,57.208351135253906,57.57215413937883,56.608072882407896,56.98097295660745,20173000
2021-03-15,58.0178108215332,58.09966709605604,56.82634804114866,57.85409827248753,21247400
2021-03-16,58.918235778808594,59.78227706857219,58.28157961922002,58.34524523517888,30186600
2021-03-17,59.82773971557617,60.29159309999411,57.945048848268904,58.40890223268684,32394700
2021-03-18,57.9632453918457,59.75498309600088,57.89048617818977,59.69131748298355,30094200
2021-03-19,57.99052429199219,59.10922442077035,57.22653353703205,57.46300876592099,54951700
2021-03-22,59.69131851196289,60.373453065635154,58.718140159618386,58.95461541448693,34380100
2021-03-23,57.73585510253906,60.073305501227615,57.45390496865461,60.027827099025465,35160000
2021-03-24,56.42616653442383,61.337536310195794,56.38069159510502,60.55535486365655,74584700
2021-03-25,56.40797805786133,56.78997172640932,55.462084017386864,56.08055293081127,35401400
2021-03-26,59.00008773803711,59.09103761466749,56.18059645879501,56.20788072788104,34705800
2021-03-29,58.66355895996094,59.23654936337952,57.85409335269008,58.21789975730204,26161600
2021-03-30,57.99961853027344,58.208806010531966,57.43572169351067,57.99961853027344,20709500
2021-03-31,58.208805084228516,58.654464305226156,57.82681146623054,58.21790215295141,33013200
2021-04-01,58.709041595458984,59.01827255130448,57.826813255853125,58.86365707338173,31416300
2021-04-05,60.51897430419922,60.7008740638183,58.84546737177341,59.072845540812764,27947500
2021-04-06,59.627655029296875,60.555361941310586,59.38208963437075,60.082411414667426,28771400
2021-04-07,60.25520324707031,60.54624697009874,59.4457376755528,59.72768433063449,17793300
2021-04-08,60.98283004760742,61.201111155316674,60.35526405653312,60.910067365360575,22224200
2021-04-09,62.083351135253906,62.21068238333853,60.600840699788876,60.75546316306242,27177100
2021-04-12,59.49122619628906,62.29251990482872,58.854563173278905,62.02876040174277,51266900
2021-04-13,59.31842041015625,59.69131701518353,58.39981062464989,59.67312981404885,26822000
2021-04-14,58.381622314453125,59.46393770670512,58.06329078839282,59.400272095396176,25768400
2021-04-15,59.136512756347656,59.318419459937175,57.9177690679384,58.181528583869785,24927700
2021-04-16,58.89093780517578,59.59125941779382,58.72722526807895,59.418456751268906,24625500
2021-04-19,57.872291564941406,58.88184770380568,57.362963225984245,58.84546636469828,23997700
2021-04-20,57.02644348144531,57.99052466374325,56.76268398196118,57.881384117910834,19872100
2021-04-21,57.93595886230469,58.00871807312476,56.662639712555574,57.10830245582243,24364200
2021-04-22,56.908203125,58.12695014822095,56.64444363822105,57.61762184301144,38257600
2021-04-23,53.87953186035156,54.57075995992379,52.660784749132645,53.80676918170424,77479500
2021-04-26,53.44296646118164,54.13419807856082,53.17011333622279,53.752200928005855,39645900
2021-04-27,52.724456787109375,53.324735081082416,52.542553537826294,53.26106946426072,38167700
2021-04-28,52.4061164855957,52.897254135822116,51.97864791107893,52.31516661089392,30387400
2021-04-29,53.00639724731445,53.02458791703914,52.26969420579985,52.6425942613672,23290600
2021-04-30,52.324256896972656,53.14281959551216,51.90588194861474,52.39701956773844,30731800
2021-05-03,52.07869338989258,52.64259373719654,51.69669973802421,52.624403067652985,22281700
2021-05-04,51.75127029418945,51.824029500806155,50.75990138373999,51.73307962515644,35323600
2021-05-05,51.70579147338867,52.115072849570325,51.351082103869686,51.80583841751256,21001900
2021-05-06,52.33539962768555,52.39030775716273,51.47519321118609,51.813784615749654,25529300
2021-05-07,52.77465057373047,53.08578963767279,52.38115455754446,52.80210638202974,19959000
2021-05-10,51.218955993652344,52.37199864462898,51.13659555494798,52.29879130516095,35046500
2021-05-11,50.36790084838867,50.90781852084092,49.69071461022235,50.377050457023444,35968100
2021-05-12,49.06843566894531,50.011005923123264,48.88541208137491,49.773074212016375,30232300
2021-05-13,49.425323486328125,49.773067909590914,48.922011302403966,49.452779290062125,29192500
2021-05-14,50.65158462524414,51.1091418612116,49.65410971119969,49.96524877129295,28158300
2021-05-17,50.63328552246094,51.14574739373896,50.11166706066274,50.596680105688314,20010200
2021-05-18,50.18487548828125,51.37452354928085,50.14827007326353,51.20065306427348,18703400
2021-05-19,50.660736083984375,50.724793815674246,49.26976171279006,49.48023761561172,23769700
2021-05-20,51.200653076171875,51.46603709878521,50.66073542263092,50.85290861519181,23145200
2021-05-21,51.31961441040039,51.896133937315206,51.22810088089344,51.630749938071375,17723100
2021-05-24,52.12491989135742,52.51841939663843,51.612458017231226,51.84123663700462,19164400
2021-05-25,52.04255676269531,52.67398795484802,51.63075457017931,52.67398795484802,22309900
2021-05-26,52.08831024169922,52.37199696388441,51.786324303397684,52.20727609176197,15173600
2021-05-27,52.829559326171875,52.96682789664256,52.16152616437638,52.26218931727025,32387600
2021-05-28,52.27133560180664,52.75634862664112,52.10661472407184,52.66483508851927,20303900
2021-06-01,52.06086730957031,52.91192413862744,51.786333636848504,52.71975091681068,20326400
2021-06-02,52.600772857666016,52.792946034956096,51.94188940308946,52.07915795308765,18483600
2021-06-03,51.46603775024414,52.25303323796262,51.32876918760052,52.14322048237846,21831300
2021-06-04,52.50011444091797,52.84785890553627,51.74057127104209,51.74972087945211,21493800
2021-06-07,52.24387741088867,52.56416603108675,51.960190710938846,52.53671371817953,17364400
2021-06-08,52.161521911621094,52.74719458156094,51.79547474746646,52.57332409857395,33254500
2021-06-09,52.161521911621094,52.60077641407598,52.13406959611906,52.49096366118337,13904800
2021-06-10,52.5092658996582,53.104088172493114,52.097463716382066,52.298790003958054,26738100
2021-06-11,52.93936538696289,53.021725820643184,52.1157645410443,52.59162443665439,18119700
2021-06-14,53.25050735473633,53.25966045391958,52.371998340907496,53.094939577466114,21784500
2021-06-15,53.06748580932617,53.46098179132408,52.89361183844806,53.268808604349296,20806500
2021-06-16,52.362850189208984,53.415229717064534,51.951047986620026,53.21390691093129,21879700
2021-06-17,52.32624435424805,52.98512787311466,51.88698983863183,52.20727849870055,21498800
2021-06-18,50.94441604614258,51.932741255798106,50.422801126896935,51.86868352823351,55118300
2021-06-21,51.12744140625,51.283012672113614,50.669884198592065,51.01762865385974,19254600
2021-06-22,51.12744140625,51.50263817689412,50.788850050030774,51.19149913605135,18682800
2021-06-23,50.56922149658203,51.21895539021026,50.54176918096552,51.12744185334773,20287900
2021-06-24,51.31046676635742,51.33791908268561,50.64243363892313,50.77970220233321,21209700
2021-06-25,51.16404724121094,51.621604452629704,51.01762907319232,51.26471038626459,21101200
2021-06-28,52.600772857666016,52.82955144707351,51.557543048509295,51.57584575456801,22480900
2021-06-29,51.932743072509766,52.921068316738896,51.136594508581496,52.66483390663257,26360000
2021-06-30,51.3745231628418,51.59415216041152,50.68818734540258,51.55754674566915,29891600
2021-07-01,51.255558013916016,51.83208108592609,51.12744255144368,51.36537425965049,24871600
2021-07-02,51.94190216064453,52.15238158657383,51.53925300111019,51.7497289361544,17219400
2021-07-06,51.32876968383789,52.1706733029301,50.97187560657555,52.08831286272459,26186600
2021-07-07,51.209808349609375,51.65821600607473,50.981029716713465,51.585005167923285,14857400
2021-07-08,50.68819046020508,50.990179914060214,50.13912316886717,50.61498311710622,19162000
2021-07-09,51.237266540527344,51.34707931197298,50.614988350860294,50.79800847297467,18708000
2021-07-12,51.9144401550293,51.94189247029632,51.34707019724267,51.48433526446223,15392800
2021-07-13,52.04255676269531,52.43605624766788,51.557547230890094,51.81377815472915,15716000
2021-07-14,51.722267150878906,52.58247344419685,51.54839666876018,52.31708942605422,16263600
2021-07-15,51.072532653808594,51.61245025490756,50.85290367586826,51.61245025490756,18917000
2021-07-16,50.30384063720703,52.097464057343515,50.23978290726534,51.292162392653566,25263800
2021-07-19,50.001853942871094,50.15742521759744,49.38872892530491,49.791378034263985,27007700
2021-07-20,50.55091857910156,50.843754893853195,49.66325653638828,50.25807877346569,19867000
2021-07-21,51.45689010620117,51.50264513497164,50.340449251600106,50.49602053848161,18497200
2021-07-22,51.209808349609375,51.740576453552656,50.95357739784912,51.301321897298685,36691000
2021-07-23,48.50107192993164,50.06591699778306,47.87879374665417,49.94695461780724,67742300
2021-07-26,49.69986343383789,49.91033932317588,48.28143334644187,48.327191858332846,32881200
2021-07-27,48.66578674316406,48.68408945107506,47.86963814890082,48.61087861943106,39878000
2021-07-28,48.56512451171875,49.34297041275213,48.44615865349417,48.52851909520586,28478800
2021-07-29,49.14164733886719,49.507691029369475,48.79390286563807,48.94032104001591,16886600
2021-07-30,49.159950256347656,49.324671139584694,48.72984534001933,49.09589252296488,16465700
2021-08-02,49.12334060668945,49.846281810721166,48.99522515096421,49.40702732356989,18098100
2021-08-03,49.47108840942383,49.56259845804355,48.738994056927694,49.315517137708795,16375900
2021-08-04,49.324668884277344,49.818828020509,49.141645301173085,49.64495753654643,17612700
2021-08-05,49.635982513427734,49.75572144118386,49.35045581883066,49.72809073230525,15310000
2021-08-06,49.66361618041992,49.85704169479906,49.48861582448303,49.60835475937116,19256000
2021-08-09,49.78335189819336,50.11493445733626,49.58072084482658,49.81098612050145,14670100
2021-08-10,49.68204116821289,50.09651942181475,49.2859845607233,49.958362346327284,16215700
2021-08-11,49.866249084472656,50.06888365769298,49.589931447807274,49.97677543642494,18590800
2021-08-12,49.3136100769043,49.903088594104446,49.0557105904524,49.89387601589057,15070100
2021-08-13,49.26755905151367,49.33203304646829,48.87150250332431,49.276768116406096,15281100
2021-08-16,49.24913787841797,49.26755952194794,48.81623803938691,49.02808166962764,17690300
2021-08-17,48.53071594238281,48.98203750033989,48.09781954460297,48.97282492025127,22014900
2021-08-18,48.0701789855957,48.843870473339166,47.996495922442186,48.447813907377075,15061700
2021-08-19,48.300445556640625,48.51228920001898,47.508335917144386,47.94123226945256,22999400
2021-08-20,47.904388427734375,48.245183579889876,47.360962213657935,48.04254900439951,25728300
2021-08-23,49.0280876159668,49.313617854957734,48.337291710871995,48.43860900579038,23976300
2021-08-24,49.56229782104492,49.70966745283045,49.101767282519,49.33203255178196,20348800
2021-08-25,49.56229782104492,49.9491417868935,49.48861124836757,49.81098473347722,15048400
2021-08-26,48.935977935791016,49.507034842265185,48.788608298198675,49.507034842265185,19570000
2021-08-27,49.635982513427734,49.68203486608185,48.74255211494693,49.14782125086942,16525000
2021-08-30,49.68204116821289,50.53862838780016,49.51624986677214,49.97678047886983,14581300
2021-08-31,49.792564392089844,50.19783001170306,49.42413854620928,50.1425650807502,22350100
2021-09-01,49.433349609375,49.884671113142915,49.304401612175425,49.83861875893869,18615000
2021-09-02,49.48862075805664,49.635990418160596,49.13861649772107,49.55309476475401,15869500
2021-09-03,49.28598403930664,49.81099216402788,49.11098367344603,49.221510035380646,13456200
2021-09-07,49.41492462158203,49.69124222203406,49.22149913905358,49.34123805422473,13915000
2021-09-08,49.341243743896484,49.66361372933573,48.80703012323012,49.48861338203576,18235100
2021-09-09,49.18466567993164,49.63598366541345,49.12940074732251,49.424140027432486,13495800
2021-09-10,49.58993148803711,50.63994061635902,49.56230077841897,49.5991405533867,20324700
2021-09-13,50.64915466308594,51.10968524243778,50.11493750452445,50.29915043897908,22639200
2021-09-14,50.216251373291016,51.06362589505969,49.985986099301364,50.99915189942813,22072700
2021-09-15,50.768890380859375,50.796524605009346,50.12414686328225,50.354412154304825,18796200
2021-09-16,50.50178146362305,50.61230781108854,49.958355277694636,50.52941217209711,19863100
2021-09-17,49.976776123046875,50.280727987053304,49.43334990759219,50.280727987053304,35359200
2021-09-20,48.79781723022461,49.276769429485306,48.189917037618585,49.009660864087536,35051900
2021-09-21,48.69650650024414,49.23072370294347,48.65966672116504,49.00045839424268,17968900
2021-09-22,49.27676773071289,49.617559346172655,48.816237191173514,49.184663028232684,18594100
2021-09-23,49.76493453979492,50.013621480566655,49.36887795044397,49.50703853317368,16474300
2021-09-24,49.939937591552734,50.12414701406935,49.4886160738202,49.53466842944935,12976200
2021-09-27,50.34519577026367,50.5386177433494,49.57150436435177,49.68203070417662,13899900
2021-09-28,49.737308502197266,50.28073479119,49.700465208198125,49.90309981162352,24691300
2021-09-29,49.26755905151367,49.783351011150636,48.982028849879484,49.73729865955008,20514300
2021-09-30,49.07413864135742,49.71888217132339,49.055716996093295,49.516247586987625,20534100
2021-10-01,49.60835647583008,49.83862177435245,48.862295643732544,49.414934468328,19895100
2021-10-04,49.24913787841797,50.04125098236023,48.88992461350677,49.67282513889943,27353300
2021-10-05,49.691253662109375,50.05046697675313,49.25835376314397,49.322827767640554,18129400
2021-10-06,49.718875885009766,49.801771521432435,48.880710456100125,49.25834535234361,20059600
2021-10-07,49.90309524536133,50.64915606951296,49.84783030941949,50.03204324898936,20704400
2021-10-08,49.56229782104492,50.27151527200315,49.460980540398154,50.24388105046455,16068000
2021-10-11,49.22150421142578,50.11493460807374,49.20308256768807,49.56229935021952,14398800
2021-10-12,48.0517578125,49.47940538516251,47.90438817117882,49.341244809237295,32784300
2021-10-13,48.1346549987793,48.42939780444197,47.77544170613886,48.245184868491364,18534000
2021-10-14,49.645198822021484,49.73730353424968,48.56755541838991,48.724137645461305,26586700
2021-10-15,50.160987854003906,50.188622076887285,49.562300232927385,49.92151350828717,25231100
2021-10-18,50.170204162597656,50.253099810271756,49.479408269836654,49.91230464007288,22407600
2021-10-19,50.85179138183594,50.86100396204602,50.07809978197277,50.317577677456775,18392900
2021-10-20,50.9991569519043,51.10968682413936,50.732051877926885,50.88863059323883,16850300
2021-10-21,51.57942199707031,51.64389599348111,50.50178218828764,50.59388689356898,38390900
2021-10-22,45.55568313598633,46.55963991901545,45.260943852305246,46.41227027717491,109971900
2021-10-25,45.5096321105957,46.11753234013492,45.41752739934442,45.89647962770403,43178800
2021-10-26,44.46883010864258,45.53726087593457,44.14646011946501,45.500421101149534,68405400
2021-10-27,44.109615325927734,44.96620242630607,44.09119368237915,44.68988480021579,41081500
2021-10-28,44.28461837768555,44.54251435553826,44.10040545911825,44.33987979375731,31317200
2021-10-29,45.13200378417969,45.389899824318306,44.13725589181068,44.303047207205516,42301000
2021-11-01,45.638580322265625,45.68463267810367,45.13199738090812,45.5004232547515,28013700
2021-11-02,45.92411422729492,45.96095752034319,45.34384465927901,45.69384891609795,27193300
2021-11-03,46.41227340698242,46.46753834398794,45.78595150853181,45.988586097315725,23962100
2021-11-04,46.660831451416016,46.69792741503029,46.12289929197221,46.595909092587036,24806000
2021-11-05,47.22658920288086,47.838720446865196,46.87415450471274,46.8834276123472,36816200
2021-11-08,47.81089401245117,48.218981508137695,47.35643744062313,47.72742189178836,31647800
2021-11-09,47.486270904541016,48.014926363927664,47.08746014914367,47.80160955908769,22508400
2021-11-10,47.078189849853516,47.66249463454768,47.03181724046583,47.282233576763325,25040700
2021-11-11,46.8648796081543,47.36571235119507,46.75358462236873,47.310063089300385,25420000
2021-11-12,46.660831451416016,47.208036717262594,46.54025984016082,46.929793993134716,23884800
2021-11-15,46.670108795166016,46.95762465180126,46.48461480824017,46.753580912382475,24695800
2021-11-16,46.93907165527344,47.43990432395882,46.68865532093074,46.716478178745504,30927800
2021-11-17,46.58662796020508,47.24512812946352,46.35476140443778,46.92978947209988,23546900
2021-11-18,46.076534271240234,46.5959167654005,45.4180339301111,46.5959167654005,30658200
2021-11-19,45.928131103515625,46.122898175287055,45.668441674487056,46.00232656695102,27607600
2021-11-22,46.21564865112305,47.161661188732545,45.82611095504568,45.95595567440371,33389600
2021-11-23,45.53860092163086,46.790682742085295,45.11196720710729,46.52171662457985,44713300
2021-11-24,46.150726318359375,46.169276070843864,45.10269183801208,45.316008684578435,26035800
2021-11-26,45.2418098449707,45.6127978200502,44.62968216269201,45.35310836029668,25269000
2021-11-29,46.37331771850586,46.49388933521492,45.186161917073186,45.7240905628461,31478900
2021-11-30,45.63134765625,46.74430804552508,45.14906470296401,45.90958686906789,49460800
2021-12-01,45.074867248535156,46.660837538549416,45.00067177362425,46.22492718268544,35093500
2021-12-02,45.90959167480469,46.17855780848509,44.82445756982391,45.08414705723731,37240800
2021-12-03,45.67771911621094,46.42896815606743,45.22325903427229,46.076529941788685,32224900
2021-12-06,47.2915153503418,47.49555556137703,45.612799819620804,45.89103904412608,40336000
2021-12-07,48.75691223144531,51.01065604521037,48.42302373488696,50.695317302683456,91731500
2021-12-08,47.99637985229492,49.04441773632889,47.65321832032034,48.75690191667268,37143400
2021-12-09,46.818504333496094,47.84799262306009,46.772131720219186,47.57902651284896,31694200
2021-12-10,46.92052459716797,47.36570803777282,46.41969189973621,47.15239119360821,23783600
2021-12-13,46.37331771850586,47.31933382452378,46.326945108388024,47.16166270451911,35726900
2021-12-14,46.09507751464844,46.6237330420713,45.7426393170321,46.20637248410502,34120400
2021-12-15,46.99472427368164,47.09674615132553,45.751922602030746,46.252751806276706,32590300
2021-12-16,47.143123626708984,47.671779245679815,46.911257003019884,47.059651500660756,33132300
2021-12-17,46.9483528137207,47.319340825558854,46.38259768776926,46.9205299511342,50102300
2021-12-20,46.0023307800293,46.493890364570674,45.40875286617138,46.28984662993073,30140300
2021-12-21,47.087467193603516,47.15238955531079,46.31766842192668,46.31766842192668,31956300
2021-12-22,47.27296829223633,47.31934090929719,46.56809177609723,46.96690265122764,23307900
2021-12-23,47.58830261230469,47.97783680496576,47.34715936522573,47.3749857632755,25198200
2021-12-27,48.17259979248047,48.28389829917935,47.57902190876616,47.625394517555726,20985400
2021-12-28,48.005653381347656,48.33954181021225,47.885085311593414,48.16332448964621,19290400
2021-12-29,48.070579528808594,48.35809181450542,47.912908419681806,48.05202977844055,14174800
2021-12-30,47.98711013793945,48.35809455229415,47.90363802555906,48.15405082469691,18359400
2021-12-31,47.76451873779297,48.376646409223184,47.72741923334181,48.12623006118308,16319000
2022-01-03,49.350486755371094,49.36903650810461,47.8572652713572,47.90364142219277,33857600
2022-01-04,49.28557205200195,50.02754458667561,48.831115422391136,49.684382952764814,45681400
2022-01-05,49.962608337402344,52.09578010900163,49.92551237447256,50.25939726885947,59109300
2022-01-06,50.09246063232422,50.70458833832805,49.54525529377506,50.64894261651186,35757900
2022-01-07,49.56379699707031,50.44489067542718,49.29483446330076,50.25939671082524,30717200
2022-01-10,51.205413818359375,51.2981625716041,49.44322996274773,50.0553575821502,49260800
2022-01-11,51.854644775390625,52.01231589856995,50.76023417215799,51.47438370396257,39795200
2022-01-12,51.69697189331055,52.19780099455663,50.8344279717158,52.067956281714935,29136800
2022-01-13,50.95500946044922,52.13289236830686,50.79734184990333,51.938125247748765,29605400
2022-01-14,51.659873962402344,51.72479632079541,50.574736544398,50.87152547933865,30151500
2022-01-18,50.788055419921875,51.613503437666665,50.713859952193985,51.29816473931565,35313800
2022-01-19,49.730743408203125,50.871526564593466,49.67509769296664,50.667486378720916,30595100
2022-01-20,48.265342712402344,50.16664774691798,48.17259396803399,49.95333094187504,28582600
2022-01-21,48.265342712402344,49.27628102899888,48.18187061147225,48.30244221014968,46372400
2022-01-24,48.17259979248047,48.3488206590854,46.262021421525446,47.74596613081122,64198400
2022-01-25,47.3007926940918,47.875820947967085,46.60519280153162,47.310065802604164,44095400
2022-01-26,47.940738677978516,48.89603151040661,47.068921504096274,47.42135973949704,54895400
2022-01-27,44.56475830078125,46.42896768283003,44.31434195671484,46.35476867510513,89642800
2022-01-28,44.267967224121094,44.70387752860311,42.941690097636155,44.24941747307896,61945400
2022-01-31,45.278907775878906,45.32528038665073,43.87843511775059,44.22159668306622,51828400
2022-02-01,45.39948272705078,45.47367820213169,44.85227738856484,45.24181159324788,35386100
2022-02-02,45.91886520385742,45.98379111430965,44.601864462187734,44.750258961784375,37962700
2022-02-03,44.778079986572266,46.08580756620817,44.750257124666334,45.677723593571336,42145800
2022-02-04,44.86686325073242,45.081808668843806,44.044477959949866,44.72668564125954,32431500
2022-02-07,45.025733947753906,45.47430869966097,44.82013584960496,44.979008079526025,27558500
2022-02-08,45.61448287963867,45.73596940542432,44.76405937436569,44.838820039083416,28051200
2022-02-09,46.64246368408203,46.698536853452445,45.633171590096104,46.10043730665271,35217300
2022-02-10,45.66121292114258,46.661161412354325,45.567757625495915,45.96026273730189,32762700
2022-02-11,44.51173782348633,45.89484406168886,44.39024772625868,45.74531915931439,37208200
2022-02-14,44.46500778198242,45.02572522196282,44.02577686285989,44.78274505033799,28456900
2022-02-15,45.268707275390625,45.287398334299496,44.10054283074843,44.57715592053723,35837900
2022-02-16,45.072452545166016,45.31543272468327,44.483696718594615,44.913583905827906,26022900
2022-02-17,44.455657958984375,45.10048333501819,44.27809827818054,44.72667291780681,32030600
2022-02-18,42.09130096435547,43.18470114321391,41.59599682931479,43.16601008482041,76520100
2022-02-22,41.764217376708984,42.43708129295376,40.979210662741835,41.764217376708984,57093300
2022-02-23,41.726829528808594,42.717430557181665,41.633374247388375,42.21278273237587,38176700
2022-02-24,43.661312103271484,43.726729022000065,40.77360967312874,41.025933601776714,72740100
2022-02-25,44.58649826049805,44.6612624937742,43.222083087802005,43.857564810829864,39266300
2022-02-28,44.57715606689453,44.68929885576098,43.7828021029568,43.922983262756105,41946100
2022-03-01,43.754756927490234,44.76405248295915,43.19403955108804,44.42762063113618,53853000
2022-03-02,45.67055892944336,45.78270528977188,44.371560557757064,44.40894267786658,46936500
2022-03-03,44.79209518432617,45.37150371748581,44.50238913526897,45.0257280598693,36389900
2022-03-04,44.92292785644531,45.10983486501204,44.268755108939104,44.268755108939104,38310700
2022-03-07,44.558467864990234,45.36216562746827,44.48370362431543,44.86686144538575,43813700
2022-03-08,44.39024353027344,45.53037303120486,43.820178779807726,44.5678032210109,44813900
2022-03-09,44.51173782348633,45.28739714050547,43.82018292190762,45.240671276942486,36076500
2022-03-10,43.60523986816406,44.21268677222132,43.137974115798414,44.19399571433212,36456000
2022-03-11,42.829586029052734,44.184654031570716,42.773512848242,44.06316748724697,27082100
2022-03-14,41.493194580078125,42.96975230250623,41.3997393033711,42.894991646094894,35993900
2022-03-15,41.87635803222656,41.960466010294425,41.18480314978474,41.58665198222509,34448900
2022-03-16,43.577205657958984,43.577205657958984,42.30624222380277,42.334277028541415,38885500
2022-03-17,44.053810119628906,44.19399125718266,42.736120973450454,43.28749464823176,28555000
2022-03-18,44.34352111816406,44.48369870649941,43.315534312264084,43.75476526528211,46237100
2022-03-21,44.287445068359375,44.75471079571486,43.98839528804824,44.35286198499278,32910900
2022-03-22,45.22197723388672,45.29674146261697,44.296793075555044,44.390244796513215,27923300
2022-03-23,45.10983657836914,46.334074144273124,44.913585816149705,45.287396282526515,37126400
2022-03-24,48.240516662597656,48.26855503271474,45.40888726265911,45.47430418467416,51677900
2022-03-25,48.436767578125,48.5769451590064,47.14711315727927,47.371398712671365,33239800
2022-03-28,48.13771057128906,48.19378373835332,47.24990859830835,47.99753300105996,22932400
2022-03-29,48.82926940917969,48.866651523646645,47.922772740606554,48.59563654119318,27303700
2022-03-30,48.062957763671875,49.07224998099687,47.866706994324645,48.829273347274814,24623300
2022-03-31,46.31538391113281,47.90408466020147,46.268654482667955,47.84801504997144,43698300
2022-04-01,44.9603157043457,46.63312811864987,44.231382199434336,46.56771119205296,46598600
2022-04-04,45.97895431518555,46.00698912171834,44.782751472097225,45.01638436641732,23784900
2022-04-05,44.979000091552734,45.773350405221024,44.87620106073469,45.63317282543199,25779200
2022-04-06,44.42762756347656,45.01637983107959,44.14726883152921,44.33417227619098,31518700
2022-04-07,44.446319580078125,44.77340418024935,43.70803883688619,44.324829486462484,24117000
2022-04-08,43.94166946411133,44.46500836255958,43.78279726290462,44.18464607395416,22167300
2022-04-11,43.52113342285156,44.20334101753657,43.483751305756655,43.8295305414522,30352500
2022-04-12,43.455711364746094,44.77340053449828,43.37160339370002,44.22202684985279,29861400
2022-04-13,43.93231964111328,44.17529980201699,43.50243605176596,43.68934304516395,22171300
2022-04-14,42.6800537109375,43.689349485086844,42.63332784693908,43.689349485086844,36181800
2022-04-18,43.586544036865234,43.8201768874616,42.53986986438074,42.54921360982467,25593100
2022-04-19,44.79209518432617,44.85751210428187,43.306189953273645,43.549166575258404,31483100
2022-04-20,44.9603157043457,45.55841535606326,44.8388255985421,45.193948603607566,22787100
2022-04-21,44.39024353027344,45.69858897609489,44.296791811980995,45.43691774795788,27316900
2022-04-22,43.493099212646484,44.53042980401766,43.45571709504006,44.34352278094047,28219900
2022-04-25,43.97905731201172,44.053817984420604,43.156668525783665,43.18470333231761,35999300
2022-04-26,42.53987121582031,43.77345242096214,42.53052390512505,43.63327128016918,35356600
2022-04-27,42.25951385498047,43.04452042570612,42.0632595385831,42.50249046653513,28320900
2022-04-28,43.77345657348633,44.17530541259565,42.55856630953121,42.79219918971315,41097000
2022-04-29,40.736228942871094,42.39035015470979,40.65212096379609,42.04457449182577,70765900
2022-05-02,42.01653289794922,42.0445712654592,40.66146159014891,40.85771590290056,45446500
2022-05-03,42.109989166259766,42.51183798207391,41.33432633784259,41.85766524249591,40158400
2022-05-04,43.493099212646484,43.58655094170761,41.50254601204114,42.10999294580325,44625600
2022-05-05,42.009578704833984,43.24349367518184,41.566879294650654,42.95149754210053,52996700
2022-05-06,41.72699737548828,42.52763042030808,41.29371563912066,41.905964226739655,40916600
2022-05-09,40.56843566894531,41.63280474167557,40.38005122170734,41.265457045785475,44925800
2022-05-10,41.4538459777832,42.141449883161755,40.97346895719556,41.77409852255336,42770000
2022-05-11,40.342376708984375,41.71757704852445,40.29527790290518,41.46325858686138,40351700
2022-05-12,40.35179901123047,40.41773303565469,39.570004731436356,40.248187374811025,42329600
2022-05-13,41.067649841308594,41.29371188804125,40.474243705762234,40.898104204542676,32034100
2022-05-16,40.57786178588867,41.0770775774139,40.30470448394151,40.89811071393511,25071900
2022-05-17,41.821189880371094,41.84002509158528,41.11475088639952,41.27487533366183,28596600
2022-05-18,39.8902587890625,41.425587402434175,39.76781193504717,41.425587402434175,35218400
2022-05-19,39.56999588012695,40.21992196569235,39.29684223709972,39.861991918071844,29181000
2022-05-20,39.230918884277344,39.833746332571295,37.968747566986245,39.79606871876917,44802300
2022-05-23,39.56058883666992,39.79606853212629,38.92950497755165,39.26859272077542,27199500
2022-05-24,39.249752044677734,39.456975316613445,38.712858652057776,39.278012050118406,29837500
2022-05-25,39.74897003173828,40.0503837296002,38.986014587887034,39.033109804465205,26283100
2022-05-26,40.954620361328125,41.143004800251695,39.63593647513176,39.72070569985634,28826700
2022-05-27,41.96247863769531,41.96247863769531,41.02055990915834,41.05823752065216,30553300
2022-05-31,41.84002685546875,42.150861750624934,41.11475261970702,41.67990240145594,41111500
2022-06-01,41.54803466796875,42.32040771890644,41.001720094160056,42.16970086977554,29885500
2022-06-02,42.23563766479492,42.27331527783515,41.38790933706453,41.623389028863535,28727600
2022-06-03,40.869850158691406,41.67990078270309,40.82275494423052,41.54803274495878,33174700
2022-06-06,40.82276153564453,41.482105423961066,40.577864225025024,41.26546452795358,25437100
2022-06-07,41.00171661376953,41.058233024821796,40.182248415750955,40.55901730316389,25168700
2022-06-08,38.83531188964844,39.80548710876224,38.64692741006665,39.79606950169394,59649900
2022-06-09,37.686161041259766,38.948332090103854,37.686161041259766,38.62807962716926,39047200
2022-06-10,36.90437316894531,37.75210139520741,36.90437316894531,37.5354569427247,43066200
2022-06-13,35.576271057128906,36.55586740401901,35.48207702773477,36.310966520729075,50335900
2022-06-14,35.72697830200195,35.98129679444702,35.359630566181806,35.80232993320705,31351700
2022-06-15,36.405155181884766,36.89494968997079,35.71755144467224,36.3203823644979,37652300
2022-06-16,35.171241760253906,35.59510586204731,34.78505526598312,35.510333041688625,45576500
2022-06-17,34.82273483276367,35.90593916147594,34.474222333272465,35.303111779734394,71393200
2022-06-21,35.53859329223633,35.82116819293149,35.16182795568771,35.19008436781679,34004900
2022-06-22,35.208927154541016,35.57627492629269,35.05822028425481,35.16183193128943,32571000
2022-06-23,35.237186431884766,35.43498854148836,34.766226974846404,35.425570933327215,30163000
2022-06-24,36.36748504638672,36.39574146027542,35.548016705399206,35.651624754036106,38159900
2022-06-27,36.386322021484375,36.79134736812814,36.23561516644029,36.61238050748308,29585300
2022-06-28,35.58568572998047,36.75366644624107,35.548011714463314,36.3392235304761,37824200
2022-06-29,35.124149322509766,35.41614182104377,34.8698308413405,35.359628998429294,25437200
2022-06-30,35.237186431884766,35.79291873491545,34.59668128286175,35.04880193044232,35141000
2022-07-01,34.22932434082031,35.0393749655155,33.79604261839925,34.93576333773339,40596300
2022-07-05,34.558990478515625,34.60608928075807,33.47578629648794,33.84313395792056,33215000
2022-07-06,34.84157180786133,35.246593514277116,34.3423524891515,34.68144377185722,26258300
2022-07-07,35.924781799316406,36.10374866764597,35.538595242112876,35.68930210362803,33165400
2022-07-08,35.78349304199219,35.92477869130094,35.21833966535307,35.47265814587047,22566300
2022-07-11,35.03937911987305,35.482078500427974,34.87925105982426,35.47266089366509,25904300
2022-07-12,35.04879379272461,35.510335534439896,34.84157412307266,35.46324031829785,30546300
2022-07-13,35.04879379272461,35.25601705551123,34.49306161872523,34.54957803397649,27059200
2022-07-14,35.51975631713867,35.943620486594924,34.182233374782285,34.84157723914367,36690700
2022-07-15,36.376895904541016,36.42399111666326,35.53858891210822,36.047225826550935,32892300
2022-07-18,36.461673736572266,37.055083551674116,36.2921280751146,36.82902147201894,30814400
2022-07-19,37.88396453857422,38.364341409317596,36.96088480761714,37.03623642181055,53095300
2022-07-20,38.2042236328125,38.30783167121944,37.26230493608459,37.87454993307692,36387900
2022-07-21,38.25132369995117,38.28900131495078,37.50720697281693,38.15712966245214,29661200
2022-07-22,36.923213958740234,38.15712516282148,36.678313083257514,38.025257119008344,41350000
2022-07-25,36.88553237915039,37.12101203008805,36.310961455961,36.99856160552286,32263400
2022-07-26,36.6971549987793,37.27172603249225,36.621803364414575,36.82902305376882,35925500
2022-07-27,37.846290588378906,38.0723490459156,36.951467177221375,36.98914478452229,42571600
2022-07-28,37.403594970703125,37.78978153792088,36.77251109459842,37.761525123508754,56662300
2022-07-29,34.20106506347656,34.4930575247818,33.193212466492035,33.53230013834964,125292400
2022-08-01,34.813316345214844,35.50091660563833,33.95617042132969,33.95617042132969,52513400
2022-08-02,33.91849136352539,34.53073996584255,33.90907375734986,34.4648059432096,53929400
2022-08-03,34.39887237548828,34.46480639899319,33.21205276613035,33.99384703502396,59513900
2022-08-04,33.927913665771484,34.346540572218984,33.64248606458415,34.2609119289219,54046300
2022-08-05,33.67102813720703,33.95645574179639,33.47122917693537,33.63297015541941,40205100
2022-08-08,33.66151809692383,34.21334435849481,33.490260794854755,33.642489104537354,41534600
2022-08-09,32.84328842163086,33.58540095167881,32.72911810071788,33.50928861420651,48202300
2022-08-10,33.652000427246094,33.68054572937782,32.909887901184135,33.290460474728704,42243300
2022-08-11,33.8613166809082,34.52731688908878,33.76617534948633,33.90888734661914,35569700
2022-08-12,34.35606002807617,34.38460170198567,33.93742945388782,34.061116089844305,37675200
2022-08-15,34.574886322021484,34.660514969011714,33.97548579308986,34.346542053577856,25400600
2022-08-16,34.43217468261719,34.80323461542694,33.965977040184285,34.4036330067893,25000200
2022-08-17,34.04207992553711,34.327511122134965,33.556853424255934,34.070625222841954,29176100
2022-08-18,34.441688537597656,34.56537517304557,33.84228798209842,33.94694562521518,24598200
2022-08-19,33.66151809692383,34.279944017142874,33.48074448395692,34.06111604881221,31425500
2022-08-22,32.19631576538086,33.3570588019882,32.09165813035444,33.29997182940773,51006100
2022-08-23,32.30097198486328,32.71959887721433,32.2629140048108,32.32951365519827,30687100
2022-08-24,32.21534729003906,32.33903392565383,31.967974018809528,32.320004933297,25105700
2022-08-25,33.195316314697266,33.233374298848496,32.17728882981122,32.224859495295696,29799100
2022-08-26,31.739633560180664,33.32851632273222,31.730117249240443,33.25240398225648,44851500
2022-08-29,31.340028762817383,31.787200966505686,31.216345768553293,31.615943681238203,32976800
2022-08-30,30.693058013916016,31.46371580794256,30.58840400876969,31.435174136485276,40182500
2022-08-31,30.36957550048828,30.816745913958847,30.226861693185292,30.816745913958847,44074500
2022-09-01,30.21734619140625,30.2839458449501,29.617945680102665,30.036574406998323,36440700
2022-09-02,29.70357322692871,30.807231068816066,29.551344934538257,30.645486466608773,34893300
2022-09-06,28.885345458984375,29.865314825394012,28.85680197478343,29.865314825394012,46989600
2022-09-07,29.16126251220703,29.29446364188381,28.59040545350466,28.942434547694234,37329500
2022-09-08,29.256404876708984,29.351548019736743,28.45720537880301,28.894863110848906,37359500
2022-09-09,29.931915283203125,29.96997326316683,29.570373547069764,29.675031177265584,34069500
2022-09-12,30.027057647705078,30.31248704599366,29.589401777581966,30.198314923737364,38305500
2022-09-13,27.867319107055664,29.427660004910727,27.82926112676438,29.332516868886895,71417900
2022-09-14,27.762662887573242,28.324005422480926,27.600920092520106,28.114690149644826,40767200
2022-09-15,27.439176559448242,27.981490088656386,27.315489935243747,27.734118654951818,39919100
2022-09-16,27.819747924804688,27.895862074220805,27.039577439613396,27.30597786992203,72748000
2022-09-19,28.010034561157227,28.067119720267634,27.496262685050105,27.610434817975406,33151900
2022-09-20,27.553348541259766,27.75314932525788,27.315491588460063,27.658006181197088,31129000
2022-09-21,27.087146759033203,28.15274661271233,27.077632263990022,27.734117904334347,39977300
2022-09-22,26.706575393676758,27.115689597251134,26.67803372393253,27.020546463793597,36092700
2022-09-23,26.183290481567383,26.544832205535517,25.869319416248846,26.544832205535517,43491100
2022-09-26,25.66000747680664,26.354551159837232,25.555351651320706,26.22135003194812,44786400
2022-09-27,25.583890914916992,26.25940554253098,25.3270068086398,26.069119271869596,44121400
2022-09-28,25.81223487854004,25.954950497334636,25.30797931644131,25.555350757059607,40433400
2022-09-29,25.09866714477539,25.479239755648255,24.91789715078595,25.479239755648255,41831300
2022-09-30,24.518293380737305,25.27943484950694,24.48974989514429,25.022548923283036,43821000
2022-10-03,25.66000747680664,25.92640791788033,24.80372280759737,25.051094256871966,44096200
2022-10-04,26.354551315307617,26.44969264545526,25.774179764943327,26.097665368618056,42427500
2022-10-05,26.297460556030273,26.48774681835725,25.583889794360527,26.040576461004424,30120000
2022-10-06,25.859806060791016,26.411634073076065,25.688548778581108,26.107177489015953,33985100
2022-10-07,24.470720291137695,25.003521120620693,24.40412064112841,24.89886349077504,57215500
2022-10-10,23.97597885131836,24.727605793350477,23.871321223240034,24.680035134062692,43409300
2022-10-11,23.823753356933594,24.242380288916017,23.49075325876679,23.795209869192025,48134900
2022-10-12,24.09966278076172,24.28043454597076,23.462206170007562,23.833262380174936,39634100
2022-10-13,25.136720657348633,25.536320375871682,23.395607986934852,23.528807288207744,62447000
2022-10-14,24.651493072509766,25.33652040519587,24.50877927170488,25.174777613695817,48185400
2022-10-17,25.136720657348633,25.45069173513786,24.898863725244542,25.03206302651743,39416500
2022-10-18,24.61343765258789,25.650492271076327,24.299466555409587,25.441178811192287,51126900
2022-10-19,24.737117767333984,24.974974668942966,24.44217571745601,24.489746371896146,33882300
2022-10-20,24.813236236572266,25.64097919719597,24.68955142460546,24.879835890300885,33247700
2022-10-21,25.66000747680664,25.736121629298474,24.53732418122822,24.59440934192096,53058700
2022-10-24,25.859806060791016,26.145233654671273,25.23186390249094,25.450691845446098,43831600
2022-10-25,26.078636169433594,26.221349978225323,25.688550911874092,25.859808208305978,32205300
2022-10-26,25.888351440429688,26.44969402822928,25.679037962575716,25.869324262228158,37111100
2022-10-27,24.994009017944336,26.249893437480765,24.86080789047216,26.116694124713124,56305100
2022-10-28,27.658004760742188,27.800718562151634,26.506778039374286,26.811234632968954,91695700
2022-10-31,27.049091339111328,27.7626621546783,26.68754777632292,27.667519016328484,59507700
2022-11-01,26.925405502319336,27.4486918711954,26.535320256910445,27.40111939327695,44418700
2022-11-02,26.08814811706543,27.44869004504039,26.078633622114737,26.896862040830722,51956100
2022-11-03,26.059606552124023,26.525805950828502,25.850293091900937,26.116693526033995,39678200
2022-11-04,27.19263458251953,27.231204737967765,26.4308542408671,26.585138541087908,43051900
2022-11-07,27.39513397216797,27.452990129034504,26.89370904142049,27.3469208146482,34389800
2022-11-08,27.462629318237305,27.915841028586772,26.93227730224422,27.732627744845203,36258000
2022-11-09,26.536924362182617,27.289059836909928,26.536924362182617,27.211917689778566,30544800
2022-11-10,28.696908950805664,28.764408105829368,27.626559951961106,27.84834341538586,62943900
2022-11-11,29.342973709106445,29.535828165320652,27.838700858094295,27.89655701103716,49826500
2022-11-14,29.26582908630371,29.882966236793685,29.101901800803088,29.256186088425583,39395300
2022-11-15,29.61297035217285,30.220466396071025,29.092261296616932,29.98903994480018,40933200
2022-11-16,28.47512435913086,29.15011772183715,28.388339209192143,29.03440541472817,35582800
2022-11-17,28.8222599029541,28.880117889265293,27.96405333735606,28.031552482172028,31983300
2022-11-18,28.802978515625,29.1790462667312,28.55226606848289,29.1790462667312,27122200
2022-11-21,27.906200408935547,28.65833592559415,27.877271412443307,28.600479771823636,36086800
2022-11-22,28.754762649536133,28.793334642947404,28.021911327646837,28.099053475255506,25584100
2022-11-23,28.610122680664062,29.00547643541131,28.436552380684496,28.667978834252597,23143900
2022-11-25,28.29191017150879,28.61976476337277,28.29191017150879,28.61976476337277,11314900
2022-11-28,27.70370101928711,28.147269767948515,27.520489559757404,28.060484617975934,28267900
2022-11-29,27.867624282836914,28.137622692434476,27.71334000284222,27.81941113504371,24361500
2022-11-30,28.995832443237305,29.005475441707357,27.21191818898294,27.74227206955256,72072500
2022-12-01,28.764406204223633,29.39118639556841,28.46548060636023,29.159759948266366,38896300
2022-12-02,28.35940933227539,28.378695329266066,27.684414151313096,28.127982886029038,31546000
2022-12-05,28.127981185913086,28.687262190341098,27.857982762004674,28.369050616084017,34040400
2022-12-06,27.578346252441406,28.262982627592987,27.327633796421193,28.147270318176886,27701200
2022-12-07,27.317989349365234,27.5301297981923,27.144419055227683,27.26977619619987,28239900
2022-12-08,27.42405891418457,27.57834320248603,27.067275347978825,27.30834477835158,28486100
2022-12-09,27.231201171875,27.751911996340407,27.182988024075033,27.375842454488605,25641300
2022-12-12,27.665130615234375,27.684414773444505,26.864780114274833,27.125133722644026,35117900
2022-12-13,27.70370101928711,29.015119428460356,27.356562258610747,28.725836821361064,58546800
2022-12-14,27.25048828125,28.079767699666352,27.009418853962806,27.491557708537194,37141100
2022-12-15,26.180139541625977,26.99977596556628,26.151212387331118,26.94191981776278,45682700
2022-12-16,25.958358764648438,26.170499221106358,25.505148855264444,26.035500916016225,81104200
2022-12-19,25.833005905151367,26.006574382757933,25.553364430448205,25.93907522381969,37662500
2022-12-20,25.49550437927246,25.910144108555976,25.476218382744424,25.59193252269879,31863300
2022-12-21,25.871572494506836,26.00657079375305,25.630503052016383,25.64014605042167,28100900
2022-12-22,25.042295455932617,25.50515022826992,24.444444210451955,25.50515022826992,47478300
2022-12-23,25.158008575439453,25.254436725682798,24.762654814734336,24.994081271789966,23600900
2022-12-27,25.01336669921875,25.167651000403847,24.733725253812043,24.926581549900387,29548100
2022-12-28,24.627655029296875,25.186936060072682,24.589083035829773,24.916937623444614,26176900
2022-12-29,25.273719787597656,25.350863775815828,24.830152890626614,24.849438887681156,30944800
2022-12-30,25.485862731933594,25.51478988904513,24.878366683595974,24.974794832133654,31030100
2023-01-03,25.775142669677734,26.102997237232728,25.428003945782972,26.083711241679193,31308000
2023-01-04,26.691205978393555,26.92263239656756,26.189781152743034,26.43085056824267,37665200
2023-01-05,26.57549476623535,26.7876370522534,26.401924473752903,26.459782464056307,33552600
2023-01-06,27.70370101928711,27.800129168058195,26.401925608912368,26.93227950754635,31788600
2023-01-09,28.262981414794922,28.80297829961147,27.80977151713731,27.80977151713731,37493200
2023-01-10,28.388341903686523,28.455841062442474,27.886916954050694,28.195485587914547,23008100
2023-01-11,28.783693313598633,28.812620471120535,27.96405679822175,28.619766010523257,30375400
2023-01-12,29.207975387573242,29.294758697326316,28.41726604818337,28.90904794592512,28963900
2023-01-13,29.034406661987305,29.092262818027177,28.745122203359855,28.899406512275544,31361900
2023-01-17,28.54262351989746,29.179046726826428,28.465481368730735,29.101904575659702,34759100
2023-01-18,27.780841827392578,28.754762588389678,27.6072715358387,28.735476591725053,44199600
2023-01-19,27.404775619506836,27.732630224266018,27.231205318256215,27.58798891962849,36886600
2023-01-20,28.17619514465332,28.185838142842474,27.240846390871358,27.404773681659314,35158500
2023-01-23,29.188690185546875,29.400830644794553,28.13762720983005,28.28226851564501,38795800
2023-01-24,28.8511905670166,29.111546002854098,28.66797727818127,28.87047656357061,24855100
2023-01-25,28.639047622680664,28.82225905630973,28.127979793893445,28.46547734727317,28268000
2023-01-26,29.015117645263672,29.03440364167541,28.282266334542182,28.98618865064606,56088100
2023-01-27,27.154062271118164,27.231204420328744,25.82335973743222,26.102999338615348,148548200
2023-01-30,26.95156478881836,27.49155983268477,26.681566347278196,26.729779500775336,55145800
2023-01-31,27.25048828125,27.279417274641418,26.5465659949827,26.787635422269894,52621600
2023-02-01,28.031553268432617,28.37869383918174,26.691207814594986,26.893705254722768,63330600
2023-02-02,29.111547470092773,29.217616778058037,27.771200069456867,28.2051258177228,62230700
2023-02-03,29.236902236938477,30.056538724554706,28.4751237408344,28.5619088888887,57603100
2023-02-06,28.002227783203125,28.939213232302656,27.92414566244483,28.841610115948637,48726400
2023-02-07,28.353595733642578,28.56832295693167,27.748459777304095,27.963185138968626,50780800
2023-02-08,27.563013076782227,28.421918216464604,27.53373158510289,28.255993486863996,36479100
2023-02-09,27.065242767333984,28.1291129163864,26.90907851257627,27.99246965887959,43906400
2023-02-10,27.133562088012695,27.319007822872113,26.68459035918154,26.967637348743658,31232500
2023-02-13,27.865583419799805,27.865583419799805,27.055480697189722,27.20188630644277,32347500
2023-02-14,27.95342254638672,28.031504659469526,27.319005144885864,27.699655213461494,27928900
2023-02-15,28.15839195251465,28.187671584208548,27.4849324991859,27.680138731393377,23359400
2023-02-16,27.523975372314453,28.13887185871126,27.45565188571511,27.816782868384426,28972500
2023-02-17,26.948118209838867,27.397089938587733,26.72363048383983,27.32876831565852,32086200
2023-02-21,25.43527603149414,26.616270270023502,25.415756896403558,26.46010601955057,63668400
2023-02-22,24.85941505432129,26.255134413274384,24.693490336229853,25.288867594374018,89195300
2023-02-23,24.996063232421875,25.45479545717064,24.713014382393666,25.161987971011783,56473200
2023-02-24,24.537330627441406,24.742297369426744,24.322605248736267,24.615412752572794,44089900
2023-02-27,24.30307960510254,24.96677847262712,24.283558612146088,24.937496983192442,37657000
2023-02-28,24.33236312866211,24.517808854002507,24.13715690602753,24.34212362595629,50255300
2023-03-01,24.722774505615234,25.298630833078455,24.371404038247963,24.42996702389222,47823400
2023-03-02,25.571916580200195,25.66951782309745,24.517807146940193,24.605647893222844,48309300
2023-03-03,25.767122268676758,25.845204384032996,25.386472189018157,25.5719179110984,36744900
2023-03-06,25.3669490814209,25.90376520869363,25.30838796518864,25.835441734527624,37879800
2023-03-07,24.917978286743164,25.36694996283118,24.888696796797447,25.220546236351364,43164600
2023-03-08,25.357192993164062,25.3864744871826,24.839899630209082,24.947261385027765,36071900
2023-03-09,25.806163787841797,26.33321759150499,25.347429739545277,25.357190236490354,54886100
2023-03-10,26.56746482849121,26.860274161836333,25.689040551704853,25.913526404132295,65187000
2023-03-13,26.303937911987305,26.655306493215953,25.972088462987042,26.098971199781527,50977000
2023-03-14,27.338529586791992,27.42637220779286,26.59674848813171,26.694351607202076,47689800
2023-03-15,27.728940963745117,27.816783587160867,26.996920343030357,27.06524196977045,49322800
2023-03-16,29.45650863647461,29.544351255599253,27.70941861346735,27.70941861346735,75779500
2023-03-17,29.095378875732422,30.256852106897263,28.734249747934122,29.202742495057443,80628500
2023-03-20,28.46095848083496,29.183218524450513,27.94366329508857,29.085615413340413,38780100
2023-03-21,27.777738571166992,28.470718984748284,27.309245871678645,28.304794254309765,55650800
2023-03-22,27.455652236938477,28.42192108190452,27.426372603931718,27.797262227806556,37415500
2023-03-23,28.334077835083008,28.460960585773083,27.543494252082628,27.69965849675871,43785500
2023-03-24,28.65616798400879,29.095379241854463,28.236475861320354,28.343839481996387,55912100
2023-03-27,28.48048210144043,29.017296469606507,28.38287898133078,28.665927843486305,34758200
2023-03-28,28.587844848632812,28.62688497851229,27.943665020187566,28.38287811648555,37407900
2023-03-29,30.76438331604004,31.125512402388914,29.046574912128595,29.056335409276464,85556200
2023-03-30,31.320720672607422,31.798975756041244,31.047432319448752,31.086474310596248,70077600
2023-03-31,31.886812210083008,32.11130178037021,30.9693478278506,31.037669445503603,59765000
2023-04-03,32.101539611816406,32.755479885973635,31.759931521528337,32.15034023567914,57038300
2023-04-04,32.30650329589844,33.02876516195409,32.05273782705385,32.06249646217338,55714100
2023-04-05,32.04298400878906,32.199148256918505,31.564728904564877,32.01370065253086,39615700
2023-04-06,32.023460388183594,32.208904254125564,31.6818485636601,31.818491804169874,28551900
2023-04-10,31.74040985107422,31.974654329924114,31.428081397108453,31.81849010294123,30534400
2023-04-11,31.574485778808594,32.31626870845756,31.545206147434005,31.87705562159293,27059100
2023-04-12,31.252399444580078,32.10154228489594,31.193836457118923,31.984420033222882,37070800
2023-04-13,31.35976219177246,31.65256967447336,30.891267613176623,31.057192349807018,29722300
2023-04-14,31.125516891479492,31.467128756050695,30.93031250524205,31.23288051396617,24623600
2023-04-17,31.369522094726562,31.85753582668746,31.008392975585302,31.18407821695117,29601100
2023-04-18,31.06695556640625,31.681852078543297,31.018154935559963,31.652572444685415,26041400
2023-04-19,30.403255462646484,30.764386447377372,30.334933837281774,30.354454833564454,25746600
2023-04-20,30.120208740234375,30.500858863126293,29.97380312839162,30.022605619547434,30255100
2023-04-21,29.57362937927246,30.100685067139953,29.505307759354345,30.100685067139953,28655800
2023-04-24,28.948972702026367,29.64195312806772,28.900172076394732,29.407704912487166,38732500
2023-04-25,28.187673568725586,28.861133069468387,28.177914931890307,28.734250312737725,38289900
2023-04-26,28.353595733642578,29.095376794335365,28.148630869547965,28.5000013355668,41218800
2023-04-27,29.144180297851562,29.23202291741756,27.826542865986188,28.06078923095398,60186200
2023-04-28,30.315414428710938,31.789216215996717,30.071407547272063,31.213359826870988,80252400
2023-05-01,29.57362937927246,30.491095653546697,29.554110246170513,30.3642129110737,36918500
2023-05-02,29.056339263916016,29.846921021528146,29.0368182670306,29.573632650006484,33463400
2023-05-03,29.915241241455078,30.3642148405713,29.524830630239645,29.90548074347161,45554500
2023-05-04,30.61595916748047,31.0863703868526,29.773137664169386,29.83194046852692,46104000
2023-05-05,30.370952606201172,30.78256288390154,30.11614606579161,30.753161482191516,35024600
2023-05-08,30.15534782409668,30.22394922525371,29.78293754746141,30.086746422939655,30882800
2023-05-09,29.49873161315918,29.96914282549875,29.31252647397343,29.773137219066594,30706500
2023-05-10,29.371328353881836,29.792739112805663,28.900917126396287,29.68493770812026,40526500
2023-05-11,28.28350067138672,29.087120263507554,28.24429880384525,29.008718397672542,47144400
2023-05-12,28.3717041015625,28.518707372033433,28.146297092975864,28.450105970430197,24153800
2023-05-15,29.204723358154297,29.234124760049205,28.303100928438564,28.32270186303517,28717500
2023-05-16,28.636310577392578,29.302727428498926,28.62651010967065,29.028321809277315,22812000
2023-05-17,28.293302536010742,28.969517961275955,28.107097394485763,28.930317961045866,41667300
2023-05-18,29.087121963500977,29.165523833918176,28.293302791870843,28.420705130330777,36529200
2023-05-19,29.332128524780273,29.635935543989117,28.91071776338681,29.00872057033265,40683000
2023-05-22,29.675134658813477,29.841738854376008,29.224322536424562,29.2537239365525,28693400
2023-05-23,28.920516967773438,29.59673424999005,28.900916033390814,29.44972911136836,29400900
2023-05-24,28.420705795288086,28.900917496484908,28.244301115410053,28.724512816606875,28045800
2023-05-25,26.852664947509766,27.724887829401666,26.323452807345937,27.724887829401666,78009400
2023-05-26,28.420705795288086,28.508908135227102,26.558659927377448,26.891868351758603,71910600
2023-05-30,29.390928268432617,29.439930604540834,28.420704444465784,29.106722195996916,54874800
2023-05-31,30.81196403503418,31.644985050897073,29.07732060245757,29.106722003928486,136243800
2023-06-01,30.508155822753906,31.30197685645799,30.400354420184527,31.16477218253184,52667400
2023-06-02,30.684560775756836,30.958968256854796,30.21414955323008,30.772763113636607,36521000
2023-06-05,29.263526916503906,30.772763403645975,29.234125513850884,30.684561064934964,48244100
2023-06-06,30.341550827026367,30.82176436940935,29.106721878535176,29.175323279090467,42295300
2023-06-07,30.655162811279297,30.743365153672457,30.312153909666804,30.410156720020105,39098000
2023-06-08,31.184371948242188,31.213773349248747,30.439553279307525,30.802163081396642,35199000
2023-06-09,30.713960647583008,31.35097604666667,30.067144781529084,31.292175114093027,40218000
2023-06-12,32.409400939941406,32.63480606389449,30.733560406314766,30.772760403448927,59881600
2023-06-13,33.23262405395508,33.27182592341884,32.4094034876964,33.09542124932797,51990000
2023-06-14,34.869266510009766,34.88886370620157,33.12482070775246,33.193422109911886,74404300
2023-06-15,35.104469299316406,35.69248237005532,34.51645622857749,34.57525529255383,67676300
2023-06-16,35.64348220825195,36.064892949994906,34.8888630599796,35.63368361033754,110240300
2023-06-20,34.300846099853516,36.368697705746825,34.02644052737326,36.03548933695129,65970200
2023-06-21,32.2427978515625,34.349847649977356,32.17419645626733,34.22244345650248,70973500
2023-06-22,32.05659484863281,32.57601028427737,31.488182682818767,32.03699391346735,45740300
2023-06-23,32.34080123901367,32.781812912699415,31.390176491123963,31.56658116059826,46327100
2023-06-26,32.674007415771484,33.311024649713566,32.43879995967875,32.52700228840156,38952400
2023-06-27,33.418827056884766,33.546231262367364,32.35060042282913,32.556408366607485,33038900
2023-06-28,32.899410247802734,33.13461768753523,32.37019631227618,32.93861211084072,33906900
2023-06-29,32.252601623535156,32.67401239853167,31.84099318572252,32.67401239853167,38313000
2023-06-30,32.772010803222656,32.88961640935033,32.49760519925002,32.69361080430017,33811300
2023-07-03,32.94841766357422,33.21302468720255,32.47800642328926,32.8700176594415,15753000
2023-07-05,31.8605899810791,32.66421338768522,31.85079138251512,32.644612452061054,37664700
2023-07-06,31.331375122070312,31.399978390882627,30.753160655387852,31.262773722505944,41693600
2023-07-07,31.213775634765625,31.76258874233732,31.184374231606252,31.36077891206632,28356300
2023-07-10,32.085994720458984,32.174197050108674,31.13537002740073,31.233372823594593,36305700
2023-07-11,32.634803771972656,32.693606567416026,31.850785191871832,32.164392623912164,28148800
2023-07-12,33.30122756958008,33.39923224945889,32.39960694567266,33.017019605675934,37762200
2023-07-13,33.19342041015625,33.61483113812526,32.948414346848494,33.46782974323811,32745800
2023-07-14,32.48780822753906,33.19342320714573,32.340803081768925,33.105220867382876,30438700
2023-07-17,33.683433532714844,33.9088386690032,32.40940271354346,32.49760504848202,34111200
2023-07-18,33.81083679199219,34.00684239065943,33.154222335727155,33.59523025960864,29662200
2023-07-19,33.771629333496094,34.14403953545988,33.644228893175644,33.71283028057749,26486700
2023-07-20,32.70341110229492,33.5266316955034,32.5662082931762,33.02682092821433,37878000
2023-07-21,33.340423583984375,33.565828700360015,32.75240682350843,33.05621567001245,79737000
2023-07-24,32.95821762084961,33.77163583016144,32.88961622025087,33.164021822645815,25225800
2023-07-25,33.418827056884766,33.654034533276025,32.732813039276934,33.026819580894006,31771100
2023-07-26,33.67363739013672,33.84023973578182,33.02682146625675,33.04642240194962,32643200
2023-07-27,33.85983657836914,34.330247762644376,33.42862726074078,34.12444357049192,58890800
2023-07-28,36.09429168701172,36.25109540341828,34.80065635353817,36.015887959560686,90863000
2023-07-31,35.05546951293945,36.447102218638456,34.957464840251916,36.13349474303034,55630700
2023-08-01,35.08486557006836,35.300472090127435,34.575252538062315,35.104466502664245,24702200
2023-08-02,33.70303726196289,34.47725740635223,33.59523398382054,34.447857871766594,39052000
2023-08-03,34.17344665527344,34.33025039539027,33.44823075916909,33.60503449928593,24817900
2023-08-04,34.56195068359375,34.975043685807705,33.91280775321122,33.91280775321122,26674900
2023-08-07,34.65047073364258,34.965206476031334,34.17836712005945,34.827510057729505,22486900
2023-08-08,34.44392395019531,34.52260600489445,33.30300601746458,34.09967917404251,34753600
2023-08-09,33.716094970703125,34.52260572248699,33.66691821792523,34.4242522169312,28720200
2023-08-10,34.10951614379883,34.512771515517244,33.91280538277738,34.129187595095544,30957300
2023-08-11,34.31605911254883,34.375073463615266,33.794778809937924,33.893132309769804,28783700
2023-08-14,35.09306335449219,35.12256865307454,33.90296878702895,34.09967578017183,36896100
2023-08-15,34.19803237915039,35.04388594060253,34.17836092982065,34.82750374992072,27420300
2023-08-16,32.978431701660156,34.06033899883146,32.90958349888829,33.952147893919765,35757300
2023-08-17,32.044063568115234,33.037447503043396,31.817843746867872,33.007942201118006,39906700
2023-08-18,32.21126174926758,32.368629595522066,31.650638562489394,31.699815310954158,23701100
2023-08-21,32.5948486328125,32.6243539342114,31.49327360788662,32.063730695957865,43718200
2023-08-22,32.34896469116211,33.24399520132266,32.28995408184249,32.6735380502047,23425300
2023-08-23,33.4210319519043,33.58823741993685,32.26044253360494,32.3391283425487,32324300
2023-08-24,32.053897857666016,33.52922300529971,31.955544348602118,33.165310519428246,37931000
2023-08-25,32.703041076660156,32.85057509357383,31.81784447906994,31.994883798587985,27324800
2023-08-28,33.066951751708984,33.22431961020821,32.66369637980811,32.94892679582099,22341800
2023-08-29,33.745601654052734,33.91280335214455,32.919419508789375,32.9390909589082,29943600
2023-08-30,33.961978912353516,34.089841457676286,33.22431644248001,33.49971298255562,26279200
2023-08-31,34.56195068359375,34.975043685807705,33.73576843111181,33.75543988378352,48157600
2023-09-01,36.00777053833008,36.14546695499011,35.14224538110789,35.20125973908189,43808500
2023-09-05,36.106117248535156,36.7946029540945,35.860229764545764,35.97825845826125,43379400
2023-09-06,36.371681213378906,36.43069556840109,35.437307894562714,35.958591984060924,39643400
2023-09-07,37.55194091796875,37.70930877467065,36.145464057219264,36.22414986154304,67659700
2023-09-08,37.384735107421875,38.19124958635702,37.08967084787984,37.492926211374595,44255200
2023-09-11,37.955196380615234,38.10273038812013,37.217533846982086,37.61095536569803,36349300
2023-09-12,38.22075653076172,39.410851221541385,38.014211915392515,38.014211915392515,55326600
2023-09-13,38.07322692871094,38.50599141326415,37.62079474208369,38.16174659582898,35407800
2023-09-14,38.03388214111328,38.2601019751938,37.6699696395879,38.17158231245021,30616500
2023-09-15,37.256874084472656,37.88634546783916,37.00114899001414,37.78798821922227,68881200
2023-09-18,37.36506652832031,37.758484281127345,36.892959221839014,37.00115032324325,29322200
2023-09-19,35.742210388183594,37.473256894153685,35.42747465982539,37.41424629005267,53288100
2023-09-20,34.11935043334961,35.653689886763196,34.06033983064438,35.62418458541059,57660800
2023-09-21,34.08000946044922,34.67013796763067,33.893132556683504,34.00132365845407,45240600
2023-09-22,33.617740631103516,34.316060258283514,33.578397729078986,34.237378206180104,29232700
2023-09-25,33.725929260253906,33.804611306582146,33.21448282731153,33.440698869430115,21729400
2023-09-26,33.273502349853516,34.20787196199683,33.08662542586809,33.57840048571023,34198300
2023-09-27,34.040672302246094,34.25705454229174,33.32268112166737,33.36202027735607,44369100
2023-09-28,34.601287841796875,35.073391371665416,33.8144486253493,34.08000756439011,32265300
2023-09-29,34.965206146240234,35.319284791074416,34.58162219831852,35.06356340977526,28763700
2023-10-02,34.87668228149414,35.388128734395956,34.40457872926451,35.024216283042065,26086200
2023-10-03,35.102901458740234,35.93892128872603,34.68981222072873,34.68981222072873,45292600
2023-10-04,35.338951110839844,35.91924574959853,34.748822623128994,35.91924574959853,39842200
2023-10-05,35.29960632324219,35.5061509077,35.014375943593656,35.37829211843291,25771200
2023-10-06,35.59467697143555,35.860235950184574,34.601293015622566,35.27994123779504,33262200
2023-10-09,35.46681594848633,35.57500330172597,34.9160265729728,35.11273733222375,19376100
2023-10-10,35.83073043823242,36.135632319891045,35.22093042686105,35.5455000088046,24044100
2023-10-11,36.2733268737793,36.42085713002743,35.781551849060826,36.017601759836104,19262600
2023-10-12,36.233985900878906,36.6077359901128,35.79138760467375,36.19464299633936,23639200
2023-10-13,35.3782958984375,36.184806625588166,35.27010479446316,36.13562987431227,28390100
2023-10-16,35.958587646484375,36.33233392737034,35.48648411909264,35.54549471505078,29555800
2023-10-17,35.46681594848633,35.75204260985726,34.493099753764234,35.3291157906487,24993600
2023-10-18,35.05372619628906,35.42747629797615,34.86685302141852,34.935701230683776,22086000
2023-10-19,35.083229064941406,35.76188101195215,34.93569880615984,35.36845948464315,29201800
2023-10-20,34.34556579589844,35.68319445840024,34.29638904400115,35.063560630992285,32303300
2023-10-23,33.29316711425781,34.611124308475915,32.84073499957213,34.03082963896319,53924700
2023-10-24,34.020999908447266,34.13902487614475,33.08662651363912,33.08662651363912,52673900
2023-10-25,32.28995132446289,33.88330142311442,32.01455474735268,33.61774244801486,44658500
2023-10-26,31.985044479370117,32.67353018733591,31.621132052338513,32.348956906401725,59142500
2023-10-27,34.95536804199219,35.781550195415,34.03082863700385,34.08984298794316,84128200
2023-10-30,35.102901458740234,35.36846043401013,34.34556743710664,34.88652298966338,36656300
2023-10-31,35.899574279785156,35.968422478248286,35.034049246604525,35.073392146282146,41185200
2023-11-01,36.67658233642578,36.706087637360646,35.68319468290073,35.899576894944936,41710700
2023-11-02,37.07984161376953,37.19786658188791,36.30283609043588,36.961816645651155,35440000
2023-11-03,37.512596130371094,37.689635429255695,37.05032643306735,37.37489973167095,30502700
2023-11-06,37.448455810546875,37.69515182541967,37.349775146028286,37.51753039356866,23877200
2023-11-07,38.25761795043945,38.38590093053691,37.47805764995227,37.73462361014718,32052000
2023-11-08,37.418853759765625,38.37603560514898,37.251102258437705,38.336563335089636,33483400
2023-11-09,37.30044174194336,38.010927565462474,37.270839420724386,37.54713779018939,48955800
2023-11-10,38.346435546875,38.474718549994094,37.73463038199507,37.73463038199507,38862500
2023-11-13,37.72475814819336,38.060264914615274,37.63594742283806,37.84317119390614,24558300
2023-11-14,38.889163970947266,38.96810851136614,37.56687303319415,38.28722502524342,45457400
2023-11-15,40.07330322265625,40.300263115751136,39.05691679612642,39.0667829809207,47392100
2023-11-16,42.77709197998047,42.82643419957941,40.280529251014535,40.45815070157873,86405700
2023-11-17,43.231014251708984,43.231014251708984,41.99753408460766,42.34290702568293,49735000
2023-11-20,44.14872360229492,44.33621123172494,43.20140797728784,43.20140797728784,44564900
2023-11-21,43.063262939453125,44.06978329979618,42.72775615267211,43.911897974504114,37252100
2023-11-22,43.09286117553711,44.04017680174799,42.96458194884538,43.44810406483085,31481200
2023-11-24,43.3790283203125,43.41850058791116,43.0336553895308,43.10272997568714,13037100
2023-11-27,43.4974479675293,43.96123396715262,43.07313047380296,43.07313047380296,33339900
2023-11-28,43.64546203613281,43.79348116276332,43.082995377789274,43.11259769740228,24548900
2023-11-29,44.3460807800293,44.74079596740847,44.010574000041906,44.010574000041906,38982000
2023-11-30,44.1092529296875,44.49409815176386,43.82308461840098,44.05991447429258,46263000
2023-12-01,43.16194152832031,43.77374666363665,42.29357039916354,43.77374666363665,43928400
2023-12-04,41.79030990600586,42.737625611140786,41.13903247613481,42.72775566101437,50417600
2023-12-05,41.365989685058594,41.731102530170645,41.06008900826224,41.35612349986118,31859300
2023-12-06,40.72458267211914,42.027137460168056,40.6259019977016,41.91859060045017,31992300
2023-12-07,41.59295654296875,41.87912110704372,40.63577464121815,41.19824134769675,29118700
2023-12-08,42.135684967041016,42.39224719590146,41.257447654791754,41.28704997543026,42815000
2023-12-11,43.95136642456055,44.138854055701096,42.51066248602941,42.58960325966863,48288200
2023-12-12,43.45797348022461,43.852684869037354,43.05339214222901,43.773744096987876,31452200
2023-12-13,43.98097229003906,44.12899142843519,42.75736196785886,43.4974501312734,35216100
2023-12-14,44.582908630371094,46.44793008966711,44.05991423037119,44.41515336581766,70620800
2023-12-15,45.549957275390625,46.64528830971267,45.06643137433316,45.33286355275876,84583400
2023-12-18,45.08616256713867,45.619026865577,44.799998049191395,45.54008609781714,27895700
2023-12-19,46.04335021972656,46.06308635526833,44.908546893913886,44.99735762171038,35358800
2023-12-20,45.155242919921875,46.32951851625015,45.096038277608145,46.023614061925066,38159100
2023-12-21,46.457801818847656,46.497270325887236,45.411809214497815,45.865729041858266,28320500
2023-12-22,47.365638732910156,47.52352404478188,46.57621217355154,46.625550627708435,30095700
2023-12-26,49.83259963989258,49.852335774632216,48.06625510566455,48.27347887400653,60287400
2023-12-27,50.08916091918945,50.60228911990351,49.52669426469732,49.96088169222299,52148000
2023-12-28,49.724056243896484,50.197712217786155,49.497096325008705,50.13850757372686,27705200
2023-12-29,49.58590316772461,49.9016737922272,49.11224723097072,49.63524162200012,29288700
2024-01-02,47.16828536987305,48.72740625777313,46.82291239560814,48.54978479549887,45905700
2024-01-03,46.428192138671875,47.178150178605605,46.18149610842996,46.47753059186372,35858400
2024-01-04,46.25057601928711,46.53674435073411,44.64212042725696,45.11577640812625,47797800
2024-01-05,46.27030944824219,47.19788898358277,46.02361340404019,46.408458630710044,34344000
2024-01-08,47.809696197509766,48.11559689647681,46.349256004061985,46.44793292031915,42135100
2024-01-09,47.41497802734375,47.91824005579795,47.16828198790462,47.37550575760561,30097000
2024-01-10,46.842647552490234,47.66167648760095,46.31964936260299,47.602471844269466,31480200
2024-01-11,47.01039505004883,47.207752627642286,46.112421648067155,46.81303747245537,31707900
2024-01-12,46.49726486206055,47.039995353979776,45.994006636825546,46.97092076942365,27587900
2024-01-16,46.43806838989258,46.595953720102386,45.767054795430106,46.35912384264608,43720700
2024-01-17,45.45127868652344,45.80651781369869,45.04669734109243,45.80651781369869,33488000
2024-01-18,46.122291564941406,46.94132042959796,45.55982115169575,46.408456099754304,46681300
2024-01-19,47.51365661621094,48.115591764024586,45.82625291965619,46.37885337888682,55979800
2024-01-22,47.582733154296875,48.520175090034456,47.01039653759373,48.2044044616061,45639500
2024-01-23,48.24387741088867,48.29321586647265,46.6946265669979,47.48405314919019,37224100
2024-01-24,48.44123458862305,49.1122481188933,47.6320718781706,48.520175364034515,49375800
2024-01-25,48.89515686035156,49.63524501796823,48.32282397588851,49.33921050777817,84845100
2024-01-26,43.07312774658203,44.80986611742092,42.77708950325992,43.5961221183612,127665300
2024-01-29,43.260616302490234,43.40863542733626,42.24422985568122,43.1323333119092,51790900
2024-01-30,42.35277557373047,43.24088284930683,42.32317325263891,43.09286371528312,47958800
2024-01-31,42.51066207885742,43.21127790693192,41.80017630149584,42.00740006513206,51584200
2024-02-01,42.786964416503906,42.99418819944557,41.92846319840053,42.57974063356224,38819900
2024-02-02,42.0369987487793,42.56986303571472,41.05021470524662,42.43171387190532,53683500
2024-02-05,42.20475769042969,42.57973671381655,41.869250935669385,42.05673856522146,28890300
2024-02-06,42.29877853393555,42.3383627277486,41.70497032294128,42.259190564805955,34068200
2024-02-07,42.33836364746094,42.65505985674417,42.11073848299591,42.44722867727391,34269200
2024-02-08,42.061256408691406,42.52640562884181,41.89301319520865,42.278986473496566,33206500
2024-02-09,42.862892150878906,43.07072331744834,41.96228665376166,42.1107358690328,51193000
2024-02-12,43.57545852661133,44.57503398469183,42.87278906222066,42.94206612066388,51107300
2024-02-13,42.714439392089844,43.17958857482636,42.31856726525242,42.55609129641815,36622200
2024-02-14,43.73380661010742,43.83277653306883,42.94206610299881,43.36762733344154,36186200
2024-02-15,43.595252990722656,44.802659637413264,43.56556390115373,44.29792246284209,44024500
2024-02-16,43.060829162597656,43.76350244978494,42.67485587510025,43.57546147103312,29975300
2024-02-20,44.060401916503906,44.703689430093235,42.97175541030291,43.80308389081493,61514100
2024-02-21,43.021244049072266,44.22864696301597,42.6352707698016,44.020815778072794,57485200
2024-02-22,42.53630065917969,44.218751667634606,42.090945425277404,44.218751667634606,62809300
2024-02-23,42.54619598388672,43.060824460813436,42.21960091454698,42.68475009500671,33810700
2024-02-26,42.54619598388672,43.22907143525656,42.3779490094436,43.05092935658332,27035400
2024-02-27,42.28887939453125,42.82330564855216,42.07114934097092,42.803511664108804,25126400
2024-02-28,41.5565185546875,42.011768845825976,41.477342621281004,42.001869966492016,26928500
2024-02-29,42.60557556152344,42.704545483662436,41.922700087688604,41.93259519224425,48875100
2024-03-01,43.36763000488281,43.812985247351655,42.684754483308424,42.96186273403715,41426100
2024-03-04,45.13915252685547,46.12882917502045,43.39731951190769,43.812985667301724,59990800
2024-03-05,42.714439392089844,44.406785372452866,42.249290209353326,44.09998806070443,56655100
2024-03-06,44.05050277709961,45.04017935400904,43.11031304928887,43.476492325656736,52652000
2024-03-07,45.67357635498047,45.94078571326764,44.71358885003174,45.07976813297767,50378200
2024-03-08,43.54576873779297,46.14861915352694,43.54576873779297,45.960578190502105,54916600
2024-03-11,44.39689254760742,44.46616960706335,43.20927988143693,43.4171110598047,35051000
2024-03-12,44.772972106933594,44.80266119753635,44.00102177341143,44.59483001268361,31795800
2024-03-13,42.78371810913086,44.51565212448583,42.75402901982607,44.0505029236892,53195900
2024-03-14,42.30867385864258,42.90247829740919,42.07114981794601,42.783718164719176,38100000
2024-03-15,42.199806213378906,42.70454335281141,41.912799116471504,42.011769033672145,66952900
2024-03-18,42.26908874511719,42.93217406267901,42.16022370974758,42.64516692858036,27668300
2024-03-19,41.61589813232422,41.853422165234505,41.01219483335548,41.81383419719672,34673000
2024-03-20,41.76435089111328,42.5659864751525,40.98250551566579,42.54619626656077,74865000
2024-03-21,41.982078552246094,43.149897214242884,41.883112404748005,42.546197673998094,50807600
2024-03-22,42.130531311035156,42.35815646924932,41.65548701015561,41.81383511044879,28503100
2024-03-25,41.39817428588867,41.78414755859529,40.15117964680319,40.46787585904025,47276500
2024-03-26,41.5565185546875,41.83362677097765,41.229923492360136,41.51693058798425,39109700
2024-03-27,43.318145751953125,43.37752770777571,42.061256001916675,42.100843972465064,51017800
2024-03-28,43.714012145996094,44.139573371770645,43.25876183131705,43.30824490459669,54204200
2024-04-01,44.060401916503906,44.94121347108948,43.72391172736055,43.832776755512306,31712600
2024-04-02,43.486385345458984,43.62494323084944,43.05092903160946,43.47649024130356,32748400
2024-04-03,39.91366195678711,41.22003486058666,39.80479691891767,40.97261569281679,83718000
2024-04-04,39.31985092163086,40.3590105980652,39.29016183168939,40.170973402908174,57307200
2024-04-05,38.31038284301758,39.0526403426771,38.11244675471166,38.943775305343,67263000
2024-04-08,37.58791732788086,38.4588338048539,37.518640266960844,38.24110374178147,56967800
2024-04-09,37.934303283691406,38.18172241669127,36.94462675169194,37.65719128751643,78671700
2024-04-10,36.81597137451172,37.82544198969589,36.63782927916647,37.62750590872153,51108400
2024-04-11,37.24153137207031,37.28111556667766,36.697209999223986,37.04359529776712,41909100
2024-04-12,35.321556091308594,36.32113156006494,35.23248504731364,36.311232680000735,80254800
2024-04-15,35.935157775878906,36.32113103584749,35.519491651462836,35.66794464775069,50751600
2024-04-16,35.88566970825195,36.13308884345184,35.390831437852185,35.895568587837126,30607500
2024-04-17,35.31166076660156,35.757015983802184,35.00485966690412,35.727323119111105,41173300
2024-04-18,34.67826843261719,35.29186685801872,34.41105530172058,35.054342816560656,42334400
2024-04-19,33.84693908691406,34.76733858919146,33.82714510268787,34.76733858919146,59070300
2024-04-22,34.054771423339844,34.213119527250065,33.72818011072603,34.06466652813322,39909900
2024-04-23,33.92611312866211,34.242809343199326,33.82714697736298,33.98549508463159,46834000
2024-04-24,34.14384078979492,34.816821142169815,33.9854926936665,34.50012494991297,53261100
2024-04-25,34.74754333496094,34.93558051526241,34.14384005173473,34.203222002242924,66549400
2024-04-26,31.55088996887207,31.907176045518334,30.323691180607266,31.45192381651619,119742500
2024-04-29,31.036258697509766,31.580580070998817,30.74925157819707,31.531096996193742,58533300
2024-04-30,30.155445098876953,30.858116461249818,30.105962024307132,30.719562342327688,72346400
2024-05-01,30.05647850036621,30.719561883042896,29.710091320581384,29.858542429729663,60654800
2024-05-02,30.195032119750977,30.353380218588107,29.87833592207671,30.274206169169542,50899400
2024-05-03,30.581005096435547,30.739353193831782,30.383070918519365,30.660179145133664,36794800
2024-05-06,30.774776458740234,31.003328068462462,30.536289553022886,30.923832433223346,36185600
2024-05-07,30.486604690551758,31.251751344198457,30.417046248461222,30.894020047360957,44683400
2024-05-08,29.81089210510254,29.959946186562956,29.5425936212785,29.81089210510254,63734600
2024-05-09,29.90032386779785,30.198432020098114,29.622088202412307,29.741332600527656,45003400
2024-05-10,29.66183853149414,30.267992059188092,29.65190133984991,30.138812358464122,42931300
2024-05-13,30.317676544189453,30.933767233590086,29.810891166912885,29.84070274039695,51459100
2024-05-14,30.854272842407227,30.913895991776922,30.417047785649103,30.42698497721072,47759900
2024-05-15,31.072887420654297,31.202067120946793,30.615786083174033,31.182192737724716,36992900
2024-05-16,31.828094482421875,32.056644199568396,31.32131098625367,31.430616301444132,47752800
2024-05-17,31.629356384277344,31.907592059017553,31.390869475353796,31.8579079970722,41449800
2024-05-20,31.897653579711914,32.21563613099912,31.55979854046339,31.649231369928607,31989000
2024-05-21,31.5399227142334,32.036772797045785,31.420680210618762,31.77840961678809,42975400
2024-05-22,31.221940994262695,31.867843275827525,30.90395844920465,31.708852003298507,36706400
2024-05-23,29.8903865814209,31.37099393773446,29.68171125454082,31.25175143532453,62014500
2024-05-24,30.526351928710938,30.82446197812326,29.94007091639133,30.099064079939822,42434500
2024-05-28,30.86421012878418,31.172257382164105,30.466731941725964,30.744967620329465,36799100
2024-05-29,29.94007110595703,30.476668061101428,29.920198618797393,30.277928026901556,35848600
2024-05-30,29.99969482421875,30.307740177296864,29.870513230933255,30.019567311756507,33351000
2024-05-31,30.655534744262695,30.76484006095746,29.75127115934644,30.029504942197292,95797500
2024-06-03,30.099063873291016,30.874145826725712,29.86057507726836,30.83439895760554,35544900
2024-06-04,29.8407039642334,30.556164699264862,29.75127113543878,30.556164699264862,51027200
2024-06-05,30.585975646972656,30.645596899838363,29.820828969781854,30.079190259300518,44161700
2024-06-06,30.22824478149414,30.397173246523653,29.96988348819456,30.35742448048119,34248100
2024-06-07,30.546226501464844,30.585975266431074,30.019566737614863,30.059315502581093,34085500
2024-06-10,30.71515464782715,30.75490341238691,30.099063959754154,30.35742334809095,37396500
2024-06-11,30.7250919342041,30.834399141756844,30.337550955172254,30.57603785729381,25326900
2024-06-12,30.56610107421875,31.281561790135704,30.198432577294135,31.26168740752887,51323900
2024-06-13,30.26799201965332,30.387236423902817,29.950009468755333,30.18849638192882,33787200
2024-06-14,30.258056640625,30.36736195761891,30.01956783277801,30.099065365610674,28125900
2024-06-17,30.784713745117188,30.804588127819695,29.989757390271375,30.14874866124054,36235300
2024-06-18,30.436920166015625,31.27162530099019,30.307740466821567,30.79465147966915,33294700
2024-06-20,30.426984786987305,30.913895798509436,30.258056322146935,30.367361637990363,43826300
2024-06-21,30.894020080566406,31.162318553482905,30.476667532249213,30.65553318086021,90795200
2024-06-24,30.37729835510254,31.221940666114026,30.337551485050767,30.943704994449813,40611800
2024-06-25,30.546226501464844,30.635659327313434,30.099064267547327,30.506479631824043,29323600
2024-06-26,30.347488403320312,30.48660529023788,30.079189925414628,30.446856525218326,30743000
2024-06-27,30.397172927856445,30.466731372376067,30.099064766965085,30.228244464597882,30184300
2024-06-28,30.774776458740234,31.11263338233784,30.526352361702315,30.556163935664028,41467700
2024-07-01,30.645597457885742,30.824463115065406,30.417047738300834,30.71515590338328,32401800
2024-07-02,30.874147415161133,31.112634328128223,30.39717358922695,30.66547207706199,35999300
2024-07-03,31.033138275146484,31.14244548620724,30.71515572877935,30.923832959411207,24065700
2024-07-05,31.818159103393555,32.13614164734713,31.112633675586775,31.2020665029894,45309400
2024-07-08,33.77574157714844,33.87510969875,32.613114843025684,32.82179017277948,82315900
2024-07-09,34.3719596862793,34.99798949894323,33.507444853034585,34.79924945469186,97546900
2024-07-10,34.65019226074219,34.7495641747144,33.91485905060243,34.22290250728898,52256200
2024-07-11,33.2888298034668,34.928430399599435,33.10002884981283,34.809184100885474,55213700
2024-07-12,34.27259063720703,35.25634795426933,33.55712801341558,33.55712801341558,62792600
2024-07-15,34.242774963378906,35.00792159998404,34.093722786783545,34.48126375284248,39847900
2024-07-16,34.12353515625,34.232842368767805,33.626686947097056,34.143409539494236,28409900
2024-07-17,34.242774963378906,36.925755839253235,34.18315560900105,35.85256576329393,112304200
2024-07-18,34.65019226074219,36.07117841001198,34.31233533453851,34.73962508799172,84188600
2024-07-19,32.7721061706543,34.362022653681926,32.64292457982029,34.35208356711346,69628700
2024-07-22,33.15964889526367,33.19939766232487,32.55349346485917,33.07021606470152,48503700
2024-07-23,32.7422981262207,33.020531913608885,32.623055616004486,32.75223342263411,29466400
2024-07-24,31.50017547607422,32.59323995949019,31.460426711784343,32.32494148650973,62216700
2024-07-25,30.90395736694336,31.78834652633028,30.754903291082982,31.17225584068728,49774000
2024-07-26,31.152381896972656,31.361057227049322,30.824462167334016,31.23187753157216,38352500
2024-07-29,30.63566017150879,31.27162526588968,30.595913300772725,31.221941203638227,32342200
2024-07-30,29.94007110595703,30.715154964946016,29.820828601697457,30.655533712816226,48256600
2024-07-31,30.546226501464844,30.675408092279664,30.08912707630577,30.34748836260998,56110600
2024-08-01,28.866878509521484,30.516414316046976,28.70788724349436,30.238180548162198,107672500
2024-08-02,21.3445987701416,21.8414469830145,20.291281089542203,21.801700111553938,300895900
2024-08-05,19.983234405517578,20.26146817330116,19.168403693593557,20.072667229540986,147385700
2024-08-06,19.704999923706055,20.4999563012095,19.62550428595571,20.191910941842604,106670400
2024-08-07,18.989999771118164,20.25,18.950000762939453,19.920000076293945,97972300
2024-08-08,20.489999771118164,20.549999237060547,18.84000015258789,19.100000381469727,96836800
2024-08-09,19.709999084472656,20.149999618530273,19.5,20.079999923706055,76394500
2024-08-12,19.360000610351562,19.969999313354492,19.0,19.8700008392334,54677600
2024-08-13,20.469999313354492,20.479999542236328,19.469999313354492,19.479999542236328,77511300
2024-08-14,19.920000076293945,20.5,19.790000915527344,20.489999771118164,56758200
2024-08-15,20.690000534057617,21.059999465942383,20.229999542236328,20.31999969482422,84814900
2024-08-16,20.8700008392334,20.899999618530273,20.40999984741211,20.530000686645508,48582700
2024-08-19,21.520000457763672,21.860000610351562,20.84000015258789,20.889999389648438,65956300
2024-08-20,20.989999771118164,21.229999542236328,20.81999969482422,21.209999084472656,84161300
2024-08-21,21.40999984741211,21.440000534057617,21.06999969482422,21.06999969482422,57028900
2024-08-22,20.100000381469727,21.399999618530273,20.040000915527344,21.389999389648438,81444700
2024-08-23,20.540000915527344,20.93000030517578,20.260000228881836,20.31999969482422,73398400
2024-08-26,20.1299991607666,20.559999465942383,19.950000762939453,20.530000686645508,58534800
2024-08-27,20.06999969482422,20.260000228881836,19.84000015258789,20.1299991607666,43862000
2024-08-28,19.610000610351562,20.110000610351562,19.510000228881836,19.979999542236328,50144900
2024-08-29,20.1299991607666,20.600000381469727,19.75,19.760000228881836,64529700
2024-08-30,22.040000915527344,22.1200008392334,21.0,21.25,177785400
2024-09-03,20.100000381469727,21.690000534057617,19.989999771118164,21.540000915527344,115305500
2024-09-04,19.43000030517578,20.049999237060547,19.280000686645508,19.760000228881836,85871900
2024-09-05,19.399999618530273,19.899999618530273,19.239999771118164,19.280000686645508,65388800
2024-09-06,18.889999389648438,19.489999771118164,18.639999389648438,19.440000534057617,92686500
2024-09-09,19.06999969482422,19.540000915527344,18.950000762939453,19.0,64244100
2024-09-10,18.979999542236328,19.110000610351562,18.510000228881836,19.030000686645508,55621300
2024-09-11,19.639999389648438,19.690000534057617,18.520000457763672,19.010000228881836,71403100
2024-09-12,19.360000610351562,19.540000915527344,19.040000915527344,19.43000030517578,51520600
2024-09-13,19.65999984741211,19.799999237060547,19.489999771118164,19.489999771118164,44236300
2024-09-16,20.90999984741211,21.06999969482422,19.760000228881836,20.030000686645508,149337000
2024-09-17,21.469999313354492,22.579999923706055,21.239999771118164,21.709999084472656,196249800
2024-09-18,20.770000457763672,21.739999771118164,20.719999313354492,21.360000610351562,118727900
2024-09-19,21.139999389648438,21.690000534057617,21.030000686645508,21.280000686645508,99829200
2024-09-20,21.84000015258789,23.139999389648438,20.350000381469727,20.889999389648438,260377900
2024-09-23,22.559999465942383,22.81999969482422,22.030000686645508,22.43000030517578,184439100
2024-09-24,22.809999465942383,23.110000610351562,22.290000915527344,22.530000686645508,113082500
2024-09-25,23.540000915527344,24.059999465942383,22.729999542236328,22.799999237060547,117013400
2024-09-26,23.920000076293945,24.420000076293945,23.25,24.280000686645508,95416900
2024-09-27,23.90999984741211,24.65999984741211,23.700000762939453,24.15999984741211,85883300
2024-09-30,23.459999084472656,23.950000762939453,23.09000015258789,23.739999771118164,66308200
2024-10-01,22.690000534057617,23.719999313354492,22.260000228881836,23.459999084472656,86344400
2024-10-02,22.389999389648438,23.06999969482422,22.350000381469727,22.670000076293945,59033900
2024-10-03,22.260000228881836,22.729999542236328,21.649999618530273,22.139999389648438,49565900
2024-10-04,22.59000015258789,22.90999984741211,22.299999237060547,22.700000762939453,49845500
2024-10-07,22.3799991607666,22.649999618530273,22.020000457763672,22.399999618530273,54928700
2024-10-08,23.31999969482422,23.420000076293945,22.049999237060547,22.25,58650500
2024-10-09,23.459999084472656,23.479999542236328,23.059999465942383,23.25,44759000
2024-10-10,23.219999313354492,23.530000686645508,22.959999084472656,23.190000534057617,44874600
2024-10-11,23.559999465942383,23.81999969482422,22.979999542236328,23.049999237060547,43585300
2024-10-14,23.440000534057617,23.770000457763672,23.270000457763672,23.579999923706055,35403600
2024-10-15,22.65999984741211,23.719999313354492,22.469999313354492,23.40999984741211,68900600
2024-10-16,22.309999465942383,22.540000915527344,21.739999771118164,22.3799991607666,62151800
2024-10-17,22.440000534057617,22.81999969482422,22.399999618530273,22.719999313354492,43807600
2024-10-18,22.770000457763672,22.81999969482422,22.5,22.610000610351562,39971700
2024-10-21,22.84000015258789,22.8799991607666,22.25,22.610000610351562,39727000
2024-10-22,22.399999618530273,22.81999969482422,22.170000076293945,22.729999542236328,50160400
2024-10-23,21.979999542236328,22.43000030517578,21.579999923706055,22.299999237060547,45799100
2024-10-24,22.34000015258789,22.3700008392334,21.969999313354492,22.09000015258789,40554400
2024-10-25,22.68000030517578,23.34000015258789,22.40999984741211,22.420000076293945,67503000
2024-10-28,22.920000076293945,23.270000457763672,22.559999465942383,22.670000076293945,41915000
2024-10-29,22.899999618530273,23.139999389648438,22.40999984741211,22.8700008392334,83422200
2024-10-30,22.299999237060547,22.93000030517578,22.260000228881836,22.420000076293945,50941200
2024-10-31,21.520000457763672,22.25,21.469999313354492,22.149999618530273,112485500
2024-11-01,23.200000762939453,23.579999923706055,21.90999984741211,23.0,173471100
2024-11-04,22.520000457763672,23.0,22.0,22.959999084472656,84616300
2024-11-05,23.31999969482422,23.579999923706055,22.399999618530273,22.579999923706055,59153300
2024-11-06,25.049999237060547,25.1200008392334,24.049999237060547,24.299999237060547,116760500
2024-11-07,26.229999542236328,26.3799991607666,25.190000534057617,25.43000030517578,101489300
2024-11-08,26.200000762939453,26.43000030517578,25.829999923706055,26.0,76428000
2024-11-11,25.049999237060547,26.290000915527344,24.829999923706055,25.959999084472656,80185300
2024-11-12,24.15999984741211,24.959999084472656,23.889999389648438,24.65999984741211,62539700
2024-11-13,24.920000076293945,25.139999389648438,24.020000457763672,24.059999465942383,58202000
2024-11-14,25.030000686645508,25.610000610351562,24.93000030517578,25.1200008392334,49252100
2024-11-15,24.350000381469727,24.81999969482422,24.229999542236328,24.809999465942383,55104900
2024-11-18,24.84000015258789,25.020000457763672,24.15999984741211,24.329999923706055,59589500
2024-11-19,24.200000762939453,24.540000915527344,24.100000381469727,24.5,61190900
2024-11-20,24.010000228881836,24.209999084472656,23.549999237060547,24.06999969482422,50191500
2024-11-21,24.440000534057617,24.770000457763672,23.829999923706055,24.079999923706055,58928400
2024-11-22,24.5,24.68000030517578,24.139999389648438,24.350000381469727,36784700
2024-11-25,24.8700008392334,25.56999969482422,24.760000228881836,25.040000915527344,91128400
2024-11-26,24.049999237060547,24.989999771118164,23.809999465942383,24.950000762939453,69613600
2024-11-27,23.649999618530273,23.93000030517578,23.059999465942383,23.829999923706055,53992300
2024-11-29,24.049999237060547,24.280000686645508,23.600000381469727,23.719999313354492,36616800
2024-12-02,23.93000030517578,25.479999542236328,23.440000534057617,24.84000015258789,150497900
2024-12-03,22.469999313354492,23.75,22.440000534057617,23.68000030517578,138160500
2024-12-04,21.959999084472656,22.540000915527344,21.809999465942383,22.530000686645508,104649000
2024-12-05,20.799999237060547,22.190000534057617,20.65999984741211,22.040000915527344,167993500
2024-12-06,20.920000076293945,21.049999237060547,20.65999984741211,20.950000762939453,78539100
2024-12-09,20.809999465942383,21.059999465942383,20.729999542236328,20.920000076293945,68818200
2024-12-10,20.15999984741211,20.860000610351562,19.959999084472656,20.829999923706055,90004800
2024-12-11,20.1200008392334,20.25,19.8700008392334,20.139999389648438,75209300
2024-12-12,20.780000686645508,20.899999618530273,19.920000076293945,20.020000457763672,77695000
2024-12-13,20.34000015258789,20.799999237060547,20.25,20.600000381469727,55104100
2024-12-16,20.829999923706055,21.100000381469727,20.0,20.170000076293945,73832900
2024-12-17,20.440000534057617,20.770000457763672,20.290000915527344,20.639999389648438,51767200
2024-12-18,19.299999237060547,20.579999923706055,19.209999084472656,20.479999542236328,86041200
2024-12-19,19.059999465942383,19.690000534057617,19.030000686645508,19.530000686645508,69117800
2024-12-20,19.520000457763672,19.760000228881836,18.899999618530273,18.969999313354492,108453700
2024-12-23,20.200000762939453,20.229999542236328,19.520000457763672,19.579999923706055,57988400
2024-12-24,20.399999618530273,20.399999618530273,19.959999084472656,20.219999313354492,29884000
2024-12-26,20.440000534057617,20.670000076293945,20.079999923706055,20.229999542236328,39846200
2024-12-27,20.299999237060547,20.610000610351562,20.09000015258789,20.209999084472656,48260800
2024-12-30,19.81999969482422,20.110000610351562,19.729999542236328,20.010000228881836,59608100
2024-12-31,20.049999237060547,20.399999618530273,19.8799991607666,19.989999771118164,49846700
2025-01-02,20.219999313354492,20.43000030517578,20.0,20.229999542236328,46438500
2025-01-03,20.559999465942383,20.670000076293945,20.059999465942383,20.389999389648438,48983900
2025-01-06,19.8700008392334,20.979999542236328,19.780000686645508,20.829999923706055,83271000
2025-01-07,20.010000228881836,20.34000015258789,19.899999618530273,20.020000457763672,61726100
2025-01-08,19.8799991607666,20.1200008392334,19.709999084472656,19.829999923706055,47897100
2025-01-10,19.149999618530273,19.65999984741211,18.90999984741211,19.65999984741211,71244600
2025-01-13,19.200000762939453,19.25,18.729999542236328,18.920000076293945,50669000
2025-01-14,19.200000762939453,19.520000457763672,18.81999969482422,19.360000610351562,47147500
2025-01-15,19.719999313354492,19.770000457763672,19.170000076293945,19.399999618530273,56306000
2025-01-16,19.670000076293945,19.950000762939453,19.399999618530273,19.75,44898100
2025-01-17,21.489999771118164,21.6200008392334,20.790000915527344,21.260000228881836,166483900
2025-01-21,21.770000457763672,22.40999984741211,21.75,22.030000686645508,96262200
2025-01-22,21.860000610351562,22.290000915527344,21.56999969482422,21.729999542236328,60972600
2025-01-23,21.56999969482422,21.75,21.350000381469727,21.690000534057617,55778200
2025-01-24,20.829999923706055,21.40999984741211,20.75,21.360000610351562,66300600
2025-01-27,20.290000915527344,21.059999465942383,20.139999389648438,20.809999465942383,83582100
2025-01-28,19.799999237060547,20.34000015258789,19.739999771118164,20.34000015258789,73411400
2025-01-29,19.75,20.079999923706055,19.65999984741211,19.8700008392334,86506800
2025-01-30,20.010000228881836,20.100000381469727,19.43000030517578,19.719999313354492,108167000
2025-01-31,19.43000030517578,20.329999923706055,19.3799991607666,20.100000381469727,117081700
2025-02-03,19.3799991607666,19.75,18.780000686645508,18.969999313354492,77523100
2025-02-04,19.290000915527344,19.530000686645508,19.020000457763672,19.100000381469727,54098200
2025-02-05,19.649999618530273,19.770000457763672,18.90999984741211,19.190000534057617,66059200
2025-02-06,19.3799991607666,19.700000762939453,19.219999313354492,19.510000228881836,45553800
2025-02-07,19.100000381469727,19.360000610351562,19.030000686645508,19.350000381469727,58277900
2025-02-10,19.770000457763672,20.079999923706055,19.239999771118164,19.25,73007300
2025-02-11,20.969999313354492,21.8799991607666,19.860000610351562,19.8700008392334,150960700
2025-02-12,22.479999542236328,22.559999465942383,20.93000030517578,21.979999542236328,162631200
2025-02-13,24.1299991607666,24.829999923706055,22.790000915527344,22.84000015258789,248661300
2025-02-14,23.600000381469727,25.190000534057617,22.860000610351562,24.360000610351562,230254100
2025-02-18,27.389999389648438,27.549999237060547,24.489999771118164,24.600000381469727,284292200
2025-02-19,25.719999313354492,26.329999923706055,25.459999084472656,25.979999542236328,151881700
2025-02-20,26.09000015258789,26.1200008392334,24.479999542236328,25.559999465942383,144939600
2025-02-21,24.8700008392334,26.290000915527344,24.84000015258789,25.959999084472656,111630900
2025-02-24,24.270000457763672,24.799999237060547,23.6200008392334,24.549999237060547,91358100
2025-02-25,22.989999771118164,24.280000686645508,22.770000457763672,24.209999084472656,88886500
2025-02-26,23.520000457763672,23.81999969482422,23.209999084472656,23.25,67449300
2025-02-27,23.09000015258789,24.399999618530273,23.06999969482422,23.700000762939453,97871900
2025-02-28,23.729999542236328,24.440000534057617,22.639999389648438,23.020000457763672,104133800
2025-03-03,22.739999771118164,25.040000915527344,22.520000457763672,25.0,141348700
2025-03-04,21.329999923706055,22.6299991607666,20.760000228881836,22.540000915527344,152182200
2025-03-05,20.809999465942383,21.360000610351562,20.18000030517578,21.329999923706055,127219300
2025-03-06,20.75,21.1299991607666,20.0,20.260000228881836,96466400
2025-03-07,20.639999389648438,21.200000762939453,20.110000610351562,20.270000457763672,81099600
2025-03-10,19.93000030517578,20.510000228881836,19.649999618530273,20.239999771118164,82760600
2025-03-11,19.780000686645508,20.059999465942383,19.290000915527344,19.969999313354492,80789000
2025-03-12,20.68000030517578,21.170000076293945,20.209999084472656,20.790000915527344,128671100
2025-03-13,23.700000762939453,24.530000686645508,23.1299991607666,23.5,243261000
2025-03-14,24.049999237060547,24.3700008392334,23.520000457763672,23.68000030517578,116901600
2025-03-17,25.690000534057617,26.149999618530273,24.3700008392334,24.420000076293945,160723600
2025-03-18,25.920000076293945,26.40999984741211,25.389999389648438,25.549999237060547,132488800
2025-03-19,24.1200008392334,25.229999542236328,24.030000686645508,24.899999618530273,135491400
2025-03-20,23.959999084472656,24.309999465942383,23.729999542236328,23.770000457763672,68937600
2025-03-21,24.260000228881836,24.700000762939453,23.489999771118164,23.600000381469727,94110700
2025-03-24,24.219999313354492,24.989999771118164,24.1299991607666,24.719999313354492,69169000
2025-03-25,24.200000762939453,24.75,24.110000610351562,24.18000030517578,51743300
2025-03-26,23.420000076293945,24.420000076293945,23.25,24.25,59496700
2025-03-27,23.6200008392334,23.760000228881836,22.860000610351562,23.290000915527344,57720600
2025-03-28,22.709999084472656,23.579999923706055,22.559999465942383,23.350000381469727,58365300
2025-03-31,22.709999084472656,22.75,21.75,22.3799991607666,65832000
2025-04-01,22.049999237060547,22.6200008392334,21.65999984741211,22.559999465942383,64060400
2025-04-02,21.979999542236328,22.3799991607666,21.700000762939453,21.889999389648438,58878800
2025-04-03,22.43000030517578,23.899999618530273,20.860000610351562,21.399999618530273,242972100
2025-04-04,19.850000381469727,22.200000762939453,19.700000762939453,21.700000762939453,175014700
2025-04-07,19.56999969482422,20.670000076293945,18.559999465942383,19.139999389648438,142491200
2025-04-08,18.1299991607666,20.389999389648438,17.670000076293945,20.059999465942383,163982700
2025-04-09,21.530000686645508,21.729999542236328,17.979999542236328,18.06999969482422,224183500
2025-04-10,19.8799991607666,20.81999969482422,19.15999984741211,20.68000030517578,129064900
2025-04-11,19.739999771118164,19.799999237060547,18.18000030517578,19.25,128425800
2025-04-14,20.309999465942383,21.049999237060547,19.979999542236328,20.59000015258789,101964400
2025-04-15,19.850000381469727,20.469999313354492,19.809999465942383,20.200000762939453,64056900
2025-04-16,19.229999542236328,19.43000030517578,18.719999313354492,19.34000015258789,89469700
2025-04-17,18.93000030517578,19.100000381469727,18.559999465942383,18.90999984741211,85646700
2025-04-21,18.84000015258789,18.989999771118164,18.25,18.93000030517578,72409900
2025-04-22,19.510000228881836,19.739999771118164,19.040000915527344,19.059999465942383,83365600
2025-04-23,20.59000015258789,21.030000686645508,20.309999465942383,20.719999313354492,97188100
2025-04-24,21.489999771118164,21.549999237060547,20.8799991607666,21.040000915527344,117086200
2025-04-25,20.049999237060547,20.18000030517578,19.34000015258789,19.729999542236328,147711200
2025-04-28,20.510000228881836,21.079999923706055,20.049999237060547,20.1200008392334,96624400
2025-04-29,20.34000015258789,20.850000381469727,20.219999313354492,20.309999465942383,70031900
2025-04-30,20.100000381469727,20.18000030517578,19.549999237060547,19.709999084472656,68297300
2025-05-01,19.979999542236328,20.649999618530273,19.940000534057617,20.219999313354492,72607500
2025-05-02,20.6200008392334,20.780000686645508,20.209999084472656,20.260000228881836,63298500
2025-05-05,20.270000457763672,20.579999923706055,20.239999771118164,20.389999389648438,44237000
2025-05-06,19.940000534057617,20.1200008392334,19.770000457763672,19.920000076293945,51330800
2025-05-07,20.309999465942383,20.3700008392334,19.81999969482422,19.969999313354492,61002600
2025-05-08,21.0,21.239999771118164,20.639999389648438,21.010000228881836,71651700
2025-05-09,21.420000076293945,21.450000762939453,20.829999923706055,21.200000762939453,51768600
2025-05-12,22.18000030517578,22.670000076293945,21.8799991607666,22.18000030517578,94578700
2025-05-13,22.559999465942383,22.8799991607666,22.299999237060547,22.360000610351562,76850400
2025-05-14,21.520000457763672,22.459999084472656,21.459999084472656,22.350000381469727,91584800
2025-05-15,21.549999237060547,21.6299991607666,21.190000534057617,21.229999542236328,66705500
2025-05-16,21.65999984741211,21.760000228881836,21.350000381469727,21.530000686645508,55795100
2025-05-19,21.3799991607666,21.559999465942383,21.049999237060547,21.18000030517578,64279100
2025-05-20,21.270000457763672,21.40999984741211,21.1200008392334,21.329999923706055,48497400
2025-05-21,20.690000534057617,21.6299991607666,20.59000015258789,21.190000534057617,62904700
2025-05-22,20.549999237060547,20.899999618530273,20.510000228881836,20.729999542236328,56077500
2025-05-23,20.049999237060547,20.270000457763672,19.940000534057617,20.15999984741211,68206100
2025-05-27,20.549999237060547,20.670000076293945,20.18000030517578,20.440000534057617,69504600
2025-05-28,20.3700008392334,20.639999389648438,20.329999923706055,20.56999969482422,46096500
2025-05-29,20.25,20.600000381469727,20.100000381469727,20.540000915527344,66372200
2025-05-30,19.549999237060547,20.260000228881836,19.309999465942383,20.260000228881836,114281900
2025-06-02,19.739999771118164,19.81999969482422,19.3700008392334,19.479999542236328,67885500
2025-06-03,20.290000915527344,20.40999984741211,19.399999618530273,19.75,80401900
2025-06-04,20.25,20.5,20.010000228881836,20.34000015258789,71166500
2025-06-05,19.989999771118164,20.549999237060547,19.850000381469727,20.270000457763672,72458400
2025-06-06,20.059999465942383,20.440000534057617,20.030000686645508,20.170000076293945,70072800
2025-06-09,20.479999542236328,20.959999084472656,20.219999313354492,20.219999313354492,92893900
2025-06-10,22.079999923706055,22.440000534057617,20.280000686645508,20.5,171457000
2025-06-11,20.68000030517578,21.829999923706055,20.3799991607666,21.780000686645508,146784500
2025-06-12,20.770000457763672,20.979999542236328,20.40999984741211,20.5,78175900
2025-06-13,20.139999389648438,20.600000381469727,20.100000381469727,20.329999923706055,87655900
2025-06-16,20.739999771118164,20.93000030517578,20.299999237060547,20.40999984741211,86745100
2025-06-17,20.799999237060547,21.479999542236328,20.6200008392334,20.6299991607666,87512200
2025-06-18,21.489999771118164,21.600000381469727,20.65999984741211,20.809999465942383,94200600
2025-06-20,21.079999923706055,21.889999389648438,20.8799991607666,21.700000762939453,133472800
2025-06-23,21.190000534057617,21.579999923706055,20.729999542236328,21.06999969482422,81461000
2025-06-24,22.549999237060547,22.690000534057617,21.329999923706055,21.34000015258789,130368700
2025-06-25,22.200000762939453,22.770000457763672,22.1299991607666,22.579999923706055,64975100
2025-06-26,22.5,22.6200008392334,22.209999084472656,22.399999618530273,63229300
2025-06-27,22.690000534057617,23.3799991607666,22.420000076293945,22.709999084472656,95542400
2025-06-30,22.399999618530273,22.969999313354492,22.270000457763672,22.969999313354492,77102400
2025-07-01,22.850000381469727,23.15999984741211,22.280000686645508,22.329999923706055,79094900
2025-07-02,21.8799991607666,22.770000457763672,21.520000457763672,22.530000686645508,138245300
2025-07-03,22.489999771118164,22.6299991607666,21.989999771118164,22.149999618530273,61176000
2025-07-07,22.0,22.389999389648438,21.860000610351562,22.209999084472656,80725200
2025-07-08,23.59000015258789,23.790000915527344,22.1299991607666,22.18000030517578,119545500
2025-07-09,23.440000534057617,23.530000686645508,23.1299991607666,23.290000915527344,70247700
2025-07-10,23.81999969482422,24.040000915527344,23.479999542236328,23.6299991607666,54599800
2025-07-11,23.43000030517578,23.65999984741211,23.15999984741211,23.559999465942383,49367900
2025-07-14,23.299999237060547,23.399999618530273,22.8799991607666,23.239999771118164,48420500
2025-07-15,22.920000076293945,23.780000686645508,22.899999618530273,23.56999969482422,66099400
2025-07-16,22.690000534057617,23.1299991607666,22.25,22.989999771118164,58865900
2025-07-17,22.799999237060547,23.049999237060547,22.59000015258789,22.65999984741211,49384000
2025-07-18,23.100000381469727,23.59000015258789,22.899999618530273,23.219999313354492,60195600
2025-07-21,23.260000228881836,23.829999923706055,23.15999984741211,23.399999618530273,61658000
2025-07-22,23.239999771118164,23.540000915527344,23.079999923706055,23.34000015258789,53969800
2025-07-23,23.489999771118164,23.6200008392334,22.920000076293945,23.260000228881836,68711700
2025-07-24,22.6299991607666,23.579999923706055,22.600000381469727,23.489999771118164,131963300
2025-07-25,20.700000762939453,21.049999237060547,20.360000610351562,20.68000030517578,245077700
2025-07-28,20.68000030517578,21.290000915527344,20.649999618530273,20.81999969482422,86105600
2025-07-29,20.40999984741211,20.850000381469727,20.34000015258789,20.690000534057617,100831500
2025-07-30,20.34000015258789,20.6200008392334,20.079999923706055,20.43000030517578,67420300
2025-07-31,19.799999237060547,20.229999542236328,19.65999984741211,20.170000076293945,90665200
2025-08-01,19.309999465942383,19.549999237060547,18.969999313354492,19.5,86496100
2025-08-04,19.5,19.59000015258789,19.350000381469727,19.520000457763672,69249400
2025-08-05,20.190000534057617,20.540000915527344,19.68000030517578,19.700000762939453,97338200
2025-08-06,20.40999984741211,20.479999542236328,19.8700008392334,20.1200008392334,67074200
2025-08-07,19.770000457763672,20.440000534057617,19.600000381469727,20.0,131382800
2025-08-08,19.950000762939453,20.020000457763672,19.610000610351562,20.0,75415000
2025-08-11,20.649999618530273,21.600000381469727,20.440000534057617,20.450000762939453,175545600
2025-08-12,21.809999465942383,21.860000610351562,20.760000228881836,21.200000762939453,134153600
2025-08-13,22.219999313354492,22.299999237060547,21.360000610351562,21.6200008392334,86024400
2025-08-14,23.860000610351562,24.200000762939453,21.899999618530273,21.989999771118164,188052500
2025-08-15,24.559999465942383,25.649999618530273,24.110000610351562,25.010000228881836,310161100
2025-08-18,23.65999984741211,24.899999618530273,23.209999084472656,24.0,212515600
2025-08-19,25.309999465942383,26.530000686645508,24.940000534057617,24.940000534057617,297659200
2025-08-20,23.540000915527344,24.93000030517578,23.329999923706055,24.899999618530273,161149400
2025-08-21,23.5,23.56999969482422,22.780000686645508,23.530000686645508,97718300
2025-08-22,24.799999237060547,25.229999542236328,23.649999618530273,23.649999618530273,200266800
2025-08-25,24.549999237060547,25.8799991607666,24.440000534057617,25.5,156825600
2025-08-26,24.350000381469727,24.739999771118164,24.100000381469727,24.579999923706055,78558200
2025-08-27,24.850000381469727,24.989999771118164,24.049999237060547,24.190000534057617,90934400
2025-08-28,24.93000030517578,25.139999389648438,24.610000610351562,24.959999084472656,60035100
2025-08-29,24.350000381469727,24.969999313354492,24.280000686645508,24.760000228881836,63734400
2025-09-02,24.209999084472656,24.239999771118164,23.68000030517578,23.8799991607666,57661800
2025-09-03,24.0,24.09000015258789,23.719999313354492,24.09000015258789,47822900
2025-09-04,24.610000610351562,24.639999389648438,23.75,23.850000381469727,59056500
2025-09-05,24.489999771118164,24.709999084472656,24.170000076293945,24.600000381469727,55975300
2025-09-08,24.479999542236328,24.739999771118164,24.1200008392334,24.479999542236328,51122100
2025-09-09,24.440000534057617,24.809999465942383,24.270000457763672,24.530000686645508,42146200
2025-09-10,24.770000457763672,24.8700008392334,24.280000686645508,24.420000076293945,61600700
2025-09-11,24.610000610351562,24.93000030517578,24.56999969482422,24.760000228881836,55536900
2025-09-12,24.079999923706055,24.6299991607666,24.049999237060547,24.610000610351562,52672800
2025-09-15,24.770000457763672,25.459999084472656,24.219999313354492,24.329999923706055,83951600
2025-09-16,25.270000457763672,25.34000015258789,24.690000534057617,24.81999969482422,60336600
2025-09-17,24.899999618530273,25.260000228881836,24.450000762939453,25.079999923706055,63093700
2025-09-18,30.56999969482422,32.380001068115234,30.15999984741211,31.780000686645508,523908000
2025-09-19,29.579999923706055,30.6299991607666,29.329999923706055,30.3799991607666,225702900
2025-09-22,28.760000228881836,30.100000381469727,28.729999542236328,29.670000076293945,130314500
2025-09-23,29.34000015258789,30.200000762939453,28.81999969482422,28.989999771118164,126317900
2025-09-24,31.219999313354492,31.700000762939453,29.229999542236328,29.3799991607666,164458500
2025-09-25,33.9900016784668,34.25,31.209999084472656,31.610000610351562,295709300
2025-09-26,35.5,36.29999923706055,34.4900016784668,35.02000045776367,268583300
2025-09-29,34.47999954223633,35.04999923706055,33.72999954223633,34.52000045776367,152605900
2025-09-30,33.54999923706055,34.2400016784668,33.02000045776367,33.93000030517578,124818400
2025-10-01,35.939998626708984,36.060001373291016,33.5,33.529998779296875,162649700
2025-10-02,37.29999923706055,37.56999969482422,35.439998626708984,35.7599983215332,149361700
2025-10-03,36.83000183105469,38.08000183105469,36.45000076293945,37.95000076293945,125359300
2025-10-06,36.59000015258789,38.68000030517578,36.43000030517578,37.189998626708984,112086100
2025-10-07,37.16999816894531,38.04999923706055,36.349998474121094,36.63999938964844,111140200
2025-10-08,37.43000030517578,37.790000915527344,35.90999984741211,36.54999923706055,103202100
2025-10-09,37.79999923706055,38.099998474121094,36.86000061035156,37.529998779296875,89884700
2025-10-10,36.369998931884766,39.650001525878906,36.29999923706055,38.459999084472656,183063300
2025-10-13,37.220001220703125,37.5099983215332,36.279998779296875,36.439998626708984,104020700
2025-10-14,35.630001068115234,36.54999923706055,34.689998626708984,36.0,117908300
2025-10-15,37.150001525878906,37.4900016784668,35.63999938964844,36.400001525878906,99242700
2025-10-16,36.84000015258789,38.02000045776367,36.40999984741211,37.150001525878906,83357800
2025-10-17,37.0099983215332,38.380001068115234,36.08000183105469,36.36000061035156,119394700
2025-10-20,38.099998474121094,38.52000045776367,37.560001373291016,37.56999969482422,80230200
2025-10-21,38.119998931884766,38.349998474121094,37.66999816894531,38.13999938964844,73134900
2025-10-22,36.91999816894531,37.93000030517578,36.040000915527344,37.84000015258789,87099900
2025-10-23,38.15999984741211,38.400001525878906,36.43000030517578,36.599998474121094,121974200
2025-10-24,38.279998779296875,41.119998931884766,37.83000183105469,40.02000045776367,246380000
2025-10-27,39.540000915527344,40.66999816894531,38.22999954223633,38.38999938964844,160007600
2025-10-28,41.529998779296875,42.47999954223633,39.540000915527344,39.59000015258789,181256400
2025-10-29,41.34000015258789,42.040000915527344,40.91999816894531,41.599998474121094,106962900
2025-10-30,40.15999984741211,41.43000030517578,40.11000061035156,40.970001220703125,84855500
2025-10-31,39.9900016784668,40.83000183105469,39.790000915527344,40.68000030517578,80471400
2025-11-03,39.5,40.45000076293945,39.04999923706055,40.25,61267500
2025-11-04,37.029998779296875,38.25,36.630001068115234,38.13999938964844,102250300
2025-11-05,38.380001068115234,38.689998626708984,37.11000061035156,37.41999816894531,74631600
2025-11-06,37.2400016784668,39.84000015258789,36.79999923706055,38.34000015258789,77629900
2025-11-07,38.130001068115234,38.27000045776367,36.970001220703125,37.2599983215332,95521400
2025-11-10,38.45000076293945,39.529998779296875,37.970001220703125,38.93000030517578,77820300
2025-11-11,37.880001068115234,38.220001220703125,37.4900016784668,38.150001525878906,53741900
2025-11-12,37.88999938964844,38.20000076293945,37.349998474121094,38.060001373291016,53876000
2025-11-13,35.90999984741211,37.310001373291016,35.45000076293945,37.27000045776367,95593200
2025-11-14,35.52000045776367,36.099998474121094,34.619998931884766,35.029998779296875,71716200
2025-11-17,34.709999084472656,35.72999954223633,34.22999954223633,35.45000076293945,72580100
2025-11-18,34.33000183105469,34.7599983215332,33.56999969482422,34.25,61504800
2025-11-19,35.11000061035156,35.75,34.25,34.33000183105469,67115500
2025-11-20,33.619998931884766,36.68000030517578,33.47999954223633,36.0,96389100
2025-11-21,34.5,34.97999954223633,32.88999938964844,33.5099983215332,105641700
2025-11-24,35.790000915527344,36.15999984741211,34.689998626708984,34.970001220703125,103804200
2025-11-25,35.83000183105469,36.130001068115234,34.68000030517578,35.54999923706055,62203300
2025-11-26,36.810001373291016,37.2400016784668,36.130001068115234,36.20000076293945,54563400
2025-11-28,40.560001373291016,40.59000015258789,37.34000015258789,37.400001525878906,95799500
2025-12-01,40.0099983215332,40.380001068115234,39.599998474121094,39.86000061035156,74534900
2025-12-02,43.470001220703125,43.68000030517578,40.04999923706055,40.470001220703125,167205800
2025-12-03,43.7599983215332,44.02000045776367,42.5099983215332,43.38999938964844,91957200
2025-12-04,40.5,43.279998779296875,40.13999938964844,43.2599983215332,107850200
2025-12-05,41.40999984741211,42.83000183105469,41.150001525878906,41.15999984741211,103042000
2025-12-08,40.29999923706055,42.119998931884766,39.70000076293945,41.939998626708984,93953600
2025-12-09,40.5,41.2599983215332,40.029998779296875,40.72999954223633,61877200
2025-12-10,40.779998779296875,40.9900016784668,38.88999938964844,40.11000061035156,75974900
2025-12-11,39.5099983215332,40.189998626708984,39.08000183105469,40.06999969482422,59096800
2025-12-12,37.810001373291016,40.029998779296875,37.619998931884766,39.25,87784500
2025-12-15,37.5099983215332,38.47999954223633,37.31999969482422,38.33000183105469,60898500
2025-12-16,37.310001373291016,37.959999084472656,36.91999816894531,37.58000183105469,50490300
2025-12-17,36.04999923706055,37.84000015258789,35.970001220703125,37.59000015258789,54792000
2025-12-18,36.279998779296875,37.4900016784668,35.66999816894531,37.380001068115234,69468400
2025-12-19,36.81999969482422,37.58000183105469,36.439998626708984,36.47999954223633,163221300
2025-12-22,36.369998931884766,37.900001525878906,36.290000915527344,37.88999938964844,51685400
2025-12-23,36.349998474121094,36.79999923706055,36.029998779296875,36.2400016784668,35958000
2025-12-24,36.15999984741211,36.18000030517578,34.95000076293945,35.16999816894531,37443800
2025-12-26,36.20000076293945,36.4900016784668,35.849998474121094,36.16999816894531,28779400
2025-12-29,36.68000030517578,36.79999923706055,35.81999969482422,36.0099983215332,38062300
2025-12-30,37.29999923706055,38.2599983215332,36.81999969482422,36.90999984741211,61935300
2025-12-31,36.900001525878906,37.58000183105469,36.869998931884766,37.400001525878906,51524700
2026-01-02,39.380001068115234,39.86000061035156,37.7599983215332,37.77000045776367,95396400
2026-01-05,39.369998931884766,42.099998474121094,39.27000045776367,41.59000015258789,96665400
2026-01-06,40.040000915527344,40.310001373291016,38.95000076293945,39.86000061035156,66395100
2026-01-07,42.630001068115234,44.56999969482422,40.119998931884766,40.18000030517578,166028400
2026-01-08,41.11000061035156,43.34000015258789,40.68000030517578,42.619998931884766,88242000
2026-01-09,45.54999923706055,45.72999954223633,41.56999969482422,41.83000183105469,186691400
2026-01-12,44.060001373291016,45.45000076293945,43.88999938964844,44.2400016784668,101989100
2026-01-13,47.290000915527344,48.2400016784668,45.220001220703125,45.88999938964844,168656400
2026-01-14,48.720001220703125,49.0,47.41999816894531,48.95000076293945,148225800
2026-01-15,48.31999969482422,50.38999938964844,47.83000183105469,49.349998474121094,132328900
2026-01-16,46.959999084472656,50.209999084472656,46.709999084472656,49.27000045776367,127314700
2026-01-20,48.560001373291016,50.22999954223633,47.0,47.29999923706055,150153000
2026-01-21,54.25,54.40999984741211,50.150001525878906,50.31999969482422,220565300
2026-01-22,54.31999969482422,54.599998474121094,53.08000183105469,54.209999084472656,190066400
2026-01-23,45.06999969482422,48.130001068115234,44.45000076293945,46.86000061035156,294675400
2026-01-26,42.4900016784668,44.459999084472656,42.279998779296875,44.279998779296875,149407800
2026-01-27,43.93000030517578,44.529998779296875,43.099998474121094,43.970001220703125,121832200
2026-01-28,48.779998779296875,49.290000915527344,46.31999969482422,46.599998474121094,201995100
2026-01-29,48.65999984741211,48.77000045776367,46.9900016784668,47.560001373291016,124256600
2026-01-30,46.470001220703125,49.58000183105469,45.959999084472656,48.97999954223633,114920100
2026-02-02,48.810001373291016,49.84000015258789,45.5,45.630001068115234,101414600
2026-02-03,49.25,51.4900016784668,48.43000030517578,50.060001373291016,122205100
2026-02-04,48.599998474121094,49.70000076293945,47.0,49.540000915527344,128702300
2026-02-05,48.2400016784668,50.86000061035156,46.790000915527344,47.59000015258789,114307800
2026-02-06,50.59000015258789,51.29999923706055,48.83000183105469,49.099998474121094,115600200
2026-02-09,50.2400016784668,51.220001220703125,47.59000015258789,49.59000015258789,94841400
2026-02-10,47.130001068115234,50.540000915527344,46.77000045776367,50.40999984741211,99832900
2026-02-11,48.290000915527344,49.54999923706055,46.86000061035156,48.11000061035156,107681200
2026-02-12,46.47999954223633,48.95000076293945,46.189998626708984,47.79999923706055,88321200
2026-02-13,46.790000915527344,47.689998626708984,44.970001220703125,45.7599983215332,69740400
2026-02-17,46.18000030517578,46.83000183105469,45.459999084472656,45.93000030517578,65802200
2026-02-18,45.459999084472656,46.77000045776367,44.880001068115234,45.91999816894531,65306100
2026-02-19,44.619998931884766,45.16999816894531,43.91999816894531,44.95000076293945,72724900
2026-02-20,44.11000061035156,44.38999938964844,42.880001068115234,43.88999938964844,90743600
2026-02-23,43.630001068115234,44.54999923706055,43.18000030517578,44.09000015258789,57130900
2026-02-24,46.119998931884766,46.599998474121094,43.540000915527344,44.099998474121094,98872300
2026-02-25,46.880001068115234,46.970001220703125,45.08000183105469,46.09000015258789,75645300
2026-02-26,45.459999084472656,46.95000076293945,44.38999938964844,46.77000045776367,71457500
2026-02-27,45.61000061035156,46.560001373291016,44.400001525878906,44.459999084472656,79327200
2026-03-02,45.5,45.810001373291016,43.95000076293945,44.20000076293945,60705100
2026-03-03,43.099998474121094,43.689998626708984,42.13999938964844,43.439998626708984,83971000
2026-03-04,45.58000183105469,46.130001068115234,43.27000045776367,44.06999969482422,96628100
2026-03-05,45.95000076293945,46.47999954223633,44.70000076293945,44.869998931884766,78229400
2026-03-06,43.41999816894531,45.18000030517578,43.279998779296875,44.66999816894531,74698300
2026-03-09,45.58000183105469,45.7599983215332,41.63999938964844,42.7400016784668,82937400
2026-03-10,46.779998779296875,47.880001068115234,45.40999984741211,45.40999984741211,85233300
2026-03-11,47.97999954223633,48.83000183105469,46.65999984741211,46.81999969482422,72480600
2026-03-12,45.25,47.439998626708984,45.16999816894531,47.400001525878906,85110200
2026-03-13,45.77000045776367,46.650001525878906,45.38999938964844,45.970001220703125,68386200
2026-03-16,45.7599983215332,49.16999816894531,45.689998626708984,47.90999984741211,114199400
2026-03-17,44.060001373291016,46.08000183105469,43.90999984741211,46.08000183105469,89061600
2026-03-18,45.029998779296875,45.709999084472656,44.04999923706055,44.20000076293945,78056200
2026-03-19,46.18000030517578,46.439998626708984,43.650001525878906,43.9900016784668,74051500
2026-03-20,43.869998931884766,47.54999923706055,43.63999938964844,46.95000076293945,162814200
2026-03-23,44.0099983215332,45.459999084472656,43.7400016784668,44.5,80772200
2026-03-24,44.060001373291016,44.310001373291016,43.20000076293945,43.540000915527344,65323500
2026-03-25,47.18000030517578,47.849998474121094,45.45000076293945,45.849998474121094,97467900
2026-03-26,44.099998474121094,46.599998474121094,43.91999816894531,46.29999923706055,82841400
2026-03-27,43.130001068115234,44.130001068115234,42.86000061035156,43.619998931884766,70002200
2026-03-30,41.189998626708984,43.9900016784668,40.630001068115234,43.720001220703125,84596000
2026-03-31,44.130001068115234,44.22999954223633,41.599998474121094,41.95000076293945,95294900
2026-04-01,48.029998779296875,48.77000045776367,44.97999954223633,45.0,129598500
2026-04-02,50.380001068115234,50.4900016784668,46.040000915527344,46.060001373291016,117134200
2026-04-06,50.779998779296875,52.38999938964844,49.869998931884766,50.880001068115234,79978800
2026-04-07,52.90999984741211,53.27000045776367,51.220001220703125,51.90999984741211,129543800
2026-04-08,58.95000076293945,59.16999816894531,54.79999923706055,55.369998931884766,184599900
2026-04-09,61.720001220703125,62.08000183105469,58.38999938964844,58.400001525878906,155609900
2026-04-10,62.380001068115234,63.38999938964844,60.75,61.52000045776367,98624400
2026-04-13,65.18000030517578,65.6500015258789,62.18000030517578,62.18000030517578,112111000
2026-04-14,63.810001373291016,65.18000030517578,62.09000015258789,65.16000366210938,112796100
2026-04-15,64.94000244140625,65.83999633789062,62.880001068115234,63.77000045776367,92051500
2026-04-16,68.5,68.61000061035156,64.2699966430664,64.93000030517578,108328300
2026-04-17,68.5,70.33000183105469,67.73999786376953,68.8499984741211,118831500
2026-04-20,65.69999694824219,69.20999908447266,64.47000122070312,68.44999694824219,96851100
2026-04-21,66.26000213623047,67.66999816894531,65.63999938964844,67.13999938964844,91402300
2026-04-22,65.2699966430664,68.7699966430664,64.9800033569336,67.94000244140625,90267300
2026-04-23,66.77999877929688,68.27999877929688,65.41999816894531,66.0999984741211,155141800
2026-04-24,82.54000091552734,85.22000122070312,79.62000274658203,82.19999694824219,281405200
2026-04-27,84.98999786376953,87.0999984741211,82.61000061035156,83.66999816894531,178820200
2026-04-28,84.5199966430664,84.58999633789062,80.80000305175781,81.27999877929688,147773500
2026-04-29,94.75,94.94999694824219,85.87000274658203,86.13999938964844,235070900
2026-04-30,94.4800033569336,95.69000244140625,91.5,95.5999984741211,160597300
2026-05-01,99.62000274658203,100.44999694824219,92.61000061035156,93.19999694824219,158502800
2026-05-04,95.77999877929688,99.81999969482422,95.5999984741211,99.18000030517578,119294000
2026-05-05,108.1500015258789,110.4800033569336,100.08000183105469,100.51000213623047,198482000
2026-05-06,113.01000213623047,113.5,106.58000183105469,110.9800033569336,157320100
2026-05-07,109.62000274658203,114.51000213623047,109.1500015258789,111.0199966430664,122699900
2026-05-08,124.91999816894531,130.57000732421875,111.80000305175781,111.80999755859375,227681300
2026-05-11,129.44000244140625,132.75,123.91999816894531,130.8800048828125,179486500
2026-05-12,120.61000061035156,127.79000091552734,115.0,124.36000061035156,172516500
2026-05-13,120.29000091552734,125.0,116.41000366210938,124.0999984741211,115364400
2026-05-14,115.93000030517578,118.56999969482422,113.16999816894531,114.66000366210938,118279800
2026-05-15,108.7699966430664,110.56999969482422,105.0199966430664,109.79000091552734,135206000
2026-05-18,108.16999816894531,115.54000091552734,103.8499984741211,113.47000122070312,145764000
2026-05-19,110.80000305175781,113.06999969482422,102.4000015258789,106.9800033569336,150234900
2026-05-20,118.95999908447266,121.94000244140625,114.80000305175781,116.22000122070312,165086900
2026-05-21,118.5,119.41000366210938,113.16999816894531,116.58000183105469,102452500
2026-05-22,119.83999633789062,122.77999877929688,118.08999633789062,120.33999633789062,82663000
2026-05-26,123.5199966430664,125.62000274658203,117.3499984741211,122.0999984741211,108167300
2026-05-27,121.7699966430664,125.2699966430664,117.0,124.38999938964844,93323300
2026-05-28,120.88999938964844,123.08000183105469,116.30999755859375,121.44999694824219,97321000
2026-05-29,114.68000030517578,126.63999938964844,113.54000091552734,123.8499984741211,191152000
