Price,Close,High,Low,Open,Volume
Ticker,QCOM,QCOM,QCOM,QCOM,QCOM
2020-01-02,77.15103912353516,78.12531790046255,76.62040230248301,77.46420205519793,8413900
2020-01-03,75.69828796386719,76.23762545248677,75.19375372129845,75.90706761952454,8340300
2020-01-06,75.25466918945312,75.28946580939245,74.41086940706,74.73273316391638,8381400
2020-01-07,77.39460754394531,77.84695030624853,75.60262484863937,75.7157088800211,8377400
2020-01-08,77.16841888427734,77.82954123583697,76.48120073302559,77.33370113136102,7619900
2020-01-09,78.2123031616211,78.91691635295173,77.27281448199653,77.99482929893628,9155500
2020-01-10,78.51677703857422,80.3696522377901,78.1775182927569,78.73425093393284,9668300
2020-01-13,79.13438415527344,80.66540188962152,78.76902968676909,79.20397737882905,10367800
2020-01-14,78.77772521972656,79.69111804350322,78.54285638214768,79.27356533174884,7800100
2020-01-15,78.00354766845703,79.31709206477795,77.6381930586547,78.94303663947242,7259100
2020-01-16,79.84771728515625,80.23047346987964,78.13402190490588,78.48198146949291,9295500
2020-01-17,83.43167114257812,83.65783916848743,80.85677491380491,80.90027233858952,23694400
2020-01-21,82.23992919921875,83.26640625245489,81.26564375718519,82.92714750608484,10868500
2020-01-22,80.87419128417969,82.9793369467901,80.64801658025685,82.8662529132169,8342300
2020-01-23,80.03041076660156,80.85680909263243,79.56066625481901,80.76982084306782,11282000
2020-01-24,77.98613739013672,81.11776004299352,77.27282330455947,80.621919844931,9471700
2020-01-27,75.72440338134766,76.74217948927009,75.20246078949188,75.94187724902898,9240200
2020-01-28,77.55119323730469,77.89045198673138,76.02017513939408,76.6812976466154,9187000
2020-01-29,76.7508773803711,77.4380889357193,75.98536514773939,77.12493268401373,8158500
2020-01-30,76.3593978881836,76.4289910954545,74.97626773673524,75.95054609143389,8379400
2020-01-31,74.21078491210938,75.82879111515008,73.97591604117979,75.72440789997077,9503600
2020-02-03,75.22856140136719,75.31554961897181,74.08029967336961,74.41955836777055,7792700
2020-02-04,77.35980987548828,77.37720486593534,76.0027749702268,76.76828064864523,9236400
2020-02-05,79.08220672607422,79.28227898367703,77.65557193465769,79.15179332532338,14220900
2020-02-06,78.82124328613281,78.96912394988269,74.97630620797437,76.6030067827769,21059000
2020-02-07,76.04625701904297,78.3166846259056,76.01146040537442,77.96003095016007,10725100
2020-02-10,77.0727310180664,77.10752763043673,75.24595200766315,75.48952165748022,7481300
2020-02-11,78.29059600830078,79.56934347165385,77.33371227333231,77.74256422548206,9452800
2020-02-12,79.78681945800781,80.41314530451051,79.41276411283404,79.7259270360854,9824200
2020-02-13,78.31668853759766,79.49104610127105,78.09921466888866,79.18658401243361,8428300
2020-02-14,77.94264221191406,78.98652088423806,77.23802891975836,78.7690469904343,6256500
2020-02-18,76.57688903808594,77.42068861635039,76.14194134923004,76.40291261725359,7248100
2020-02-19,78.77772521972656,78.82992345668036,77.1162284585476,77.3510972961265,7820900
2020-02-20,77.8295669555664,79.92601207719032,77.14234857721495,78.99522397218819,9754900
2020-02-21,75.7070083618164,77.4467994550877,75.09808413388198,77.03794748628474,12257600
2020-02-24,72.4797134399414,73.79325787739394,71.94907650285057,72.98425456648316,12158500
2020-02-25,69.78301239013672,73.4191755495506,69.27847144839032,73.0190244485441,14725000
2020-02-26,69.2958755493164,71.35752354257691,68.8000287656682,70.46153228040158,13125000
2020-02-27,66.05986022949219,68.017124921853,65.52922349306569,67.09503126488912,17898300
2020-02-28,68.11283111572266,69.42636875073143,63.79814291052339,64.16350412246403,20843300
2020-03-02,70.07878112792969,70.20926678358376,67.09503922202512,68.73914122764845,15043400
2020-03-03,68.33900451660156,71.89688140406899,67.7039843680306,70.30497066979791,16356200
2020-03-04,71.7235107421875,71.81996098257693,68.43545260956103,69.37364492915425,9894900
2020-03-05,69.41747283935547,71.34647071161334,69.00536853561404,69.67175010527188,9396200
2020-03-06,67.92689514160156,68.4617531103993,66.48891831421551,66.9273260467008,11536500
2020-03-09,63.69188690185547,66.72566818242305,62.98166838139546,63.48145302349183,13898500
2020-03-10,69.17196655273438,69.30349020099436,65.02463344598777,65.58579476829779,13615600
2020-03-11,65.42797088623047,68.20747424019756,64.63883564815296,66.89225107325869,13376500
2020-03-12,58.764163970947266,63.595418599892625,58.74663060671448,60.95620242642169,19386200
2020-03-13,66.47137451171875,67.22543630425214,58.974606722561035,62.41172154599606,15971400
2020-03-16,56.53706359863281,62.40295445579509,56.51952354333679,59.86895832077482,16134700
2020-03-17,60.377498626708984,61.21047043805759,54.537909197769046,57.79089631604167,16864500
2020-03-18,53.65232849121094,57.48401052196329,50.85528881074269,55.73038321810201,18381200
2020-03-19,56.99300765991211,59.22888986701414,51.767188067997964,53.59096257382659,17127400
2020-03-20,53.406829833984375,59.605918248113284,53.30161291473492,57.0193086128809,16591500
2020-03-23,54.827266693115234,56.8702482104758,51.82855958677809,53.96798798992882,14920300
2020-03-24,57.39633560180664,59.29026008737799,54.52914882641933,57.86981672319948,18966800
2020-03-25,55.30952072143555,58.71156229178606,54.765892728981314,57.78214004654368,15969800
2020-03-26,60.48273468017578,61.078969473432736,55.458579042481176,56.116190651680554,15820300
2020-03-27,58.387123107910156,60.605471264869166,57.80842853316775,58.308212947996374,9739100
2020-03-30,60.52656555175781,60.938669857093906,57.922422762353584,58.91322843847754,9880800
2020-03-31,59.316558837890625,61.69272759648643,58.44851352804377,60.76330548068213,13213900
2020-04-01,57.78214645385742,60.2372259958752,56.993011115877074,56.993011115877074,14167900
2020-04-02,59.64097595214844,59.851416448364496,57.26480720466213,57.755828339596164,15432900
2020-04-03,57.19466781616211,60.228448102785435,56.598433114829945,59.34286273251924,8600700
2020-04-06,62.21004104614258,62.578308545483004,59.31655465421133,60.06184629957682,12153100
2020-04-07,63.77079391479492,65.67348193404553,62.13114653038414,64.58623259298395,11285600
2020-04-08,64.296875,65.21752715786853,63.49896977360997,64.62129241724246,10695600
2020-04-09,62.76244354248047,65.62085672982576,61.37707370199573,65.42796297457271,15459400
2020-04-13,64.27059173583984,64.4547222250775,62.6397140430803,62.87645133222223,7896500
2020-04-14,67.99703216552734,68.10224572480546,65.73484698706565,65.76115037688518,11314100
2020-04-15,66.62920379638672,66.93608786424056,64.91064632683421,66.51522019677557,9951700
2020-04-16,67.38327026367188,68.11979876691176,66.09435040018063,67.39204029180738,8819700
2020-04-17,66.78701782226562,68.61079519787847,66.18201983204793,67.79535672538799,9926000
2020-04-20,65.15613555908203,66.83962583200542,64.97200516929975,65.77867355012755,7217700
2020-04-21,62.990413665771484,64.85803470583141,62.91150349259341,64.2793333442437,9273800
2020-04-22,65.4805679321289,66.05926256092532,63.78831410813778,64.70020283765543,7365300
2020-04-23,64.71774291992188,66.78702781144818,64.67390616340239,65.76115539281719,7673800
2020-04-24,66.67303466796875,66.73441146996205,64.58621671062699,64.81418386684797,6071300
2020-04-27,66.62042999267578,68.23376694712903,66.1907856756045,67.15528117572937,7219500
2020-04-28,66.01541900634766,68.19868704065254,65.90143543549222,67.61122244617026,6250500
2020-04-29,69.24209594726562,69.47883310283936,67.365711994187,67.66382594487754,11950200
2020-04-30,68.97905731201172,70.90805496524156,67.76028459313717,70.38196043917992,17113500
2020-05-01,66.32232666015625,68.03211428087542,65.4805845476813,67.383272656804,9742100
2020-05-04,66.35738372802734,66.58535758445414,64.96324388975079,65.90144270474376,7202400
2020-05-05,68.06718444824219,69.10182699961553,67.1289921364557,67.29558922111869,7540800
2020-05-06,69.1544418334961,70.26799459022499,68.84755105266639,69.10182835387221,8179700
2020-05-07,69.11933898925781,70.29426806412356,68.61955462778127,69.88216387860334,7291800
2020-05-08,70.63626098632812,71.10097217341102,69.58408496612428,69.88219905233898,7887200
2020-05-11,70.56610870361328,71.25878700603745,69.7419000592902,70.39951163135967,6604600
2020-05-12,68.75987243652344,71.71474318857959,68.74233906928919,71.27633542243562,7318100
2020-05-13,68.3915786743164,69.71557136532142,67.29555978530492,69.14564020512178,9584800
2020-05-14,70.03125,70.14523359634859,67.05007623424103,67.9531950464627,9956800
2020-05-15,66.4363021850586,68.12855623247444,65.20876593476387,65.47180655001095,29597800
2020-05-18,70.09262084960938,70.30305465941873,67.69891201333603,67.75151879339582,13191000
2020-05-19,68.47050476074219,70.27674885916669,68.39159459335882,69.9260213951329,8118400
2020-05-20,70.69763946533203,71.86380581958116,69.87343734970973,70.11017461845061,11379200
2020-05-21,68.3915786743164,70.22411904575075,68.27759511810383,69.68049795812485,8141500
2020-05-22,69.00536346435547,69.0579769328109,67.76905733355885,68.61956926991266,5530400
2020-05-26,68.40911865234375,70.64500007809669,68.1986848783713,70.31181271184288,10067300
2020-05-27,69.5226821899414,69.54898557719152,66.77825285721134,68.62832688602064,9125900
2020-05-28,68.488037109375,71.4429067978028,68.15484973528476,70.35565111264033,11161700
2020-05-29,70.91682434082031,71.19740499014775,68.30391829825301,69.00536657678641,10558700
2020-06-01,69.90850830078125,70.56611997791693,69.4788638552275,70.04879531332614,6474800
2020-06-02,74.20486450195312,74.42406829171503,70.06630257048626,70.08383593025695,13255300
2020-06-03,74.31974792480469,75.94557200068473,73.88678493045461,75.06197020083339,13029300
2020-06-04,76.02508544921875,76.60825902254953,74.17835452742275,74.17835452742275,12109000
2020-06-05,78.24295806884766,79.06470818035643,77.59792565689746,77.75697428303941,11882100
2020-06-08,80.73468780517578,80.84955359651585,78.05736905613445,78.64054939988972,9748300
2020-06-09,79.30327606201172,79.86878077818785,78.69358855121169,79.72740796981782,7327700
2020-06-10,80.41658782958984,81.41505526441816,79.55065524881508,79.74504868988771,9079700
2020-06-11,74.240234375,78.6935891020719,74.14304436057348,78.30480882032178,15241700
2020-06-12,75.3182373046875,76.99708255799365,73.80727859911657,76.21067726810028,10113200
2020-06-15,76.3343505859375,76.49339916213775,73.42730017398887,73.93095287506532,9852600
2020-06-16,79.10004425048828,79.91296317462034,77.5449096594268,79.43581730872151,12639800
2020-06-17,79.47114562988281,80.48728227587107,78.90564103440627,80.1250090544001,7620300
2020-06-18,79.4534683227539,79.95712105428095,78.66706329881426,79.39161646945573,5709500
2020-06-19,78.4726791381836,79.74506797557906,77.35050774062029,79.40930169519847,23213800
2020-06-22,78.75542449951172,79.02934563638388,77.41235275541452,78.39315127394697,8028000
2020-06-23,78.94982147216797,80.06316165581394,78.73775892239865,79.64786772072831,7778700
2020-06-24,78.7642593383789,79.37394670220165,77.2444632520271,78.79076631222401,8208800
2020-06-25,78.6052017211914,79.04700254476467,77.1560955591788,78.37546340535656,7062600
2020-06-26,77.7746353149414,79.28560047773772,77.35051018331404,78.70241999506582,9126500
2020-06-29,78.6493911743164,78.77309487610684,76.59059754383179,77.94250710007441,5870400
2020-06-30,80.59333801269531,81.22953253448166,78.64057839192503,78.81729609626645,9378500
2020-07-01,79.32978057861328,80.6728592938325,79.1530628883018,80.4166139239374,6990600
2020-07-02,81.17652130126953,81.73318815587815,80.23106739441764,80.48730605192505,8317300
2020-07-06,82.10427856445312,82.83766968465113,81.37972534993192,82.36052389830593,6933100
2020-07-07,81.41509246826172,82.66097459645412,81.211867771616,82.14848378877149,6722400
2020-07-08,82.6432876586914,82.70513952430545,81.59179920190495,82.41354926869022,6692700
2020-07-09,82.39588165283203,83.01440031990663,80.79656428414779,83.01440031990663,6287700
2020-07-10,81.74200439453125,82.63443735864101,80.90257863983665,82.17496738889567,5687600
2020-07-13,80.69935607910156,83.17343713766908,80.5844835276971,82.44005274830639,7606400
2020-07-14,81.62712097167969,81.83919022916871,78.81726735273558,80.2840493809784,6571000
2020-07-15,81.77735900878906,82.11312530582242,80.41661126605248,82.11312530582242,6154100
2020-07-16,80.5844955444336,81.0704793158909,80.12502549434043,80.63751624581397,6178700
2020-07-17,81.4946060180664,81.69783067945015,80.4077727173424,81.00862227763139,5985700
2020-07-20,82.32518005371094,82.41353888755128,80.67284896272102,81.45925404418986,5407500
2020-07-21,81.56529998779297,82.92604790219663,81.12349897953263,82.66097134204946,7098600
2020-07-22,81.82154846191406,82.43123603349797,80.99979828595913,81.94525220957621,4366400
2020-07-23,79.23258972167969,82.14847901820438,78.84380942579845,82.09546505543611,9438500
2020-07-24,78.54336547851562,79.78040937853383,77.32399739010525,78.82611779211862,9520000
2020-07-27,81.9098892211914,82.03359294152207,78.8703034256204,79.5418359813162,8021700
2020-07-28,80.80538177490234,81.81268728586736,80.02781461912048,81.44157614842692,5818400
2020-07-29,82.20149230957031,82.72282099081072,81.06164492992423,81.36207311297,11453000
2020-07-30,94.7132797241211,95.15508062703596,88.97869915051638,90.49849533515902,42122500
2020-07-31,93.31718444824219,95.20809171657692,92.34522383931211,93.36136723374443,16765100
2020-08-03,96.83392333984375,99.84700887903104,94.5719047649481,94.89883987577325,18899400
2020-08-04,98.03563690185547,98.09748877074942,96.01219430174676,96.74557882110425,10205400
2020-08-05,98.4244155883789,99.36986935640007,97.26689925088645,98.07981138498272,7967400
2020-08-06,98.13280487060547,98.39788808315645,97.13433735384291,98.28302228643562,6392200
2020-08-07,95.64990997314453,98.12399810085968,93.66180560880666,97.20505127460399,11155900
2020-08-10,93.97988891601562,96.30375924609525,93.41438429773505,95.95915507999761,10087100
2020-08-11,96.16238403320312,98.97223798364897,92.54844922127548,93.83850702047623,17803000
2020-08-12,102.312255859375,102.7187118888553,96.8869412073058,97.54080466852653,18664700
2020-08-13,100.20928955078125,102.67453279235455,99.64377816188394,102.67453279235455,9958400
2020-08-14,100.50088500976562,101.19009345972326,99.46707233482918,100.11210473161012,6641000
2020-08-17,99.12245178222656,101.1635698157073,97.75286627373839,100.10325033525294,10283000
2020-08-18,98.98989868164062,100.1827596441484,98.53925992110354,99.76747250238637,6387000
2020-08-19,98.1151351928711,100.26228762888752,97.85888988668934,99.25498221360535,7747600
2020-08-20,97.77936553955078,98.0621178086389,96.90459501904881,97.19618519254948,7200300
2020-08-21,99.84700775146484,99.97954937551053,97.15201944747498,97.39943362498889,8546900
2020-08-24,102.41828918457031,102.49781011174157,100.08557420067781,101.0575415861942,10235000
2020-08-25,102.45365142822266,103.46979509855768,101.11941723302077,102.59503098713986,6208000
2020-08-26,102.53316497802734,102.98380383325566,101.76442890044348,102.71872056751019,7487400
2020-08-27,102.5154800415039,104.42406320578193,101.9234684408859,102.87776002302492,8206200
2020-08-28,104.44174194335938,104.49476264150609,102.64803116394627,103.12517699918162,6280300
2020-08-31,105.23699188232422,106.96885091158214,104.37106573836923,104.5566213406453,9694600
2020-09-01,107.80827331542969,108.30308823876229,105.59926849148385,106.98652325126793,9091900
2020-09-02,109.425048828125,110.09129973263686,108.208028069333,109.49611721786205,9167700
2020-09-03,103.42879486083984,108.11920033346702,102.69147553684031,107.7549866819144,13560800
2020-09-04,103.02013397216797,104.6635511373498,99.83101018345229,102.77140144262086,11064300
2020-09-08,97.51246643066406,101.16352144390324,97.37922168945033,99.44015727548587,10245200
2020-09-09,101.28791046142578,102.84249604751713,99.75998060701559,100.80821573044969,9708400
2020-09-10,99.88432312011719,102.8780057409779,99.11146974437777,102.29170855529401,6166300
2020-09-11,100.75489044189453,102.02520896072618,99.84879229622031,100.71935625104109,6740200
2020-09-14,100.79042053222656,102.5404403902017,100.07087183471637,102.37165468487812,5397300
2020-09-15,103.56201934814453,104.65466679481496,101.97190006065574,102.10515156761518,8773700
2020-09-16,101.76758575439453,104.82345823092878,101.74982204863835,104.82345823092878,6340100
2020-09-17,102.05184936523438,102.78028327310732,98.60511447047398,99.42238045931613,7418100
2020-09-18,98.32974243164062,102.54044582662614,97.53912531339842,102.1939959333494,15443200
2020-09-21,99.42239379882812,99.6178284696539,96.20662730509068,96.97059550334366,8197600
2020-09-22,101.11022186279297,101.49220592863345,98.08988352561862,100.03533804437059,6911200
2020-09-23,98.22313690185547,101.20794110599554,97.77896969025669,100.95032330997381,6553300
2020-09-24,99.66223907470703,100.63940556480428,97.04164851324893,97.17490002950166,6849000
2020-09-25,101.71429443359375,102.82471249509587,99.31579413173078,100.87037941783373,11718000
2020-09-28,105.24098205566406,105.48082937207546,102.08739208674366,103.01126071644838,9043600
2020-09-29,104.2726821899414,105.93386984244826,104.11278173794902,104.9478181847374,5655700
2020-09-30,104.53919982910156,105.94276990658828,103.86406373984335,104.37929935473656,5829700
2020-10-01,106.17373657226562,106.78668954671114,104.55696805162259,106.53795697083598,5316800
2020-10-02,102.57596588134766,105.40975455487228,102.54043169495311,103.7396816815937,5834300
2020-10-05,107.06206512451172,107.17755294079002,103.6952835171148,103.8462987472975,5835900
2020-10-06,106.19149017333984,108.83872276990958,105.80062088628124,106.9998709164026,7637000
2020-10-07,109.29176330566406,109.58491523907799,107.17753019935228,107.70164416140818,7410300
2020-10-08,108.67882537841797,110.53544776684316,108.23465818603773,110.15346371029801,4757500
2020-10-09,110.92630004882812,111.83239800020884,109.07856318538036,110.09126368646275,11073400
2020-10-12,112.54307556152344,113.44028833213753,110.99736898704296,113.44028833213753,7893800
2020-10-13,113.22709655761719,113.86669160288261,111.3971299473023,113.23598179889197,7605700
2020-10-14,115.37688446044922,117.63324803364803,114.53295587617207,114.66621417864603,13177100
2020-10-15,114.2220230102539,114.71948803679378,112.50753758384025,113.0849562196184,7376600
2020-10-16,114.6218032836914,115.65227459132964,113.47585092707492,115.21698579200593,6625400
2020-10-19,114.07991027832031,117.22462187267722,113.44030837963443,115.59896817642631,5765800
2020-10-20,113.97329711914062,114.88828039359774,113.27151218595189,114.75502211130701,4409800
2020-10-21,114.19538879394531,115.85656976928941,112.25881954843362,113.74232957891903,4344000
2020-10-22,114.04436492919922,115.11924187121292,112.69409296043965,115.04817349865651,3895100
2020-10-23,114.48854064941406,114.68397529982623,112.90729974037635,114.23091608527662,3943100
2020-10-26,112.10780334472656,114.30199049058987,110.50880542308263,113.28928977364586,6065900
2020-10-27,111.85017395019531,112.78292089025108,111.21057217561264,112.3831731698633,5825500
2020-10-28,108.00370025634766,109.99356745662621,107.53288409881088,109.70930071372928,8234800
2020-10-29,112.3210220336914,113.43144021489302,108.27909714313563,108.43011238918992,7053300
2020-10-30,109.5849380493164,111.26388961386829,108.02146752312305,109.86920480158302,7811200
2020-11-02,110.12681579589844,112.08114874971747,108.74101631146144,110.59763193984416,5860300
2020-11-03,111.44155883789062,112.74741161998632,110.76642950660037,111.43268037277538,5832800
2020-11-04,114.5684814453125,115.10148747374595,111.99231049187918,114.8794038877164,12608900
2020-11-05,129.1727294921875,132.1841830587198,125.99249019325359,129.53694990895832,27910900
2020-11-06,128.81736755371094,129.90113661526954,127.88462726974804,129.70570196122407,7278500
2020-11-09,126.68537139892578,132.7260481287402,126.53435617504385,132.7260481287402,10666300
2020-11-10,124.46454620361328,127.18284758007047,123.0609760798075,124.50007361912986,12019900
2020-11-11,131.1981201171875,131.5534484834249,127.92016375225074,128.36433098750163,10222700
2020-11-12,127.84017944335938,131.92650867734636,127.09398195996665,131.09148590587606,8580700
2020-11-13,128.15109252929688,129.91888254592683,127.23610934687008,129.28815927163123,5899200
2020-11-16,132.4240264892578,132.58392018815385,128.4087508731099,128.98616285900115,7598500
2020-11-17,132.13084411621094,133.1168956974851,130.74503126976478,132.3795766272616,7438600
2020-11-18,130.62962341308594,136.20836437567843,130.50525709436238,132.57507862054993,12124500
2020-11-19,131.05601501464844,132.62837120272553,129.21716926495793,130.1943292856675,7743700
2020-11-20,129.7234649658203,132.45065794601067,129.64351812693107,131.72221726749106,5551900
2020-11-23,127.76024627685547,130.58514286096232,126.03687555602791,126.45439376385339,11649400
2020-11-24,129.63461303710938,129.98995487674327,125.35284892003618,127.3782499637812,10800800
2020-11-25,127.9912109375,131.02043423336352,127.95566997381786,129.65239178462886,6398900
2020-11-27,127.76912689208984,130.07878799150598,127.65363909290193,129.24376511669698,3878000
2020-11-30,130.7361602783203,130.84275605917526,127.96456153684345,128.4797970691524,8712500
2020-12-01,134.3694610595703,135.3732833034706,131.28693950175776,132.17527393213814,11906100
2020-12-02,133.807373046875,135.15455564301578,133.4861919738076,134.28022106925124,7800300
2020-12-03,133.74496459960938,136.29656670115085,133.50407532617953,134.7531056080212,6355300
2020-12-04,140.62356567382812,141.04288587160625,133.8252474591918,134.0929006767918,12759900
2020-12-07,140.9804229736328,141.82798004214118,139.81168480813741,141.453271031224,7009300
2020-12-08,141.67633056640625,142.11348432639073,139.06227033515376,140.48082829640384,6088300
2020-12-09,139.19610595703125,143.70155872351273,138.77678575497126,141.49790187044292,7947200
2020-12-10,138.9552001953125,140.82875890173557,136.26084836050987,137.76861482969878,7522200
2020-12-11,128.7220458984375,134.06613910987713,126.58976412872273,133.14720681665747,25923100
2020-12-14,130.51528930664062,131.81786096154053,127.87447886959943,129.2751759646352,12258500
2020-12-15,132.36209106445312,133.7538714504159,131.23796389426968,133.26317615705514,6616400
2020-12-16,133.59327697753906,134.21779202201205,130.89000830307188,133.05797058890107,6610900
2020-12-17,133.4059295654297,134.92261300681312,132.3799414292196,134.6014318628277,7039000
2020-12-18,131.52346801757812,134.53007126354245,130.36364633853648,134.53007126354245,13288300
2020-12-21,130.97032165527344,131.46993377278363,128.83803975942223,129.37333262243635,7024600
2020-12-22,130.5598907470703,131.17548898145324,129.11458262349737,130.80077997213456,5751500
2020-12-23,131.113037109375,135.19915525020411,131.03273162981202,131.7107881353339,5186700
2020-12-24,132.74571228027344,132.84385133552766,131.32716798347772,131.86247439639303,2120200
2020-12-28,131.80892944335938,134.7798510629342,131.54127627149205,134.37836449843033,4576600
2020-12-29,132.47805786132812,132.92414195103282,131.17548632949175,132.90629477569095,3543800
2020-12-30,133.78062438964844,135.26162693000026,132.86169219478836,133.04012311947253,3965600
2020-12-31,135.91287231445312,136.1091503670804,133.91442467083513,134.1107027234624,4941700
2021-01-04,132.4869842529297,138.41989763101455,131.27363489638003,136.51065813311806,9827000
2021-01-05,135.99317932128906,136.2340685242453,132.48696516154916,132.62078493352203,8507200
2021-01-06,134.8869171142578,137.27792144051955,133.35238666682747,135.19025104578532,7174600
2021-01-07,138.9105987548828,139.55296100685746,135.8415376873168,135.90399600147902,8482300
2021-01-08,139.74920654296875,140.54323558415703,137.87564814252679,140.27558243932182,6252400
2021-01-11,139.2763671875,141.07855062015406,138.21468493565632,139.26745040703432,5147800
2021-01-12,137.79537963867188,139.95442510972137,137.35822592097014,139.7492302297102,4385700
2021-01-13,140.4451141357422,140.9001150095467,137.0816362644633,138.45558289371843,5479900
2021-01-14,143.5052490234375,145.5839887846226,141.4086484745101,142.21159434540704,10102400
2021-01-15,140.15072631835938,143.51420489322823,139.96337858371086,143.43391300695026,8607400
2021-01-19,146.11044311523438,146.40486036202165,141.36410002895894,141.80126750692997,8209000
2021-01-20,146.8509063720703,149.8307452014211,146.7081561780707,146.95796221086613,7943300
2021-01-21,146.98472595214844,148.53710367941977,145.72676539453585,147.93042216252687,6295700
2021-01-22,144.9059600830078,146.55647672881216,144.10301413356098,146.31558749861546,5062300
2021-01-25,146.6724395751953,149.03669335944602,144.29035222945552,146.6010781024276,5370800
2021-01-26,145.02197265625,146.89551808316298,143.55881705996168,146.49404503549655,6554200
2021-01-27,137.0994873046875,143.3981926940857,136.22516626995517,141.3997446146975,9854000
2021-01-28,138.7767791748047,141.82799306974775,136.59988638564576,139.42805820978825,8087400
2021-01-29,139.4280548095703,143.3179089740073,138.06303845863187,142.96996389658,9502100
2021-02-01,144.1565704345703,144.88814143714708,139.61543658582806,140.4005355137874,8265100
2021-02-02,147.01148986816406,147.5467962880043,143.90674802795087,146.77060061789518,6926500
2021-02-03,144.79893493652344,149.50958302852945,144.35285073376977,149.50958302852945,14156700
2021-02-04,132.01416015625,135.41331960577187,129.54284985928834,133.985844710469,46141800
2021-02-05,130.1138153076172,132.84384799534556,129.02536894522248,132.79925047323027,24695400
2021-02-08,131.48777770996094,131.68405583891564,129.63206588110398,131.23797165736565,12181600
2021-02-09,130.3546905517578,132.48697191206904,130.16732924804424,131.63941488177736,11681300
2021-02-10,129.81044006347656,131.81781800260248,128.80228589775993,131.7018318098307,11701300
2021-02-11,129.864013671875,130.76511235428637,128.0529131384171,130.060291784079,11600200
2021-02-12,132.0230712890625,135.07428547410998,129.24842711995836,129.87295586830527,9155200
2021-02-16,131.29150390625,133.5932999924869,130.31011322914574,132.9330904812159,10211900
2021-02-17,129.14134216308594,131.05058149577943,127.95475686746063,130.0959686361356,11937200
2021-02-18,128.39190673828125,129.0967135045654,127.54434981745214,128.06179530422057,8404400
2021-02-19,129.31085205078125,130.1227283232704,128.01721097385337,129.16810188153812,10012500
2021-02-22,124.42179107666016,128.57928480693923,124.08276278280373,126.91093452310159,12763900
2021-02-23,122.3341293334961,123.5474789286313,119.94312450351742,121.67393341560542,14425300
2021-02-24,125.88494110107422,125.95630257877075,120.52300139422871,121.6917395825541,13146200
2021-02-25,120.91558837890625,125.64408386466869,120.46058737234313,124.51102612666628,12701100
2021-02-26,121.50439453125,123.25303665450828,120.17505895558594,122.01292334802162,11772600
2021-03-01,124.44856262207031,124.57346564109392,121.7452937283817,122.67314278207017,9421400
2021-03-02,122.26274871826172,124.99279539438187,122.02187305748777,124.90357311108174,8693200
2021-03-03,118.022705078125,122.0745151607529,117.91512533624267,121.55460340119187,14862700
2021-03-04,114.56249237060547,120.29957558210566,113.46885874618117,118.64120659170084,15831100
2021-03-05,116.31050872802734,117.58342363687433,112.41108263560987,117.35931861042341,13292000
2021-03-08,110.43895721435547,116.32844403051361,110.25070980786508,115.63819670090605,15256100
2021-03-09,115.73681640625,116.46291460379706,113.24476926189203,114.19497251686903,13130200
2021-03-10,114.62525177001953,117.52069198315755,114.41907211779326,117.13522419005119,12492300
2021-03-11,118.09437561035156,119.43900560905549,116.54355916348213,117.43997916261809,11920200
2021-03-12,116.51665496826172,116.83040740510285,114.40111029270953,116.44493973474711,9365700
2021-03-15,118.00474548339844,118.11231152205399,115.7457629236324,116.58840003519592,7807200
2021-03-16,119.80654907226562,121.41114882064316,118.58741710591032,119.12527467394119,10434700
2021-03-17,120.04856872558594,121.55456148805867,116.24774287580631,117.70891190114112,10781500
2021-03-18,116.31050872802734,119.76173160668563,116.22983420129349,118.72188100116489,9579000
2021-03-19,117.44895935058594,118.75772497009459,115.79057677872845,116.34635283537312,17599900
2021-03-22,120.20096588134766,121.50974522352814,118.86530870917244,119.18802048681387,9036900
2021-03-23,118.79360961914062,120.43406023875927,117.79858264259447,120.12030769510656,7425700
2021-03-24,114.00672149658203,119.27766981913686,113.94397235604482,119.21492751774305,10962300
2021-03-25,114.09634399414062,114.41905576245227,111.50569057124147,113.54056793471456,10460800
2021-03-26,119.21491241455078,119.53762419332766,113.88120878803578,113.89913418057115,11071600
2021-03-29,117.67308807373047,119.52867084739792,116.3284577212835,118.81153192376874,9750100
2021-03-30,116.63322448730469,117.64618361842882,115.70095356394903,116.68700750695982,7097300
2021-03-31,118.85636138916016,119.69003936049356,117.04560227578573,117.3952056371093,8361300
2021-04-01,123.5177230834961,124.09143141672786,119.7617342471283,120.56850688882479,14069600
2021-04-05,125.79464721679688,125.94703700808131,123.91215934180272,124.63825750898182,12562800
2021-04-06,123.75975036621094,125.7049802404171,123.38325558523083,125.3643499214072,9100000
2021-04-07,124.98786926269531,125.45401162399862,123.16813724406013,124.00181519174272,6958500
2021-04-08,125.80363464355469,125.83052616107568,124.43211253682522,125.49885499279029,7304900
2021-04-09,126.009765625,126.10835869358118,124.49481364056918,125.40915218973367,6033200
2021-04-12,123.20397186279297,125.40019821402463,121.95794856062841,124.47688667175872,10355500
2021-04-13,123.07846069335938,124.3961991015173,121.68900704849351,124.04659587149271,9225200
2021-04-14,120.79261779785156,123.56255283784846,120.03962813852378,122.88127843344995,9967800
2021-04-15,123.56256103515625,123.69703227642695,121.52769696447386,121.9131510972181,11733200
2021-04-16,123.89421844482422,124.6113435266604,122.49579170736165,123.3653202312864,6583900
2021-04-19,121.24078369140625,122.85434214347309,120.20093339137637,122.71987096013677,8728900
2021-04-20,119.58245086669922,120.81951513690291,119.03563398998611,120.6133423179646,7473700
2021-04-21,122.08344268798828,122.24479172333655,118.77565068051129,119.062511647731,7237900
2021-04-22,119.19696807861328,121.87726879344898,118.74875808017622,121.34837059979769,8345100
2021-04-23,121.40218353271484,122.01175639353632,119.70794986818146,119.88724485437349,7666600
2021-04-26,124.56657409667969,125.22095710251816,121.12430966102193,121.31256394729007,9715400
2021-04-27,123.7149429321289,124.94304786819548,122.79163124983938,124.34244799474504,9284500
2021-04-28,122.4240951538086,123.94800653252518,121.68902413306351,123.85835905448344,13118100
2021-04-29,127.90119171142578,130.24982127818762,126.09939253877013,129.98985183323333,20502100
2021-04-30,124.42311096191406,127.3723270332697,123.93903645450831,126.4579883917878,11374600
2021-05-03,123.19501495361328,125.28367554967335,122.69302185689749,125.22989252906609,7920300
2021-05-04,120.22787475585938,121.91314913566897,118.7039631273209,121.91314913566897,11996300
2021-05-05,120.70295715332031,122.3165160176393,120.21889633316701,121.98484496824324,6285500
2021-05-06,121.91311645507812,122.39717722255806,119.31350400198168,120.55952721861917,8352500
2021-05-07,123.5715103149414,124.32449987994889,122.1730835364188,122.75576478037436,6893700
2021-05-10,115.58441162109375,122.5226945453537,115.47684558452706,121.93106766595149,19537200
2021-05-11,115.07344055175781,115.24376255438695,111.84632965236099,112.2766142972137,11948000
2021-05-12,111.71188354492188,113.96189323731647,110.86924640038693,112.97583242258119,13529600
2021-05-13,113.9439697265625,115.17206099718466,112.83241061735066,113.95293584333044,10633000
2021-05-14,116.66908264160156,117.80754011657294,114.57146267287884,115.30653379667841,9391100
2021-05-17,116.3553466796875,116.38223819188309,114.48182487338663,115.89816361578833,5917400
2021-05-18,115.55752563476562,117.64618624039939,115.44994591477197,117.1083286752894,8651100
2021-05-19,117.12626647949219,117.27865627192175,113.35233142340542,114.01568729482238,8112900
2021-05-20,118.90117645263672,119.47488484157168,117.84340716734197,117.90614946951501,9208400
2021-05-21,117.84339141845703,118.9459843026861,116.97386283417435,118.45295051598688,8674000
2021-05-24,119.14318084716797,120.12027532636311,117.72683566088105,117.72683566088105,8229300
2021-05-25,119.89619445800781,120.38922827367924,119.04459805545858,119.70794020901113,7271400
2021-05-26,119.30455780029297,120.58644576316948,118.52467662514474,120.00376444248512,6663300
2021-05-27,119.79759979248047,120.69402002848476,118.96393553857439,118.98185409492763,7379300
2021-05-28,120.60437774658203,121.59044552012352,120.07549306726791,120.25477438656057,7042200
2021-06-01,120.06651306152344,121.97589229417795,119.6989775295343,121.10636368351368,7059600
2021-06-02,120.57108306884766,121.39097756416476,119.35473507047944,119.9944334266527,6026000
2021-06-03,118.73303985595703,120.18364137673211,118.40868132497367,119.51690057746539,6644000
2021-06-04,121.03958892822266,121.67930102533043,119.11146138995625,119.4087912028584,7416700
2021-06-07,120.12057495117188,120.5260196644899,119.50789163595645,120.46294346006471,5563300
2021-06-08,120.9134292602539,121.98561464990036,119.83223887714412,120.78729061135913,9657900
2021-06-09,119.73314666748047,121.94959896657943,119.64304172719244,121.72435036394303,6717200
2021-06-10,120.93144989013672,121.72432923316343,119.45381986327502,119.87728826256598,5522300
2021-06-11,121.29186248779297,121.31889122011546,120.41789681447604,120.5530542241721,6529900
2021-06-14,123.71551513671875,123.71551513671875,121.44500583471984,121.81441676740998,7912600
2021-06-15,122.15681457519531,123.77860714090392,121.84146105616658,123.56236354944856,5723600
2021-06-16,121.58917236328125,123.48126580424838,120.4268958196572,122.95868748485668,7404700
2021-06-17,121.94962310791016,123.09387633720091,120.814361127111,121.01258103651763,6618300
2021-06-18,119.83224487304688,121.25581755213565,119.14749413736767,121.22878882231163,12753600
2021-06-21,120.69721984863281,121.72435294854075,119.52592434043645,119.87731161808696,6371400
2021-06-22,121.70633697509766,121.91356185768029,120.09354914415701,120.93148116621822,5976400
2021-06-23,122.10274505615234,122.74244327706708,121.46303308715635,121.53511427718978,6613800
2021-06-24,124.26515197753906,124.7967353995774,122.8505978504779,123.09385645156273,7941700
2021-06-25,124.0218734741211,125.66168987873334,123.40920388212321,124.74267174265303,7949200
2021-06-28,125.8869400024414,126.29238473712304,124.31920478051094,124.54445338289892,6645500
2021-06-29,128.49981689453125,128.79714669622243,125.46347016672331,125.80585243801922,6885400
2021-06-30,128.7791290283203,129.409836136346,127.79704838583386,128.25656435014312,6449700
2021-07-01,126.86001586914062,128.8602245622071,126.45457113364525,128.76111462703412,6094100
2021-07-02,128.46377563476562,128.55386682060882,127.26545150358145,127.93219226961794,5399100
2021-07-06,127.2114028930664,129.00437296942434,125.85089253577604,128.842200574774,7095200
2021-07-07,126.1121826171875,128.26555860385378,125.29227444388334,128.15744367922744,5034900
2021-07-08,124.59849548339844,125.12107382626887,122.17483236895865,124.08493588228495,7501100
2021-07-09,127.42759704589844,127.69789804265781,124.16600259642011,124.23808377876126,7356800
2021-07-12,128.3646697998047,128.86021945603306,127.2204030932561,127.400599218771,6786500
2021-07-13,127.20240783691406,128.53588971007412,126.51765690740828,128.3376698032013,5657600
2021-07-14,129.5179443359375,131.8515165204328,128.39170134171195,129.2926957370924,11305700
2021-07-15,127.45468139648438,129.86933993193549,126.7879405518183,129.85131619340822,6667400
2021-07-16,125.8779296875,128.40070292915496,125.71574355163186,127.82406708133625,5914300
2021-07-19,125.04900360107422,125.14811353252017,123.26503858313022,124.62554889189586,9371300
2021-07-20,125.7337646484375,126.51762533577244,123.616422420704,125.25623874143083,6020400
2021-07-21,128.09437561035156,128.13942808116835,125.82386581240735,125.82386581240735,6161900
2021-07-22,128.33763122558594,128.70704219081375,127.4906943777298,127.941191531008,3862600
2021-07-23,130.5360565185547,130.63516643991022,127.96821730494021,129.24762754093254,6310400
2021-07-26,129.292724609375,130.08560425375396,128.15747636699408,129.69816942821916,6253900
2021-07-27,126.97714233398438,128.842207460642,124.5264500570965,128.38270523649135,7575800
2021-07-28,128.33763122558594,128.76109964951402,126.26534157088982,127.2834695366848,9303400
2021-07-29,136.04115295410156,136.5186788987117,131.91459684468552,131.99568304326073,19446900
2021-07-30,134.96896362304688,135.51857075596615,133.67152948972375,134.4283614848011,8404800
2021-08-02,134.12200927734375,137.20340806992098,133.53636849367422,135.14914220820282,10823800
2021-08-03,133.30210876464844,134.77073392623998,132.04972719220046,134.16706937314027,6223400
2021-08-04,133.54541015625,134.42838094499464,132.74352557555542,133.36521400011026,5556400
2021-08-05,132.2930145263672,132.86965041478084,130.2567720527999,132.662425544217,7169200
2021-08-06,131.7974395751953,133.5543756368747,131.47308109087902,131.66229593509743,5733300
2021-08-09,132.3740997314453,133.09489802356802,131.31993790030046,132.25696605640124,4966600
2021-08-10,131.42803955078125,132.8966647196115,128.3015881012597,132.73449233801634,4197100
2021-08-11,132.15785217285156,132.25696210690984,130.10358603790138,131.59924004347772,6216000
2021-08-12,132.58132934570312,133.34718013626002,131.8965785051246,133.13093651645838,5777700
2021-08-13,133.92376708984375,134.52743150787995,132.38306107658764,132.44613726483948,5764000
2021-08-16,133.4643096923828,134.32025165368444,132.1939042429532,133.7075682905497,4410800
2021-08-17,130.1126251220703,132.44619768653052,129.35579300625926,132.40114520980913,7256800
2021-08-18,128.10336303710938,130.33783880081313,127.9231669266383,129.59901687537513,6546500
2021-08-19,126.6888198852539,127.44565186230649,125.20218466260896,126.72485361117316,8661000
2021-08-20,128.02227783203125,128.17544521451114,126.40950407102822,126.68881010661404,6141000
2021-08-23,129.86932373046875,130.29279217048315,128.2565499096244,128.52683721339307,6936900
2021-08-24,130.1576385498047,131.17575272821523,129.5990127526086,130.27475845644003,7066800
2021-08-25,129.6260528564453,131.0316018440677,129.26566061534106,130.15764997198576,5721600
2021-08-26,128.28358459472656,129.52694749402525,127.59882006517327,129.0133878449435,6825100
2021-08-27,130.50901794433594,130.59910911726527,127.86909773724523,128.12137501837654,6274500
2021-08-30,131.49114990234375,133.22105782903694,131.1487675659478,131.17579630323314,5263600
2021-08-31,132.1668701171875,132.9237021101057,130.24774765478176,132.26598005064702,7820500
2021-09-01,132.5651397705078,134.05871231301012,132.35694983262334,132.91816349653377,6451400
2021-09-02,131.3612518310547,132.9634430162806,130.80908502779107,132.7914545970836,6006700
2021-09-03,130.917724609375,132.14878441275988,130.5556400718425,131.3612591761972,5505800
2021-09-07,130.1211395263672,131.03537699520103,129.5508650689151,130.9629600948808,6361200
2021-09-08,129.0077667236328,130.00346808512958,128.07542152112265,129.76812350414576,5981300
2021-09-09,128.15689086914062,129.93105676661415,128.03921166753318,128.96250997620126,6190800
2021-09-10,129.15257263183594,132.15781169190336,129.02584651557473,129.55991940249274,6263300
2021-09-13,129.81338500976562,131.00822939874692,128.5642175835519,130.3655518186748,4312800
2021-09-14,127.75857543945312,131.08062262634184,127.28787255324559,130.7728611981756,6442100
2021-09-15,125.13356018066406,127.63188139735799,124.4818218089851,127.45989296426032,11289100
2021-09-16,125.27835083007812,125.78526907646113,124.30075731375715,124.30075731375715,6719900
2021-09-17,120.93344116210938,124.91627333789422,120.51704750698836,124.74428495452052,14550500
2021-09-20,120.17308807373047,120.49895721235978,118.22693398687643,119.00539838404028,9647100
2021-09-21,119.25883483886719,121.21404941185277,118.83339424718673,120.92438185491743,6175300
2021-09-22,120.3993911743164,120.83389258697467,119.46704600433551,120.01921279732426,5163000
2021-09-23,121.21406555175781,122.34555369899151,120.58948188454703,121.06923175400522,5918900
2021-09-24,121.18690490722656,121.79338086649369,120.20929753923895,120.48990437584354,4554600
2021-09-27,120.8248062133789,121.33171060851514,119.50323601350357,119.87435356644403,4319500
2021-09-28,117.5842514038086,120.15500316103984,117.40321604932778,119.25885951000842,8851700
2021-09-29,117.02301788330078,118.98727946226889,116.66999416748826,118.20881513866821,7037200
2021-09-30,116.75146484375,118.65237038637528,116.49801261301471,117.99158519996621,6976800
2021-10-01,116.50707244873047,117.69286976444376,114.47944080655527,117.49372675440375,6863700
2021-10-04,114.6695327758789,117.48466887631697,113.98158606242554,116.69715756146965,8470300
2021-10-05,115.43893432617188,116.56137543069337,113.77338725141855,114.17166634413287,9244300
2021-10-06,115.91870880126953,116.1088049091501,114.11738139783974,114.55187593490669,8513700
2021-10-07,115.71955108642578,118.32650416615611,115.49325345970227,117.00491994876198,8010600
2021-10-08,114.55186462402344,116.39844723257089,114.24409625189506,116.39844723257089,6920500
2021-10-11,113.09449768066406,115.16738465176272,113.04018155723553,114.1083065705952,6288200
2021-10-12,111.29315948486328,113.57424321287343,110.58711206154508,113.49277248384564,10531500
2021-10-13,113.18502044677734,114.34366317667016,111.80912702548805,113.32984733498624,12373800
2021-10-14,116.46180725097656,117.0411285896711,114.04494348761246,114.19883111355875,10637900
2021-10-15,117.85580444335938,118.10925668722011,116.47991096803587,116.78768624596222,7609700
2021-10-18,117.78337097167969,117.91915781957195,116.08162240406072,117.05922969802538,5290000
2021-10-19,119.93775177001953,120.20931170626086,117.96444293674925,118.5980735799043,7330700
2021-10-20,119.62996673583984,120.39937028958354,118.81528708750551,119.93772815733733,4804100
2021-10-21,120.43559265136719,120.62567491190062,118.94202011519646,119.48513991236949,4579200
2021-10-22,119.14117431640625,121.01492536184129,118.96918590406837,120.29981710129026,5216200
2021-10-25,119.4217758178711,120.54421700818847,118.85151519614423,119.32221812267872,4876300
2021-10-26,119.43083190917969,121.10542597861803,118.64332062617231,120.29980701895809,5802200
2021-10-27,118.7610092163086,119.81103367371061,118.13642546471408,119.43085526232981,5090400
2021-10-28,121.0149154663086,121.14164157891426,119.36746219032467,119.47609443835121,5016700
2021-10-29,120.42654418945312,121.00586558653826,119.89248508210044,120.26361652095025,5251100
2021-11-01,122.02872467041016,122.08303388850321,119.8834276830722,119.8834276830722,6903000
2021-11-02,122.40892028808594,122.86151558556237,121.40415817520375,121.79339731333191,7321900
2021-11-03,125.35076141357422,125.6856912503056,122.23690426020434,122.8795955148106,13216000
2021-11-04,141.3092803955078,144.45029233293636,138.76569746446216,141.49937646557873,48321500
2021-11-05,147.57322692871094,152.56988306099802,141.128274079374,142.1782985224113,27226600
2021-11-08,150.12588500976562,151.80954028544556,145.98915682887406,147.73618208416644,14541400
2021-11-09,150.9314727783203,153.44790132730708,148.79522259154254,150.7232690133089,12353900
2021-11-10,144.64942932128906,150.370225492259,143.95242884282004,149.4378804811099,11327100
2021-11-11,148.83143615722656,149.86335288432323,146.08870975594033,146.45984121525808,7624200
2021-11-12,149.30210876464844,150.27971606705785,148.74994206084617,149.3564179794307,7371000
2021-11-15,152.5336151123047,153.82804444593356,150.0896040225597,150.7141875502729,12350200
2021-11-16,164.5726776123047,166.31064166223115,151.22111814154908,152.17157090019447,33338200
2021-11-17,166.138671875,168.66416131124836,161.69419665385527,163.64939779649447,21678900
2021-11-18,168.65509033203125,170.82754187505608,165.4235538137635,167.67748299403706,15542600
2021-11-19,167.46023559570312,168.9085458608344,165.0162241088906,167.17962876221014,11889100
2021-11-22,164.20155334472656,170.8728168101084,163.82137498715662,163.93905417358698,16062800
2021-11-23,163.7851104736328,164.13813408508602,160.23676668843223,163.24199085042522,10696200
2021-11-24,163.5769805908203,163.64033674323545,160.51743229481403,162.4998016907655,7886200
2021-11-26,159.07818603515625,163.16059028433494,158.462649302826,159.01481606931014,7835900
2021-11-29,166.31973266601562,166.61844723377126,162.0291240729522,162.4636117114545,10440500
2021-11-30,163.44117736816406,169.09861740118984,163.24203437403278,165.8489871611261,19309200
2021-12-01,159.57958984375,166.41234466392996,159.29792223640715,164.35888576497558,10637700
2021-12-02,160.85166931152344,161.6330766138894,155.56355178590965,156.36312135590924,13101400
2021-12-03,160.37916564941406,163.79555705959697,157.83506208564967,161.76934147687265,12111800
2021-12-06,159.41604614257812,160.8062220345186,156.52666530499994,160.71536911121268,8577500
2021-12-07,166.93028259277344,167.89340958399927,162.18732443298217,162.70524019108996,9910100
2021-12-08,165.93984985351562,166.93023382008514,164.2589117445644,166.28511306038462,4799400
2021-12-09,165.60369873046875,170.6737578218553,164.92223939879304,165.15848750694232,9398900
2021-12-10,167.07565307617188,168.59303412524443,164.59513123402496,168.59303412524443,6854800
2021-12-13,166.5668182373047,173.81754071590817,166.376003548565,169.77421863855577,16346800
2021-12-14,165.3492889404297,167.0938231719688,163.01416216508028,164.6405723421271,8542800
2021-12-15,171.98216247558594,172.43646869807307,163.53206396445998,167.1574326110646,11082000
2021-12-16,161.86927795410156,175.0714137478608,160.01571493658383,172.90892587147735,14873000
2021-12-17,160.64268493652344,163.65927107992098,159.02535587456478,159.67046295407286,16232300
2021-12-20,160.52455139160156,160.89708580384558,157.6079133453129,158.36204943833866,6306400
2021-12-21,163.16860961914062,163.68651145599216,158.2984468046219,162.98688991961947,7702400
2021-12-22,164.80413818359375,164.9313433778606,161.39684133966782,162.64163601673098,5227200
2021-12-23,166.03981018066406,166.921165186241,164.80409694655887,164.940383240484,4918900
2021-12-27,169.30172729492188,169.37441794082545,166.29422287531693,166.46686142629756,4865900
2021-12-28,167.92974853515625,169.66518766276099,166.72129239302166,169.5379824827639,5399400
2021-12-29,169.1836395263672,170.26489058642136,167.6935156267472,167.80254468681113,5417200
2021-12-30,166.0307159423828,169.47436420404748,165.64910045332837,168.89285290677552,4108400
2021-12-31,166.15792846679688,168.22956342162925,165.91261312574397,166.5577201009441,4113300
2022-01-03,169.19273376464844,169.80150245448235,165.5855411575836,166.19430984741751,5990200
2022-01-04,170.11949157714844,171.6641298462136,164.46792147929355,169.91051461230995,8484200
2022-01-05,169.45620727539062,175.88918452897425,167.84795949591359,169.45620727539062,17141200
2022-01-06,168.9564666748047,171.2461737189996,166.27606296812868,167.65715764637756,9117700
2022-01-07,163.9227752685547,171.14624146598985,163.6592698942949,169.54708854674098,7386200
2022-01-10,163.2594451904297,163.55020777022952,157.88046224303866,161.97831243311495,11159300
2022-01-11,168.45672607421875,168.68387916432116,161.02428362094352,162.81425108009648,9591000
2022-01-12,169.383544921875,172.1457347565997,168.26595540028023,169.54710238551124,7317500
2022-01-13,167.08474731445312,174.0719794588577,166.53957428424056,171.45517109675922,10190900
2022-01-14,171.4460906982422,172.7181426217572,165.37655213553558,166.09436375720387,9587300
2022-01-18,162.514404296875,169.00189587424902,161.97832634170092,168.883771833022,10471200
2022-01-19,156.7083740234375,164.64965099969837,156.52665432524734,164.06813964689528,10082700
2022-01-20,151.28396606445312,158.9980904062841,151.09315135830303,158.58012259793512,9468500
2022-01-21,149.857421875,156.31765596408707,149.53033475262336,151.04771564905062,11898700
2022-01-24,154.5277099609375,155.20916922758974,144.10592513378998,147.35874516600464,17489100
2022-01-25,150.3299102783203,154.75486184301616,146.4683077974044,150.98411227835084,10708500
2022-01-26,151.7382354736328,158.5982602694069,148.92153214366303,153.1738443951259,10492200
2022-01-27,146.46835327148438,155.78163273460217,145.93227514689985,153.83720225980244,10743000
2022-01-28,151.5656280517578,151.68375209708879,142.99742001059278,147.20428587899937,10320800
2022-01-31,159.6977081298828,159.87034670168524,150.64793652040925,151.7927831367427,11273500
2022-02-01,160.94248962402344,161.2150622030687,157.28986455727025,160.31554496357447,9724600
2022-02-02,171.0008544921875,171.40064617486115,163.7864696666451,164.40433332104766,25646300
2022-02-03,162.7324676513672,174.54442749153074,161.08786775066665,164.27710578067774,36120200
2022-02-04,163.06866455078125,165.7399871597703,160.65175229842694,162.63253449145384,15708400
2022-02-07,159.0889434814453,164.14082626091098,158.49835096089075,163.25038998144674,10376300
2022-02-08,162.26905822753906,162.90508402899832,158.08035520491956,158.3801989108195,10163900
2022-02-09,167.1392364501953,167.18466983986443,162.59617476976422,164.82227222031068,9666900
2022-02-10,158.16217041015625,165.35837910400497,157.5988212827065,163.0050624022061,14362200
2022-02-11,149.59393310546875,159.44328741211055,148.60354899553133,158.73457090552012,13572000
2022-02-14,150.0391845703125,152.51061164665862,147.63135315867257,150.23908042680566,8381700
2022-02-15,157.18994140625,158.0622153895008,152.87403261041368,153.55549189396677,11100000
2022-02-16,156.8264923095703,157.38074638051606,152.88310429554016,155.08194445087403,8340600
2022-02-17,151.5565643310547,155.16375698328238,151.46569753738765,154.35509243122002,8878900
2022-02-18,152.31982421875,154.87302354909158,149.2305467518992,152.16536173184033,9591700
2022-02-22,150.72972106933594,154.42778045197963,148.6490046274804,149.0669585968173,9835500
2022-02-23,146.8499298095703,153.70087498366522,146.577357184449,151.42024901510172,9749000
2022-02-24,152.6287078857422,152.97398503617157,141.5527204522525,142.55219964332437,12567000
2022-02-25,155.3091583251953,155.45453968104837,150.46626495426233,152.2925714450552,7350200
2022-02-28,156.27224731445312,157.18085968914525,152.82859865034825,152.91946543354732,10638900
2022-03-01,148.73074340820312,156.13592779892568,146.9407761426389,155.33635843598086,10723300
2022-03-02,154.42416381835938,155.55554822847478,149.9533959590999,150.77455285662563,7299400
2022-03-03,150.86578369140625,155.86574631338019,150.09023587032493,155.71975854811507,8553900
2022-03-04,148.04647827148438,151.52274475045914,145.8840880181959,149.49720935288676,9057300
2022-03-07,136.95164489746094,148.86762141496186,136.86039906255533,148.1012065215299,13416100
2022-03-08,137.55380249023438,144.46981544284318,134.92609263117836,137.46257058914986,11878400
2022-03-09,143.34759521484375,144.59758251509183,140.66512892839407,142.3439466307432,9276800
2022-03-10,141.15780639648438,141.6961205663792,137.16147872255968,140.5464844288621,8888800
2022-03-11,138.99542236328125,144.45160046990367,138.70346074219358,144.11400200775336,7394400
2022-03-14,128.91339111328125,138.03741951154245,128.16522802414832,137.59035103021165,16154200
2022-03-15,131.5775909423828,131.7783067149521,126.86958997500655,130.01737630102042,13893000
2022-03-16,137.2709503173828,138.28371762696443,130.99363072269827,134.09579358551488,11727700
2022-03-17,139.44253540039062,139.5429002752139,133.7400173358037,136.12138943646173,8602900
2022-03-18,140.50086975097656,142.3621647750912,135.9570951552962,139.15963692627253,18454200
2022-03-21,141.9607391357422,143.89504241379802,139.42426062944804,140.50090310338868,8986400
2022-03-22,143.80377197265625,145.9296716662754,141.21255197268385,141.8329790478215,7220500
2022-03-23,139.47897338867188,143.43881103722921,139.2143827748735,142.4351626631842,7245600
2022-03-24,144.57933044433594,144.67056235629232,140.1359200594868,140.78373206852743,9261000
2022-03-25,144.13223266601562,144.579314929753,141.58662174223633,144.13223266601562,7198700
2022-03-28,144.5701904296875,144.61581334451188,140.5556245240031,142.79100812880824,9470800
2022-03-29,146.9607391357422,147.1705879007526,142.9279061389557,147.0884749825524,10212400
2022-03-30,139.35122680664062,146.23074929901216,138.49356624829898,145.42783066189966,14777800
2022-03-31,139.43338012695312,141.55014704258528,137.80017158152313,139.497241073146,13364200
2022-04-01,134.11407470703125,139.47899298883596,130.07212360228533,138.63046518057948,19762100
2022-04-04,140.33665466308594,140.62863020473716,133.81298103834737,134.79837760818012,12116000
2022-04-05,132.71812438964844,138.69435190603994,132.5447656209905,138.51187412088095,15946100
2022-04-06,127.07947540283203,130.4736153207534,125.41890935645654,130.38236946145392,21054200
2022-04-07,127.02471923828125,129.09587749751685,124.92619000875212,127.54478159602016,10201200
2022-04-08,124.7163314819336,127.69989230940811,124.41523691015536,126.4042681803645,12992500
2022-04-11,123.50282287597656,125.55572883207846,121.97911212588451,122.52654536088264,11210400
2022-04-12,124.16888427734375,127.88237007386114,123.63057000755933,125.83858294515312,10591300
2022-04-13,128.19256591796875,130.09948401984317,124.52470355008288,125.49184808319971,10440800
2022-04-14,124.91705322265625,129.159720080556,124.70719058404397,128.6943997295982,8002600
2022-04-18,127.1159439086914,128.05571752462606,123.68530103375213,123.74004296521868,8785700
2022-04-19,128.6944122314453,129.0137448445183,125.49186962995394,126.66887698812708,7213800
2022-04-20,128.0465850830078,132.12502605894917,127.79111345373647,130.66519016627856,7731600
2022-04-21,124.1871337890625,131.05752510228464,123.4115859143622,129.8713987912797,8576500
2022-04-22,121.1761703491211,125.30023342996587,121.03018261195774,124.20535324555455,8315100
2022-04-25,124.59771728515625,124.82581797260627,119.44264731765011,119.81673578638681,9673200
2022-04-26,121.8057632446289,124.40611656815379,121.01197733250814,123.1926192786529,9262800
2022-04-27,123.26560974121094,126.01193684291765,119.21453954530689,119.36052731791756,13855900
2022-04-28,135.20896911621094,137.95529645010555,126.94260222295708,130.35497968272858,31111100
2022-04-29,127.45353698730469,134.579399936033,127.29843019702072,133.0374371261694,13693100
2022-05-02,132.54473876953125,132.90057525126136,126.96995794098653,128.28382000342376,13320900
2022-05-03,131.62319946289062,132.92794247393064,130.25459550675376,132.0337917874592,7556800
2022-05-04,135.99363708496094,136.4042155513521,128.0557356868062,131.91519554634158,11038100
2022-05-05,129.23272705078125,134.10495447354714,126.98821012359802,134.10495447354714,14561400
2022-05-06,128.2655792236328,131.47724077574645,125.80209460307832,128.87688739050722,10080600
2022-05-09,123.10138702392578,127.83675989574166,122.31672004043581,125.90247036897378,11668100
2022-05-10,124.82581329345703,127.55390242507374,122.83678205608983,127.28017882596214,8841200
2022-05-11,120.71087646484375,126.17615956785615,120.33678802746363,123.20173186480619,11530900
2022-05-12,120.22731018066406,121.40430356242172,116.623315263971,119.52475618883008,10749800
2022-05-13,123.1104736328125,124.0776320637658,120.89334204251789,122.52653653756894,9280700
2022-05-16,122.17987060546875,124.06853729049632,120.43717779753383,122.24373156629126,6378800
2022-05-17,127.45353698730469,127.73637960030253,124.72544786814902,125.22727214386802,9094100
2022-05-18,119.02294921875,125.25466236646383,118.5028868328103,124.8440838676351,11992700
2022-05-19,119.13241577148438,121.70538389866577,118.13788634322954,119.02291799093948,8419500
2022-05-20,120.07221221923828,121.61416123312652,114.83501521506294,121.24008667166959,11370100
2022-05-23,120.5466537475586,120.82949638863833,116.9244135097732,118.56674133783842,10023400
2022-05-24,117.27112579345703,118.92257256382679,115.0083708436895,118.92257256382679,9157100
2022-05-25,119.73461151123047,120.50104041824798,116.10325238779767,116.60507669532062,9766000
2022-05-26,123.02837371826172,124.08676416569932,118.48461228157547,118.6214671143648,7932800
2022-05-27,127.51740264892578,127.86412014717088,124.17801918255216,124.17801918255216,9180800
2022-05-31,130.67428588867188,131.35858775699455,125.40060060390431,127.2801475080188,16007300
2022-06-01,128.42715454101562,131.9950843905728,126.73031828542102,130.7476839961147,8514300
2022-06-02,134.09548950195312,134.14135259252782,128.1336516089519,128.64728463430765,9589500
2022-06-03,129.52780151367188,131.56399946714694,128.96830542743865,130.4083112259884,7458900
2022-06-06,128.81236267089844,132.96730311175304,128.33541181807715,132.9489550801779,7238700
2022-06-07,130.142333984375,130.38080246057694,127.02383977671776,127.61085094505736,6062800
2022-06-08,127.45491790771484,130.0230828260591,126.06992826019797,129.096710051617,6773000
2022-06-09,125.3912124633789,128.81238621650627,125.37286442844994,126.36344838286416,7153200
2022-06-10,122.17181396484375,124.7950232029264,121.45639453586215,123.59348580285345,8544700
2022-06-13,118.00770568847656,120.47499161550347,116.11825691635245,119.77790622618713,12320900
2022-06-14,119.47523498535156,121.00696715235529,118.15447025117177,119.42938588690848,6794700
2022-06-15,120.18147277832031,122.24518579267124,117.59495974463428,120.76848392036214,7860000
2022-06-16,110.8167953491211,116.16410640216577,109.17499626261414,115.80639672944505,16422800
2022-06-17,110.97274017333984,112.66040267259339,108.56049116918025,111.3671389912856,17273400
2022-06-21,114.09123229980469,115.67800146005744,113.47670607495816,113.52256216768879,9208500
2022-06-22,112.04588317871094,113.42169211559457,110.39490965536015,111.71568847404079,9081000
2022-06-23,110.14726257324219,112.752131190387,108.44126589154172,112.58703383438679,7908900
2022-06-24,114.74244689941406,114.99009639000836,111.67898281372959,112.2476459446608,8128000
2022-06-27,116.65023803710938,119.2734402796991,115.0543018481981,115.75137324241557,9947300
2022-06-28,120.70428466796875,125.1527242455356,116.1182488302065,119.03496345237939,27081900
2022-06-29,119.44770050048828,120.67676683787992,116.39341068157098,119.31012523663239,9973300
2022-06-30,117.16386413574219,119.31929631474348,114.95340184932653,117.04462990376948,9277900
2022-07-01,113.30243682861328,116.26501478475029,111.99083219133362,115.33863492262893,7672800
2022-07-05,115.41201782226562,115.72386446326642,110.39490052762216,111.07363092100223,8113100
2022-07-06,116.54016876220703,117.61329788766197,114.70575712988405,115.62296294604555,6038400
2022-07-07,123.27246856689453,123.55681415485334,119.47523666359197,119.83294640827079,9408100
2022-07-08,124.74916076660156,125.09770346296706,120.72262770474624,121.54812135475132,8393200
2022-07-11,121.2912826538086,123.45588859151864,120.44745511815185,122.5295019091477,5887200
2022-07-12,121.94252014160156,124.14382267243873,121.03449526859416,122.66712063135319,5991300
2022-07-13,124.40979766845703,125.45541175019191,119.71370831827235,119.74122337341404,7200200
2022-07-14,130.1514892578125,130.56424303828157,122.76799422731658,123.76774512769728,10718700
2022-07-15,132.4169921875,133.43509114933576,130.2707340502622,131.85749610945604,11880500
2022-07-18,129.95892333984375,134.30647092179464,129.16095858021038,133.88456398963686,7856600
2022-07-19,135.16860961914062,136.17754156262438,131.32551521002887,132.20603890574645,9686500
2022-07-20,139.14930725097656,139.7179704059281,134.48071878460564,135.22365329231994,8517400
2022-07-21,142.95567321777344,143.01070331752067,138.158691585356,140.22240429856274,8060400
2022-07-22,140.97451782226562,143.68945293952925,139.73629848473442,142.77224721004742,7200100
2022-07-25,140.561767578125,141.28635389247202,139.11258095398327,140.14902782967684,4928900
2022-07-26,137.5533447265625,140.0573124558125,137.4065884505573,139.9839343178099,5941800
2022-07-27,140.71771240234375,141.98346088709863,138.0853362302896,138.98419399713373,12863000
2022-07-28,134.32479858398438,137.57171524285098,131.16044109101855,137.3790958496839,17051000
2022-07-29,133.04991149902344,133.27921301863307,129.02337737449636,132.62800454039598,11749400
2022-08-01,135.22364807128906,137.08558877198206,132.14184993470806,132.36197037563514,7611400
2022-08-02,134.85678100585938,137.03055448852987,132.84809786571773,133.627728471085,5946400
2022-08-03,136.81040954589844,137.8927055855291,134.45318411059466,135.43460095592468,6890200
2022-08-04,138.5072479248047,138.6448371971459,135.48047986960248,136.37015665258076,6254700
2022-08-05,137.7734832763672,138.75488616128374,135.4437728100583,136.2692663907812,5041300
2022-08-08,135.57220458984375,138.67236507327573,134.4165301707631,137.40661642705527,5553300
2022-08-09,130.7110137939453,134.3706705419488,129.61036946231667,133.5360097755784,6770800
2022-08-10,134.82009887695312,134.99435623996135,131.7933166393477,133.77448472164775,6840000
2022-08-11,135.59054565429688,139.08509778520772,134.84761113770335,136.03080055386138,6243200
2022-08-12,138.7640380859375,138.92914238230193,134.9943222650807,135.74643762378415,4967500
2022-08-15,139.5345458984375,140.05734601322555,136.11335762217078,137.87440536527834,4502900
2022-08-16,137.60838317871094,139.86471557395421,136.52608706727895,138.91081371750434,5270800
2022-08-17,136.2325897216797,137.24152179885732,134.24225461983946,135.95742515559024,5169600
2022-08-18,138.84666442871094,140.24998864745316,135.52636881707605,135.8107144653476,7808200
2022-08-19,135.3795928955078,137.9294241111466,134.73753758594833,136.92965906976588,5400300
2022-08-22,129.88555908203125,133.7378219830554,129.4177889996667,133.27005190069082,6736800
2022-08-23,129.06922912597656,131.71995389971676,128.92247280742453,130.32579686437796,4499300
2022-08-24,129.61032104492188,129.97721168204328,127.1338687250011,128.63808534858197,5113100
2022-08-25,134.14137268066406,134.8292771559495,130.26159535878074,130.55509399060065,5618800
2022-08-26,126.92293548583984,135.15943915813537,126.62025591050211,134.05879506310205,7918600
2022-08-29,125.73056030273438,127.61083480577595,124.84086964513101,126.40011655175752,6852300
2022-08-30,123.28165435791016,126.84958492216109,121.93336049987259,126.39098194991571,6147400
2022-08-31,121.99958038330078,123.75204466556124,121.10489724975143,123.40154617951573,8701100
2022-09-01,119.83203125,120.02573146131095,116.29020114187747,119.88737014637977,8716300
2022-09-02,118.50384521484375,122.36850444023159,117.65528260403984,121.41848249150644,6121400
2022-09-06,116.83438110351562,119.46309116950444,116.4100998283958,118.83588419603437,6674200
2022-09-07,118.61454010009766,119.7029093218426,116.55769087731119,117.5722772453216,5340100
2022-09-08,118.84512329101562,119.72135533674195,116.12417923877682,117.57227235837155,6618800
2022-09-09,121.79663848876953,122.31315358625046,120.19174022961303,120.53300611745276,5097300
2022-09-12,122.67289733886719,123.79816865090183,122.0457043185116,122.67289733886719,7081300
2022-09-13,115.22949981689453,119.81358589886611,114.82366245903332,118.41162021132317,9610900
2022-09-14,117.62760925292969,117.96888219979752,115.75523486666238,116.46544317156032,7509300
2022-09-15,115.27562713623047,118.1349186918971,114.5838627096825,116.86206764337417,7459600
2022-09-16,115.24794006347656,115.97659937029113,113.49547597343177,114.4823928498533,13818500
2022-09-19,116.8159408569336,117.30478653644936,113.82752084690023,114.02121401970888,5922700
2022-09-20,115.0819091796875,116.72370241023712,114.27024157753205,115.9765921594786,5672700
2022-09-21,114.94356536865234,119.71211883070455,114.83288054083847,115.6998940995702,8123700
2022-09-22,114.07654571533203,115.44163037080979,112.96050014988278,115.06346250705926,8753000
2022-09-23,111.77991485595703,113.15421827201844,109.80608083707946,112.84061472594873,10681300
2022-09-26,110.44248962402344,113.61538456906821,110.3041353375609,112.10272698759137,6424600
2022-09-27,110.99590301513672,113.15421165159825,109.52936583144425,112.12117425738683,5544400
2022-09-28,109.69537353515625,111.09734611655291,108.63466684530857,109.37255159572187,11321200
2022-09-29,105.92295837402344,108.34874996762446,104.65011444950801,108.17350073970893,12125800
2022-09-30,104.20738220214844,107.25114104465024,104.15203627036392,104.92681598243085,7568100
2022-10-03,108.11817169189453,109.13275813317875,104.84381718362216,106.0613223205616,7481700
2022-10-04,112.86829376220703,112.9420766244249,110.97746805765597,111.05125795686594,6637200
2022-10-05,115.1926040649414,115.81057855590734,111.1711465704612,111.49396854059331,7070300
2022-10-06,115.55231475830078,117.33245528288819,114.74064712895692,114.84210646224875,6238600
2022-10-07,111.52165222167969,114.4731776204349,110.97746054807041,113.09887426635747,8618500
2022-10-10,105.70160675048828,111.64155975744602,104.64089985110412,111.22649686447384,9512600
2022-10-11,101.48644256591797,103.75542882937616,100.21359867285342,103.30347808311998,10758800
2022-10-12,100.20437622070312,102.1966610219927,99.96456259751282,101.75392872048684,6987900
2022-10-13,104.0967025756836,106.25500402434803,96.53341497311035,97.19750285478254,10455000
2022-10-14,101.41265106201172,106.06130834609694,101.26507832633756,105.7292608945915,7989800
2022-10-17,102.92530822753906,105.59091332635157,102.02140675223828,105.0743911606174,7886400
2022-10-18,102.57482147216797,107.07589917358762,101.03449447415858,106.02441787843225,8908900
2022-10-19,104.08748626708984,104.84381509410004,102.15054727469709,102.25200662050261,5620200
2022-10-20,103.2850341796875,107.07589641214642,103.04522056366395,104.38262884969758,7736400
2022-10-21,106.75308990478516,106.98367805899966,102.39958442729676,103.07290493387957,7490100
2022-10-24,107.34336853027344,107.93367349644892,105.36953498018846,107.30647359026368,6525700
2022-10-25,109.91674041748047,110.62695574882966,107.20502898384848,107.51862544091847,6205100
2022-10-26,108.9390640258789,111.36484878328645,107.14047930572774,108.87449962661685,7342300
2022-10-27,105.79383850097656,111.23572015042429,105.4986859557688,110.05510996959326,8937200
2022-10-28,109.95364379882812,110.17500643474843,103.60786095217958,105.30498622255404,9418700
2022-10-31,108.52398681640625,109.18807463366878,106.43946842099923,108.95748653355265,6870800
2022-11-01,108.2196273803711,111.26338660130176,107.68466120754984,110.4424933871757,5749100
2022-11-02,103.7646484375,109.56624607013332,103.53406032986112,109.49245618681114,13936300
2022-11-03,95.81396484375,98.23053066670761,94.01538047732474,96.27514104406319,24706100
2022-11-04,98.4057846069336,99.15288783553173,96.22903227381754,98.33199472245728,11977900
2022-11-07,101.54179382324219,101.7170430681597,98.00918873189897,99.13446002391102,7570800
2022-11-08,103.80154418945312,105.96907101078062,101.38497826921684,102.9068611989117,9383600
2022-11-09,101.85539245605469,104.69624000111023,101.70781267018563,102.80541445736426,9581300
2022-11-10,111.30949401855469,111.60464652126353,105.63702504003447,106.9098759255213,11673200
2022-11-11,112.00126647949219,112.67458691353124,109.75072408499543,109.75072408499543,9433800
2022-11-14,111.42017364501953,113.64303928794376,110.9221025005118,111.36482771541395,6971000
2022-11-15,116.23485565185547,118.18102697152123,113.83674062737663,115.89358974022407,12470200
2022-11-16,111.35562133789062,114.2241311624707,110.64540596632952,113.63382612057094,9561700
2022-11-17,113.32024383544922,113.56005748780967,109.49247904223905,109.7138417014222,7273700
2022-11-18,114.23336791992188,114.82367302001853,112.64692032454019,114.40861716547903,6436600
2022-11-21,110.86676788330078,112.98818145188778,110.77453404053419,111.68766104680826,8204200
2022-11-22,114.04888153076172,114.17801031044114,110.70996313778816,111.45706636836054,7010200
2022-11-23,115.43243408203125,117.17568000532881,113.71685761196187,113.94744577151967,5481500
2022-11-25,113.86441802978516,115.6261147555617,113.81830462506846,115.16493848644635,3153800
2022-11-28,110.25801086425781,113.86440522390751,109.62158543261761,112.67457677595762,7087500
2022-11-29,109.1880874633789,111.94592653144963,109.13274856468558,110.81142984929807,6277600
2022-11-30,117.41224670410156,117.51435294979942,109.59652278160588,110.2277218087112,12776700
2022-12-01,117.70928192138672,118.99952585464665,116.66038066885329,117.62574430990017,7924800
2022-12-02,116.64181518554688,116.79032885047185,114.28410144429385,114.831755763877,6122200
2022-12-05,114.45118713378906,116.46545201916531,113.64362148341213,115.63932481582005,6091600
2022-12-06,111.18379974365234,114.17271253832213,110.06063813679762,114.005630236699,5968000
2022-12-07,109.72647094726562,111.68504401607183,109.30876874398271,109.99565948697243,5427100
2022-12-08,113.01240539550781,113.56934396465819,109.69861276492618,110.44120224503212,7347600
2022-12-09,110.50617980957031,112.6875266997551,110.32052889606759,111.76857769395589,6036000
2022-12-12,112.51117706298828,112.54830725128605,107.73077331800509,107.73077331800509,9008400
2022-12-13,114.62754821777344,118.7674686076871,113.07740003617293,117.86708809847926,9712700
2022-12-14,112.97527313232422,117.49577181434636,111.4808169654859,115.31442499427028,9444100
2022-12-15,108.2691421508789,111.87068515819661,107.74933371815601,111.62006525866487,10207800
2022-12-16,106.31056213378906,108.28770365874335,105.21524652130033,107.74932662778859,12733900
2022-12-19,104.52835845947266,106.89535634262859,103.5073031874311,105.8278865701885,7720200
2022-12-20,104.05496215820312,104.6861611500476,103.12672876324706,103.40520161447739,6260200
2022-12-21,106.36626434326172,106.70971325859834,104.60262650834876,104.66760256456283,5843800
2022-12-22,102.73687744140625,104.50979962956622,99.67370425609813,104.49123807678082,12051400
2022-12-23,102.88539123535156,102.95965161030244,100.44413983417927,101.82720567880851,5356700
2022-12-27,101.60443115234375,102.74616139573857,101.07533837658984,101.87361969886544,6158100
2022-12-28,99.29313659667969,102.35630283489525,99.15390015815638,101.05678162696955,5395600
2022-12-29,101.95714569091797,102.71830382102026,100.35130599392119,100.57408001046964,6668600
2022-12-30,102.04997253417969,102.1613559991723,99.52517679376095,100.22135177739737,5642300
2023-01-03,99.50659942626953,103.72077914042002,99.44162338344186,103.35876874725766,8110400
2023-01-04,103.52586364746094,104.17563123690047,101.00106782053128,101.92002392935682,7614200
2023-01-05,101.5487289428711,102.95964050546657,101.29810197490833,102.04069148060597,7546000
2023-01-06,107.06243896484375,107.65651486729676,102.15209041877768,102.99677914605465,10259300
2023-01-09,106.38481903076172,110.32052623803658,105.39160968349151,108.35267617532818,10291800
2023-01-10,108.51976013183594,108.57545186447763,105.55869359417767,105.83715933924431,6384800
2023-01-11,109.89354705810547,109.9956532943789,106.90463450215663,109.01172819777159,7374400
2023-01-12,112.86390686035156,113.59721216864266,109.20667171859357,110.68255957115423,9527600
2023-01-13,111.61078643798828,112.70610217649113,111.12810816695645,111.22093009424806,8040400
2023-01-17,111.64791107177734,112.61327464768178,110.47833501687366,111.14666419110434,6179500
2023-01-18,113.28160858154297,115.09166093625309,112.32552928229306,112.8917522408145,10960400
2023-01-19,109.14167785644531,112.40905609841312,108.99315712269942,112.37192591497664,8716200
2023-01-20,114.07987976074219,114.13557149536655,108.91889753584574,109.92139125023482,8895000
2023-01-23,121.62638854980469,122.58246756150946,116.7902946866006,117.45862368790871,13419500
2023-01-24,121.32008361816406,123.42717707324354,120.80955249507667,121.18085429537452,7952400
2023-01-25,121.75637817382812,122.09982001296521,118.53540701587013,119.23158209328956,6880300
2023-01-26,124.34616088867188,125.1722881038819,121.74710436050728,124.76386311412078,7413600
2023-01-27,123.8263168334961,125.20938955254998,121.9884188611958,122.05340199092595,6581900
2023-01-30,122.18336486816406,122.89809437596668,120.80956926196916,121.6449878057986,9854300
2023-01-31,123.6500015258789,124.0491351670225,121.89564062477994,121.89564062477994,7125100
2023-02-01,128.52320861816406,129.8969901465557,123.15800629249904,123.15800629249904,10500600
2023-02-02,126.10053253173828,129.17298329408405,125.12588447846016,128.52322264647194,17673200
2023-02-03,125.33007049560547,128.46748957758422,119.34296823934734,121.74708920912721,13187300
2023-02-06,123.39005279541016,125.20011916443597,122.39685047299632,122.77742954695579,6830500
2023-02-07,126.82450866699219,127.52068357807286,122.83310301072002,123.59424688170319,7664200
2023-02-08,122.68460845947266,126.49964835229797,122.30402936096543,125.59926080886275,7151700
2023-02-09,121.16231536865234,125.52500990477567,120.5960923776336,124.28118043719971,5717500
2023-02-10,119.73282623291016,120.61464509236981,118.46114397994825,120.01128491000064,5319200
2023-02-13,121.45006561279297,121.99771996890497,119.1758964103823,120.16911303656545,5550400
2023-02-14,122.84239196777344,123.34364588327054,119.14802738622905,119.92773996176211,5579900
2023-02-15,123.52001190185547,123.7613474606681,120.94880169767376,121.22727452012903,3501100
2023-02-16,120.81885528564453,123.0744555098312,120.6239200516413,121.36650955854786,5788400
2023-02-17,118.55396270751953,120.49396697883935,117.84850338983127,120.20621691111552,6022500
2023-02-21,114.82245635986328,118.46113627752422,114.68322703037083,116.45614895053608,8164400
2023-02-22,115.05453491210938,116.00133701025999,114.09845557826698,115.39798384290664,5517800
2023-02-23,117.14305114746094,118.09913748924615,114.79462180060654,117.52363023718011,6440200
2023-02-24,115.41653442382812,115.75998332197469,114.33978739162205,115.32371250271946,7357200
2023-02-27,114.56256103515625,117.51434344042599,114.20983490338062,117.42152151962804,7787200
2023-02-28,114.6646728515625,116.12199903275763,114.09844990072946,114.74821754164651,6491800
2023-03-01,115.50518035888672,117.17686840934273,114.8514507861354,115.5985692799772,5530600
2023-03-02,115.59856414794922,116.0468409244473,112.87156787251239,114.0856451681432,5258900
2023-03-03,115.43047332763672,116.00015504327015,113.62803925401843,115.79469512941962,7052100
2023-03-06,114.31912231445312,116.89669065180186,113.96423445089057,116.06551716890701,7031300
2023-03-07,111.31196594238281,114.40318440001045,110.46211029535438,114.38450946414018,8879700
2023-03-08,113.18910217285156,113.70275195163316,111.46138211031447,111.64816708674338,7633900
2023-03-09,109.47218322753906,113.86152738151243,109.21069135455262,113.2638296360808,8055500
2023-03-10,107.57633209228516,110.41539920851316,106.9599524444653,109.7710035994501,6884500
2023-03-13,106.8665771484375,108.55694019325166,105.79258670486149,106.24086351722232,7673700
2023-03-14,108.8464584350586,109.32274410161301,106.39028760995852,108.71571251187287,8312100
2023-03-15,107.85652160644531,108.50091735158871,105.66184963582032,107.63238674405062,8596900
2023-03-16,112.54470825195312,112.84355707492462,108.24875374981853,109.26670510380592,11207800
2023-03-17,112.75017547607422,114.74872844544839,111.27460619958498,112.79686637715699,12304100
2023-03-20,113.76811218261719,113.95489001302926,111.89096434897058,112.78751076016005,5945000
2023-03-21,115.61724090576172,116.80329505932689,114.0762989089133,114.86077432542243,6900600
2023-03-22,113.90818786621094,117.89595186505181,113.8147989602298,115.80401044558366,7072700
2023-03-23,115.94410705566406,118.60573028668027,114.02960226004471,115.7479881991805,7353800
2023-03-24,116.51380920410156,116.67257109799695,114.16970929231007,115.45849362970816,6987200
2023-03-27,115.43047332763672,117.72787512546672,115.16898148277909,117.42902628489823,4818000
2023-03-28,113.3198471069336,115.5051849988515,112.26453871849422,115.4304710089306,5272100
2023-03-29,116.82199096679688,117.63448961559176,115.10361186489511,115.26237375743892,6410100
2023-03-30,118.97930145263672,119.71708603623654,118.07341396232911,118.68045263239154,8156400
2023-03-31,119.14739227294922,119.51161401301619,117.94265608460573,118.27886186391633,6222400
2023-04-03,116.4951171875,119.13806572522248,115.43980882841021,118.59640000103775,6367800
2023-04-04,114.2164077758789,116.94340445001582,113.75878990324514,116.67257156369747,6962700
2023-04-05,114.90748596191406,115.07558887467596,113.2357978642036,113.39455974705702,6920900
2023-04-06,114.87012481689453,115.66394132759746,113.04901593203971,114.25374511733264,5260600
2023-04-10,116.07485961914062,116.34569247223664,113.6373710663943,114.02026777241431,5243700
2023-04-11,115.40245056152344,116.97140866332971,115.0288877515471,116.97140866332971,5001400
2023-04-12,112.32056427001953,116.27097898005644,112.2085004166202,116.18693109000694,5288300
2023-04-13,113.12373352050781,113.61870838305596,111.24659253045816,112.11512310985374,6077100
2023-04-14,112.21784973144531,113.86151478701291,110.91038338601598,112.8809203717797,4833100
2023-04-17,111.48938751220703,111.9189822296132,110.3593652310721,111.25591165763078,6370200
2023-04-18,110.53680419921875,112.81553071764148,109.64959884169767,112.38592889440005,4829900
2023-04-19,110.70492553710938,110.84501249193157,108.75306345018863,109.50018912582804,4241900
2023-04-20,110.79830932617188,111.97502971693312,109.3787791584407,109.53754104148678,5125000
2023-04-21,109.9764633178711,110.37804205369797,108.84644109033903,110.07919325902104,4980700
2023-04-24,109.59357452392578,110.04185133989385,108.86513093245617,110.03251030984165,4097900
2023-04-25,106.51168823242188,109.11727251222473,106.16614140090446,109.02388359495771,7045200
2023-04-26,106.61441802978516,107.4922824010081,105.72720550419562,106.73582290955065,4671100
2023-04-27,106.39028930664062,106.7545111163406,104.7372831799345,106.35293231011774,6945700
2023-04-28,109.07992553710938,109.17331445685213,106.21284223778805,107.49228540101122,8652500
2023-05-01,108.1833724975586,109.80836963469329,107.87518977338013,109.46282279228969,6208500
2023-05-02,108.43553161621094,109.32273705566415,106.87591454364382,108.45420655041167,7081200
2023-05-03,105.37232971191406,109.09860254385545,105.1575287798185,108.94918169445167,11491700
2023-05-04,99.53544616699219,100.03975495976927,96.65902140453872,97.153989166398,22117500
2023-05-05,101.59001922607422,102.04762993539292,98.77896776145171,101.05769452846566,10745600
2023-05-08,101.15108489990234,101.63671870562331,99.80626871701564,101.21645785931268,6694400
2023-05-09,98.7789535522461,100.32923652322329,98.34002496569812,99.92765780032943,7804100
2023-05-10,99.42337036132812,100.37595596552819,98.19061796921874,99.92767912970724,7980100
2023-05-11,97.1819839477539,99.4700515157139,96.82710322655207,99.2645916310275,10630500
2023-05-12,96.77108001708984,97.81704734223234,95.82783551842267,97.56489654066921,7635900
2023-05-15,99.25526428222656,99.3673352688976,96.0893319412329,96.90183056308163,7444900
2023-05-16,96.92984771728516,99.4420504796384,96.8644747555382,98.68558377928818,7027000
2023-05-17,97.88243103027344,98.48012874591033,96.73373362761328,97.30341537612951,9504700
2023-05-18,99.89032745361328,100.0397554485524,97.8824333036124,97.8824333036124,9142000
2023-05-19,98.863037109375,100.03975765758803,98.54550617567727,99.88098862817961,5783200
2023-05-22,98.32137298583984,98.87237983237465,96.42554975774063,96.81778757215028,7912400
2023-05-23,96.71504211425781,98.65756306279654,96.63099422110973,97.19133488411795,7452500
2023-05-24,96.21072387695312,96.32279484853238,94.8659078435891,95.33285953749322,8193700
2023-05-25,97.14462280273438,97.22867780883736,94.76317354827805,95.1927682319237,11677400
2023-05-26,103.05624389648438,103.92477438673606,97.89175897734656,98.00382995596924,15969900
2023-05-30,108.33280944824219,108.9772051637912,105.16687705247975,106.93195415365284,18291800
2023-05-31,106.64949798583984,107.20432393785188,104.94738936739873,106.79055056713293,14924000
2023-06-01,108.92524719238281,109.61172706646201,105.61507427142153,107.73094928056061,8616500
2023-06-02,108.72775268554688,110.4016435561444,107.8531908383182,110.25117790842478,7873400
2023-06-05,106.0100326538086,109.00986804914785,105.9253939309598,108.54907954571782,7769300
2023-06-06,109.42365264892578,109.82802016169374,105.54924780972105,105.86898376555051,7594500
2023-06-07,108.31399536132812,110.17596856718062,107.66512471503744,109.67755641628314,7555400
2023-06-08,109.41425323486328,109.68696689215575,107.29837809084083,108.70896152018913,5793400
2023-06-09,112.00973510742188,113.64600996939485,110.38285896980021,110.4863023344547,13807000
2023-06-12,114.85909271240234,115.01895709381222,112.63036857159165,113.82466642000068,9675100
2023-06-13,117.01258087158203,117.92475917267247,115.43272737088662,116.87152111400975,8873200
2023-06-14,116.04399871826172,117.01259819594868,114.25725826520306,116.93736535749186,7324600
2023-06-15,116.24149322509766,117.25711514005397,113.82469360824372,114.33250456572188,8132600
2023-06-16,115.36691284179688,117.52981022480915,114.82148554700622,117.16305194585829,12905700
2023-06-20,112.6773910522461,115.07538547537366,111.63355886096444,114.67101798528621,8667400
2023-06-21,108.85942840576172,111.92509126055717,108.77478966826945,111.53953551637669,7925400
2023-06-22,109.46127319335938,109.7245809465608,108.06009569262422,109.0945220836005,7283000
2023-06-23,106.66830444335938,108.40802233039437,106.29214747936868,107.2889573355363,11958500
2023-06-26,109.67755126953125,110.5991355184861,107.48645065623853,107.73094659660399,9377000
2023-06-27,112.64917755126953,112.790237309117,108.75596841242393,109.78098878189417,7308900
2023-06-28,110.5333251953125,111.05994074551236,109.6305526058561,110.04431889189938,6384800
2023-06-29,111.02230834960938,111.1069470791982,109.91264918949598,110.55211391184264,5138500
2023-06-30,111.94389343261719,112.71501202927546,111.32323332636653,112.47050891094055,6565100
2023-07-03,112.93128967285156,113.29804791238104,111.39845848286828,112.16017112932784,2662000
2023-07-05,110.14775085449219,111.95330302109183,110.1195403350231,111.9250853270247,6249200
2023-07-06,108.35161590576172,109.27319305846636,106.84699502153087,108.29519486466504,7544600
2023-07-07,109.02870178222656,110.71199893505847,107.91904248718761,108.49268034498054,6108400
2023-07-10,110.13835144042969,111.2291988424494,109.52709721557308,109.52709721557308,6037000
2023-07-11,109.90325164794922,110.8436405335922,108.0412784975531,110.77781359858109,5784000
2023-07-12,111.60536193847656,112.12257873575373,110.11954566138793,110.55212372156593,8371300
2023-07-13,115.78067779541016,116.06279014565298,112.73381275568532,112.84666200054097,9823000
2023-07-14,115.25407409667969,115.83711786233044,113.9093175332487,115.66784755453497,7892200
2023-07-17,116.04399871826172,117.0408087167204,113.56137244597332,115.03778282134634,6125000
2023-07-18,115.53617858886719,115.8841250579792,114.03155781294645,115.02836773175684,7481200
2023-07-19,117.003173828125,119.5234161218126,116.89033176285065,117.86832981001548,8866700
2023-07-20,113.52375030517578,117.17245669125764,113.06296174839848,116.15683494707264,9148600
2023-07-21,117.28530883789062,119.10966566325621,114.14440607178487,114.66162285462507,23704100
2023-07-24,116.70226287841797,118.1128462504567,115.82770090077004,117.28530658838261,5859300
2023-07-25,117.61444091796875,118.47019827155839,116.79629998180485,116.79629998180485,5592100
2023-07-26,116.62702178955078,117.77429733221769,115.04716823769098,115.85590322105953,5291800
2023-07-27,118.34793090820312,120.15347571072405,117.47336902345123,119.01560610576252,7917900
2023-07-28,121.76154327392578,122.17531666037736,119.95599841875114,120.65189132771016,11762200
2023-07-31,124.29119873046875,125.04351271751982,121.40421227974987,122.2411578236803,11029600
2023-08-01,124.20655822753906,124.49807646859058,122.47624622638541,124.05609257112707,7128700
2023-08-02,121.56407928466797,123.73637538646445,121.15030586543129,122.43863408962142,13711100
2023-08-03,111.62415313720703,112.0097160078284,108.04127393024045,109.99728445159336,29239600
2023-08-04,114.25724792480469,114.72744236070923,110.74019555312604,110.74019555312604,12658700
2023-08-07,112.22599792480469,115.42332133603787,110.89064752718879,114.92491641119511,7706500
2023-08-08,110.64617156982422,110.85305112014359,109.04750598838456,110.02551139507035,8934600
2023-08-09,109.62113189697266,111.06933163896834,109.57410958294379,110.24179200408415,5642500
2023-08-10,108.7183609008789,111.33264088527447,108.21055003580527,110.66496562969557,6224500
2023-08-11,107.77796936035156,108.57729846786658,106.94102383694671,107.3265795442714,5712500
2023-08-14,107.22312927246094,107.69332367883388,106.08525966999011,107.0914754126443,8537500
2023-08-15,105.02261352539062,106.7435266210965,104.75930582924698,106.5836550844979,6843600
2023-08-16,103.58384704589844,105.24833237506176,103.48980958330476,104.71231094621949,6426700
2023-08-17,103.51801300048828,104.50541705185697,103.1230513799408,103.62145635462186,6250500
2023-08-18,103.53681182861328,103.9317734270612,102.03219109076575,102.33311523833525,6384700
2023-08-21,104.0822525024414,104.34556026867557,102.50239873043787,103.29232202914037,6539800
2023-08-22,102.94437408447266,105.17309118688904,102.63404402540776,104.82515188545077,4587000
2023-08-23,104.54302978515625,104.88157035500913,102.36132787643648,102.82211641750376,6873900
2023-08-24,102.0416030883789,105.85957978414642,101.71246840332965,105.47402406011673,8698100
2023-08-25,103.74369812011719,103.93177302113946,101.33630494896359,102.39894177147488,6669900
2023-08-28,105.02261352539062,105.50221378599319,104.02580376867638,104.66526839128092,4316400
2023-08-29,106.99744415283203,107.19492495397525,103.93177443713766,103.93177443713766,6971400
2023-08-30,107.27207946777344,107.45202082557032,105.7568047387992,106.59967653258487,6490300
2023-08-31,108.46536254882812,109.06200717250853,106.47656399582662,106.47656399582662,7962500
2023-09-01,109.27983093261719,109.57341340052461,108.35172825485807,109.57341340052461,5310700
2023-09-05,110.37841033935547,110.86139945537768,108.82525271733019,108.82525271733019,7294800
2023-09-06,108.60743713378906,110.5394154263982,107.61303409811933,109.85753988484191,7411900
2023-09-07,100.765869140625,104.83816960887037,100.45334168905222,104.74346629107862,17947800
2023-09-08,100.51963806152344,101.40039267440214,99.92300063682505,100.54804833526143,9819300
2023-09-11,104.44042205810547,105.91781419840837,103.05773324531418,105.37799728365148,18771700
2023-09-12,105.34011840820312,106.77015522691477,103.71119521497347,103.7774882646793,9250100
2023-09-13,106.67544555664062,107.58461042369494,105.6242220985528,105.67157737069734,8131500
2023-09-14,108.0013198852539,108.66425038085961,107.0163894164965,107.74561296166277,7138100
2023-09-15,107.14897918701172,109.0904299162947,106.5049864440428,107.93503053402098,12247400
2023-09-18,106.77961730957031,107.80243045558943,106.5049726374689,106.91220339604689,5065100
2023-09-19,104.85711669921875,106.39132926408757,104.09001041678434,106.25874317145447,5658800
2023-09-20,103.43655395507812,105.87993882615889,103.37973340355556,105.82311104923556,7073800
2023-09-21,102.24327087402344,103.78695605481644,102.13909504690359,102.26221587462742,7007200
2023-09-22,101.97809600830078,103.96689472119336,101.67504103514953,103.01037452686579,6965500
2023-09-25,104.58248138427734,104.62983666106052,101.059462663472,101.18257626754716,6782500
2023-09-26,103.91007995605469,104.78136214919134,103.55019718794105,104.03319356201935,6559800
2023-09-27,103.40813446044922,104.94234701798892,101.74132858550968,104.8665886978463,7225000
2023-09-28,105.21700286865234,105.98411645423928,103.3986729350405,103.94796236042352,4851300
2023-09-29,105.17910766601562,106.28715888642488,104.7813493947918,105.955686435005,4869300
2023-10-02,105.21700286865234,105.87046812386322,103.79643125325542,104.55407233829413,5751500
2023-10-03,104.35517883300781,106.31556710373609,103.58806535287944,104.94234372906176,7750700
2023-10-04,104.0331802368164,105.18857949622054,103.03878456508333,104.9328798164606,7189400
2023-10-05,103.98582458496094,104.61087221498974,103.18082838168527,103.89111404899948,5089700
2023-10-06,105.0086441040039,105.43481989502801,102.32850466226735,104.99917882949698,7930600
2023-10-09,105.87992858886719,106.05039745235338,103.68277836248961,104.47829490849182,4714500
2023-10-10,106.36292266845703,107.00691538011394,104.5824756305352,105.59581635949822,6253000
2023-10-11,105.23594665527344,106.67545602975329,103.77749227991578,106.33451826796055,6378600
2023-10-12,105.55794525146484,106.26823109023108,104.47831135457226,106.05041414590076,5371700
2023-10-13,102.90620422363281,106.04092972763306,102.79255590105804,105.80416780798589,6035600
2023-10-16,104.65823364257812,105.1980504924916,103.18083445434135,103.31342054201133,6254700
2023-10-17,106.25875854492188,106.32505160082967,102.30009851616747,103.04826713307047,7334000
2023-10-18,105.10335540771484,106.17351669211986,104.2036557704642,105.17911373131665,7174500
2023-10-19,105.38746643066406,108.3422578426511,104.9707631323914,106.43868995101519,10511500
2023-10-20,102.87779998779297,105.70000561302527,102.87779998779297,105.6147675537545,7756500
2023-10-23,102.90620422363281,104.71506153252889,101.97809431943978,102.22432873898494,6679200
2023-10-24,103.59754180908203,104.48776891181149,102.69784943214493,103.51231098881227,8578600
2023-10-25,99.23165130615234,103.50283821764572,98.90018607475045,103.04825216786588,8571600
2023-10-26,100.02718353271484,100.83217265563162,98.80549109776554,99.20324940903255,8705200
2023-10-27,100.82270050048828,102.1769790438306,100.23552830655917,101.23940381394769,7292000
2023-10-30,102.12015533447266,103.54072688599416,100.55752518271888,101.05945930819239,6634000
2023-10-31,103.2187271118164,103.42707876251013,101.04052173047415,102.56526911011402,6485500
2023-11-01,105.01811981201172,105.30223701470702,102.94408301837757,103.38919659741326,12809900
2023-11-02,111.14552307128906,112.77444633615008,108.38961068646938,111.72322276930142,22106100
2023-11-03,113.19113159179688,113.74042096116034,111.14551243145723,111.70426707500273,10670100
2023-11-06,113.57942962646484,114.17606706936797,112.1115028184105,113.6457226756763,7756400
2023-11-07,114.32759094238281,114.66852866689489,112.85966422710025,113.50365690391196,7898400
2023-11-08,113.70255279541016,115.59664833276713,112.8407430831213,114.97160056264788,7681900
2023-11-09,113.74041748046875,115.94704016457746,113.50365557596095,114.70641009708454,9002700
2023-11-10,117.63279724121094,118.20102443202931,114.56436463047113,115.44511930512986,12191600
2023-11-13,117.29185485839844,117.95479257605645,116.1364555215492,117.43391345685376,7959200
2023-11-14,120.61600494384766,121.43046660663634,119.40378495050665,120.59705994216358,11255400
2023-11-15,122.09339141845703,122.86049776637817,120.80540592972474,121.14634369000098,7789100
2023-11-16,121.88504028320312,123.4666082623899,121.51569224555833,122.25438832084792,11655700
2023-11-17,122.61427307128906,122.9173208361868,121.61987004587739,122.45327668824935,6543300
2023-11-20,122.65213012695312,123.22982974406192,122.18808604899336,122.58584430901585,7148600
2023-11-21,120.29399871826172,120.7201745292843,119.09125128800845,120.17088511529114,14641800
2023-11-22,120.74857330322266,122.65213384477367,120.42658057593941,121.11792130235345,6647400
2023-11-24,120.98534393310547,121.43992278385095,120.80540255759341,121.43992278385095,3708200
2023-11-27,121.41150665283203,122.18809266741634,120.0761732145985,120.53075204341835,8586400
2023-11-28,119.88677215576172,120.56864769723742,119.01548995294321,120.46447186587858,8817900
2023-11-29,121.90729522705078,124.47105812594235,121.63090380954526,123.17488119553538,10608300
2023-11-30,122.9937973022461,123.3273633773796,121.50700181720508,123.20347405471044,11731800
2023-12-01,123.58466339111328,124.15651157020388,122.47909800097989,123.00328974136238,8866500
2023-12-04,123.85154724121094,123.94686013805469,122.02165305491957,123.26064800035715,7485000
2023-12-05,124.61399841308594,124.70931130352413,122.89846818413528,123.0318975051256,6231600
2023-12-06,123.86109161376953,125.93877904515588,123.57516745588613,125.78628422192384,6912400
2023-12-07,126.70122528076172,127.07292228406955,124.27089200865427,125.16678082244884,7815700
2023-12-08,126.72981262207031,127.68288332567754,125.02380791869865,125.06193889075765,7678600
2023-12-11,129.71295166015625,130.18948709675828,127.7782189509686,128.19755791930416,11010700
2023-12-12,130.26571655273438,130.78990842779083,129.1410999323469,129.59856986752933,7380400
2023-12-13,132.28622436523438,132.46731013642443,129.69387073523143,129.9797948717049,7507700
2023-12-14,134.85951232910156,136.06037624944955,133.0486837050157,133.0486837050157,11468900
2023-12-15,136.4130096435547,136.75611566644474,134.74513597114284,135.38369157488458,25053500
2023-12-18,135.00247192382812,136.40348715204615,134.65936585686237,135.82211338698488,7832100
2023-12-19,136.50833129882812,136.69894255683118,134.80234090704656,135.36464920810295,5658400
2023-12-20,133.84925842285156,136.27005172844653,133.77301101774626,135.3074555065649,7264800
2023-12-21,135.7554168701172,135.9936845873021,134.37346701898608,135.14545209583207,8361600
2023-12-22,136.75613403320312,137.62341740688078,136.05085640734598,136.5273918063209,4659200
2023-12-26,138.63368225097656,139.1959905217115,137.20407607898235,137.40421279914617,4381200
2023-12-27,138.88150024414062,139.35803571998719,138.2334044347808,139.00540412152748,4470300
2023-12-28,139.014892578125,139.9965542335507,138.89098873373183,139.31986763924812,4928800
2023-12-29,137.84263610839844,138.78616690436564,137.0420455743542,138.58603017788445,4839300
2024-01-02,133.6491241455078,135.5266749244732,132.26717429133572,135.5171494511395,8495800
2024-01-03,131.1425323486328,132.3719871360761,130.56115864785306,132.3719871360761,8133300
2024-01-04,129.77963256835938,130.88519804585704,128.60735970556163,129.08389504489293,6770300
2024-01-05,130.31336975097656,131.5904957081563,129.47467731452758,129.77012694326467,6827300
2024-01-08,132.50543212890625,132.6197959712129,130.22759349915907,130.56117409616184,7729400
2024-01-09,133.32508850097656,134.33534133482416,130.70414350864414,131.08536605408204,5856900
2024-01-10,132.77227783203125,133.4584899043155,131.32360628579727,133.32506058707716,5652500
2024-01-11,132.50543212890625,133.38225551957188,129.6462197295898,132.4768411683296,7374900
2024-01-12,133.62051391601562,135.9650743190029,132.62932675205604,135.45040797904468,6546600
2024-01-16,134.49734497070312,134.60218333910836,131.5047032776061,133.429910341636,7483000
2024-01-17,132.78184509277344,133.0772947456617,130.90429425177155,133.06775472930542,6584700
2024-01-18,138.47164916992188,138.8147552372433,135.65056776546245,136.43207825381853,12893000
2024-01-19,144.82864379882812,145.60062881270343,139.85361310640272,140.3491994469732,16193900
2024-01-22,145.6959228515625,147.3161547824425,144.7428520887887,145.58155901369548,10456100
2024-01-23,146.29635620117188,146.52509841041075,144.3044418773465,145.69591699111052,6232300
2024-01-24,147.12551879882812,148.98401829159374,146.67757440795387,147.5258067463255,8331900
2024-01-25,147.22085571289062,150.56612916896847,146.4583961225367,150.20397213414836,7740900
2024-01-26,143.64682006835938,145.80075465998377,143.32277951383895,145.06690067640017,7744700
2024-01-29,142.61749267578125,144.1424115456027,141.45474530965083,143.34182114045916,10770700
2024-01-30,139.1292724609375,141.81693911963063,138.7385244821676,141.05447956479316,9132800
2024-01-31,141.54052734375,143.1131027568389,137.56622418782453,138.5192949075008,21184200
2024-02-01,134.48780822753906,137.15640911927278,133.51567203313292,134.25906602217734,22810600
2024-02-02,135.04058837890625,135.46946728082077,132.72461904024038,134.0493867174946,10442700
2024-02-05,137.270751953125,137.8616510482087,134.58310052908692,135.20259057762934,8032600
2024-02-06,137.3375244140625,138.01419661854194,135.7458831913791,137.71874696227277,7286300
2024-02-07,139.04348754882812,139.1006694655201,136.8895529447681,138.3477499912339,7361900
2024-02-08,141.2260284423828,141.6358564610071,139.42472515751498,139.95845703755933,9448700
2024-02-09,143.91368103027344,146.2010449779109,141.38804939881103,142.0075395596738,11981500
2024-02-12,145.91514587402344,147.49723235582212,143.19888826620098,143.3227921243569,11806300
2024-02-13,142.99871826171875,144.15194018196442,141.44522294416868,142.96060183335314,8976300
2024-02-14,146.71571350097656,147.1445924296991,143.96133961670276,144.2091327761922,8715100
2024-02-15,148.6599884033203,149.7941450515125,147.2399221318084,147.72598303415913,9372400
2024-02-16,145.52435302734375,150.35641343325375,145.43858016312896,150.08002935654943,8429100
2024-02-20,144.82864379882812,145.72451812649297,142.83671479318588,144.76192186295933,8745500
2024-02-21,144.87625122070312,144.91438218718253,141.91220118449598,142.79856437135865,9760300
2024-02-22,147.48770141601562,148.21202996465558,145.1717464292064,147.50676690334205,11407500
2024-02-23,147.64019775390625,149.54633931047016,147.087414957378,148.39311726995837,5953300
2024-02-26,149.66070556640625,150.089584515016,148.47889254688263,148.67904381234382,6307600
2024-02-27,150.87109375,151.7288515574116,150.09910881478865,150.34690195982418,6021400
2024-02-28,149.29054260253906,149.95148939014007,148.4380017838477,149.4342235092844,5211000
2024-02-29,151.14886474609375,151.5416120095859,149.606626487335,150.26758782917034,8321400
2024-03-01,156.22581481933594,157.09751796970622,151.41710863468322,152.68154447138267,10405700
2024-03-04,159.5497589111328,160.76631077506983,157.78720501817577,158.17036382392416,11865100
2024-03-05,154.65484619140625,158.62060017679565,153.48619270916646,157.79679550270157,9608800
2024-03-06,160.8237762451172,162.1265365920559,157.41361332369337,157.8829952647142,12230500
2024-03-07,168.32424926757812,170.1155395136969,162.29897633987747,162.46183419550005,14495100
2024-03-08,163.39102172851562,168.08478367277274,163.3622709274458,167.4621468532643,11318000
2024-03-11,163.91787719726562,164.7416820035984,161.04414154027808,161.88710867696523,7256300
2024-03-12,165.7953643798828,166.58084439974803,163.40058504914134,165.63252113938117,7642200
2024-03-13,162.12655639648438,164.281857737058,161.50391963361437,164.01364362844578,8730500
2024-03-14,161.36024475097656,162.7971124951822,159.69348752230576,162.46185212481228,8151000
2024-03-15,160.162841796875,161.66677026145877,158.86966970334856,160.0670593917471,16414600
2024-03-18,159.8946075439453,164.243534529924,159.3486055153999,163.7166802100493,6653700
2024-03-19,157.1933135986328,159.45398576339767,156.74309393665962,159.09954850012943,7404400
2024-03-20,160.61306762695312,161.0920235206161,156.9346898715992,157.1933301468179,5995800
2024-03-21,163.65921020507812,165.6420797073112,162.4905568302077,163.55383933958746,8497500
2024-03-22,162.94078063964844,164.66500994949152,162.1744483816226,162.4139262987199,5645500
2024-03-25,160.46939086914062,161.66678063436643,159.94253644912644,160.81423970618863,5682500
2024-03-26,160.038330078125,162.28941401899704,159.97126923674094,160.97707954148433,5289900
2024-03-27,162.01161193847656,162.34687226651326,159.94251914010633,162.3181360845836,6309700
2024-03-28,162.17445373535156,162.73961813038125,160.91000327538086,161.98287431866368,5324000
2024-04-01,164.49261474609375,165.52716123955915,161.13034960476168,161.18782197385855,6679100
2024-04-02,163.84120178222656,164.1860505600423,162.15528254433391,163.29519974368517,7436300
2024-04-03,166.59043884277344,166.63833735441972,162.20320119761467,162.8450003272686,6943200
2024-04-04,162.61509704589844,168.54457324933395,162.27983669586294,167.63455998984665,9031200
2024-04-05,164.3105926513672,164.9907163893267,162.567200958837,163.0174060103702,5863300
2024-04-08,166.31263732910156,167.05023348685526,165.10567375724668,165.65167586716663,4812000
2024-04-09,168.1805877685547,168.5829089849826,166.073170039778,167.89321129494198,5028500
2024-04-10,163.66879272460938,166.39884690085822,162.91204891716455,165.16313262953918,6177400
2024-04-11,167.75909423828125,168.2380501269382,163.32395803201445,164.4447130574828,6262600
2024-04-12,164.08067321777344,166.09229344506068,163.76457524910973,165.0290109734782,8216700
2024-04-15,162.69171142578125,167.04063851002087,161.48474800653813,166.93526764366516,6570600
2024-04-16,161.4847869873047,162.4331250134252,160.4023418822295,162.36606416566022,6390100
2024-04-17,157.40406799316406,163.02700536756583,156.87721359992807,162.0978297876515,8082000
2024-04-18,154.64527893066406,157.19332775414443,153.13177657573755,155.52655600760096,9209400
2024-04-19,150.99563598632812,154.59737895580193,149.75992162589856,154.50158193280444,10292200
2024-04-22,153.4383087158203,154.83686640799704,150.54542553573364,151.3883780002835,7848700
2024-04-23,154.55905151367188,155.4307400118762,152.95932618586417,154.18546655256378,6616700
2024-04-24,156.74310302734375,158.94628834077767,155.18170221051477,156.97299249082656,6130500
2024-04-25,156.42698669433594,157.70101103506968,154.92305827899025,157.17415666610867,6230700
2024-04-26,158.68765258789062,159.51145721824182,155.67022202269357,156.0438069936335,7141300
2024-04-29,162.07867431640625,162.14573515864305,158.2470271003372,158.2470271003372,6623900
2024-04-30,158.8696746826172,162.11699503466812,158.8313500261062,162.1074065622535,6914200
2024-05-01,157.20289611816406,162.50014686706538,156.89635734563885,157.58605496724743,13113600
2024-05-02,172.5198974609375,174.04297350691218,167.91233005439494,168.08476175545982,25894800
2024-05-03,172.07925415039062,175.47984354837354,170.3167001616384,174.56983037283305,10043900
2024-05-06,174.19625854492188,174.72309831706903,172.80727480650216,174.25373091158713,6980100
2024-05-07,172.5677947998047,176.5527111620102,171.67694389402138,174.77099473387037,8011100
2024-05-08,172.95094299316406,173.18083242347555,169.18634278953127,169.29171365061438,6242600
2024-05-09,172.94137573242188,174.0621453089284,171.88768160893432,173.3820215555125,5513500
2024-05-10,174.41656494140625,175.82469631660587,173.6119226174558,174.33993025104346,4702500
2024-05-13,176.45692443847656,176.95502800913036,175.2020478068861,175.47026191926057,6384800
2024-05-14,181.0166015625,181.32312575066146,176.72516061221654,176.74430832508153,7713400
2024-05-15,186.41920471191406,187.82733614210554,182.00323099623716,182.01280485169167,11349100
2024-05-16,185.13560485839844,187.39627713451472,184.66622284693545,186.79278806500133,8173400
2024-05-17,185.70077514648438,187.21427748753436,183.794525474232,184.78117342178777,5799700
2024-05-20,189.43663024902344,191.57278406376122,185.14518952426306,185.83488718209986,8879700
2024-05-21,192.39657592773438,193.47900623836094,187.52079413597824,187.76027206737118,11498800
2024-05-22,194.3890380859375,196.21865316512026,193.21081064319503,194.3890380859375,11170100
2024-05-23,193.2682647705078,199.19774069907334,191.02675483738705,197.21487102487356,14475100
2024-05-24,201.5063018798828,202.40674119903213,194.99249952318036,195.30861213202462,13809900
2024-05-28,204.11184692382812,208.2787544599134,202.4067650989626,208.08717502433026,12485400
2024-05-29,199.4947052001953,201.79370227854838,198.00036513838154,199.86829021564876,12552500
2024-05-30,196.9843292236328,201.3799191071861,196.0417325529554,200.0622063865929,12245300
2024-05-31,196.26292419433594,201.07211118916663,191.1267160062105,200.0621789849574,15064900
2024-06-03,198.0519561767578,202.92846449835795,194.68552504524203,201.5626570576057,12419500
2024-06-04,196.57069396972656,198.35971202274982,193.96412297738848,198.05193170338222,6629100
2024-06-05,203.8133544921875,204.39046284610774,197.53255697272866,199.03302108115113,11626300
2024-06-06,201.44723510742188,204.14038286570056,200.82203196763018,203.81334698307472,7597200
2024-06-07,198.73484802246094,201.79349872675803,197.07087335342183,201.72616306095676,5714400
2024-06-10,201.36065673828125,202.54371257903475,196.7534475753136,197.45558473713783,6465100
2024-06-11,200.56236267089844,201.4568645148443,196.9650850824566,199.24463529578063,8197500
2024-06-12,207.17015075683594,207.39136924275783,202.83226949706838,204.39044134164845,9502800
2024-06-13,209.497802734375,210.02681624216618,204.8809802572936,208.10314143308844,10102800
2024-06-14,207.11245727539062,209.72865628073816,205.49656274786443,209.33429940882394,6438200
2024-06-17,213.739501953125,214.17232583517594,205.2560892884427,208.8052715389129,12109100
2024-06-18,218.4236602783203,221.82857302774798,217.375260993229,218.16397473711578,22037500
2024-06-20,207.24710083007812,217.27905762911544,204.71746383168437,215.64393702324375,18701200
2024-06-21,204.4193115234375,207.24711596705205,201.41838338399742,203.67869257952066,22286500
2024-06-24,193.1754150390625,199.12919074367733,192.59832141944952,199.01377495504946,16087700
2024-06-25,194.4546661376953,195.3972626838739,191.56915392670152,195.3876495933679,11974900
2024-06-26,189.79937744140625,193.47358870741743,188.23157777022834,192.66564880722322,10023800
2024-06-27,187.70254516601562,190.99204168133812,186.44254063821768,189.35690651324623,11936600
2024-06-28,191.57876586914062,196.15712127609098,188.14501399040182,188.52012998852413,15547500
2024-07-01,192.39633178710938,193.01190712913697,188.597077035073,191.85770519739444,6800600
2024-07-02,192.52137756347656,192.8291578998014,189.5685296998929,190.6842646065777,5632900
2024-07-03,196.03208923339844,197.0420214958153,192.79070170853626,194.94520821345245,4996200
2024-07-05,197.89804077148438,198.85987815068964,196.19558450087843,197.99423037999438,6375200
2024-07-08,199.9563751220703,202.40906341047628,198.28277277406386,199.33118668696488,6920400
2024-07-09,199.21575927734375,200.59119440274952,196.84964747214653,198.60018392319355,5272600
2024-07-10,200.83168029785156,201.2548911616027,198.67715893533492,200.77397239397206,5159400
2024-07-11,192.22320556640625,202.11089262282624,192.1462568151085,202.00508992435104,8602200
2024-07-12,194.70472717285156,198.21544229644573,192.60792880040572,193.96412298247748,7217200
2024-07-15,200.23532104492188,201.2548811096152,195.05101757586067,195.2530099058262,7463700
2024-07-16,201.63961791992188,203.03427939425808,198.7348644883798,201.98588001557903,5998500
2024-07-17,184.28805541992188,192.36748387195425,183.2877362849621,192.1077836593143,16156200
2024-07-18,184.1533966064453,186.50026755389422,179.8155005031129,186.3848517613977,9960600
2024-07-19,179.10374450683594,185.7211756834764,178.67090594581848,184.3746092256793,9195700
2024-07-22,187.52944946289062,188.03922213907293,181.8353734999586,183.71095359878737,7590000
2024-07-23,185.97125244140625,188.75096172033992,184.81703591158055,186.78880536081448,5796700
2024-07-24,174.159912109375,182.37399738007576,173.79440918611473,182.11429716215534,13295300
2024-07-25,168.69667053222656,173.3615880564372,166.65757982546637,172.76523885473435,12700100
2024-07-26,173.1788330078125,174.38112980087357,170.7934802797922,172.17851385715994,6567800
2024-07-29,171.82264709472656,175.66999702042708,171.06280194204982,174.57350287866146,6051600
2024-07-30,160.5691375732422,172.55362333371218,160.4056269767561,172.495915438067,15338900
2024-07-31,174.0444793701172,174.16952293201982,166.79223163277942,168.8794170868705,19222200
2024-08-01,157.7413330078125,170.21636521309705,155.17322892063046,165.2051859202613,24795000
2024-08-02,153.23031616210938,157.99140842878683,151.51824673834636,154.39414589135126,16618900
2024-08-05,151.92221069335938,156.60636869723953,145.61255985131993,147.42081881573623,12733900
2024-08-06,152.66281127929688,157.3854357543746,150.52753138521,152.3742571656283,9301000
2024-08-07,150.16204833984375,158.04912666376546,149.56571385566897,157.33736171301177,9266900
2024-08-08,158.65509033203125,159.27066573582454,151.8452791720505,154.60576273603206,9590900
2024-08-09,158.2030029296875,159.5591971130645,155.7984095590786,157.8086607710273,4824600
2024-08-12,156.6737060546875,157.15462479322807,151.41245388093566,154.43262297191143,8548000
2024-08-13,163.00257873535156,163.08914057548398,157.04880312279744,158.02988134038523,11102100
2024-08-14,160.77110290527344,164.72425489567541,158.43384525165348,164.12792045100983,7208200
2024-08-15,166.72491455078125,167.97530627974828,164.09910219348367,165.19559639472146,10752100
2024-08-16,165.60916137695312,166.7633780322109,164.11832510411494,165.71496408113595,5435700
2024-08-19,167.6097869873047,167.66750956193525,162.30045488631285,165.02245660230713,6708100
2024-08-20,165.54183959960938,168.7351322149037,164.61846921509965,167.22505509128308,6222400
2024-08-21,167.57131958007812,168.1965080440301,165.51298805033792,166.38826364105034,6309500
2024-08-22,162.55052185058594,167.92718943559768,161.9541873544697,167.64826304510032,6743500
2024-08-23,166.87879943847656,167.95605269803394,164.11833062262332,165.20519697325713,6823600
2024-08-26,163.02183532714844,165.80154498155534,162.09846491385687,165.40718810314567,7437600
2024-08-27,167.29237365722656,167.78292012921324,161.84838507137712,162.71403286968726,6498800
2024-08-28,165.29176330566406,169.01406935271137,163.15648310038023,167.72521075715417,6534600
2024-08-29,163.02183532714844,169.62965393824422,162.48319402478472,166.80184947585263,12514200
2024-08-30,168.610107421875,168.764004935774,164.28183890966957,165.71496731298933,11110800
2024-09-03,157.0103302001953,165.58991737712597,155.81764663378917,165.33021718999058,11620300
2024-09-04,159.02056884765625,161.8195190235007,156.42361097043351,156.7794860890108,6737000
2024-09-05,158.2664794921875,160.29678235786568,156.47789339844294,157.6670632042896,5600000
2024-09-06,152.9393768310547,157.77341736682445,151.91456259784286,157.33835666906936,10703000
2024-09-09,155.4337158203125,156.9805996647196,153.30674131405377,155.74308668826657,7494900
2024-09-10,156.31353759765625,156.68092942241913,152.44630492376285,154.68930695573556,7918100
2024-09-11,161.03155517578125,161.3602663900411,153.96419030759066,156.97096409615514,8275400
2024-09-12,159.5039825439453,160.789838977075,157.49302009792956,160.37411861080037,6039200
2024-09-13,162.16273498535156,162.71382273954876,159.94875070205967,160.3064650147209,4049900
2024-09-16,161.07986450195312,161.78563013695842,158.35345914803915,159.45561956184488,6510000
2024-09-17,163.1005096435547,163.87395900821667,160.56747735779828,163.27454275795546,5828000
2024-09-18,162.71380615234375,166.69705080291268,162.13371539151566,163.8933132143256,5877600
2024-09-19,168.14724731445312,170.93165910375578,166.76471894138544,168.63065131941153,10900000
2024-09-20,163.31321716308594,167.32547949881078,158.84656860729433,166.95808771203298,27546400
2024-09-23,160.4514617919922,164.33801932114122,159.86170832329256,162.8298012050751,9810000
2024-09-24,161.40859985351562,163.73861077806518,160.47079487147403,161.86300081398196,9666800
2024-09-25,162.68479919433594,162.99417010766828,160.25810148037294,160.7608458108986,5095500
2024-09-26,166.9290771484375,169.91651040533444,161.24424124030762,169.1043952048358,8475000
2024-09-27,164.48304748535156,167.69284232974252,164.19300213890006,167.25778168622483,5880700
2024-09-30,164.4057159423828,166.51335046269435,162.18205442160757,165.68189492891997,8099700
2024-10-01,160.27745056152344,164.63774991563594,158.63387969149724,164.16402337356845,8277600
2024-10-02,162.73313903808594,164.11566747680632,159.66834451906936,160.63515257489738,4484600
2024-10-03,163.31321716308594,163.9029706749722,160.16142817056604,160.44179601941408,6260200
2024-10-04,163.2938690185547,167.06442915583153,160.95419537554028,166.82272715032607,6586500
2024-10-07,161.39892578125,163.11984279735753,160.23875916117913,162.07568841359807,4359300
2024-10-08,160.81884765625,162.15304748731825,158.22780916078892,159.38797587147775,7843500
2024-10-09,164.57005310058594,164.6473995081197,159.20426594052154,160.4417789564241,5486500
2024-10-10,162.92648315429688,163.14884485663737,159.84236337115445,161.67929261231646,5048000
2024-10-11,164.3380126953125,164.77307332628,161.3312393535505,162.42373706766426,3801400
2024-10-14,172.13047790527344,172.93293025996482,165.22746985354672,165.65286770444993,9933600
2024-10-15,168.3115997314453,173.86108291453763,167.0160805631474,171.3377134661536,12910400
2024-10-16,165.78823852539062,168.87235853255893,164.57006570614294,168.82401518010752,6495700
2024-10-17,165.42086791992188,169.79082980746122,165.3435215034627,169.79082980746122,6093200
2024-10-18,165.246826171875,166.8517310369343,163.79661413166187,166.3973300841486,6432700
2024-10-21,163.40020751953125,164.52170829032988,160.55780451758937,164.00930125324956,7297700
2024-10-22,167.43182373046875,167.721869117955,162.64612647006953,163.4002356261411,7313000
2024-10-23,161.0702362060547,166.90975066967312,158.8465746139231,163.71928097246874,9788200
2024-10-24,162.5204315185547,163.33254670208373,160.03572786494107,161.07988228047245,4933400
2024-10-25,164.61839294433594,167.4317928528407,164.1736547985657,164.62805571295235,5496600
2024-10-28,166.50367736816406,167.40280174016192,163.7482686270566,163.7966119782254,5024600
2024-10-29,170.15818786621094,170.70927544211736,165.57551317761613,166.48431495045423,6427700
2024-10-30,162.05636596679688,166.03962529578962,161.9693567799831,164.2800275056236,8819700
2024-10-31,157.3673553466797,162.21105851770403,156.70025541096246,162.05636568431325,10261200
2024-11-01,159.7843475341797,160.5674595814863,157.3673277573973,157.66703584934743,6498100
2024-11-04,159.69732666015625,161.94032813695702,158.20844894024546,159.581314429397,4949800
2024-11-05,160.4031219482422,162.0273523387996,158.79821709639165,159.5233231105304,5373200
2024-11-06,167.24813842773438,172.52690238921213,163.0715203571701,163.63227082510627,17661900
2024-11-07,167.1707763671875,176.05574432976056,165.9332632959238,174.28648390311338,23586300
2024-11-08,165.23716735839844,167.73153389756123,163.1488584299384,166.3779937762319,10736600
2024-11-11,162.70413208007812,165.12115238091448,160.57715716580637,164.3573804568715,7829500
2024-11-12,157.986083984375,161.77596921819557,156.4875287746377,161.50526418380252,8483300
2024-11-13,155.0953369140625,157.53169719409811,154.44757732716272,157.38666714333834,7921700
2024-11-14,158.5275115966797,159.43631349227985,156.49720886172955,157.54136328950509,7012600
2024-11-15,155.1726837158203,158.87556011931727,154.30256241834155,157.58970371139384,9737000
2024-11-18,159.0399169921875,159.6586735259549,156.62289697710867,157.20298768165534,7814200
2024-11-19,159.24293518066406,160.71247256220246,157.25129852121262,158.58549813960298,6176800
2024-11-20,149.14947509765625,158.74987150848807,147.87328144963783,158.55651285790574,14483000
2024-11-21,150.29995727539062,151.7308287858126,148.49201653516457,150.00991196525064,10685800
2024-11-22,151.5858154296875,151.67283935892462,148.62738539591754,149.65219948580452,5709300
2024-11-25,153.5484619140625,154.35089961525557,152.0015631297903,153.66447415957086,9189800
2024-11-26,151.72116088867188,156.11047713813565,150.90904577062494,154.4475663236672,9489900
2024-11-27,151.20875549316406,152.41726541479204,149.3331604867449,151.72116251974884,6337900
2024-11-29,153.26805114746094,156.15881200273262,152.5139421856192,152.86199361049364,6112000
2024-12-02,157.6186981201172,157.94740928091696,153.1230470760258,153.1230470760258,9812700
2024-12-03,157.1836700439453,158.42118328982855,155.96549709161943,156.13951547667102,6961400
2024-12-04,157.91844177246094,159.52334686327904,156.8549616447655,159.0206024879689,6721600
2024-12-05,155.87750244140625,159.82327388451435,155.43043779936644,158.0156035136408,7279800
2024-12-06,155.0222625732422,155.8775089697509,152.81613853691582,155.8775089697509,9918400
2024-12-09,156.21766662597656,158.34603962534044,153.03966227209125,153.04937558852544,9481200
2024-12-10,152.0580596923828,156.94654123280415,151.64986319407362,156.24679699211467,8683600
2024-12-11,155.333251953125,155.94553191353603,152.55371625704572,152.86470548030138,7081800
2024-12-12,153.78799438476562,154.97367142196092,152.5051248706239,154.2058894107576,5796100
2024-12-13,154.06982421875,155.18746352265646,152.21355770298447,153.78798977124396,8886700
2024-12-16,153.44786071777344,154.24479763689868,149.6867455488821,153.71026858498448,9951100
2024-12-17,153.47698974609375,155.4790301959615,152.08722927381288,152.08722927381288,7187400
2024-12-18,148.7440185546875,156.62584839598918,148.0345608880634,153.79771621643852,10295200
2024-12-19,146.1685791015625,151.0959447710427,145.83814835936838,149.69645594587692,8414800
2024-12-20,148.5885009765625,150.22124256609143,145.2258401548294,145.371628863076,17347100
2024-12-23,153.78799438476562,154.22533087204488,150.20180849599384,151.28057974034397,8863200
2024-12-24,154.87649536132812,154.91536345853262,153.10769293394762,154.17675097571512,2839600
2024-12-26,154.06982421875,155.0708444174111,152.92303013853223,152.97161154605814,3846900
2024-12-27,152.81613159179688,153.31177764207078,151.14452179976817,152.76753535247823,7232500
2024-12-30,150.23095703125,151.7373513843917,149.4729031969316,150.86266361668558,5356000
2024-12-31,149.2979736328125,151.4555162330483,148.8995200475095,150.36703161652957,4423300
2025-01-02,149.3174285888672,153.07854367507855,148.49133690593305,150.6488797011452,5009100
2025-01-03,153.3895263671875,153.98236488724072,150.14349931026845,151.0473270642321,5885800
2025-01-06,155.3527069091797,161.0089564370586,154.8473326943121,154.8473326943121,9599800
2025-01-07,156.00384521484375,158.85140384745725,154.7695719487722,157.44220191963015,7666000
2025-01-08,154.60435485839844,155.6831260821886,152.52456342499542,155.54706551475064,7731900
2025-01-10,152.56344604492188,153.82687419400477,151.17368546157442,153.26319040966038,6236800
2025-01-13,152.70921325683594,152.94245145922804,150.44476512184917,150.8529468055243,5714700
2025-01-14,155.04168701171875,156.48004366014598,152.15524556993248,155.63452550247763,6476500
2025-01-15,159.78439331054688,160.79512679738076,157.52965847374114,157.53938661857384,9284000
2025-01-16,156.88824462890625,161.17417515449927,156.74247073190963,160.69797053798297,7188900
2025-01-17,159.93017578125,160.95063746774633,158.5112605314085,160.72711256692006,8097500
2025-01-21,162.56393432617188,163.93425330951254,160.69795448357925,161.32966108010913,7380500
2025-01-22,165.45037841796875,167.24832059050985,163.45805129316176,163.58439854623663,7281700
2025-01-23,169.4544677734375,169.4739092355343,164.6145817756737,165.58644726764584,7172300
2025-01-24,167.2677764892578,170.27083740940185,167.10256112916318,170.17365975437087,5825800
2025-01-27,166.3639373779297,167.3552443890844,162.5736676727667,167.2580667319854,15632600
2025-01-28,166.7235107421875,168.60893197288303,165.03245962373617,165.43092799300462,8720200
2025-01-29,166.87901306152344,168.60893227371452,165.43092828816592,166.72351103965505,5118900
2025-01-30,167.0928192138672,168.65752317699128,166.15983668909783,167.49128760628466,6010600
2025-01-31,168.06466674804688,171.81606756746555,167.4426735213318,167.65648508327965,7800500
2025-02-03,165.45037841796875,167.72453999637762,163.3317040400869,164.12864082180562,7447100
2025-02-04,168.1715850830078,168.900484145109,163.7593226187307,163.7593226187307,5457900
2025-02-05,170.91226196289062,172.0201880043151,165.11993724296738,168.13272612851134,15197800
2025-02-06,164.5562744140625,164.72148977036287,160.74654858475822,163.11790278952265,16293500
2025-02-07,163.23451232910156,166.4805390712019,161.38795924810387,165.05189580618082,7841700
2025-02-10,166.53887939453125,166.96650260450824,164.24527612878396,164.95473382015962,6237700
2025-02-11,167.15115356445312,167.84116976857453,164.35217616426635,164.876977012056,6588100
2025-02-12,165.4989471435547,166.1209403864657,163.5066350009181,164.77977626144772,5505700
2025-02-13,167.306640625,167.51073890586864,164.70204819176308,165.401792541183,6362200
2025-02-14,167.3843994140625,167.95781135859852,166.22787703760514,167.74399975137996,4691300
2025-02-18,168.7547149658203,168.8324659808159,166.422243833912,168.38540135196374,7292600
2025-02-19,170.29025268554688,171.5342391827796,168.47286917448585,169.0948624231022,6849600
2025-02-20,168.8130340576172,171.4273546202796,168.03553869322275,171.04832766919225,6316400
2025-02-21,160.7756805419922,170.4943342118312,160.56188380438527,170.05699776258618,12531900
2025-02-24,156.56753540039062,161.90306741654706,156.46062960397362,161.24220600559852,9827800
2025-02-25,156.6841583251953,158.7347951394576,154.95423890798722,157.11178152126757,8244900
2025-02-26,157.53939819335938,159.52199722182965,156.40230254657874,157.27699036491074,9161900
2025-02-27,150.0949249267578,158.6570584495395,149.7644941833989,157.77265719864465,10807200
2025-02-28,152.7480926513672,152.88415322266127,149.08415571292613,150.73633885941274,10149500
2025-03-03,149.2979736328125,155.57623129906878,148.2289304785861,154.5169014612432,9601900
2025-03-04,150.1143341064453,152.77723577427514,147.09183216159948,150.90154269670126,8956800
2025-03-05,154.0309600830078,154.67238000782106,148.72456821571177,150.67801242619143,6786900
2025-03-06,152.4675750732422,154.26546098918146,150.5622218375911,150.58176812728894,7808100
2025-03-07,157.52899169921875,158.11526111854968,151.66635714371213,151.66635714371213,8727600
2025-03-10,151.43185424804688,155.61386592178403,149.1161182495412,153.74760515600403,10139900
2025-03-11,149.5948944091797,152.6532252298266,147.40617218927792,151.30482945019503,8692900
2025-03-12,149.30177307128906,152.29171451086555,148.44191517409521,150.67949586307876,7117400
2025-03-13,148.46145629882812,152.06697905382916,146.97625132157393,149.1063496992814,5861700
2025-03-14,152.99520874023438,153.3567330698103,150.02479913196106,150.04434542015284,5309400
2025-03-17,154.33384704589844,155.08622263251914,151.8813170314091,152.0376575264511,5781000
2025-03-18,152.71185302734375,156.07309923511582,152.35032866632258,154.33385217100482,6898400
2025-03-19,154.63674926757812,156.83523718574256,151.51001387696766,152.84864397167033,5871000
2025-03-20,154.33384704589844,155.47705896067396,152.93659300876732,154.38270531428034,5089300
2025-03-21,153.229736328125,153.8159908533315,150.04436192764388,151.43185035291896,10949300
2025-03-24,156.41510009765625,157.31403565512278,155.16440585166356,156.33692984360027,6033400
2025-03-25,156.4834747314453,157.77326143539125,155.77019173214492,156.21966692246096,3978200
2025-03-26,154.76377868652344,157.1283728053673,153.25904239615025,155.79950839293556,5960300
2025-03-27,154.35340881347656,155.60410308033,152.1842326829601,154.58791957955597,6102000
2025-03-28,149.2235870361328,154.03094539857958,148.0901408205002,153.32742808608003,8918000
2025-03-31,150.0932159423828,150.3277266914857,144.4944041289253,147.35731684065144,8613600
2025-04-01,149.54605102539062,149.8098737754814,146.81991739650684,148.9011575960362,5708900
2025-04-02,150.55245971679688,151.90087045835708,146.92739072860348,147.33777336528465,5377200
2025-04-03,136.22808837890625,144.02538846147525,135.38777679741477,143.63455210659833,16465000
2025-04-04,124.54190826416016,132.74959873151604,123.77976690910674,131.26439369447144,19018600
2025-04-07,126.75016021728516,134.05890711805893,118.03437863840506,121.73760290389404,17938300
2025-04-08,121.8060073852539,132.19263145562144,118.9528529059582,128.1278828330332,14965900
2025-04-09,140.30262756347656,141.54355618655288,121.3467797480956,122.29457362980988,21242600
2025-04-10,131.32301330566406,135.87632990324497,126.33000208081233,133.87326003517643,14898800
2025-04-11,136.06198120117188,137.4299233428251,128.10834067024263,130.93217580579557,10955300
2025-04-14,136.0033721923828,139.83362551958538,133.69740167902637,139.48186680027837,6930300
2025-04-15,135.42684936523438,137.6155564842206,134.86989198691796,136.26716082254487,6346800
2025-04-16,132.63235473632812,134.16640318283254,128.77277466372985,130.61950414181229,10417200
2025-04-17,133.5312957763672,134.98717402427178,132.60304815392442,134.23481321661814,7135900
2025-04-21,133.02317810058594,133.42379504205198,130.3068252697078,131.6454553952227,8128300
2025-04-22,135.5636749267578,135.91543363933434,133.36518670051774,133.61922886148037,8228000
2025-04-23,137.24429321289062,140.58599340547605,136.5798534870021,139.31575282819514,9073500
2025-04-24,143.83975219726562,144.43578733503784,138.73925869946436,139.51116572570146,8810600
2025-04-25,145.15882873535156,145.78417582285448,142.73561063495907,142.73561063495907,5145600
2025-04-28,144.2403564453125,145.8819019766005,142.110272913246,144.78753331925796,5743500
2025-04-29,143.5172882080078,144.8656839188675,142.1884238761022,143.3023237639165,6692000
2025-04-30,145.06114196777344,145.44221265530328,140.58599535736158,141.87576733459633,10851900
2025-05-01,132.11447143554688,135.77861789869834,131.78224415837238,135.61249680538603,22836600
2025-05-02,136.60914611816406,138.17252120865797,134.1468355689436,134.69402728723134,13185600
2025-05-05,136.2476348876953,137.54718738844667,135.12395427408487,135.13373487411576,7165300
2025-05-06,136.6970977783203,137.5765019589297,134.31297210975978,134.66473080011323,6957900
2025-05-07,140.99636840820312,141.38720476022672,137.03908697879683,137.16611550245753,10196400
2025-05-08,141.77804565429688,144.12309341386103,140.59574117528618,142.3056761818913,8489100
2025-05-09,141.85621643066406,143.61500989648442,141.2895081728263,142.32523796118394,6217100
2025-05-12,148.63734436035156,150.8260669382087,146.39977841518044,150.55247847965816,11414600
2025-05-13,147.8751983642578,149.7805518234135,147.50390827314817,148.52985750614965,10160900
2025-05-14,149.47763061523438,149.7609996266331,146.9860080182692,148.4516666153722,6971200
2025-05-15,149.11610412597656,149.87824539277815,146.74172947982538,148.23671494411317,6941200
2025-05-16,149.00863647460938,149.55581334434817,147.83611248096176,149.37016085437574,6668000
2025-05-19,150.18113708496094,150.29839990268385,146.67333134091257,147.10326021718186,7241100
2025-05-20,150.29843139648438,150.36682105415815,148.4516869975078,149.53627510465395,5269500
2025-05-21,147.84588623046875,152.55554366212996,147.3768795893354,150.06392072140827,9684500
2025-05-22,143.99609375,148.10971620738073,143.84953382670682,147.92406369824067,9539100
2025-05-23,142.0516357421875,143.13622369843614,138.52428346190592,140.13650195198758,8994600
2025-05-27,145.22723388671875,145.9307512267082,143.07758928705616,144.17195787673455,9788800
2025-05-28,144.2208251953125,146.0675546012894,143.98631443078546,145.41289549011788,7032300
2025-05-29,144.94387817382812,147.05443038755928,143.86907068477302,146.42908324009656,5980700
2025-05-30,141.87576293945312,144.63120852504082,140.19513972614112,144.61166223387625,13755600
2025-06-02,143.2730255126953,143.83974865510072,141.17223913679493,141.48492014341213,6419500
2025-06-03,145.53013610839844,146.35090137884262,142.17865555657502,143.35119441086772,6164100
2025-06-04,145.6376190185547,146.6147247953857,144.00585416038098,146.56586652465398,7143800
2025-06-05,145.04783630371094,147.5249383181063,144.4973725225149,146.26673110422587,5605500
2025-06-06,146.69923400878906,148.0262416176794,146.51246630852003,147.2496977575743,5794700
2025-06-09,152.76419067382812,153.46209471774125,148.5963701194701,149.225473693806,10589400
2025-06-10,156.42086791992188,156.7943883432643,152.42999050911754,153.530918070991,9068400
2025-06-11,156.764892578125,159.3796104080678,155.01519778942944,157.27604392059038,8859900
2025-06-12,155.9981689453125,156.89268002125718,155.2609375088989,156.2930645196803,5689400
2025-06-13,152.0859375,154.49422395169177,151.81070561975022,153.67835266416117,8446400
2025-06-16,154.19932556152344,155.75242828555042,152.99027018105764,154.35660520423784,8686300
2025-06-17,151.8303680419922,154.89724610971965,151.76155257300508,153.98307130167785,7146900
2025-06-18,151.01451110839844,153.4424614756861,150.5426721308348,152.36118256753676,6708700
2025-06-20,148.7438201904297,152.47911409503624,148.06556487647384,151.6042667333135,15501900
2025-06-23,150.53282165527344,150.90635703127276,147.1317208608338,148.65533542192384,6860700
2025-06-24,153.05908203125,153.63903382616118,151.525628049552,152.09575549165538,7692700
2025-06-25,153.27532958984375,153.86512076275488,151.95814630255646,153.4424485880782,5280100
2025-06-26,155.4968719482422,155.72295207746546,153.25568936555783,153.83564121831094,6278200
2025-06-27,155.8408966064453,158.357325959794,154.8874243697742,155.94902448881192,22100300
2025-06-30,156.54864501953125,157.13843621473808,155.1135094430148,155.69346128559317,7988200
2025-07-01,156.68624877929688,158.8979430907933,155.29042572481168,155.52634518434894,8942300
2025-07-02,159.55654907226562,160.01853363862676,156.0964720078796,156.96148002471716,8916400
2025-07-03,159.44842529296875,161.16863201705146,159.33045806113185,160.26428156868857,4280800
2025-07-07,155.3985595703125,158.74068454655765,154.88742322020286,158.36714913769765,7187400
2025-07-08,156.7353973388672,159.07488318468472,155.90970174587687,156.7550610431798,6879100
2025-07-09,156.63711547851562,158.73084260701958,155.55583668049965,156.68625224286993,4190100
2025-07-10,156.38153076171875,157.56109807578758,155.10365992188912,156.28324223497012,5674400
2025-07-11,154.77928161621094,156.46016080903232,154.47454670499297,156.29305682488703,5907700
2025-07-14,151.6632537841797,153.8356358160357,150.86704618395154,153.75699599145588,7382600
2025-07-15,151.67308044433594,154.04205433989475,151.49613710408505,153.62919154564653,6467300
2025-07-16,151.44700622558594,151.86967838986357,148.96006500690663,151.67308633673414,7106700
2025-07-17,150.01185607910156,150.9161915247532,149.21564851276761,150.39521583322576,7018600
2025-07-18,152.16458129882812,152.78384554606512,150.12981520344283,150.43453515032363,7433900
2025-07-21,156.26358032226562,157.2072281847389,152.27270311440353,152.2825274674874,7662300
2025-07-22,155.30026245117188,156.33237444654506,153.51124032770306,156.25374962704055,6951600
2025-07-23,157.15809631347656,157.31536096277705,154.2583071691219,155.89004977259336,7296200
2025-07-24,156.13580322265625,156.3815470636636,154.12070072659336,155.65415489365066,5014800
2025-07-25,155.70327758789062,156.48966080783197,154.7301416648367,156.19476522547743,4808200
2025-07-28,158.3081817626953,159.20269292330443,156.4503589670528,157.04013517259813,9627300
2025-07-29,159.3206329345703,160.8147595388145,158.3966337845642,159.28130552447817,9460900
2025-07-30,156.35205078125,160.4903834457748,155.31009935000972,160.2249759117189,14382500
2025-07-31,144.26144409179688,154.13052412448212,143.10154048183853,150.50334300684636,24440100
2025-08-01,145.6671142578125,146.63042586631352,143.30796450356883,143.96657116342527,12706700
2025-08-04,144.99867248535156,148.22283007780257,144.56617597822773,145.98164772692837,8150200
2025-08-05,144.21231079101562,146.11927024645223,143.19000809425341,145.99149365861635,7794500
2025-08-06,143.35711669921875,144.21231542474146,141.65657359972928,144.15332430652268,8475700
2025-08-07,143.41607666015625,145.79488985953722,142.34463728459932,145.79488985953722,6753500
2025-08-08,145.04783630371094,145.50001155198663,143.20967724885702,143.85844456198657,5028700
2025-08-11,145.45086669921875,148.48825699276372,145.19529850266304,146.04065792082588,6215900
2025-08-12,151.11279296875,151.27989697462291,146.04065167568672,146.2568924487475,9304100
2025-08-13,153.92408752441406,154.43523884326737,151.0144892457358,151.3486972238657,7103300
2025-08-14,155.3985595703125,155.9490233313614,152.262866003967,152.262866003967,6294800
2025-08-15,155.16265869140625,156.5486424793306,154.02240373198214,155.3494114011454,7583700
2025-08-18,156.19476318359375,157.03029815617356,154.56303564738604,155.09383568947536,4774400
2025-08-19,153.5898895263672,156.71574375848175,153.39329746757596,156.36188705206513,6396500
2025-08-20,152.79367065429688,153.97323791893967,150.8473839176857,153.72749411384694,7151700
2025-08-21,151.5059814453125,152.5577571727893,150.44436636587952,152.18423677375682,4997300
2025-08-22,155.31991577148438,157.16791406399608,151.92865411689536,152.19406163739723,7711500
2025-08-25,153.75698852539062,155.3592430005009,152.75434955944948,154.92673148581991,4653000
2025-08-26,156.4601593017578,157.2367181018467,154.7301283657928,154.97587216346452,9173000
2025-08-27,157.0499725341797,157.24656460020225,155.11350993588047,155.6639737203489,4549900
2025-08-28,158.0624237060547,158.47527151249554,156.32255330825876,157.18757633071317,8156300
2025-08-29,157.99362182617188,158.84882056928572,156.686262827171,156.81405442075413,9949100
2025-09-02,156.0768280029297,156.2341076618469,151.96799815706072,155.13318004745403,7520300
2025-09-03,154.6023406982422,156.85336234124657,153.40310973537774,156.6862433554768,6336400
2025-09-04,157.8843994140625,158.0326787658043,152.70429118392013,154.41451173960985,7781200
2025-09-05,158.01290893554688,161.62119583169348,157.33079372385262,158.25017099137924,7954200
2025-09-08,158.40834045410156,158.45775684860786,156.2038201880702,158.45775684860786,7019700
2025-09-09,156.84640502929688,159.7528011156979,155.76886813816373,158.53685004485988,6126000
2025-09-10,157.13308715820312,157.39012483010217,154.8198386173342,156.80685747920307,8256900
2025-09-11,159.663818359375,160.21742982488556,156.15440949656576,157.37034548259723,8360200
2025-09-12,159.98016357421875,160.47444819933182,157.75588276120996,159.48587894910568,5430600
2025-09-15,159.37713623046875,160.82043889310032,158.37868671496693,159.55507145557277,5604800
2025-09-16,162.2637481689453,163.11391828580975,159.65392607974712,159.9702754647985,7997500
2025-09-17,163.37094116210938,164.4682535815174,161.36414688548277,162.79756921387764,6057800
2025-09-18,166.20816040039062,166.92981176213883,164.32986968921142,164.97244878160313,10421200
2025-09-19,164.9427947998047,167.64158478254194,164.38918331737221,167.23626774668568,19444400
2025-09-22,167.77996826171875,168.27425286888047,164.02340223041597,164.94277944360869,6196600
2025-09-23,167.59214782714844,168.89706650942477,166.37621184366006,167.87884136387734,5468400
2025-09-24,171.56619262695312,172.44601863696337,166.74196996476516,167.1176310986019,9213700
2025-09-25,167.7404327392578,170.0042648991034,166.02033179940315,169.2529576563001,8093700
2025-09-26,167.2659149169922,168.9761355043946,166.2081536580912,167.74042393573424,4846000
2025-09-29,163.41050720214844,167.89860515668397,162.87667133650996,167.265921412336,7523100
2025-09-30,164.45838928222656,164.93289832240333,162.99531094246547,163.7466181797762,5593300
2025-10-01,164.5869140625,164.863712269631,162.60977539192368,163.90479880765182,6153000
2025-10-02,166.919921875,167.6020219783699,165.2689979732459,165.83248967941995,5499500
2025-10-03,167.2461395263672,169.78676975534347,166.81118172450212,166.91992494606083,5137900
2025-10-06,166.6925506591797,168.9267269327875,165.8028443222864,168.59060190642364,8265800
2025-10-07,163.5686798095703,170.01414065850807,163.2523303992722,167.95791474468072,7147500
2025-10-08,165.85226440429688,166.6233471991026,162.01661095417765,164.33975468491883,7302200
2025-10-09,163.76638793945312,165.69409498790844,161.36415678340123,165.45683293411014,6928400
2025-10-10,151.8343505859375,163.20289719295062,151.59710361509227,162.93599435074972,15818600
2025-10-13,159.9307403564453,160.5337682336089,153.99932454868681,154.16737951978217,10311000
2025-10-14,159.89120483398438,162.3922839690867,157.43954209663966,157.4790933160903,8675200
2025-10-15,161.1071319580078,162.36261912974507,158.47753413147362,162.36261912974507,7334100
2025-10-16,162.20443725585938,163.3017496787415,160.35581766620993,162.6097542508809,5686700
2025-10-17,161.58163452148438,161.91774443297663,159.82198253264946,160.99838230724146,4833100
2025-10-20,165.13059997558594,165.73362781814745,160.2075293612587,161.47289678755672,8194100
2025-10-21,166.900146484375,167.30546349274454,164.30020455796742,164.8933521353067,6176100
2025-10-22,167.33511352539062,167.83927838948168,164.1222636096894,165.5754615475407,10083800
2025-10-23,168.08642578125,169.29248145441935,165.96100796024155,166.40586109901432,6546400
2025-10-24,167.00889587402344,170.4491127303254,166.5442671076287,169.72746138258532,6256000
2025-10-27,185.53468322753906,203.59584897530524,166.8902802840509,167.0187840386185,81799300
2025-10-28,178.960693359375,183.78491621367652,177.35921597239158,181.82753820250798,20323100
2025-10-29,176.62767028808594,181.3925814269066,176.1630415227862,179.91960777900198,11614600
2025-10-30,175.23377990722656,177.8238416008188,175.16458790356617,176.6375464327639,7862900
2025-10-31,178.83218383789062,180.0678954870866,174.80871455198138,176.47939911519362,9452800
2025-11-03,178.6542510986328,181.35304115458422,177.04287825855437,180.85875648799532,8535100
2025-11-04,170.8643035888672,177.29000364012416,170.3205874907331,175.45126425285122,12323600
2025-11-05,177.66567993164062,181.3332636726266,172.32741162132922,172.76236945256633,18845500
2025-11-06,171.22019958496094,176.4695001496126,168.11609258920316,175.7676243945084,16184700
2025-11-07,168.93661499023438,172.25820859726377,166.3267925193092,170.7555789672247,10614700
2025-11-10,169.6088409423828,172.80191553706703,167.56249526414592,171.77379502448213,10129300
2025-11-11,171.99127197265625,173.96841045059946,169.04533986414432,169.04533986414432,8419100
2025-11-12,174.65052795410156,175.39195489315838,172.8809956300086,172.9996191132594,8785800
2025-11-13,172.50534057617188,176.7858473988741,171.05214251757715,174.61099798441532,9526100
2025-11-14,171.99127197265625,173.68173200842025,169.44076152598515,169.81642266379262,7949900
2025-11-17,164.84393310546875,172.84145523528423,163.28199177926248,170.82478047189662,10211100
2025-11-18,163.17324829101562,164.88346897784146,159.5452007246372,163.00519331803233,11073200
2025-11-19,164.21124267578125,165.59523362536578,162.23410412816332,162.80747611709694,8176500
2025-11-20,157.76576232910156,166.94957907053654,157.03423074114986,165.21958289025355,12075400
2025-11-21,161.43336486816406,163.38084753754097,157.28137694948742,158.9125102118486,10815000
2025-11-24,163.17324829101562,165.03176342532362,161.84856903265043,162.49113305196127,12070100
2025-11-25,161.43336486816406,163.0842737395562,160.0197029676637,162.11548007821798,7758100
2025-11-26,163.2523193359375,164.34963176644462,161.28506117043545,162.24397451440873,7967700
2025-11-28,166.16859436035156,166.26745731478488,162.25386874844432,163.14357500086805,5068800
2025-12-01,166.11917114257812,167.09786013639985,163.60821186943875,164.01352888465104,6818300
2025-12-02,168.748779296875,169.21340808234442,165.72375960211377,166.82107214672035,9159100
2025-12-03,173.06883239746094,173.08859292246373,168.40278415386396,168.946485194475,7624300
2025-12-04,173.2377471923828,173.81403376343962,172.12488187793554,173.2178705363803,7245000
2025-12-05,173.69479370117188,176.11923009845722,173.38677377817086,173.62524815151616,8400100
2025-12-08,174.1916046142578,174.38039493203829,172.61175168353495,173.62524882236175,6690200
2025-12-09,174.87721252441406,175.22498577298987,171.22069626730675,173.3867817358537,7719100
2025-12-10,181.047607421875,182.26975645543368,174.1320017100294,174.68842679322861,11100100
2025-12-11,180.1136016845703,180.48123643710323,176.95388044563842,180.2129546428905,6319200
2025-12-12,177.152587890625,181.94184585961688,176.7352691103243,180.093711168888,8865800
2025-12-15,178.1164093017578,179.15971388206592,175.2647232555021,178.5734814128785,6954700
2025-12-16,174.99644470214844,178.04686703829697,173.69480422021527,178.04686703829697,7136000
2025-12-17,171.2405548095703,176.34776361720296,170.95241153311883,174.99643911907916,8501900
2025-12-18,173.07876586914062,175.95032864950844,172.42297266800423,174.58907334893905,8967500
2025-12-19,174.13198852539062,176.0596146758396,173.08868399266413,173.32715836517013,25223500
2025-12-22,173.1085662841797,177.18241643549993,172.79060044381805,176.42725514536394,6422100
2025-12-23,173.6351776123047,174.1518645033371,172.40308276797978,172.50245087983245,4690400
2025-12-24,173.65505981445312,174.37046779059963,173.30728657330428,173.9233264344238,1645300
2025-12-26,173.69479370117188,174.38039425827498,173.23773677073336,173.8835840182229,2442800
2025-12-29,172.32359313964844,174.07237489356547,171.68767663680006,172.8998948393306,3978400
2025-12-30,172.5421905517578,173.2874059128995,172.23417062831717,172.9495785879288,3429300
2025-12-31,169.9587860107422,172.67136567393374,169.91903270116217,172.50245201183196,4682600
2026-01-02,171.87646484375,173.56561661231206,171.10144208921628,172.69124090753655,6532200
2026-01-05,175.1852264404297,177.7090309793917,172.89989627756148,174.34065811947426,8972200
2026-01-06,181.2860565185547,183.27329751116466,175.49324720572318,176.07949482124175,11033900
2026-01-07,179.0404815673828,182.8957339858872,175.98012858670194,181.22644365031323,9853000
2026-01-08,180.7097625732422,183.134199114193,175.07593593658004,177.65935540251527,8353500
2026-01-09,176.64585876464844,178.2952725033098,173.68487379434467,176.98368611022113,9662200
2026-01-12,168.19015502929688,174.75798748240712,168.16034762566198,174.75798748240712,13657600
2026-01-13,164.23553466796875,167.27602629823775,163.91758397470218,165.91475582973652,9993300
2026-01-14,163.4903106689453,163.68904689842998,161.31429450596625,162.64574233941798,7959900
2026-01-15,160.36041259765625,165.43781398156636,160.00270860961666,165.38812992405752,9241600
2026-01-16,158.40298461914062,160.66843823673435,158.19433279621413,160.36041829525965,11990800
2026-01-20,153.0871124267578,156.7138210619579,152.2723363673962,153.96148812678467,11971400
2026-01-21,155.3724365234375,156.52503997030064,153.63360060602096,155.33269837350423,9181900
2026-01-22,156.79331970214844,158.41291082564712,155.80962993792429,157.45904362528955,7450300
2026-01-23,154.82595825195312,156.97216707391354,153.86214512500058,156.03816134994335,7106700
2026-01-26,153.53424072265625,155.20351585056062,153.3156430042718,153.81245324397364,8004200
2026-01-27,152.0636749267578,155.74008291263047,151.6861094458511,155.3326948681393,8354600
2026-01-28,151.72584533691406,153.01755500233978,149.44051518446017,151.0303140282834,8539000
2026-01-29,151.24891662597656,152.25246789211823,148.77479607536804,152.11336162590607,9142900
2026-01-30,150.6229248046875,152.0934940301588,148.8741582193983,149.0033337333581,9577200
2026-02-02,151.6463623046875,152.65985950297514,149.85785745781627,150.00689447457344,9099100
2026-02-03,146.24105834960938,149.75848342053223,143.37944161083925,149.75848342053223,11966400
2026-02-04,147.94015502929688,152.49093871992937,147.2247470593274,147.76131061752727,19249300
2026-02-05,135.43048095703125,138.4411499430295,131.88324839566826,132.07203872176157,30229600
2026-02-06,136.46383666992188,138.26228736014335,134.41698085317375,135.99683381913616,15036800
2026-02-09,138.04368591308594,139.04725230051432,135.62919542585564,136.22537377801996,11022700
2026-02-10,139.1962890625,139.51425489281263,135.9173384542661,137.2686629102042,9762900
2026-02-11,140.14022827148438,141.48162200744946,138.2225479891437,139.13667702730794,9379300
2026-02-12,137.58663940429688,140.59730847172986,135.86768009009486,139.9613919232626,12416600
2026-02-13,139.80239868164062,140.5774214441114,135.86767006624217,136.24523553933992,13134400
2026-02-17,141.7200927734375,142.58453773241757,139.11679682700716,140.1004865524103,10670700
2026-02-18,142.32620239257812,143.55828207907953,139.82227454869408,142.58453825813112,9944500
2026-02-19,140.3687744140625,141.41207898721174,139.00750399858572,140.9748835347343,8219400
2026-02-20,141.968505859375,143.15091671325214,139.20624200509135,139.4148938255132,10265100
2026-02-23,139.51426696777344,143.14097596017754,138.74917488862957,141.06431262109078,8260100
2026-02-24,143.85638427734375,145.43623733793012,141.15373512594545,141.65054540875474,11085700
2026-02-25,144.88975524902344,145.098407073207,143.10123523450437,144.67115751605743,7358300
2026-02-26,144.6612091064453,146.00260288450687,143.59804302489582,144.98910570022582,8642100
2026-02-27,141.45181274414062,142.9919275270156,140.4482615131695,141.94862298626512,12439900
2026-03-02,140.1302947998047,141.10403862304267,136.01670662733133,136.95071230248513,8963900
2026-03-03,137.24880981445312,138.31197590653952,135.4304824098924,137.3879160833648,10372400
2026-03-04,138.6199951171875,138.99757577143515,136.5433318417177,137.33823130050143,9309800
2026-03-05,137.0,139.66000366210938,135.8000030517578,137.58999633789062,8981000
2026-03-06,135.69000244140625,137.17999267578125,133.4199981689453,134.1699981689453,9197000
2026-03-09,138.11000061035156,138.5800018310547,132.4600067138672,133.49000549316406,12304600
2026-03-10,135.1999969482422,136.75,132.16000366210938,134.6999969482422,10447300
2026-03-11,134.1199951171875,138.1999969482422,133.9600067138672,136.4499969482422,7830500
2026-03-12,131.14999389648438,134.8699951171875,130.61000061035156,133.47000122070312,9162800
2026-03-13,129.82000732421875,133.4199981689453,129.22000122070312,131.14999389648438,7786700
2026-03-16,129.38999938964844,131.8699951171875,128.94000244140625,131.07000732421875,10132900
2026-03-17,131.58999633789062,134.0500030517578,131.17999267578125,133.52000427246094,10544300
2026-03-18,130.47000122070312,132.74000549316406,129.92999267578125,130.72999572753906,9894300
2026-03-19,131.27999877929688,132.67999267578125,128.89999389648438,129.13999938964844,9846700
2026-03-20,129.89999389648438,132.75,129.77999877929688,131.30999755859375,78568000
2026-03-23,128.35000610351562,133.97000122070312,127.41000366210938,133.14999389648438,11431600
2026-03-24,128.6699981689453,129.17999267578125,127.30999755859375,128.33999633789062,8409200
2026-03-25,130.35000610351562,131.92999267578125,129.9499969482422,130.16000366210938,6669400
2026-03-26,130.5399932861328,132.33999633789062,128.30999755859375,128.7899932861328,11912500
2026-03-27,127.11000061035156,130.0399932861328,126.68000030517578,129.88999938964844,8964900
2026-03-30,127.06999969482422,128.60000610351562,126.33999633789062,127.44999694824219,11555900
2026-03-31,128.77999877929688,129.2899932861328,125.77999877929688,128.39999389648438,12219800
2026-04-01,127.27999877929688,130.22999572753906,126.9800033569336,128.0,10210700
2026-04-02,126.80000305175781,127.0,124.01000213623047,125.2300033569336,8575300
2026-04-06,125.7300033569336,127.43000030517578,123.70999908447266,126.55999755859375,8038600
2026-04-07,124.06999969482422,125.41000366210938,121.98999786376953,125.06999969482422,8840400
2026-04-08,127.51000213623047,128.88999938964844,125.62000274658203,128.64999389648438,12535800
2026-04-09,127.75,128.58999633789062,126.80000305175781,127.26000213623047,9352700
2026-04-10,128.05999755859375,130.61000061035156,127.8499984741211,128.8000030517578,8427400
2026-04-13,131.24000549316406,131.30999755859375,126.45999908447266,128.0,8615000
2026-04-14,132.83999633789062,132.94000244140625,131.0500030517578,132.1999969482422,7608300
2026-04-15,133.0500030517578,134.33999633789062,132.27999877929688,133.44000244140625,9691500
2026-04-16,134.47000122070312,135.6999969482422,131.7899932861328,131.7899932861328,8163700
2026-04-17,136.1999969482422,136.97000122070312,134.41000366210938,136.69000244140625,9667600
2026-04-20,137.52000427246094,138.5,136.0800018310547,136.41000366210938,7953800
2026-04-21,135.55999755859375,138.25999450683594,135.0500030517578,138.1199951171875,11874600
2026-04-22,136.07000732421875,137.49000549316406,135.5500030517578,136.63999938964844,9432700
2026-04-23,133.9499969482422,136.99000549316406,132.0500030517578,136.0,10164900
2026-04-24,148.85000610351562,151.5399932861328,143.5800018310547,145.61000061035156,29449600
2026-04-27,150.25999450683594,161.0,147.0500030517578,156.30999755859375,41744000
2026-04-28,150.0,151.5,144.0,145.0800018310547,22921300
2026-04-29,156.0,157.2899932861328,151.0,151.4499969482422,37571200
2026-04-30,179.5800018310547,186.88999938964844,163.55999755859375,172.0500030517578,61132700
2026-05-01,177.00999450683594,179.99000549316406,171.14999389648438,179.1300048828125,21111500
2026-05-04,168.3800048828125,180.49000549316406,166.8300018310547,177.22000122070312,23117400
2026-05-05,186.5500030517578,187.22000122070312,164.7899932861328,167.64999389648438,34274900
2026-05-06,192.57000732421875,197.5,188.22000122070312,195.17999267578125,30145000
2026-05-07,202.5500030517578,223.66000366210938,187.63999938964844,190.6699981689453,51092200
2026-05-08,219.08999633789062,228.0500030517578,208.6300048828125,213.0,37850000
2026-05-11,237.52999877929688,247.89999389648438,231.1999969482422,232.00999450683594,45474000
2026-05-12,210.30999755859375,230.0,202.0,229.83999633789062,38590100
2026-05-13,213.1699981689453,219.49000549316406,207.14999389648438,216.6300048828125,26226300
2026-05-14,200.0800018310547,209.52999877929688,199.66000366210938,208.50999450683594,24883900
2026-05-15,201.49000549316406,207.39999389648438,199.16000366210938,201.64999389648438,25876800
2026-05-18,203.63999938964844,210.8000030517578,193.5800018310547,206.77000427246094,21082500
2026-05-19,195.61000061035156,201.5,191.02000427246094,196.86000061035156,19605200
2026-05-20,202.50999450683594,203.58999633789062,194.0,197.0,19037500
2026-05-21,213.41000366210938,214.00999450683594,197.60000610351562,202.77999877929688,28163700
2026-05-22,238.16000366210938,243.0,214.1699981689453,214.42999267578125,30375700
2026-05-26,248.82000732421875,258.0,235.8000030517578,240.72000122070312,30646400
2026-05-27,233.39999389648438,248.27000427246094,224.17999267578125,245.42999267578125,25694700
2026-05-28,243.2899932861328,249.4600067138672,231.52000427246094,236.0,21118400
2026-05-29,251.02000427246094,259.9200134277344,247.50999450683594,250.19000244140625,28766100
