Price,Close,High,Low,Open,Volume
Ticker,HON,HON,HON,HON,HON
2021-01-04,175.15419006347656,179.41617987807842,173.81495378323115,179.27299855477884,2470963
2021-01-05,175.58377075195312,177.04093397572294,174.33717953897747,174.33717953897747,2304598
2021-01-06,178.78448486328125,180.23322093509506,176.23235247566768,176.41765640239916,2915522
2021-01-07,179.07928466796875,180.25848525138,177.5547443357875,179.315124784651,2182795
2021-01-08,176.90618896484375,179.7531250981001,174.91838183685405,179.23933587123096,3478913
2021-01-11,175.49954223632812,176.5608295525904,175.0531301112256,175.2889702219153,3118173
2021-01-12,175.93756103515625,176.44293665526888,172.88846646046028,175.07841839006903,2651227
2021-01-13,174.37088012695312,175.71854376386014,173.84866370627708,175.43216745691902,2275951
2021-01-14,175.7101287841797,176.69561189312333,174.50566003482973,175.2300349152099,3884852
2021-01-15,173.4864501953125,175.07838101336523,172.83789336368886,174.80043198161687,4124638
2021-01-19,174.15187072753906,175.83646040284538,173.89076253240106,175.39846190546533,2818334
2021-01-20,175.2637176513672,175.76066601304555,174.07608974851473,175.1289499138465,2601996
2021-01-21,172.86317443847656,175.03628521332516,172.7536748117021,174.23610612252486,2870111
2021-01-22,170.3531951904297,172.21466205391584,169.62882019954822,172.04619894822602,3716365
2021-01-25,170.03311157226562,170.6142915190069,168.54225273657286,169.58669937338084,5026700
2021-01-26,169.3508758544922,172.4757751898802,169.2834851557861,171.69243672626806,2336216
2021-01-27,167.93582153320312,169.09818154326945,165.53529720410802,166.86612032497163,4359225
2021-01-28,170.85012817382812,172.9642758683312,168.14637329905358,168.98024786958828,3959334
2021-01-29,164.55821228027344,169.24977409299672,163.86753273807324,165.51842729791545,4917841
2021-02-01,164.71823120117188,166.57969760323408,164.482391093459,166.39439368743703,3065229
2021-02-02,168.5591278076172,169.19084403239273,166.36074825451118,166.63028378313254,2936636
2021-02-03,167.73367309570312,168.3738165393564,166.27650949129477,168.14638998104758,2026616
2021-02-04,168.95498657226562,169.6877751362401,167.47255495280095,168.31484316634769,2411971
2021-02-05,170.91754150390625,171.7177071987549,169.53618216090157,170.33636149207152,1982054
2021-02-08,171.7092742919922,172.58525783456938,170.61429145469077,171.67557894596084,2202318
2021-02-09,170.15940856933594,171.65869426729253,169.3676567758085,171.49023121646343,1903434
2021-02-10,170.27734375,171.27966758786783,169.45189657872152,170.9848640526743,2010171
2021-02-11,170.294189453125,171.06910045602692,169.19922044700087,170.294189453125,1813249
2021-02-12,171.46498107910156,171.65028499989296,169.84778198525683,170.4542299409089,2111708
2021-02-16,171.3555145263672,173.1495906430095,170.04154597486135,172.55156981623549,2422687
2021-02-17,170.05836486816406,170.30263224215906,168.34009327797867,169.6035254632847,3087722
2021-02-18,171.42286682128906,172.51783582348926,169.00548868154658,169.72143624590083,1872559
2021-02-19,171.45652770996094,174.21081800552196,171.25438296765026,171.9282078662296,2582898
2021-02-22,171.507080078125,172.07984629590806,170.49634263488764,171.0185590260078,2339823
2021-02-23,172.70318603515625,173.37702483249183,170.95964604472164,172.67791793252624,2609317
2021-02-24,177.74847412109375,178.6834210441856,171.4060313576945,172.57681841372792,3545332
2021-02-25,173.25607299804688,178.05299127620628,172.80768492274643,177.6215322921809,2901835
2021-02-26,171.1918487548828,174.11061132967933,170.95496466886166,173.96678248970778,3889308
2021-03-01,174.46597290039062,176.09878182151988,172.32553753028898,172.8669947851801,2690696
2021-03-02,174.77047729492188,175.96336209329996,173.5860570436991,174.93122151080334,2652712
2021-03-03,175.13424682617188,177.19854151996293,174.38129939425218,174.38129939425218,2871490
2021-03-04,171.6909637451172,176.00566375151192,169.6351335168133,175.42191134919668,2969527
2021-03-05,174.77047729492188,175.51497393759854,170.70959025214322,173.03613541216868,3032126
2021-03-08,175.71804809570312,179.7366405873436,175.29503980149684,175.58268379795538,3412070
2021-03-09,175.64187622070312,177.61310218242235,174.69434000591895,176.8093810913045,2804541
2021-03-10,180.1258087158203,180.43038181724933,175.6757569707877,175.70113692118332,4596783
2021-03-11,179.77890014648438,181.69090163858033,178.6790842791793,179.17823232336718,3140242
2021-03-12,181.3694305419922,182.22389782957103,180.37112073691472,180.44726057263887,1951391
2021-03-15,182.90921020507812,183.58601797387797,179.9481385507076,180.80261965857878,2717221
2021-03-16,179.1951446533203,183.13759644322437,178.85674083045637,183.04452751634696,2734940
2021-03-17,180.22732543945312,181.41174584214565,179.30515536865252,180.6249537564299,2896742
2021-03-18,181.910888671875,185.27803929444013,180.35421994541645,180.62494851436912,4555828
2021-03-19,180.1258087158203,182.39314363678355,179.49976080827352,182.20701943498838,10727559
2021-03-22,179.4658966064453,179.93121390818965,177.2662509258096,178.60296469104782,3508197
2021-03-23,176.47097778320312,179.65200396804568,175.86184540092856,178.01919553246194,2030542
2021-03-24,179.5420379638672,181.93627239415852,177.57082549176644,177.63003623890123,2718388
2021-03-25,180.94639587402344,181.09022468470678,176.18332147821639,179.53355619403044,2352768
2021-03-26,184.88037109375,185.01573534901615,181.166352861788,181.99545378903946,2694940
2021-03-29,185.17649841308594,185.84485521134764,183.70443424418264,184.13589329908442,3250798
2021-03-30,184.50811767578125,185.5402581088395,183.62825688940137,185.27799415177913,2597434
2021-03-31,183.6452178955078,185.4218551721986,183.3744893454699,184.59275412396192,2599450
2021-04-01,183.4167938232422,184.4066391413156,182.3085133190533,184.39818829017264,2238286
2021-04-05,185.5064697265625,186.2171219368646,184.74504392575082,185.0327015863611,2396481
2021-04-06,185.43878173828125,187.01237954555205,184.8634938073132,185.76027019872794,1905556
2021-04-07,184.8550567626953,186.02256189415743,183.82291593454434,184.61817265607124,1821949
2021-04-08,186.00559997558594,186.09020435608244,183.28142658233875,184.58428199460795,2198074
2021-04-09,192.02926635742188,192.57917433725234,188.92437980882085,192.46920369862974,4097476
2021-04-12,193.39981079101562,193.9327896371558,190.82790330989576,190.8955922944928,2822366
2021-04-13,193.7382049560547,194.5419260037974,192.55377105481747,193.9158645625692,2917644
2021-04-14,194.05970764160156,195.42178755280995,192.892202748178,192.892202748178,2319877
2021-04-15,194.44888305664062,195.18491522149606,193.3744470305123,194.7788360666404,2131973
2021-04-16,196.36936950683594,196.57240910517666,194.62656273324794,196.0055719642342,4348084
2021-04-19,195.40487670898438,196.36934205965827,195.0072484200243,196.03092451415085,3081568
2021-04-20,192.32534790039062,194.7449618477128,191.01401430517177,194.58421764122355,2175687
2021-04-21,195.00721740722656,195.15104621086144,191.98693580098595,192.15613085015283,1827466
2021-04-22,193.95819091796875,196.30165159254085,193.5690134829039,194.92264256469542,2669688
2021-04-23,189.93115234375,192.00389835437068,188.00223517208954,190.52336940297883,5634334
2021-04-26,187.41001892089844,190.98022299505266,187.1900502356627,190.8533095556134,3831695
2021-04-27,188.6029052734375,189.29664213449283,187.06315185890412,187.8330285661708,2956477
2021-04-28,188.5521697998047,189.62661972777468,188.23914582593954,188.442185442137,2300142
2021-04-29,189.42352294921875,189.64349161407947,187.5453658403131,189.26277872438655,1898872
2021-04-30,188.69593811035156,189.15277710020547,187.0038916304816,188.67900901664586,2352131
2021-05-03,188.831298828125,190.1679986751896,188.03604233923477,189.71114599724305,2354041
2021-05-04,190.71795654296875,190.86177168404538,186.75858874232864,187.93454460589192,2999447
2021-05-05,191.36090087890625,192.27460631821657,190.99711709134695,191.44550526353555,2879448
2021-05-06,193.45057678222656,193.58594105901142,190.73485409237588,192.2576919336964,2178127
2021-05-07,193.56056213378906,194.33045250883828,191.5132098213606,193.0022032825303,2076483
2021-05-10,195.3794708251953,196.8261686591502,193.73819799475135,193.73819799475135,2537488
2021-05-11,193.87353515625,193.95813951956936,189.71958007834579,192.94291455308792,3586392
2021-05-12,186.15789794921875,192.26615128626383,186.03099821433375,191.7416232509529,4453123
2021-05-13,190.04058837890625,191.0516221166125,185.84352742275075,185.91999042541605,3081887
2021-05-14,193.16714477539062,193.90630085575177,191.04312672616354,191.79078328026137,2208259
2021-05-17,192.4110107421875,193.5919715210016,190.94119887954787,193.5919715210016,2183644
2021-05-18,188.8851318359375,192.0031965708432,188.80865507735604,191.47642850908156,2546824
2021-05-19,188.03553771972656,188.16298983239312,184.1783163082497,187.48329566582524,3236262
2021-05-20,188.72372436523438,189.36941660259652,187.31337450353126,187.3303616989202,2342476
2021-05-21,189.63278198242188,191.69732427837002,189.1739902206071,189.46285503217575,2413351
2021-05-24,191.16207885742188,191.60388344772778,189.60730358141848,190.73727521585874,1924124
2021-05-25,190.34646606445312,191.76531632670606,189.794224062968,191.16208523210517,1914681
2021-05-26,190.5418701171875,191.1536016966339,189.7262509359483,191.12810027224452,1854416
2021-05-27,196.48916625976562,196.88848228826262,192.5129931710751,192.59794290728803,7052361
2021-05-28,196.1832733154297,197.31325870473663,195.67350619456707,197.10934360350385,2683587
2021-06-01,197.91650390625,198.5452089828231,196.69306814575137,197.8655285624638,2370274
2021-06-02,196.03887939453125,198.82560513287154,195.83497800092238,198.82560513287154,2361149
2021-06-03,194.73045349121094,196.80351031463874,194.11024891855155,196.01336501243384,2462899
2021-06-04,195.45260620117188,196.04733680831765,194.72195053135405,195.20622998961736,1379300
2021-06-07,193.8723907470703,195.7160313223472,193.31164814558778,194.99387595003537,2156376
2021-06-08,195.24868774414062,196.10679543659506,193.23512083652668,193.9742769160496,1825557
2021-06-09,193.5494842529297,195.74996542330493,193.3710568234414,195.25719926069175,2093777
2021-06-10,192.22410583496094,195.46112253908834,192.1391561025997,194.6624905183052,2359240
2021-06-11,191.31504821777344,193.9913088226662,190.2785128670058,193.49854257434154,2120515
2021-06-14,189.60731506347656,191.11961556882923,189.23348673587805,191.0941278989845,2743852
2021-06-15,189.0380401611328,190.19351309345384,188.33285848987236,189.4798309487433,2188843
2021-06-16,186.05592346191406,189.3778893891435,185.72457003917094,189.0380492473538,3238490
2021-06-17,183.76199340820312,187.08395960613103,182.43659336403934,186.2343523050184,2573349
2021-06-18,180.54197692871094,182.9123990730056,180.08319885705473,181.47654777714538,5757304
2021-06-21,183.51559448242188,184.73052956255867,182.10524478083434,182.44508493372967,3047616
2021-06-22,183.08233642578125,184.19532111545917,182.5640824693612,183.24376294609937,2239665
2021-06-23,182.37713623046875,183.8299609032472,182.29217274710098,183.23523027448647,2370486
2021-06-24,184.95143127441406,185.24879656532417,182.36862136180736,183.33718023708954,3569522
2021-06-25,185.8435516357422,187.0584868721794,184.64560359495076,185.10438167071527,5537465
2021-06-28,184.18679809570312,187.00749765243228,183.7704811625412,186.1663908211357,2504278
2021-06-29,183.47317504882812,185.52073081371813,183.02286986055873,184.3907451143258,3185016
2021-06-30,186.36180114746094,186.7951052969777,183.11629777322807,183.11629777322807,3041144
2021-07-01,187.4407958984375,187.98453740464632,186.62516300690504,187.40680775592045,1729642
2021-07-02,188.03553771972656,188.655756067692,186.66767642075845,187.7551733324524,1636805
2021-07-06,185.69061279296875,187.72118101730985,183.456143200592,186.99052527863915,2053672
2021-07-07,187.54275512695312,188.26492409821253,185.22332219709088,185.24030939171797,1658555
2021-07-08,186.33628845214844,187.5172491109284,184.47564750739687,185.69058255210692,2551387
2021-07-09,190.6013641357422,190.82226646304022,187.54277472044794,187.78916471975614,2293670
2021-07-12,191.1790771484375,191.7568067917768,188.7237055320264,189.36091098551282,2192344
2021-07-13,190.3804931640625,191.88429346131934,190.0661268404539,191.88429346131934,1503755
2021-07-14,193.51553344726562,194.3566404021158,190.4569439457896,190.4569439457896,2792340
2021-07-15,197.79757690429688,198.32434511372423,194.59456154830812,195.41018090529207,5885155
2021-07-16,195.69053649902344,198.6896640739286,195.08731904643417,197.27081354635047,3811961
2021-07-19,187.47479248046875,192.52996152141964,186.92253672025385,191.7313295426003,6479633
2021-07-20,195.12127685546875,196.48915182250914,188.1884655701868,188.3074034450347,29959563
2021-07-21,196.98194885253906,197.1688630463909,194.3311619884179,194.73047805006428,4832537
2021-07-22,197.73809814453125,199.02100977590953,195.52061558151365,197.7126104716145,3904692
2021-07-23,194.8324432373047,196.3617311892811,192.16466916540693,194.5605655443439,4146812
2021-07-26,194.77294921875,195.2062533917543,191.3490182121704,194.11874272149805,2946079
2021-07-27,195.71600341796875,197.3387689196137,193.7873996165639,194.288666320326,2299293
2021-07-28,195.82644653320312,197.3472475326977,194.87488850719998,195.4696191508589,1818448
2021-07-29,197.8570098876953,198.17136239706724,196.54861075629668,197.86551036248275,1593516
2021-07-30,198.63015747070312,198.7575958205427,197.17733277290452,197.78055013202098,2373775
2021-08-02,197.46620178222656,201.23845954592088,197.29627480898068,199.7771343423743,2148843
2021-08-03,197.66160583496094,198.6811263553664,195.90290164506115,198.10339668498864,1891763
2021-08-04,195.0618133544922,197.9419890151946,194.48408362918573,196.9394555939602,2465764
2021-08-05,195.30819702148438,196.7270473720313,194.51805171900003,195.01083169300654,1556699
2021-08-06,195.13827514648438,196.16630998765507,194.5690321453893,195.41015281133025,1408371
2021-08-09,193.9063262939453,194.83241038913394,193.32859660991915,194.3651181041137,1453358
2021-08-10,197.00741577148438,197.168842274387,193.81288761486135,194.05927760689397,2534517
2021-08-11,198.9615020751953,199.38630572561956,196.99889655580714,197.6191148371593,2226509
2021-08-12,197.84408569335938,199.38800529331462,196.7863764804813,199.191825312662,2034149
2021-08-13,197.69053649902344,198.45822906296894,197.17020248601946,197.76730437445244,1490387
2021-08-16,199.37950134277344,199.43067993413334,196.33430610857195,197.77586865440995,1903965
2021-08-17,197.42611694335938,199.3453553331926,194.7732958101687,198.91032354574043,2842525
2021-08-18,194.84152221679688,197.46021959420378,194.6879864655259,196.15513808908935,2711173
2021-08-19,194.25294494628906,195.54097146206965,192.81138268694198,194.12499849331698,2063751
2021-08-20,194.2273712158203,195.10595534282123,193.21230625816366,194.5941694899322,2207941
2021-08-23,195.43006896972656,197.56256957480403,193.8435054225656,193.8435054225656,2274041
2021-08-24,196.56459045410156,196.9740329544041,194.74770921039004,195.20833029702337,1342589
2021-08-25,196.7522430419922,198.18527102880716,195.16566549186027,196.92284753027505,1914256
2021-08-26,196.93988037109375,197.19577326516725,195.7030324938784,196.25747630414054,1382589
2021-08-27,197.1616973876953,199.22595105760067,196.75225487698128,197.537016236769,1765080
2021-08-30,197.7843475341797,198.56057441910752,196.66692550886665,197.2299037048469,1398716
2021-08-31,197.8184814453125,198.4497069878831,196.67547007046235,197.40903896983338,2075634
2021-09-01,196.01864624023438,198.910305108182,195.5921488598047,198.7055907846653,2635842
2021-09-02,197.01663208007812,197.41754012101381,195.9930329684307,196.97398787111496,1691765
2021-09-03,194.7903594970703,197.04227260439959,194.28709417603613,197.04227260439959,1721366
2021-09-07,190.15859985351562,194.22739454018895,190.02211900647015,194.22739454018895,3418966
2021-09-08,191.4124755859375,191.83897299333253,189.21175504002773,190.00503690346508,2576745
2021-09-09,190.15859985351562,191.90724775973152,189.64680012950956,190.99453986304744,2056112
2021-09-10,189.68089294433594,192.0863415891863,189.54441211948745,190.19269258510383,2501732
2021-09-13,190.7301025390625,192.52992894236368,189.54443301044205,191.34425941374323,2940455
2021-09-14,187.8213653564453,191.17364561461912,187.41193666634015,191.11394647041632,2864382
2021-09-15,189.10084533691406,190.1414994633645,187.77869521522013,188.1966582152221,2145024
2021-09-16,187.36074829101562,188.86202356871402,186.3968619506595,188.7425976672355,2539504
2021-09-17,186.37127685546875,187.53987755649558,185.5268025879202,187.53987755649558,4659488
2021-09-20,184.0170135498047,185.81682606922806,182.70339760347528,184.3240850696535,4253019
2021-09-21,183.30902099609375,185.04913437952018,182.83986553667364,184.92118791228071,2725391
2021-09-22,185.11737060546875,186.32010884411815,184.52028247971398,184.62263965500586,2420247
2021-09-23,187.4034423828125,188.82795016424413,185.35625706544153,185.35625706544153,2312980
2021-09-24,186.96836853027344,188.35023177374597,186.35421169194882,187.43752397893675,2067995
2021-09-27,185.8679962158203,187.51428671021952,185.7229948301393,186.7551146934168,2333457
2021-09-28,183.36868286132812,186.25180689823833,182.9421855495876,184.77612122814125,2816000
2021-09-29,183.32606506347656,184.59703672186004,183.0104591930936,184.10229199829567,2237649
2021-09-30,181.07420349121094,184.46060821185225,180.9206676960715,184.39237468389905,3113398
2021-10-01,183.94874572753906,184.60556053233273,180.52823231348276,181.67124363718588,2415367
2021-10-04,182.72042846679688,184.77614745836763,181.85036498915716,183.6075468678523,2792764
2021-10-05,184.00848388671875,185.14296099915194,182.20865751162256,182.20865751162256,1655266
2021-10-06,184.9808807373047,185.09175845707557,181.79067091323796,182.34511475071227,1841790
2021-10-07,186.2688751220703,187.53984659239026,185.7058969732081,185.95326929838703,1965609
2021-10-08,185.69735717773438,187.27539994231117,184.87847242260074,186.53329685331371,1426833
2021-10-11,183.6416778564453,186.1409492435028,183.61608856547272,185.42443528661542,1437867
2021-10-12,182.8227996826172,184.45202142716317,182.48160452048813,183.991414172634,1468106
2021-10-13,183.88906860351562,184.82736578625804,181.63715536493376,183.64171001734618,1697812
2021-10-14,186.45655822753906,186.61862834296716,184.69939005888688,185.23677898797422,1512456
2021-10-15,188.27342224121094,188.89609949962295,187.0280401050807,187.9151584107611,2313617
2021-10-18,188.19667053222656,188.9131983072026,185.8168112051451,186.4480367393235,1998181
2021-10-19,189.17764282226562,189.22882140947587,187.19869141794763,188.81937890213734,1697176
2021-10-20,190.76422119140625,190.80686541102727,188.3672929027399,189.56148295835135,1757971
2021-10-21,191.5148468017578,191.80486338198804,188.71701054850098,190.7471404197684,2810801
2021-10-22,185.4415283203125,190.98600933046959,185.30504747052586,190.19272733763916,3712015
2021-10-25,185.5609130859375,186.80628157574372,183.9487463519585,184.93822193620693,2875734
2021-10-26,186.22621154785156,188.0601609763391,184.9040616387175,186.12385440591132,2592978
2021-10-27,184.00848388671875,186.08979249553977,183.58198644736456,186.0386139075898,1747573
2021-10-28,186.3627471923828,186.6186401225503,182.86546555870856,182.86546555870856,2066722
2021-10-29,186.482177734375,187.91521971402005,185.15150674657843,185.95332308661708,2774833
2021-11-01,187.4545440673828,187.7019163921729,186.01298194824093,186.55037080811263,1801366
2021-11-02,188.6743927001953,189.33972819715743,187.01956761174463,188.11993494467885,2437541
2021-11-03,190.04766845703125,190.26091714651952,187.30102478403623,188.43551554552047,2182795
2021-11-04,189.78326416015625,191.7878048459271,189.43353460990207,189.9367999208562,2461520
2021-11-05,192.82843017578125,194.1505802979271,190.91772639265704,191.27597644716562,2471281
2021-11-08,192.54693603515625,194.687957101472,191.39539045499606,194.32117270331577,1820039
2021-11-09,194.27001953125,194.70503748445796,192.22282098341466,192.52137192244527,2513509
2021-11-10,193.10491943359375,195.24663591095984,192.9078916700288,194.69835338602323,1405613
2021-11-11,189.33555603027344,193.18206424507696,188.98431505608696,193.18206424507696,1693144
2021-11-12,190.51773071289062,190.64624396275306,188.04191588093033,190.13223257130565,2317861
2021-11-15,190.58628845214844,191.9312811061068,189.87523537320996,190.72335909229724,1281582
2021-11-16,189.6439208984375,191.28018332736337,189.3783508891215,190.71477218417428,1749059
2021-11-17,188.89007568359375,189.57541509047107,188.12762276430624,189.31841628022627,2012293
2021-11-18,189.06996154785156,189.28413183109885,187.63074057307037,188.04193864053025,1791286
2021-11-19,187.1767120361328,189.49831417082706,186.04588954000002,189.33554363565628,2223962
2021-11-22,186.8768310546875,189.36977444378914,186.7825889320752,187.0396015551993,2601148
2021-11-23,185.0435791015625,187.1510249528289,184.31539726853163,186.2086728082794,4266705
2021-11-24,181.7967071533203,184.9664325070164,181.47972352248343,184.30677923859093,3465226
2021-11-26,178.3699951171875,179.04677711167798,173.5383067555129,175.57721011936837,4093126
2021-11-29,177.89881896972656,180.08335027610298,177.3334077666953,180.08335027610298,2756584
2021-11-30,173.25559997558594,176.87938023680945,172.28754802108165,176.67376732203357,6026798
2021-12-01,170.83975219726562,176.37392250354975,170.634153156059,176.17689471217216,3313609
2021-12-02,174.7633514404297,176.00554461749266,170.9082863838923,172.15903694104378,6371199
2021-12-03,174.33502197265625,175.1745745202447,172.1933190271784,174.77193381172142,3762200
2021-12-06,176.69088745117188,178.2671789617505,175.5086514815694,175.81706388001675,4643360
2021-12-07,177.4619140625,179.56078843404762,176.27112060313692,177.61611334132317,5078689
2021-12-08,175.3201904296875,175.90273021584807,173.49544370225098,175.48294706962355,5302241
2021-12-09,176.47671508789062,177.47046678545888,173.86382952369786,175.2602218757176,5296512
2021-12-10,179.74069213867188,179.93773380170913,176.3225248222897,177.19634849639385,3618222
2021-12-13,179.24383544921875,180.54598593038492,178.70412405334818,179.73213321132016,3068730
2021-12-14,177.05926513671875,181.22274255678818,176.39961180351864,178.90112675528627,4021827
2021-12-15,179.69784545898438,180.24611414301177,175.82563806653363,177.80457026940636,3132072
2021-12-16,179.56936645507812,181.00001626700103,179.30378252797527,180.97431638622805,3175785
2021-12-17,175.7656707763672,179.99769041756784,175.37160135114414,179.44083660337347,5919425
2021-12-20,171.2080841064453,173.60679915997167,169.7088923989913,173.15275879763036,3594031
2021-12-21,172.7672576904297,173.7181808453787,171.60217814740594,172.32178854797957,2788520
2021-12-22,172.9129180908203,173.0499887345654,171.40515487895993,172.38177801464286,3300877
2021-12-23,175.8085174560547,176.74231216283823,173.90668464997557,174.07802643656666,2521042
2021-12-27,176.84507751464844,177.02497664727076,175.54291347458638,176.21112412223198,2638070
2021-12-28,177.37623596191406,178.28431683717938,176.66519673669143,176.87936701612827,2091443
2021-12-29,177.78746032714844,178.22437216594776,176.87080813840092,178.11300139375683,1819085
2021-12-30,177.42762756347656,178.9610905771683,177.256299669404,178.27575126220822,1350759
2021-12-31,178.6269989013672,179.20953872797352,176.80225204723843,177.2134639733146,1630227
2022-01-03,177.16207885742188,179.3466241917361,176.09979863060437,178.07015980021808,2735895
2022-01-04,179.0467529296875,179.5179219526108,176.17686868000075,177.08494947026568,3455040
2022-01-05,180.81155395507812,184.6837619606588,179.14959127237685,179.50940348866092,4337899
2022-01-06,180.60592651367188,183.63001020176242,180.43458474821185,181.4454789734899,3469894
2022-01-07,184.82937622070312,186.16579761953753,181.24843870242282,181.74532150441792,3243159
2022-01-10,182.86761474609375,185.4376586233544,181.49692190435374,184.7608765189277,3664376
2022-01-11,185.30909729003906,185.89163704561219,181.20559138694716,183.6899635310486,3744800
2022-01-12,186.97108459472656,187.77636595795772,186.200074359747,186.3200025046242,3294193
2022-01-13,187.9819793701172,190.08941104995728,186.81688583041,187.09958449858274,3270533
2022-01-14,186.45706176757812,186.73120303818703,184.49525823695174,186.42280451075305,3547029
2022-01-18,182.97897338867188,184.99217706610835,181.6682377836992,184.0840960659604,3241355
2022-01-19,180.52880859375,183.98980372465525,180.41743784441553,183.68140522126782,2774303
2022-01-20,178.97824096679688,183.7156869842844,178.8154704451832,181.342685285534,2725391
2022-01-21,175.7056884765625,179.56076707390272,175.58576034152293,179.26949718099576,4711689
2022-01-24,175.14886474609375,175.43156341642006,170.46280454197824,174.93469446364375,5769824
2022-01-25,173.3069610595703,174.5834251666982,169.54612485359414,171.94483994885005,5557306
2022-01-26,171.89346313476562,176.38248155558242,170.24005806161642,174.03516589701218,3594244
2022-01-27,171.89346313476562,175.4744006939367,170.70266974167558,173.96663751112783,2917750
2022-01-28,173.04139709472656,173.0927968464073,167.9526968543278,171.66214730907015,3599230
2022-01-31,175.174560546875,175.6029011018026,170.74551310641613,171.8163644937351,3498966
2022-02-01,175.91131591796875,176.3225139799453,172.63021945554567,174.7033800029058,3239551
2022-02-02,177.8045654296875,178.05300682175087,175.31162186822746,175.9798325436153,3008890
2022-02-03,164.2604217529297,172.1933072268677,164.1233511094921,171.473696750822,9209374
2022-02-04,164.05479431152344,165.15991674111433,161.08211053563753,164.37177794787715,5814174
2022-02-07,164.8943634033203,166.7019678000684,163.46369981340118,164.6116647328665,3668726
2022-02-08,166.67626953125,167.10461010048158,163.66931429705684,164.89436499641855,2902684
2022-02-09,168.44102478027344,168.78370831732033,166.787633578297,168.01268422830015,3406341
2022-02-10,164.2689666748047,168.74085620346784,163.64359838138463,166.29074117550815,3882836
2022-02-11,160.19117736816406,165.24560722010247,159.81423655474487,164.3203976858328,5648234
2022-02-14,159.9341583251953,161.41622151166612,158.09228300079874,160.52526935007282,3349365
2022-02-15,162.3671417236328,162.70981138749354,159.7970984406746,161.2106194724346,3001039
2022-02-16,161.96449279785156,162.59844620647794,160.02838918520177,162.37570469512264,3273822
2022-02-17,158.13511657714844,160.95360091454924,157.88667520690942,160.6109174234609,3263530
2022-02-18,156.02772521972656,158.53781192484283,155.39377163783587,157.56975985394197,5345742
2022-02-22,156.3960723876953,158.72625957184576,155.00825112470602,156.87581272874505,4252488
2022-02-23,153.31199645996094,157.52687330187436,153.17492582850565,157.26130328759672,3800926
2022-02-24,157.06768798828125,157.3691801076603,150.24540900791277,150.7019494358748,6259582
2022-02-25,162.42562866210938,163.25258101906425,156.83514456324795,156.86098595279628,5306061
2022-02-28,163.45066833496094,163.61433509194617,160.26348974132452,160.26348974132452,4361877
2022-03-01,158.15306091308594,163.53681313274265,157.5759180340091,160.78033355819704,5796243
2022-03-02,160.5994415283203,162.1585709941943,158.63544044658542,159.6519008167031,5666483
2022-03-03,161.52978515625,165.25964770706042,161.18522861594852,163.20951746556446,5329297
2022-03-04,161.4522705078125,161.6590016550514,158.94559956471625,159.91898195914297,5370782
2022-03-07,156.91261291503906,161.34020501783698,156.79201050957806,161.11625103665082,3749362
2022-03-08,157.8429718017578,161.0990563071307,156.87819414271542,156.93849536122482,4854075
2022-03-09,159.70358276367188,161.2799351631862,159.26426526652938,160.53052104149734,3076263
2022-03-10,158.80775451660156,159.45380321755292,156.96435552928227,157.24000632199056,2605179
2022-03-11,156.9815673828125,161.0215400353488,156.80067766412392,160.5477765997395,2891756
2022-03-14,157.80853271484375,159.53994771645375,157.39505652090128,158.0411052294776,3185228
2022-03-15,161.76234436035156,162.0896778994557,159.1781358794512,159.47100958662256,4162091
2022-03-16,164.55325317382812,164.74276131153107,160.6683433237687,163.3214572516098,4384795
2022-03-17,165.3285369873047,165.91428439269953,162.9769149757453,163.36453578268188,3345864
2022-03-18,167.7318572998047,167.90412858137805,163.49377179839942,165.19072689883575,9282265
2022-03-21,166.26744079589844,167.4647908061651,164.97534369194508,166.7412041557342,3714137
2022-03-22,167.99888610839844,168.76553722425083,166.37083676567573,166.37083676567573,2514040
2022-03-23,165.68170166015625,167.93856248217372,165.3974324736171,167.4906404844083,1926882
2022-03-24,167.7060089111328,167.73185029957554,165.43191094535962,166.40529315287452,2331866
2022-03-25,170.37631225585938,170.86731248430144,168.24865854497776,168.27449992827994,2698229
2022-03-28,169.7905731201172,169.98868575308154,167.32696736187526,169.77333623328457,3470001
2022-03-29,170.16098022460938,171.7545695471318,167.82658126183074,171.48753724368072,3554668
2022-03-30,169.29959106445312,170.71229076009578,168.56739982930677,169.79919586797138,2575578
2022-03-31,167.6112518310547,170.73814358099466,167.58541044199916,169.41158640283606,3475836
2022-04-01,168.86024475097656,168.92916440256408,166.68090830570375,168.74826077642214,2426083
2022-04-04,168.89471435546875,169.37709616170872,166.62923518739458,168.2572702970292,2176323
2022-04-05,166.7929229736328,169.23929214116424,166.32776404976957,167.66292565584558,2433722
2022-04-06,166.78431701660156,168.03335005441159,164.63942589612574,165.31993441680387,3121993
2022-04-07,165.9918212890625,166.76709085382015,162.32226036098282,165.8195500102193,2335792
2022-04-08,163.80386352539062,166.5861847930928,163.50237135961305,166.2502467394633,3053346
2022-04-11,163.0372314453125,164.74280513837596,162.57208639369037,163.8986437105175,2865443
2022-04-12,164.51882934570312,166.15548314761122,163.66603563886784,164.44130518066416,3287827
2022-04-13,167.8438262939453,167.9816516743017,164.8030773732059,165.24239490148545,2537169
2022-04-14,168.13671875,169.4374345912999,167.89552779390178,168.1194958051731,4536624
2022-04-18,165.44911193847656,168.73105150949834,164.6480150573326,167.36143021233886,2077438
2022-04-19,169.8681182861328,170.00594366933578,165.87982850913548,166.3105276020061,3544483
2022-04-20,169.12728881835938,171.84932238619814,168.84303358641245,170.7122735670076,2782897
2022-04-21,168.7827606201172,172.78827354234883,168.36928444965932,170.5227939683032,2565710
2022-04-22,164.20872497558594,167.64571343038452,163.9675340266267,167.6284904860674,3226289
2022-04-25,165.23377990722656,165.30269957169517,161.3660925692951,163.95030107280664,2543748
2022-04-26,161.65896606445312,164.40684133530144,161.57283740253627,163.24395099669053,3022789
2022-04-27,160.52191162109375,162.61511973725274,160.01368838293988,160.5994497272907,3239764
2022-04-28,163.59710693359375,164.24315549718716,159.57437174151016,161.75370833820386,3633395
2022-04-29,166.68954467773438,173.99422029220824,166.13825708811754,172.4437091291013,7690659
2022-05-02,169.5838623046875,173.0725335965167,165.3285538195079,167.5337322313778,7532676
2022-05-03,169.7303009033203,170.85873146417464,168.18839417336753,169.1100936225245,5686748
2022-05-04,177.31922912597656,177.79300650992178,169.99733037946086,170.11793282305896,5818206
2022-05-05,170.4452667236328,176.30278294368998,169.23929806799808,175.46722611864772,6110299
2022-05-06,168.34344482421875,170.05763680131594,166.38807584395755,169.93703435403003,3845913
2022-05-09,167.07717895507812,168.6621499459552,165.69893906649276,168.0677840811634,4012065
2022-05-10,167.77493286132812,169.90260117234212,165.57837276791935,169.0756487609157,5058318
2022-05-11,165.40606689453125,169.5752464313414,164.88922518829253,167.82659470728444,3484218
2022-05-12,167.03379821777344,168.6182511579323,163.3713873066322,165.35411213706257,4233708
2022-05-13,167.5619659423828,168.79143232341866,165.31083880445013,167.45807013893472,3434881
2022-05-16,167.9342803955078,169.08582503699725,166.52299621990113,167.62259295456712,2784276
2022-05-17,172.34994506835938,173.20709945098608,169.52736301999266,169.67455808412942,2890058
2022-05-18,167.8563232421875,172.02956432784273,167.31951897304967,171.224357924136,3380240
2022-05-19,166.80001831054688,169.0165084909897,162.87785423006858,166.26321406614534,3316898
2022-05-20,164.2891387939453,168.150692343881,160.8518450659095,167.5619402032844,4121030
2022-05-23,164.14195251464844,166.39307923474763,163.2068624226927,166.1592997031386,3953286
2022-05-24,164.47096252441406,165.16361041916693,160.08125357633685,163.9081703405324,3015786
2022-05-25,164.8865509033203,165.51860228990182,161.64838614830592,163.74366922507994,2665232
2022-05-26,167.18963623046875,168.12472639684282,165.53592415494316,165.61384599926745,2375155
2022-05-27,170.00357055664062,170.03820716295982,168.00353432189766,168.82605209697044,2383430
2022-05-31,167.63990783691406,169.17241317271854,165.86497425833323,167.58795992897944,3717107
2022-06-01,166.15931701660156,168.59227562973714,164.84328025132976,168.40179533317556,2505339
2022-06-02,170.60096740722656,170.73949980062287,166.28919397095555,167.7870483161484,2663747
2022-06-03,168.6788787841797,169.84773464155123,167.63123002861886,169.13776127428932,2392449
2022-06-06,168.99920654296875,170.5403601757886,168.39312906222017,170.2113474872246,1682958
2022-06-07,171.10311889648438,171.42348291063237,166.3671000899127,167.64851409478547,2260036
2022-06-08,168.4191131591797,170.46244860311864,167.63988064929097,170.25465700507957,1791817
2022-06-09,166.2459259033203,169.33689634385811,166.10739348393344,167.3108859926572,1776963
2022-06-10,161.2847900390625,163.37141096766038,161.22417947689203,163.05106087796477,3054301
2022-06-13,159.67434692382812,161.1462414783636,157.86479101732985,157.89076496748083,5054922
2022-06-14,158.68731689453125,161.92548227657196,157.96003223588787,160.2977439379326,3663103
2022-06-15,160.15052795410156,162.15057802573943,158.25438769205158,159.67433423343238,3160931
2022-06-16,155.7435302734375,157.9253840899589,155.0162316506883,157.44919034189513,4698320
2022-06-17,155.58766174316406,157.8993991641335,154.28027366490952,155.3279222654107,5977250
2022-06-21,156.2889862060547,157.50112712971952,155.3365847598748,157.36259473598054,3114566
2022-06-22,153.88201904296875,155.64828974140846,152.53134557276272,154.51407053267445,3084009
2022-06-23,151.14601135253906,154.64391558401618,149.71740224122885,153.44908600878824,3536737
2022-06-24,155.86474609375,155.96864189789147,152.1244130411999,152.80841244145506,4408773
2022-06-27,154.36685180664062,156.83443281265073,153.5962820428758,156.7045630791219,2759343
2022-06-28,152.34088134765625,157.11153825975123,152.16771231329665,155.38856664202294,3375147
2022-06-29,149.9598846435547,152.7997785839595,148.41006789369854,152.42748054320356,2576426
2022-06-30,150.48802185058594,151.01617757894016,147.34510348491477,148.28017980017742,3047404
2022-07-01,151.6135711669922,151.83867405315488,148.54856107369022,150.34946826644267,2093459
2022-07-05,148.99879455566406,150.41874114751712,146.28877111700746,150.41874114751712,3549682
2022-07-06,149.96849060058594,150.86894409448072,148.12429837502577,149.5875300461397,2336216
2022-07-07,150.47068786621094,150.83432314949965,148.28015744216273,150.83432314949965,2924859
2022-07-08,150.08108520507812,150.93823965051376,148.50529471534819,150.557279004266,1713303
2022-07-11,149.64817810058594,151.56162998961418,148.99881526782923,151.52700739761596,3420876
2022-07-12,150.31484985351562,153.09413282620145,148.6784628297996,148.6784628297996,2925814
2022-07-13,147.94253540039062,149.2066246067701,147.07671818723432,147.8645995160306,2118923
2022-07-14,146.7649688720703,146.99873439723197,144.89480261905462,146.08096957175772,1935476
2022-07-15,149.613525390625,149.7433951397516,147.3017877872024,148.0810343164465,2321999
2022-07-18,148.0117645263672,150.85165786486522,147.64811520316553,149.90790495916733,1758077
2022-07-19,153.44912719726562,153.84739915683141,149.6048839570982,149.71744242805562,2605179
2022-07-20,154.34091186523438,154.66992460749117,152.54000443937946,153.08547145762165,1749377
2022-07-21,155.8733367919922,156.04649171321125,153.34514598361918,154.34083233664703,1966776
2022-07-22,157.12014770507812,158.34961379126463,156.02055134205654,156.2803048056258,2469053
2022-07-25,156.9383544921875,157.96001516291048,156.15910799756807,157.37991161959803,2059613
2022-07-26,157.07687377929688,158.9037407235763,156.2023942182916,157.27600269674053,2465870
2022-07-27,159.01632690429688,160.19384539141475,155.45781150915187,156.15047356546913,3719972
2022-07-28,164.8865509033203,165.7870044089558,161.8042438442408,163.73502058775716,3876788
2022-07-29,166.635498046875,167.21558748163136,163.51855461077412,164.92117565270965,3084751
2022-08-01,166.2285919189453,167.24160396490234,165.2848530818485,165.7264102150549,2475631
2022-08-02,163.74368286132812,165.67445976563576,163.34541097686147,165.48397947006623,3538966
2022-08-03,165.8043212890625,166.15930791399123,162.60079302708954,163.95148033968613,2689741
2022-08-04,166.61817932128906,166.94719197715847,164.8865455680732,165.48396033431186,1804973
2022-08-05,166.4710235595703,166.97319125660823,164.7480381819791,165.86494604709227,1961471
2022-08-08,167.94290161132812,169.2329643411855,167.18098047626796,168.13338189509315,2204440
2022-08-09,168.0467987060547,168.7567719526306,167.44938390311165,168.4623958785666,2420778
2022-08-10,170.76548767089844,171.70922653669064,170.0208777478401,170.51439681131853,2800616
2022-08-11,172.7320098876953,173.6978732814702,171.41809307049965,171.41809307049965,2538655
2022-08-12,174.7855224609375,174.88123115075055,172.49705077119225,173.44550219289417,2395526
2022-08-15,175.98631286621094,176.37788169987624,173.54121935197787,174.57668760459464,2448682
2022-08-16,177.22193908691406,177.7353203167164,174.08072440192618,174.3939682354713,1762533
2022-08-17,176.447509765625,177.48297815338447,175.1161952795398,175.60347286351617,1762533
2022-08-18,177.26547241210938,177.5091112445024,176.09948556513982,176.2126061100439,1601261
2022-08-19,175.38592529296875,176.48230682282104,174.77682131255355,176.30827308920595,2165183
2022-08-22,172.14901733398438,173.74138259740698,171.70525518596892,173.66307163011012,2745868
2022-08-23,171.89666748046875,173.01044681406538,171.53990816671472,172.6014801946145,1705664
2022-08-24,172.1055145263672,172.74941408813558,170.8264072298544,171.19187249481803,1434260
2022-08-25,174.40267944335938,174.46359266414407,172.21862210663056,173.34979921175736,1731022
2022-08-26,167.98971557617188,174.41136870532188,167.88530097178915,173.36719448701965,3010057
2022-08-29,167.43283081054688,168.72064389307397,166.37125877843036,167.74608873321066,2223538
2022-08-30,165.93617248535156,167.97229948076892,164.7092727405673,167.0325539779752,2359664
2022-08-31,164.76148986816406,167.6416538489823,164.46564378320934,167.56334289301526,2789687
2022-09-01,165.9622802734375,166.31903956306246,164.05667148267148,164.58745041710344,2379399
2022-09-02,162.62094116210938,168.3116784167588,162.04664670601852,168.0158323188766,2916052
2022-09-06,161.49847412109375,163.96098005547725,160.4195042203689,162.8123910137275,2704383
2022-09-07,164.53526306152344,165.1182634560358,161.6986002261824,161.75951344850623,2487302
2022-09-08,163.43020629882812,163.8826743811455,160.48911445842288,163.8826743811455,3720397
2022-09-09,166.79762268066406,167.07607103621365,164.29161565519487,164.55266627123703,3087404
2022-09-12,167.093505859375,168.52052922529478,166.52790315706127,168.11156254905893,2935469
2022-09-13,160.9589385986328,165.3618618753079,160.64569482416002,164.030547659327,5154869
2022-09-14,156.59959411621094,161.19395069748268,155.05073009200734,161.19395069748268,5251844
2022-09-15,153.89340209960938,156.61694400819292,153.31910770241475,155.87732179571938,3662678
2022-09-16,154.3197784423828,154.57212314124288,150.1169917814154,151.02194187967203,6809392
2022-09-19,155.43356323242188,155.8164262071919,152.91885024301124,153.14509129734958,2563588
2022-09-20,154.02394104003906,154.4938208985365,152.3358671847326,154.05004469399788,2630007
2022-09-21,151.66587829589844,156.30375043967294,151.65718646777873,154.80709370856536,2658229
2022-09-22,150.752197265625,152.05740804557888,149.6819193546571,151.00454196084274,2365924
2022-09-23,149.125,151.66581613061015,147.85459897831288,150.34320781263696,3397640
2022-09-26,147.9851531982422,149.95167546058488,146.93228701751187,149.25556861603775,3471168
2022-09-27,147.9851531982422,150.06479599245264,146.51461445843998,148.67256821611903,2856636
2022-09-28,151.25686645507812,152.06610781224123,148.29839162421067,149.54268913653556,3265546
2022-09-29,147.9851531982422,150.847919714378,146.2796815680342,150.847919714378,3307137
2022-09-30,145.2876739501953,148.96837272879074,144.99182791951822,148.0112155194028,4042728
2022-10-03,150.56944274902344,151.7354433274412,147.1236905745452,147.9851250963556,3585119
2022-10-04,155.05072021484375,155.24215172686868,152.12704022093936,152.18795344913832,3916469
2022-10-05,154.72006225585938,156.42553385467895,152.28366017030666,153.68457974752724,3119552
2022-10-06,152.3097686767578,154.6156384784887,151.28299204946293,153.39744444052138,2757751
2022-10-07,149.151123046875,151.5440235116428,148.24618706872934,151.04804004518132,3142258
2022-10-10,149.56881713867188,151.2307874256885,148.02867330123541,150.36935271340505,2049958
2022-10-11,151.0741729736328,152.9362807683367,148.6029610753505,149.14246012375102,3085706
2022-10-12,150.3519287109375,152.27494948252905,149.83854747336088,151.45701623290157,2894408
2022-10-13,154.49378967285156,155.22470592320704,147.24549811692694,147.40212000902395,3419603
2022-10-14,151.54403686523438,155.337857108909,151.2568825857745,155.0159073491574,3151488
2022-10-17,154.05006408691406,155.75554998438443,153.25823436749727,154.58954906146946,3647612
2022-10-18,156.52127075195312,157.63505023546193,154.57214609038246,156.78230731557224,2099295
2022-10-19,155.99916076660156,157.34787296049885,154.8331600533273,156.1905922477262,1790968
2022-10-20,154.5721435546875,157.33920151985936,154.11096957503221,156.0687860317794,2851438
2022-10-21,159.07077026367188,159.50584056924166,153.59758187517696,154.00654852590213,3140348
2022-10-24,162.6296844482422,163.6564471569456,159.96704078094334,160.55004128446515,3470531
2022-10-25,165.0225067138672,165.20524634324175,162.02051665684257,162.42079138927005,3084433
2022-10-26,165.56204223632812,167.8940156761101,165.11826601999104,166.74542669690783,4459277
2022-10-27,170.9743194580078,173.6630663564161,167.76349946014125,168.2507770777954,5043994
2022-10-28,178.3182830810547,178.51840634787825,171.14830285332116,173.15834004371382,5191155
2022-10-31,177.5264892578125,178.3705261391175,176.0211410628802,176.1255556729817,4703837
2022-11-01,176.7259521484375,178.4488354610355,175.35112222873377,177.90064467578895,4643573
2022-11-02,174.43748474121094,180.0237932574435,174.07201951268644,176.93478585987313,4978955
2022-11-03,177.8484649658203,179.29290015332325,173.30631606538074,174.35049049331357,4937576
2022-11-04,180.859130859375,181.01575277060275,177.69181263372292,179.51040461339056,4376625
2022-11-07,182.52976989746094,182.9387364503928,180.2412983834317,180.72857588217144,2834674
2022-11-08,183.91331481933594,184.8008530038656,181.75536143938302,182.14691618818867,2791809
2022-11-09,182.4268341064453,184.97134447997675,182.26069666872095,183.62476204229318,3225864
2022-11-10,187.82196044921875,188.05805802113457,184.63038220370305,187.86568903775742,4620231
2022-11-11,186.01190185546875,187.9618227262673,184.89266825515554,187.63829636499136,4484635
2022-11-14,186.24801635742188,188.94116758757627,185.22496005501168,186.05564740125183,3261514
2022-11-15,188.372802734375,189.03735258832182,186.32670435673546,188.31159121493766,2511811
2022-11-16,187.1223907470703,189.07231151034927,186.51905247992823,188.66134217122675,2596161
2022-11-17,187.56832885742188,188.32907019104178,185.39107325918954,185.59217658052793,2853347
2022-11-18,187.58583068847656,190.05164682358838,186.3878884956392,189.21222517452514,3156157
2022-11-21,189.3608856201172,189.93799248888806,186.99124662344605,187.99681998710463,2489637
2022-11-22,191.28456115722656,191.50316158438906,189.74560962001067,189.85928410713117,2669900
2022-11-23,191.41571044921875,192.96341046775294,190.882332224593,191.31078451363496,2850589
2022-11-25,192.4125213623047,193.20822852509755,190.39265477837793,190.39265477837793,1188214
2022-11-28,188.67007446289062,192.55243300961808,188.40775963497438,192.1064836459366,2803799
2022-11-29,189.5008087158203,190.11289567452096,188.1542259004153,188.80127874070138,2229904
2022-11-30,191.97532653808594,192.93717116901897,186.85132558941945,189.15100415730623,4960175
2022-12-01,190.08660888671875,192.9109311424129,189.17722726172795,192.61363629805928,4233814
2022-12-02,191.56439208984375,192.24642492394653,187.75199290099823,187.84817030349507,2328152
2022-12-05,188.52145385742188,191.13591048896845,188.17168184193474,190.40141473765112,3265546
2022-12-06,186.41412353515625,189.5182580521169,184.81397465896475,189.10728868842673,2672022
2022-12-07,186.6414794921875,187.2011033939992,185.38233986933656,187.09617745146585,3165494
2022-12-08,186.55404663085938,187.63831446051435,185.55723596637105,186.99124751933567,2301840
2022-12-09,185.05006408691406,187.5508603826433,184.84894659384318,186.5540356207597,2397860
2022-12-12,187.55963134765625,187.63832581359625,184.55167376421832,185.51351860830792,3551167
2022-12-13,187.96180725097656,192.3338295103772,186.37039290392644,191.97532314716986,3660238
2022-12-14,187.75198364257812,190.50634633077686,186.29172648765743,189.06358627088474,2701200
2022-12-15,182.72418212890625,186.87760512448966,181.90224324714603,186.1518436524411,3417905
2022-12-16,183.3974151611328,183.8783445438363,180.32826095790057,181.3076026593932,7563339
2022-12-19,183.10890197753906,185.66216138773436,182.1995201683457,182.9777445426136,3278278
2022-12-20,184.9276580810547,186.03814319326509,182.94275707368047,183.24880051355396,1990330
2022-12-21,188.08424377441406,188.2591156173601,186.02938283094505,186.21301737694162,2785337
2022-12-22,185.64466857910156,187.6557868909782,182.74163728847006,187.41970352066323,2355420
2022-12-23,187.00872802734375,187.74322375608762,184.9014182330575,185.37358495824827,1380043
2022-12-27,187.90061950683594,188.67884384262325,186.86882886147276,187.03496632290543,1550121
2022-12-28,185.53973388671875,189.3171670154016,185.38234496858948,188.81000607090627,1705345
2022-12-29,187.7781982421875,188.21539907897267,186.04687783227743,186.3266897653138,1994574
2022-12-30,187.3847198486328,187.55960585332363,185.31239005854948,187.10490790361754,1697600
2023-01-03,187.3847198486328,188.12796413423118,185.56595636225856,188.12796413423118,2354677
2023-01-04,183.6597442626953,184.70903186545655,181.28135714227332,182.3131618089372,4095778
2023-01-05,178.7893524169922,182.58426879841917,178.4308459696693,182.29572242464693,4305008
2023-01-06,183.86087036132812,184.55165168802807,180.01350560142103,180.53814946782322,4303734
2023-01-09,184.2106475830078,186.7988727991943,183.22257134053854,183.86087555803672,2787671
2023-01-10,184.7964630126953,184.8926545529925,183.18756571624246,183.18756571624246,1884018
2023-01-11,185.6359100341797,186.16928826453696,183.6335262211905,185.35609809879983,3097590
2023-01-12,188.85374450683594,189.9379982077157,185.70588104263823,186.11685045445984,3145016
2023-01-13,189.40460205078125,189.5969709946963,186.16056148947612,187.55085852022466,2118923
2023-01-17,185.58343505859375,189.76307425659382,185.31237168755248,189.76307425659382,3481459
2023-01-18,178.58822631835938,184.40300904450783,178.36087734260738,184.40300904450783,5412585
2023-01-19,175.45787048339844,178.7106456171011,175.07313257410476,178.64069970460497,4826595
2023-01-20,176.65577697753906,177.2066522872232,173.8402030717723,174.50473870579867,4220128
2023-01-23,178.7805938720703,179.9960048844868,176.08742868497797,177.1104707554593,2970482
2023-01-24,180.9403839111328,181.5961852544198,176.83068983071047,178.34341002546728,3413449
2023-01-25,180.71299743652344,181.1327153054213,178.1684870535411,178.85051974286043,2286137
2023-01-26,183.056396484375,183.11760799186445,180.03095685495214,181.7010655550168,2044865
2023-01-27,181.9896697998047,183.4761443351452,181.56120330048418,181.77980374593656,2251866
2023-01-30,179.934814453125,183.09141210059374,179.78615992835822,180.59061575912875,2700988
2023-01-31,182.29568481445312,182.37437926379158,179.6986972051635,180.62556181678195,2439027
2023-02-01,180.75674438476562,182.2694502633361,178.21221958690748,181.3600826892882,5721124
2023-02-02,181.33384704589844,182.06834275711918,172.86086533596693,173.96261598091033,7621694
2023-02-03,177.23289489746094,181.17645115367182,176.2972816669172,181.17645115367182,4729620
2023-02-06,178.41331481933594,178.4920092636457,175.54526401574478,176.84813201035738,3028306
2023-02-07,179.66375732421875,180.14468683039027,176.4372133992008,177.50398421121523,3127616
2023-02-08,176.82192993164062,179.0866287263278,175.9387796493826,178.29092144880656,3779494
2023-02-09,174.19871520996094,178.3171576835841,173.69156841894204,177.8187594401395,3197111
2023-02-10,175.29171752929688,175.60649534205933,173.4554711528416,173.84020902814555,3067033
2023-02-13,177.82748413085938,178.15101049875008,174.6621522038286,175.04689008894866,3154565
2023-02-14,175.7551727294922,177.59141934490535,173.717808603381,177.58267079689298,3182363
2023-02-15,176.37596130371094,176.40219278665194,173.88391379941902,174.70585247320267,2686664
2023-02-16,174.32113647460938,176.22734304679963,173.1144597955889,173.80524114127357,2922949
2023-02-17,176.1223907470703,176.612068716486,173.70903755618303,174.2336814006661,3024274
2023-02-21,172.04769897460938,176.32353056916938,171.77663554926147,176.25358465394876,3003585
2023-02-22,170.9372100830078,172.68602794519083,170.17648273591348,172.32752148672265,3144061
2023-02-23,171.42945861816406,172.32608164559633,169.2846163390004,172.32608164559633,2595843
2023-02-24,168.80995178222656,170.43616631653572,167.77269585073336,170.43616631653572,3507136
2023-02-27,169.1703338623047,171.41187712181073,168.5462242581193,170.90202988250974,3568249
2023-02-28,168.31765747070312,169.09120892219116,166.6914432917166,168.34402789603993,3299816
2023-03-01,169.5482635498047,170.84045679921172,167.51769855422768,167.5704393932398,3428834
2023-03-02,170.9283905029297,171.51734899083945,168.33523694891343,168.4143624579814,4513812
2023-03-03,173.01171875,173.64462323216216,170.72622955156956,171.79865063992193,3306607
2023-03-06,173.2051239013672,175.200538600465,172.86229408336564,173.33697605013364,2887830
2023-03-07,171.95687866210938,174.22479239153068,171.19212202005139,173.53914703335377,2950641
2023-03-08,171.91290283203125,172.86225230491368,170.64709404738448,172.5370123394929,2190859
2023-03-09,169.5482635498047,173.1259453374829,169.082376651062,173.064409614901,3383105
2023-03-10,169.94387817382812,172.88864219511692,168.67806924665447,169.54830754738379,3890793
2023-03-13,169.74166870117188,171.61402560209024,168.92417138181096,169.653776781313,3420240
2023-03-14,169.62742614746094,172.44033792241325,167.1661247865761,172.34363687560108,5149245
2023-03-15,165.36412048339844,167.90453346107387,162.41056130016088,167.0782410499496,4165804
2023-03-16,166.26072692871094,166.81452010973672,163.7642601711968,164.70482909036102,4087184
2023-03-17,162.30506896972656,165.26742284589255,161.9446636453644,165.0916105111573,7834106
2023-03-20,166.91119384765625,167.22765316824405,163.06980719350753,163.46537778644085,3014089
2023-03-21,168.03634643554688,168.8978039613521,166.26948542322592,167.9572351675451,3325068
2023-03-22,164.52024841308594,168.77476761963683,164.44991778386913,168.52863887979365,2491759
2023-03-23,164.3092498779297,166.50684694677807,163.10497675989464,164.25650902832274,2504066
2023-03-24,165.39926147460938,165.4520023244816,162.26989040535582,163.8433637097603,2474570
2023-03-27,165.24981689453125,166.6562727410891,164.7575594829169,165.81240492563674,2263219
2023-03-28,165.1883087158203,166.67389031492135,164.73121653770264,165.0388810290855,2195952
2023-03-29,166.1991729736328,166.7617467475849,165.056421424859,166.71780078583427,2847936
2023-03-30,166.24314880371094,167.40347609941594,165.24105830738958,166.67388476979997,2121363
2023-03-31,168.00123596191406,168.22977493652851,166.42776241261168,167.12218845441296,2867459
2023-04-03,169.89993286132812,170.44493116211441,166.9815392551487,167.5177426700491,3048890
2023-04-04,167.8429718017578,169.8559616611336,166.73538550015442,169.75927484747922,2651545
2023-04-05,166.51564025878906,167.90452068723178,166.38378812474883,167.27161621263156,3214618
2023-04-06,167.42103576660156,168.87143750981775,166.14643210156612,166.6738547985189,2952020
2023-04-10,168.4934844970703,169.30218709877337,167.2979919046643,167.66719212280356,2695152
2023-04-11,168.94178771972656,169.7944647828837,168.61654769032884,169.5483218079794,2584172
2023-04-12,169.8560028076172,171.29762432598807,169.06487564248636,170.05818560042565,3879865
2023-04-13,172.20297241210938,172.66007871215808,169.30215476981715,169.873537644878,3565597
2023-04-14,172.77438354492188,173.81163931187035,171.63163183910464,171.9656667341711,2083698
2023-04-17,173.9259033203125,174.11049629536313,172.9413884784342,173.32814996813826,1785345
2023-04-18,173.10842895507812,175.34119183206104,172.4843192747242,174.6819026025147,2546400
2023-04-19,173.8819580078125,174.62913908858016,173.3633301174745,174.26873376182854,1977810
2023-04-20,172.95013427734375,173.8379621256703,172.29085955382286,173.60940900086467,2065873
2023-04-21,172.36123657226562,173.47760361479922,171.7634831796015,173.24905042845094,2090913
2023-04-24,172.97654724121094,174.1192989150995,172.52823576496795,173.3545423247133,1703542
2023-04-25,172.25572204589844,174.84887540266317,172.16783012020926,174.50605989134084,2381202
2023-04-26,167.80783081054688,170.94598269960014,167.17491211626378,170.4273548276804,3797743
2023-04-27,174.58518981933594,174.79615323346243,170.154844273023,172.2381649123504,4098006
2023-04-28,175.66639709472656,176.51905982627747,174.4796994865177,174.9280109505804,3037749
2023-05-01,176.22898864746094,177.7057753155566,175.77189648305503,175.80706179761174,2360619
2023-05-02,174.27752685546875,175.5081705004951,172.61614726127777,175.5081705004951,2745974
2023-05-03,174.0138397216797,176.34327510615947,173.79408139802672,175.67520524826767,2944593
2023-05-04,172.4842987060547,174.92802473710537,171.35034185940003,174.24236515863848,2445393
2023-05-05,174.4181671142578,174.56760901556333,172.976545877971,173.46880331689658,2215474
2023-05-08,173.12599182128906,175.78946183134863,172.26453416745332,175.58729330458817,1585665
2023-05-09,173.2842254638672,174.3039057424392,171.3767170480885,172.2557502988015,2374200
2023-05-10,173.4687957763672,174.69945355139222,170.81412082961438,173.60066213169563,2289956
2023-05-11,171.40989685058594,173.45113053766673,170.72065412843668,173.13301080889624,3045919
2023-05-12,171.091796875,172.62050835492096,170.27883692525813,172.2582120745047,2230222
2023-05-15,171.7014923095703,172.73536345249386,170.23463961146095,170.9857408667283,1661314
2023-05-16,169.3156280517578,171.39219685798875,169.04169922049667,171.39219685798875,2175793
2023-05-17,173.21253967285156,173.5748359469791,170.13744901095473,170.57044491733254,2568681
2023-05-18,175.18310546875,175.3068226946459,172.21404941189778,172.70890400960414,2586718
2023-05-19,174.38780212402344,176.9592116451986,174.13154098322502,176.28765095003308,2832340
2023-05-22,174.01669311523438,175.3244935126789,172.505663422953,174.12274258465752,1871286
2023-05-23,172.28472900390625,174.58220969477108,172.21402936708702,174.25526321563993,2290487
2023-05-24,169.53659057617188,172.48797863482088,168.679454014298,172.24938523452158,1850915
2023-05-25,169.8988800048828,170.14630012066638,167.88416926039494,169.54542474031703,2569318
2023-05-26,171.20669555664062,171.71037686435037,169.79286006585318,170.3495589527032,2092292
2023-05-30,171.91358947753906,172.1168330484516,168.26413206732366,171.07413501864016,2394253
2023-05-31,169.30682373046875,171.46293365080334,168.21110816786208,171.295039904162,3878804
2023-06-01,171.3038787841797,171.69268387705608,168.30831422395602,169.52774707835235,2025237
2023-06-02,175.71328735351562,176.3406858739566,173.09770103265222,173.59254130130537,2907883
2023-06-05,174.23757934570312,175.95186669733837,173.23905785652724,175.5983971286608,1764125
2023-06-06,173.4953155517578,175.05053584420935,172.62933801512,174.57336338068444,2434465
2023-06-07,175.30677795410156,175.5807068205298,171.6307979143099,174.0431544507206,2711279
2023-06-08,175.09475708007812,175.62493290281228,174.13157095506344,174.84733692750967,1725823
2023-06-09,174.864990234375,175.6337594196812,173.27441997999452,174.63523785959333,1867466
2023-06-12,175.40399169921875,175.80163780449385,173.75157728578137,175.14774486378604,1783223
2023-06-13,177.71031188964844,177.86053788320734,174.75009731340003,175.40399024870044,2109162
2023-06-14,177.18893432617188,179.21248571535747,175.54534691620682,178.4967342918498,2818865
2023-06-15,180.0254669189453,180.35241337271603,177.10942900854215,177.83402154741879,2618230
2023-06-16,179.3538818359375,182.0490082817062,178.90321820568263,181.14768102119646,5311154
2023-06-20,177.08290100097656,179.35387248183628,175.87230942804587,179.0711025989388,2212397
2023-06-21,178.32003784179688,179.18601542065286,175.0593854095174,176.10208347193787,2709051
2023-06-22,177.3038330078125,178.74417706713746,176.40250568898975,178.461407151198,1715531
2023-06-23,176.80899047851562,177.31267170229566,175.53654017942623,175.96068074187312,3525597
2023-06-26,179.00926208496094,179.43341695214752,176.24345018261516,176.99455150110472,2261628
2023-06-27,179.6808319091797,180.32589806889175,178.8943951036564,178.99158921088585,2502687
2023-06-28,178.9385986328125,180.1933813271146,178.49677595685594,179.75155865115804,2092292
2023-06-29,182.4467010498047,182.58807172894385,178.26703872436366,178.8679284871527,2699290
2023-06-30,183.3568115234375,184.23161570952774,182.7470951798371,183.50702319889047,3193504
2023-07-03,184.063720703125,184.36415835783038,181.1830327405474,182.7294118581,1289221
2023-07-05,182.4113311767578,184.0990954734113,181.98717626833093,183.26846771891428,2478390
2023-07-06,180.2729034423828,181.19189859235362,178.56745708092836,181.12119895457664,2230540
2023-07-07,179.61016845703125,181.78393195390277,178.6381557370072,179.27438094412517,2391176
2023-07-10,183.5688934326172,183.78096372005072,179.92826289446776,180.44962619419982,3291434
2023-07-11,184.44374084472656,185.15065145071688,183.30383425963097,184.18747967005734,2972392
2023-07-12,184.25811767578125,186.33468671802623,184.1079060058865,185.91054618573676,3147987
2023-07-13,184.42601013183594,184.86783272050272,183.08287461240332,183.50701514176455,2466082
2023-07-14,182.15505981445312,183.71912111631158,181.58951996825292,183.71912111631158,2293033
2023-07-17,183.94883728027344,184.53204481259115,181.37742810382076,181.65135696365397,2281893
2023-07-18,181.3686065673828,183.05638505593717,180.21987343854576,182.64989793144122,3892597
2023-07-19,181.29791259765625,182.08436371741297,180.11382970881525,180.13149746326096,2658866
2023-07-20,183.7633056640625,184.8943710998656,181.66022751642654,182.16390878154115,2687195
2023-07-21,184.3288116455078,185.91054048096325,183.6042191839167,184.07255054453088,7988906
2023-07-24,184.96507263183594,185.7073329905112,183.98421887888517,184.39069172404348,1959349
2023-07-25,185.2831573486328,185.68964445417822,183.1535706301632,183.9311807205773,2088472
2023-07-26,184.02838134765625,185.03572942697656,183.0828775592811,184.48787169715123,3493979
2023-07-27,173.5572052001953,180.37012192324093,172.88563007998783,180.0078255718594,6997826
2023-07-28,172.47914123535156,175.1477594047379,172.32008850238685,174.66174586839952,4174505
2023-07-31,171.54244995117188,172.7618826475444,170.91505154277073,172.41725414384175,3656630
2023-08-01,170.9680938720703,172.13450916847188,170.50860343979517,170.85323199340854,4215459
2023-08-02,170.45556640625,172.57631214480068,170.01374378130717,171.33921165613566,3180454
2023-08-03,168.3436279296875,170.4555466995711,168.2994513946503,170.34951157078365,2661943
2023-08-04,167.19488525390625,169.50120659197486,166.8414300462664,169.00636644010442,2555206
2023-08-07,167.53955078125,168.48505475779172,166.65590541383747,167.99021449651082,3016105
2023-08-08,165.81642150878906,166.65589025381837,164.86207658750575,166.65589025381837,3460664
2023-08-09,167.22142028808594,168.13158869180424,165.2420593698742,165.28623591306183,3421407
2023-08-10,167.6923065185547,169.36265328737397,167.08814282298835,167.23030152503304,2983214
2023-08-11,169.40708923339844,170.09121451500124,167.21254029964402,167.21254029964402,2864700
2023-08-14,168.37644958496094,170.41996478610017,168.06547831694354,169.6558635451384,2593296
2023-08-15,166.85711669921875,167.4079870094448,165.75540484709364,167.01705421336877,2389372
2023-08-16,165.69325256347656,167.4791044840986,165.62218039230373,166.72389254257098,2378019
2023-08-17,165.24012756347656,167.23033541121708,165.24012756347656,166.55508503571872,2632235
2023-08-18,165.77316284179688,166.64387937813208,164.43155196270635,164.5381673785509,2178976
2023-08-21,166.1019287109375,166.41289998648224,164.74255314336474,165.26675528937875,2048579
2023-08-22,165.26675415039062,166.59060081987184,164.85805685675265,166.45733152674703,1817493
2023-08-23,166.21743774414062,166.65280329452753,165.3911537161093,165.7021249994811,2015157
2023-08-24,164.5115203857422,167.73672315452782,164.46710208867543,166.09303040060465,2537275
2023-08-25,165.5244140625,166.2973903297723,163.9962259719258,164.92025035752454,2062478
2023-08-28,166.92823791503906,168.49196942421196,166.25298760259324,167.4257862344729,2059507
2023-08-29,168.3853302001953,168.65186876790227,166.4573199465666,166.92821433895855,2313511
2023-08-30,167.53237915039062,169.43373556013208,166.7771673578843,168.38533134116145,2341415
2023-08-31,166.98153686523438,168.27871531675362,166.96375803636712,167.43466685469733,2757009
2023-09-01,167.38133239746094,168.35864999906755,166.62612066372208,167.9410633498823,1693144
2023-09-05,164.9913330078125,167.74562751159277,164.92026084324695,167.5501610788299,2365075
2023-09-06,163.9340362548828,165.10683482992692,163.15217053818674,164.40493069096124,2364757
2023-09-07,163.58753967285156,165.10683845138504,162.7967845243413,164.14727072924148,2213458
2023-09-08,163.9429168701172,164.36050356529574,162.965584776703,163.3032098984429,1877652
2023-09-11,165.4444580078125,165.82650144716018,164.1472651822382,165.19568386310172,2244439
2023-09-12,168.1099090576172,168.75850549980515,165.23123462630736,165.42670106202385,3891218
2023-09-13,170.2244873046875,172.06364655096579,168.62521276629428,168.65186662272595,5365795
2023-09-14,171.9748077392578,173.52964970419575,170.53545623758785,170.94416791068485,3906814
2023-09-15,171.51275634765625,173.18310284836429,170.93524660241042,172.82771334237935,6380854
2023-09-18,172.7744140625,173.56516905723475,170.97967323587204,171.25511557941945,2436905
2023-09-19,173.56521606445312,173.80510082122512,171.60166216522478,171.60166216522478,3047298
2023-09-20,172.75668334960938,175.1111555834627,172.7122506604175,174.2671070988106,2518920
2023-09-21,170.08236694335938,172.96104162345316,170.05571308092027,172.96104162345316,3095468
2023-09-22,168.6163330078125,170.44661732952602,168.44752044602419,169.63809779258335,2996582
2023-09-25,170.46437072753906,170.61541883562273,167.53237462133626,167.95885070519236,2889209
2023-09-26,166.93711853027344,170.00239889935682,166.82162805353533,169.70919203949506,3606870
2023-09-27,166.92823791503906,167.8700268328364,165.56884787524686,167.8700268328364,2372078
2023-09-28,166.2440643310547,167.90553591326508,165.8620209464675,166.79493464353715,3089950
2023-09-29,164.1383514404297,167.23915967988088,163.78296194382708,167.2302702676131,3534085
2023-10-02,162.24591064453125,164.20944979357125,160.87764576086863,163.48089185955413,2865549
2023-10-03,160.93983459472656,162.34364280209593,160.14020447344993,161.57955595274598,2642208
2023-10-04,162.1481475830078,162.5568447929963,160.30009914937187,161.19746951302022,2438921
2023-10-05,159.94471740722656,162.0770833009224,159.15396241788443,161.83718422659186,2427780
2023-10-06,164.06729125976562,164.63592605298217,159.66041476483116,160.34455439943008,4000819
2023-10-09,165.71987915039062,166.128576431745,164.1561478002834,164.60927776745424,2417913
2023-10-10,165.55995178222656,167.11479367869427,163.81851850158418,167.0348321072614,3461725
2023-10-11,166.5017547607422,167.29250989697712,165.08907144345093,165.75543231297507,2345022
2023-10-12,163.42759704589844,166.492862751607,162.43250046438308,166.46620889260802,2561148
2023-10-13,163.08995056152344,164.23609511678572,162.02378195695525,164.23609511678572,2382582
2023-10-16,165.4622344970703,166.59061483685556,164.48490229164608,164.91137844969484,2581413
2023-10-17,165.54217529296875,166.40401691585848,164.3427229362042,164.67147302451357,1961683
2023-10-18,163.010009765625,165.29340975387433,162.6279663265791,164.92913075937744,2399982
2023-10-19,161.94381713867188,165.1334769109081,161.57955254971455,162.74346162727227,2722208
2023-10-20,161.0997772216797,163.28543679140924,160.86876752309755,162.28145080500602,3229047
2023-10-23,160.38897705078125,162.66350190118854,160.27347220626532,161.33965528038857,2199984
2023-10-24,161.22415161132812,162.61019537145975,160.1579685294315,161.32189201284842,2707990
2023-10-25,158.22998046875,161.50847706719023,158.1322400623584,161.21528461634693,4400391
2023-10-26,156.4263458251953,162.5835453574262,155.3779415465151,158.66532747327926,5111474
2023-10-27,157.26150512695312,159.14509703173258,155.79551427433563,156.0620528351155,3607718
2023-10-30,159.70484924316406,160.1935080869401,156.9061223141195,157.74129568593523,2794462
2023-10-31,162.82342529296875,163.40982454620567,159.19841434280676,159.4827317475577,4000288
2023-11-01,163.47203063964844,163.720804786406,161.18863063080877,163.6497182392377,3563581
2023-11-02,165.63995361328125,166.27077130846257,163.61421682545586,164.90250607944117,3246236
2023-11-03,167.91441345214844,168.9983752671359,167.01705739402595,167.15920170061193,3140560
2023-11-06,166.59059143066406,167.83446206999915,166.16411533253574,167.63012062677979,2482634
2023-11-07,165.79983520507812,166.36846999861328,164.8669358281299,165.9419939034619,2633508
2023-11-08,164.03176879882812,166.0397407128048,163.28543200745452,166.0397407128048,3388304
2023-11-09,164.15687561035156,165.71192482321177,163.727890031133,164.3266814978253,2884116
2023-11-10,166.86483764648438,167.0525125343134,164.13901580215662,164.98804536177482,2311495
2023-11-13,166.6860809326172,167.5798045865263,165.97111937205665,166.94526064756278,1778130
2023-11-14,170.01962280273438,170.40391425027846,168.59861257509127,168.705855354052,3131648
2023-11-15,169.40296936035156,171.37806253803438,168.7148040522212,170.23411540047266,4325485
2023-11-16,170.43966674804688,171.91428389707397,170.1715453317118,170.8954485588488,2263644
2023-11-17,170.8865203857422,171.5925401667035,169.7425588322967,171.4048653044433,2342370
2023-11-20,171.413818359375,171.93216331234882,169.8676962845717,170.4039246810033,2122212
2023-11-21,170.91334533691406,171.24401542093747,169.86769922234822,170.7792918526891,1991921
2023-11-22,171.86959838867188,172.37007431959256,169.92130158386922,170.78819997650038,1996378
2023-11-24,172.85269165039062,173.1207986049,171.9589680414813,172.59351194849498,1140045
2023-11-27,172.4594268798828,173.09395620185762,171.9053151607249,172.13768412460396,2631811
2023-11-28,173.6212921142578,174.33626817988898,171.95898542187092,172.4773448780543,3532175
2023-11-29,173.61233520507812,175.4533893700269,173.31741755110775,174.74735508847897,2379823
2023-11-30,175.09588623046875,175.27461935679983,173.40676920350026,173.62125474261885,3303954
2023-12-01,176.7582244873047,177.0352732043134,174.55970372791705,175.614277197099,3301938
2023-12-04,177.27655029296875,177.3659240970153,175.57849142249745,175.63212727996878,2883268
2023-12-05,176.01641845703125,176.81181203359964,174.56859755878457,176.5258361174067,2741836
2023-12-06,176.76715087890625,177.9647194640988,176.3113545593816,177.08889371292537,2366985
2023-12-07,176.76715087890625,177.89322909476445,176.47223321079403,177.83960770056223,2585551
2023-12-08,173.92515563964844,176.26668603269476,172.49521794329246,175.20317086576046,4822563
2023-12-11,179.0907745361328,179.19801731067832,175.21206439804442,175.56955960493462,3932278
2023-12-12,180.0917510986328,180.7977708941344,179.51082858880847,180.5296639425268,3282628
2023-12-13,181.49488830566406,181.56637867392095,178.96568321908728,181.06590268970612,3250267
2023-12-14,181.78981018066406,182.88907770831878,180.94078065091378,182.31709687379103,4016628
2023-12-15,181.7808837890625,183.25551567233947,180.92292693372121,182.1830587515575,7982221
2023-12-18,183.30015563964844,183.61295671284708,181.85234923840196,182.3260144742271,3151913
2023-12-19,182.8533172607422,183.27336114615454,181.86129256591502,182.79075414681145,2755311
2023-12-20,181.33401489257812,183.54149168253008,181.2803934976358,182.0579181931056,3553926
2023-12-21,183.25547790527344,183.398473096495,181.80765701995665,182.1293998174062,2290275
2023-12-22,183.78277587890625,185.14122304496448,183.17505713030388,183.25548921743024,2004972
2023-12-26,185.92770385742188,186.38348571988539,183.91684364779937,184.2296447679098,1973672
2023-12-27,186.80352783203125,187.37550867115937,185.14123564732645,185.14123564732645,2482846
2023-12-28,186.93756103515625,187.6525224823427,186.63368722785853,187.07161449790328,1748210
2023-12-29,187.42019653320312,187.83131320509193,186.70523492185967,186.98228363141575,2394040
2024-01-02,186.78564453125,188.22452377202393,186.17792578788934,186.6605183064849,3323795
2024-01-03,182.79074096679688,186.26727630563497,182.54944471892648,186.26727630563497,4046654
2024-01-04,183.12142944335938,184.30112895159888,182.34389035692573,182.4243224412869,2697062
2024-01-05,181.89703369140625,182.82649521460104,180.7620283334926,182.66563104774167,2846239
2024-01-08,181.11952209472656,181.91493020268206,179.85939042618932,181.53062426250295,4265220
2024-01-09,180.19900512695312,180.28837893933576,177.75917383981545,179.17122798776109,3270108
2024-01-10,180.88714599609375,180.94970910818503,179.1175966963994,179.63595609829187,2516904
2024-01-11,180.23472595214844,181.05694469161915,178.34006497239918,180.78883774875058,2059083
2024-01-12,179.72532653808594,182.30815284015634,178.88523880770217,181.77192447434473,2577381
2024-01-16,176.74928283691406,179.7521532721208,176.51691381494047,179.34997834467512,3713924
2024-01-17,176.91012573242188,177.03523748156402,175.16738721493886,175.83766903415477,2663428
2024-01-18,178.8584442138672,179.22485225353824,176.2934866545288,176.70458883551024,2763481
2024-01-19,179.43934631347656,179.8504484807416,177.52680174311226,178.99249172811727,3278066
2024-01-22,179.67172241210938,182.2456072402727,179.1265522726969,179.9398293863739,3808141
2024-01-23,181.3697509765625,181.5663675632442,179.3052840508068,179.8414979519345,2157862
2024-01-24,178.6260528564453,182.1204571298644,178.4562469720712,181.36974323153865,3696418
2024-01-25,181.0301513671875,181.57532149506838,179.3410340586318,180.2973063612912,2815045
2024-01-26,180.35093688964844,182.2188019177428,179.98451436814128,181.45020445416998,2042107
2024-01-29,181.46804809570312,181.47698981679602,179.47508604590283,180.02024165648186,2330805
2024-01-30,184.01516723632812,184.4352111659836,179.778975518218,179.778975518218,5990406
2024-01-31,180.76202392578125,185.63274423108908,180.3151693828651,185.1769479672973,5967595
2024-02-01,176.33815002441406,176.57051902508886,169.50126369733687,175.05120773711513,8296065
2024-02-02,175.26571655273438,178.7869318113835,174.75629885746667,176.0968626015573,4581080
2024-02-05,172.49520874023438,174.13964640803317,172.32540283398131,173.34423827149973,4914764
2024-02-06,173.05824279785156,173.44254874061082,171.62830521956184,172.07515980847703,3969732
2024-02-07,173.46934509277344,175.00652533028236,173.0135488197526,174.69372425014657,3214618
2024-02-08,172.8973846435547,173.39786064307606,171.81600055196094,173.01356915573038,2669688
2024-02-09,174.13067626953125,174.47922974721413,172.33431643274255,172.4862533388923,3911164
2024-02-12,176.3739013671875,176.62413933992826,173.17441464199723,173.3620895043517,3000402
2024-02-13,173.388916015625,176.02536392544596,172.23604157290572,175.8287617928196,4702458
2024-02-14,174.1575164794922,174.80098768913123,173.27274899204073,173.77322499189268,2244227
2024-02-15,176.91012573242188,177.13355300549384,174.8277754448608,175.16738721493886,2118074
2024-02-16,176.21302795410156,177.75914984633232,175.56955684812849,176.52582902081693,2473191
2024-02-20,177.79489135742188,178.42943522425256,175.98066249664947,176.9101239947646,2929527
2024-02-21,178.3221893310547,179.08184493251514,177.14248988893752,178.3847379695156,2089640
2024-02-22,179.46617126464844,180.13645319592712,177.500005145375,178.23285019608662,3856735
2024-02-23,179.30531311035156,181.09273165393864,179.21593928941078,179.4661773067607,2599662
2024-02-26,178.018310546875,178.92096131025974,177.1424849448296,178.76903887549008,2152345
2024-02-27,177.11569213867188,178.4741248123529,176.01642469607688,178.37582375272814,2601360
2024-02-28,176.57054138183594,177.78599345987212,176.28455095537961,177.05314841788018,2826610
2024-02-29,178.58343505859375,179.91339990577782,176.69632729720598,178.18804049722368,3646975
2024-03-01,178.529541015625,178.772163574875,176.19312228636474,177.5590216819578,2955309
2024-03-04,179.04173278808594,179.53596870509176,178.07121359511942,178.3138506675268,2279983
2024-03-05,177.3433380126953,179.30234366022785,176.69633004297484,178.94288347279155,2686664
2024-03-06,180.1739959716797,181.89036443305972,178.5295108143986,179.27537465462194,2878917
2024-03-07,182.07008361816406,182.6541991246286,181.27930906389557,181.71063799379993,2596798
2024-03-08,180.39866638183594,183.24730259631377,180.12907123518244,182.53738762295825,2269903
2024-03-11,179.98529052734375,182.03416127315842,178.93391164286768,181.1445161997567,2592235
2024-03-12,178.94290161132812,179.9493698705055,177.630918348859,179.48207739880405,3118067
2024-03-13,179.4820556640625,180.74013719860093,178.68229022396142,179.6797529439187,2692394
2024-03-14,176.44473266601562,179.48207550672166,175.19564186239194,179.05074651995474,4072118
2024-03-15,177.6488800048828,178.42170200412704,176.04034356267655,176.48067795869932,6695016
2024-03-18,176.8131561279297,178.8350542488288,176.47167767311134,178.8350542488288,2633084
2024-03-19,178.86199951171875,179.04172959560603,176.2380188479533,176.81314347772758,4800813
2024-03-20,180.78506469726562,181.261333438984,178.22399089626495,178.45763710673006,2879978
2024-03-21,180.96478271484375,182.5014210735796,180.88390854315566,181.5219255964713,2983320
2024-03-22,180.3806915283203,181.49499199002355,179.80558138050537,181.09060652877378,2187039
2024-03-25,178.35877990722656,180.3627107749962,178.31385465861376,180.06617212782177,2080939
2024-03-26,180.62332153320312,181.04567416900127,177.7027874634649,177.97238260982482,2861623
2024-03-27,184.33462524414062,184.45144834958504,181.71064445120507,182.36664328652193,2928466
2024-03-28,184.4424591064453,185.85329815668842,184.37956666693245,184.5772639513508,3813340
2024-04-01,181.5309295654297,185.01758280981218,181.42308278039837,184.56827212467695,2357436
2024-04-02,179.93138122558594,181.79153107424605,179.74267479912754,181.59383377803582,2774621
2024-04-03,177.9004669189453,180.56938731355112,177.85554167322138,179.20347362490912,2648256
2024-04-04,176.17510986328125,180.33574341654426,175.6988411495524,180.33574341654426,3622997
2024-04-05,177.1636199951172,178.28691133492532,175.36637712875694,176.04034320364204,2347781
2024-04-08,177.7117919921875,178.9968171887764,177.32538825587056,177.55901994267455,2530167
2024-04-09,178.2958984375,179.29337585377806,176.14818609913286,178.24198231211565,2166562
2024-04-10,175.81568908691406,176.53459496753467,174.6924122875066,175.74380577301855,3084645
2024-04-11,176.91200256347656,177.2085557767668,174.57558398053055,176.13919513166843,3210904
2024-04-12,176.27398681640625,176.5345911016952,174.88111488664293,176.04933146144438,3712970
2024-04-15,174.368896484375,178.36776727230244,173.59607456576137,178.02628883489163,3373874
2024-04-16,171.38546752929688,174.05438822899896,171.21472829869865,173.56013772788162,2972816
2024-04-17,171.06198120117188,173.0030052972295,170.5138145463824,172.90414937166634,2572182
2024-04-18,171.70899963378906,172.80531846143975,170.72950393054663,171.6371017656912,2273829
2024-04-19,174.56658935546875,174.80922644263774,172.20321276291563,173.0838669659136,3787770
2024-04-22,175.7527618408203,176.39978433298265,174.4587459531585,174.58455992339324,2511281
2024-04-23,176.27398681640625,177.57699369451825,175.84264329747964,176.15716370409282,2713295
2024-04-24,175.04287719726562,175.8785916232513,173.66797246322545,173.9375676172527,3796576
2024-04-25,173.45230102539062,179.8504974768236,171.1787895140641,179.23943842952343,4131852
2024-04-26,173.8386993408203,174.01842943073095,170.8373057679682,171.0080449888838,3226819
2024-04-29,174.1262664794922,174.56658629911576,172.73340916333672,173.66796492138138,2751810
2024-04-30,173.1916961669922,175.98641621678004,172.82325965633427,174.32396375836376,3318702
2024-05-01,175.50115966796875,177.19057021532257,172.44584984002344,172.5087422808299,5394761
2024-05-02,174.00946044921875,176.56155821496895,173.15577878559358,176.4716931587101,3627241
2024-05-03,175.95944213867188,176.3458458043075,173.91956248605763,175.02487191740803,2388735
2024-05-06,175.2315673828125,177.20854013581157,174.28800625365463,176.46267628195363,2395314
2024-05-07,176.8939971923828,177.1995266609903,175.25850308248718,175.25850308248718,2177384
2024-05-08,177.97238159179688,178.25095305760937,176.05831571175256,176.75024894162036,1897386
2024-05-09,180.29083251953125,180.43459913845345,177.81063284397396,178.69127248945045,2856212
2024-05-10,182.3486785888672,182.6272500525812,180.37170573509152,180.62331913936006,2459822
2024-05-13,183.13946533203125,185.76344612646758,183.08553466551442,183.71457544211404,3719123
2024-05-14,182.60926818847656,184.55928298146566,182.33968759420716,184.21780452983631,2523482
2024-05-15,184.271728515625,184.53233280009923,182.2138813970745,183.65167857400206,2839024
2024-05-16,186.65663146972656,187.24382497666477,184.8137339572415,185.16604421126115,2723375
2024-05-17,186.0694580078125,186.99995272148982,185.35579889542058,186.90057339390756,2405499
2024-05-20,184.84986877441406,186.26817759071233,183.61224164344563,185.87068958327384,2130806
2024-05-21,183.84713745117188,185.4099887972784,183.51288947333268,185.39191185229683,1849111
2024-05-22,183.2057342529297,184.23559364096806,182.3746335146789,183.49481912943455,2136111
2024-05-23,180.1251983642578,182.07649922538187,179.97161746241727,182.0584369061958,2776000
2024-05-24,180.396240234375,181.40802272440553,179.94453595272435,180.99245771035916,2504597
2024-05-28,179.93548583984375,181.43509703487126,178.95982813447208,179.01402971528614,2564755
2024-05-29,178.02935791015625,179.23988432354352,177.86675315881166,178.71593080520213,3019818
2024-05-30,181.4983367919922,181.8325847482543,178.32745656737833,178.68881993936245,2453881
2024-05-31,182.6546630859375,182.735965457707,179.89030931897784,180.97437019328984,3356474
2024-06-03,182.89859008789062,184.12719352072142,181.57062195387954,184.12719352072142,2592554
2024-06-04,187.20770263671875,188.0388179430697,181.63384648932237,181.63384648932237,3565809
2024-06-05,189.05059814453125,189.2132175153441,185.9791117982972,187.84007177500087,2888891
2024-06-06,188.30982971191406,189.89978183035183,187.56003138922708,188.96027796523845,3470319
2024-06-07,188.60797119140625,190.58637305740282,187.59618870064955,188.37308788985158,2719555
2024-06-10,190.37860107421875,190.6676713329494,188.92415280606858,189.50230794889083,2809740
2024-06-11,189.24032592773438,189.58361237664573,187.13544412271892,189.5113338477381,2445287
2024-06-12,188.35501098632812,191.18259035787685,187.6684380813141,190.38761428372587,2621943
2024-06-13,188.47242736816406,188.7795745146736,186.3223827172391,187.08121942485528,2079242
2024-06-14,188.38211059570312,188.51761455627343,186.10558555668217,187.18060801947317,2375791
2024-06-17,191.47166442871094,191.67040843604147,187.48774581006154,187.9033107687995,3289737
2024-06-18,192.30279541015625,192.62800492576116,190.0985342056052,190.64960316308307,2592447
2024-06-20,193.45008850097656,194.39864553833928,192.30280205855834,192.78159250110338,4288562
2024-06-21,194.30828857421875,195.20262932426624,192.8899796849856,194.9406598800332,8412669
2024-06-24,195.03099060058594,197.26235254172352,194.145688302457,194.4166962252801,3112125
2024-06-25,193.7301025390625,195.88016187271822,193.07064512247894,195.88016187271822,3146608
2024-06-26,192.8086700439453,193.38682511929758,191.15547793907777,192.9170732064889,2306508
2024-06-27,193.66690063476562,194.54317909813287,192.42925876869657,193.59462210408114,2029905
2024-06-28,192.9080352783203,195.26586257172747,190.73992814525852,193.45006571792558,5097893
2024-07-01,190.5682830810547,194.70576792540714,190.49600455628325,192.54668465994618,2279559
2024-07-02,192.62799072265625,192.67316845784393,190.5773105796958,191.30906118657342,2024706
2024-07-03,191.93240356445312,192.66413958241944,191.58007863894926,192.4202324515507,1152989
2024-07-05,191.733642578125,192.33889842813474,190.37857383138464,192.03175126724997,1437973
2024-07-08,191.1825714111328,192.6279809822212,190.63151714751112,191.41745467122527,1950224
2024-07-09,190.2521209716797,191.6071899124616,190.21598170482446,191.2368026469379,1459299
2024-07-10,193.76625061035156,194.17277709482295,190.4056794482282,190.79412898872178,1901100
2024-07-11,194.0914764404297,195.735630086123,193.00741555581976,194.2269803946661,2864806
2024-07-12,194.32635498046875,195.89824480572472,191.81496127443089,194.70578069700917,2216641
2024-07-15,194.87744140625,195.42849577276007,192.7906217160996,193.68497719055304,1837864
2024-07-16,197.36170959472656,197.8495384622753,194.81417671741156,194.9948584092028,3160189
2024-07-17,198.93359375,199.38528334137553,196.8016112735208,197.84049440861267,2852074
2024-07-18,196.63902282714844,199.4575637708605,196.50351886357774,198.72582774221837,2297489
2024-07-19,193.8746795654297,197.06362256152826,193.54043156168345,196.69323529037777,2822897
2024-07-22,196.0066680908203,196.13314821776783,192.98936824460935,194.4709173727063,2954461
2024-07-23,196.3770294189453,197.7140359218393,195.32006930258132,196.01568065813493,1900463
2024-07-24,193.00743103027344,196.72936589898362,192.53766445077773,196.3770409643618,3739601
2024-07-25,182.88955688476562,185.4009505836718,179.77289266069138,183.19670407092136,7091406
2024-07-26,183.1515350341797,187.72264765508766,179.08632826637486,183.41351912098366,7906996
2024-07-29,181.94097900390625,184.07296136774633,179.8902990071752,183.86517890156207,3049208
2024-07-30,183.0612030029297,184.2446286544562,182.00424284164922,182.43787014826484,2767619
2024-07-31,184.9673309326172,186.78312795784754,182.60950341660873,184.07299012931776,3526658
2024-08-01,184.81375122070312,186.78311438962388,182.0313350619964,184.5879064180647,3971323
2024-08-02,184.00973510742188,188.77055286598457,181.85065179274935,188.12915772715425,3583740
2024-08-05,180.41429138183594,182.96182439561773,177.87578221537538,182.96182439561773,4154133
2024-08-06,179.59222412109375,182.64564851208155,179.31217770656988,180.40526257052952,3850475
2024-08-07,178.7972412109375,184.2446322538709,178.59849718635937,181.17313103305233,3493024
2024-08-08,180.51365661621094,181.1640902679311,178.79723894858725,178.79723894858725,2611227
2024-08-09,179.0772705078125,179.9174096392606,178.43587538195678,179.79998263058437,2003274
2024-08-12,177.77642822265625,179.32120274941508,177.54154492167305,179.285078107234,3261408
2024-08-13,177.72222900390625,178.3365234335109,176.71044650211942,178.20101946012184,3967291
2024-08-14,178.50814819335938,178.67979141700184,176.6742889423962,177.06273850101442,3682943
2024-08-15,179.28506469726562,180.88404069305886,178.95984056443302,179.72771584644542,3077112
2024-08-16,180.30238342285156,181.310628795375,178.78549345790634,179.47580838756767,2982577
2024-08-19,180.79286193847656,181.1471146460129,179.70286944416324,180.26604154630184,2168896
2024-08-20,181.72845458984375,182.12811757112436,179.78465254942077,180.75656092232526,3247084
2024-08-21,182.95469665527344,183.28170033144715,181.56496411865444,182.4278761894317,1893673
2024-08-22,181.7920379638672,182.9092796501315,181.04721017302433,182.3461221954796,2066404
2024-08-23,183.9175262451172,184.19001704583766,182.42787065348287,183.19994752937208,3128252
2024-08-26,185.16192626953125,186.04299946979523,184.30810214946573,184.92575777088751,1946723
2024-08-27,187.21470642089844,187.387288800281,185.08014649594298,185.27089002380353,2506188
2024-08-28,186.2064666748047,188.1139461254386,185.10740099394826,187.6688729789314,2481467
2024-08-29,188.48635864257812,189.30386033379295,185.69780614038913,187.405454118347,2513721
2024-08-30,188.8497314453125,189.61272040913533,186.47900260648242,188.91330282992473,2040727
2024-09-03,186.07936096191406,188.8497531050703,185.39811916193287,188.61358457535272,2182371
2024-09-04,186.69700622558594,188.14125170153358,186.3700172384645,186.45176448524487,1845610
2024-09-05,184.37167358398438,186.59706887639067,183.19993381781316,186.37906154674508,1604444
2024-09-06,179.96629333496094,184.4806700063418,179.7119637047098,184.38983484438393,2695683
2024-09-09,182.71852111816406,183.20901922137753,180.89278879898055,181.64668975108503,2440724
2024-09-10,182.5277557373047,182.73667512810292,180.36594664302265,181.937349274212,1480519
2024-09-11,185.33448791503906,185.6251545415144,179.2668845852494,182.42785106105416,2904700
2024-09-12,185.90675354003906,186.19742019825293,183.36344233874655,185.2436729832485,2063327
2024-09-13,185.4344024658203,186.7696514065309,184.8984941272045,185.72506910196662,2093671
2024-09-16,185.9158477783203,187.97773412514465,185.05293570289467,187.11483675510547,1657494
2024-09-17,185.51617431640625,186.87865770257372,184.88943078233837,186.20648923240222,1529538
2024-09-18,183.15451049804688,185.95215115917406,182.20077805311735,185.5161659068108,2537275
2024-09-19,185.02565002441406,186.69696097720788,183.64499097682267,185.44347408626663,2859607
2024-09-20,184.707763671875,185.10742664855582,183.44518865340928,185.10742664855582,4063418
2024-09-23,185.08926391601562,185.34359356215043,184.0355936179612,185.30725655402097,2401892
2024-09-24,186.4517364501953,187.11481695933963,184.10825690664433,185.08925313127935,2739184
2024-09-25,187.82330322265625,188.7134495583634,186.44264408093164,187.29646811687675,3032444
2024-09-26,188.0503692626953,189.38560336862997,187.62345727765813,188.67711270254526,1695478
2024-09-27,188.59539794921875,191.5201962703244,188.1412368105712,188.47731370030866,2604012
2024-09-30,187.75973510742188,189.65812690357285,185.50709056430722,189.022310132279,2784488
2024-10-01,187.17840576171875,188.93147897133542,186.05209081896115,187.505409435498,2440618
2024-10-02,185.18917846679688,187.1602443189467,184.98934697351618,186.72424432304715,1954150
2024-10-03,184.28086853027344,184.9076121328066,183.11821650195148,183.93570368187693,2172504
2024-10-04,185.09835815429688,186.27918605679204,183.1545412267707,185.81593694304962,1743754
2024-10-07,184.68960571289062,185.59792800188723,183.22719918080534,183.67227239669012,1911285
2024-10-08,188.02316284179688,190.45746314875007,185.107437584385,189.55822875078593,4384476
2024-10-09,194.10890197753906,194.4086565397804,187.9323021690479,188.0412984806321,5392639
2024-10-10,194.01809692382812,194.08168301724777,191.7654522151115,192.11061705894738,5260014
2024-10-11,196.18898010253906,196.7158152591069,194.13616704732098,195.45324023335462,4041880
2024-10-14,197.6513671875,197.76036349734775,195.52589502931508,196.41604136332816,1962850
2024-10-15,197.35162353515625,199.12285778420957,196.6340595538796,198.01470406388287,4189252
2024-10-16,198.88670349121094,199.47711000425176,196.70671835785203,197.16996740449858,2754780
2024-10-17,199.42259216308594,199.90400231301982,198.33259970399072,198.92300615875737,3326235
2024-10-18,201.66616821289062,201.7115931479438,197.7603737729657,197.7603737729657,4279756
2024-10-21,201.19383239746094,202.53815451081798,199.91309636566592,201.62074440805927,3915196
2024-10-22,201.96592712402344,202.41100032371583,199.61335954037216,200.33093824008108,4256202
2024-10-23,200.1401824951172,202.2111565243448,199.07743905000743,201.23016031264586,6561012
2024-10-24,189.93060302734375,196.37970784915458,189.74893271771563,194.7174701027466,9230912
2024-10-25,188.9314727783203,191.07512097615708,187.69614684787174,189.9306302135245,6459262
2024-10-28,187.2056427001953,189.57637138882333,186.12473806024917,188.9859648750391,6466158
2024-10-29,187.09666442871094,188.56815894911256,184.41710768529913,186.23375233699886,6441119
2024-10-30,185.47984313964844,187.68706276533695,184.47159775538714,185.70692371114856,5680806
2024-10-31,186.82415771484375,187.25106975987953,184.74409564814732,185.8885863870486,4938531
2024-11-01,190.0123748779297,190.3212026800102,186.91499422346473,187.37822857389273,4757842
2024-11-04,188.5136260986328,189.68536589228594,187.49630755437605,189.68536589228594,4275724
2024-11-05,189.6399688720703,192.41943391172347,187.67799095489409,189.11313370720808,7827634
2024-11-06,196.56138610839844,197.00647400667157,189.92153698996015,192.61925463710398,6527484
2024-11-07,197.56053161621094,198.33260841653794,195.67121323150124,197.06096029532054,5700965
2024-11-08,199.3681182861328,199.56794977111934,196.66131266320332,197.5151367622017,6042183
2024-11-11,204.59097290039062,204.6636322060215,199.104687989487,199.104687989487,7743602
2024-11-12,212.46612548828125,220.51388225383437,208.5330822634367,217.41650189442652,11765111
2024-11-13,211.70314025878906,214.84594560370564,210.89472645634171,213.4562132502242,5868497
2024-11-14,209.52317810058594,213.06563181522836,209.17801330434654,211.63048917892166,4071057
2024-11-15,209.02114868164062,211.03843374975565,208.47346941075972,209.0302813491187,3934082
2024-11-18,208.8933563232422,210.00696537472132,208.36392763210148,209.4684187942702,3656312
2024-11-19,208.300048828125,208.94814314349864,206.53836013047075,207.50592049176169,3921987
2024-11-20,206.90345764160156,208.9298605431906,205.75333268244117,207.42375367339116,4915189
2024-11-21,206.37403869628906,208.9116198601535,205.21479579289422,208.11749155187852,5974279
2024-11-22,209.13067626953125,210.05260277247277,207.31422126538664,207.8892837463193,4068192
2024-11-25,210.49075317382812,211.75954372313203,209.66924166148968,210.9654006574999,4071800
2024-11-26,210.3081817626953,212.22505174866888,209.80615107060206,211.58610493853004,4459489
2024-11-27,209.61444091796875,212.64493455292813,209.45927425292555,211.9329412270442,3045070
2024-11-29,212.61756896972656,212.92791710333705,209.40452518123445,209.40452518123445,2034468
2024-12-02,209.89743041992188,213.3295398782147,209.76963219304665,212.85487763871052,3422149
2024-12-03,207.1681671142578,209.21282052438525,203.69954176175924,208.24526026582294,4268721
2024-12-04,209.75135803222656,210.07083878568318,207.01296212958172,207.56977397608213,2816743
2024-12-05,206.55657958984375,210.07085334362966,205.84460103914884,209.8974213448137,5499906
2024-12-06,206.63873291015625,208.080955370259,206.02716934796092,207.46937703028573,3373874
2024-12-09,205.4612274169922,207.8801428075597,205.3243113026415,206.87606667269105,2697911
2024-12-10,209.10328674316406,209.52318253492888,204.99571460633777,205.52512851286184,3764322
2024-12-11,209.08502197265625,213.5942390385312,207.98966356619096,211.6682365497556,4649833
2024-12-12,207.83450317382812,209.88828916456606,207.51502239749112,207.8892696180256,2881252
2024-12-13,207.77061462402344,209.11242213062096,206.17322543892055,206.23710977521304,2580564
2024-12-16,215.4198455810547,217.19066678736584,210.07998396064832,212.18855129622793,8697335
2024-12-17,212.80010986328125,217.52839300590372,211.4400518222569,217.39147689066272,5710726
2024-12-18,207.07688903808594,214.23320567632928,206.66612590309578,213.32041184548768,6821063
2024-12-19,207.09515380859375,213.13786179683797,206.56573985259212,208.68342523215796,5167601
2024-12-20,208.4095458984375,209.71485219494747,205.0322031048252,205.52511586869764,7250025
2024-12-23,207.33245849609375,208.34566727303795,206.24623271920962,207.90752094006507,3679336
2024-12-24,208.93898010253906,209.28584410197146,205.97240032961577,206.88519410589984,1987890
2024-12-26,211.640869140625,211.77778525721814,208.50084245934488,208.82945591694678,3258862
2024-12-27,209.4958038330078,211.3670252690565,208.8477095752103,210.85586190766432,3239976
2024-12-30,206.8395538330078,207.5971809732172,205.74419534649377,207.3415992967344,2516268
2024-12-31,206.19146728515625,207.70670673577885,205.9267529507436,207.3415921787346,2054945
2025-01-02,205.85374450683594,208.1083458319643,205.0596014705891,207.26856901585683,2216960
2025-01-03,206.7665557861328,207.58806733744365,206.16411004109693,206.2736429442344,2797963
2025-01-06,202.4033660888672,207.13164922072482,202.0565020791942,205.08698105259404,4062887
2025-01-07,201.39016723632812,203.62651807588918,200.73295507440733,202.18431029772407,3199976
2025-01-08,200.97027587890625,202.07476701866275,200.08486530038724,200.89725887701252,3310851
2025-01-10,199.16293334960938,200.81510368031255,197.41949546349596,200.78770568035617,3803791
2025-01-13,199.9935760498047,209.0028777497408,198.46008606305426,198.68828450552704,5721230
2025-01-14,199.44589233398438,201.28061249897382,195.88599966725488,201.12544583714745,4267024
2025-01-15,200.3952178955078,201.2988938280181,197.3373556367905,200.6142984616386,4931316
2025-01-16,203.27053833007812,204.95007725563735,200.74208988537947,200.81512166958325,4893014
2025-01-17,203.17013549804688,207.08604029952278,202.9054359033361,207.05865707324995,3553395
2025-01-21,205.44297790527344,207.8710111972873,203.7269231892803,203.89122252733628,4940653
2025-01-22,203.63563537597656,204.95919226730916,203.22487226410703,204.4662794886213,3153823
2025-01-23,205.9815216064453,206.3557688342107,203.32528990043596,203.96425146545548,3221833
2025-01-24,202.19342041015625,207.34159938792516,201.98348729088985,205.3790808672428,6719207
2025-01-27,206.0271759033203,206.17322468733073,200.9063801292348,201.04331102396722,3300347
2025-01-28,201.4540557861328,205.12349632180332,200.97027566299442,205.12349632180332,3818751
2025-01-29,201.77352905273438,203.3709181440313,201.40841450170774,201.68224672053333,2033194
2025-01-30,204.52105712890625,205.10525227307554,202.25732311191814,202.68633680286166,1924017
2025-01-31,204.21070861816406,206.24624417398613,203.14273333750583,203.41658035248983,2632978
2025-02-03,203.01495361328125,203.82733245042434,200.50475576317956,203.09710328595108,3417057
2025-02-04,204.05552673339844,206.0180452810721,203.6538962678281,204.9865858934836,3652917
2025-02-05,202.960205078125,204.65799468537296,200.13052617715144,204.05554892151008,4877311
2025-02-06,191.5228271484375,196.47017566312272,188.20025088068266,196.25110989699454,12928603
2025-02-07,187.59779357910156,194.79062486037714,187.4699953716234,193.51270189669975,7105093
2025-02-10,190.33619689941406,190.92039201158056,187.19618511596357,188.5379925628321,7032520
2025-02-11,188.89401245117188,191.08471483554706,187.8351697635383,188.55626629793093,3264909
2025-02-12,187.13230895996094,188.30068454983893,186.43858087360914,187.66173769252825,3621193
2025-02-13,187.36962890625,189.22259980397095,186.7671832005869,188.50148853507105,3588408
2025-02-14,185.06935119628906,187.25093523221827,183.96487495727075,186.95883770160594,5677835
2025-02-18,189.89808654785156,190.21755258410155,185.0967712252656,186.59376028401874,5196672
2025-02-19,192.42649841308594,193.2388919685091,189.78851730240473,189.7976499690699,5373541
2025-02-20,192.91940307617188,193.0563191815017,190.6556692828695,191.31288136622973,3857796
2025-02-21,193.4579620361328,193.96912538071777,191.13946165176515,192.74598346490535,6601648
2025-02-24,191.60501098632812,196.42457692300525,191.43157896461682,193.29368264217118,7153474
2025-02-25,193.51272583007812,195.17401406610364,192.61819737820124,192.73684815696487,4030102
2025-02-26,192.90118408203125,194.16084201271298,191.4589614625222,192.44478713774248,3317429
2025-02-27,193.7592010498047,196.15071854420825,193.1658732320659,193.32105468696193,2923479
2025-02-28,195.36514282226562,196.17270275108953,193.25447212522712,195.45691369724437,4219173
2025-03-03,194.56675720214844,198.27418452984045,193.6582448875746,196.12681744816467,5658844
2025-03-04,190.87767028808594,195.0347554022574,190.72165832712716,194.27308839887928,7386470
2025-03-05,192.36431884765625,193.1076376627809,189.76727891003534,190.87768121740694,5618844
2025-03-06,193.8693084716797,194.30979972304638,190.78589942584685,191.74028970870785,5349986
2025-03-07,196.8609619140625,197.6318105210746,193.4380137631026,193.86014195951842,6029345
2025-03-10,196.21859741210938,200.48581717737648,195.99835917896456,196.64990718993096,4431903
2025-03-11,191.4191131591797,196.15435360278184,189.88658263910935,195.915752300325,5563354
2025-03-12,189.36349487304688,190.68495381742676,187.8768572748364,190.04258743357417,4045063
2025-03-13,189.67550659179688,190.7858939468661,188.22556554989606,188.7302830230548,3746391
2025-03-14,192.22666931152344,193.7683664889832,190.7767281499449,191.30899029776867,4121348
2025-03-17,193.0984649658203,193.7316646563121,190.6298924418165,191.2814552204699,4684421
2025-03-18,192.4744415283203,194.09874292677202,191.63935182461987,193.0892930180754,4043471
2025-03-19,191.4741668701172,194.65852846432236,191.16215779166137,192.97916756758744,6799206
2025-03-20,193.52976989746094,194.24555889637188,190.23528933683272,190.50142039678607,3801457
2025-03-21,192.82315063476562,194.0436719981901,191.59346258420956,191.91465319863008,6944351
2025-03-24,194.41075134277344,195.1724332581459,193.17188167988115,194.21804290623805,4507340
2025-03-25,194.6585235595703,195.47525012677067,192.96079961714182,193.7132999469164,4042728
2025-03-26,195.57620239257812,199.28362963149607,195.10818135860646,195.2183004591016,5570993
2025-03-27,196.5397491455078,197.4941393948855,194.7961621457613,195.55782912243973,3802942
2025-03-28,193.02505493164062,197.20968505996888,192.68551606088795,196.63154488247392,3451857
2025-03-31,194.3189697265625,194.95216941132995,192.49279331050795,193.4747133847841,4210366
2025-04-01,195.87904357910156,196.04422224136346,192.41938407502886,193.73167639909178,2720192
2025-04-02,198.20994567871094,198.59537740090525,194.8512387108124,194.99806913560698,3632758
2025-04-03,189.6663360595703,198.48525374827682,189.3451454412464,196.00751452905496,6907853
2025-04-04,175.26791381835938,187.7850766787936,175.01096430675165,186.51867735127448,8960463
2025-04-07,172.0285186767578,180.076588637455,168.29356122588598,175.1027465905144,9922684
2025-04-08,167.80718994140625,175.4331167358248,165.9442871534233,172.74430575032397,7376072
2025-04-09,182.71031188964844,183.33434491461827,164.59528821408264,165.64144942843103,9698919
2025-04-10,177.47036743164062,183.1232872641343,173.2582073356878,180.77402998294863,6176399
2025-04-11,182.20558166503906,182.9947784360972,175.8276921196556,176.91056457922102,5414177
2025-04-14,183.76564025878906,184.7842567601757,181.88438950052523,182.63688980383077,4766118
2025-04-15,182.44419860839844,185.7019532398908,182.05876687667765,184.29790491062,3203690
2025-04-16,177.36940002441406,182.2422888394941,176.66277773579208,181.24200572590888,4380763
2025-04-17,180.41612243652344,182.0037125612321,178.9294847341413,179.1772527322488,3411752
2025-04-21,178.24119567871094,179.68195525031012,176.3049001523279,178.92946977408997,5250359
2025-04-22,182.04043579101562,183.21506447217658,179.32409489462438,179.7370564420176,4611849
2025-04-23,181.06765747070312,184.71085853528533,180.61799951694468,183.19667630667394,4411320
2025-04-24,184.21530151367188,185.00451314907687,180.08573131464948,181.086014460459,3437322
2025-04-25,182.76536560058594,184.06847630467016,181.50814776016668,182.8020769201444,3860979
2025-04-28,184.14190673828125,185.1146453212491,181.6916971918714,183.14162352182802,6037727
2025-04-29,194.08038330078125,194.9430027305835,189.83151238915482,190.37294120456392,9278021
2025-04-30,193.171875,194.23638442168877,188.84959621766527,193.74083360229434,5338952
2025-05-01,193.3921356201172,194.11709136073026,192.50197150513702,193.0801116742127,3810688
2025-05-02,196.50306701660156,197.2463858173206,194.56675660293607,194.71358702561568,4645589
2025-05-05,196.61318969726562,197.79699978756588,194.97970678655503,195.5303171674064,6668491
2025-05-06,192.6488037109375,195.73221302216615,192.24502374331388,195.21831394643942,5442081
2025-05-07,196.94354248046875,198.92573089180766,195.58537221986592,196.29199455416688,4598374
2025-05-08,196.8793182373047,198.82481035232757,196.18189224431873,197.94384260194755,4139598
2025-05-09,195.4936065673828,197.19131559521657,195.1632344200144,196.87929167836484,2540034
2025-05-12,201.2841796875,201.39429878722294,198.70548810360768,200.05447678894802,4278483
2025-05-13,200.25636291503906,202.22938455573131,200.10953249927,201.6695926670576,4093550
2025-05-14,199.30198669433594,200.23802880375834,198.05395035759673,198.55866787618757,3432335
2025-05-15,203.99134826660156,204.6245479768747,199.77918850456962,199.77918850456962,4385007
2025-05-16,205.57781982421875,205.67927311661853,203.49326377390398,205.04283812661583,3072656
2025-05-19,207.47789001464844,207.62547065318697,203.49325757244023,204.40639690732144,3623527
2025-05-20,207.58856201171875,207.77304153442284,205.92830603848853,205.92830603848853,3536950
2025-05-21,204.64620971679688,207.49632429415513,204.31414955921412,207.0074699802285,3831695
2025-05-22,206.26959228515625,207.56090422444183,204.01901364835385,204.20347824952177,3093346
2025-05-23,204.79380798339844,205.6885053820871,203.67773214966746,203.67773214966746,2691969
2025-05-27,208.87991333007812,209.156617713846,205.07051676168444,206.99827872212143,3279339
2025-05-28,207.1735076904297,210.1988733386598,206.77687820567093,208.8798910288909,2740245
2025-05-29,207.70848083496094,208.37258623839065,205.90985767861204,208.03131254671294,7151246
2025-05-30,209.07359313964844,209.39642485542316,206.39871457989577,209.05515115949294,8805876
2025-06-02,208.01287841796875,208.40026454047074,205.716172389167,207.5332375940244,2685815
2025-06-03,209.1658172607422,209.5808887118027,207.5240033008289,207.53321682382878,2980455
2025-06-04,209.7930450439453,211.01057415347904,208.6308568091379,209.82071548130847,1944495
2025-06-05,209.07359313964844,210.22655288685996,208.56629682398636,209.8114963375303,3447826
2025-06-06,211.01979064941406,212.5785933756648,210.43869656494724,210.9921202136193,2350858
2025-06-09,209.4978790283203,210.9460000607873,208.94445536077103,210.93678653705945,2717327
2025-06-10,208.6954345703125,209.9406341675061,208.2065802019658,209.48867869472664,2827671
2025-06-11,208.28958129882812,209.19350713281938,204.4433009420206,208.38182106683175,2645816
2025-06-12,208.50173950195312,209.11050407547302,206.3987264664598,207.56091473706857,1696327
2025-06-13,206.87835693359375,208.57551190220485,206.15891064328278,207.44099412669317,2649317
2025-06-16,206.69387817382812,208.82456154869195,206.17735339591496,208.0589879056144,2587779
2025-06-17,204.57241821289062,206.73075688115824,204.28647048214586,206.241902587911,3294829
2025-06-18,204.64620971679688,206.23268285623783,203.742283939086,204.91370054751954,3817796
2025-06-20,204.58164978027344,206.05744124585152,203.10585831469535,206.04822772214632,6233481
2025-06-23,207.29342651367188,207.53323198638657,204.52630819239434,205.98365767269308,2737062
2025-06-24,207.16429138183594,208.55707155625115,206.2880359874467,208.07743073710012,3802412
2025-06-25,204.57241821289062,207.23805315296678,203.98209570561596,207.23805315296678,3187032
2025-06-26,208.8061065673828,208.9075747922568,204.88604334669498,205.52247833479356,2790324
2025-06-27,211.08436584472656,211.1858191345351,208.26190665132057,208.61240880298172,5299165
2025-06-30,214.80149841308594,215.42871983673308,210.595487703167,211.08435694982464,4308721
2025-07-01,220.23428344726562,220.33573674055893,215.08744767459646,215.44717829506084,4160605
2025-07-02,220.6862335205078,221.8484217333139,218.527894648709,219.6716259484372,4353601
2025-07-03,221.73773193359375,222.56785994140463,220.8061357058718,221.26731959163087,2019295
2025-07-07,220.7692413330078,222.1989203677928,219.4687009566118,221.24888214099283,2875947
2025-07-08,221.18429565429688,222.8906789207247,220.47406295380557,220.7046548835181,2936636
2025-07-09,220.1881561279297,222.9552745436521,218.34342047263337,222.0144498024731,2309797
2025-07-10,218.38954162597656,220.7969295174727,218.1497361354854,219.35803684341144,2402210
2025-07-11,217.61473083496094,217.7254125774698,215.8345646331303,216.17583831679164,2564649
2025-07-14,219.5793914794922,220.243496912437,216.4156584830482,218.14049886357475,3088783
2025-07-15,217.03366088867188,219.16434440001257,216.93220759101587,218.77694332537465,2498973
2025-07-16,218.49099731445312,218.60167906260017,214.92142134004487,217.18122845156518,2997007
2025-07-17,219.86532592773438,220.16048721849714,217.83611071971293,218.2419537613172,2659503
2025-07-18,218.17739868164062,221.11052480090876,216.97831154144703,221.11052480090876,3834242
2025-07-21,216.95985412597656,219.84686762141337,216.92295523417675,218.17738316037787,3070534
2025-07-22,218.21426391601562,218.66623426879178,216.13893647397882,216.88605315848991,3617055
2025-07-23,220.69546508789062,221.83919640374043,218.8138305579621,219.15510426138323,4062675
2025-07-24,207.05360412597656,212.68927907164695,206.42638268167698,208.56629446494156,11877152
2025-07-25,206.8322296142578,209.00902539858293,205.03362135460338,208.75076301055563,6333215
2025-07-28,207.60704040527344,210.06976911759216,207.2749802166023,207.65315282433252,5117309
2025-07-29,204.5078582763672,208.45559169345825,204.06511637558785,208.16965888236436,3994135
2025-07-30,204.9136962890625,206.9705817203431,204.04666942082955,205.12583131179883,5035612
2025-07-31,205.0889434814453,206.3618133249353,204.12044841528822,204.3602688010983,3241143
2025-08-01,200.8091583251953,204.43407523374879,200.30186199352195,204.18504129629096,4208987
2025-08-04,203.65005493164062,203.66851184473353,200.89217997089884,201.37180585409553,3662890
2025-08-05,203.89910888671875,204.1850417190216,202.46942979242658,202.9398421635987,2631068
2025-08-06,202.21116638183594,204.67389504275718,201.99901640647983,204.44330308671795,2963267
2025-08-07,199.76686096191406,203.3917775197166,198.8721636591003,203.1796424970383,3079553
2025-08-08,199.51783752441406,200.7999359147725,199.2319047053572,199.94212252482467,3246130
2025-08-11,199.64698791503906,199.7761116476318,197.57164534166003,199.51784924966816,2558389
2025-08-12,200.1634979248047,200.41253184748044,198.81683022589343,199.8222242383604,4615244
2025-08-13,202.6815643310547,202.86602892309577,200.34795956649305,200.495540199792,3849414
2025-08-14,201.26113891601562,202.08205349128295,200.41255390185046,202.08205349128295,3153716
2025-08-15,200.9829559326172,202.14193260762724,200.06506309769907,202.14193260762724,2908201
2025-08-18,200.63990783691406,201.57635367525154,200.19486114918175,200.9458821255152,4364105
2025-08-19,200.95513916015625,202.2810026972026,199.77763952624665,200.51010749279502,2521679
2025-08-20,201.1962127685547,203.5326891197782,200.47302128139327,201.2518417282969,4309252
2025-08-21,201.58563232421875,201.91014459933112,199.34187588906812,200.7233534193744,2851331
2025-08-22,206.60162353515625,206.8334158766311,202.75387366877627,203.56978511244984,3483051
2025-08-25,204.54331970214844,206.22149515827235,204.44133827058397,205.59102355265412,2394783
2025-08-26,206.35130310058594,206.5830954531706,203.82940170404402,204.18172848165494,4304477
2025-08-27,205.13671875,206.49965842598178,204.61750506491308,205.47976904080593,2240514
2025-08-28,205.22943115234375,205.73936832093068,203.7737715838495,205.55392843570982,2758918
2025-08-29,203.51414489746094,205.46121861440602,203.21746210288657,204.96980443131594,2112557
2025-09-02,201.75253295898438,202.23465565082486,199.71275424251738,201.2240427901024,3450372
2025-09-03,198.4147186279297,201.40948121940377,197.07959347963586,201.36311374269792,3736418
2025-09-04,199.490234375,199.92600459155028,196.65308221350418,198.1643707307001,4939486
2025-09-05,198.64651489257812,200.5379447250014,197.83060339582636,199.32333896698643,4355299
2025-09-08,199.11009216308594,199.5273093829792,197.0610370001722,199.17499762301824,4842192
2025-09-09,198.6001434326172,199.62930928054664,196.5047357680232,199.3047969857756,3124751
2025-09-10,196.2822265625,198.72996108658873,195.98552873948668,198.3869107958295,4546597
2025-09-11,199.62930297851562,200.41739995221934,196.0689593563838,196.48619158084847,5920911
2025-09-12,196.0596923828125,198.95245836063847,195.57755471283298,198.46105920428357,3362309
2025-09-15,196.31930541992188,197.4226381850771,195.3457685627485,196.33784340377264,4022994
2025-09-16,195.58682250976562,197.7842113755441,195.26231024875554,196.26366151070022,3543528
2025-09-17,196.263671875,198.09019611487014,194.93780828202898,196.2543953780346,5742450
2025-09-18,194.89144897460938,197.85839682703556,194.75237657757648,195.7166218706795,4725270
2025-09-19,194.1219024658203,195.72591090908134,192.31391615700304,195.72591090908134,11677472
2025-09-22,193.7788543701172,195.20669944504306,192.23047487184834,193.54706202076943,5098529
2025-09-23,194.0662841796875,195.6517547262158,193.60269946069388,194.1868186083081,6615653
2025-09-24,193.40798950195312,194.96563048615025,193.05566272946515,194.05699907344518,6534487
2025-09-25,192.5735321044922,194.1311881563742,192.2026673342399,193.68614142576305,4322514
2025-09-26,193.02784729003906,193.82520576233287,192.24902680180557,193.2410866435294,3768248
2025-09-29,194.03846740722656,194.85437890470945,189.4860487086541,194.604048563192,5981918
2025-09-30,195.1696014404297,195.73518255794522,193.26889523789228,193.73249493041246,4437420
2025-10-01,194.87290954589844,197.2928294647643,194.69674616055707,195.16960735389586,4124319
2025-10-02,195.6424560546875,197.50607121718735,194.78945366379088,195.16959489154277,4570364
2025-10-03,193.8251953125,196.58816535624604,193.24107622518852,195.61464355106867,4590417
2025-10-06,193.7788543701172,195.16960846620364,192.66624508904263,194.70602376750816,5471895
2025-10-07,193.76031494140625,194.40932450843326,192.6755201499204,193.43580265263606,4109677
2025-10-08,194.56695556640625,194.59477004850876,192.75896919820104,193.63050965143174,2985760
2025-10-09,189.3562469482422,194.7060239838613,188.66086989942627,194.69674748651275,3983949
2025-10-10,186.27804565429688,190.51521351477138,186.10188226330024,190.04235230625264,5870195
2025-10-13,188.13238525390625,188.4383445597269,185.99988656872645,187.6688005411081,3950634
2025-10-14,193.41725158691406,193.52852452371238,186.68599694154892,186.75088739153938,4297262
2025-10-15,187.75222778320312,194.15898477288002,187.38136304707683,193.57486568348762,4700548
2025-10-16,188.37344360351562,189.94962253282728,187.5111646778044,188.86484277125882,3294299
2025-10-17,188.17872619628906,190.07015591161192,187.30718578876346,188.33635159361305,4109677
2025-10-20,191.02516174316406,191.17349563833628,189.43969125706116,189.45822924132926,4147661
2025-10-21,193.85301208496094,195.27159560550152,190.88606415040644,191.1271329856114,4031800
2025-10-22,191.56289672851562,194.8821713071586,190.9973306471422,194.52056806653312,4532910
2025-10-23,204.59893798828125,206.2771283673308,198.64650399392988,199.34188102543987,10045972
2025-10-24,200.3988494873047,204.84001007913344,199.11009184059282,204.84001007913344,8531289
2025-10-27,199.4067840576172,203.24527242988736,199.0637187840827,203.01348008887143,5723140
2025-10-28,198.7948455810547,199.7869053681851,197.64514539077643,199.16571031544564,4500232
2025-10-29,197.3855438232422,198.8412033302014,195.16960183373587,197.83985200916064,4441983
2025-10-30,196.85401916503906,201.88087516931353,196.54906556374777,198.51652364744794,6511200
2025-10-31,198.0541534423828,198.58536047649068,195.4177520224613,195.56532037286155,4067800
2025-11-03,194.55209350585938,198.1722091133462,193.8929968602739,198.05416643369318,4963400
2025-11-04,193.26339721679688,194.78816508952727,191.5123458662026,194.44386896138377,5727000
2025-11-05,193.8437957763672,196.48018220052697,192.13210197153097,192.92892003240743,4206400
2025-11-06,192.72235107421875,194.0405443254145,192.0435756657709,192.80105119510534,3031300
2025-11-07,190.91229248046875,193.24372538567746,190.54830254666493,192.86007167962396,3706900
2025-11-10,192.87974548339844,193.28306295129042,190.46959750935366,191.8173163993266,3820700
2025-11-11,197.14913940429688,198.23123233592557,192.59446917125223,193.2830764932912,4196500
2025-11-12,198.30992126464844,198.9886966618082,196.33263142073721,197.70984598706647,4606900
2025-11-13,196.61790466308594,199.7363237004127,196.28344041541342,197.99513422902257,4162200
2025-11-14,196.9741668701172,197.48877404350895,193.639148768453,196.40019995029496,3725400
2025-11-17,194.04490661621094,197.28097183325949,192.94642659393315,195.83611838667753,2837500
2025-11-18,189.46295166015625,191.8281454237852,188.59209538303202,189.83901250053535,6072500
2025-11-19,188.5920867919922,189.36398998677214,187.04826530201373,188.70093060880768,3394100
2025-11-20,186.1873016357422,191.24426574802493,184.82161977006473,190.4327692480083,3673200
2025-11-21,188.04779052734375,189.09678639291653,185.89040885062184,186.3159537416178,4711500
2025-11-24,186.701904296875,188.21602324165266,185.0987079844376,188.0774769035821,5304200
2025-11-25,189.03741455078125,189.64108398684084,187.2659844398637,187.849872327502,3663400
2025-11-26,188.0181121826172,190.29422855913157,187.97851888365466,190.29422855913157,3120900
2025-11-28,190.1952667236328,190.40307868211616,187.63215189954863,188.0279942683673,1644100
2025-12-01,188.2457275390625,190.16559489615688,188.00821303804207,188.3051023892127,3220200
2025-12-02,191.14529418945312,191.7192761937538,187.56287092512713,188.8196938500686,4477200
2025-12-03,191.46197509765625,193.1740151907727,190.76924342128697,191.32342876238238,4181000
2025-12-04,190.23484802246094,191.90730999376635,189.4728506950384,191.4520927722436,4006200
2025-12-05,189.3441925048828,191.3531219773827,188.67124235573777,190.7692491967961,4294300
2025-12-08,189.9973602294922,190.36351520398085,188.55250678079548,190.1457973541715,3239800
2025-12-09,188.1962432861328,190.69009269302416,187.8894631603667,189.18586438882085,2772000
2025-12-10,190.06661987304688,190.69997675244693,188.1467525853726,188.18634588432087,5567800
2025-12-11,191.83804321289062,192.41201012343987,190.64059511924037,190.68017331636088,3733700
2025-12-12,191.65000915527344,192.69900501382722,190.5119359291604,192.10522636538403,3324500
2025-12-15,195.4006805419922,195.48974281569141,191.36302469634717,193.62926544104573,3463300
2025-12-16,196.2022705078125,196.69708104938408,194.6485732594958,195.45016392077466,4734400
2025-12-17,197.8153533935547,200.35868676999516,196.0637198864554,196.35071845054586,6291100
2025-12-18,196.02413940429688,199.24040781693216,194.61887932528802,198.74559729191137,4168300
2025-12-19,197.04344177246094,198.97319974016526,196.11319559817824,196.76634909506845,7866500
2025-12-22,193.9261474609375,197.6768045935214,193.17402579921725,196.22206044304747,4384000
2025-12-23,193.47091674804688,194.1735543430809,192.69901353120326,193.7678060853911,2419700
2025-12-24,194.8860626220703,195.09388968301556,192.98599205230508,193.4709117942316,1480100
2025-12-26,195.3214874267578,195.43034633826036,193.84696183508075,194.68813060540242,1457900
2025-12-29,195.04441833496094,195.54913475857353,194.2032494629726,195.30172948438528,2067900
2025-12-30,194.32199096679688,195.52932986194892,193.38185398461624,194.30219431757928,1904100
2025-12-31,193.06517028808594,195.00483422309964,193.02559208960037,194.32199327097533,2027300
2026-01-02,193.8469696044922,194.53970129617414,191.3432296400013,193.65893919523174,3156300
2026-01-05,199.00289916992188,199.68574013056042,192.8969389239926,193.76781030572513,3846200
2026-01-06,202.8129425048828,203.4265027301073,198.27058546240943,198.320054435087,4005000
2026-01-07,197.4392852783203,203.86193116726488,196.45957012775514,202.98116905895702,5087100
2026-01-08,203.1098175048828,203.35722275248165,196.48925066307137,196.8752022453088,5192500
2026-01-09,205.2276153564453,206.57350056993772,201.39777167737327,202.52593905482877,5707700
2026-01-12,206.43495178222656,206.54381069895484,202.51604588042713,204.95052024525106,5521600
2026-01-13,208.09750366210938,209.0178590487059,206.15785494911452,207.09799188350414,4121200
2026-01-14,210.828857421875,212.34299148897404,208.7902405177388,211.6304631398987,4421100
2026-01-15,212.78831481933594,213.31281274911916,209.65121801463343,211.18511850715893,5569400
2026-01-16,217.1129608154297,218.34009634939764,214.28264401806038,216.9447270495534,8529500
2026-01-20,212.83779907226562,216.0738489209608,211.9768185204133,214.44098028539602,8222000
2026-01-21,216.89524841308594,218.12238397780905,213.30291909166385,213.71857323003297,5655500
2026-01-22,220.23025512695312,221.12092310512466,217.40984428045599,217.71662438056165,4353300
2026-01-23,219.16148376464844,221.0021795165206,218.30050318526997,219.66618506258706,3819900
2026-01-26,218.86459350585938,219.5276377926551,217.43953678779502,219.06251469438638,3703900
2026-01-27,218.6171875,220.46777401206924,217.8254876481716,219.03282652461573,3520800
2026-01-28,214.39151000976562,218.9734604389355,213.94618354417645,217.7265282147827,5107500
2026-01-29,224.88150024414062,225.49506048321288,218.48854140641794,218.94377374859434,6945200
2026-01-30,225.15858459472656,227.2070923075531,223.15954585386075,224.38668138694626,6719200
2026-02-02,225.19815063476562,225.98985044884054,222.74389480150955,223.8918587768973,4514500
2026-02-03,228.51339721679688,229.35456603777124,224.18874301797612,224.18874301797612,4531400
2026-02-04,232.90731811523438,233.8870332818749,230.63118670011067,231.09630979756537,5943100
2026-02-05,231.42288208007812,233.6297327314521,230.1363717311431,231.30411728913037,5017500
2026-02-06,235.9058837890625,236.59861554232302,231.7197756435503,232.32344512148154,3976500
2026-02-09,237.3507080078125,238.44918797270074,234.54018786175524,234.9360302399198,3006700
2026-02-10,240.8143768310547,242.2394335244925,236.76683045901152,237.47935880573044,3888800
2026-02-11,240.1810302734375,242.48684917479108,236.6381850366208,241.45764990787015,4192200
2026-02-12,237.3408203125,243.0806254728607,236.70746343896897,241.88317734768754,6536100
2026-02-13,238.87474060058594,240.69563975970658,236.47985940426912,237.15279448899747,5330200
2026-02-17,240.1315460205078,242.20975630270067,237.18247946708462,237.18247946708462,3699800
2026-02-18,238.63722229003906,240.61646441406708,236.6282927421842,240.41854322174808,2853200
2026-02-19,238.27105712890625,240.27008071629515,236.69754823134704,238.07313594506022,2360100
2026-02-20,241.43785095214844,241.96234890534123,237.8059434779713,238.32055065672574,2681200
2026-02-23,240.53729248046875,243.44678081357608,239.86435740772177,241.20033677876438,2496100
2026-02-24,241.0815887451172,242.86290968586923,240.53729413816254,240.53729413816254,2575500
2026-02-25,239.68621826171875,242.45716025615866,238.16220847000727,242.20975499059114,3368600
2026-02-26,238.3799285888672,241.31910437991922,237.33093266890745,240.21071851130395,3040000
2026-02-27,242.2585906982422,242.59672869610026,238.94678987414412,240.0606785367767,3888100
2026-03-02,246.68426513671875,246.82349932269608,239.90154954069783,241.37345596037065,3634700
2026-03-03,242.51718139648438,245.8090873150704,240.31925404073579,242.59673078163877,6367200
2026-03-04,244.62559509277344,245.91849267613904,237.87269891542152,243.28296776093444,4774800
2026-03-05,237.07708740234375,242.58680065681983,234.68025613655553,242.20887277289287,4308200
2026-03-06,234.0039520263672,235.66483754286986,232.84034879967209,234.03380201458933,3857900
2026-03-09,236.29139709472656,237.087027557682,229.52856092268857,232.8503169673734,3405100
2026-03-10,239.29489135742188,243.91946964364973,235.32669415622402,235.5057182160603,5089100
2026-03-11,238.13128662109375,240.62756216081266,236.13226303802986,238.4495296943996,3241200
2026-03-12,232.12428283691406,238.4594761910452,231.91543914716868,236.470407734258,4592800
2026-03-13,233.21827697753906,236.28144422754437,232.5519408643641,234.20287132855836,3117500
2026-03-16,233.2282257080078,235.01839042535096,232.3629857510372,233.71555296243108,3176700
2026-03-17,230.15512084960938,234.35205671781975,227.25108257819073,233.11882874966028,4224000
2026-03-18,228.66331481933594,231.79610683783105,227.31074762119775,230.294350395733,3255200
2026-03-19,227.77818298339844,229.349548953386,225.7592796263219,226.92288290290873,3031900
2026-03-20,220.28933715820312,228.24561118649038,218.62846677584477,226.6941401790365,8098400
2026-03-23,221.79107666015625,225.26200664062844,221.69163234082382,223.7204755247871,3657400
2026-03-24,220.3589630126953,223.42211517554355,219.3743686333158,219.40420344704955,3326000
2026-03-25,224.55587768554688,226.36593727293587,221.4231009232358,222.5966592088218,4574600
2026-03-26,223.93927001953125,227.4002448795633,223.2033092285858,223.45194278527694,4754400
2026-03-27,221.90048217773438,224.9736046151828,221.46288466946916,224.9736046151828,3316200
2026-03-30,222.25851440429688,225.1128380783816,221.39327444554536,224.56584119481914,3217500
2026-03-31,224.79457092285156,225.44101210257014,220.90593843920993,224.43653799282902,3479000
2026-04-01,226.9527130126953,228.44451438899532,225.3813470752794,225.96813381658586,3837700
2026-04-02,228.1958770751953,229.24014105651736,223.88954201868358,225.64987186289002,2987300
2026-04-06,226.96266174316406,227.55937317182378,225.14266229374556,226.7935775708865,3139500
2026-04-07,222.61654663085938,225.57031461718614,220.22967046077585,225.4410203063822,3719500
2026-04-08,231.1993865966797,231.21928153150137,227.0621203263254,228.2754533688369,3807800
2026-04-09,234.76976013183594,235.06812345145138,227.47982202525148,229.41916083966876,3191900
2026-04-10,233.7553253173828,235.53555013737645,232.790641048504,235.0283431289488,1906900
2026-04-13,232.36297607421875,233.60614385735326,230.52308168502452,232.16407226399483,2657300
2026-04-14,231.96517944335938,233.1983922304052,230.39381346998573,231.96517944335938,3155300
2026-04-15,230.92091369628906,231.6469194615039,227.67872227623891,231.63697958198182,3514500
2026-04-16,228.1262664794922,232.32320214312918,227.7284436823536,230.43357800134393,2925900
2026-04-17,232.2734832763672,235.15762660762354,229.5086792021483,229.86671214864944,4071900
2026-04-20,228.4842987060547,232.33314130727396,227.6986081687415,232.05467293782797,3217800
2026-04-21,221.00540161132812,228.53401797090265,219.93130280338082,225.75927409857994,4895100
2026-04-22,218.7677001953125,224.76474050902215,218.0914090140834,223.064080264283,4470200
2026-04-23,213.16847229003906,216.80847136887587,206.69405964028275,206.73383433400508,8019200
2026-04-24,212.00486755371094,213.5265037658814,208.6731868695486,211.64683461111858,4607600
2026-04-27,210.8909912109375,212.9596242765292,209.36935501912532,212.19382865323792,3615500
2026-04-28,211.76617431640625,213.76519790653592,209.21022913987,213.56629408809314,3796900
2026-04-29,209.1505584716797,211.73633844935273,207.16148994636725,211.33853081444565,4502600
2026-04-30,213.1585235595703,213.41709699650067,208.30519165597732,208.36486128177754,4128600
2026-05-01,211.33853149414062,214.3818039195941,210.8512042407319,213.85470197272213,2988200
2026-05-04,208.44442749023438,212.08442644672382,208.08639455721266,210.75175420868283,2822000
2026-05-05,207.91732788085938,209.96606600783588,207.4001658217409,208.83229756983005,2655200
2026-05-06,215.67469787597656,216.88803087396101,211.68662100005645,211.68662100005645,4297300
2026-05-07,214.88902282714844,217.06704008879657,212.8402695234354,215.67469820800943,3573100
2026-05-08,211.95513916015625,215.4757989807164,211.59710621527535,215.2967749205816,3731700
2026-05-11,217.9123992919922,219.83184310297264,213.69556862496256,214.10333130799793,4454000
2026-05-12,217.3455047607422,218.61852254126518,215.22715716217525,217.94223137113147,3590600
2026-05-13,216.76869201660156,218.23064340415675,214.77962351467983,216.80846670946912,3354100
2026-05-14,216.52999877929688,217.75327166139004,214.58070496622705,216.40070447028134,3377700
2026-05-15,213.24000549316406,215.63999938964844,211.5,215.63999938964844,4464500
2026-05-18,217.22999572753906,218.85000610351562,213.02000427246094,214.11000061035156,5846700
2026-05-19,217.14999389648438,218.2100067138672,215.1699981689453,217.00999450683594,5105500
2026-05-20,217.38999938964844,218.32000732421875,214.77000427246094,216.9499969482422,4027000
2026-05-21,223.8000030517578,225.30999755859375,217.25,218.0800018310547,4732500
2026-05-22,227.9199981689453,228.99000549316406,222.5500030517578,225.5399932861328,5071100
2026-05-26,231.72000122070312,235.9199981689453,230.6199951171875,233.1300048828125,6586800
2026-05-27,231.5500030517578,235.2100067138672,231.4600067138672,233.8000030517578,4478300
2026-05-28,233.0,233.47999572753906,228.30999755859375,230.89999389648438,4438500
2026-05-29,237.86000061035156,239.94000244140625,231.83999633789062,233.0,5490700
