Price,Close,High,Low,Open,Volume
Ticker,IBM,IBM,IBM,IBM,IBM
2021-01-04,95.08971405029297,96.60881388107306,94.39921301399083,96.5551115783925,5417443
2021-01-05,96.77759552001953,97.19189487756542,95.6037432584989,95.91063189826292,6395872
2021-01-06,99.1943588256836,101.18146642591267,97.22258861738409,97.36069249457528,8322708
2021-01-07,98.96419525146484,100.09201713573648,98.40412018828047,99.76977881296641,4714740
2021-01-08,98.61128234863281,99.21738799813437,97.42208020210337,98.64196938221399,4891305
2021-01-11,98.64962005615234,99.49356840366696,97.94377557566041,98.16626876699475,5859587
2021-01-12,99.13298034667969,99.62400343717826,98.15860592313476,99.04091313454174,3921663
2021-01-13,97.37602996826172,99.54727185490664,97.0231046625692,99.08693583067965,8030874
2021-01-14,98.94884490966797,99.86183914153935,97.85938801277901,98.2199851001879,7848347
2021-01-15,98.50384521484375,99.15598123998095,97.95144202212254,98.41944977239658,5131153
2021-01-19,98.9872055053711,99.4245262972196,98.2736891976,99.1866834461549,5646308
2021-01-20,99.80046081542969,100.55233586488326,98.63428027195427,99.50891567956083,5856240
2021-01-21,101.00499725341797,101.45766151971313,99.77744268870923,99.83114498649198,13116003
2021-01-22,91.00041961669922,92.60391507004637,90.04138859893612,92.60391507004637,39814421
2021-01-25,90.97740173339844,91.71393337047985,90.11043796310497,91.11549950200371,14315974
2021-01-26,93.97724914550781,94.05397285442447,90.85464746019744,91.43773785162425,11186656
2021-01-27,93.9618911743164,95.74184910927156,93.30974893291096,93.66267426601046,12705239
2021-01-28,92.12824249267578,94.5219843411601,92.12057073376337,94.21509561652624,8455969
2021-01-29,91.38402557373047,93.06424461444774,91.2229064148505,92.23563966940871,12369473
2021-02-01,92.48114776611328,92.79570818119934,91.09247398721995,91.99012468902171,6538023
2021-02-02,91.63719177246094,92.83406539840827,91.51443754403661,91.57581771960416,6633627
2021-02-03,91.39168548583984,91.91339556106512,90.624460825225,91.33030530881472,7024308
2021-02-04,92.84941864013672,92.9107926994241,91.19988671069397,91.9977984631214,4771957
2021-02-05,93.440185546875,93.45552906249323,92.4658110780005,92.83407994368478,4775722
2021-02-08,94.83650970458984,95.12038304736176,93.90816599285003,94.07695687184096,6158848
2021-02-09,94.92980194091797,95.3185403716737,94.1134537181417,94.77431029133184,4933982
2021-02-10,95.03866577148438,95.94831784085954,94.2378659431083,95.65287062175929,5090673
2021-02-11,94.00463104248047,95.01534873158568,93.78693895629296,94.8520765646808,5629154
2021-02-12,93.91911315917969,94.35449735629675,93.36710243362948,94.07461106073796,4049275
2021-02-16,93.3515625,93.76362391127203,92.79955792803293,93.4137629072697,6945231
2021-02-17,93.27378845214844,93.73249536157425,92.53518290618291,92.72955213359202,4141219
2021-02-18,93.86466979980469,94.02794194601313,93.06387002421343,93.68585531172842,5646413
2021-02-19,92.5118637084961,93.88799689968411,92.03760203051405,93.88022262664568,6881320
2021-02-22,93.96574401855469,94.17566801397908,92.08425817388735,92.13090381429643,6149643
2021-02-23,93.84913635253906,94.34672093988947,93.14163394602056,94.01240852501591,4739740
2021-02-24,95.7928237915039,96.01051587315855,93.701413784664,93.91910586631865,6087720
2021-02-25,95.21748352050781,96.67914000058114,95.1164117608841,95.9172115644049,5953623
2021-02-26,92.46522521972656,95.04644555898633,92.42635384892054,95.04644555898633,9467346
2021-03-01,93.87245178222656,95.10086770721631,93.18827845746979,93.5692364890293,5977367
2021-03-02,93.55369567871094,94.77433743081758,93.49927575735659,93.87245954594401,4732418
2021-03-03,95.1319580078125,95.34187579545363,93.28156928544698,93.68585631416737,7744898
2021-03-04,93.38264465332031,95.800592645853,92.33304947000366,94.85206922362444,8439651
2021-03-05,95.49736785888672,96.21264438890206,93.49148138390966,93.79469663699857,7268968
2021-03-08,97.03679656982422,98.62284797931684,95.53626839185726,95.62179162338295,7572203
2021-03-09,96.5469741821289,98.29629756154633,96.5314256337031,97.49549768138876,5867014
2021-03-10,99.41586303710938,99.70352980160467,96.88129448615125,97.22338117108887,7581199
2021-03-11,98.84829711914062,100.01451257400424,98.56840466543002,99.58689651783757,5383657
2021-03-12,99.2137222290039,99.26814835547466,98.43625134098849,98.8871840837657,4194565
2021-03-15,99.96785736083984,100.10002620764068,99.1592833248298,99.33810401460762,3577948
2021-03-16,99.70350646972656,99.92120471413759,99.00377851037005,99.73460976437222,4867247
2021-03-17,100.3177261352539,100.67536131622816,99.12040740295382,99.87456153997853,4488804
2021-03-18,101.1185302734375,101.84935541784753,99.35365849846455,100.2477557962603,6104142
2021-03-19,100.2166748046875,101.41398757648963,99.92900802391998,101.08744321724981,10297870
2021-03-22,101.4994888305664,101.6316638904974,99.43140796749162,99.90566347403747,4356485
2021-03-23,101.42952728271484,102.28474707113564,100.91639416875668,101.41397873449314,4556794
2021-03-24,101.55390930175781,102.71235045521311,101.5150379360154,101.81047892924059,4189230
2021-03-25,103.45874786376953,103.59092294669699,100.89307581796206,101.32846623688283,5809484
2021-03-26,106.03219604492188,106.10993879107166,103.49762120268937,103.62979007567284,5823710
2021-03-29,105.6279067993164,106.56864984936209,105.35578857973809,105.72119809279945,4835344
2021-03-30,104.74156188964844,105.94665491013282,104.19732553142609,105.62789109121688,5010758
2021-03-31,103.6064453125,104.7337893472955,103.17882927658249,104.60160809324462,5172575
2021-04-01,103.58311462402344,104.12734474572365,102.83674099933066,103.99518210737973,4261404
2021-04-05,105.68231201171875,106.27319405006855,103.715302846358,103.90189782736617,5722980
2021-04-06,104.35282897949219,105.45685030149905,104.2517572166563,105.41019225014695,3787566
2021-04-07,104.90485382080078,104.91263430055676,104.01076253350044,104.05740818486039,3112896
2021-04-08,105.05255889892578,105.44906545560212,104.30617901688129,104.62494283961786,4275211
2021-04-09,105.5268325805664,105.53460065031454,104.73380696811452,104.85819535654173,3162999
2021-04-12,104.6405029296875,105.24693354848235,104.065169407899,104.97481533609127,3926684
2021-04-13,101.98929595947266,103.88634274556108,101.36731686491818,103.40430677569663,8403041
2021-04-14,103.11666107177734,103.23328140021677,101.47618358511069,102.09038853154635,6137928
2021-04-15,103.07778930664062,104.0807390786602,102.79790298441083,103.62202580942736,4062664
2021-04-16,103.86302185058594,104.25954084472097,103.36543729508979,103.40431486937236,5535223
2021-04-19,103.49761199951172,104.0418421968105,103.07777018499178,103.87079576143306,8575736
2021-04-20,107.41608428955078,108.66781052514192,106.28096594748659,106.56863266960445,16192708
2021-04-21,111.6066665649414,111.7466158849324,107.06620582408442,107.33832398670921,12456814
2021-04-22,109.84181213378906,112.53187211946727,109.62412006374288,111.72329802813684,7428064
2021-04-23,110.73590087890625,111.65331472981126,109.585234019717,109.86512025698099,4765576
2021-04-26,110.06726837158203,111.66888035931623,109.99730611612874,110.72812503643136,4927497
2021-04-27,110.40938568115234,110.83700183176173,109.42976497907144,110.16059647036975,4062664
2021-04-28,111.17908477783203,111.49006816114584,110.47935044952581,111.11687817392348,3941433
2021-04-29,112.14313507080078,115.6417816020959,111.16351453840039,112.05761185549241,4554179
2021-04-30,110.30830383300781,111.82438039807911,109.27425709539872,111.72330862707436,9280321
2021-05-03,112.53963470458984,113.31711157787973,111.60665997483116,111.80880346552438,5997241
2021-05-04,113.31712341308594,113.97019958759937,112.21310216680946,112.27530876132647,6642623
2021-05-05,112.90506744384766,113.46485239734484,112.71070438990014,113.46485239734484,5229895
2021-05-06,115.39301300048828,115.46298768085339,112.87398655263651,112.93618075337955,7848661
2021-05-07,114.35526275634766,114.8898577704506,113.65557757441105,114.71690019095536,7325661
2021-05-10,114.9134292602539,116.65085983374045,114.6225483540779,114.6225483540779,7304636
2021-05-11,113.38040924072266,114.14299600766785,112.34267640013576,113.98576071722621,7454214
2021-05-12,111.08483123779297,113.32538731605685,110.95904048223558,113.08168576449219,6233742
2021-05-13,113.3410873413086,113.91498160769567,111.06907486093804,111.20272043960058,4807207
2021-05-14,113.7420425415039,114.536073828354,113.17600304495527,114.0800902477511,2873780
2021-05-17,114.080078125,114.62252787949303,113.46687187249428,113.55335064254277,4471755
2021-05-18,113.13672637939453,114.22949363406168,112.60213132278469,113.8206767923904,4000009
2021-05-19,112.57066345214844,112.57851831510162,110.7860661941371,111.88670063311564,4498532
2021-05-20,113.11312103271484,113.92287464397425,111.76091757535328,112.51563695134162,4301675
2021-05-21,113.78923797607422,114.54395749458757,113.42761304218523,113.42761304218523,4219041
2021-05-24,113.77350616455078,114.30023379129372,113.34897960788793,114.04080995778783,3449290
2021-05-25,113.04237365722656,113.99362781757165,112.57853514709853,113.9307387137259,4118311
2021-05-26,112.72004699707031,113.19960777813364,112.45275576082103,112.81439319955638,3225655
2021-05-27,113.06594848632812,113.81280041331985,112.9165806104707,113.06594848632812,5889294
2021-05-28,113.0030517578125,113.46689022715809,112.8065170517215,113.37255657968365,2651192
2021-06-01,113.35684967041016,114.64615164688765,113.01093448737205,113.99363324644037,2528705
2021-06-02,114.5596694946289,114.58325918285648,113.29394469644792,113.69489411007768,2915097
2021-06-03,114.426025390625,114.685461773744,113.23892450565025,113.92288744855182,4320608
2021-06-04,115.8961410522461,115.99834211311689,114.59110439946177,114.77978424627752,3261323
2021-06-07,116.36783599853516,116.93387554678023,115.69959538801135,115.99834371112914,3621984
2021-06-08,117.19329833984375,118.08166324721482,116.44644644007631,116.44644644007631,5313785
2021-06-09,118.45116424560547,118.76563483069708,116.99675974804072,117.1618624516811,5547252
2021-06-10,118.34899139404297,120.15716632000421,117.73578489990176,119.08012124877226,4977391
2021-06-11,118.93072509765625,119.37884129013334,118.21531769099536,118.2624845144916,3596462
2021-06-14,117.9480209350586,118.73417226617421,116.87097617012091,118.48260333830903,3498661
2021-06-15,117.42129516601562,117.85368911640613,116.82381104716059,117.80652228937427,2628912
2021-06-16,116.21845245361328,117.73574590823864,115.738891757112,117.73574590823864,4057329
2021-06-17,114.46532440185547,116.39927711670346,114.21374291158308,115.99834029083445,4568300
2021-06-18,112.515625,113.7420375818596,112.4527359079161,113.58480230394592,9577699
2021-06-21,115.29080963134766,115.62100255771274,113.25465547060125,113.29395489090813,4482633
2021-06-22,115.06281280517578,115.41658282029778,114.26878143939103,115.18859100733167,2549102
2021-06-23,113.6869888305664,115.17283754903232,113.65554428854105,115.11780332663677,3349920
2021-06-24,114.33954620361328,114.92917548574135,113.74992946919183,114.62255972659425,3775746
2021-06-25,115.44015502929688,115.51089898344598,113.95430613349667,114.29235382216841,3759533
2021-06-28,114.22162628173828,115.80180921553588,113.92289047339538,115.57382992698658,4067789
2021-06-29,114.426025390625,115.36155730456318,114.0722553487573,114.19803356042226,2540211
2021-06-30,115.2436294555664,115.51092069262005,113.76564769229012,114.09582803271964,3394375
2021-07-01,115.44015502929688,115.95901513004537,115.22788552373807,115.53448866663157,2809661
2021-07-02,110.07855987548828,115.52667440827473,109.6383109844508,115.49521730373642,17584515
2021-07-06,109.10369873046875,110.39300064414795,107.78293971719445,110.05495288978373,8466010
2021-07-07,109.92130279541016,110.32225218493528,109.087972013457,109.087972013457,4246446
2021-07-08,110.64457702636719,111.09268069157295,108.22319607068229,108.31752972197646,5739820
2021-07-09,111.25777435302734,111.61941174898352,110.72317939606147,111.20274012039614,4083689
2021-07-12,110.78608703613281,111.60369560852443,110.15715833027053,111.18703645789772,3496360
2021-07-13,110.28294372558594,110.78608164671688,109.77193839270008,110.78608164671688,3309858
2021-07-14,109.92130279541016,110.65243251403221,109.2216176273968,110.62885537492858,4606061
2021-07-15,110.41659545898438,110.42446287117502,109.11942607324728,109.52823036219682,3807126
2021-07-16,109.19801330566406,110.84896492070814,108.9543117972552,110.84896492070814,4298328
2021-07-19,108.42758178710938,108.87568538450058,107.0832333518244,107.2719131735642,8977086
2021-07-20,110.03921508789062,113.93072251533323,109.04079424161428,112.42129640369802,14237838
2021-07-21,111.08483123779297,111.15558775356237,109.78766190923756,110.03923087264606,5024984
2021-07-22,110.62098693847656,111.48576226302593,110.3851402633909,111.36783892548308,3466653
2021-07-23,111.11627960205078,111.39929312713198,110.32226072077661,110.81754380044877,4680013
2021-07-26,112.24049377441406,112.42131877981178,110.9511917860284,111.15559393285574,4441630
2021-07-27,112.22476196289062,112.92444714048531,111.32067465583471,112.05180438446868,3281302
2021-07-28,111.45431518554688,112.49991547227101,111.35211412548006,112.42915896180854,2660815
2021-07-29,111.58010864257812,112.38984973153208,111.32067228048102,111.89456669396695,2793761
2021-07-30,110.8175048828125,111.51718985924177,110.68384675776454,111.25775356619899,3698238
2021-08-02,111.17915344238281,112.4684677740031,110.87255027076601,111.20274312777835,3064257
2021-08-03,113.26248931884766,113.75777234263788,111.35998114512655,111.55651585331529,4272596
2021-08-04,112.23262023925781,113.34896444881629,112.0046284412217,113.050228690553,2960285
2021-08-05,112.24049377441406,112.7436442769082,111.80809979162278,112.44489592124141,2884240
2021-08-06,113.27820587158203,113.51405252857734,112.33481924360078,112.42129802419302,4002833
2021-08-09,112.32396697998047,113.31799202464647,112.10130831455776,113.07941738325385,5129689
2021-08-10,112.42735290527344,112.76929257035411,111.60033131822556,112.29216863695473,5543695
2021-08-11,113.02375793457031,113.53268838126313,112.52277278339423,112.745431440343,4455960
2021-08-12,113.771240234375,113.83486605369451,112.9839833632536,113.12712559151721,2184780
2021-08-13,113.85872650146484,114.1768175547346,113.27026693743169,113.42931246406656,1997965
2021-08-16,114.18474578857422,114.3040267426857,113.10325921495377,113.89847403713941,2913319
2021-08-17,113.25434875488281,113.84280824150157,112.19672343005203,113.71558199066328,3215195
2021-08-18,110.90848541259766,112.85675824602585,110.84487227764735,112.65796085322324,3672192
2021-08-19,109.75543212890625,110.8925867706544,109.11130468799192,110.2882238868314,4351465
2021-08-20,110.6222152709961,110.83691595075389,109.15902430005035,109.53277051173325,2780059
2021-08-23,111.02777862548828,111.44924742140776,110.3757058438712,111.02777862548828,3179422
2021-08-24,111.20269775390625,111.51283077638233,110.78918705727148,111.15498791017849,2474418
2021-08-25,111.2186050415039,111.9661100554874,110.9005267130305,111.26631488695027,2105389
2021-08-26,110.35978698730469,111.96612013255151,110.3041191498583,111.30608945523171,2613640
2021-08-27,110.86077880859375,111.00392105859049,110.05761853374058,110.30412578497632,2572637
2021-08-30,110.51087188720703,111.23451568024622,110.39159091961986,110.93234061360275,2087293
2021-08-31,111.6003189086914,112.07744278903643,110.49497091934882,110.96414950417626,4429915
2021-09-01,110.7732925415039,111.38561334036953,110.68581814166596,111.31404222303259,2588327
2021-09-02,111.33789825439453,111.36970482152589,110.55858659101365,111.10729429660935,2840413
2021-09-03,110.99595642089844,111.70369694813213,110.77329776322365,111.07548552931719,2009575
2021-09-07,109.78721618652344,111.16293250440476,109.5486542772238,111.051609536408,3436110
2021-09-08,110.2723159790039,110.6063103218016,109.42143318435606,109.85084722957265,3122728
2021-09-09,109.53276062011719,110.50292431586477,109.3896183850948,109.62023502016811,3669682
2021-09-10,108.960205078125,110.82896136421628,108.94430179548225,110.39158936112803,4157955
2021-09-13,109.85881042480469,110.52678644989619,109.3498672446161,110.05762051918295,4334729
2021-09-14,108.32406616210938,110.1928229737893,107.62427076035041,110.05763868722273,4659198
2021-09-15,109.10336303710938,109.58048696948106,107.88667924052814,108.32405130664668,3403579
2021-09-16,108.49102783203125,109.69975348060254,107.91847157341878,109.16696177516408,2765624
2021-09-17,107.53680419921875,108.08549931049231,107.3936619294368,107.95031502999511,5890340
2021-09-20,106.80517578125,107.49701299081318,105.58849852011275,106.47913945258394,4990152
2021-09-21,105.73959350585938,107.87076677343812,105.71573858048804,107.44135273242276,4261927
2021-09-22,107.05965423583984,107.64811383612548,106.13720662434474,106.3360103718444,3767901
2021-09-23,108.72959899902344,109.27830672605457,107.3777436901362,107.55269250835875,3151807
2021-09-24,109.3339614868164,110.12123116602541,108.74551458965438,108.96817325964798,3100762
2021-09-27,110.18482971191406,110.59039513395317,109.32600171392637,109.70770586684633,3459017
2021-09-28,109.31804656982422,111.0834251499494,109.1112912059626,110.66991442222619,4513072
2021-09-29,110.67789459228516,111.2742995336655,108.49900484772999,109.52482388533765,3947499
2021-09-30,110.47907257080078,111.7832180044829,110.13713292846944,111.32995537477589,6090230
2021-10-01,113.9700698852539,114.48695836264889,111.6241894582818,112.12517465115437,6907889
2021-10-04,114.5982666015625,116.10122198669808,113.19868889859767,113.50882194510986,7689251
2021-10-05,113.8348617553711,115.30599776435538,113.42929635465946,115.10720040341947,7297524
2021-10-06,113.2066650390625,114.00982535542325,112.03770378278656,113.30208474921422,5573506
2021-10-07,112.76927947998047,114.03367298731689,112.5466208240961,113.5008812722901,3999695
2021-10-08,113.89054870605469,114.23250107752925,112.16493433172052,112.76929726218242,3902940
2021-10-11,113.26229095458984,114.57439398253764,113.23842968980162,114.11317350320823,2921792
2021-10-12,111.70368957519531,113.15893508781947,111.56850533040468,113.08736397183276,3293436
2021-10-13,111.934326171875,112.45121466601941,111.05958203396382,111.74347405925499,3013003
2021-10-14,114.0257339477539,114.44719001187865,112.13311623065196,112.15697750272793,4410668
2021-10-15,114.9958724975586,115.18672457685213,113.54858496667866,114.0257215109948,3371049
2021-10-18,113.17484283447266,115.25829980663399,112.7295255309494,114.5107947450424,6437189
2021-10-19,112.90447235107422,113.66786798992011,111.74345657200914,112.18877386771045,4539117
2021-10-20,112.8408432006836,113.0794051240473,111.8865828150643,112.66589440563968,6474008
2021-10-21,102.04981231689453,106.33601415798604,101.8669118473093,106.1690233194771,32913959
2021-10-22,101.69193267822266,103.5765919631378,100.68201726775261,101.82712325249213,12114981
2021-10-25,101.50110626220703,102.30427283603753,100.94445327123734,101.41363185813563,6667204
2021-10-26,101.0955581665039,102.02595745392802,100.80132835569883,101.40569126231195,8912861
2021-10-27,99.53692626953125,101.69195447268463,99.40969365419889,101.34206319399993,7294176
2021-10-28,100.0697021484375,100.44345463947593,99.09954488436587,99.53691049995085,6802138
2021-10-29,99.48125457763672,100.4514118959466,99.3301607062278,99.74367142322582,6188973
2021-11-01,100.41961669921875,100.4434716249577,98.47929549687584,99.44150128309285,6177153
2021-11-02,100.340087890625,101.12735116125745,99.33016596767375,100.43551393391628,4722062
2021-11-03,101.0955581665039,101.22279079261104,99.94249385078805,100.37986591878663,5670784
2021-11-04,100.52228546142578,102.59345037015999,99.73208384268821,102.35223573831387,7208700
2021-11-05,102.81802368164062,102.95110737874778,101.00471309271748,101.00471309271748,6790500
2021-11-08,103.59159851074219,103.7912272417867,102.75148501289225,103.13410939159546,5625300
2021-11-09,101.86366271972656,103.59159670462756,101.36635871701584,103.3050096141501,7236600
2021-11-10,101.33263397216797,103.1954274011463,101.0881941424696,101.9900897199526,6270300
2021-11-11,101.37477111816406,102.65597249440309,101.21462576920818,101.90579799586477,4643300
2021-11-12,100.27059173583984,101.68665281530193,100.11887067622726,101.14720158796074,5418300
2021-11-15,100.19474029541016,101.28207354791839,99.7227156207394,100.75947732733394,5046300
2021-11-16,99.84913635253906,101.0629047235605,99.81541984992565,100.23686648644528,4750800
2021-11-17,99.5119857788086,100.58246392308803,99.27597667225541,99.78171139069306,4043300
2021-11-18,98.3319320678711,99.76484805606451,98.03691427845013,99.76484805606451,5046900
2021-11-19,97.81777954101562,98.24765053562955,97.16031730129534,98.18864825612766,5380200
2021-11-22,98.17178344726562,100.14415067782387,97.092881054745,97.775622568282,6416200
2021-11-23,98.44152069091797,99.41084938444438,97.80935064263114,98.44152069091797,4912800
2021-11-24,98.39094543457031,98.84610219309852,97.84306346056248,97.91049647322075,3220800
2021-11-26,97.6154556274414,98.0621879770978,96.56183916852933,96.93271421991103,3322000
2021-11-29,99.88286590576172,100.8184780755428,99.06525829516328,99.98401542681806,8949800
2021-11-30,98.70281219482422,100.50660348949438,98.15493021898155,99.03997082847864,9252700
2021-12-01,98.55108642578125,100.2453038166969,98.49208415001632,99.67213609608078,5958300
2021-12-02,98.53422546386719,99.44455174730162,98.24763840540878,98.93038633336728,5267100
2021-12-03,100.16944885253906,100.60775702300785,98.92197021823998,98.92197021823998,6630100
2021-12-06,101.07135009765625,102.11653610701168,100.64147266552177,100.64147266552177,4785600
2021-12-07,102.4789810180664,102.90042771766619,101.20621018466052,101.55179956510015,5194000
2021-12-08,103.69274139404297,103.99618352710684,102.42840131653224,102.8329929708728,5483900
2021-12-09,104.15631866455078,104.47661578453462,102.65596970819546,102.95941179271284,4601100
2021-12-10,104.5946273803711,105.6398197112174,103.97931886748096,104.77164063391737,4966900
2021-12-13,103.32186889648438,104.82221803796905,101.8130890208436,104.31648331162542,6847500
2021-12-14,104.31649017333984,105.3869619740011,103.08586656700838,103.12800737902882,5716100
2021-12-15,103.76860046386719,105.20994731554856,102.98470939392477,104.3501989311436,4990000
2021-12-16,106.14555358886719,106.74400706052847,104.0804675749548,104.10575334504723,7280500
2021-12-17,107.3846206665039,108.42980668403405,105.53868205887088,106.09499479078023,10379000
2021-12-20,107.0980224609375,107.21602701048246,105.1087937246572,105.96854850650267,4941400
2021-12-21,108.70793914794922,109.01980552232745,107.6037510923108,107.6037510923108,4856000
2021-12-22,109.36541748046875,109.39912755703392,107.55319540369503,108.78381898284303,3923200
2021-12-23,110.10717010498047,110.3853264732627,109.1715579067703,109.57614314175686,3649000
2021-12-27,110.94161987304688,110.9669056449119,109.53398950592174,110.10716367843699,4293900
2021-12-28,111.7929458618164,112.2902498370274,110.91632960095593,110.92476676558994,3445200
2021-12-29,112.39982604980469,113.12471479807519,111.51478551761508,111.59906713020919,4239900
2021-12-30,112.87183380126953,113.25955747872226,112.3829541919132,112.73696779975127,3158100
2021-12-31,112.66112518310547,113.78217485149396,112.61897794444562,112.94770582754212,3362100
2022-01-03,114.6672134399414,114.87793679171114,112.63585010364608,113.00672526060603,4605900
2022-01-04,116.33612060546875,117.9628982735387,114.54917831341098,114.71776723907004,7300000
2022-01-05,116.5047378540039,119.8594503037354,116.2181571575241,116.58059518044848,8956900
2022-01-06,114.07718658447266,116.66487542603464,111.69179678359204,116.48786215774692,9908100
2022-01-07,113.64730834960938,114.34691135149028,112.53468298906682,113.70630419425737,5238100
2022-01-10,113.81587982177734,114.8020634268445,112.42511103908723,113.34386163762872,5432800
2022-01-11,111.99522399902344,112.31552755539651,107.8650521453509,110.01443254329499,11105300
2022-01-12,112.60212707519531,113.34387738852426,110.73090268404829,112.31554640378464,5352000
2022-01-13,113.58830261230469,114.67564223048501,112.57683316998543,112.86341382069506,4868300
2022-01-14,113.12471771240234,113.90860232353012,112.35768170730886,113.41129835336102,5310300
2022-01-18,112.05423736572266,112.85498342845844,111.0764780509039,112.0626616685719,5246700
2022-01-19,110.90791320800781,112.86341917438038,110.8404801937836,112.02052578887633,4103700
2022-01-20,110.2673110961914,112.00366929014787,110.0565877646621,110.63817335599656,5278200
2022-01-21,109.02825927734375,111.1523412456028,108.96082626638655,110.96690368085343,5907000
2022-01-24,108.58152770996094,108.85967119779816,104.67892737696248,107.8819182540907,13484000
2022-01-25,114.7177734375,115.76295280849541,108.14320368896678,108.8512309134856,19715700
2022-01-26,113.1668701171875,115.53541151852207,112.21440926326486,115.02967030323686,8336000
2022-01-27,111.70023345947266,113.5798820811827,111.32935831728079,112.66113139081878,5497300
2022-01-28,113.3691635131836,113.39444928653157,111.08491671566512,112.26497520521269,5471500
2022-01-31,112.58526611328125,113.023561376215,111.51478800337931,113.023561376215,5859000
2022-02-01,114.2373275756836,114.59977838158706,111.68336191330559,112.74540283795264,6206400
2022-02-02,115.68712615966797,115.94842107165503,114.00976356188215,114.3806387381993,5357200
2022-02-03,116.13385009765625,116.95988201757719,114.49021056155202,115.47639428321456,6100800
2022-02-04,115.6028060913086,117.01044916128913,114.81892152879217,116.20126596822749,4142000
2022-02-07,115.6786880493164,116.16756773597562,114.86108047043328,115.85568845045829,3759000
2022-02-08,115.49323272705078,115.91467933749387,114.4480405030012,115.67023310098016,4181800
2022-02-09,116.14227294921875,116.61430404480399,115.33310250842287,116.18442019044468,5393500
2022-02-10,113.89876556396484,116.49202104279712,113.60019410010439,115.5622035369375,5978600
2022-02-11,113.19073486328125,114.9138923266914,112.92629254797912,114.22291377245764,4176200
2022-02-14,111.02398681640625,113.15660287524199,110.10270813347,113.10542217246281,5345300
2022-02-15,110.84486389160156,112.32915646569923,110.56335698564524,111.44199383614985,4394000
2022-02-16,110.19654083251953,111.27138775510416,109.41173961299576,110.42686703256719,4875600
2022-02-17,106.60520935058594,109.61646209283136,106.50284143991088,109.23259381719805,6797000
2022-02-18,106.07630920410156,107.00613308255944,105.44505674595274,106.57960992009161,4609200
2022-02-22,105.70951080322266,106.63080249878682,104.65173506473843,105.9483627595035,5349700
2022-02-23,104.13137817382812,106.37488795736594,103.96077148993295,106.10191335819698,4086400
2022-02-24,104.04608154296875,104.15697524383059,101.35045150760475,102.36557891447296,6563200
2022-02-25,105.93130493164062,105.99955020736712,103.6024853362385,104.11431839595956,4460900
2022-02-28,104.5067138671875,105.25739233884892,103.25273464689813,104.25079734982042,6757300
2022-03-01,103.5171890258789,105.25740462572207,102.96270751234294,104.64321011892706,4873300
2022-03-02,105.6583251953125,106.32370033069748,103.90105173434937,104.57495264761448,4891400
2022-03-03,107.42412567138672,108.05537813959519,105.9824752766387,106.59666968169648,5206600
2022-03-04,108.01274108886719,108.63546133688727,105.95689607281842,106.11897697682014,4402400
2022-03-07,107.54357147216797,109.11318040882071,107.15970315232433,107.8847913721558,5047400
2022-03-08,107.21089172363281,109.48853098089096,106.47727116272593,108.01275757118887,4887600
2022-03-09,107.6715087890625,109.2752400543576,107.40706650945619,108.68663600416082,4403500
2022-03-10,106.07630920410156,107.50942729032252,105.03559164636377,107.27057536065686,5326800
2022-03-11,105.7436294555664,108.14068772276191,105.70098104111091,106.63079847990652,4119600
2022-03-14,105.7265853881836,106.76730316044068,104.66027726221992,106.1616344176524,3289200
2022-03-15,107.1767578125,107.43267435641482,105.11238692011113,105.77776212441597,4021200
2022-03-16,108.37102508544922,108.57575441737292,106.38342523451512,107.91037920744981,4292800
2022-03-17,109.15582275390625,109.43732313561893,107.93596607239162,108.42220228763995,3671900
2022-03-18,109.8382568359375,109.98327317128118,107.79948283781803,108.66105507125613,7466000
2022-03-21,109.27526092529297,110.67425665271188,108.67812447544503,110.04299756216734,3384600
2022-03-22,110.09415435791016,110.29889015762342,109.06196910687306,109.6164505083662,2690200
2022-03-23,109.44586181640625,110.31597283745485,109.40320689074053,110.11123700413289,2924500
2022-03-24,110.25625610351562,110.35861751451598,109.01934132692216,109.47145491411524,2971100
2022-03-25,112.04767608642578,112.0903180032478,110.3074537336776,110.4695346702673,3530200
2022-03-28,112.15001678466797,112.17560713661462,110.55482410320019,111.59554180388295,2483500
2022-03-29,112.55095672607422,113.31869336562694,111.26284818702607,112.63625356577089,5791000
2022-03-30,112.7130355834961,113.52342713631866,112.08177650228318,112.61066115469144,2622900
2022-03-31,110.9131088256836,112.49977582562812,110.89604425119097,111.51023876836024,4274000
2022-04-01,111.02398681640625,111.12636123842006,109.24112291516889,110.60600239940592,4012400
2022-04-04,111.1263656616211,111.27990777607015,109.98327351608012,111.11782686651439,2809800
2022-04-05,109.94914245605469,111.9452677715929,109.75294544207978,110.76807267128929,3107200
2022-04-06,110.37567901611328,110.47804042426434,108.55016014417015,109.00227371877833,3958100
2022-04-07,109.65912628173828,110.25625620722894,108.10658196723446,109.93209438348138,3538300
2022-04-08,108.95963287353516,109.85532779824202,108.56722575425977,109.19847834522865,3143300
2022-04-11,107.79947662353516,109.34348202688095,107.63739572383096,109.14728499819148,3202500
2022-04-12,107.46678161621094,108.62691866010351,107.12556177590035,107.84211758314815,2691000
2022-04-13,107.603271484375,108.05538503131504,106.55402806567027,107.17674828790666,3064900
2022-04-14,107.96155548095703,111.390805818087,107.80800686126123,109.98327138068574,6384200
2022-04-18,107.62885284423828,108.6695703980027,107.082903719022,107.99566302288923,4884200
2022-04-19,110.17094421386719,110.38420582714718,107.4838530931215,107.5520983713458,7971400
2022-04-20,117.99337768554688,119.05114683175614,113.77932662299814,115.1612575483125,17859200
2022-04-21,119.2985610961914,121.03024449145624,117.16594479498282,117.91661688181755,9922300
2022-04-22,117.93367767333984,119.80185157589776,117.1659410361177,119.1705924850673,6508600
2022-04-25,118.65874481201172,119.12790986098399,115.32333067543001,117.37063657634705,5748300
2022-04-26,116.17638397216797,119.315588278301,116.1593194006367,118.57344212236879,4956200
2022-04-27,115.21244049072266,116.96971392786713,114.84563680002658,115.82663491759223,4369100
2022-04-28,115.79251861572266,116.8588265751469,114.99917872535462,116.73940060434957,4474300
2022-04-29,112.78125762939453,115.63042916207675,112.60211217823502,115.27215127621135,5078700
2022-05-02,113.4892807006836,114.11201390816197,111.65523625437869,113.45516457391629,4213500
2022-05-03,113.04571533203125,113.96700702849441,112.59360177031165,113.45517396941862,3688600
2022-05-04,117.20857238769531,117.60950524465447,112.72155292408576,113.34427316334889,5932600
2022-05-05,115.94607543945312,117.08915459318104,114.95653840348439,116.4067278256431,5957400
2022-05-06,117.43889617919922,117.71187727475636,115.56219670483655,115.56219670483655,7306400
2022-05-09,116.07475280761719,117.72383938092051,115.10775523239818,116.04885202787767,7647900
2022-05-10,111.49011993408203,116.9122355587589,110.88573333169585,116.55824070292759,8642400
2022-05-11,112.88880920410156,114.79691647952441,112.12038877358692,112.12038877358692,5301100
2022-05-12,114.74510955810547,115.36675457500367,112.59526595115607,113.33778565609819,5384800
2022-05-13,115.34949493408203,115.5221711759545,113.1478366207379,114.83145303411185,4195100
2022-05-16,116.5841293334961,117.86194918739726,114.3220405209607,114.9177846859356,4250400
2022-05-17,119.46788787841797,119.46788787841795,117.11082467833634,118.4490887336453,4372900
2022-05-18,114.77964782714844,118.82032709068737,114.11483048402089,118.37137151097352,6003000
2022-05-19,111.94772338867188,114.24435570216991,111.12750132652351,113.9680631647476,5819700
2022-05-20,110.92890930175781,112.56072419782377,108.61501862346452,112.39667715321954,6914500
2022-05-23,113.25144958496094,113.92489620890687,111.74050928199307,111.80958241962264,3591500
2022-05-24,115.52214813232422,116.01427598221183,112.60387148169363,112.73338851802733,4189700
2022-05-25,116.03157043457031,116.40283686938035,114.71057808446196,114.71057808446196,3299300
2022-05-26,118.19004821777344,118.75989163216761,116.14380789031925,116.55823347608236,3929300
2022-05-27,120.24491882324219,120.65071516772788,118.49222957976163,118.6217334452994,4608000
2022-05-31,119.87367248535156,120.72843766380511,118.12098294895256,119.32110060945759,7978100
2022-06-01,120.38306427001953,121.28100174460457,119.59738544769748,120.59028365054343,3796500
2022-06-02,121.00469970703125,121.1255743758956,118.15550920175026,120.40032636270955,3734800
2022-06-03,121.89400482177734,123.10276478477957,120.65072805674498,121.09968362147114,4352200
2022-06-06,123.36177062988281,124.95904203564544,122.60197949888635,123.44810214745495,4766900
2022-06-07,123.27544403076172,123.44812026559951,121.70407316707994,123.12003937171339,2887100
2022-06-08,121.5918197631836,123.29270757292986,121.0047047937682,122.66243342838142,3005700
2022-06-09,119.11389923095703,121.77314243440544,119.08798527811491,121.00472193241121,3591000
2022-06-10,117.58567810058594,118.97574352474948,116.77408530737401,118.97574352474948,4659500
2022-06-13,116.65321350097656,118.77716944139713,115.48762583529961,115.66894444916032,6486000
2022-06-14,117.17987823486328,118.24184956028384,116.43735859224239,116.55823327014105,4607800
2022-06-15,118.33682250976562,119.5369400786514,117.05900261450311,117.43025584564865,4606900
2022-06-16,117.13671112060547,117.62885222899185,116.03156739488273,116.81725942352462,5386400
2022-06-17,116.57551574707031,118.26776139590405,114.70195147725646,117.41300937024167,12968500
2022-06-21,119.0189208984375,119.58012197732646,117.33529131306514,117.33529131306514,4089300
2022-06-22,118.35408782958984,119.30381361970885,117.44752121338684,117.50796513583084,3791500
2022-06-23,119.52832794189453,119.68373261683323,117.85334062655822,118.40591253915183,4547900
2022-06-24,122.65380859375,122.92145875473642,120.12406927928792,120.18450003772682,11493000
2022-06-27,123.2927474975586,124.18204285263373,122.55885684172891,122.82650705111095,3936000
2022-06-28,122.48114013671875,124.46695005413866,122.01491291927087,123.39633616773602,4064800
2022-06-29,121.48822784423828,123.91436392093102,120.44351485771784,123.2409173649221,4161500
2022-06-30,121.90264892578125,122.99916342597963,120.2535625751687,120.51258351193985,4878000
2022-07-01,121.84219360351562,122.31706308079383,120.23627975494358,121.73859050823707,4011900
2022-07-05,118.8203125,120.8492942577661,116.79134391658464,120.8492942577661,6273400
2022-07-06,119.21749877929688,120.13269472347369,118.3972767448565,119.14842564727466,3237000
2022-07-07,121.5918197631836,122.01488770916892,119.86503117861693,119.93410430292177,3897100
2022-07-08,121.2810287475586,122.01491935608864,120.71982758175665,121.53140736054667,2820800
2022-07-11,121.73861694335938,122.4897658959401,120.98746799077865,121.4105228379316,3904700
2022-07-12,120.16722869873047,122.21348242667665,119.64057075145755,121.60046659356287,3235400
2022-07-13,118.44044494628906,119.9254844619983,118.11236401213506,118.44044494628906,4123200
2022-07-14,120.06364440917969,120.3830961779345,116.57553621244725,117.07630663401353,5298400
2022-07-15,120.80613708496094,121.46231205478749,119.67509258299235,121.46231205478749,4519300
2022-07-18,119.26068878173828,121.14288250404638,118.9584954312168,121.00473621955913,8231700
2022-07-19,113.00106048583984,114.45155671818416,110.27273108764626,113.60543391598331,29690500
2022-07-20,111.53327178955078,112.86290641826682,110.56627436819497,112.84563484307066,9882000
2022-07-21,109.78058624267578,111.2138173511698,108.0365260729373,111.16201580121691,11975400
2022-07-22,110.7303237915039,110.7907677188218,108.5373013836516,109.67698164573792,6467200
2022-07-25,110.98070526123047,111.49011794624639,110.42813998486355,110.8943737298236,4702400
2022-07-26,110.58354187011719,111.63688395430279,110.19501048862584,110.73894651810295,3645300
2022-07-27,111.48148345947266,111.74913362217194,110.1518618474218,110.48858514474563,4175600
2022-07-28,111.56782531738281,112.07722485106065,111.0411542069023,111.1620288958149,3913700
2022-07-29,112.92334747314453,113.10466609336831,111.6455274534276,111.82684607365138,5786800
2022-08-01,114.00259399414062,114.57243747605484,112.84564862735967,112.88882098344772,4142100
2022-08-02,113.80401611328125,114.64150975257617,112.68160073516249,114.14073940928155,4403600
2022-08-03,114.26161193847656,114.71058071609825,113.38095913443597,113.81265633520793,3088500
2022-08-04,113.65723419189453,114.21843526192306,113.12193389898407,114.09756057725448,3179800
2022-08-05,114.38247680664062,114.5465238367451,113.16510081749804,113.32050547274318,2586500
2022-08-08,114.4947280883789,115.13364466581471,113.98532857123078,114.91779607302118,3821200
2022-08-09,113.19206237792969,114.34609514845381,112.88606166480494,113.58548233741882,3496000
2022-08-10,114.96683502197266,115.21163025745386,113.95267570907066,114.31113063971806,3664000
2022-08-11,115.87608337402344,116.4793335964379,115.40398204450055,115.71872071096283,3501900
2022-08-12,117.16126251220703,117.2312059187727,115.38649025916789,115.94602417135253,2766900
2022-08-15,117.9655990600586,118.19291848070897,115.61381690126305,116.2432942594091,2791200
2022-08-16,119.39067077636719,120.09882948738529,117.5459549539293,117.67710385544424,4313600
2022-08-17,120.46599578857422,121.01679170451618,119.16333836753421,119.30322516211295,3667600
2022-08-18,121.58509063720703,121.62879359268823,120.43104446114874,120.46600949360179,3177700
2022-08-19,120.97309112548828,121.82113658479884,120.35236507197688,121.30531897067736,3155800
2022-08-22,118.50764465332031,120.51847414961469,118.43770124975858,120.34360897054025,3093600
2022-08-23,117.79950714111328,118.98851853401511,117.7820179520043,118.35028986479175,4141800
2022-08-24,116.47930908203125,118.12294547656114,116.37440066207002,117.93060447974005,2855400
2022-08-25,117.13504028320312,117.52846028873036,116.33946234859162,116.84652872172548,2706000
2022-08-26,113.98764038085938,117.30986484607473,113.95266201408592,117.23993479320423,4185300
2022-08-29,113.92646026611328,114.89690338482883,113.27950708053035,113.64669997134959,2783000
2022-08-30,113.2882308959961,114.32861729392653,113.0346844032143,114.14501420121077,2407900
2022-08-31,112.30030822753906,113.6554333704082,112.25659193125155,113.58548996441631,3490400
2022-09-01,113.35819244384766,113.49807926637453,111.67958392437933,112.25660039187561,3396200
2022-09-02,111.72329711914062,114.14502930284176,111.24244451778107,113.91772322780874,3040600
2022-09-06,110.78781127929688,111.95933321716852,110.42061843341202,111.73202717171776,3347100
2022-09-07,111.65335083007812,111.79323764510957,110.40314076895909,110.76159572984932,2401500
2022-09-08,112.31779479980469,112.3789869409104,110.67415814810413,111.207464933581,2964600
2022-09-09,112.947265625,113.20955004124629,111.95933343795281,112.69371913117075,3291900
2022-09-12,114.23245239257812,114.52096392938248,113.5592588067013,113.94394085577376,3741100
2022-09-13,111.25116729736328,113.57673517496588,110.83151359390148,112.90354166506225,4565600
2022-09-14,111.6358642578125,112.78115916605205,110.90147184591714,111.46975033853981,3819100
2022-09-15,109.71245574951172,111.44351825950781,109.19663816870764,111.37357485765203,5141700
2022-09-16,111.2686538696289,111.49596657855218,108.2611611207721,108.72452446076103,9839700
2022-09-19,111.67083740234375,111.95934227879263,110.40313818394289,110.58673462174501,3981600
2022-09-20,110.4206314086914,111.0238749634824,109.73869318169679,110.94519363161987,2837500
2022-09-21,109.2228775024414,111.76700733064438,109.21413290868814,110.936451018693,3389500
2022-09-22,109.55508422851562,110.60421522475656,108.76824431904718,109.07423835830377,4046600
2022-09-23,107.281982421875,109.28406733588889,106.43393699212128,108.87315817547874,5195600
2022-09-26,106.67000579833984,108.63711922219082,106.44269304615813,106.92354566227893,3987800
2022-09-27,106.43394470214844,108.36608635219002,105.8569282533046,107.18581967349846,4117200
2022-09-28,107.32568359375,107.73659269625946,104.74657596593975,106.35524067893758,4996400
2022-09-29,106.3377685546875,107.20330318740321,105.41104178004632,106.53010958417988,3817700
2022-09-30,103.872314453125,107.03718333066793,103.69746261974092,106.36399643495236,5346100
2022-10-03,106.23285675048828,106.8448448520523,104.56299302023925,105.05259017166051,4261700
2022-10-04,109.72120666503906,109.85234888353334,107.11587149222137,107.36067341282347,4566100
2022-10-05,109.9310302734375,110.56050758642252,108.61088350499593,109.03053060020572,3212900
2022-10-06,106.8623275756836,109.5463438076683,106.46015636735318,109.17914429876528,5074600
2022-10-07,103.88106536865234,106.48640053373825,103.22536094829724,106.2241160975281,4499700
2022-10-10,102.94559478759766,104.87773636068542,102.32486206530731,104.72911162510259,5990000
2022-10-11,102.98930358886719,104.23951353578215,102.23742870218155,102.69204746916434,4043100
2022-10-12,102.78821563720703,103.87231164929905,102.4647324169914,103.16415307198801,3338800
2022-10-13,106.4776611328125,106.79239980354464,101.02220195707308,101.50304788667952,5837500
2022-10-14,104.94767761230469,107.1333589854279,104.7728191003527,106.48639916663109,3762400
2022-10-17,106.24159240722656,107.43060355362206,106.16291108306226,106.48639431280085,5458600
2022-10-18,107.48307037353516,108.35734293119809,106.50388270769137,107.53552459254044,5120300
2022-10-19,107.10711669921875,108.3573265342987,106.65249130273372,106.97597450138002,5906600
2022-10-20,112.16917419433594,112.74619729630875,109.41521424527657,110.37691274506085,13623100
2022-10-21,113.56800079345703,114.39857040201218,111.54843330389798,112.24785402357253,7201300
2022-10-24,116.00723266601562,116.37442555476136,113.52430170001617,114.44227725170997,5610900
2022-10-25,116.217041015625,116.54053092317324,114.79198586308163,115.40397396604567,5957600
2022-10-26,118.0355453491211,118.77868243571262,116.11214819248303,116.90773950347548,5139000
2022-10-27,117.82571411132812,119.2507692820347,117.54594049478433,118.50764562622828,3993200
2022-10-28,121.09550476074219,121.401505536538,118.21915349769998,118.51640300882922,5965500
2022-10-31,120.90313720703125,121.32279760878448,119.42562789950438,120.70205826890337,4915300
2022-11-01,120.82444763183594,121.2178675588113,119.51303898169226,120.86816392157512,3590600
2022-11-02,119.626708984375,122.54677596219359,119.60048187633721,120.43103809166001,5360500
2022-11-03,117.56341552734375,119.32069832105024,117.12627930937649,119.26824410934836,4442400
2022-11-04,119.74037170410156,120.41355194786253,117.97433745635458,118.59506348271496,4178000
2022-11-07,120.94686126708984,121.26159991844784,119.3469409010484,119.46060060136502,4043100
2022-11-08,122.43314361572266,123.21124578877897,121.2791105832577,121.5239058731849,5042800
2022-11-09,121.54843139648438,122.88431802970787,121.15032073752062,122.04385919425216,4720000
2022-11-10,124.94564819335938,125.06950512896422,122.34463904626405,124.08749174688525,5389000
2022-11-11,126.66199493408203,127.51130950475795,124.70682324959857,125.18455341476825,5871300
2022-11-14,127.57321166992188,129.23644513685193,125.78612125328823,126.18424541248812,5293500
2022-11-15,127.69705963134766,129.307213363555,125.62687354656173,127.46704345505837,4727100
2022-11-16,127.85630798339844,128.2367208975971,127.4051042486867,127.51127698006259,3445200
2022-11-17,129.2452850341797,129.3249044649024,126.73275066914529,126.87430532335999,3954000
2022-11-18,130.61656188964844,131.20930679388698,129.11258087149452,129.66108826061796,4661700
2022-11-21,129.7672576904297,130.87312815820084,129.56378130419048,130.53695271558726,3476200
2022-11-22,131.908203125,132.12937716545144,130.0680334885169,130.58115888229133,7062100
2022-11-23,131.59860229492188,133.11143922574442,131.20049157609395,131.9082514647864,3658200
2022-11-25,131.26239013671875,132.25325920571407,131.02353184722946,131.17392860337281,2075200
2022-11-28,129.3249053955078,131.14739120799823,129.11258691205276,130.91736151839535,3538100
2022-11-29,129.5991973876953,130.20078453839602,128.900279580937,129.0860717888872,2754700
2022-11-30,131.7312774658203,132.38595760646555,128.87371211431557,129.33375798340126,6377600
2022-12-01,131.96131896972656,132.71330281411153,130.35116503340376,132.68676300192124,4495900
2022-12-02,131.52780151367188,131.9613075743382,130.6961848051336,131.0500714361045,2900000
2022-12-05,130.4130859375,131.75781460542962,129.87342064991168,130.88197390055606,2784600
2022-12-06,130.49270629882812,130.7581178928741,129.78494654783694,130.31576973592894,2847600
2022-12-07,130.28924560546875,131.0235452542907,129.42223339395596,130.34232523078666,3971300
2022-12-08,130.7404327392578,131.9524624858493,130.3777039758822,130.84659198731086,2665700
2022-12-09,130.0946044921875,131.23585687487503,130.02382716234246,130.40424012343985,3047600
2022-12-12,132.00555419921875,132.00555419921875,129.99728961549394,130.77582675795549,4032800
2022-12-13,133.208740234375,135.54433813440926,132.66021929993525,133.03179015910032,8811500
2022-12-14,132.58059692382812,134.394227159987,131.33317181755643,133.12026224289207,4205900
2022-12-15,125.94536590576172,131.8020510965028,125.25530387117747,131.3950983578476,6687000
2022-12-16,123.99905395507812,125.55611480062367,122.94626305123128,124.96336981681833,9834400
2022-12-19,122.85778045654297,124.24676023573328,121.38033914008022,123.99904633233804,5282900
2022-12-20,124.98987579345703,125.1225748212978,122.38886685263819,122.83121494463072,5156500
2022-12-21,125.75074005126953,126.59119889326249,124.72448903397103,125.48532844343093,3793700
2022-12-22,124.63603210449219,125.1314599244258,122.63660961768001,124.69795383228606,3337100
2022-12-23,125.31724548339844,125.50303767576584,123.50362857864113,124.37946941572582,2092500
2022-12-27,125.99845123291016,126.26386283502092,124.94566042748755,125.38800859787388,2742400
2022-12-28,123.87519836425781,126.34349547330615,123.81326313421974,125.98076669581631,2539500
2022-12-29,124.79527282714844,125.85690581410086,124.25560747969989,124.37062233224665,2337200
2022-12-30,124.64486694335938,124.65370904698722,123.37090205241778,124.33521782425181,2858000
2023-01-03,125.22875213623047,125.53838771234689,124.28212070493657,124.83064153871338,3338600
2023-01-04,126.15770721435547,127.0600877882754,125.06952096441253,125.68881922024161,3869200
2023-01-05,124.83949279785156,126.0692200889186,123.86632148863568,126.01614047194208,2866600
2023-01-06,127.13086700439453,127.61745271288427,125.25531500010183,125.9630748034146,3574000
2023-01-09,126.9981689453125,128.69678438697494,126.86545638773846,127.46705695007057,3987700
2023-01-10,128.10403442382812,128.14827194129137,126.42310325599013,127.05124360542008,2152100
2023-01-11,128.510986328125,128.749858121316,126.90968810216758,128.28097013800453,3268700
2023-01-12,128.767578125,129.74959177883287,127.85634181101241,128.1748330906176,2715900
2023-01-13,129.06832885742188,129.2541210002766,127.40509567157254,127.44933318171822,2455700
2023-01-17,128.44906616210938,130.20960327195854,128.2898137982515,129.53723890079047,2986500
2023-01-18,124.22021484375,127.99785845050613,124.06096248478194,127.75014455823998,6445600
2023-01-19,124.406005859375,125.83036763095717,123.63632429626402,123.85749840055071,4833900
2023-01-20,124.91913604736328,125.5030389442523,124.30869333692443,125.3349444588391,7153300
2023-01-23,125.50304412841797,126.50275547807799,124.79528423926213,125.09607780484932,5898400
2023-01-24,125.17567443847656,126.29038682845936,123.8574721960372,124.96334248350182,4407600
2023-01-25,124.52983856201172,124.76871032794504,123.29126921901181,124.27328259074508,7347500
2023-01-26,118.94742584228516,122.32697250073107,117.64692108098743,121.67229231836632,17548500
2023-01-27,118.89434051513672,119.86751188826041,118.34583310450054,118.93857803198685,8143100
2023-01-30,119.69943237304688,120.4160343375726,118.53162657945198,118.8324336319636,5375700
2023-01-31,119.19513702392578,120.00905605670717,118.33698047318337,119.87635700221924,7206400
2023-02-01,119.51364135742188,120.13292617858846,117.48769240687758,118.98283158187763,5428900
2023-02-02,120.66373443603516,120.95568585097746,119.3013079990327,120.28332148587683,6107800
2023-02-03,121.15031433105469,121.15915643433475,119.90288929945677,120.6283467502508,3755700
2023-02-06,120.47794342041016,120.60181386981341,119.38977068109592,120.16830779508729,4841300
2023-02-07,120.17713928222656,120.6725670384923,118.94741199456912,120.02674253474545,3737600
2023-02-08,120.30098724365234,120.97336500503059,119.57554336879882,120.06212898574546,4593700
2023-02-09,119.7815933227539,121.55480485932867,119.41440908413242,120.8920967522878,3918800
2023-02-10,121.43834686279297,121.59059093120888,119.55765911844263,119.80841566232844,5049600
2023-02-13,123.00559997558594,123.04141648768754,121.66225529583164,121.79658429772357,4403000
2023-02-14,121.8055648803711,122.90711762685864,120.94583172700902,122.73695840592745,3202200
2023-02-15,122.15483093261719,122.19961183149483,120.9637437467845,121.0801576856123,2506700
2023-02-16,120.90103149414062,121.76972888772272,120.53384730402655,121.41150907530553,2965500
2023-02-17,120.91895294189453,121.42046617173068,119.90696210405402,120.45325622909925,3466200
2023-02-21,117.95465087890625,120.35475401698103,117.90986997986806,120.00548486882204,4257200
2023-02-22,117.29192352294922,118.20540189206797,116.68293338846632,118.1247908115493,3200200
2023-02-23,117.13070678710938,117.94567259178329,115.40227634278905,117.76656268196302,3725600
2023-02-24,116.9336929321289,117.02324105250426,115.7246771527776,116.08289696469878,3015800
2023-02-27,116.86204528808594,118.0979131948289,116.53964199388999,117.69491249338641,2761300
2023-02-28,115.79633331298828,116.9695190079136,115.65303991042356,116.9157873982546,5143100
2023-03-01,114.80225372314453,115.94857357514175,114.39924616627955,115.43809596992504,3760700
2023-03-02,115.46495819091797,115.72467917452664,114.37237681330267,114.98136006985476,3340100
2023-03-03,116.10081481933594,116.34262071400582,115.32167919398991,115.84110749929067,2860300
2023-03-06,116.5933837890625,117.19340953746794,116.0560403633685,116.10082125971148,3131200
2023-03-07,114.8559799194336,116.79935041547718,114.802248314092,116.67397211461017,3530400
2023-03-08,114.67687225341797,115.29481305733742,114.2290906465442,115.06195787602854,2778800
2023-03-09,112.98426055908203,115.10674104474555,112.82305890411725,114.90076532777151,5478300
2023-03-10,112.348388671875,113.99622833630825,112.06180875187846,112.94842114437758,5990900
2023-03-13,112.4648208618164,114.80224120591957,111.81105676268452,112.0797284379671,8188400
2023-03-14,111.6319580078125,113.41412692273094,110.3333872244959,113.27979107168368,8114800
2023-03-15,110.40503692626953,110.46772608078301,108.99900288994856,110.14532276254077,5989300
2023-03-16,111.67671966552734,111.78418970094921,109.18705525539183,110.1184417312347,6438700
2023-03-17,110.77220916748047,111.51552139562638,110.09157925446762,111.12147825239128,37400200
2023-03-20,112.7872314453125,112.9842564422688,111.21999584738462,111.32745905837535,4588300
2023-03-21,113.3514404296875,113.87086875520241,112.53648142406031,113.64697794240517,3856300
2023-03-22,111.0946044921875,113.93353785902507,111.05878114853162,113.73651288521982,3549000
2023-03-23,110.48562622070312,111.88270252229034,109.79603878176778,110.87966935320458,4651900
2023-03-24,112.20511627197266,112.3036287724459,110.0468056394651,110.47667898994887,3812300
2023-03-27,115.80528259277344,116.65606495400276,113.26188622218083,113.26188622218083,6524100
2023-03-28,115.83214569091797,116.11873248580416,115.34854755606068,115.68885229347488,2888900
2023-03-29,116.16350555419922,116.73666544014472,115.68884449899771,116.53067607074476,3279600
2023-03-30,115.72467803955078,117.74864595631351,115.61721482819294,116.56650963574722,3561800
2023-03-31,117.3993911743164,117.52476949126394,115.90380208458102,115.94858298317905,4524700
2023-04-03,118.2680892944336,118.76065185115061,117.1128186297807,117.2919285598928,3840100
2023-04-04,117.85612487792969,118.3486737153399,117.22026898087238,118.20539398611322,3382800
2023-04-05,118.33972930908203,118.76064513691503,117.65014176866462,117.65014176866462,2898700
2023-04-06,116.8709945678711,118.75168270516205,116.70979975535396,118.35763272095178,3050600
2023-04-10,117.34564971923828,117.39043061408015,115.74259753949944,116.2709765690861,2614400
2023-04-11,116.79934692382812,117.40833698498383,116.58440684367737,116.9426403105953,3132400
2023-04-12,115.11568450927734,117.22026343674774,114.78433050737291,116.78143256149382,3957500
2023-04-13,114.54253387451172,114.98135792642468,112.8409624394592,114.6410395398512,5621500
2023-04-14,114.75747680664062,116.27993163174203,114.01415765313341,115.04406361218071,4180600
2023-04-17,114.47088623046875,115.27689446487734,113.55741478654227,114.90075956635496,3662700
2023-04-18,114.43507385253906,115.24107533160397,114.04998137210795,114.75747717720724,3193800
2023-04-19,113.12754821777344,113.71862323589856,112.21407671920447,113.28874987429799,7014400
2023-04-20,113.16336822509766,117.30086589935465,112.69767152773392,116.55754679218893,9749600
2023-04-21,112.59916687011719,113.46785745577347,112.18720177544475,112.8409659336287,6725400
2023-04-24,112.30363464355469,112.88575213152771,111.5513579490312,112.43797049964161,4043900
2023-04-25,112.7424545288086,113.01112623097154,111.73047053819123,111.85584884383921,4275400
2023-04-26,112.70663452148438,113.33353290091735,112.05287717016499,112.67081117129347,4070200
2023-04-27,113.70966339111328,113.75443745265041,112.35736101275721,113.17232682443168,3204900
2023-04-28,113.20816040039062,113.9604302951835,112.51857283089139,113.36040452205978,5061200
2023-05-01,112.92154693603516,113.51262185611938,112.89468113650481,113.15439525297175,2725000
2023-05-02,112.08869934082031,113.24396991744456,110.39607851698695,113.10964089639896,4445300
2023-05-03,110.5572738647461,112.4558703008898,110.38712150359807,112.35735780267544,4554200
2023-05-04,109.76917266845703,110.61995490967219,109.04376871894506,110.18113088871101,4468200
2023-05-05,110.73639678955078,111.13939751740928,109.9841201095815,110.25279181655738,4971900
2023-05-08,110.51250457763672,110.97819445354146,109.7512771943243,110.83490788888048,3663800
2023-05-09,109.99506378173828,110.72128634535501,109.53210365005998,110.65774239047141,4540000
2023-05-10,110.76667022705078,111.19332546104674,109.93151913220892,110.73943809309726,4189200
2023-05-11,109.7499771118164,110.96639204612006,109.43225731000368,110.76668047761713,3446500
2023-05-12,111.51104736328125,111.52920673677816,109.94060091861314,110.21293611489298,4564800
2023-05-15,111.98309326171875,112.2826605901939,111.0571591420268,111.65629379897709,2915700
2023-05-16,112.07386779785156,112.43697907650642,111.15701337754663,111.97401202307718,2748400
2023-05-17,114.11636352539062,114.24345143692356,112.08295001509177,112.50960525771168,4515100
2023-05-18,114.51579284667969,114.84259233000145,113.64432986641233,113.7441856488591,3797900
2023-05-19,115.52342224121094,116.45842224527743,114.87890296846564,115.09676697984257,4306700
2023-05-22,115.74127960205078,116.36764639026175,115.42355982751322,115.74127960205078,2806800
2023-05-23,116.35855102539062,117.18462930282256,115.40539177347434,115.50524754164239,4592300
2023-05-24,114.08912658691406,116.10438756461053,113.89849472764162,116.03176392514348,3915500
2023-05-25,115.06953430175781,115.49618956111513,113.48092841950437,114.02559190826543,4102900
2023-05-26,117.00308990478516,117.70208035822952,115.11491671529443,115.34186040848019,5612600
2023-05-30,117.53868103027344,118.07427870678423,116.43119463030078,117.61130467880956,3741100
2023-05-31,116.73075103759766,117.50236511081995,115.70496806988297,116.65812739587317,11590200
2023-06-01,117.8473129272461,118.14686637547888,115.99544486528201,116.59457946483168,4136100
2023-06-02,120.20752716064453,120.84296669645269,118.14687466094816,118.35567282035463,5375800
2023-06-05,120.40724182128906,121.2605522992431,120.07136959757908,120.84296982117543,3993500
2023-06-06,120.45265197753906,120.67959569929897,119.71735653528422,120.21662164191963,3298000
2023-06-07,121.98677825927734,122.04124252933491,119.99874929291384,120.28015725590708,5772000
2023-06-08,122.01400756835938,123.43920672418383,121.65088935714616,122.2681833904369,4128500
2023-06-09,122.82192993164062,123.54815252256333,121.79614000252941,121.96861942617224,3981500
2023-06-12,123.83863067626953,124.02018285734398,123.29397413304616,123.45736694055012,4494500
2023-06-13,124.9098129272461,125.42723733934442,123.45736776585389,123.92032790842013,3927300
2023-06-14,124.54670715332031,126.11715377173815,124.31069067792211,125.09137760614078,4514900
2023-06-15,125.63601684570312,125.99913504791893,124.52853056914536,124.61024082185834,3812600
2023-06-16,124.80086517333984,126.60734186060108,124.79179241265561,126.38947094029213,7473700
2023-06-20,123.42106628417969,124.57393029194962,123.35751540027186,123.78417065880039,4271300
2023-06-21,121.36040496826172,122.9036192274873,120.99728676803375,122.64944341309923,5501300
2023-06-22,119.07281494140625,120.69773953688039,118.62800031746573,119.53577508763873,6012800
2023-06-23,117.49327850341797,118.57353266535809,117.26633481734797,118.37382111349302,11324700
2023-06-26,119.22713470458984,119.29068558709073,117.38435303367581,117.45697667730096,4845600
2023-06-27,120.13490295410156,120.68864608659662,118.76416811535483,119.19082334128757,3219900
2023-06-28,119.60840606689453,119.98059706986204,118.83680577585231,119.88074128495721,2753800
2023-06-29,121.6962890625,121.95955151480597,119.54486719087194,119.5993314633368,3639800
2023-06-30,121.4693374633789,122.57682376998638,121.12437862479982,122.26818367838587,4236700
2023-07-03,121.34225463867188,121.95954869929317,120.61603203563556,121.11531094094452,1477100
2023-07-05,121.85968780517578,121.92322483507061,120.36185115209592,121.02453669476617,2955100
2023-07-06,119.97151184082031,121.55103100866127,119.41776870053708,120.95191021303701,3507700
2023-07-07,119.89888763427734,121.50565277990053,119.5993203121074,119.62655244580074,2982700
2023-07-10,120.64325714111328,120.77943166274095,119.5539302258081,119.60839449384189,2369200
2023-07-11,122.04124450683594,122.15017304871608,120.94283092054982,121.333181281527,2924000
2023-07-12,120.58879852294922,122.84916271305687,120.34370930531425,122.61314625667151,3732200
2023-07-13,121.56919860839844,122.6131479312064,121.06084694059885,121.19700761892229,3221400
2023-07-14,121.09715270996094,121.5691994841227,120.67958405906506,121.56012672268382,2861500
2023-07-17,121.85968780517578,122.19556003122545,120.82482514102219,120.97005857430042,3167400
2023-07-18,122.87639617919922,123.4119799811498,121.905070504757,122.28634810607319,3852100
2023-07-19,122.98532104492188,123.86586367338529,122.72207245826233,123.03071255339245,5520000
2023-07-20,125.61787414550781,127.37895937406323,123.96571745429202,124.53761997841185,10896300
2023-07-21,126.1261978149414,126.88872511028458,125.05501664635332,125.46352627386034,5858600
2023-07-24,126.6708755493164,127.19738653752646,125.98097176383912,126.49840999160409,3475200
2023-07-25,127.38800048828125,127.4787696296669,126.21696359662472,126.56192234789408,3770800
2023-07-26,128.05978393554688,128.22317673326293,126.97952982328177,127.4878814404553,4046400
2023-07-27,129.78453063964844,130.1567215355921,128.81320520655748,129.17632334340763,6331600
2023-07-28,130.22030639648438,130.6741938456541,129.67564976840814,130.21123363405744,6686400
2023-07-31,130.88296508789062,131.26424269637423,130.29291700367267,130.54709284163218,6138100
2023-08-01,130.11134338378906,131.15527869979573,129.05832145621616,130.94649440690281,4797700
2023-08-02,130.87388610839844,130.99190126025272,129.18542449271993,129.61207974006916,4957400
2023-08-03,131.12808227539062,131.8270728307718,130.09321943760685,130.51987475114055,3951900
2023-08-04,130.9374237060547,132.61679853871695,130.71048003800232,131.70902386650744,4223100
2023-08-07,132.69851684570312,132.9890114375162,131.56379831807928,131.6273492043676,3438700
2023-08-08,132.45339965820312,132.6712567045325,130.81940255302467,132.2627608911233,4654600
2023-08-09,130.83737182617188,133.08701144532066,130.66290751909216,133.08701144532066,4072900
2023-08-10,131.53517150878906,132.7564072432029,131.02096993870785,131.34233891453763,4735800
2023-08-11,131.41583251953125,131.71884724032907,130.5802617559385,131.41583251953125,2526400
2023-08-14,130.3047637939453,131.6453587963111,130.20375890930603,131.35153532068753,4226400
2023-08-15,130.26805114746094,130.67207076059174,129.65284455871904,129.92831375048507,3656600
2023-08-16,129.1386260986328,130.47004400645307,129.06516672297428,130.11193830695734,3285300
2023-08-17,129.15699768066406,130.99344008529988,129.10190665027596,129.47836669490914,3742100
2023-08-18,129.8456573486328,130.23130855377835,128.33058403097934,128.5509621528952,3915500
2023-08-21,130.64451599121094,130.7455208873412,129.5701988292494,129.8548451699045,2937800
2023-08-22,129.91912841796875,131.51682441011923,129.7446641404479,130.9934455885009,3557500
2023-08-23,131.68212890625,131.7463971159074,130.00178213223143,130.13033256249233,2559100
2023-08-24,131.81065368652344,132.65541549398478,131.50763901467153,131.77391699305713,2900200
2023-08-25,133.46348571777344,133.5736678019596,131.7647705281882,132.3891543531719,3660100
2023-08-28,134.0786590576172,134.73977942035592,133.33490215227187,133.51854358393416,3561100
2023-08-29,134.47349548339844,134.7305963053018,133.71137018599066,134.3357679041445,2778100
2023-08-30,134.8499755859375,134.90506662010583,133.83074942098995,134.44595598744377,2245400
2023-08-31,134.82241821289062,135.6488116746334,134.55612622323474,134.92342310363193,3885900
2023-09-01,135.84165954589844,135.98857831455916,134.90506990936737,135.21726178456274,2727800
2023-09-05,136.01611328125,136.81496125608888,135.50191164177008,135.81410349274805,3731300
2023-09-06,135.9518585205078,136.19978222208033,135.08872816098975,135.58457556413475,2932200
2023-09-07,135.45599365234375,136.61294730592914,135.3457975822808,136.01610913777375,3332900
2023-09-08,135.6029052734375,136.43848995999969,135.2172540360113,135.2999045954873,3722800
2023-09-11,136.24566650390625,136.61294938051114,135.5110867397528,136.42013077412386,3273600
2023-09-12,134.33575439453125,135.89672751651898,133.87664382859705,135.8232681446564,4457700
2023-09-13,134.56532287597656,134.96015127615323,133.98683902265884,134.01438453844122,2627800
2023-09-14,135.2999267578125,135.64884135685895,134.50106462498388,135.3274722785018,2723100
2023-09-15,134.05113220214844,135.75902437512318,133.6287442406837,135.07953557135642,6234000
2023-09-18,133.22471618652344,134.50104314812936,133.19717067023257,133.84911391465306,2508100
2023-09-19,134.5377655029297,134.7214069289419,132.82987362022504,133.14206544554008,3945400
2023-09-20,137.57708740234375,139.50534356238063,136.01611412680612,136.22730108484598,9632400
2023-09-21,135.3274383544922,137.04450743143795,135.26315614836722,136.81495214260806,4944600
2023-09-22,134.89588928222656,135.9885748283431,134.8132527310777,135.35499991431286,2562000
2023-09-25,134.5010528564453,135.37336029415616,134.28986587932368,134.58370342222787,2694200
2023-09-26,131.52603149414062,134.2164133300363,131.32402167584073,133.61038387513665,4824700
2023-09-27,131.4617462158203,132.05859848725558,130.1670507770953,131.9208568811033,4439800
2023-09-28,130.0017547607422,130.64450677671715,128.74379624298098,130.51595637352216,5783200
2023-09-29,128.82644653320312,130.5067931327471,128.19287161736503,130.38741988456178,5704000
2023-10-02,129.2855682373047,129.88240650744928,128.4224379308587,128.58771104778026,3275300
2023-10-03,128.90907287597656,130.05684936857233,128.55096717072442,129.34981512606916,3284400
2023-10-04,129.533447265625,129.6528064719361,128.54176687315024,128.8906813366747,2637600
2023-10-05,129.9466552734375,130.11192834781122,128.72541951711034,129.37734865839624,3223900
2023-10-06,130.41497802734375,131.2505628236459,128.6519947057383,129.83649408975825,3511100
2023-10-09,130.57106018066406,130.75470163020913,129.17535994442142,130.66288791090884,2354400
2023-10-10,130.48841857910156,131.6912861396477,130.13031286251956,130.93835202237392,3015800
2023-10-11,131.51683044433594,131.6178353459063,130.5159726084675,130.8557099996837,2511500
2023-10-12,129.6895751953125,131.24135734820794,129.4232831850382,130.85570610213827,3921100
2023-10-13,127.13690948486328,128.66114598020732,126.96244522064517,128.3397769769652,4582800
2023-10-16,127.8255844116211,128.34896323038154,127.19200951711308,127.88985261244171,3361500
2023-10-17,128.84481811523438,129.12027329342962,125.16274177598171,125.9064987789988,4172800
2023-10-18,128.52342224121094,128.94579614628177,128.16531653432762,128.55096775628323,3330000
2023-10-19,126.72371673583984,128.0092349640988,126.65025735042975,127.30220063910363,5314200
2023-10-20,125.9432373046875,127.88068481480268,125.9065006064316,126.85226742781556,4865600
2023-10-23,125.22702026367188,126.42069669617022,124.75871845279079,125.45657557929763,3457500
2023-10-24,126.52172088623047,126.69618519445773,124.92402461287912,125.55759962235845,3698000
2023-10-25,125.86978149414062,127.16447693100221,125.18111549720729,126.25543277110981,6472500
2023-10-26,132.00347900390625,132.6003312100769,130.00176344740993,130.57105612660723,11130200
2023-10-27,130.86488342285156,132.86659882298162,130.12112652627218,131.87491829056145,5469200
2023-10-30,130.96591186523438,132.68298125682009,130.91999799686644,131.480113564686,4204100
2023-10-31,132.8115234375,132.92170550598715,130.9291670388248,131.3056411207488,6591800
2023-11-01,133.50938415527344,134.52861045596725,132.63707663922568,133.14210120460484,4750100
2023-11-02,134.98770141601562,135.07035197713793,132.99516297748607,133.8491160288241,3902700
2023-11-03,135.80490112304688,136.30992555268696,135.23560849923953,135.39170441186596,3510500
2023-11-06,136.78741455078125,137.02614702105092,135.7590112807658,135.79573396429046,4597200
2023-11-07,136.6588592529297,137.07205597978242,135.92427951022304,136.84250068587056,3549900
2023-11-08,135.9242706298828,137.43932986634053,135.5202510972428,137.04450151186018,3618600
2023-11-09,136.15646362304688,136.50006821979056,134.91209608307256,136.09146653923875,3412700
2023-11-10,138.3851776123047,138.52446718021935,136.3700415673558,136.91793276094563,3179000
2023-11-13,137.5308380126953,137.8930050665258,136.83436181918708,137.86514715237305,2647200
2023-11-14,139.67599487304688,140.0474432080932,138.41305069610542,138.78449903115174,4321900
2023-11-15,141.6911163330078,142.28544210888597,139.6666848599626,139.6666848599626,4632500
2023-11-16,142.1368408203125,142.40615284856017,141.27321725419444,142.0811249992523,3519200
2023-11-17,141.97897338867188,142.5454411810057,141.57966722793026,142.35042163912186,4426500
2023-11-20,143.3347930908203,143.64123011827803,141.47752341251928,141.62609421770256,3658500
2023-11-21,142.9261932373047,143.62266937516063,142.55473079520888,143.56695355130708,2859500
2023-11-22,144.05914306640625,144.59775303307134,143.15836603920627,143.4740985186788,3044700
2023-11-24,144.1055450439453,144.30984583861022,142.93547026800863,144.05912463866565,1799200
2023-11-27,144.4677276611328,144.99704214722067,143.70624029712903,143.9291177580225,4053100
2023-11-28,144.5419921875,144.63486132980572,143.80837697471478,144.3469868264363,2666200
2023-11-29,145.24778747558594,146.2692773592195,144.885620432961,145.00633333393998,3568900
2023-11-30,147.24435424804688,147.2815075808681,145.69353559411175,145.7492514234989,6740600
2023-12-01,149.09234619140625,149.12948535520636,146.72432420102825,147.1050679367431,4871900
2023-12-04,149.6030731201172,151.17245404174597,148.85086702355574,148.85086702355574,5779000
2023-12-05,149.8723907470703,150.87531817159177,149.25020704451288,149.28734620697168,4556700
2023-12-06,148.84161376953125,150.76389498364406,148.59087835685452,150.05812332867922,3555900
2023-12-07,148.785888671875,149.9466823269921,148.55372994085158,149.51022277908052,3665500
2023-12-08,150.40171813964844,150.47599646391464,148.58158745854968,148.58158745854968,4561300
2023-12-11,151.84109497070312,151.97110329639332,150.392426721628,151.0703262648809,6077200
2023-12-12,152.95545959472656,154.4691248361484,151.29319519968809,151.61822308046033,5292300
2023-12-13,151.9432373046875,153.19690008350827,151.126048230865,152.63971347740036,4989100
2023-12-14,151.28390502929688,151.83179618357005,148.72086380483793,151.30246752379068,6129800
2023-12-15,150.65245056152344,152.3797122108796,150.47600764612943,150.717461812393,11016100
2023-12-18,151.1260528564453,151.6739440616531,150.04883294224925,150.65243997580433,3677300
2023-12-19,150.03025817871094,150.6988764670462,149.80739486249558,150.2531356647709,3766600
2023-12-20,148.6280059814453,150.25311691870294,148.5908526534817,149.77950409114558,4865800
2023-12-21,149.30592346191406,149.5845167759094,148.14512979513722,149.12948055738886,2982900
2023-12-22,150.56884765625,150.81958302272184,149.51020453873218,149.60307368774923,2442700
2023-12-26,151.56251525878906,151.65537025116816,150.48529532430962,150.6524428124988,1772400
2023-12-27,151.79466247558594,151.96180995109117,151.07031423886565,151.4974925148962,3234600
2023-12-28,152.06396484375,152.2589844074413,151.73893696087916,152.2589844074413,2071300
2023-12-29,151.87823486328125,152.46326519219284,151.20961662751643,152.0639590021396,2526200
2024-01-02,149.9745330810547,151.63678328109177,149.0087590408367,151.20961917151521,3825000
2024-01-03,148.67445373535156,150.1881189927363,148.6558770697231,149.51021948065983,4086100
2024-01-04,149.38021850585938,150.26241887369392,148.73945812369007,148.78589270512236,3212000
2024-01-05,147.80152893066406,149.0923308298578,147.34649274438812,148.49800508137673,4199400
2024-01-08,149.64024353027344,149.71453603075275,146.62217977629882,147.3650906112463,3321700
2024-01-09,148.65585327148438,149.0273015055244,148.1265246596434,148.581560790708,2617200
2024-01-10,149.72381591796875,149.8259663339681,148.3401588474313,148.84161550879915,2967800
2024-01-11,150.58741760253906,150.6524146680774,148.85086094831604,149.52877453224576,3778200
2024-01-12,153.9676513671875,154.13479882824444,150.76386416834774,151.33961320511153,4958300
2024-01-16,155.0448760986328,155.31417396225203,153.54047805166672,153.96765630447015,4869600
2024-01-17,154.22769165039062,155.84352153786065,153.68908168790063,154.88701451889344,4288600
2024-01-18,154.9334259033203,155.07272962457137,153.26188043720518,154.60841222675285,3776900
2024-01-19,159.24229431152344,159.33516346107885,157.10643140033372,158.41580989191417,6929100
2024-01-22,160.4959716796875,162.00035568532743,160.09665130384036,160.48669043181908,4926000
2024-01-23,161.52676391601562,161.60105641168218,160.17095066732912,160.56097564219505,3983500
2024-01-24,161.5174560546875,162.38109385166297,160.56096327266584,162.28822469677317,9097800
2024-01-25,176.83993530273438,182.84820417467486,171.63958842059486,171.76031549064598,29596200
2024-01-26,174.0447540283203,178.66007068838127,172.8746791368372,177.6571432800339,9895900
2024-01-29,173.7847442626953,175.93918415177248,172.7725355662894,174.08191424871072,6107900
2024-01-30,174.46263122558594,175.18696530194546,173.44114135449001,174.31406041313966,4575100
2024-01-31,170.5531005859375,174.25834501701263,170.07020643795897,173.70117254150972,8876100
2024-02-01,173.56185913085938,174.12832699314416,169.67089075794286,170.52523317535125,4669400
2024-02-02,172.5310821533203,174.01690375010742,172.37321591126147,173.74760584773526,4055400
2024-02-05,170.3302001953125,172.5217789786248,170.1816152205489,172.2710436049416,4379600
2024-02-06,170.32093811035156,171.50029428438518,169.97733354632248,170.45094643543578,3337600
2024-02-07,170.62738037109375,170.88739700759214,169.59659507288796,170.25591791192178,4841200
2024-02-08,172.7639617919922,172.9420132913349,170.07448617294543,171.14278086997342,5161200
2024-02-09,174.6194305419922,175.40659210184242,172.28605775393407,172.83894401866013,5064600
2024-02-12,174.4507598876953,174.75062483115312,172.4547297895998,174.2071044284172,4724000
2024-02-13,172.14549255371094,173.14819773021463,170.8897803411988,172.68901298129754,4290500
2024-02-14,172.023681640625,173.3637295514613,170.79606700396715,173.3637295514613,3173400
2024-02-15,175.1160888671875,175.21917056655656,172.07051010286284,172.07051010286284,4714300
2024-02-16,175.83766174316406,177.0652619794764,174.2539584890406,174.89119471570112,4842800
2024-02-20,171.90182495117188,176.8965754393815,171.54572196394753,175.83764663991613,4247200
2024-02-21,168.3970489501953,171.5175970351787,167.50680584884594,171.07715841573793,4723700
2024-02-22,172.62339782714844,172.9420087655142,170.48679418997827,170.97409075979095,5078400
2024-02-23,174.0384063720703,174.73186628963623,172.96074589518983,173.26997665538696,3433800
2024-02-26,172.5484619140625,174.4226644594204,172.48285796144026,173.926001928823,4620800
2024-02-27,173.2418975830078,173.48555305104867,171.13341984266557,172.57656372573427,3641400
2024-02-28,173.64483642578125,173.71042606718694,172.00490950327472,173.01698040561925,3216300
2024-02-29,173.391845703125,175.097376866836,173.07323470518907,174.44139454292838,6458500
2024-03-01,176.36244201660156,176.53112766717527,173.53239240433584,173.8229057859334,4018400
2024-03-04,180.916748046875,181.7039095911837,175.80018370983953,175.95010902849668,7938300
2024-03-05,179.87655639648438,181.74139276539017,178.58336657945537,179.92341431210048,5653600
2024-03-06,183.82174682617188,185.6678370529192,180.8230263027081,181.32905458206272,6945800
2024-03-07,184.1778564453125,186.23011028191962,183.8030216993967,185.15244966313995,4604500
2024-03-08,183.62496948242188,185.3305004575294,182.15372809639462,183.72805118200563,3943100
2024-03-11,179.67039489746094,183.09082258702944,178.87386751971943,182.81905525301354,4725100
2024-03-12,185.33985900878906,186.65179486170172,180.06397510930705,180.35448846869264,5880100
2024-03-13,184.32777404785156,185.6397240999203,183.03458431957563,185.12431566157284,3993300
2024-03-14,181.2634735107422,185.31175745237613,180.03587325870006,184.56207365218143,4109600
2024-03-15,179.05191040039062,180.91673240010067,178.70517327710078,179.91404167898006,8828200
2024-03-18,179.63291931152344,181.07604877151047,178.34909532900693,179.6422851752469,5410600
2024-03-19,181.1791229248047,181.40403233606074,178.31159585167313,179.44549447225884,5317300
2024-03-20,181.7601318359375,181.7788635622445,179.27680539359775,180.73868079109675,3238600
2024-03-21,179.8297119140625,181.20725180171337,178.058591244087,180.8605289385051,6013600
2024-03-22,178.8363800048828,180.85115605646942,178.5271349095501,179.9234207704713,3988400
2024-03-25,176.9153289794922,178.81765756762155,176.87785122312386,178.2928688852582,3718300
2024-03-26,176.64358520507812,178.04923707673657,176.64358520507812,177.1308818576482,4229500
2024-03-27,178.7988739013672,178.94881349333613,176.7372545583872,177.67435555965324,3693300
2024-03-28,178.94883728027344,179.85781221722343,178.36782485891885,178.93009125402887,3742200
2024-04-01,177.88992309570312,178.48030142933015,176.662322807519,178.04922858434242,2364300
2024-04-02,176.99966430664062,177.86179562206004,175.8001760157068,177.24330545044558,2693500
2024-04-03,178.89259338378906,179.31430031592149,176.6341906112431,176.73727230369335,2826200
2024-04-04,176.11878967285156,181.1229063040619,175.55652327200673,179.9234179946863,2983900
2024-04-05,177.2433319091797,178.3491188325033,176.19378307269392,176.72792335589455,2014300
2024-04-08,177.88055419921875,178.27413498191802,177.02778868718897,177.33703379481614,2678300
2024-04-09,177.4026336669922,179.22061236259353,174.91932109765852,178.555264189831,2794200
2024-04-10,174.3383026123047,176.1000574607274,173.85102027897773,175.6315068562771,3081700
2024-04-11,174.2071075439453,175.0505072042517,172.9701413941373,174.33830114012235,2861700
2024-04-12,170.80543518066406,173.5230228687065,170.26191478324975,172.42661620977782,3547400
2024-04-15,169.84959411621094,175.6877306440357,169.50287124460112,173.89787820226672,3528100
2024-04-16,172.1923370361328,174.02906158942426,171.358317581089,173.91659972761207,4473700
2024-04-17,171.5832061767578,173.05444737434794,170.34622594018583,172.57653099150536,3003000
2024-04-18,170.0557403564453,171.92057672155798,168.83750604804607,170.88039391272076,2886700
2024-04-19,170.15882873535156,171.3020932836342,169.21236172037575,170.95535613438207,3038000
2024-04-22,170.45870971679688,171.7894060598098,169.0999157795562,170.9741182582413,3076500
2024-04-23,170.73045349121094,173.0638261033566,167.74109866294853,171.23648179895693,5950200
2024-04-24,172.5203399658203,172.69837718606806,169.99015523781446,171.64882839752212,7616600
2024-04-25,158.2857666015625,161.60309854704522,155.24018771161025,157.62041846018457,16702200
2024-04-26,156.6177215576172,157.3111672651307,155.30577135326894,156.96444441137396,8983800
2024-04-29,156.8988494873047,157.63916745424987,155.77433088965972,156.8707375947908,5242200
2024-04-30,155.74624633789062,156.27102082231207,154.8653687537408,156.0180137452725,6011600
2024-05-01,154.08753967285156,155.8118167058192,153.96572624317963,155.2682963072677,4029900
2024-05-02,154.33120727539062,154.50925880087973,152.39140082278436,154.01259628189976,3829900
2024-05-03,155.2870330810547,156.13041837049855,154.54671518787262,154.6216849934498,3400400
2024-05-06,158.00462341308594,158.06084719350818,155.91489187956404,156.0273394404085,4222300
2024-05-07,157.7891082763672,158.64185952080194,157.37678145099838,158.37010645809787,3155300
2024-05-08,159.21348571777344,159.55084271655898,157.339283346527,157.44236504890674,3522000
2024-05-09,157.35853576660156,158.56993125897876,156.9894389281581,158.52260818923506,4266600
2024-05-10,158.19134521484375,159.0620491757374,157.40584298827312,158.17242754162965,2255400
2024-05-13,158.5793914794922,159.0525932991092,157.8222656799103,158.52260957169392,2414900
2024-05-14,158.39012145996094,159.11885634162317,157.5572815952041,158.86332330294113,2601000
2024-05-15,159.24185180664062,159.32703909896972,158.37116229716474,158.93901018815723,4468800
2024-05-16,159.913818359375,160.53844820477119,158.79705459569942,159.24186544551432,3492300
2024-05-17,159.97059631347656,160.04631033295482,158.36171311223794,159.913814409111,2956400
2024-05-20,160.81288146972656,161.04002350915798,159.35542642937975,159.94219198002997,2726300
2024-05-21,164.1726531982422,165.59225876729994,160.83184924767093,160.83184924767093,6459800
2024-05-22,164.380859375,165.61118706130517,163.5006964331991,164.09693537954894,3294900
2024-05-23,161.522705078125,166.05598653253293,161.30503628766925,165.9897313470615,3341300
2024-05-24,161.7309112548828,162.79087866989076,161.08736373604884,162.2892859152193,2587400
2024-05-28,160.5668487548828,161.92019905982588,159.6109718140745,161.30504245593792,2629500
2024-05-29,158.09674072265625,159.59206029920352,157.30176508174992,158.99582134803657,4206600
2024-05-30,156.75283813476562,157.7938734650196,155.42786438584233,156.68658294888144,3842400
2024-05-31,157.90744018554688,158.02100399194006,155.05875622009074,156.8190674240469,4905000
2024-06-03,156.4215850830078,157.84119047602226,154.76537879115762,157.61404841438974,2776100
2024-06-04,156.92318725585938,157.48156194480637,155.0966351388374,155.77804692367818,2594200
2024-06-05,158.4090576171875,158.7970721631867,156.89480590464208,157.4910448631152,3049400
2024-06-06,159.18507385253906,159.4122159027621,157.86011466200145,158.40903045264477,2207100
2024-06-07,160.89805603027344,162.1283834852446,159.05257206830248,159.1661358687402,3475500
2024-06-10,161.2482452392578,161.6078687768029,159.82863988107482,160.46272854147986,3440000
2024-06-11,160.2450714111328,160.88861895528666,157.86958903021699,160.86968683899582,2951300
2024-06-12,159.9422149658203,163.22623674791117,159.0904574672438,162.16626929350957,3522700
2024-06-13,160.0557861328125,160.50059701878075,159.317592415881,159.95168115011836,3525700
2024-06-14,160.14097595214844,160.38703571466183,158.26708623425046,159.27027184269465,2777700
2024-06-17,160.41542053222656,160.62363049291503,158.5226132103124,159.71507662436773,3239800
2024-06-18,161.4091339111328,161.5984117394706,159.35543986967383,160.88860905247438,3386400
2024-06-20,164.5985107421875,164.93921661243817,162.04322393579383,164.74993878251507,4723100
2024-06-21,163.21676635742188,165.58277528707794,162.21356644083082,164.64583055218404,10181500
2024-06-24,165.63009643554688,168.89520055811215,164.81618872456986,165.62063759786318,4864700
2024-06-25,163.3492889404297,166.3304549019698,162.23252503405692,165.75314805127132,4069800
2024-06-26,162.65838623046875,163.42497085532804,161.2766450264188,162.10001155816053,2779000
2024-06-27,161.6930694580078,163.25462970488243,161.34289028747438,161.94858804613182,2894000
2024-06-28,163.6804962158203,164.16317128367473,161.39020128593438,161.6930573630958,4193300
2024-07-01,165.7152862548828,167.002395807112,164.08747080821138,164.1537115549501,3321000
2024-07-02,167.79737854003906,167.97719755321114,164.97709956353165,165.46921908897966,2883300
2024-07-03,166.31149291992188,168.44090092178632,165.7815092389023,168.34626923073122,1649000
2024-07-05,166.5859832763672,166.65222402604414,164.62692068618287,166.3209913957105,2086000
2024-07-08,168.11915588378906,169.01823652767226,166.5765132023747,166.95508335415033,2503000
2024-07-09,167.02130126953125,168.17591480287948,166.16954381619627,168.08128310860488,2512700
2024-07-10,168.3084259033203,168.66806392051993,165.1001180263853,167.13489458988832,3462200
2024-07-11,168.7532196044922,169.82266026824826,167.1537952478571,168.12858977746797,2806800
2024-07-12,173.03097534179688,174.28969388759893,168.9330459398627,168.98982784642965,4785600
2024-07-15,173.0782928466797,174.99001769751513,172.8133009972377,173.55149464082223,2925700
2024-07-16,175.8512420654297,176.5989089600649,174.63038783474715,174.7723425914641,3374500
2024-07-17,177.4033660888672,177.86710908862483,175.1509351609813,175.50109989981365,4225300
2024-07-18,175.29287719726562,179.31509252594745,175.17931338556716,176.63676858593197,3487800
2024-07-19,173.428466796875,176.97748044210437,172.19813917833412,176.34339173707355,3816000
2024-07-22,174.2802276611328,175.05628559154457,173.05937329762446,173.57042491837885,2488500
2024-07-23,174.23291015625,175.44430562023462,173.2013192475198,174.4789698957874,2180200
2024-07-24,174.1572265625,175.1509534135523,173.33384545912637,174.27079039428577,6962100
2024-07-25,181.69056701660156,185.74117344616127,175.36859762427002,176.78820308624583,9532800
2024-07-26,181.47291564941406,183.19537737368663,179.4570710787154,180.2993698227347,4294900
2024-07-29,181.23629760742188,182.93035377411042,179.04063422432262,182.826248795757,3336800
2024-07-30,180.80093383789062,182.43822243122435,178.95544974234227,181.21735372426514,3065000
2024-07-31,181.84197998046875,184.12281603267164,179.80721809681847,180.76308049650547,5558400
2024-08-01,179.49488830566406,183.26157012986337,178.19830571225856,182.47605350494507,4085400
2024-08-02,178.9838409423828,179.11633686632433,175.7471424224064,178.66206719009236,4548800
2024-08-05,173.48524475097656,175.33072891624323,172.06563932523713,174.65879043500485,4975000
2024-08-06,176.7882080078125,178.77564704532233,173.79756895216082,174.8007545293287,3632500
2024-08-07,176.7882080078125,179.69365975823425,176.69356186465654,177.99960354714437,3801900
2024-08-08,182.2867889404297,182.54232194323916,176.97746442989398,177.45066620644448,3712700
2024-08-09,182.773681640625,183.90021283939475,180.47289684505145,182.51591368176875,2773700
2024-08-12,180.89295959472656,182.89779560801298,180.43471677382098,182.58274911636647,2290300
2024-08-13,182.33453369140625,182.6400240435554,180.63520263711197,181.6662453219821,2178900
2024-08-14,183.6042938232422,184.33938785258334,182.08633965695,182.4873040094849,1895100
2024-08-15,185.16041564941406,185.44682292259589,184.52078099409943,184.74035359105125,2472000
2024-08-16,184.99810791015625,185.54228314567942,184.11980302003425,184.80717459791722,2494400
2024-08-19,185.90505981445312,186.6688076625087,184.94083707874105,185.0553941574019,2361400
2024-08-20,187.14614868164062,187.3179988673099,184.96947677835377,185.7714054654008,1790400
2024-08-21,188.27264404296875,188.38720109999431,185.32266871907757,187.08883437369303,2579300
2024-08-22,187.07931518554688,188.95048198807174,186.7069901384022,188.31084739770924,1969500
2024-08-23,187.21295166015625,188.43494218608754,185.58044072544078,187.87166931974292,2322000
2024-08-26,189.0077667236328,189.36100864876218,187.02202821796203,187.11750215821925,2567200
2024-08-27,189.72377014160156,190.36340472788993,188.043536656752,188.49223793728342,2617100
2024-08-28,189.46600341796875,190.936205792973,188.53996165449072,189.98152476400816,2645200
2024-08-29,189.88604736328125,192.00544037422506,189.28460823177505,190.26792850825268,2989600
2024-08-30,192.96971130371094,193.00789214125462,189.72378655590583,190.08657006532513,4751000
2024-09-03,192.158203125,195.44230831128357,191.1367019629475,192.75965685599874,3874700
2024-09-04,194.85997009277344,195.09864038025333,191.41357055887266,191.66178241363158,3142500
2024-09-05,193.40884399414062,196.61657312990624,191.85272367920157,194.83132410267044,3229200
2024-09-06,191.64266967773438,194.8503984286859,190.30610753392688,193.20834593907523,3304500
2024-09-09,194.3062286376953,195.75734788039395,192.30139265018698,192.78828929796052,3705000
2024-09-10,196.01512145996094,196.50200355442485,193.67614121834583,194.94586877122128,3070600
2024-09-11,200.3780059814453,200.59757854518128,193.83843493006302,198.3445306734752,5554300
2024-09-12,202.02008056640625,203.01294256180853,198.83144899263382,200.483043318275,4615300
2024-09-13,205.05592346191406,206.29701166254728,202.5164830992794,202.85061270546186,4572300
2024-09-16,207.3185577392578,208.02501245257815,205.75288126835386,206.0965670579317,4176100
2024-09-17,204.4258575439453,208.9223971239819,203.3470632977853,207.40445775325753,5635200
2024-09-18,205.19915771484375,207.03214367653797,203.91033240450244,204.42586835554997,3482800
2024-09-19,204.19674682617188,208.57872972773745,200.83626516128888,208.13002843012757,5279600
2024-09-20,207.83407592773438,207.97728683542385,204.0535468680874,204.61680523007718,9958800
2024-09-23,210.50717163085938,210.6217286953884,207.4235559166462,208.12046900465916,4074800
2024-09-24,210.95587158203125,211.16590257721683,208.27322017757905,209.81979880823937,3183900
2024-09-25,211.20408630371094,211.7959984651984,210.182585147016,211.14680777101663,2537800
2024-09-26,213.30438232421875,213.84855752091758,211.328200104255,212.04421089952592,2673200
2024-09-27,210.83177185058594,213.99176397914812,210.7649517481827,212.89388653469192,3830300
2024-09-30,211.06088256835938,211.29001125837618,209.09424198936338,210.65036215298883,3543400
2024-10-01,209.40928649902344,211.07997827552762,206.1156253429513,210.63127703302726,3548400
2024-10-02,209.77206420898438,210.22076547037196,206.02017465382747,208.41641885848796,3343400
2024-10-03,212.62657165527344,212.7315871569385,209.33292483727178,209.55249740719796,3788300
2024-10-04,215.75791931152344,215.83429554430873,213.15164409956247,213.6098869289972,3553800
2024-10-07,216.82717895507812,217.35225650304037,214.82235727278365,215.16604307078816,3458000
2024-10-08,218.2592010498047,218.95612878157146,216.75080307644956,217.7723189048517,3245100
2024-10-09,223.68179321289062,224.3023301247529,218.1446397073022,218.8129135894488,5083600
2024-10-10,222.4597930908203,225.14244464008198,221.30462255494365,224.44553151877054,3142000
2024-10-11,222.68893432617188,222.86078451936282,220.01583858568375,222.67939275826984,3469200
2024-10-14,224.5982666015625,225.41929291658113,222.60298663193635,222.98486780594342,2524400
2024-10-15,222.4025115966797,226.61264410330915,222.1638413258316,225.6866022870364,3350600
2024-10-16,223.080322265625,223.2808116984771,220.6458826412742,221.5910221379592,2846700
2024-10-17,222.32611083984375,222.5838642154904,220.20671790309507,221.4859869175936,5040100
2024-10-18,221.6769561767578,222.10655977316696,219.7389546420835,221.40964662489088,4715700
2024-10-21,221.24734497070312,221.88697955976195,219.82486488718936,220.73182358619874,2733300
2024-10-22,221.7246856689453,222.41205722692877,220.21628778155258,221.4764738269481,3180800
2024-10-23,222.2020263671875,222.7652847209083,219.8248651803068,219.96807608589387,5791000
2024-10-24,208.49282836914062,211.2900518827167,206.36389335478503,210.79361357586922,11193400
2024-10-25,204.94139099121094,208.74101770895564,204.67408144728583,206.97486640568465,8482200
2024-10-28,203.2611541748047,206.44978551622665,203.06066473649324,205.73377469940738,4993300
2024-10-29,200.89352416992188,203.671649491293,200.33982198615954,202.3828388282042,5258400
2024-10-30,195.61415100097656,201.55226859129513,195.0031556814234,199.9865921744853,6956600
2024-10-31,197.3516845703125,198.69778846120067,194.2871517301286,194.87906393711148,5925300
2024-11-01,198.81234741210938,200.33028692861689,198.01041875062745,198.35410454373087,3334100
2024-11-04,196.96981811523438,198.28726817143598,196.47337984783542,198.23953120138796,2593900
2024-11-05,198.16314697265625,198.68820988158123,196.25378492630693,196.8265847998459,2441500
2024-11-06,203.91989135742188,204.6168044903691,200.83626087711139,203.80531971822893,3934400
2024-11-07,204.0058135986328,204.79820068692953,202.32556548184823,203.95807662853724,3675800
2024-11-08,204.03445434570312,206.87940006322194,203.13705174360462,204.4545163779431,3201000
2024-11-11,203.8912353515625,205.6478449573549,203.80530298740274,204.68360779029894,3013000
2024-11-12,202.89053344726562,204.978516397102,201.1585616255795,203.89122012086085,2817800
2024-11-13,202.9482879638672,203.41977372526418,201.16821742553282,201.58195855081436,3247800
2024-11-14,201.09124755859375,202.5441719626567,198.5510267017849,202.06306941642708,6372900
2024-11-15,197.24241638183594,200.61013402092564,196.35718950712527,199.61906400456024,3986500
2024-11-18,200.22523498535156,200.5427643972952,197.60803621001304,199.17643505874221,3405900
2024-11-19,202.30361938476562,202.38059755351603,198.39706908371056,198.6953503113156,2860700
2024-11-20,206.4892120361328,206.83560644549814,201.84175982801648,203.02526794247964,4562900
2024-11-21,213.994384765625,214.2157024853167,207.1338731430916,207.65345737966916,5236400
2024-11-22,214.54283142089844,218.6129541069823,212.54144343259497,214.90847398745905,5320700
2024-11-25,217.5834197998047,217.86245278770232,214.23493585253476,214.90849109340783,7189300
2024-11-26,220.18138122558594,220.32570610885767,216.9868534430566,218.16074476727917,4449500
2024-11-27,218.3435516357422,220.52776104468293,215.79371431932967,220.18136666565306,2995100
2024-11-29,218.81503295898438,221.65353464784422,218.6033466937192,219.14217912090965,2640300
2024-12-02,218.79580688476562,219.74839517483377,216.98685668296977,218.90165002810653,2655900
2024-12-03,220.34494018554688,220.45078332051756,218.10300082268242,218.6514647080986,3163800
2024-12-04,224.6652374267578,224.90578866250797,220.68170955001867,221.30713689013615,4104200
2024-12-05,225.87762451171875,227.58073147844536,224.63638651764956,224.7229814442416,4791100
2024-12-06,229.04327392578125,229.3704347872867,225.36765842538586,225.56971325534764,4028400
2024-12-09,221.30715942382812,230.30378242976073,220.25835945286747,229.00479975161343,4970400
2024-12-10,222.96214294433594,225.5312285229196,219.19030112023088,219.7676153088313,4769500
2024-12-11,221.42262268066406,224.19377793886193,220.47004907222154,223.89549672078059,3872700
2024-12-12,223.4817352294922,225.0501341283941,221.67279975490777,221.94221598903914,4515700
2024-12-13,222.09617614746094,224.94429486655704,221.5573289878229,223.4721223182094,2757400
2024-12-16,220.66249084472656,222.29823653012497,218.30509135558614,222.0095720722113,3610300
2024-12-17,220.31607055664062,221.49957854479695,219.01708798963023,220.5662385603399,3651300
2024-12-18,211.8486785888672,220.38343246220813,211.71397047265276,220.38343246220813,4152500
2024-12-19,215.4569549560547,217.6507813150572,214.5524798518532,215.93805748534618,4427200
2024-12-20,214.9181365966797,219.07485508825172,213.3016243573403,214.3119426716668,12423200
2024-12-23,213.5421600341797,215.28376351036297,212.72429454964666,214.3889051777752,2988100
2024-12-24,215.92843627929688,215.95730125589398,213.16689783414327,213.86931808356263,1186200
2024-12-26,216.3903045654297,216.88102388136386,214.1387481529063,214.87001874407804,3286500
2024-12-27,214.36004638671875,215.93806212944932,213.04183012637654,214.70644080254178,1810800
2024-12-30,211.9256591796875,213.2150104042316,209.4239202132459,212.2046921800116,2095600
2024-12-31,211.5215301513672,212.69542144391235,210.18406576816682,212.3778920271993,2270200
2025-01-02,211.6273651123047,214.0809907414833,209.37580898852877,213.43631516837223,2579500
2025-01-03,214.23492431640625,215.20676070369177,212.21430274884264,212.21430274884264,3872100
2025-01-06,214.25418090820312,215.87069290757694,212.40674911040648,214.5717103131173,2846700
2025-01-07,215.4954376220703,218.14150136423575,214.40814127702302,214.90849198652484,3299300
2025-01-08,214.74490356445312,216.39989732909228,212.48373063726663,215.44732378133952,2619800
2025-01-10,211.44454956054688,214.02325192303212,208.60604773608244,213.609510818846,3570300
2025-01-13,209.1833953857422,211.29062702998297,206.63355759098107,209.65488119850875,3716800
2025-01-14,209.5201416015625,209.8857842048055,206.4988184477257,209.7606928548364,3485500
2025-01-15,211.71397399902344,213.30160644385765,209.77031570519833,212.52222270977236,2951600
2025-01-16,214.2445831298828,214.26381666006728,209.16414156520295,211.38683291448987,3329100
2025-01-17,216.2940673828125,217.41986021494736,215.1875374448032,217.41986021494736,5506800
2025-01-21,215.7841033935547,218.8535399114492,214.4081571928898,216.4865236647166,3982200
2025-01-22,214.82188415527344,215.91879727381533,212.02187874878703,213.5902629232995,4759500
2025-01-23,217.49681091308594,217.49681091308594,214.71603906094015,215.47618923001704,3619700
2025-01-24,216.30369567871094,218.23772252132812,215.34149063982173,216.75593322155558,3232900
2025-01-27,215.6590118408203,215.82258492934395,211.53114415942593,213.79233178742362,4898400
2025-01-28,217.13119506835938,217.23703821112403,213.38821801180367,215.84184382528719,4485400
2025-01-29,219.9889373779297,220.79718606719786,215.2741239930319,217.09269088492698,7079800
2025-01-30,248.50868225097656,251.9052648285372,237.67425891076064,240.5512572328152,15381900
2025-01-31,246.03582763671875,247.51761694931452,242.36982875595913,246.37259059399403,7199800
2025-02-03,250.87571716308594,252.1554368772538,242.32170072255408,242.86053316685278,8408500
2025-02-04,254.46470642089844,255.22485653414418,248.36433071584608,250.1732806743732,6077700
2025-02-05,253.34857177734375,255.677120862126,251.30870181906363,255.6674894153258,6165100
2025-02-06,243.8612518310547,253.42557244032977,243.17807978092762,253.04069629062246,6128300
2025-02-07,242.8028106689453,247.21932817696538,242.49491269793143,245.63169577042225,3370300
2025-02-10,241.44677734375,244.04265965522524,239.12209139596592,242.98687236197145,3564400
2025-02-11,246.7063446044922,248.69200917216784,242.7156538022609,243.21933795920899,4801600
2025-02-12,247.78150939941406,248.35298895274616,244.1104634433758,244.78849128460865,3075300
2025-02-13,251.055419921875,251.14259175793248,246.42543963922998,247.63620885079817,4531500
2025-02-14,253.07981872558594,253.71910840694406,249.81558970940188,250.87137689898282,3925300
2025-02-18,254.81369018554688,255.675742621313,251.67535582170046,253.70945431164915,4262800
2025-02-19,256.0244140625,256.06313739309337,251.92716052798346,253.7772193767219,3718700
2025-02-20,256.4312438964844,256.77026521478393,253.92253343674366,255.37545660677247,4884800
2025-02-21,253.27357482910156,256.51841289163696,252.90549623387975,255.56918868269352,5667900
2025-02-24,253.6512908935547,255.56915988209917,251.43315351849282,253.2929079522142,4398100
2025-02-25,249.66061401367188,255.21079077856717,248.71136030043493,252.8860902204192,6292200
2025-02-26,247.810546875,250.2223896303405,246.42543402288527,249.9996270187579,3460100
2025-02-27,245.282470703125,249.54438728066603,245.10812702753773,247.21002064709475,3402200
2025-02-28,244.51727294921875,244.87565591619804,238.8024332444547,242.98685884983712,7988800
2025-03-03,242.337890625,247.95586293190993,240.45877437387063,246.7450936752439,2977700
2025-03-04,245.2631072998047,247.46185357470495,240.31348210819456,240.9430761943312,5342100
2025-03-05,243.4615020751953,244.80787697501546,239.25769974102613,243.68427949289102,4009800
2025-03-06,240.8849639892578,244.18794602024633,239.05428149118492,241.9116939390905,3254400
2025-03-07,253.3317108154297,253.73851277943913,237.4851455722955,238.23098365941254,6700200
2025-03-10,248.8372802734375,258.08757470480117,246.754763159711,253.3510314018661,8165500
2025-03-11,241.1367950439453,248.6435789923484,238.1437770774844,247.95585557182065,5630600
2025-03-12,241.7954559326172,245.1856096770016,237.82412706295082,242.49286017099664,3848800
2025-03-13,238.08566284179688,241.44675938547343,235.41227493968083,240.99150897547244,3862400
2025-03-14,240.55564880371094,241.13680919582836,234.0949708564379,235.1313964645568,4045200
2025-03-17,245.03065490722656,246.63856012330862,241.18525033594426,241.4274042017434,3233900
2025-03-18,239.19956970214844,244.64319829201617,237.4270017493164,244.58506895299217,4171900
2025-03-19,244.37197875976562,245.6989919406614,238.89930752742478,240.53626995837976,3853600
2025-03-20,235.68350219726562,239.05427959332684,229.77494244621485,236.5746265764589,7026800
2025-03-21,236.2162322998047,237.51418816540271,231.01477234389318,234.1046578272388,9580100
2025-03-24,240.65248107910156,241.0108788094196,238.25031914620294,239.5482601697944,4753300
2025-03-25,242.05699157714844,243.0256070132793,240.41034829170565,240.56533030866225,3133800
2025-03-26,242.48316955566406,246.3382693916831,241.69859346629215,243.36461309454512,4450100
2025-03-27,238.48280334472656,242.44443677038737,238.0178573127449,241.8729572334618,2889300
2025-03-28,236.3421630859375,239.8001272385543,234.47274241489586,238.54092423334626,3125300
2025-03-31,240.8559112548828,243.01591947952986,234.8795559523162,235.12170980467255,6795000
2025-04-01,242.48316955566406,242.75438067841245,235.84816310142304,240.24567040304112,4412900
2025-04-02,242.1344757080078,244.85628264144125,239.47078333430775,240.42971790960314,4080800
2025-04-03,235.8481903076172,242.74472784716266,234.91831293671584,235.09267140996582,5309600
2025-04-04,220.34063720703125,232.62268873054109,219.75947680818993,230.53047582295537,7407100
2025-04-07,218.69398498535156,224.99966595191222,207.76800439800232,212.3592467390292,7797900
2025-04-08,214.09304809570312,225.73580865773945,210.46074055920195,225.26118181887364,6850000
2025-04-09,227.9248809814453,228.88381552116545,208.40728713382546,210.30576498754306,7302800
2025-04-10,222.3456573486328,225.27087985453102,215.05198491927692,223.75014665520766,5656100
2025-04-11,228.08956909179688,230.12366751175452,220.36970253381276,222.51034924776627,4325900
2025-04-14,231.5572052001953,234.18215955117597,229.300329446743,232.24492866717213,3321500
2025-04-15,233.14572143554688,233.9496739828985,230.79199313201084,232.03181964891752,3363700
2025-04-16,231.0825653076172,235.66411165903418,228.4866685496327,232.7388892375425,4869900
2025-04-17,231.31503295898438,234.19182177552713,229.94928174711103,232.15772359699673,4635200
2025-04-21,228.80633544921875,233.25227667507139,225.61958244409593,230.59827988625483,4908900
2025-04-22,233.33944702148438,235.02484316044698,230.54984468307165,231.01477594282406,4232700
2025-04-23,237.77569580078125,241.51455170306207,236.01282352099778,238.27937992924691,7948300
2025-04-24,222.132568359375,225.47428848681656,217.39603971059142,223.92449795645922,15428100
2025-04-25,225.1159210205078,226.03610274504808,219.21705645782342,221.76450504935295,6700100
2025-04-28,228.74819946289062,229.2034498495523,224.7865663175893,225.5517659237394,3653500
2025-04-29,231.87684631347656,232.44832586782462,228.7288461779647,229.5618560357884,3426500
2025-04-30,234.23057556152344,234.8601696392413,226.98532196186943,229.30031210194696,5143000
2025-05-01,232.1383819580078,234.7633215469632,230.48204303775094,233.86251627411914,4243300
2025-05-02,237.843505859375,237.97911141929484,233.75594783620807,235.49945844939023,3731900
2025-05-05,241.35958862304688,241.96014024711903,235.99346558019386,236.0903330363051,4137800
2025-05-06,241.30148315429688,242.33790881012789,238.38595588622618,239.98416551299633,2900600
2025-05-07,245.41807556152344,246.48355839782326,241.02056821330874,241.6211050229153,3399700
2025-05-08,246.16392517089844,248.46921984754383,245.30185802805698,246.9969350331867,3637000
2025-05-09,242.98521423339844,246.69044925316737,241.46412135370147,246.21266397551852,2901300
2025-05-12,247.3632354736328,247.48023803637824,238.5486754166292,246.202910465572,4609500
2025-05-13,252.14105224609375,253.1063532358602,246.5734615651365,248.08479440330663,3521400
2025-05-14,251.3902587890625,254.05215653567575,249.83015508492656,251.1757441577875,3634700
2025-05-15,260.029296875,260.76059272775393,252.16054635780654,252.55059461781218,4856300
2025-05-16,260.1072998046875,261.2968754969148,257.9914041960323,259.70752119636086,3817900
2025-05-19,261.71612548828125,262.42793072765,258.46915570819516,258.8299532721492,3198600
2025-05-20,260.29254150390625,262.56442050309,258.9956937319325,260.7313010926758,2437900
2025-05-21,254.36416625976562,259.0249567951906,253.91564651756605,258.3619224360258,3753900
2025-05-22,251.92654418945312,254.754215568943,251.4780243929421,254.26668499466874,3091300
2025-05-23,252.18003845214844,253.38910460488142,249.41085382494424,252.13126754684401,2722600
2025-05-27,256.66534423828125,257.2113760741289,253.15511832461542,254.49094727147497,3284200
2025-05-28,253.7498779296875,258.39117804610567,253.45737151751902,256.5970692863016,2318400
2025-05-29,252.23854064941406,254.6176919470786,250.36641037584968,254.24716399402413,2295000
2025-05-30,252.5992889404297,253.63285117351361,250.68817779803854,252.2970224245183,9668900
2025-06-02,257.318603515625,257.39662506277233,250.8052028843962,251.41949610304982,2831900
2025-06-03,258.586181640625,258.9371893073759,256.0314968988849,256.78231289137887,2494700
2025-06-04,258.898193359375,260.3412943926936,258.18641785332346,258.29366028324864,2588600
2025-06-05,260.2048034667969,260.83861701770047,258.4887160820945,258.5862281481185,2658400
2025-06-06,262.1647033691406,263.4323007989335,260.85812491554367,261.30664474134403,2495200
2025-06-09,265.2945861816406,266.6499352669939,260.05851332542085,261.4138624107741,4331500
2025-06-10,269.3508605957031,270.55019642477174,265.7626429977855,266.3769362332475,5163500
2025-06-11,274.4991455078125,274.72342023667164,268.24900130272187,269.7993743852508,4656000
2025-06-12,274.0213928222656,276.0007654705475,272.8513077146161,274.5089233243695,3418000
2025-06-13,270.30645751953125,272.86111301237787,268.9511082162165,271.2717585513994,3243800
2025-06-16,274.8014221191406,277.4048480211976,271.72025561682165,272.3442791688674,3685300
2025-06-17,275.99102783203125,277.68765435205023,273.99216451309553,274.1384177243464,3069600
2025-06-18,276.14703369140625,279.7547715058249,275.88377791829,277.89240131570085,3534100
2025-06-20,273.962890625,277.034326826668,270.2869213637879,272.3150351528876,7677000
2025-06-23,281.9681396484375,282.358158106557,273.2218410769399,274.625931331371,3786200
2025-06-24,286.4632263183594,286.99949805336445,281.2173925203616,283.21625599429524,4219100
2025-06-25,283.8012390136719,288.774055832526,282.28014630529276,287.14569094578104,3862300
2025-06-26,284.6495666503906,285.6051371966508,282.933479427977,284.52280395219776,3621100
2025-06-27,282.4751892089844,285.809881231529,281.3245945912079,285.6636280299263,3562500
2025-06-30,287.42852783203125,287.4577784765993,282.76773667299176,283.674536411106,3495400
2025-07-01,283.93780517578125,287.7502679038568,282.8457117446523,287.204236066544,3272800
2025-07-02,280.476318359375,282.9529818754445,279.74502253725433,282.76771788665366,3257500
2025-07-03,284.6885681152344,285.02984542463213,280.7200626095112,280.75907338225693,1853300
2025-07-07,285.17608642578125,287.85750412468263,283.118692281608,285.2053370649638,4488100
2025-07-08,283.17724609375,288.2377856183762,282.2704166931503,285.7904025925806,2925300
2025-07-09,282.90423583984375,284.3278166838444,281.43188408797505,284.1230621890059,2971300
2025-07-10,280.26177978515625,281.69512066432236,275.17196010776036,281.69512066432236,3487800
2025-07-11,276.517578125,280.2618092370779,275.8643038413726,277.90217800162696,3790700
2025-07-14,276.71258544921875,277.82413957981896,274.68444178883993,275.7765054106584,2857100
2025-07-15,275.6497497558594,277.063570316842,273.72887844331103,276.6930423850053,2864100
2025-07-16,274.88922119140625,276.7905723634424,272.89032820767414,275.6985087608675,2804800
2025-07-17,274.9671936035156,276.39077428822463,273.89462058496804,274.47966311840304,3337200
2025-07-18,278.74072265625,279.9985598556275,275.18175545516306,276.31282994560655,4478200
2025-07-21,277.609619140625,280.5543225125818,277.28786209170653,279.15023224066226,3051800
2025-07-22,274.9281921386719,277.77538336096114,274.23590715819927,277.6388605373889,4824200
2025-07-23,274.97698974609375,280.89558799551696,274.42119777871943,277.20985823564496,8105900
2025-07-24,254.01315307617188,255.51472560593967,246.44667012128775,254.73468870103434,22647700
2025-07-25,253.24282836914062,254.29588109082465,249.95687776442946,253.53533474835888,7758700
2025-07-28,256.64581298828125,257.41611955665394,253.13558722484467,253.80838173602424,5192500
2025-07-29,255.8657684326172,259.17120985067226,254.51041931790502,257.7086183057892,4627300
2025-07-30,253.76937866210938,255.46597523510235,252.44328026384514,255.07595679673034,3718300
2025-07-31,246.83670043945312,253.5061144934517,245.9299007986972,253.09660551346602,6739100
2025-08-01,243.81402587890625,245.20835608088353,239.4847523058627,245.1401095420164,9683400
2025-08-04,245.69589233398438,245.79340439549216,241.92241063000947,244.78909265061898,5280600
2025-08-05,244.41854858398438,246.49543335574293,242.79019843608825,245.71538154977605,5823000
2025-08-06,245.9884033203125,247.9775362169086,243.06322013681907,245.25710752443914,3692100
2025-08-07,243.92127990722656,248.64057189716104,242.67320293266954,246.50518578152406,6251300
2025-08-08,237.82521057128906,244.90292430300119,237.21657518257962,244.31394115828027,6828400
2025-08-11,231.96475219726562,238.68907047204152,230.39410042188322,237.79577706640265,9382000
2025-08-12,230.4628143310547,233.5942916364613,229.0786791933746,232.19051923317616,8792800
2025-08-13,235.66558837890625,236.42145087074684,231.86657873812558,231.86657873812558,5663600
2025-08-14,232.75987243652344,234.61519703568533,231.29720326345674,233.87895687762355,4556700
2025-08-15,235.32199096679688,236.20547317312173,232.42611598068257,233.2507013704317,4344300
2025-08-18,235.0569305419922,236.99078915967488,234.73298308544776,235.1747391490908,3569600
2025-08-19,236.85336303710938,238.37492900769956,235.09620980526518,235.5968477142741,3328300
2025-08-20,238.10006713867188,238.42401460163373,235.93060624265857,237.66813718805608,3240100
2025-08-21,235.0078582763672,238.05099032985373,234.27161810008928,237.76631738571797,2991900
2025-08-22,237.64849853515625,239.2093240467099,235.81281123460616,236.32327526224705,3134900
2025-08-25,235.03729248046875,238.1196988785558,235.03729248046875,238.1196988785558,3513300
2025-08-26,238.17861938476562,240.48549637318322,235.96989876970994,236.59815647883863,5386600
2025-08-27,240.34805297851562,241.44751514649494,237.56016047529846,238.41419427551244,3698400
2025-08-28,241.2217254638672,241.3689824853932,238.89521131643363,240.92722639965982,2820800
2025-08-29,239.0228271484375,240.95668583107468,237.2852961791004,240.7308947308774,2967600
2025-09-02,237.0693359375,237.11842161151685,233.8789618513846,236.48033780698697,3469500
2025-09-03,239.62164306640625,239.76888511076032,235.01768541423544,235.61649469268326,3163200
2025-09-04,242.64512634277344,244.70660486614454,238.39457949423456,240.91742142276422,4765100
2025-09-05,243.97036743164062,244.46119423047767,240.94687255334293,243.67586835656934,3147500
2025-09-08,251.39166259765625,252.43221299952648,242.48807238452088,244.06853525307235,6940300
2025-09-09,254.35623168945312,255.87781263503277,250.20385643192913,251.4210972222422,4931100
2025-09-10,252.16717529296875,255.30844876027007,249.88973180773473,254.88634491260825,5185400
2025-09-11,252.29478454589844,253.80650941983788,250.96954628248324,252.83468200692133,3576000
2025-09-12,248.790283203125,252.53038090859633,247.7988035108619,252.2358968206417,3433300
2025-09-15,251.53890991210938,254.2973541428395,249.34001542552633,249.35965269168375,4028400
2025-09-16,252.79541015625,253.26661464267875,249.7424820105967,251.55854706061876,2719900
2025-09-17,254.32679748535156,256.17231101740185,252.29479733332508,252.77579800325884,3974800
2025-09-18,260.13818359375,260.3639746888066,252.08861272211342,254.11081658286867,4988400
2025-09-19,261.5124816894531,262.95551350672105,258.80313844957084,261.1688969791157,9858100
2025-09-22,266.3913269042969,267.3140836650484,261.1198519790037,261.7284724046718,5030500
2025-09-23,267.2453308105469,268.2858810910581,264.3298188093482,267.6969129758151,5394100
2025-09-24,262.62176513671875,268.6294798888494,262.3959740422398,267.6183779610586,3159900
2025-09-25,276.27655029296875,279.01537181582387,266.17532787037425,267.9324959399308,11506200
2025-09-26,279.09393310546875,283.5506488453841,274.97097599521186,275.36366140204814,9063900
2025-09-29,274.6666564941406,280.7529206021583,274.5292405725437,280.7529206021583,6022100
2025-09-30,276.9833679199219,280.7725362248588,275.3734417260372,275.72685258032186,5926900
2025-10-01,281.2339172363281,281.33208858331386,275.01023729585177,275.0593379481891,4381300
2025-10-02,281.459716796875,283.24633350956304,277.60182540168165,280.5467861536198,3814200
2025-10-03,283.07940673828125,287.93860340450937,282.02903033409825,282.22537301144166,4375100
2025-10-06,284.1101989746094,286.1029545904827,282.51989497321676,283.3150319950678,2881900
2025-10-07,288.478515625,295.5169845568803,287.90916976380413,290.12768635158943,7190100
2025-10-08,284.1494140625,288.80247202930576,281.21427968044117,288.7631975011062,5297000
2025-10-09,282.9420166015625,284.80715237546167,278.12209402332627,284.50284216824235,4912400
2025-10-10,272.7229919433594,285.06238405276287,272.408855622706,283.6684228534187,4508500
2025-10-13,272.1340026855469,277.2582354968816,269.60134966738804,274.6568595392773,4333800
2025-10-14,271.0836181640625,272.43830483791817,267.5496594404583,270.4651716427207,3058100
2025-10-15,275.5992431640625,280.2130269828325,271.91804223132795,273.27272896780465,3346800
2025-10-16,270.90692138671875,277.3760144473806,270.5437143798629,275.95260486937417,2956900
2025-10-17,276.1195068359375,278.20060754979136,270.2983085271939,271.0836193769804,5309600
2025-10-20,278.4460144042969,280.2620794042332,275.80536404411833,276.0900519525064,3494300
2025-10-21,276.8753662109375,280.0755663058625,276.4336400969587,278.11225924545465,4081000
2025-10-22,282.2352294921875,283.864778024829,276.1882398633206,276.8164825745629,10538500
2025-10-23,279.771240234375,280.3405860682067,258.724587344339,260.08910005359274,16676400
2025-10-24,301.8191833496094,305.0488318236829,277.0324319303077,278.5638090273208,16914200
2025-10-27,307.3459167480469,307.748398312054,297.32324205241673,302.15296090512254,9868200
2025-10-28,306.8354797363281,313.49109009340054,305.69675794018974,306.8649281466726,6044800
2025-10-29,302.5554504394531,308.5631657332573,301.87810705263297,307.051440744946,4135900
2025-10-30,304.3714904785156,307.9937943932537,299.4239483095119,301.02404835329503,4694300
2025-10-31,301.7701110839844,307.7483774041862,296.09615495726416,306.27589712952505,7697500
2025-11-03,299.1393127441406,306.413369525553,298.64848594343283,302.34930923600103,4958000
2025-11-04,295.3304443359375,297.6078875136797,290.5694191455626,294.49603291779994,5677300
2025-11-05,301.141845703125,301.5639794931993,294.2113741068316,295.8507487001349,4650400
2025-11-06,306.6882019042969,309.6527847113071,295.56605089128925,301.122213337027,6818500
2025-11-07,300.759033203125,304.3126144234849,297.07783222219575,303.9984780832666,5070800
2025-11-10,305.1317138671875,305.93123490810245,300.29509654775313,302.85159384341324,2975200
2025-11-11,309.662353515625,313.7981625561499,304.44076582671687,305.0034006885424,4381900
2025-11-12,310.90606689453125,320.69774497784783,310.4618751348558,315.75256468416535,6042700
2025-11-13,300.91693115234375,310.53097463088665,299.7522004830535,308.25085454395617,5310200
2025-11-14,301.7362365722656,303.7399795374244,293.74099518927125,296.11982808966894,3592500
2025-11-17,293.326416015625,302.0421955279432,292.6749488418995,301.63749485383204,3909700
2025-11-18,286.1997985839844,293.15860183082305,286.170187808916,293.15860183082305,4861900
2025-11-19,284.79815673828125,287.34477380860125,284.34411480477047,286.7426779970831,3595900
2025-11-20,286.6439514160156,296.82059914810276,286.4070652227362,290.82913160875,5597000
2025-11-21,293.5929260253906,296.593615228322,288.11472153988643,289.6841529323667,5710900
2025-11-24,300.1865234375,303.20694315205225,293.66203128138983,295.3104147222967,6050600
2025-11-25,300.5418701171875,302.04219961089285,293.21782705556905,300.19639098848455,2825300
2025-11-26,299.28826904296875,302.6344371929437,297.7385983390378,301.2327902394087,2196400
2025-11-28,304.5888366699219,305.18108234046827,299.67326688697915,300.12730884782275,1689000
2025-12-01,301.7164611816406,303.14768873063736,298.8835566114094,302.5455929621246,3166600
2025-12-02,297.8768005371094,306.4544071855833,297.6695250946287,303.0292866816932,4261100
2025-12-03,298.7059326171875,300.0384778511314,295.0439258910233,298.96257943756865,3953400
2025-12-04,304.0064392089844,305.60548126466074,298.62694773296596,298.96254654884814,2962500
2025-12-05,303.9571228027344,307.79679408541966,303.2069429630583,304.598709712679,2344700
2025-12-08,305.1810607910156,311.27127130779166,303.9669888811331,305.61537224389093,3630200
2025-12-09,306.4642639160156,309.90911463234374,304.75662888402957,305.6252517876326,2935300
2025-12-10,308.6259460449219,310.61980856314165,302.6837893197764,306.2175025438153,3411500
2025-12-11,306.72088623046875,309.3859765406959,304.4111553522753,307.96459905829,2755700
2025-12-12,305.24029541015625,307.02688254934895,299.40673144473857,306.5531101243747,2953400
2025-12-15,304.6678161621094,307.33287647197665,302.38769595486997,304.99353471048676,3566700
2025-12-16,299.2586669921875,303.4043563014791,296.53438527621074,303.345134750449,3366900
2025-12-17,299.3968811035156,302.2889773965484,299.1599647682932,299.86080335129185,3131000
2025-12-18,296.5639953613281,300.51225940941845,291.8754318042209,299.2290555200706,5411700
2025-12-19,297.0871276855469,302.891050309204,295.23143883485125,296.4652713022964,11031000
2025-12-22,298.87371826171875,299.258658332275,294.4615321004711,297.1364724874704,2612100
2025-12-23,299.8509216308594,301.1834668147855,296.7614000935896,297.44247807375484,2923000
2025-12-24,300.6208190917969,301.20318441810247,298.3900402884613,299.8311783395197,1210600
2025-12-26,301.1439514160156,301.79541856715923,299.7423346155943,300.7491310548911,2814700
2025-12-29,301.7855529785156,305.9904638304702,299.821301253243,300.7096546397909,4664500
2025-12-30,298.1432800292969,302.2790890731558,298.0939387773206,302.19025674587976,1883700
2025-12-31,292.3788146972656,297.94588145853476,292.043215868254,297.8570491322844,3430100
2026-01-02,287.729736328125,293.7212341219749,285.2620713510399,293.71135382275025,4662800
2026-01-05,291.15484619140625,295.3202657298563,290.4441574983056,291.9444869069126,4190000
2026-01-06,298.557861328125,299.1204961909983,290.61199188822445,291.18447692778483,4147300
2026-01-07,292.8921203613281,300.37406777905517,292.5170304420286,298.58748063533085,2833300
2026-01-08,298.80462646484375,299.7423512320026,291.1844755935488,291.1844755935488,3343300
2026-01-09,300.2852478027344,303.0292903343983,298.093959872926,298.69605573024967,2718800
2026-01-12,308.14227294921875,308.2903268324771,296.08032458630623,298.70592389992686,3895200
2026-01-13,299.2389221191406,308.76410267448443,297.96559858752744,307.56976128902085,4507800
2026-01-14,305.03302001953125,305.1909542021679,297.60041387299106,299.57454597165105,3779000
2026-01-15,294.0963439941406,307.84616695090483,293.19811026672704,305.00341188455536,4932500
2026-01-16,301.7164611816406,303.4734373618509,296.88969424330713,297.10684995649547,6199600
2026-01-20,287.5816955566406,297.6991224236518,286.40708456420236,297.45235591470026,7275500
2026-01-21,293.691650390625,293.81997380090775,288.7267092044669,288.9734757248979,5185000
2026-01-22,290.8587646484375,297.03777760476703,289.7334948984941,295.54732836080484,3670200
2026-01-23,288.6575927734375,290.5330122094406,286.04187381352284,290.2665152250637,3298400
2026-01-26,292.4972839355469,292.98096680772693,289.3485707919891,289.368301269742,3726900
2026-01-27,290.0592041015625,293.4843243713551,289.47683876867563,293.3165400179604,2954900
2026-01-28,290.3553466796875,292.12220330584324,287.4928612204138,290.3652269792933,5790300
2026-01-29,305.24029541015625,315.7624231091951,299.54493515059954,313.7487999344587,10124900
2026-01-30,302.733154296875,303.799172322983,295.85330307087577,303.6215076724423,5940700
2026-02-02,310.6593017578125,312.5446014855577,302.44690517744965,303.532683832547,4581200
2026-02-03,290.5033874511719,308.93192263348726,280.1786856890255,308.3594074937471,11466500
2026-02-04,285.3114013671875,287.6408926777202,275.3519095265745,287.6408926777202,8708000
2026-02-05,286.14056396484375,288.0357137283885,281.41250960911657,282.3995755634643,5532800
2026-02-06,295.0636291503906,296.01123418921753,286.90060425762084,288.7168020644106,3744300
2026-02-09,292.50714111328125,293.8692970422217,287.65079315768804,292.08270995364455,4627800
2026-02-10,289.62835693359375,295.43559151114187,288.20878175534256,292.83473856500086,3837300
2026-02-11,270.8168029785156,291.3556408691464,270.3700786344661,290.2041123840205,7628200
2026-02-12,257.6238708496094,269.31780200173444,255.34068734461837,268.32510825267593,12565400
2026-02-13,260.4630126953125,262.72635342229563,254.76495978935756,258.1003965261278,6842600
2026-02-17,256.4227294921875,258.7952821826409,252.78946659930781,257.30624150332676,4929700
2026-02-18,258.8846130371094,259.20225201503723,254.37777490364303,256.7503275212299,3949200
2026-02-19,254.40756225585938,256.39294982779353,251.65779622748514,254.129609207573,4948700
2026-02-20,255.28114318847656,257.1474123938344,251.94569138916975,253.335456660837,4708600
2026-02-23,221.71815490722656,253.32552024133855,219.1073655001113,252.51150409641878,19522900
2026-02-24,227.64454650878906,234.8614194343222,221.99611643710978,226.13564771128213,13379800
2026-02-25,235.80447387695312,237.7997980693716,229.5306570628724,231.51604462321396,8569700
2026-02-26,240.2418212890625,245.68179422374374,237.2041806820508,237.9586376649671,7343100
2026-02-27,238.45498657226562,238.45498657226562,232.85619409428114,236.33062242647412,6642200
2026-03-02,237.62110900878906,239.0208108959569,232.07195432666467,233.97792459656534,6220300
2026-03-03,243.48793029785156,244.29200983988454,232.57822015103955,234.6231820712445,6960400
2026-03-04,248.23300170898438,249.01723826979514,243.1702725702377,243.95449398374365,6085000
2026-03-05,254.6755828857422,258.4776171138843,247.18075679552925,247.49842608300114,9894600
2026-03-06,256.95880126953125,257.504770752482,250.3673149130961,254.56640552887535,6234400
2026-03-09,251.47911071777344,256.1943909057053,249.7319751623786,253.51413594454695,6126600
2026-03-10,248.37197875976562,251.58831203452638,244.74865255037952,251.40961927894278,4938000
2026-03-11,247.05169677734375,251.86626768087837,245.39389997842179,248.1833670833811,4008500
2026-03-12,245.87039184570312,248.22308643974137,243.84530316895786,245.2946427743001,5547700
2026-03-13,244.48062133789062,247.89549034246835,242.92209999001707,245.86046507723168,4338400
2026-03-16,247.42892456054688,250.35736818084962,244.30194521378894,246.0590022975876,5674200
2026-03-17,254.23878479003906,254.5167681261647,248.17344044692865,248.6797088124107,5840100
2026-03-18,249.7617645263672,256.3929517968472,248.33228304002762,252.3030582143908,5177000
2026-03-19,248.54074096679688,250.34745094701873,246.43623496548807,247.60760637457724,4249500
2026-03-20,240.0035858154297,248.45140465489388,240.0035858154297,247.1807577944818,11314100
2026-03-23,246.62484741210938,249.51358997403102,242.92210381964344,244.69901903749496,4972000
2026-03-24,238.8321990966797,245.30456695159515,236.261125775069,244.64938540442864,4151500
2026-03-25,239.62635803222656,244.3912913465502,236.2611266244346,241.8202180156964,4207900
2026-03-26,239.904296875,244.86776562769327,238.04796440863018,238.80240620600992,3606800
2026-03-27,234.61325073242188,237.69060759332467,232.04217740741072,237.10492188249458,4853700
2026-03-30,235.5166015625,238.45498184427947,234.4047893653805,236.06258617619443,3882600
2026-03-31,240.61904907226562,241.07569488412378,234.65296479978818,238.51454306781002,4750300
2026-04-01,241.3635711669922,244.46077099177765,238.38548975168146,240.35101924454102,4228700
2026-04-02,246.34689331054688,246.3965310292558,239.7256275825532,241.22458974481006,3350900
2026-04-06,244.93727111816406,247.08147819191652,242.9518835388082,246.32703636479113,3376000
2026-04-07,243.27947998046875,243.96442598758347,239.3384843317571,243.52765343367577,2356100
2026-04-08,239.9738006591797,248.1734458572742,239.04066607918753,246.81346022111396,4771500
2026-04-09,235.4470977783203,239.9737940294344,232.05208695046323,239.1200767933788,5078600
2026-04-10,229.07400512695312,237.5218386643363,228.82583168855396,237.44242134637202,5869400
2026-04-13,236.0824432373047,236.33061668357348,230.00714697247665,231.92305385427053,5349600
2026-04-14,238.51454162597656,239.77525183565584,236.38024088496445,237.005642821012,3777300
2026-04-15,243.01144409179688,244.2622328207055,239.22928315569456,240.48007188460318,3879500
2026-04-16,249.1661376953125,249.38453153774617,244.3317238548956,246.9325767000358,4817500
2026-04-17,251.6180877685547,253.78215288785026,249.20583406273408,252.80931724735163,5671500
2026-04-20,251.85633850097656,256.6113349085492,250.71473159772017,253.13690677632513,5157700
2026-04-21,253.8119354248047,256.204331041917,250.0297745909036,252.14421716465813,5584900
2026-04-22,250.0198516845703,255.6583601334188,245.40383174684385,252.65048409685662,12190200
2026-04-23,229.3916778564453,231.20830927058608,220.10998506149048,230.5729858646001,22297800
2026-04-24,230.28509521484375,231.09911137232473,223.35609698086063,230.23545749716484,9816900
2026-04-27,226.38381958007812,229.62993248223347,225.46060648799136,228.26993170333623,8060700
2026-04-28,231.3373565673828,231.85356158480724,226.79083229143535,228.81592097932304,5162900
2026-04-29,225.44076538085938,229.78875387342674,225.162812331921,228.65708356066193,6443700
2026-04-30,229.2924041748047,229.90788461618752,223.25682419811181,224.8749199003804,6283300
2026-05-01,230.5034942626953,234.22609596315004,230.05678508810178,232.83633072056898,3582100
2026-05-04,227.80335998535156,232.37967882849586,226.94964274517807,230.30495250379326,4003100
2026-05-05,227.35665893554688,229.31226692587666,225.49038975152328,228.47840777240853,4221900
2026-05-06,224.0906982421875,227.32687449595605,222.74063410217084,227.07870105218316,7673200
2026-05-07,229.6199951171875,230.12627863769495,225.74849544609805,225.83783425066818,5485500
2026-05-08,229.75999450683594,230.7100067138672,224.8300018310547,229.72999572753906,5332800
2026-05-11,223.5500030517578,230.22999572753906,222.5500030517578,228.66000366210938,6677200
2026-05-12,219.22000122070312,224.42999267578125,219.22000122070312,224.42999267578125,6045200
2026-05-13,214.63999938964844,218.30999755859375,212.33999633789062,218.27000427246094,8361200
2026-05-14,218.3699951171875,220.9600067138672,215.0,215.5500030517578,5906200
2026-05-15,219.3000030517578,220.91000366210938,217.6199951171875,218.1999969482422,6154500
2026-05-18,222.75,223.3300018310547,217.75,218.5500030517578,5946400
2026-05-19,222.3300018310547,227.35000610351562,221.9199981689453,224.5,5937800
2026-05-20,225.0,225.0,216.77999877929688,221.0500030517578,4873400
2026-05-21,252.97000122070312,253.6300048828125,230.94000244140625,232.5800018310547,25707800
2026-05-22,253.83999633789062,264.3800048828125,253.38999938964844,262.04998779296875,19072900
2026-05-26,250.69000244140625,254.5500030517578,245.4499969482422,254.5500030517578,9256100
2026-05-27,255.1999969482422,257.6199951171875,250.4600067138672,250.4600067138672,9275500
2026-05-28,264.2200012207031,268.8900146484375,257.0,261.0,12432900
2026-05-29,297.79998779296875,301.0,273.3299865722656,277.29998779296875,28436500
