Price,Close,High,Low,Open,Volume
Ticker,MA,MA,MA,MA,MA
2021-01-04,340.5793762207031,347.0132779245702,336.5775709748729,346.88730852821726,4638400
2021-01-05,336.6357116699219,342.0424892827895,334.71716241617986,337.9728501034381,2990700
2021-01-06,336.76171875,343.0405842770351,333.8645405432965,339.5426561678312,3966800
2021-01-07,339.42974853515625,341.86492837634546,337.9938901364315,338.54690405863914,3100200
2021-01-08,343.3006286621094,344.39694455858927,339.07059852777365,340.8848432310442,3371500
2021-01-11,337.8191833496094,342.8835615450168,337.42140305825836,341.6125891172665,2403000
2021-01-12,332.69659423828125,337.62513198816424,326.011990488054,336.73254677273405,4858100
2021-01-13,336.00494384765625,339.33270868225105,333.96757426895493,339.18715690568746,4125700
2021-01-14,317.1832580566406,339.1579897117279,316.9504226296496,338.2945385981293,8712200
2021-01-15,313.6227111816406,319.861007521849,312.28384816203805,317.77511104697015,7911500
2021-01-19,316.2228698730469,319.31776991405934,314.98103123896874,317.2415547559616,4625200
2021-01-20,324.9254150390625,327.85536987155757,319.3177339254727,320.15208074768907,5081000
2021-01-21,324.4693908691406,326.81722717771646,321.85958508266776,324.4402864391256,3484900
2021-01-22,319.1818542480469,325.1582105184797,319.1042523051048,320.5401399155064,3846600
2021-01-25,319.37591552734375,320.11326724794895,307.77248531276825,317.7460081944126,6257700
2021-01-26,317.93035888671875,320.68568699568476,316.10640220427666,320.16177761486836,3503100
2021-01-27,306.0843505859375,313.37046594033495,303.7850116566825,310.8091575178267,7449400
2021-01-28,314.6122741699219,319.19155850358464,312.3808556648249,317.33849757453834,6906400
2021-01-29,306.8605041503906,315.97054615777336,303.06706881392677,314.1465895655337,7627200
2021-02-01,311.973388671875,313.8749472632767,308.1120330188609,311.34277292351743,4930700
2021-02-02,324.4015197753906,326.13816331656744,313.8070911373352,313.8070911373352,5686000
2021-02-03,322.8977355957031,325.98292402075,321.19990786642836,323.8873159562561,4036800
2021-02-04,330.66888427734375,333.0167502856518,325.07091489492007,325.37167055277695,4537500
2021-02-05,328.6509094238281,334.0645408970321,327.3314690619267,332.30850445810444,2964800
2021-02-08,326.98211669921875,331.30914234003376,325.5268362291559,329.86357321425356,2652800
2021-02-09,323.4991760253906,326.19629487096813,320.16173016654886,325.9343550232616,2993300
2021-02-10,324.246337890625,325.4687835465181,322.3447787875022,325.01279426279376,4246300
2021-02-11,332.6481018066406,339.1677613920213,330.10621591727545,335.1996990431114,5110800
2021-02-12,330.8338317871094,332.8906238926493,326.66203871325115,331.1539805323907,3025100
2021-02-16,331.03753662109375,333.74436695722807,327.99116448153154,332.9682291097343,2916900
2021-02-17,327.2731628417969,330.23225091268273,325.82759370766115,328.932203904843,2267000
2021-02-18,328.36956787109375,329.8151670047886,322.9171202712023,324.51792330983983,2393700
2021-02-19,323.2372131347656,328.8933902704099,321.131894334825,328.35008792353955,4095800
2021-02-22,330.50390625,333.8607449724853,318.96836863350876,320.1617092996912,4940300
2021-02-23,339.97296142578125,343.7178692528037,328.32100540068933,330.4942149331476,6326600
2021-02-24,356.369140625,357.7953168781146,340.11850633760605,342.3499248742631,7467400
2021-02-25,343.9992980957031,356.3691854525592,341.70964080459237,353.6914591855314,5207500
2021-02-26,343.3006286621094,348.67547219315276,336.7712603912114,346.43431329221175,4868500
2021-03-01,352.0809631347656,355.52514579374883,348.4718652161218,349.92714615738515,4382900
2021-03-02,352.0033264160156,355.6803145802225,348.6270643069166,351.20776580749447,3559200
2021-03-03,349.5098571777344,354.53541859423405,344.8529715483787,349.2673104343772,3692300
2021-03-04,339.0804443359375,350.84882043167755,334.40413467871696,349.3644351214703,4572000
2021-03-05,350.1211242675781,351.0039980786911,336.0922271365344,344.3388174602095,4643200
2021-03-08,360.2596740722656,371.05786456724314,351.00410759751617,351.59590769955287,7213300
2021-03-09,365.2947692871094,375.7728058114983,361.60807082585995,363.82009582416066,5832800
2021-03-10,370.32049560546875,372.5519145002545,361.87985444946594,365.37253456945905,4509500
2021-03-11,372.92059326171875,377.8879474225596,371.1936610791176,374.0071982834319,3729700
2021-03-12,371.30035400390625,372.4839836327278,367.9338030634867,369.7771825239372,2467500
2021-03-15,370.37872314453125,376.29684214845577,367.35174342386716,371.8825016571152,4216200
2021-03-16,370.98016357421875,373.7937003605152,367.40017065664534,371.2906305650856,3445100
2021-03-17,367.39044189453125,373.61905606957055,364.664218527198,370.4659480119724,3240900
2021-03-18,356.0586853027344,364.2858830224748,354.15712677221745,363.84928696033387,7205200
2021-03-19,345.8814697265625,355.36018860315943,339.70138161421943,353.92430079877727,12224300
2021-03-22,347.7150573730469,350.8681655083913,343.446239972902,345.3284053515439,4140400
2021-03-23,344.67840576171875,348.58825910544226,342.97089637407055,348.58825910544226,3756300
2021-03-24,348.9278259277344,354.1086221025246,345.3866485147956,346.43443767950293,3550000
2021-03-25,347.67620849609375,348.7531314912063,343.59172940597836,347.3366667231316,2961800
2021-03-26,355.224365234375,355.68032480726305,346.6090979279485,349.19948124171316,2741200
2021-03-29,352.090576171875,354.4578348773016,347.9187542071113,353.38091188542523,4054900
2021-03-30,347.5209655761719,353.70105150135333,346.45375404572536,350.02403479507825,2885800
2021-03-31,345.43511962890625,350.7226513892206,345.17317975969195,348.86959039741384,4372600
2021-04-01,352.4689636230469,352.56598825515954,344.6492579204947,346.39561247523943,3701800
2021-04-05,357.33935546875,359.4737495372759,353.4779997662858,355.8646519804905,2180300
2021-04-06,358.5521545410156,359.6969685352768,351.69292270812633,354.0213664817436,2661900
2021-04-07,360.01702880859375,362.8111724929298,357.9990525964409,358.1348930069836,2958300
2021-04-08,366.91351318359375,368.438522232002,362.06654199976344,362.3093767026473,3528400
2021-04-09,369.1864929199219,369.44877340635605,363.70815668818744,365.3011371425823,2429300
2021-04-12,368.9533386230469,370.0218172675043,365.3982349385297,367.24377279191503,2896600
2021-04-13,367.29248046875,369.20601979526487,366.0005827888874,368.1958187711715,2652800
2021-04-14,367.4769592285156,370.0315854137066,364.83491609484327,366.1947846982969,2317400
2021-04-15,375.41278076171875,376.26756377935965,370.0510004368518,370.2452800837383,2942200
2021-04-16,375.1018981933594,377.9479136170397,372.67355131795165,377.8507738134422,2725500
2021-04-19,371.20684814453125,376.6269057338412,370.3909270903829,373.86830703374676,3360900
2021-04-20,365.8353576660156,370.38121639267627,362.85334026715674,369.2933216180473,3135900
2021-04-21,372.11993408203125,373.0912729704506,365.8742321437934,367.73918620952867,2466300
2021-04-22,372.3724365234375,378.33647111831453,371.0417070803411,372.1004628390303,3713700
2021-04-23,375.9664611816406,378.70564420463523,372.4696349440851,373.33414086017945,2294800
2021-04-26,376.3646240234375,381.6778481345992,376.0052334313089,376.71429174240393,2255000
2021-04-27,377.9188232421875,379.2398298837013,375.0728074524976,377.0931792697864,2270000
2021-04-28,384.3102722167969,389.9926113367116,379.50216191757215,379.50216191757215,4065300
2021-04-29,377.8023986816406,381.1438079451585,372.8097008991687,380.2793018171513,4637100
2021-04-30,371.10968017578125,373.96541847007614,364.8445333858084,371.88673931803714,4043200
2021-05-03,368.5259704589844,375.78187318295886,366.0490681364219,374.42200465992636,3344100
2021-05-04,365.13604736328125,367.37011520805,360.93013288960805,366.26280416140645,3321200
2021-05-05,358.56005859375,368.75911712393935,357.48185699195915,367.09810624898404,2993900
2021-05-06,364.7183837890625,364.96121854265635,355.21868941418927,360.5027760238237,3787300
2021-05-07,364.640625,367.7877832610919,362.853364942582,366.44733080730055,2935900
2021-05-10,355.8403015136719,365.22343917297815,354.93696341937795,365.0194662968596,3193700
2021-05-11,357.0739440917969,358.35611878854263,348.9729797416752,350.6631298939005,3073100
2021-05-12,346.3988342285156,354.90777150682436,345.4469411866514,354.2958233268217,3293200
2021-05-13,349.7013854980469,352.44056803925986,347.66159772424487,349.03115935194353,2626000
2021-05-14,353.4799499511719,354.25700923004433,351.129296721779,352.6251669586654,2959700
2021-05-17,352.8874206542969,353.6256477252439,347.7976141577548,351.91608172638206,2511600
2021-05-18,352.6640319824219,359.2399858587391,352.47947521452284,356.48138685818486,3421200
2021-05-19,350.6339111328125,350.79902213840796,345.1846847328819,347.0885005918353,3577900
2021-05-20,357.1612854003906,358.8222664334168,352.1005889550762,352.53770326830244,4087500
2021-05-21,357.06414794921875,361.8528411073957,356.92814628895036,358.5600179976327,2708700
2021-05-24,361.7071838378906,363.028190511515,359.0457247412053,359.473086585152,2351500
2021-05-25,356.695068359375,363.0379101251427,356.3065387319703,362.43568475622885,3916300
2021-05-26,352.2560119628906,359.3079411780906,351.67320275088184,358.42401930774366,3101900
2021-05-27,351.62469482421875,355.8985802139418,350.20654827770545,354.1015972537992,5416300
2021-05-28,350.2453308105469,354.9369138058607,350.0899426885943,353.0816531441579,3624300
2021-06-01,349.4780578613281,354.92725527852036,349.2352231177546,354.033640022201,3119700
2021-06-02,356.3357238769531,360.53191553953377,352.47950679848736,353.1108712301783,3531000
2021-06-03,351.4498596191406,356.1802754768457,351.36244267237805,352.94570023207154,2605900
2021-06-04,355.5294494628906,356.12198159946496,353.2759657691331,353.868468262797,2295200
2021-06-07,353.6450500488281,360.7067027510003,352.86799079394723,357.25843190555406,2133400
2021-06-08,354.7911682128906,357.1417911685777,352.8193519200541,354.53861067572126,3224200
2021-06-09,352.91656494140625,358.73490536425646,352.91656494140625,356.4231139382028,2520900
2021-06-10,353.85870361328125,355.16032365657543,351.5857744386133,354.237539963846,2460200
2021-06-11,355.0243835449219,356.3356970461052,353.3730954852225,355.06324540264393,2708300
2021-06-14,356.0151062011719,356.1219688894561,351.72180506526047,355.51002066839095,2515300
2021-06-15,357.5693359375,358.18128429828636,352.3435269654137,356.8116926438874,3562500
2021-06-16,353.39251708984375,358.7931588706402,350.9447241501048,358.7931588706402,3081000
2021-06-17,356.7630920410156,358.56976826344624,350.8767803623235,353.08170911229155,3824900
2021-06-18,356.88934326171875,359.76449803787773,351.6246735050337,351.7412294274184,5009400
2021-06-21,362.3968505859375,365.66056491987143,355.7043405371042,358.0549642303703,3094600
2021-06-22,367.2049865722656,367.90435180505654,361.35750709609596,363.27104602172443,3582700
2021-06-23,364.3880615234375,367.8654414786799,363.5624175925084,367.166076338034,2241800
2021-06-24,364.0093078613281,369.1671158294377,362.21232469580457,368.13749881105633,2788200
2021-06-25,368.72991943359375,368.7687812868509,362.62991276019534,364.6891759821054,3983900
2021-06-28,357.14190673828125,370.00245490734244,354.6552813370244,370.00245490734244,4800300
2021-06-29,357.45269775390625,360.74555069279006,357.3652808143221,358.4337594807553,3394300
2021-06-30,354.6260986328125,359.5605166109266,353.8295936582722,357.404143169433,2884900
2021-07-01,360.08502197265625,360.5706914046552,355.1214946062235,355.55857930927675,3108500
2021-07-02,364.28118896484375,364.7279965128131,361.48372847808173,362.00825973007653,2786500
2021-07-06,365.3399963378906,367.3992301420076,360.85241519063345,365.85480478891986,2740500
2021-07-07,363.2029724121094,367.31171605867564,361.77510336622856,365.9907096819472,3176600
2021-07-08,360.00360107421875,360.3925884649976,355.58851851039856,357.3876185803156,2809000
2021-07-09,362.6778564453125,363.2030056388887,359.7117948061831,361.61785340790294,2404800
2021-07-12,365.2257385253906,365.7217143868147,361.84148676583027,364.6811503817135,2648300
2021-07-13,373.15155029296875,376.00094885267345,365.2160831831192,365.2160831831192,5161000
2021-07-14,380.0464172363281,380.85359490033346,372.4416212765868,372.4416212765868,4140500
2021-07-15,379.49224853515625,382.4777503379472,376.78874558054287,379.4047285811175,3773000
2021-07-16,376.4676818847656,382.6332216517339,374.7269286920594,382.3317542417687,2706500
2021-07-19,355.39404296875,368.1821927560824,353.37126103329643,367.598696825554,6814400
2021-07-20,364.08795166015625,366.2371309400081,355.2188811119795,356.90128751096756,3542200
2021-07-21,369.6020202636719,370.4189027177392,364.7298691748685,365.6829135435319,2393100
2021-07-22,371.6441955566406,372.32491601244004,366.674790807923,369.8353613123837,4180300
2021-07-23,382.438720703125,383.64459027323807,374.4935205662175,374.4935205662175,3720300
2021-07-26,381.99139404296875,382.07894364859635,377.5860462769484,380.8925129420961,2285800
2021-07-27,379.53106689453125,384.40321798230826,375.27161474447144,379.2685070736553,2783800
2021-07-28,372.88897705078125,380.95087144462593,371.809505218634,380.84388285542815,3372600
2021-07-29,378.1112060546875,383.87802454344614,376.83725538490324,376.83725538490324,3774000
2021-07-30,375.3201599121094,378.2959560611402,372.5388425918868,378.2959560611402,2533300
2021-08-02,364.93408203125,379.24903697763835,363.51423508654216,378.58772579773523,3430300
2021-08-03,357.4847717285156,366.30520003112355,349.6757340981168,366.295465703811,6328500
2021-08-04,357.8835754394531,359.09917951931016,353.42958547126995,357.1736519727964,3203200
2021-08-05,361.7054443359375,361.72488331809745,356.90137441508796,358.06836625706165,2562400
2021-08-06,364.22412109375,365.167430957371,360.79125668491247,361.1997126752543,2038500
2021-08-09,360.4801025390625,364.1949958679258,358.7393788000181,363.89352841913774,2400800
2021-08-10,357.71820068359375,362.49309654278744,354.09082782625586,362.0457626006426,3225000
2021-08-11,354.21728515625,359.77989046541484,353.74077786647734,358.4086855383244,3267700
2021-08-12,352.0195007324219,353.22537047652287,348.00314012480527,352.5932622938194,3802900
2021-08-13,352.768310546875,353.49767300837783,350.7066507374805,352.2918032356002,2304600
2021-08-16,353.5559387207031,353.79905948556654,346.80690391386935,350.5801429330015,2937300
2021-08-17,353.23516845703125,354.43130408717366,349.88982306945405,352.0390031490497,2812800
2021-08-18,351.0178527832031,355.6176797168418,350.6677433689357,351.2415049444237,2774500
2021-08-19,347.4780578613281,350.23020263424905,344.9593292964757,347.07933608696067,2727900
2021-08-20,345.2218322753906,348.4602182380631,343.60750645893904,347.52661291525885,4135900
2021-08-23,351.07623291015625,352.2723684682871,346.9334442333352,347.6336334508565,3537900
2021-08-24,351.8249816894531,356.0261163648633,351.5235142624422,353.04058572670147,3032000
2021-08-25,349.21875,352.42793293647594,348.6352540994132,352.00003792123454,2340400
2021-08-26,343.1504821777344,348.34356970923915,342.1196521362485,348.1490611558938,3946300
2021-08-27,345.94146728515625,346.69026868216105,341.97371911936176,342.76142815504414,3698300
2021-08-30,343.335205078125,348.18791675480855,342.55723033671245,345.0370507930696,4032100
2021-08-31,336.7029113769531,345.4455269478603,335.19554442062844,343.2282661600441,6780400
2021-09-01,339.9510192871094,342.3627590545367,337.7434630400588,337.8212783293652,4499600
2021-09-02,331.8891296386719,340.8943353130494,329.9927751599703,340.86516199850803,7412000
2021-09-03,330.8680114746094,334.6704248266536,329.603765348748,330.5762486711787,5171000
2021-09-07,335.2246398925781,338.4241175899302,333.5811410852283,335.39970940510216,4764300
2021-09-08,341.3804931640625,342.31406867793703,335.5066866303644,335.5066866303644,5054500
2021-09-09,341.7403564453125,343.90900486568444,340.2913658403525,341.059606271288,3716200
2021-09-10,337.83099365234375,345.23157744747647,337.47114989576306,345.16349649262315,3437700
2021-09-13,338.2491149902344,342.3043533295573,336.8292681449753,340.36912125134876,3234200
2021-09-14,336.2846374511719,340.2523850402034,335.7497836278924,340.05787655292266,3281900
2021-09-15,335.26361083984375,337.96711317161294,333.32837860920534,337.45169822023433,3833500
2021-09-16,336.7806701660156,338.112967463071,335.205252057736,335.9054411811751,3771100
2021-09-17,333.6006774902344,336.47921973073824,331.39312141899586,334.5342531426993,5527500
2021-09-20,330.3428039550781,331.7237134099869,326.3847904076172,329.0105067865898,3956600
2021-09-21,328.0964050292969,333.73679603215976,327.99915076831644,332.7837814369188,2967300
2021-09-22,333.9604797363281,334.40781372594495,329.2244910105898,329.9635581069494,3238800
2021-09-23,344.3271484375,345.02733755848703,335.7012268339256,336.22634641629094,4783200
2021-09-24,348.30462646484375,350.025911242458,343.0532225174565,344.2882656392417,3306200
2021-09-27,346.9527893066406,352.6126481431567,345.3871057411263,347.2250833909835,4158000
2021-09-28,341.5166931152344,346.20406994902265,339.44529884714177,345.717828277746,3266900
2021-09-29,343.47137451171875,347.3515733299638,342.7128387349678,343.10182611420305,2808800
2021-09-30,338.11297607421875,346.2040440005063,337.8406819458261,344.97870558382226,4393300
2021-10-01,350.26898193359375,353.1864314509707,337.60726171219716,340.2037751630771,5227300
2021-10-04,334.728759765625,350.7260920544046,330.0024755511427,350.0259028995863,7901500
2021-10-05,333.7659912109375,338.9785172271104,333.49369706905173,337.9962995791703,4724100
2021-10-06,339.0951843261719,339.27995851654146,329.7787782400114,330.6540369008497,3712000
2021-10-07,344.6064147949219,348.4915161356781,339.8254853464147,339.8254853464147,3209200
2021-10-08,345.6288146972656,350.89660035834163,344.89853067297224,346.6414835312456,2336700
2021-10-11,338.0240478515625,345.5508508170692,337.78061989981643,344.645305968252,2769800
2021-10-12,336.26165771484375,340.7991586501393,335.56058397129317,339.48464166656595,3042900
2021-10-13,333.35028076171875,340.31231502590674,328.1214525213528,337.1477512953368,3755700
2021-10-14,335.52166748046875,336.7193439365434,331.87024748487397,334.8011301102443,4083800
2021-10-15,346.6414489746094,347.23539899179735,338.59857887994457,339.8254654273558,4053600
2021-10-18,349.0173034667969,350.47787134882554,341.0231369127856,344.6550633616192,3280900
2021-10-19,352.5810852050781,352.76609284344715,348.2090985642815,348.97833928616706,2835400
2021-10-20,347.3912048339844,352.96083842678013,346.6414573232481,352.1916273743875,2796200
2021-10-21,346.8459777832031,347.0115219144554,338.1409892580151,345.2783155702532,2516300
2021-10-22,349.2413635253906,352.13328991220413,345.5704495590175,347.3036560649481,2774400
2021-10-25,351.3736877441406,354.7232593030603,349.35812654694786,352.9316328414828,2447900
2021-10-26,347.9267272949219,357.6930560157382,347.43012473977484,353.82741876127915,3320100
2021-10-27,326.8945617675781,341.8897191538226,325.025021836192,338.8517427662332,9652700
2021-10-28,324.2752685546875,341.2762697822381,320.22462353873203,335.1224332397501,9505100
2021-10-29,326.6998291015625,329.26069633417353,322.4057557529559,322.53234306336344,5843700
2021-11-01,325.2684631347656,331.93839589685024,324.12923680042337,326.43692935415646,5126200
2021-11-02,319.8448791503906,326.9432171410753,318.1116732461941,326.320057009114,5375300
2021-11-03,320.76995849609375,320.9160093628019,314.84005558507033,319.86441340716914,3952500
2021-11-04,326.6121826171875,329.7280726513573,320.6725339544242,322.366812903844,4819500
2021-11-05,339.6209716796875,340.9549521880074,332.0357478871353,333.43789535807844,7201500
2021-11-08,340.4778747558594,343.86637336509676,338.52070420374406,338.86150933343873,3862200
2021-11-09,335.5898132324219,340.9939323133941,330.7212535461389,340.7991780398107,4247800
2021-11-10,348.5304870605469,350.1663161423887,340.31235513443715,340.89658829661863,6337100
2021-11-11,345.0250549316406,350.18574558929754,343.30159564682367,348.95885914381535,4472200
2021-11-12,353.9443054199219,354.2753639279274,346.5732985852745,346.69988589737426,4724200
2021-11-15,351.8605651855469,361.37375074424943,351.17898459318855,355.54122518868024,4693200
2021-11-16,359.844970703125,361.3152851945808,352.4837110485095,355.1808823388484,4969000
2021-11-17,349.7281494140625,358.32601323292164,341.9871271877077,350.1273451814876,11727300
2021-11-18,339.06597900390625,352.9511210257237,335.5216532155126,351.2471251002261,6533700
2021-11-19,330.7893981933594,337.5372143315584,330.21491175498113,336.90430755811315,6954800
2021-11-22,312.8536071777344,332.5031349985723,311.3541123158193,330.8672764982495,11378200
2021-11-23,320.35125732421875,321.02312100100073,313.233424774272,316.41745240942754,7116200
2021-11-24,331.0621032714844,331.4126253527644,316.47588578864986,318.3551726644037,6414400
2021-11-26,315.648193359375,318.2771976073859,310.6140898627175,313.1262534395273,6613900
2021-11-29,314.51873779296875,323.0971385493373,309.88385894059854,321.3347221215915,6362200
2021-11-30,306.641357421875,312.32783121849985,301.95777595475704,309.6403769287042,10237600
2021-12-01,298.22845458984375,313.55466910455465,297.9558164692693,312.3472759584856,8008800
2021-12-02,311.7825622558594,313.7299860557952,300.86723046218214,301.4514635452287,6717600
2021-12-03,313.6423034667969,314.207072969084,305.7455147846024,311.8214670981689,4732900
2021-12-06,324.5674133300781,327.9072681297587,313.535269259753,316.21297730467325,6055000
2021-12-07,330.5849609375,333.41846634027297,328.43303608554663,328.43303608554663,4939500
2021-12-08,333.34051513671875,334.98609056006086,325.31713890598155,330.31228551047815,4226900
2021-12-09,335.4632263183594,337.42039682343915,330.0980937442269,331.1107327651201,3389600
2021-12-10,340.7213439941406,341.04265590568576,335.7651233591076,337.8780916467465,3405900
2021-12-13,336.2325134277344,340.34157956290863,331.38341660844316,340.0105210240495,4358300
2021-12-14,331.5975341796875,339.0561699665342,328.978247119105,336.242158379507,4518500
2021-12-15,337.2452087402344,337.47889014708045,326.70963615665426,331.06213065118175,4918700
2021-12-16,343.64239501953125,344.47002630975703,336.0474248522149,342.4544653882891,5369900
2021-12-17,340.12725830078125,343.51578598080516,335.07369180309246,340.0104176420434,5898200
2021-12-20,328.1603698730469,334.49924377431563,327.39115887638343,332.26943522998175,5013900
2021-12-21,341.5197448730469,342.7466315289034,330.448643944308,331.3833991645482,3105100
2021-12-22,348.0825500488281,349.19256619263956,337.4690662817974,337.4690662817974,3456400
2021-12-23,351.1010437011719,352.9413735597008,345.66774406636716,348.1409807526557,2627000
2021-12-27,350.8381652832031,351.58791281914523,346.25199012349094,350.53631694306205,2677100
2021-12-28,351.2957458496094,354.5674329852877,348.9880536128742,349.3580688553649,1920100
2021-12-29,351.7923889160156,353.603478829103,350.72129985784744,352.26949824929204,1535200
2021-12-30,351.500244140625,355.06403320843754,349.6696610408966,352.483702654173,1558000
2021-12-31,349.8742370605469,353.82750578849425,347.40100001928204,348.5402562450279,1984000
2022-01-03,361.1984558105469,362.53243641308677,349.80601423330916,350.3318270008834,4708200
2022-01-04,365.52178955078125,372.34749097989254,361.880086189302,362.2111447284666,6854500
2022-01-05,364.0708923339844,372.44482105100775,362.71744817481664,364.1682694720965,5976600
2022-01-06,360.7461853027344,364.86064298473855,357.3337213877085,359.46895118917064,4781100
2022-01-07,360.40496826171875,362.4914606847802,355.0035165187996,357.22652179390894,4551200
2022-01-10,354.80853271484375,361.6334611422304,340.047173234105,361.6334611422304,6009300
2022-01-11,357.1289978027344,358.85471891941336,347.18409061964377,354.43801661698217,4131200
2022-01-12,358.12347412109375,362.81317232600793,357.88948610807813,359.7127121362502,5783100
2022-01-13,360.2781677246094,368.2340869046733,358.6792001576841,359.39092356528107,3892900
2022-01-14,362.8326416015625,365.40659865611576,355.0424545166794,355.20821583947316,4029900
2022-01-18,357.13873291015625,362.832699224188,356.0662679904581,361.5164571130824,4933900
2022-01-19,351.7081298828125,360.06377101053914,350.7136211065702,353.3461058321943,4464800
2022-01-20,354.89630126953125,363.7394662471488,352.62458803737536,352.78056022775064,5043200
2022-01-21,346.1993103027344,358.9229430316939,345.2535691562339,353.4337465657195,4867100
2022-01-24,340.680908203125,341.34389404667786,322.32183580564464,334.00222292219365,7472800
2022-01-25,330.2875061035156,338.3604192825128,325.0518164001441,334.733456564162,6994400
2022-01-26,336.03997802734375,345.8971103296066,332.7152593378732,334.7724734725083,7438600
2022-01-27,341.76312255859375,350.6355343694811,325.9682782467142,340.3493756571906,8416100
2022-01-28,372.94329833984375,373.1967754144069,346.4918245309055,350.0700198628477,8813400
2022-01-31,376.7165222167969,376.88225380213026,366.8788797882162,369.20908968146296,6345200
2022-02-01,382.25445556640625,385.60842248110106,372.8555704249561,376.1120324197643,5841100
2022-02-02,386.8271179199219,389.91784799684166,373.17726372741043,379.5537039456935,6115000
2022-02-03,380.3143615722656,383.11257814932594,376.82388066274507,378.8226280423124,4209200
2022-02-04,372.64105224609375,378.4422227505096,366.9958539002475,377.87674185130805,6045400
2022-02-07,366.72283935546875,372.83601337501483,363.9733615698214,372.64103330955,4767500
2022-02-08,365.00689697265625,370.27183551349754,361.2726994343305,368.0976274791349,5825300
2022-02-09,371.83184814453125,378.73479245875956,371.081116724466,375.9560656311082,5492800
2022-02-10,365.02642822265625,370.4961064596285,361.2922008030222,362.423192487997,3995000
2022-02-11,360.5219421386719,371.3735826059465,358.44523900516936,368.4096054923445,4345600
2022-02-14,364.8021240234375,367.8538463301458,357.587206702569,359.59568296273267,3678400
2022-02-15,371.99755859375,373.4892915648752,364.0611285777099,365.21160922120305,5800400
2022-02-16,373.3527526855469,375.3709882569524,367.35657272009865,370.45703244310613,3424800
2022-02-17,364.3536376953125,371.7538054380753,362.861904747235,369.13108094538075,3972500
2022-02-18,360.6974182128906,365.4358534366204,359.77116618142657,365.1433684552747,4083800
2022-02-22,359.0790100097656,364.9581974484493,354.70128547440675,355.87128516297514,3897900
2022-02-23,352.19549560546875,364.2171039977798,351.12300111992226,362.6668741408938,3802500
2022-02-24,360.1417236328125,361.2727153290874,332.77375382801216,337.28796119409157,7425000
2022-02-25,359.85894775390625,363.271411731894,352.65378928406096,358.0357217606447,3817900
2022-02-28,351.7958068847656,356.22223890335755,346.76485623072114,353.1315380745444,4952400
2022-03-01,335.864501953125,352.53680397476376,332.68602563701324,348.90011101006996,5894200
2022-03-02,335.48419189453125,339.60840890913965,330.2192536287338,334.38244880701944,4997900
2022-03-03,332.4617614746094,340.75893417138315,332.17903585649555,338.9357080110441,3975900
2022-03-04,322.4875793457031,330.3557230417733,315.89663992949477,328.47400019804536,4670900
2022-03-07,305.0937805175781,321.5515811475736,304.3040115111872,321.3370822300785,6874300
2022-03-08,306.468505859375,316.6084227595591,297.96659430348717,303.6020634540877,5048200
2022-03-09,319.9233703613281,321.21036388761814,313.0789237242645,315.0679110145014,4015900
2022-03-10,316.4718933105469,317.9636263149826,311.75294687981994,313.8881766367625,3771300
2022-03-11,316.6668701171875,322.6922985063004,315.9258685241361,321.7758059320485,2987700
2022-03-14,320.3719177246094,328.45459207589715,319.0751942897712,320.869172079558,4122700
2022-03-15,326.62152099609375,329.9169906551936,322.9263020243607,324.106060881518,3738900
2022-03-16,336.0594482421875,342.1628933870454,328.2595305125084,333.4367235252369,4340800
2022-03-17,337.77545166015625,338.20444953087036,331.2527678467137,333.0565048366265,3244200
2022-03-18,341.3341369628906,343.91785369023296,333.9242093688658,338.02893738641376,6790800
2022-03-21,336.93701171875,341.2464803626645,333.92429636263944,337.3660096744096,6053800
2022-03-22,340.7882080078125,345.0781574841521,336.868759442697,338.10698586580907,4669900
2022-03-23,333.6219787597656,338.0581998850496,333.20274031679133,334.8114674208574,2527800
2022-03-24,340.61260986328125,340.7101147704677,332.1789560922549,333.69017801352453,2482700
2022-03-25,340.2908935546875,342.74788663547844,337.00518303437184,341.6461435164665,2173800
2022-03-28,341.72412109375,341.79237751192267,334.9382012983911,339.79366058326883,3134600
2022-03-29,358.35748291015625,361.487221537315,348.16885752840545,349.7483362164827,5512400
2022-03-30,353.1802062988281,359.0691515325169,350.62573842963593,354.9059568510942,2614200
2022-03-31,348.4418640136719,355.01328582970115,348.4223451746486,350.58682374895517,4095700
2022-04-01,354.86700439453125,358.6889771330013,349.21207600287073,350.2358032921857,3806800
2022-04-04,357.7334899902344,360.512216707217,354.06751903706,355.14001370467224,3027200
2022-04-05,354.2332763671875,358.4354797293404,352.87802635841217,354.223516948489,2215900
2022-04-06,344.7076110839844,348.1590830988879,340.8369006214219,347.5545942200632,3864500
2022-04-07,341.2806396484375,344.55139423507796,337.629126834704,342.87208330017006,2848500
2022-04-08,343.9362487792969,347.4706345519602,337.47286456107906,339.08382413459964,2235100
2022-04-11,339.1522216796875,343.1845225440189,337.6389021329477,342.3448819685685,1809200
2022-04-12,337.6192932128906,346.09397048028256,336.3305434955765,341.719944464713,4038500
2022-04-13,346.7384033203125,348.55438666321567,334.7586578523559,336.2622341375978,3048500
2022-04-14,349.3550109863281,354.36365464937234,348.427473346646,348.7301372510434,3358900
2022-04-18,348.3591613769531,352.22550100875065,344.86386663838147,345.61564000230834,1871400
2022-04-19,355.2618408203125,356.04293291778896,347.6463790925226,348.3688632115235,2999300
2022-04-20,356.6483154296875,363.0921846940587,355.2618953660609,357.9859004696893,3377300
2022-04-21,355.818359375,366.3433331814378,354.8615327396451,360.7391352494278,3605300
2022-04-22,342.87213134765625,353.53381013460535,342.31560868060586,351.97165535835603,2968800
2022-04-25,346.211181640625,346.6602910102416,338.9374154673655,341.01703051160086,3380400
2022-04-26,335.9693298339844,341.7785818138652,335.4518693060335,339.7087397020615,3116400
2022-04-27,353.0162658691406,364.8983408079013,347.57802943738847,348.55437221670695,5702300
2022-04-28,369.8679504394531,372.9336813043087,360.0654896336679,360.397442628705,6843300
2022-04-29,354.7834167480469,368.1983559740189,353.1919733723259,363.2482913109838,4741800
2022-05-02,350.5461730957031,356.29681744599384,342.29606343858904,354.4124827465276,3903800
2022-05-03,349.32574462890625,354.8420762141981,345.0786469320456,353.03583583787554,2686900
2022-05-04,359.80181884765625,360.50478681819936,345.293379911001,350.8682886605654,3346600
2022-05-05,345.01031494140625,359.0696479295758,340.77298997304376,353.53379990462776,3424800
2022-05-06,338.9081115722656,342.95018510914093,332.7181017299222,338.05869809453276,3635200
2022-05-09,320.2306823730469,334.2900432730811,317.2040433694749,332.9329124074117,5777400
2022-05-10,317.63360595703125,325.78607470535474,315.40754545312245,324.4484897695157,5003500
2022-05-11,318.1608581542969,323.16950203163333,311.0140209282072,317.7800999145081,4263900
2022-05-12,313.6403503417969,317.87767450216995,305.3707256654962,314.1578108319996,3891500
2022-05-13,324.9268798828125,327.2994155896116,318.3756278770727,319.9182662244149,3536000
2022-05-16,321.9295654296875,325.6591727821838,317.3407417348175,320.7677149579145,2062300
2022-05-17,330.8435363769531,333.1086590256738,324.6632990125023,332.06396498566636,2802300
2022-05-18,327.9535217285156,333.5186872871893,325.66888328318254,325.7274614641693,4521400
2022-05-19,324.36065673828125,328.25625558255865,316.75493679865286,322.19317419279577,4380700
2022-05-20,328.2269287109375,331.5757775002777,319.9377875361911,327.7583032170611,3428700
2022-05-23,340.1871337890625,342.9892330153857,330.9411657611389,331.009516911932,3420800
2022-05-24,332.6302490234375,335.86194148371555,328.0316825278728,335.7545580717663,2561500
2022-05-25,336.6039733886719,339.513456037439,331.18525264730755,332.522837595985,3033400
2022-05-26,341.6126708984375,344.8931691180857,337.82445524315983,339.7673683031673,2817400
2022-05-27,349.3158874511719,349.32566041269683,343.7800112727193,345.0297585233397,2658700
2022-05-31,349.40380859375,352.4304773673574,342.8330403269866,344.7368909942097,3873800
2022-06-01,348.613037109375,355.8184533802276,346.4553273731727,349.72608245653896,2190000
2022-06-02,354.4905700683594,356.4139667897135,349.2964484403937,351.9618455111024,2484200
2022-06-03,349.3550109863281,352.410968920037,347.35349023638764,350.9757437171508,2076600
2022-06-06,351.6201477050781,359.59685254422635,350.0482201361092,353.4361312043961,2196100
2022-06-07,355.4082946777344,355.85743381775535,347.9002161758553,348.4860278139044,2158800
2022-06-08,353.7582702636719,358.4349605741544,352.44023133264847,356.3651186250556,1709600
2022-06-09,340.74365234375,353.64113296218284,340.685074156796,351.2491108732442,2250600
2022-06-10,326.83074951171875,336.1645842164399,326.68430405209165,333.25507197083937,3300500
2022-06-13,312.17584228515625,323.07183168132366,310.3989210056628,314.382386582726,4825100
2022-06-14,314.51910400390625,316.3350874261218,312.09776297866597,312.5273562217831,2788400
2022-06-15,317.6922302246094,322.80825748104616,311.87320509340924,319.6644321542721,2357800
2022-06-16,301.4751281738281,308.96369054950827,297.86264790059397,308.61219164827486,4528500
2022-06-17,303.3399658203125,306.70836060848364,296.4665037371737,299.7372582801362,6235300
2022-06-21,309.89117431640625,312.6542409079992,307.4308013809049,308.5731056812531,3193700
2022-06-22,308.6708068847656,311.4924522134512,303.9941159751018,306.05421502125444,2671500
2022-06-23,309.266357421875,312.41018245571587,306.12253238803413,311.3557155374439,2387600
2022-06-24,322.6813659667969,322.98402991733667,311.6682179661696,311.6682179661696,4318900
2022-06-27,321.0507507324219,324.116481053127,319.38121309042765,324.116481053127,2810800
2022-06-28,310.7601623535156,329.1739735084118,310.5941709652011,324.8292658670802,3394200
2022-06-29,314.9584655761719,318.39518200004335,310.8773592361453,311.56078141706956,3779500
2022-06-30,308.0165710449219,310.76009133939834,302.3635391055863,307.84080673404287,3411500
2022-07-01,310.7113342285156,311.3947861311591,303.94528553394383,306.66929038595254,2287700
2022-07-05,311.70721435546875,312.7323623854203,302.13903696157683,305.67339315854394,2112100
2022-07-06,312.595703125,314.73386655268644,308.2509655279991,311.45336888141264,2219200
2022-07-07,316.88848876953125,317.6609605737351,312.43930065055673,315.20660345095234,2202100
2022-07-08,315.90081787109375,317.77828279008224,312.2730417805507,315.62702401220923,1662100
2022-07-11,317.0057678222656,318.9907806754167,312.0774487298146,312.3023625420216,2073800
2022-07-12,315.7052307128906,320.10550824081355,313.11396213692774,313.11396213692774,2761500
2022-07-13,316.20391845703125,317.7293455166197,306.85577628517785,308.9483669015279,2442600
2022-07-14,317.82708740234375,320.32056553111516,308.4007326337912,309.15365810672057,2743900
2022-07-15,325.2000732421875,328.1335915939355,322.45234677335355,326.23658067250176,3387400
2022-07-18,323.6745910644531,330.03054641277816,322.48162594388526,328.0650799020074,2468500
2022-07-19,332.83697509765625,334.4308580719999,324.42755040685813,324.42755040685813,2689800
2022-07-20,333.707275390625,335.7020763259988,328.83765377951255,332.8370137531797,2563600
2022-07-21,339.2320861816406,339.5352140337179,332.52409181851783,334.293978893405,2230800
2022-07-22,336.2593688964844,343.30958159279925,332.85647753496335,341.14856518765976,2253000
2022-07-25,336.5820617675781,337.88260476574425,332.57291461369306,336.81676349491,2180100
2022-07-26,333.7170715332031,336.9928399066277,331.78093853295576,335.05670690638027,2254200
2022-07-27,335.662841796875,341.18765699116335,323.8994377525124,335.4086239042524,4580300
2022-07-28,344.6395263671875,345.43157393502344,333.07166895322723,340.2881288746586,3635500
2022-07-29,345.94976806640625,348.8930440142749,342.204626903796,346.2822298414588,3176800
2022-08-01,342.7718811035156,346.9765791938598,338.0000193681907,340.1023684133628,2289400
2022-08-02,341.27569580078125,343.3682563372315,336.35716542844494,339.388443315766,2878800
2022-08-03,346.2821960449219,348.58012410248267,340.81607857089307,342.243715428263,2921200
2022-08-04,348.17926025390625,350.6629506867723,341.90151857359297,346.8102911489233,2339500
2022-08-05,349.58734130859375,349.9002272084522,342.63488829620326,342.63488829620326,1848700
2022-08-08,344.35595703125,351.0443755357106,342.13627214050524,351.0443755357106,2477600
2022-08-09,338.8604431152344,343.3389340284663,337.6968119480964,342.6348885310491,2467400
2022-08-10,345.5488586425781,346.6929139191914,343.27047634904625,346.4875760205432,2443700
2022-08-11,342.8109130859375,347.9641456624814,342.58602912934043,347.9641456624814,2609400
2022-08-12,346.4191589355469,347.57303212504877,342.49804317204433,346.87874465441615,2514200
2022-08-15,351.97332763671875,353.92900656823815,343.04564853972596,344.52216584094435,2526300
2022-08-16,351.2887878417969,352.0221673571242,345.27508178437046,346.4191371171593,2448700
2022-08-17,347.4556579589844,349.0495409422287,343.9550060664993,345.66622500215357,2439900
2022-08-18,349.4407043457031,351.5528412161315,345.7347141799971,346.46809379439753,1934900
2022-08-19,346.428955078125,348.8637657307767,345.7249094887533,348.72688372685826,1740700
2022-08-22,337.8533020019531,343.22163078033,336.6505487922515,342.24379137639744,2312400
2022-08-23,333.3356628417969,337.559906059328,331.8493279648301,335.0957616956608,2240700
2022-08-24,332.1817626953125,334.7046046671291,330.8519156413981,332.64134833568,2218400
2022-08-25,337.0319519042969,337.48174971647813,329.84482564709566,332.4654283320378,2228500
2022-08-26,324.60357666015625,337.980443064731,324.3493586942998,337.4034915267725,1925000
2022-08-29,322.05145263671875,325.43476902830344,320.5064494803651,322.6772544135158,2308200
2022-08-30,320.5455627441406,325.59121812363236,318.35521182267195,323.664873123175,2618900
2022-08-31,317.1817321777344,323.84081549085204,317.09373022079785,321.01487540270983,3129000
2022-09-01,318.0422668457031,318.3942747080926,312.13610847708094,316.63417571356416,2493200
2022-09-02,315.411865234375,322.3643186821225,313.42685250419225,322.1100708963596,1936800
2022-09-06,316.8981628417969,319.74367892607916,313.45617907891744,315.35318980177226,2043400
2022-09-07,321.3375244140625,321.90468788109916,314.9131134825431,316.898125934601,1998300
2022-09-08,322.7554626464844,322.9705885112864,316.31150448707103,317.33822393559063,2114000
2022-09-09,328.40740966796875,329.5514651984063,322.8337124520456,323.2150841897208,1815700
2022-09-12,330.92034912109375,331.95685626676897,328.49529720673615,330.59764547989687,2097800
2022-09-13,318.2280578613281,325.4249415472458,317.3871004568498,322.6870031539707,2316900
2022-09-14,318.6289367675781,321.2006588599751,316.1843385567501,319.7925679032352,2657900
2022-09-15,309.9359436035156,318.71695147091395,308.1856327002767,316.41902309256096,2486800
2022-09-16,308.1466064453125,308.635526258835,302.2599927920711,305.91713328930166,3650900
2022-09-19,307.0709228515625,308.4594680077928,303.3746909054157,305.0370299153868,2369700
2022-09-20,306.3277587890625,307.4033881699845,302.5826467642297,304.2645318395008,2769600
2022-09-21,297.7521667480469,307.9999367931127,297.4783728458385,307.5110169790765,2366300
2022-09-22,291.7481689453125,296.3635724215433,290.01740383221056,296.2364783575646,3176500
2022-09-23,287.0740966796875,288.0421780410208,283.8081164512383,286.63408682571077,3245900
2022-09-26,283.680908203125,288.7950178216407,282.7128569709022,283.6222402400378,3635600
2022-09-27,280.13140869140625,291.2983165983126,278.4886160156811,288.92217430121923,4073300
2022-09-28,283.7494201660156,286.48738829657384,275.4475734949026,278.7917674167033,5611400
2022-09-29,280.4149475097656,285.5975133754077,278.5375128841171,281.95995021676765,3439700
2022-09-30,278.0387878417969,284.31652848456645,278.0387878417969,280.5029318235087,3804200
2022-10-03,284.04278564453125,286.2624702301814,278.6060012360024,281.4710633747743,5285200
2022-10-04,294.5936584472656,297.23383670241043,289.42090962723586,289.6262475409015,3949200
2022-10-05,297.45867919921875,299.8054871738633,290.66268521972154,291.3765185368823,2845200
2022-10-06,293.0709533691406,298.7711374706156,292.7085439798072,296.3519763370504,2494400
2022-10-07,288.89862060546875,291.0729274426027,286.95936427307356,290.5538376516823,2210800
2022-10-10,285.77423095703125,291.131642015775,283.5803469030938,290.9259728580755,1783500
2022-10-11,280.1622314453125,284.41292768809905,278.5658067823154,283.8644266491621,3554900
2022-10-12,277.5471496582031,281.57253853465147,277.3806356436,280.64211046777274,2646800
2022-10-13,287.9093322753906,289.34907605753494,271.1711040223704,271.57266846657956,3322800
2022-10-14,282.7478942871094,292.47349786055986,281.91538386462247,289.770297393475,3106300
2022-10-17,288.96722412109375,292.5812755433126,285.3433689634391,289.3394073944076,3417600
2022-10-18,294.1972961425781,297.44896789862514,290.4461121300088,296.92987806144095,3096000
2022-10-19,291.63116455078125,293.4724729715034,288.7222953732424,289.3784879105538,1914300
2022-10-20,290.18170166015625,296.4989540081939,289.5254790417002,291.6214460149005,2463800
2022-10-21,296.1463317871094,296.47933000093127,287.45890724319395,288.448128038872,3599600
2022-10-24,299.30987548828125,300.6810534675747,294.31484223780524,298.2520882689418,3184100
2022-10-25,305.0002746582031,305.6760748305447,299.5644919628227,299.61348075019407,3012400
2022-10-26,312.9335021972656,317.7718240576239,305.8621110082368,305.8621110082368,5278000
2022-10-27,312.7963562011719,316.4299843642061,307.59565509224086,309.67201404254615,4725800
2022-10-28,322.6884765625,324.97050471264964,311.27827603289035,312.73759760099085,3644400
2022-10-31,321.42510986328125,322.65918502442287,317.11568042474613,322.1107138171242,3157900
2022-11-01,326.3319091796875,326.7726587267886,320.35746029712215,325.3818736205793,3660400
2022-11-02,313.2371520996094,326.1458609855741,313.05106047846283,324.5983952769938,3074900
2022-11-03,302.8063659667969,310.2499112288345,302.2480911053137,308.6338791624562,2860900
2022-11-04,311.8169860839844,316.4790205772198,306.7925720823888,307.3802282613618,3414000
2022-11-07,318.43780517578125,319.0939977271034,311.1705189985052,315.8129751916322,2742100
2022-11-08,319.0450744628906,322.61994038612306,315.626918839864,319.51520536350785,2387500
2022-11-09,309.1432189941406,317.0275144690148,308.6632843039796,315.6465328105786,3001200
2022-11-10,330.3279113769531,330.4552403502005,322.3848550430238,324.36326632664253,3255000
2022-11-11,332.306396484375,335.5776456204028,329.43668200861856,332.02235719030335,3734700
2022-11-14,332.3847351074219,337.41895272226793,329.1036822525848,329.80886367246194,2348900
2022-11-15,336.43951416015625,343.9908102085459,332.50223903116984,339.4561051081169,2983600
2022-11-16,335.7049865722656,338.02620012204875,333.09973371829,336.09674740148284,2579600
2022-11-17,334.24566650390625,334.8823115372128,330.0635662027223,332.02240042351,2004500
2022-11-18,336.6158142089844,341.45413633705334,334.30437466260906,338.5452667976227,2737700
2022-11-21,331.287841796875,337.16434453384835,330.6708042271826,335.94007313031227,1965100
2022-11-22,337.8596496582031,338.21225528909434,330.61197048592254,332.83523611638634,2510700
2022-11-23,341.46392822265625,343.5794424602598,337.0663259413771,337.5364568216403,1937300
2022-11-25,344.05938720703125,344.167108724125,340.91543729109736,341.7773289855802,944400
2022-11-28,337.4973449707031,343.0212719264266,336.1653520218964,339.54432318403735,2226200
2022-11-29,336.0673522949219,337.62462170252155,333.7363351060026,336.5766383630605,1724200
2022-11-30,349.0642395019531,349.0642395019531,334.4513534831377,335.79315009338495,4252300
2022-12-01,353.3736267089844,354.1375707411191,346.76256223839925,350.62146744645844,3374700
2022-12-02,352.6488342285156,354.8329445989475,348.7311667662075,350.0925705562863,2015500
2022-12-05,348.76055908203125,351.51271816999497,347.154330914303,348.67241514807955,2202500
2022-12-06,340.37677001953125,347.69301580112085,337.2622313049739,346.53731097840085,2353300
2022-12-07,340.2691345214844,340.690276741229,334.4415902643084,339.7402408679442,2454300
2022-12-08,343.94189453125,344.92131156966417,340.0731852737397,342.7959634449536,1998600
2022-12-09,341.6499938964844,345.5088989845643,340.2102498165212,341.2288517908421,2301100
2022-12-12,350.79779052734375,351.06222234997557,341.91447140480443,343.0995575736219,2427100
2022-12-13,349.7987976074219,361.6595537670873,348.41781596369583,361.63994629661386,3072200
2022-12-14,350.1513366699219,354.6468565410329,346.48829723131104,349.651824498877,2587200
2022-12-15,339.1231384277344,346.517724869446,335.5090872833714,344.1867375016024,2774900
2022-12-16,338.7215270996094,341.0721216122599,336.3121699658499,337.673543874115,5947100
2022-12-19,334.23583984375,338.73136008337093,332.5512414844848,338.25142545029627,2457300
2022-12-20,335.89105224609375,337.2818075657814,333.6089940329378,334.3435567395065,1895900
2022-12-21,338.5746154785156,340.4453052609627,335.32294434181927,336.56682287867704,2087000
2022-12-22,334.4904479980469,338.4864856770212,329.5052195776358,337.105504265128,2276100
2022-12-23,336.5277099609375,337.44836439442093,330.7393515123313,332.0419630591673,1914500
2022-12-27,339.0350036621094,339.76956643671224,334.77453359152554,337.01740696568834,1637700
2022-12-28,334.91162109375,342.31601047064083,334.74510706930903,339.41691492466606,1854100
2022-12-29,341.0427551269531,342.5216842311566,336.4688948783711,337.2916014990906,1459800
2022-12-30,340.5727233886719,340.7392075597598,336.5473035126206,338.22209840643904,1617600
2023-01-03,339.6617736816406,347.36000616506254,336.8606556556644,342.756734715357,2933600
2023-01-04,347.8399658203125,349.6323157933422,342.4923569965682,344.15737796841205,2661000
2023-01-05,344.5294494628906,350.20028130946366,344.0397410451417,348.7899186751923,2608500
2023-01-06,360.6866760253906,361.7167208837744,348.57123966210975,350.523433033193,4432800
2023-01-09,363.9239807128906,367.87743569093146,362.54075796213965,364.57144859225974,3913500
2023-01-10,363.9632873535156,364.6205450447709,360.23544411504366,361.80506074503467,3485900
2023-01-11,370.6831359863281,370.7420239246789,364.208516438158,365.54267103127694,3370200
2023-01-12,372.5960693359375,373.89100507659737,369.7609761721897,370.68309472187445,3291200
2023-01-13,368.3875732421875,370.6929446495853,367.20056368525076,367.9363186064664,4261000
2023-01-17,367.87744140625,371.1441799132426,366.8768255432844,367.87744140625,2814500
2023-01-18,361.9129943847656,368.6721147829635,361.5009584100816,367.3968180853255,2747100
2023-01-19,360.9515686035156,363.75723309223605,356.6940035779661,357.675010171999,3111200
2023-01-20,369.13311767578125,369.4666562869513,362.3837882927258,363.1980404376502,3863400
2023-01-23,371.379638671875,374.13626454764244,369.2115927469926,369.58438000784815,2743900
2023-01-24,372.79229736328125,382.5925429210399,368.0932677483706,382.5925429210399,2756200
2023-01-25,375.1270446777344,375.2937989973817,367.97549977234195,367.97549977234195,3501900
2023-01-26,370.0749206542969,376.8144312144286,365.9154622453767,376.12774455636014,3718400
2023-01-27,366.9258117675781,373.2925335355742,366.2881636139811,369.0447891216061,3405600
2023-01-30,364.0711364746094,366.6413687779677,362.3838040554511,362.4426620518682,2688600
2023-01-31,363.56103515625,365.40533226914107,360.04901492520577,362.96260559015724,3137400
2023-02-01,366.9748840332031,369.6236134550646,360.0293714568122,361.5695587868424,2951900
2023-02-02,367.8186340332031,373.2435995849226,365.7192654417647,372.3116312965837,2761600
2023-02-03,366.8081970214844,371.0363332525316,363.4531411338913,363.7572507978081,2739600
2023-02-06,365.8860168457031,367.2201713933158,362.04045796868587,362.9724261732273,2068300
2023-02-07,367.9363098144531,369.9081425363353,361.8344479494608,364.45374857909445,2309100
2023-02-08,363.31573486328125,368.6524122011645,363.1097318970078,366.08218016214266,2193600
2023-02-09,363.38446044921875,367.45563165561936,362.23666960978414,366.2097341733191,2287600
2023-02-10,359.8625793457031,363.21763454443885,356.0268705092712,362.6192349860289,2270700
2023-02-13,363.78668212890625,364.0908217327174,360.0981174899893,361.55980781546174,2286400
2023-02-14,362.9331359863281,366.3176201965377,360.7455107744004,362.5603487471815,1841400
2023-02-15,362.6192932128906,362.7762279231604,358.07722787460597,359.32309547626113,2203300
2023-02-16,360.56890869140625,365.99387316192343,357.96924758671736,357.96924758671736,2792700
2023-02-17,354.2708740234375,359.73508728843126,352.9661186430643,357.14521581751836,2718900
2023-02-21,349.1990661621094,354.89871154520887,348.4437019330279,349.98388932668354,2730900
2023-02-22,348.2278747558594,350.94525195396324,346.50129375429447,348.61045171901304,2109300
2023-02-23,348.7772521972656,350.9452682570302,344.9807616968188,350.9452682570302,1975500
2023-02-24,346.4129943847656,347.27628485470103,342.9500427982802,344.15669151484093,2016100
2023-02-27,348.72821044921875,351.2297651139719,348.08074254986,348.885175085846,2200800
2023-02-28,348.5418395996094,351.0041457816885,346.5307581281738,348.0709456589438,2732900
2023-03-01,346.7857971191406,348.5614164858751,342.7538747816877,347.2763003682483,1968100
2023-03-02,348.81646728515625,349.84651207265694,345.01015750538414,346.91331239527017,2526000
2023-03-03,354.6338195800781,354.8202131942564,350.30757769057334,351.3180131020944,2174900
2023-03-06,359.960693359375,361.53030968373366,354.39840349369194,354.9477647165263,2789400
2023-03-07,353.10345458984375,362.1385153707316,352.7208477143372,360.19614181182203,1660800
2023-03-08,352.2108154296875,354.83011635102537,350.494053796683,351.79877946506974,1634400
2023-03-09,347.7079162597656,357.1059445463433,347.1879840571356,352.42655472267353,2414700
2023-03-10,340.5171813964844,346.3443629072302,338.6729141643018,345.71653426047436,3176400
2023-03-13,338.16278076171875,343.2149588247616,333.7482510087393,337.1033067936999,3308200
2023-03-14,346.11871337890625,349.346203142044,341.93961619492836,344.33327440061186,3413300
2023-03-15,341.4687194824219,341.7826487384588,337.11307829116157,339.4772775424715,3082600
2023-03-16,341.39031982421875,342.067216818906,333.81694716393366,340.03652583484416,3768100
2023-03-17,343.018798828125,345.25549285779095,340.2719621653059,343.597589175939,8426800
2023-03-20,342.6851806640625,347.1193190451261,340.7427771133351,341.3902449635776,3864200
2023-03-21,347.8354797363281,349.43452511149775,344.1664950912454,347.63926646236604,3766800
2023-03-22,344.36273193359375,353.16236198387645,344.36273193359375,347.8747222495157,2596400
2023-03-23,347.6392517089844,353.0249675519316,345.1573065822008,345.71648744511367,2598100
2023-03-24,344.9513244628906,345.7263279896762,339.7323626360888,343.79374396431257,2971500
2023-03-27,347.8844909667969,351.09240111214683,347.55095237741597,348.81645903855235,2420300
2023-03-28,347.60003662109375,349.14022408496936,346.0990978017219,348.80668545154714,1695900
2023-03-29,352.7012634277344,353.1917666745083,349.06173771929576,350.592105454195,2327000
2023-03-30,352.4364013671875,355.7031398079508,351.435755586566,354.094304731215,2480500
2023-03-31,356.5075988769531,356.7430308720792,353.5351501867085,354.27090510942196,3376600
2023-04-03,359.5094909667969,359.69588461638585,354.8791386035329,355.72278991182355,2978000
2023-04-04,356.98828125,362.10913669148647,356.47816861638336,359.8331942868382,2198700
2023-04-05,357.440185546875,358.75679273343167,355.2982138697319,357.13559888352484,2239600
2023-04-06,355.16082763671875,355.720885932967,349.7568257958875,354.9053561363421,2357600
2023-04-10,353.8539733886719,354.630162794168,351.3386291617209,353.4314560081246,1559100
2023-04-11,357.7742919921875,358.81578780674243,354.85613070444913,357.0766930941158,3033800
2023-04-12,355.46533203125,362.16629995689226,354.72842286014327,359.69026595163075,2268800
2023-04-13,363.19793701171875,363.2961975584121,357.04722258951455,357.469709956896,2611700
2023-04-14,365.929443359375,366.87270870581744,362.66738483564586,363.5418647950726,2254600
2023-04-17,366.253662109375,367.57026945219104,361.9599431665186,366.84316540846544,2432700
2023-04-18,365.8213806152344,367.42293472167484,363.5025574348,367.42293472167484,2087800
2023-04-19,366.2929382324219,367.61938061031987,364.6815792581275,366.47962427001016,1795300
2023-04-20,368.45458984375,368.6412759013971,363.2372752503554,364.96656505386034,2124800
2023-04-21,368.6903381347656,370.84211502862416,366.74491737066285,369.16197073646987,3537800
2023-04-24,368.1893005371094,371.04851165311356,367.09865939692355,368.60195287184223,1886300
2023-04-25,362.0975036621094,368.0418921359827,361.89117749619066,366.9807561549193,2245000
2023-04-26,360.3584289550781,365.7231194624141,359.7001102186612,363.1881650422172,2594200
2023-04-27,367.1478271484375,368.434959484253,354.69896121653466,360.1815524652461,3859900
2023-04-28,373.39678955078125,375.2636201257153,365.02551213865104,366.0276978195328,3107300
2023-05-01,373.22979736328125,375.7844221950079,372.34551222516075,373.8488059554402,1745100
2023-05-02,369.4665832519531,372.2275337088057,364.4654302539734,371.1762028271818,2478700
2023-05-03,368.3562927246094,372.9251231881649,367.7962346072623,370.095417406381,1970900
2023-05-04,369.55499267578125,370.27226165432006,365.6444809452884,367.9632738322231,2814900
2023-05-05,377.9459533691406,378.42739106609207,371.6379981034844,373.9273458963496,2683100
2023-05-08,378.7811279296875,380.6970736770426,377.07147835808087,377.3073096694562,1719600
2023-05-09,376.2559814453125,379.42961424938596,376.02018011717655,377.1795766270575,2036400
2023-05-10,375.863037109375,380.0093811256571,371.05837428662295,379.25280175308365,1940800
2023-05-11,376.6981506347656,378.98746855970205,372.6402327390827,375.53872410392023,1901200
2023-05-12,375.25384521484375,378.29971272059385,372.18827762097317,377.7789647291353,2044000
2023-05-15,376.7178039550781,376.9634403497711,373.88806789062954,375.20467536799435,1957400
2023-05-16,373.6030578613281,376.9044260377784,370.734042049854,375.9218806257847,2762700
2023-05-17,380.2451171875,380.7560300646056,372.5124887234173,375.52891067371195,3260300
2023-05-18,385.177490234375,385.177490234375,379.0758908514913,380.35318805434787,3729500
2023-05-19,378.8400573730469,385.3543385216742,378.417570024787,385.157817437182,3369100
2023-05-22,377.8182678222656,380.6086937978974,377.4743708566783,378.2702304137991,1808800
2023-05-23,367.2264404296875,375.3619172951948,363.97421669383914,374.86080941341595,3979000
2023-05-24,362.0680236816406,363.15863481476356,359.19897757335394,362.92283348542014,2655700
2023-05-25,363.5810852050781,364.5144852850708,358.54062282444374,361.4882588379231,3752200
2023-05-26,367.8355407714844,369.12267293127144,363.5909371681871,364.52436735348675,2691300
2023-05-30,361.0855407714844,370.05618771123034,359.80824336952395,369.71229072303646,3430100
2023-05-31,358.64874267578125,359.31689639510967,351.6039083293585,358.629102560619,10695300
2023-06-01,364.4065246582031,364.6128508428059,359.66081251794947,360.75145374924693,3389700
2023-06-02,367.206787109375,369.2603038667843,365.6543482308161,368.0517619538489,2501500
2023-06-05,364.05279541015625,366.29299824332685,362.09753920497377,366.24388295587613,2316200
2023-06-06,373.3280334472656,373.7407158099455,365.3202924681961,366.4404088919606,2758700
2023-06-07,364.9076232910156,373.8585992778134,361.83225077795123,372.66972750242934,3714500
2023-06-08,361.1739807128906,363.31592320447334,359.4643607406074,362.9130758576299,2594700
2023-06-09,362.77545166015625,365.6149925704454,361.3409436221712,363.9937984881784,2201800
2023-06-12,368.75921630859375,369.4077000547861,363.4829508110676,364.2002199511549,2407500
2023-06-13,364.897705078125,370.5964562421874,363.35510164759285,368.7591011939954,2444100
2023-06-14,368.2187805175781,371.4808089604005,365.52658531641987,366.4207053665768,2775400
2023-06-15,372.42401123046875,372.94475908526834,364.05270535758484,366.7547051670915,2558100
2023-06-16,369.9578857421875,376.21669628419716,369.594348675464,374.9492040912354,5886900
2023-06-20,368.0812072753906,372.88586938326387,367.2263974488145,368.4644144307029,3961700
2023-06-21,369.57464599609375,371.7853731750896,367.1379225775675,367.43267420747105,2301300
2023-06-22,371.2057189941406,371.8738727966283,367.42294238835905,368.56266890779335,1933300
2023-06-23,373.1805725097656,374.4677046075114,366.7056018085747,368.4348913380253,3739700
2023-06-26,370.8323669433594,373.357486301871,368.79849039119,371.4611805240102,3327800
2023-06-27,375.12603759765625,376.1576983312711,372.39456243260815,373.7013346941808,2197300
2023-06-28,373.5933532714844,374.7429149211336,372.06058441534236,374.53658872489916,2012400
2023-06-29,380.9034423828125,381.2375042679581,373.858577673244,374.202474608953,2524600
2023-06-30,386.4351806640625,388.27256616227277,381.3259614268847,381.3259614268847,4407100
2023-07-03,387.0836181640625,387.4275150872702,381.8957791049658,384.5093537424715,1304600
2023-07-05,387.8402404785156,388.35115340252855,380.37288782534284,382.02355725822696,2781800
2023-07-06,386.836669921875,387.889491434192,383.49115923107144,387.5155792961648,2156600
2023-07-07,382.4480895996094,386.1576624992942,382.17258018247907,384.39635406749284,2654400
2023-07-10,385.8722839355469,387.12191050812527,381.7888292022723,382.2512946316675,2148600
2023-07-11,391.4218444824219,392.0712659472673,386.04939603650286,387.3088719000073,2106200
2023-07-12,394.2655334472656,396.7057811412987,392.31726899594514,392.6026276846352,2273400
2023-07-13,394.1375732421875,396.77459595033935,394.0391705979162,396.5384536267052,2354900
2023-07-14,396.0563049316406,397.0205727360222,393.8817176789717,395.67254364178024,1978500
2023-07-17,395.7513122558594,397.5224398279422,394.68861168999166,395.505320647055,2344500
2023-07-18,391.7760925292969,395.4954845774625,388.8733794371872,393.9998663561778,2676200
2023-07-19,391.8842468261719,393.4389303933654,389.955681289358,391.61858673579906,1809700
2023-07-20,391.6776428222656,393.3110305664225,389.20787767507534,390.77241059622736,2570700
2023-07-21,391.1168212890625,395.07238570379246,391.04796645787263,392.2779245414034,1868100
2023-07-24,398.2997741699219,398.41784533538635,390.2509060609201,391.10698206708156,3029800
2023-07-25,394.8460693359375,398.3686561347676,394.5705599216618,396.9025556832585,2490500
2023-07-26,395.95794677734375,396.84351058570104,389.4047265502624,392.7797243013224,2572300
2023-07-27,388.1747131347656,398.69331549497554,387.63354367022,398.69331549497554,3563300
2023-07-28,386.6594543457031,391.6186537457773,382.6448843740159,391.57928667919276,4501000
2023-07-31,387.958251953125,389.7293793749043,386.1772752587821,387.6532247863549,3578300
2023-08-01,390.70355224609375,390.9298453038176,386.06904880355256,387.466294327564,2344200
2023-08-02,383.7666015625,387.8894235787344,383.3336539024462,387.56472784783125,2410600
2023-08-03,386.70867919921875,387.1317775824275,380.22434364432246,381.34604982634977,2190500
2023-08-04,385.0752868652344,389.7392783582039,383.81581097552527,385.33109773008505,2215800
2023-08-07,390.50677490234375,391.37267021545244,386.6988294020686,386.6988294020686,1559800
2023-08-08,386.8857116699219,390.02456656732267,383.8747771959682,389.82776129613194,1747000
2023-08-09,387.35809326171875,390.4280638420446,385.58693559964905,387.54501926491264,1806100
2023-08-10,390.7724609375,394.2064943318479,389.36536605444866,390.10334091191186,2154500
2023-08-11,388.6470031738281,390.30990855116306,386.5117831827458,389.40464638188075,1464600
2023-08-14,392.1893310546875,392.82893326430366,388.2829830806616,390.0935077579665,1638500
2023-08-15,388.1255798339844,391.1168162341143,387.27935306874997,391.1168162341143,1753200
2023-08-16,388.0468444824219,392.7994192566592,386.8168864186526,387.1317628897631,2002000
2023-08-17,386.324951171875,389.85738756633026,384.72108085300727,389.78853272769544,2118600
2023-08-18,385.8821105957031,387.52531764357855,382.5956364434102,383.5697835842334,2001800
2023-08-21,386.8956298828125,388.656908252257,384.7505601463705,386.9054491283338,1869400
2023-08-22,391.461181640625,392.3762631687006,387.3678778898991,388.6667207203572,2422500
2023-08-23,394.6295166015625,395.47574322295236,391.97279561576187,392.868208540187,1943200
2023-08-24,391.2939147949219,397.5224086285692,391.1266273016244,395.1510461024173,1970000
2023-08-25,396.43023681640625,398.13247946819484,392.60259311159757,394.2261316639236,2154600
2023-08-28,400.9072570800781,401.26147055695606,396.68603297766055,397.52241039131616,1901300
2023-08-29,405.0497741699219,405.5811244490754,400.07090644540506,400.8876153966578,2188800
2023-08-30,407.2735290527344,411.081474149129,406.88976774992454,408.12957500113055,2516600
2023-08-31,406.0238952636719,409.61536649023685,405.17766857507854,407.568699635223,2535100
2023-09-01,408.90692138671875,409.8318521989454,405.8762880786612,407.2046487156481,1841700
2023-09-05,404.9021911621094,408.73965428290006,403.13106357659757,406.7225350867187,2045600
2023-09-06,406.55523681640625,406.7520421110411,402.3340425094193,404.1937234221486,2292100
2023-09-07,407.97216796875,409.457966929222,405.1285205201296,405.3154765493919,2502700
2023-09-08,408.1885986328125,409.65469889102076,407.2243007958503,408.34603685282286,1868900
2023-09-11,410.00897216796875,410.8945359451004,407.991853007376,410.16641039941226,1544700
2023-09-12,409.595703125,410.9535816298397,408.5920681566838,409.28085668264606,1997600
2023-09-13,409.6252136230469,411.70139840923184,408.3165514809499,409.497323210638,2142200
2023-09-14,406.71270751953125,411.8883808932923,401.24185620852217,411.5931729277699,3557700
2023-09-15,407.6671447753906,411.5931613719351,404.5479878890367,405.25641491854225,4755500
2023-09-18,410.4419860839844,411.18981029704713,406.41756635788084,407.24409468524,1808000
2023-09-19,406.8996276855469,410.4123949705016,404.5085965197966,410.27462525974806,1730900
2023-09-20,403.9378967285156,409.18245472914157,403.50494908773425,407.1357876948528,1580000
2023-09-21,396.8927001953125,402.2159623916101,395.6529228646199,401.7928640170743,2450700
2023-09-22,395.7709655761719,400.3267348008048,395.1215441504743,397.9061858710384,1885000
2023-09-25,396.03662109375,396.7647766386174,393.4291161764933,394.17694023890317,1846500
2023-09-26,389.0406799316406,394.42297789271225,387.2990400069462,393.5866003612896,2940400
2023-09-27,389.1390075683594,390.66414333943067,385.20314232351075,389.8572837574522,1987500
2023-09-28,393.0355529785156,394.91493246214225,389.03080240390193,389.4834185535289,2216200
2023-09-29,389.5622253417969,395.7316851948984,387.92883716088403,395.5840962086094,3032300
2023-10-02,389.503173828125,390.0049763609985,386.1576934864356,387.289249039441,2856800
2023-10-03,384.7899169921875,391.4808768314441,382.7334307179799,388.1747639776767,2527900
2023-10-04,387.4466247558594,388.14523250182947,382.34965591024513,385.7148342583057,1813400
2023-10-05,388.4419250488281,388.9543185729787,384.3032625008652,384.6875801978335,2116600
2023-10-06,392.1567687988281,395.14250774173524,384.7958834741836,387.4860166095955,2484000
2023-10-09,388.9740295410156,390.7083308722798,383.8893979694706,388.698120699388,2475100
2023-10-10,394.5216979980469,396.837377018882,388.09694797188786,389.7622641567565,2713800
2023-10-11,393.9699401855469,399.2122377271484,391.55571550744463,397.3596942296046,2055600
2023-10-12,394.05859375,399.41913324681235,391.51629343472655,397.9016198413683,1779000
2023-10-13,392.2159118652344,396.2658920849148,389.3089909513766,392.9845170794492,2235600
2023-10-16,395.3002014160156,398.52242522679563,392.95496160905986,394.3936267576029,2202100
2023-10-17,395.90130615234375,397.71442553260096,392.6298244835131,393.8024444744532,2176000
2023-10-18,387.46630859375,395.50711774350987,386.82580926475964,393.2801203113437,1951400
2023-10-19,382.204345703125,389.0626719817116,379.8689693025592,388.09700616951784,3472800
2023-10-20,378.794921875,384.2934015128057,378.55843718101494,382.20437319111744,2652500
2023-10-23,378.06561279296875,382.1943803471883,375.4346011751896,376.7254631461899,1771800
2023-10-24,381.2583312988281,383.74151032534655,378.26272877110625,379.86892384424465,2003300
2023-10-25,380.6671447753906,382.9532636166054,376.65658828677607,378.39088948656746,3504500
2023-10-26,359.264404296875,370.0643023762461,357.7370572859815,365.6004736117251,6920100
2023-10-27,358.7618408203125,362.91036666218633,354.5147997439549,361.1366413643969,3624900
2023-10-30,366.98004150390625,367.7782073568498,359.3925040530887,361.16619926589544,3386400
2023-10-31,370.8525695800781,372.1631287134186,367.6598766031472,367.8668307335171,2978800
2023-11-01,372.3011169433594,374.84341714962954,369.56172614729377,373.13870684228704,2354700
2023-11-02,377.1000061035156,377.44489962811775,372.961343951899,374.74490267054506,2816000
2023-11-03,380.4109191894531,382.76602266837347,378.12483050296504,379.3762686672644,2269100
2023-11-06,380.519287109375,382.5787544519619,378.59775912139787,381.44555874676075,2020500
2023-11-07,383.189697265625,383.8991812917941,378.68644490607653,380.36162471202647,2324200
2023-11-08,384.0075988769531,385.65318806711707,381.3470262003228,381.45540497743895,2838400
2023-11-09,382.29302978515625,385.7320715334385,381.61310626290077,385.24920855259563,2657100
2023-11-10,388.61920166015625,389.3188220999399,381.090786536195,384.34260068861306,2807000
2023-11-13,388.5896911621094,389.85099285511427,387.27910178165166,388.5896911621094,1614600
2023-11-14,391.8414611816406,395.81259316825646,390.9546136301107,391.3783253388034,2733900
2023-11-15,391.0334167480469,393.4476411685983,388.9936764797229,391.66408258282684,2434600
2023-11-16,391.2994689941406,394.10784436003024,389.7720921809303,392.1961800097363,3060600
2023-11-17,394.4527587890625,395.2607881698493,392.09768543750613,394.1275923694701,2365500
2023-11-20,398.4928894042969,399.28122178055247,392.4425925345373,394.866650688937,2768300
2023-11-21,402.9764099121094,404.35595385993673,399.76401966289495,399.7935802449269,2567500
2023-11-22,404.3362121582031,406.819421246435,404.15884867241556,406.23804310626366,1967900
2023-11-24,406.47454833984375,406.9376841796122,404.533323233385,406.4646847884221,1053500
2023-11-27,402.9960632324219,406.6912859446277,402.28657926880635,404.9964092577573,2665900
2023-11-28,403.0355224609375,404.6417175512109,401.50814556379686,403.10447710300286,2645000
2023-11-29,403.83367919921875,406.06064644908906,403.4395280987657,405.00629902153247,2151400
2023-11-30,407.78509521484375,408.11029168385545,402.8088735300724,404.1095992625148,3203500
2023-12-01,408.307373046875,410.51467351297686,405.5581486056281,406.85887440446965,2171400
2023-12-04,402.2668762207031,408.79017113954853,402.06978565028163,407.78505133091744,3097900
2023-12-05,402.72021484375,403.07494184283445,398.41405280908606,401.1435802358322,2755600
2023-12-06,404.3855285644531,407.7752824242405,401.21256233773835,405.42017904350644,2224200
2023-12-07,407.1150817871094,407.52896004805547,404.00123652908536,406.050870657514,2363000
2023-12-08,406.1395263671875,407.62747921455673,403.2523324933814,406.19864753327334,1959300
2023-12-11,409.6377258300781,410.09102827308936,406.3563802898062,406.4351985001772,2236000
2023-12-12,414.60400390625,414.85035209633094,408.6423897350111,410.90878105503566,2736500
2023-12-13,418.47662353515625,420.14193983835634,413.02740233984457,415.69780851270144,3694200
2023-12-14,412.446044921875,419.6295674977007,409.8248962303756,418.8018410801437,3989700
2023-12-15,412.4558410644531,413.1357644520032,405.5876525526122,406.5927423085647,5566600
2023-12-18,418.2302551269531,418.8806179777227,413.4018364647201,413.4018364647201,2686900
2023-12-19,419.2550964355469,420.447413362074,416.34817550387965,417.85582535914557,2256200
2023-12-20,413.3229675292969,421.3637452546586,413.1160134168679,418.8707030020139,3058300
2023-12-21,417.2547607421875,417.7080330438724,414.46608207009524,415.628868515345,2213600
2023-12-22,417.9051513671875,420.930314906593,416.7817889824678,418.5456507630582,1759000
2023-12-26,417.4814147949219,419.50145817065373,416.77193071829043,418.79197409402224,1258200
2023-12-27,418.1612243652344,418.80175366638065,416.78168062391586,416.82110475132447,1324100
2023-12-28,420.0926513671875,422.1028309588432,417.49120002956147,417.5798817699168,1505000
2023-12-29,420.2799377441406,422.0930570816283,418.07263718701233,420.4474376978634,1706100
2024-01-02,415.7274169921875,418.08249034039756,413.43143473928785,417.8952632872666,2463700
2024-01-03,412.65289306640625,415.1853595405167,411.40145515441884,415.04742019887817,3093700
2024-01-04,413.6383972167969,417.2646662099626,412.1701713108342,412.38695896764403,2042600
2024-01-05,413.2935485839844,416.58475762158594,410.89902072033505,414.34789624780956,2415900
2024-01-08,416.47149658203125,416.5701670896691,411.09262867085386,413.96464523245623,2125400
2024-01-09,417.0833740234375,418.16902061708254,413.07637578442086,413.62906311951275,2439300
2024-01-10,422.6793212890625,423.86366844907417,418.61310888912834,420.4389648778132,2709300
2024-01-11,421.1495666503906,426.1533897226648,420.211955973227,424.3867480821563,2320600
2024-01-12,423.49853515625,425.48227613768677,422.11681677835327,424.337445281145,1892400
2024-01-16,422.75830078125,424.1202910018983,420.9521728384946,421.86017635866017,2398000
2024-01-17,421.8404541015625,424.7618057002705,419.92577653586324,419.92577653586324,2690400
2024-01-18,425.0973205566406,425.5907934849373,421.8700184484915,423.04448642737333,2075700
2024-01-19,431.0782470703125,431.3644698266881,423.7353668569242,426.9034548953716,2400200
2024-01-22,434.009521484375,435.18398968257844,431.55203548068687,433.2495838757975,2715500
2024-01-23,433.0324401855469,434.84841722628687,432.1441646828267,434.52270817683564,2328600
2024-01-24,432.9731750488281,435.1740451126199,430.07155171560095,432.80538099467077,2725700
2024-01-25,431.0979919433594,432.9041199532063,428.7885419648544,430.30844720717346,2977800
2024-01-26,432.805419921875,434.1476821182637,425.0480389670207,426.90347211150925,2725400
2024-01-29,434.82861328125,435.2036575439706,428.9957894915011,430.0912849881021,2314200
2024-01-30,439.37847900390625,440.3950321487242,434.3055622584645,435.14447235720576,2663600
2024-01-31,443.36572265625,455.9690111029146,440.7897781653085,444.12566016517655,4740500
2024-02-01,454.9031677246094,455.12029705135933,448.1228233425919,449.0604340988307,3292700
2024-02-02,454.5675354003906,457.7849887152208,452.51470115360263,456.1762620578057,2050300
2024-02-05,450.79742431640625,455.3472305126341,449.5834700019685,453.5115255738833,2438800
2024-02-06,454.4886169433594,454.54783129173126,449.4157002253638,449.4157002253638,2201900
2024-02-07,455.8801574707031,456.2058363461009,453.62004305925615,455.18928333365744,2544300
2024-02-08,452.2778625488281,454.73534833631055,451.47843873557,453.9951388707604,2081300
2024-02-09,451.9028015136719,452.9982970248563,450.4125035401371,452.08044455021,2155400
2024-02-12,452.72198486328125,453.4029800032455,450.1263121006931,453.18585068152936,1794500
2024-02-13,454.4491271972656,455.8506037094877,450.086842931482,450.79744522571286,2407700
2024-02-14,459.1174011230469,459.37401671502835,453.44246175934023,455.969041049124,2202700
2024-02-15,465.1278991699219,465.94705107897187,459.15688805246293,459.74903154372754,2354100
2024-02-16,462.0189514160156,467.9801126006467,460.97279125662226,467.9801126006467,2237200
2024-02-20,445.85284423828125,449.8993287599122,444.24411747984357,446.8891254644254,5044200
2024-02-21,453.0574645996094,453.6003028697023,446.09950864736754,447.3924052562568,2895800
2024-02-22,465.4042663574219,466.3319980328859,455.55453415923233,455.7815425884893,2572800
2024-02-23,467.2399597167969,468.9671151101318,465.70029634221737,467.54591054836595,1764100
2024-02-26,468.31573486328125,468.8782711671809,465.83849087746256,466.8254368327114,2066900
2024-02-27,468.5525207519531,468.79925720311263,463.81519293736835,468.3551195433472,2011100
2024-02-28,472.59906005859375,472.88528280891654,467.4866874189755,467.980160379229,1931900
2024-02-29,468.5624694824219,472.14508810475184,465.88782426854567,471.7601647265246,3072500
2024-03-01,470.4080505371094,471.266688690101,467.71367726461835,468.7105023071121,1748300
2024-03-04,462.3742980957031,470.408052579288,459.68980390915095,469.46059290144603,3212400
2024-03-05,461.4169921875,463.1145405457852,458.5548547548291,461.26895630841744,2015100
2024-03-06,465.4437561035156,467.4373762511899,461.0617132988272,461.0617132988272,1917100
2024-03-07,461.43670654296875,467.09188742103794,459.8082517893761,467.0228240968293,2178100
2024-03-08,463.13421630859375,465.4633940427918,461.0024096716413,461.0024096716413,1596900
2024-03-11,463.03558349609375,463.2428337202653,458.6239337235203,462.87766852365786,1774500
2024-03-12,466.6971130371094,468.17753191922134,462.59141438974837,464.3876631953187,1853900
2024-03-13,469.4013671875,469.9442055527585,466.6083232921709,468.0394070233417,2103900
2024-03-14,473.2208251953125,475.7079179900253,470.9508315815175,474.74070017692674,2757700
2024-03-15,469.61846923828125,472.21414185667356,466.9043679272048,467.16098350748683,4179300
2024-03-18,472.6385803222656,474.5433788572346,470.42780082026917,472.3918438243929,2072300
2024-03-19,477.6817932128906,478.28381572646083,473.2504159677158,475.33285726190445,2049500
2024-03-20,481.66912841796875,482.0737798873538,477.3265720945993,477.99768813783254,1691100
2024-03-21,482.2612609863281,483.6034929585487,477.0896439683285,482.1526812749051,2580300
2024-03-22,475.3822326660156,482.5079830853204,475.1749523465294,481.93553761130767,2277800
2024-03-25,469.8257141113281,476.02373288735504,468.21698754564903,475.3131306656807,2600300
2024-03-26,470.5757751464844,473.7340139538557,466.1443978624342,471.4837785923428,2515100
2024-03-27,471.7107849121094,475.8658185412077,468.55254611860727,474.22748480250823,2309400
2024-03-28,475.2835693359375,476.1323283974462,471.04956276845746,471.67134353729307,2214500
2024-04-01,472.1549072265625,476.97120798347277,471.0988678968305,474.385414573623,1648200
2024-04-02,473.1715087890625,474.1387267022403,470.08236302108156,470.7436300868748,3265100
2024-04-03,471.1877136230469,476.99093007688805,470.9804333031541,474.16827932724135,2265000
2024-04-04,463.63763427734375,475.668509015926,462.8776966630489,473.7044960179101,2552600
2024-04-05,470.92120361328125,473.05301025140585,466.3615186314023,467.81233022738166,2462700
2024-04-08,473.2536315917969,474.0739180165447,468.73703446321696,470.83225295622657,1961800
2024-04-09,466.6418762207031,473.2932336615878,462.36246398078293,472.38397241807627,2217200
2024-04-10,463.686767578125,468.8457620225867,463.370500217634,464.67508045897273,2710500
2024-04-11,462.8368225097656,464.85298931753545,458.76497809317016,462.8071743285154,2299900
2024-04-12,459.9410705566406,464.0326703530574,456.70926801213085,460.55381973999005,2486300
2024-04-15,454.4164123535156,465.4953918982233,453.07229107964423,464.7442644169153,2070500
2024-04-16,454.4460754394531,457.9644671868923,453.6356515684012,454.6239645347811,1787200
2024-04-17,454.7820129394531,457.99402947781033,452.79549459808476,457.36149482071124,1735000
2024-04-18,449.3858947753906,456.511622451615,448.49638902264167,455.11809762134715,1998900
2024-04-19,450.0678405761719,454.4855704276868,447.3005462700496,453.5269358381369,2548800
2024-04-22,451.41192626953125,455.35528516935796,449.8108641646668,452.153160959629,2157400
2024-04-23,457.4110107421875,457.5691444348751,451.96539668875636,453.12173612113315,2029100
2024-04-24,457.09478759765625,462.67875032207047,454.9699205631702,459.85218946411396,4043100
2024-04-25,456.70928955078125,458.57721553093893,451.38229835576954,455.552980272423,2006500
2024-04-26,457.0157165527344,459.3876617507668,455.55300243616995,457.4999802774093,1963300
2024-04-29,451.75787353515625,456.19538920654196,450.3544558192541,455.56288457693626,2120700
2024-04-30,445.9267883300781,452.37057751925045,445.61052096644715,450.92764914394354,2698800
2024-05-01,436.9034729003906,443.7327183766978,433.25659603710926,440.58986056218083,4979100
2024-05-02,435.94482421875,439.46321571370754,432.9304517910532,437.8226126879372,3866500
2024-05-03,438.3958740234375,440.05626281131725,431.79395032034415,439.710347223804,3711500
2024-05-06,444.1181335449219,445.23493187348066,440.3526640589316,442.0031597630939,2536200
2024-05-07,447.7650451660156,448.0022306132266,442.2996759731426,446.4802504457344,2345300
2024-05-08,449.4551086425781,449.7911314555965,444.6618145454475,448.6941184625883,2332400
2024-05-09,450.1666564941406,450.7003539328498,448.24932695592406,448.24932695592406,1970100
2024-05-10,451.6392517089844,453.2205282615973,449.66262585730135,451.9851371042954,1729900
2024-05-13,452.4101257324219,453.3588976776084,450.18642169278957,451.58980912991103,2069300
2024-05-14,448.8917236328125,453.61585800827186,444.0489663761949,452.5682487649088,2991000
2024-05-15,452.6473388671875,453.2403326795465,447.4982367543886,447.4982367543886,2437800
2024-05-16,453.5071716308594,459.49634586785845,453.45776804630043,454.62397012234163,2412200
2024-05-17,454.89080810546875,456.29422581916094,452.7560484321881,455.0687273655979,1985900
2024-05-20,454.2879638671875,456.81804277144954,453.41824358867495,454.1100747631971,1397200
2024-05-21,453.7344665527344,455.0093986616366,450.3050195218448,452.5583717677864,2166000
2024-05-22,451.18463134765625,457.09475383353185,449.8504329516879,453.5368210688061,1713700
2024-05-23,445.9366760253906,452.69673295832416,445.1756859147204,451.18461535702215,2084600
2024-05-24,445.9070129394531,449.13881546860733,445.05707831134015,447.2214860041239,2162100
2024-05-28,439.8782958984375,445.36345063534253,437.2296245431562,444.7408086774475,2670800
2024-05-29,437.2988586425781,439.36442921370224,436.6366756552228,436.9430502753802,1876900
2024-05-30,436.93316650390625,438.9987369750415,435.5198862069587,437.04186645247853,2189900
2024-05-31,441.8450927734375,442.11192642105266,434.12637078515024,437.51627707994606,3917100
2024-06-03,438.0104064941406,439.79925047082276,432.77236006975374,438.2970256866952,2123800
2024-06-04,439.5719299316406,439.68066003734873,436.1622684281188,438.17840508447506,2096600
2024-06-05,441.4398498535156,442.33921822470205,437.1406826447801,441.57819797781997,2157000
2024-06-06,443.4362487792969,444.52339906043227,439.43359338161406,443.2484669052409,1887100
2024-06-07,444.5332946777344,447.705770833951,442.03286409562827,444.1972718906791,1664700
2024-06-10,443.9996032714844,444.9088644777582,439.1766311358547,443.1793167744191,1954500
2024-06-11,443.7920227050781,443.9995599641787,439.90793017641795,442.6060351883869,1777300
2024-06-12,437.8226623535156,447.21163592543076,436.4390301751015,446.2134301362908,2738900
2024-06-13,439.7992858886719,439.94752680678755,434.18567527594945,437.8226598846778,2916600
2024-06-14,439.4336242675781,439.75975429438216,436.04371783711343,438.158692022777,2161500
2024-06-17,442.8728942871094,444.08853005361146,436.51804936140655,437.25928406175524,2351900
2024-06-18,444.8494873046875,445.92677486458217,441.47936699090985,441.83514514356443,2636500
2024-06-20,447.22149658203125,449.16847427352496,443.11997376650214,445.78843075962743,3006800
2024-06-21,449.5341491699219,449.9788718987247,444.99779637062755,446.9052331163007,5007800
2024-06-24,451.6194763183594,457.65808411492276,449.6132022401547,449.6132022401547,2597100
2024-06-25,450.3247985839844,454.93034064181387,448.4964135579679,453.12174117817796,2299400
2024-06-26,447.093017578125,449.3661253009512,446.11459740817463,447.458688544231,2451400
2024-06-27,437.5755310058594,443.45600475172733,436.83429634012384,443.32751925058665,3313800
2024-06-28,436.0041809082031,443.06072027448994,433.59269469674194,439.4435211182183,4105000
2024-07-01,432.4955749511719,437.29879112071876,430.4596528782643,435.6482953784338,3149700
2024-07-02,439.453369140625,439.5620992542344,429.91615472882455,429.91615472882455,2061300
2024-07-03,442.94207763671875,444.0391206625607,439.0876632775106,440.11551716027174,3192400
2024-07-05,444.23681640625,444.6914621181672,439.0877139394724,441.8846265574379,2220700
2024-07-08,441.0247802734375,445.3437032264014,439.79928181380996,444.0292602167285,1802700
2024-07-09,440.15374755859375,443.0042793214318,438.2632702780654,442.083794162424,1608400
2024-07-10,429.20684814453125,432.9382959985985,424.6637458177506,430.1669026925838,4760900
2024-07-11,431.9583740234375,433.2945484451668,425.71285506472276,427.58354758408575,4032600
2024-07-12,435.6106872558594,437.7090396098115,432.8492315144062,432.92840037418114,2645600
2024-07-15,439.4609375,439.8568422133858,434.25470141247587,435.82844303696004,1727700
2024-07-16,438.9957275390625,442.5886223576463,435.20489547272183,442.37087024119904,2846600
2024-07-17,446.5477294921875,446.9040346612758,437.5407540712605,437.87727457726356,2925000
2024-07-18,444.1327209472656,450.7741159249122,442.9054071764446,444.16241304799206,3339900
2024-07-19,439.15411376953125,446.6269172583361,439.03534537480704,446.6071325944133,2121700
2024-07-22,443.36065673828125,444.26135732110055,438.71860076830114,440.85652244747774,2111700
2024-07-23,437.2042236328125,444.1524461225154,436.6004440581175,443.4694976916857,2385500
2024-07-24,428.02899169921875,431.4041040256727,424.47566638590195,429.56313366578877,3764800
2024-07-25,425.2080993652344,433.22529711008906,425.1684998375274,429.5037268509609,2384300
2024-07-26,433.7004699707031,436.2738961605561,427.6925164510472,427.8607918281575,2039600
2024-07-29,436.7884826660156,438.3919464286779,430.9686205492039,434.31404070619095,2248600
2024-07-30,442.8757019042969,444.1426151736063,438.48108989390596,439.2332998251367,2266900
2024-07-31,458.9693908691406,469.15420258536295,452.8624849362721,457.27688100092337,4313600
2024-08-01,457.6827392578125,462.72070004648157,454.4956564364344,460.70154671598516,2590100
2024-08-02,457.29669189453125,461.9783472949616,453.92154919267574,455.51510563690556,3808100
2024-08-05,437.48138427734375,456.5840661239587,435.09601835378476,450.3484838149127,4496700
2024-08-06,443.7169189453125,450.7938470956133,437.59019825302204,438.68886618709956,2758900
2024-08-07,445.2412109375,452.2488478933131,444.4494015462135,445.92415937486123,2059800
2024-08-08,450.92254638671875,451.60549486352284,446.41907357819906,447.6166951685045,1585400
2024-08-09,452.1102600097656,454.1095983359372,448.82419367893203,450.92251572939944,1760200
2024-08-12,451.0314025878906,453.7730735117554,449.24981638991784,453.0901250878945,1760000
2024-08-13,454.66387939453125,454.941045909947,450.2396058716485,453.4563806346948,1816100
2024-08-14,455.4556884765625,455.8318084873162,451.407505055327,454.5648954122244,1654100
2024-08-15,463.9183044433594,464.20534819085145,459.2564638817806,460.3452244708947,2130500
2024-08-16,464.0865783691406,465.4524752671268,461.2756157149281,463.2155699005354,1921900
2024-08-19,462.2059631347656,465.3435385547817,460.76086731440245,464.20530131974243,1690800
2024-08-20,464.3241271972656,464.8685226070656,460.7510471431092,463.34425774745637,1763300
2024-08-21,463.2155456542969,464.2943987492054,459.7711114920855,463.75003358761734,2105900
2024-08-22,464.02716064453125,466.09579050519795,461.9288386884709,464.69029417685334,1538200
2024-08-23,461.6715087890625,465.5316323998891,457.17791350589937,465.4920328689701,1986300
2024-08-26,463.84906005859375,465.71972268923236,462.2258114469046,463.3145720760139,1434400
2024-08-27,470.13409423828125,470.63889009534023,463.4333158674039,466.26406314721106,1635900
2024-08-28,466.9767150878906,471.53960216456215,464.0766761087283,470.14401315347754,1445300
2024-08-29,475.88470458984375,476.9932800512953,469.6194303251168,469.6194303251168,1893400
2024-08-30,478.39874267578125,480.7742010926449,474.74646365518635,476.9140773895424,2982100
2024-09-03,477.1911926269531,481.71447991527185,475.1324701447499,477.53762055289457,2063700
2024-09-04,478.2007751464844,481.1997976265557,476.2607908806181,477.1614913885723,2156300
2024-09-05,472.4798583984375,479.21035904169474,468.27330682349873,478.2007975377226,2293500
2024-09-06,471.2525634765625,475.52840684935455,469.8569744504876,472.2324329223965,2116200
2024-09-09,482.1103820800781,484.20870408143196,474.6672713533606,475.58775653602396,2343600
2024-09-10,483.0308837890625,483.3377121937814,477.39905113895077,482.1203060091201,2234100
2024-09-11,483.18927001953125,484.1097552685707,472.9549807052042,481.54623677409245,2480000
2024-09-12,487.0790710449219,487.841218550829,478.0622184421406,481.9718490809954,2299100
2024-09-13,488.3163146972656,491.7706566025912,486.4258674076589,488.05899324422245,2204700
2024-09-16,492.621826171875,493.2256057555867,488.3460131481384,490.2364603454058,1589200
2024-09-17,495.8682556152344,496.61058819464864,492.76037225632666,493.50270483574093,2202800
2024-09-18,489.7019958496094,496.6700030100117,488.9893553212055,496.1553299305613,2193800
2024-09-19,487.9698791503906,496.00686208694276,481.27897818885504,494.8884094486941,3517200
2024-09-20,487.70263671875,488.484568889925,482.7537524554008,484.64422986867123,3470200
2024-09-23,492.0577087402344,492.60207395982883,486.27738499076605,488.11838575478026,2191300
2024-09-24,482.42718505859375,488.2074788007677,479.4677616547151,487.64329869198957,4143700
2024-09-25,484.4462890625,484.89167051957395,478.5967042815242,479.80423324113394,3483200
2024-09-26,486.2477111816406,488.5836004897295,484.0009283799444,485.98048227924886,3073700
2024-09-27,488.5934753417969,490.9293342885171,485.37670046994674,486.01014196857176,2177200
2024-09-30,488.75177001953125,489.9296068237896,485.09949122407323,486.75243176465455,2862400
2024-10-01,491.3054504394531,492.9385762433943,488.06886072402756,492.1764589230466,3748100
2024-10-02,490.50372314453125,490.84024365046605,484.673922971527,487.90060518371433,1736500
2024-10-03,489.9098205566406,492.0081425254081,487.95995906574046,490.4838778062581,1382200
2024-10-04,492.6119384765625,493.9481130274445,487.4353948015804,490.4938015698338,1935600
2024-10-07,486.2773742675781,493.4334720606009,485.73300905998775,492.24572770964824,1990500
2024-10-08,491.9784851074219,492.4436814412566,486.50502026324347,487.4651050285793,1750100
2024-10-09,495.4969177246094,496.28977996274284,491.1757368632417,493.94089458037286,1707500
2024-10-10,493.5840759277344,496.26003886014695,491.42350066139664,495.5464507612206,1491000
2024-10-11,497.7862854003906,498.440410285757,492.0478495504846,492.08750173177265,1919900
2024-10-14,502.1470947265625,504.2581272847413,497.5781410720401,499.8675630798742,2127000
2024-10-15,502.7120056152344,505.3383954536024,499.5107650223547,501.1163304991777,2885900
2024-10-16,509.4910888671875,510.80925924410485,501.49296261939566,501.8398511525714,2956700
2024-10-17,509.18389892578125,512.4346521882172,506.9638302585557,511.69133251184047,2227400
2024-10-18,511.740966796875,513.3861544981125,508.0144475797909,509.95695107143115,2604600
2024-10-21,510.4226989746094,514.1987600221007,509.3622224479514,512.3850433089192,2217500
2024-10-22,508.4504089355469,509.9667493486171,505.9528359122556,506.59704013410067,1855800
2024-10-23,509.1541442871094,510.1353165951298,507.34045755929054,508.0936676082003,1759700
2024-10-24,506.07183837890625,508.7676424512185,504.9221670158112,507.3404360475363,1911900
2024-10-25,502.8408508300781,510.1452002512729,501.11635896010364,507.93508256636386,1582200
2024-10-28,503.6833190917969,506.30970925294395,501.6317797558097,502.8805362547247,2186400
2024-10-29,501.7704772949219,506.8349773893865,501.19565676104327,503.01926394068767,2066300
2024-10-30,509.114501953125,511.84992796985426,502.48408819222993,507.9549402256884,3121000
2024-10-31,495.1400451660156,523.1979099812398,494.58503562121393,516.6071187066543,5523300
2024-11-01,503.554443359375,506.00244391570317,494.08951871311905,495.982509691521,3753700
2024-11-04,501.07672119140625,505.4573649961716,498.54944646472705,504.6050396437479,2165100
2024-11-05,501.0569152832031,503.62384221952163,499.12427206392545,501.07672625238257,2132900
2024-11-06,516.4882202148438,518.3415589994793,511.3444459190701,516.220605788862,3673700
2024-11-07,513.2672119140625,519.3624576359427,511.98872381009534,519.3227752041375,2382300
2024-11-08,520.0859375,524.129613606598,514.9025408147012,515.7053236712342,2215600
2024-11-11,525.398193359375,529.2734006952671,523.8124688252818,524.1394859470987,2213400
2024-11-12,524.45654296875,526.171174591166,522.6032043323914,524.3871592160278,2577600
2024-11-13,517.2315063476562,525.7747212964134,511.8201179764109,525.2890955114625,2681500
2024-11-14,515.7647094726562,517.7072126165515,513.0392043141068,515.9827208494188,2480400
2024-11-15,517.241455078125,518.7280943332175,513.3860894252902,513.9113976646792,2408100
2024-11-18,516.9837646484375,518.827182818866,512.394999945006,513.9708641819894,2493400
2024-11-19,514.8331909179688,517.9947800037054,512.1572277229867,514.1592549377871,2716000
2024-11-20,507.97467041015625,517.845976251138,506.4484093097254,516.8846452928705,2409400
2024-11-21,510.5118713378906,515.4871764951778,507.0232356096239,508.6585326620692,3077300
2024-11-22,516.2206420898438,517.0631073639705,511.5823344985303,512.3256541860775,3130400
2024-11-25,521.9095458984375,523.544873533435,516.3792905515875,516.9937633679042,4503900
2024-11-26,523.772705078125,525.9234200141318,520.3831846300947,523.1979148063712,2326800
2024-11-27,527.6380004882812,528.8669459067604,521.8896742290858,524.3376444592006,2086300
2024-11-29,528.1929931640625,530.9978026933572,525.3089397655639,528.2623769182433,1760600
2024-12-02,526.6270751953125,530.0562781872651,521.5427641036789,528.1830982079251,2355100
2024-12-03,521.4932861328125,530.0563438202332,521.275274717665,529.9076556797136,2319400
2024-12-04,516.4981689453125,521.592400974417,513.554591573756,518.9759011978135,2630000
2024-12-05,520.0957641601562,522.7716662042284,517.5188867034371,519.9272348380027,2538600
2024-12-06,523.8619384765625,526.2702867671944,517.8459978076443,518.272160460735,2122700
2024-12-09,518.1631469726562,526.8550502197829,517.2315173173685,524.3079344548842,2942000
2024-12-10,524.2980346679688,524.9422087211548,515.586289861542,517.8559311870692,2003200
2024-12-11,529.6896362304688,531.1168124900587,522.5735961486907,524.4764776643065,2181100
2024-12-12,527.6677856445312,531.9691557840446,527.2317023146798,531.5132312373543,1860400
2024-12-13,524.2881469726562,529.9175474165194,524.198921994903,529.4120803561083,1608200
2024-12-16,525.5864868164062,530.2347150559026,524.2881575038738,527.2614362798881,2923000
2024-12-17,526.2802124023438,527.0433732373702,520.194887918989,524.6845674668388,4055800
2024-12-18,515.3287353515625,532.3457851346016,515.0809621028633,525.596444259695,3190300
2024-12-19,518.6190795898438,524.5061128654424,517.5486824072326,519.4911856187618,3050500
2024-12-20,523.3267822265625,527.3406961370525,514.7934268861798,518.2127092882662,7317100
2024-12-23,524.24853515625,524.6846184627202,516.4882606192621,521.1464094630323,2270300
2024-12-24,530.9383544921875,530.9680558210993,523.1285382590232,524.5557143344112,955000
2024-12-26,531.3744506835938,532.9106324882205,528.1731796742356,528.876877368003,1109600
2024-12-27,527.4596557617188,532.7718992107535,526.0721014991079,528.8570701405039,1541800
2024-12-30,520.8688354492188,523.8619552148228,516.6864526562952,522.3059321806548,2101600
2024-12-31,521.879638671875,524.4762964496849,520.878625465259,522.9698163374318,1942600
2025-01-02,517.7469482421875,525.8342395819188,513.0491171460578,524.4764471663726,2818800
2025-01-03,516.7162475585938,519.7886722462414,513.0690324674882,517.8758699574873,1627500
2025-01-06,507.3701171875,516.716114799362,506.4583287718678,516.3295740990443,2920800
2025-01-07,506.8448791503906,511.73098990414366,506.52772217834007,509.1045696461822,2211800
2025-01-08,511.8003234863281,512.8409587820136,506.9736763573163,507.4791130958561,2456700
2025-01-10,500.91204833984375,509.9343571037198,499.6117752315587,508.3065546288382,2815500
2025-01-13,501.1502380371094,502.3809947989354,496.19740530331114,497.26934985549315,2885500
2025-01-14,505.2295837402344,505.5968539878883,500.45540371436,503.29412254317515,2704800
2025-01-15,518.4603881835938,519.8698580209353,509.90458034693296,511.73090576541216,3024800
2025-01-16,519.2444458007812,523.1947892937806,516.8424227438339,519.7208520887973,3275600
2025-01-17,520.7929077148438,524.197359434879,517.1303823551596,520.6738061243391,2374800
2025-01-21,524.1278076171875,526.0334934067099,522.9863468406932,523.7307619782349,2706900
2025-01-22,523.25439453125,526.3511568869269,521.7556289168001,524.0682957450791,2037600
2025-01-23,530.241943359375,530.3709801709678,524.7432183463046,525.1104583237109,2196500
2025-01-24,529.517333984375,532.0682036380732,528.1873462774073,529.0210572559665,2472900
2025-01-27,543.5620727539062,543.9094422846509,527.7010248936017,529.6067714401952,3074600
2025-01-28,543.2840576171875,547.4428591165902,538.6190441506913,542.4701564948919,2727800
2025-01-29,544.71337890625,546.5098984177001,542.4305178457214,542.9267946232563,2549000
2025-01-30,561.7952270507812,572.6438297450985,550.400732037079,550.8672031123497,6005200
2025-01-31,551.2941284179688,561.3288324062381,550.510032755515,559.6216690153746,4505100
2025-02-03,559.7505493164062,560.7927183582858,546.9664555983524,548.5247718376286,3195500
2025-02-04,554.9466552734375,567.740686328129,553.4280796948213,566.6290310894643,2638900
2025-02-05,562.0731811523438,562.6488792283486,555.6315176968293,557.169963728624,2404700
2025-02-06,562.9366455078125,565.5073858612069,560.3361600498224,561.9143468519027,1738400
2025-02-07,558.5595092773438,565.8051380634321,557.596761414259,563.8299661953215,2008300
2025-02-10,561.2791137695312,563.0458882191015,556.8225578921418,561.0409106034459,2357700
2025-02-11,560.4949951171875,562.2120933523995,555.0557605332014,560.7828138342173,1847800
2025-02-12,560.395751953125,560.5446592290111,555.2742019080926,557.8250719917937,1722200
2025-02-13,562.093017578125,563.1649924111375,557.2890315773867,561.388282724639,1709500
2025-02-14,560.5545654296875,565.0011860497201,559.9292518324127,561.7952573956039,1927400
2025-02-18,564.3759765625,564.3958470234321,557.3388043588504,560.6936409000059,2064100
2025-02-19,564.2666625976562,566.4502924054585,562.4304628619234,563.2641738735749,2459100
2025-02-20,559.085693359375,564.2667947442674,554.8772146620843,563.9194251715045,2181900
2025-02-21,553.3585205078125,560.5942138318503,552.4354530074285,557.2493133287196,2256100
2025-02-24,554.83740234375,557.2791057444962,552.643837316145,554.2716395833091,1752500
2025-02-25,559.8300170898438,561.8249988703897,548.5744329922906,558.2518302639046,3609500
2025-02-26,557.090576171875,562.4602644703491,555.4329680485986,558.4007541881786,2028000
2025-02-27,560.6141357421875,570.4205702287178,559.8002345145256,561.358550947659,2436500
2025-02-28,572.0185546875,572.1376562713592,559.8002224678554,563.0756371853113,3205400
2025-03-03,570.6388549804688,577.8944188167285,565.7555086056154,573.0309428981635,3092600
2025-03-04,550.9367065429688,568.9317072598969,547.8994951016804,566.2121202244463,3318100
2025-03-05,554.142578125,556.8125493244194,547.214574440985,548.4652014788724,2795400
2025-03-06,545.7258911132812,551.5422413466158,540.6340857064301,544.4157129391709,3133200
2025-03-07,542.6985473632812,546.2816512942087,532.2866698669055,542.9963013250117,3161300
2025-03-10,533.120361328125,544.475176435737,528.0583624231198,534.1427205698596,3893400
2025-03-11,521.8845825195312,534.0433620636295,518.3610299514539,533.1997158785455,4582600
2025-03-12,520.7332763671875,528.7431902832345,515.3933337564895,526.5595604939915,2810800
2025-03-13,515.9591674804688,524.5943961279786,513.8549586434141,520.5943759433455,2375800
2025-03-14,523.7109985351562,524.4752236159409,517.070812496336,518.7084895957295,2369500
2025-03-17,528.028564453125,529.5074595807563,517.5968167307922,519.3536559369738,2544800
2025-03-18,526.2420043945312,528.6241573065746,521.5968607386453,528.3760189024312,2363300
2025-03-19,532.0980834960938,533.6166589947755,525.636549898559,527.6117218600631,2804300
2025-03-20,532.3859252929688,536.465306206525,528.5844278961562,529.626597100111,2598600
2025-03-21,531.7010498046875,534.0434618027288,526.8077677398817,531.4529114003018,5973400
2025-03-24,539.6216430664062,541.3983529279454,534.2320838454627,535.3338038925833,2758700
2025-03-25,541.1004638671875,543.1054414136413,537.9640213208812,541.8846199392596,2138200
2025-03-26,544.9813842773438,546.9268110419157,541.0607856436815,543.0657631979514,2681600
2025-03-27,553.4180908203125,557.6463786413917,543.7208232391359,544.9813856349898,2901200
2025-03-28,536.5844116210938,554.4305673576038,536.0683249204154,550.1029874229921,2656400
2025-03-31,544.0384521484375,547.3238020069251,527.0658105144455,528.1972755308931,4741800
2025-04-01,544.4255981445312,547.0459542519795,539.94917160614,542.7283096379797,2714900
2025-04-02,543.3040161132812,545.4380306707765,537.6167031439501,538.8176542762895,2994600
2025-04-03,526.5992431640625,535.9689505535408,523.0756903829276,524.4850993792501,3443500
2025-04-04,486.1229553222656,517.001312905762,484.65399541164135,515.7506857037276,6125100
2025-04-07,481.9045715332031,498.46038717838223,462.12298725570844,474.93685676480857,6009400
2025-04-08,476.3463134765625,501.8053059991289,468.1478114532074,497.2693290018281,3555400
2025-04-09,512.4033203125,515.4652511389584,467.24009849842594,467.34943800161204,4698400
2025-04-10,496.4078369140625,505.64329387829343,481.28715959385926,503.85384540130894,4105300
2025-04-11,506.7566833496094,512.880484350581,492.9979572255089,495.334163795139,3736200
2025-04-14,509.4508056640625,520.3464086189286,505.51403733499126,512.8407551065324,3005500
2025-04-15,514.3419189453125,518.2289324966738,510.3654071814935,510.3853091568739,2210700
2025-04-16,510.4150390625,518.6563368421681,506.8759464523036,513.0196490953371,2501000
2025-04-17,514.2921752929688,520.9030890593785,506.14031482466225,507.9496347846503,3329800
2025-04-21,506.3292236328125,514.6103259364645,500.58316564876594,513.9641185380084,3345600
2025-04-22,524.2335205078125,525.694859501931,509.73911768535635,512.592260111093,2384000
2025-04-23,526.897705078125,540.7458985789796,524.5217249831044,534.5822938485978,3051800
2025-04-24,532.3157958984375,532.8923464459457,522.1856292431925,525.5855299828818,2209100
2025-04-25,530.3472900390625,533.7670921672034,526.7684541574777,532.3157043830063,2006100
2025-04-28,531.3513793945312,534.6021968472862,527.3848190219484,532.8823751009654,1735400
2025-04-29,536.5108642578125,537.3061543334614,530.2776637625605,531.2022559783794,2041500
2025-04-30,544.8417358398438,545.845814729691,526.4404186555196,535.3677284805339,3783500
2025-05-01,543.4201049804688,549.5837097118765,536.5605986270598,546.770310940638,2839900
2025-05-02,556.105224609375,559.0776573438276,551.7310375466925,552.3672939697649,2632600
2025-05-05,557.8250122070312,561.2348634382962,552.5859390409844,554.5344514631707,2130900
2025-05-06,555.70751953125,562.4178825473448,552.8344754700875,553.2122489088372,2341700
2025-05-07,563.00439453125,563.8990731143225,555.2104061504934,555.9858549325664,2493700
2025-05-08,563.789794921875,570.500158069865,563.6705044311618,566.1061298572638,2004300
2025-05-09,565.3009033203125,566.2353859728897,561.2845877733093,564.1178886928662,1528000
2025-05-12,574.8743286132812,577.3794895236628,563.103828225213,576.5941503693753,3000300
2025-05-13,573.2042236328125,579.4373642085586,572.4188237709217,574.6059172522145,2370200
2025-05-14,569.9136352539062,575.242145895317,568.9195074173707,574.8743234499387,2237500
2025-05-15,578.7813110351562,579.6163445434213,570.281529103875,570.7586911085979,2034200
2025-05-16,579.8549194335938,580.8589375900939,577.0216186650088,577.0216186650088,2225900
2025-05-19,582.966552734375,584.9946126142775,577.0713811884295,577.6082491221711,1875500
2025-05-20,577.6976318359375,580.5607249549968,573.4626374024643,577.8268733131467,1964300
2025-05-21,566.195556640625,575.6000279916835,563.7698822475797,573.074965083847,2505300
2025-05-22,566.7921142578125,569.7943393551463,563.6009417493932,565.3207636568454,1869900
2025-05-23,560.2705688476562,564.2172271334375,559.2068448084208,561.1751984581155,1948800
2025-05-27,571.1761474609375,571.1860984477761,563.1634793696086,563.4915585515389,2655200
2025-05-28,572.5381469726562,575.4410442485591,569.5756651240988,571.2060495102764,1702900
2025-05-29,574.38720703125,575.1824971603007,569.5756016338601,572.4983398826006,1347800
2025-05-30,582.1612548828125,582.1612548828125,573.1246665470632,573.393100487823,4581100
2025-06-02,577.8070068359375,578.4035200004915,571.404881211034,577.091263850577,2089100
2025-06-03,578.5526123046875,579.1093822048016,570.0727324670198,576.4649678862781,2116900
2025-06-04,580.6998901367188,583.4038886905965,578.8010720157006,580.7396334060121,1530200
2025-06-05,582.0022583007812,583.2449182144225,579.2087612419858,582.8671447465352,1480000
2025-06-06,586.6547241210938,587.6885952452237,582.5986654888552,584.4576797209752,1528600
2025-06-09,580.8988037109375,586.535492214422,576.594212685364,585.2828812854799,1936000
2025-06-10,586.078125,586.4062041879132,579.7355843096786,581.216885810423,2133700
2025-06-11,587.2710571289062,591.2177761158006,584.1494812199238,586.8535404350971,2238100
2025-06-12,585.8197021484375,587.2014937776297,581.12738703579,585.9687849233432,1984000
2025-06-13,558.729736328125,571.8621271378258,549.2656192431565,569.4960978665838,5905400
2025-06-16,565.3306274414062,571.6234732758268,559.3360684822642,560.588679192852,3108200
2025-06-17,566.1061401367188,567.9353014787013,560.6881309909068,561.4038739481822,2246600
2025-06-18,535.5664672851562,567.7265390424949,531.0232958136716,567.5277013408313,6966800
2025-06-20,529.8403930664062,535.1789164710042,524.2335570276048,533.7771619537335,8202800
2025-06-23,539.1652221679688,539.9406710258631,524.4720439063567,528.2994119077854,3681100
2025-06-24,554.2561645507812,560.8074335195461,549.2457210353166,553.9081833751226,4503200
2025-06-25,546.4721069335938,555.2005181547026,545.3984318353496,552.7351004326423,2889200
2025-06-26,542.6049194335938,545.6866914981905,538.8868909825161,542.3265951874763,3764100
2025-06-27,547.0884399414062,553.430980411864,542.3464307302017,543.5592982463595,3837500
2025-06-30,558.6401977539062,559.3261483867909,548.6591761390141,549.2556285690235,5054600
2025-07-01,561.2944946289062,562.9845240604872,553.76893974036,556.0355802977913,3827000
2025-07-02,558.2227172851562,562.6664398690215,554.1169642079834,559.6343619123018,2502300
2025-07-03,565.8973388671875,566.3148555829918,557.4472519743277,557.4870559222376,1528700
2025-07-07,561.801513671875,567.3984582013076,557.0595045126611,567.3189109855265,2478300
2025-07-08,559.1372680664062,563.292715180994,557.1291104011599,561.264716219019,3083800
2025-07-09,562.5517578125,562.86035202606,556.7183003516021,559.4558512250342,2454300
2025-07-10,560.9689331054688,563.4974125112147,558.4702862934563,563.0892953378783,2577200
2025-07-11,547.6892700195312,558.2811162032835,543.3788553721812,557.2856433083936,3221400
2025-07-14,550.5165405273438,556.5391404918819,545.3101750182155,548.0079289302789,2500900
2025-07-15,547.8684692382812,552.3480974401706,546.1662494072248,550.6060198061025,2449100
2025-07-16,553.005126953125,553.005126953125,547.012360629513,549.9191244960869,2424200
2025-07-17,553.0947265625,554.8567331758757,548.0178386797261,550.4766277704188,2722000
2025-07-18,550.1581420898438,553.8314402951041,548.3862315491288,552.7464086304575,2579600
2025-07-21,552.13916015625,555.5536254803048,549.5409292782217,550.8948188242102,2194400
2025-07-22,556.23046875,557.6739166623668,552.7263845642016,553.2938114301187,2010400
2025-07-23,559.5454711914062,559.9436239545169,551.9898040379474,554.4884511049639,2180400
2025-07-24,560.9490356445312,565.2694151995385,559.3563031476609,559.4558261441465,1874700
2025-07-25,565.6476440429688,567.3798181161651,561.2974318540912,561.8051328101271,1513300
2025-07-28,565.7073974609375,569.062136443335,563.6566648544631,564.8014830510497,2492400
2025-07-29,560.769775390625,570.4059453260139,560.451216786293,567.4494201139606,2393800
2025-07-30,556.5789184570312,563.0494932361526,552.6966100448701,557.7934271640236,2833200
2025-07-31,563.905517578125,576.8168329851923,559.9634836883527,565.9960471719197,4568300
2025-08-01,557.3554077148438,562.3128439468776,553.5825260565393,561.3074064681089,3316700
2025-08-04,567.2304077148438,567.3398951511414,559.9535032847327,561.735377893113,2984700
2025-08-05,563.4775390625,569.2413668638212,559.5852662005035,567.021420663188,2883200
2025-08-06,566.5535278320312,567.7779401240493,561.416853358441,566.4141470361852,2245200
2025-08-07,558.6793212890625,571.3019722475808,551.3526546778284,570.3761289007414,2979600
2025-08-08,571.7200927734375,573.5517291713928,560.14273627225,561.1979352811828,2907700
2025-08-11,570.993408203125,573.979827325508,566.8621707802874,572.3969984567499,2116600
2025-08-12,571.5806884765625,575.7019613408944,567.8775580249143,572.5761614915886,2593800
2025-08-13,575.2838134765625,577.6430793899336,571.4412419040842,574.7163866322418,2352900
2025-08-14,581.1173706054688,581.7544879540832,572.8947533040495,574.8558060928992,2642300
2025-08-15,579.0665893554688,586.8909916494356,578.4792336194287,582.3516377241956,2263800
2025-08-18,581.49560546875,582.8394696982622,578.0612115102919,579.3852075960727,1812000
2025-08-19,582.8594360351562,587.896527244787,581.5752369132094,581.7643792233259,2334500
2025-08-20,589.9968872070312,591.191466871451,583.2575160469974,583.2575160469974,2884600
2025-08-21,589.2404174804688,589.5291435637358,581.2865971714784,586.373450105671,2349200
2025-08-22,596.24853515625,599.0458118803059,590.3951490044634,592.6050699194998,2388900
2025-08-25,590.5245361328125,596.3280997398813,590.1760841417057,595.1136518936315,1984300
2025-08-26,588.9317016601562,593.3018422278158,583.6357785961891,590.3950784025315,4774600
2025-08-27,587.986083984375,591.928179128893,587.1499206487474,588.5336427680312,1480900
2025-08-28,587.806884765625,590.8431260597329,587.0503155549824,588.1453723236469,2159800
2025-08-29,592.5950927734375,594.1281600596383,587.5878952416091,589.3200085182028,2111200
2025-09-02,589.1906127929688,592.9236366262451,583.3471910133215,592.9236366262451,2284500
2025-09-03,590.5941772460938,591.3108885528225,586.2937271291939,589.1507294236154,1959400
2025-09-04,592.9435424804688,593.1924107263465,586.622252579866,590.3453725756294,1653700
2025-09-05,581.5751953125,595.8702334845113,576.4087488738963,592.7742663394478,2432100
2025-09-08,583.9444580078125,587.1200194197097,578.0712035568214,579.9824947714785,1948200
2025-09-09,581.3562622070312,588.5037514273498,580.6594189190536,580.8983227300508,2266000
2025-09-10,576.7571411132812,579.4946918135032,568.4150726642607,579.4946918135032,2535200
2025-09-11,586.0648193359375,587.299196175569,577.3843236515278,578.2503803296192,2407000
2025-09-12,577.782470703125,586.5426819149956,577.3743534974784,583.785202197701,2242800
2025-09-15,580.3209228515625,583.844875160935,578.8675104963064,580.0919227609743,2222600
2025-09-16,583.7651977539062,585.4475493758891,574.2186467210339,575.3932974454298,2537000
2025-09-17,595.9199829101562,596.1788156011738,584.7806380573154,585.0494351993487,2930800
2025-09-18,583.3969116210938,598.896432781524,583.2276982316574,593.3815344982348,3294600
2025-09-19,581.5154418945312,586.2041412828485,578.8774750769935,585.9552730495611,6745300
2025-09-22,581.843994140625,584.6910322900201,577.5137109679034,578.3399097974624,3241700
2025-09-23,567.3897094726562,584.2032628122188,565.6775250985502,582.7996726338574,3223000
2025-09-24,566.2349853515625,569.0720590511846,562.3924742171233,568.693835215571,2867200
2025-09-25,564.7318115234375,569.7987957445632,562.0141897206614,562.4422358126074,2700600
2025-09-26,562.5716552734375,567.0811163201213,561.5064918838821,564.0549003059984,2106500
2025-09-29,565.5679931640625,566.7426439057514,559.9634758250638,563.4376665564437,2615600
2025-09-30,566.2349853515625,568.0467534727137,561.0983714902579,563.2485664008659,2379200
2025-10-01,571.1725463867188,572.8648018314459,562.452193433645,563.1191433121733,3685100
2025-10-02,574.7164306640625,577.2150775570534,568.1861303671125,570.1372185158267,2483500
2025-10-03,577.8223266601562,580.579745609773,573.8205056765818,573.8205056765818,2331600
2025-10-06,576.1897583007812,578.5092275385217,566.6830027481544,576.6078399726841,2573500
2025-10-07,577.2151489257812,583.4268913471577,576.2893054751676,576.3689603356319,2120700
2025-10-08,573.8304443359375,580.4304350231564,573.4720886469385,578.6883573163096,1934700
2025-10-09,562.7362060546875,577.5385325955075,560.7027820526249,575.3854381565585,2579800
2025-10-10,555.6889038085938,567.590545303519,554.9014638297116,565.7564909418269,3553900
2025-10-13,557.4432373046875,563.1847410360479,551.2332728145059,556.2072309701146,2996500
2025-10-14,566.0953369140625,567.9792792146965,554.2136512108104,554.2136512108104,2627300
2025-10-15,561.0018310546875,566.8629449655591,557.6028132934044,562.4870343264204,2262400
2025-10-16,548.1133422851562,562.835908479604,545.6313519281664,560.9918156834789,3210600
2025-10-17,559.167724609375,560.9918623450218,550.2365496237853,550.7149880439943,2756700
2025-10-20,564.5404052734375,565.5969973117078,552.0107823963912,559.8954035155114,2046400
2025-10-21,570.1921997070312,574.1294603962912,558.9683663273814,560.353854269722,2722400
2025-10-22,569.5243530273438,574.5780717251852,566.7533160869151,569.2153514109818,1820500
2025-10-23,571.9266357421875,575.136261461097,569.8333460289697,572.5147061455345,2187500
2025-10-24,571.826904296875,578.9539572160456,571.2388339102062,575.3854419532629,1839600
2025-10-27,570.5210571289062,573.8702472256487,564.6599440400785,573.8702472256487,2981000
2025-10-28,564.1117553710938,572.1458575213749,563.6333169983717,571.2388079665792,2916000
2025-10-29,552.7982788085938,564.9889671577062,549.4590050861034,559.8256166092332,3763400
2025-10-30,551.901123046875,561.1114269313426,543.8869759560273,549.7879390750735,4284700
2025-10-31,550.216552734375,552.6487159179935,541.7837720215902,547.1265367727974,3567100
2025-11-03,542.322021484375,549.2297495087246,538.6239190547673,548.2329623045346,3175500
2025-11-04,550.97412109375,552.2500379039172,540.7370971501116,543.0795835577918,2653900
2025-11-05,551.5323486328125,554.5426655841358,547.6050044501372,551.2233470201252,2198500
2025-11-06,551.50244140625,553.216886156996,546.0998110742502,548.412364637792,2593600
2025-11-07,550.1966552734375,556.8751423329853,548.9008439547953,552.0207930623876,2510400
2025-11-10,551.1834716796875,552.9178716723853,546.8175388792112,550.5056636847862,1978300
2025-11-11,556.5560913085938,556.7355665373333,546.2493460540991,551.2233042916675,1832400
2025-11-12,559.4268188476562,564.0917752932402,556.6158718537035,558.2007901520708,1761500
2025-11-13,553.7850341796875,561.7892032126688,553.0772934139655,558.0811842846864,2031300
2025-11-14,543.9766845703125,555.2104963069999,542.3020892968607,554.2535586482852,2567800
2025-11-17,535.1251831054688,547.5551511053659,534.4872855362039,544.2458103061138,2557900
2025-11-18,525.885009765625,534.2779409826917,523.0142577529214,531.8457777730139,3594700
2025-11-19,528.6560668945312,529.2940253305802,523.2933466671828,526.4532060274263,2723100
2025-11-20,526.18408203125,536.7301086448745,525.4863187570961,531.5766745267753,3240300
2025-11-21,538.663818359375,542.6608838608462,529.9618248758833,530.8290248585005,3807500
2025-11-24,536.1219482421875,542.2920631797132,533.3907611653127,541.6940152209304,5941000
2025-11-25,544.7142333984375,548.6316603553361,537.2682627445952,539.760230568086,3132600
2025-11-26,543.17919921875,546.9071733216591,542.4216312716022,546.7177813348721,2185300
2025-11-28,548.7612915039062,549.6284915088172,543.6676626270181,546.3689778661126,1254800
2025-12-01,542.2222900390625,548.0136819276481,541.644197282052,545.8805427731227,2227000
2025-12-02,544.1560668945312,552.967692403414,539.3017181573216,545.5217213136833,3076000
2025-12-03,551.950927734375,553.286649281254,544.7441761262179,545.5615488878813,2687900
2025-12-04,540.5676879882812,557.2040695281495,537.8265230666311,555.2404278597551,2878800
2025-12-05,543.7673950195312,548.6715712088765,539.5110940332073,539.9696380659964,2126700
2025-12-08,538.7036743164062,545.5715526940983,535.6634855382438,544.963466267216,2453800
2025-12-09,535.8229370117188,540.1589977527725,534.1981690394639,536.9792442116243,1965300
2025-12-10,537.1287231445312,543.1991838165362,535.7731071863275,536.3612383894491,3023400
2025-12-11,561.5599975585938,563.3143527572264,540.9065960670204,541.026205663376,3659900
2025-12-12,570.092529296875,571.8668398192701,564.0719561592499,564.181588156279,3515400
2025-12-15,567.301513671875,571.4580993317799,565.3378112180943,571.0394657355824,2714000
2025-12-16,564.2015380859375,569.1655191169151,560.6728722878605,568.8664951100608,2748700
2025-12-17,563.6531982421875,569.9230283274844,561.749361562526,563.7030862707345,3287100
2025-12-18,564.390869140625,567.3014705580941,561.2310100987883,563.1847347976696,2259000
2025-12-19,570.3915405273438,571.099281366892,563.3841578953198,564.4008395053681,7262100
2025-12-22,573.8504028320312,577.5883548295834,569.1654908272866,570.3915196139837,2500200
2025-12-23,574.498291015625,579.8510335301885,573.9002430181009,574.0398078305445,1794700
2025-12-24,577.5883178710938,580.4191592662263,575.1461772211472,575.3953740050385,1058900
2025-12-26,577.7378540039062,579.3327500748798,576.8208267875117,577.8873964239883,972300
2025-12-29,576.0433349609375,580.1201604523326,575.5548581385168,577.7378244936391,1274900
2025-12-30,575.5648193359375,575.9237089477585,572.4050211041781,574.2291586243052,1512800
2025-12-31,569.0458984375,576.1230634312424,568.7867240235827,574.7076426003067,1736500
2026-01-02,561.32080078125,569.0459018561962,557.6924806427385,568.8764650611032,3901900
2026-01-05,566.7432861328125,574.4085818710147,556.655804882518,557.822028831512,2865000
2026-01-06,578.4755249023438,579.502184107739,566.1153389772169,567.1719310021117,4056100
2026-01-07,578.0568237304688,583.399649431708,575.7642253075785,577.4089485452298,3653900
2026-01-08,578.2063598632812,587.7754926717955,571.6574606420734,575.6545870584066,3390200
2026-01-09,574.5526123046875,580.312733097845,574.3530041583899,577.1182106612657,2221100
2026-01-12,565.3085327148438,566.905763420629,554.9363429290113,563.0623927614577,3486400
2026-01-13,544.0550537109375,557.9911271072086,532.7844437692388,557.9911271072086,8721600
2026-01-14,545.8818969726562,547.6488799038871,537.2267880623664,543.5658697933799,3943700
2026-01-15,541.7191162109375,548.9366937536321,538.0753533605271,547.5790414371068,4005600
2026-01-16,538.564453125,543.0967033967784,537.7558451803242,539.3131664415682,3496200
2026-01-20,530.8277587890625,535.4897300669587,527.6033195431008,529.6896999032713,4098700
2026-01-21,526.6649169921875,536.4780698681674,523.8697328117177,532.6047214572143,4937700
2026-01-22,531.9458618164062,532.2753127605511,522.9113993153751,529.0109029614936,5114900
2026-01-23,523.8397827148438,531.2271121604529,519.2676227845468,530.4983230650987,5002900
2026-01-26,526.4552612304688,529.4800922933696,521.7533805709344,525.8064129106551,4839700
2026-01-27,519.5172119140625,528.2022992848995,518.6587018639359,526.7448429045569,3850800
2026-01-28,520.4755859375,522.931387747402,517.3809283534553,521.064600603083,5483000
2026-01-29,542.7971801757812,543.3063149900961,519.2177065290969,530.8776615005373,5488300
2026-01-30,537.8656616210938,542.8271670651553,534.3117713849889,540.0818848034594,4306900
2026-02-02,554.417236328125,556.1642341351807,540.0219914585122,540.0619009019978,4603300
2026-02-03,549.7752075195312,559.1491135454288,548.0881652171961,553.3790608515241,5706700
2026-02-04,552.5704345703125,555.6451068414932,540.081886209362,548.7868974661304,4448000
2026-02-05,550.9432373046875,560.9559989736855,549.0065629727045,553.8981203754394,4621600
2026-02-06,547.798583984375,555.8347613954587,538.8739188143962,552.1211725921991,3779700
2026-02-09,534.41162109375,545.6223357474523,533.2835548131582,542.7772494934849,4110300
2026-02-10,539.4629516601562,546.0615972892842,534.0821838204151,535.350024576947,2222700
2026-02-11,536.5379638671875,539.7723956244012,532.1953901016766,537.2267825510716,3691000
2026-02-12,526.5551147460938,542.0684324810328,526.2456490174384,539.0036920428292,3466200
2026-02-13,517.470703125,533.0738936588347,515.1347516770804,528.1523587247533,4017700
2026-02-17,521.0346069335938,524.9578575952004,514.1165028572846,514.1165028572846,3178000
2026-02-18,527.07421875,529.8494788431035,518.5089818059424,521.5936467192967,3575900
2026-02-19,519.3674926757812,525.6267558554373,515.1646930851814,523.9096748681127,3009400
2026-02-20,525.5068969726562,526.5950538459247,517.7003660965215,519.3574914944878,2838500
2026-02-23,495.1790466308594,521.8232312252796,489.1593924686803,519.5770911578213,6312300
2026-02-24,497.1456604003906,498.39351597368477,490.4172328980602,492.8929588577325,5292900
2026-02-25,508.5161437988281,509.66416485306104,501.5580997832397,501.95740748055226,4139100
2026-02-26,513.8869018554688,519.0081059188532,508.1367737190057,510.07344797426657,4843600
2026-02-27,516.32275390625,517.8700827123206,505.8806759854798,508.59601107420326,5121100
2026-03-02,520.106201171875,525.2573221514356,506.4696318576838,508.6059752151713,3827000
2026-03-03,523.4205322265625,525.896258269307,512.1199444639687,512.7288833808615,4199700
2026-03-04,522.0228881835938,525.2573200567502,519.3874635394517,523.2607511542637,3154700
2026-03-05,523.7598876953125,524.4187895470322,511.8703468194442,520.2059975246761,3879300
2026-03-06,521.4439086914062,521.6535094232927,511.32129008930474,518.7485285819695,2872900
2026-03-09,516.831787109375,519.9963926300892,508.23657276948757,515.3843234267132,3546600
2026-03-10,513.8369750976562,518.4391130080535,510.12338595726493,516.0631909935425,2759800
2026-03-11,503.1353759765625,514.4259709645329,501.8575730657072,512.1998160804754,2873200
2026-03-12,496.45684814453125,504.75258966648227,495.4386089509588,499.14223581040915,2702500
2026-03-13,497.13568115234375,500.9990372365369,494.55012799089695,495.7081416498272,2809300
2026-03-16,507.6276550292969,507.7075043825182,497.7645995517352,497.7645995517352,3450300
2026-03-17,505.7109375,516.073165722109,505.63108814645256,509.6741280965782,2834300
2026-03-18,487.63201904296875,502.8858046124045,487.08297476744696,502.8858046124045,3458700
2026-03-19,490.2974548339844,496.22723662568575,486.47400820957273,489.6784928647076,3284500
2026-03-20,495.4685363769531,498.36355513539417,490.16764848265757,491.62513522245337,5762900
2026-03-23,499.5215759277344,506.1701539934396,499.5215759277344,505.1818316756192,2985900
2026-03-24,498.0740661621094,501.86756544900123,492.39382505801285,494.78973217193385,2278900
2026-03-25,501.8974914550781,505.3814943785646,493.71154691559775,500.43001211945887,2422000
2026-03-26,499.89093017578125,503.93396994618104,498.1938344524002,499.6513516605644,3995400
2026-03-27,483.4092712402344,499.1921465752735,479.6756969999703,498.5932002540091,3963300
2026-03-30,493.15252685546875,494.6898934654024,486.1645355842374,487.19276736696673,3629500
2026-03-31,498.8028259277344,500.5498237642148,489.73838580706985,499.1422389944236,4417600
2026-04-01,490.8065490722656,502.13708379569033,484.81684230730707,501.3684157283346,4607100
2026-04-02,492.5934753417969,499.0224295573576,486.91323445445937,487.2925874151948,2926000
2026-04-06,500.6396484375,501.04894871517996,490.33734566846846,492.90294400003114,2466000
2026-04-07,497.4251708984375,501.73776700262874,494.8196631262533,497.4351634917362,3593200
2026-04-08,506.25,510.9419490509534,504.99215185756924,507.12849518104855,3874900
2026-04-09,503.57000732421875,506.6700134277344,497.760009765625,504.4599914550781,3301800
2026-04-10,498.6600036621094,504.3900146484375,495.6700134277344,502.010009765625,2842200
2026-04-13,508.5799865722656,508.8699951171875,495.0,496.2300109863281,3318100
2026-04-14,513.1599731445312,513.97998046875,506.69000244140625,508.0,2744600
2026-04-15,519.9600219726562,522.4400024414062,513.2000122070312,516.0,2910800
2026-04-16,518.5399780273438,522.22998046875,517.010009765625,518.030029296875,2967400
2026-04-17,521.2999877929688,527.469970703125,518.739990234375,521.5,3617200
2026-04-20,516.6500244140625,524.47998046875,514.5399780273438,520.760009765625,2503500
2026-04-21,511.3500061035156,523.1099853515625,510.1700134277344,516.9299926757812,3444900
2026-04-22,510.1600036621094,513.7899780273438,505.7200012207031,512.0700073242188,2288500
2026-04-23,502.3800048828125,509.6499938964844,498.3699951171875,507.3699951171875,2724000
2026-04-24,504.1700134277344,505.6099853515625,495.6300048828125,499.0,2406900
2026-04-27,506.42999267578125,509.04998779296875,500.760009765625,500.760009765625,2531300
2026-04-28,507.6199951171875,517.0,507.239990234375,512.25,3892500
2026-04-29,525.22998046875,534.2100219726562,520.8900146484375,529.989990234375,5876700
2026-04-30,502.9200134277344,514.1500244140625,498.9599914550781,504.5,5975100
2026-05-01,495.4599914550781,509.0,492.1499938964844,506.0,4531800
2026-05-04,504.739990234375,507.2900085449219,493.8800048828125,495.0,4419900
2026-05-05,497.0799865722656,503.8800048828125,493.260009765625,501.0299987792969,4216700
2026-05-06,491.8900146484375,500.739990234375,489.7300109863281,499.1400146484375,4363300
2026-05-07,500.94000244140625,503.5199890136719,492.70001220703125,492.70001220703125,4964100
2026-05-08,495.4800109863281,500.4100036621094,491.7300109863281,500.1300048828125,4143400
2026-05-11,497.80999755859375,501.6600036621094,492.010009765625,495.0,3959400
2026-05-12,499.80999755859375,506.30999755859375,499.75,500.6099853515625,3296000
2026-05-13,490.6400146484375,498.6000061035156,490.32000732421875,495.6099853515625,3322800
2026-05-14,489.94000244140625,494.5,488.010009765625,491.2799987792969,2584900
2026-05-15,494.20001220703125,502.2799987792969,492.3299865722656,493.5,3416500
2026-05-18,505.7900085449219,506.2300109863281,490.95001220703125,491.489990234375,4076600
2026-05-19,499.70001220703125,512.9000244140625,498.5,507.55999755859375,3378300
2026-05-20,498.0400085449219,499.70001220703125,490.79998779296875,493.5,3615700
2026-05-21,499.6199951171875,501.3800048828125,490.07000732421875,496.0,2474600
2026-05-22,498.5400085449219,504.260009765625,497.32000732421875,499.1099853515625,1959300
2026-05-26,493.010009765625,496.8500061035156,492.05999755859375,496.0,1947300
2026-05-27,495.0400085449219,499.3500061035156,492.510009765625,493.010009765625,2834900
2026-05-28,493.75,494.5799865722656,486.3500061035156,493.3399963378906,3924100
2026-05-29,493.9800109863281,500.1099853515625,492.8399963378906,494.5,5693100
