Price,Close,High,Low,Open,Volume
Ticker,INFY.NS,INFY.NS,INFY.NS,INFY.NS,INFY.NS
2021-01-01,1109.599609375,1114.0452695948306,1105.5062062061872,1107.3548572277425,4253550
2021-01-04,1134.0726318359375,1135.6131923682199,1110.2159730853582,1117.1264659808303,7208454
2021-01-05,1138.95849609375,1143.5361188661745,1122.4524897590766,1128.5706731227374,8145280
2021-01-06,1128.65869140625,1146.1770877418114,1116.2902550512151,1144.416447054036,7161715
2021-01-07,1111.0963134765625,1142.347684839273,1105.2421618558594,1140.8951348189516,10954918
2021-01-08,1155.068115234375,1159.2056846592145,1125.2692978970617,1125.2692978970617,13186251
2021-01-11,1211.4967041015625,1217.791015480157,1179.6291535352227,1181.4778045970766,20528626
2021-01-12,1207.579345703125,1213.0813474604747,1197.2355823993075,1213.0813474604747,8309868
2021-01-13,1221.13623046875,1226.1100612683126,1197.2355146942416,1209.427928406839,14442997
2021-01-14,1206.47900390625,1218.3633282789128,1160.6582880628148,1197.2356405052901,27521697
2021-01-15,1183.9866943359375,1201.152939458616,1179.6291520199532,1197.2355572739823,15018441
2021-01-18,1155.0242919921875,1179.629201379863,1149.6983111955979,1177.8685607807886,8861765
2021-01-19,1159.0736083984375,1171.7061817280312,1154.9800979918687,1162.0226595649897,5585744
2021-01-20,1179.14501953125,1187.023950937931,1162.5070513124583,1162.5070513124583,8225838
2021-01-21,1179.3651123046875,1198.1600374653954,1175.227649705845,1188.4324547587196,6142421
2021-01-22,1180.3775634765625,1193.7144387646922,1167.7890464824043,1168.185147670167,9646591
2021-01-25,1166.5123291015625,1186.5836735677526,1155.8604756845532,1184.0307233783124,6542611
2021-01-27,1145.296630859375,1168.6691761875868,1131.2995175680549,1161.6705658114433,8133665
2021-01-28,1123.4647216796875,1141.291207719844,1120.251638559747,1137.1978043016243,4660690
2021-01-29,1090.760986328125,1136.6256556459916,1083.6743644373792,1132.3120643847108,12183519
2021-02-01,1109.9957275390625,1125.005122010936,1092.4773346055727,1100.8844352414333,8880279
2021-02-02,1119.1070556640625,1139.4864898120056,1112.3725846333607,1126.8098574237954,6892490
2021-02-03,1130.9036865234375,1147.9378657227537,1120.6479317983633,1124.7414433792203,8182968
2021-02-04,1126.2376708984375,1138.6062131817557,1119.8113976609816,1131.2115017172475,5032240
2021-02-05,1119.8555908203125,1134.5129473844413,1110.9643760226304,1132.4442158784987,5477481
2021-02-08,1147.5413818359375,1153.2194038552698,1122.8483584865623,1131.6515600427094,6921922
2021-02-09,1149.30224609375,1172.5866757624497,1142.5237150981163,1150.4906570432056,7965949
2021-02-10,1141.33544921875,1148.2459431730363,1129.979294062902,1140.7192678958165,5951207
2021-02-11,1137.9459228515625,1140.89497401597,1129.494870462155,1134.7327326439702,4673317
2021-02-12,1153.043701171875,1165.3241277490283,1145.7810578827875,1148.8181202738297,5797875
2021-02-15,1152.91162109375,1169.4176284182483,1150.6667611132243,1162.022915644676,4363513
2021-02-16,1135.9652099609375,1161.8025863930768,1132.0917795806,1156.7407452324326,6896421
2021-02-17,1127.9542236328125,1139.5744063446455,1122.4081638388745,1135.9651153099817,4575741
2021-02-18,1137.7698974609375,1149.6982801822862,1122.4083516327833,1123.2886719085736,6437551
2021-02-19,1136.7578125,1143.9763970305332,1123.9931662845765,1140.9832860809256,5389696
2021-02-22,1113.7811279296875,1151.9430964143678,1109.2035056526506,1140.014714143002,7371303
2021-02-23,1114.7935791015625,1136.4934957685794,1107.0468250167494,1119.0191594830774,6612942
2021-02-24,1121.792236328125,1123.8169086048074,1102.1610500403006,1109.2476716611327,4537258
2021-02-25,1122.012451171875,1144.1964831051553,1119.767591082714,1134.2488192251344,8788221
2021-02-26,1103.305419921875,1121.792145299428,1095.7786387480553,1117.1264049578488,15132388
2021-03-01,1115.3658447265625,1130.7714503167083,1108.3232821710671,1112.1087025290365,5756286
2021-03-02,1148.3779296875,1153.2196917521082,1126.1057812059096,1128.7908013352219,10461434
2021-03-03,1182.7542724609375,1185.791334230148,1151.458845711235,1161.3183891733065,9056399
2021-03-04,1171.134033203125,1200.6247618326536,1167.216651041202,1175.227543893149,12041941
2021-03-05,1159.117919921875,1179.6294298582864,1148.8622724146642,1169.5057444527863,6486176
2021-03-08,1175.8878173828125,1184.9991108147522,1159.5578331575844,1166.2483532735523,5119392
2021-03-09,1184.514892578125,1188.8283756056833,1160.922268144435,1170.385710330257,6518173
2021-03-10,1204.4102783203125,1209.5601307472373,1192.8340445141969,1194.5066746296966,7925984
2021-03-12,1210.308349609375,1225.1417252536396,1206.0828766227546,1208.6797785376261,9462061
2021-03-15,1209.2078857421875,1214.7539463558535,1195.9150713292859,1206.0387543033653,6658635
2021-03-16,1218.3634033203125,1237.7304516389881,1215.282281996887,1220.1681030798554,9352771
2021-03-17,1221.0042724609375,1232.4484365142844,1216.602670901958,1225.625954097866,7626744
2021-03-18,1177.076171875,1226.946334982818,1156.300635695018,1226.946334982818,10961755
2021-03-19,1183.5467529296875,1193.010197502618,1160.2623206625474,1170.826165767214,12767112
2021-03-22,1206.7431640625,1211.3207868423383,1176.1959838130717,1188.5204685629212,4862758
2021-03-23,1207.4033203125,1217.703024581029,1196.883428513493,1208.1955225939473,7165335
2021-03-24,1191.7335205078125,1206.4348254772435,1185.131118732146,1195.342811986317,6134303
2021-03-25,1174.1712646484375,1190.6332113514952,1168.713214286175,1185.5713696026812,8749994
2021-03-26,1176.2840576171875,1194.3306255428965,1172.5867549777777,1183.7667809034572,4922071
2021-03-30,1219.5078125,1232.4484785402813,1176.240046207622,1185.7034898821278,10546381
2021-03-31,1204.322265625,1221.8846131538799,1200.1407440742212,1216.6026911950014,8220987
2021-04-01,1219.4195556640625,1225.0536267024227,1206.919051217892,1214.841933392189,5675155
2021-04-05,1241.16357421875,1254.4563888469693,1221.004218477717,1224.5254995692171,9479572
2021-04-06,1242.176025390625,1255.336771135885,1238.1264659665671,1252.6958101867913,5793571
2021-04-07,1259.0338134765625,1263.2153341157666,1238.258279792919,1241.4714697762877,5879234
2021-04-08,1267.529052734375,1277.9608258941146,1250.9350380080934,1258.857920022219,5654434
2021-04-09,1268.5858154296875,1280.8662426063622,1258.902290571495,1280.8662426063622,6052712
2021-04-12,1255.11669921875,1300.717334887364,1245.6532557562905,1297.5921547595563,20384532
2021-04-13,1229.939453125,1263.4796330036042,1210.4403381849543,1261.4989124502106,14855206
2021-04-15,1197.8958740234375,1202.869705317751,1162.0228210258588,1172.850803933445,25342491
2021-04-16,1191.7335205078125,1206.786975064139,1185.439209322817,1201.6371231713124,10879878
2021-04-19,1199.48046875,1214.577875938815,1172.8947311912377,1179.6292029840504,12508028
2021-04-20,1189.6209716796875,1213.9618526540346,1181.7421469474377,1213.9618526540346,8560766
2021-04-22,1189.40087890625,1201.46133294354,1184.1630154755971,1193.3183691890542,6622446
2021-04-23,1174.1712646484375,1187.0239195967097,1171.7063248124512,1182.2701684621502,7316262
2021-04-26,1182.7542724609375,1189.5767541537984,1162.9030085508728,1172.8066110082514,7088606
2021-04-27,1187.1119384765625,1191.073379873036,1179.7612853775233,1184.911137700744,3636115
2021-04-28,1193.7142333984375,1196.7953542073567,1183.6785612714787,1195.474873860677,4879234
2021-04-29,1194.0224609375,1205.1585346306288,1189.6649182780477,1204.278214298539,5412357
2021-04-30,1192.2618408203125,1209.472146593651,1184.8231768703517,1185.175326501452,8354677
2021-05-03,1190.237060546875,1198.1158839558777,1177.8685178052642,1180.3334575384226,4560337
2021-05-04,1170.2978515625,1192.7899711977664,1165.632110895416,1191.953709880542,4887060
2021-05-05,1180.9498291015625,1183.0626195761258,1168.8894824782858,1180.5976794456374,3939788
2021-05-06,1198.6439208984375,1201.372891930784,1177.3402157880403,1184.0306275818127,4810090
2021-05-07,1190.6773681640625,1208.7239358814727,1187.11202765501,1201.901452963915,4991435
2021-05-10,1179.2332763671875,1190.9855326292056,1175.271834427564,1188.300512330176,7195348
2021-05-11,1171.398193359375,1180.5094866973957,1166.5123728573353,1176.900195068442,6420988
2021-05-12,1168.1849365234375,1170.8258971937994,1157.1809337302627,1170.8258971937994,5241898
2021-05-14,1158.8538818359375,1168.0531877125184,1154.3642689557928,1168.0531877125184,4824609
2021-05-17,1170.2978515625,1175.18356484798,1162.2869581655425,1162.2869581655425,5017129
2021-05-18,1179.629150390625,1183.6786021012647,1170.385787645027,1177.868509867654,5620150
2021-05-19,1176.9881591796875,1194.990665077294,1173.6869582844565,1181.389760373329,4435878
2021-05-20,1179.0130615234375,1187.640136285022,1175.227641118216,1187.0239550381152,4490092
2021-05-21,1192.393798828125,1195.0347596228717,1185.2191671768692,1186.2315569737161,4969733
2021-05-24,1186.7156982421875,1199.8764423547975,1184.1186891544971,1194.286430531544,4225371
2021-05-25,1198.6439208984375,1204.2779914735463,1192.3496101964242,1195.4747897814882,4099340
2021-05-26,1230.0277099609375,1232.4485911220702,1199.0404740828353,1204.1903270606833,6850024
2021-05-27,1234.42919921875,1246.753684003248,1225.1417766288973,1236.1457809007707,15365391
2021-05-28,1236.8941650390625,1244.7729892781776,1229.015233338966,1241.0316277474617,4261312
2021-05-31,1240.1864013671875,1247.0825051236686,1230.6208380920684,1247.0825051236686,4429904
2021-06-01,1234.3580322265625,1246.6375894033954,1226.750137806195,1245.7477695679897,4791325
2021-06-02,1226.75,1238.5845373091192,1214.6039388870151,1228.618599720327,9272276
2021-06-03,1236.5380859375,1244.8578792030544,1225.3263783707234,1235.1588218225315,5115645
2021-06-04,1232.9788818359375,1242.9893550263232,1225.8603231227744,1240.364321328493,4194328
2021-06-07,1236.5380859375,1238.6291407081142,1225.5488333169712,1237.7393209231227,5154576
2021-06-08,1257.2708740234375,1265.1013319051262,1241.7880960173904,1242.1884714890496,7360630
2021-06-09,1259.362060546875,1267.9932695298262,1249.8409231050714,1257.6713811300513,5394317
2021-06-10,1267.37060546875,1271.5527158093862,1262.6545162585858,1267.1036160339859,3496575
2021-06-11,1287.480224609375,1291.6623340076171,1271.9528047198082,1272.5312092843928,6140828
2021-06-14,1300.7384033203125,1314.2636185053177,1293.3083223720553,1308.9247006237795,7132294
2021-06-15,1311.5054931640625,1313.3740931171444,1301.806435115435,1302.6962549617203,5403104
2021-06-16,1317.4671630859375,1325.3420465256531,1305.8105455279979,1310.4375650008872,7661710
2021-06-17,1330.5477294921875,1337.0878839818208,1312.5733024806775,1312.5733024806775,7677951
2021-06-18,1337.6658935546875,1348.7886389324103,1323.517739710112,1342.7378219987052,13533974
2021-06-21,1334.9967041015625,1339.8907130555006,1320.6705182672051,1328.500976041739,5454052
2021-06-22,1345.27392578125,1353.8161733934135,1336.598183486593,1343.3607916536985,6427862
2021-06-23,1337.5328369140625,1356.9753804774398,1333.5286472667522,1356.9753804774398,5529809
2021-06-24,1387.406982421875,1395.9048049215821,1344.6956322155095,1349.8566304803442,10785137
2021-06-25,1400.75439453125,1404.1357534821677,1372.9920580627281,1398.7968342674067,9780240
2021-06-28,1398.618896484375,1406.0488705757884,1388.6528489007708,1399.5976766042195,5019178
2021-06-29,1390.8328857421875,1400.2649539245465,1387.4069926061065,1389.0087116988348,5913567
2021-06-30,1406.627197265625,1415.7033158675802,1398.8412739382577,1398.8412739382577,6058722
2021-07-01,1388.4747314453125,1403.1122225875179,1387.2734965313064,1403.1122225875179,4814317
2021-07-02,1395.0595703125,1396.527686132786,1372.6360454660967,1387.1845779352639,5166064
2021-07-05,1404.9810791015625,1410.3645329120188,1389.0533898850238,1396.2609093070173,4058338
2021-07-06,1390.0765380859375,1411.9216590381186,1385.538478536323,1400.3094664482746,4089574
2021-07-07,1392.2120361328125,1397.50652911051,1374.46017458664,1393.5023400140276,4797120
2021-07-08,1388.7860107421875,1402.3557603265658,1378.3306299148796,1395.2372031675477,3326813
2021-07-09,1390.699462890625,1396.9282018298825,1380.11058496977,1384.5596842120967,3436594
2021-07-12,1377.3076171875,1404.1357070791948,1364.7611791715558,1397.5065927215103,4588982
2021-07-13,1374.72705078125,1384.9155526207576,1367.030196440079,1384.9155526207576,4456160
2021-07-14,1403.1571044921875,1408.4070639348258,1368.6320468950473,1382.780205860598,5657716
2021-07-15,1406.627197265625,1420.9087400251894,1384.5596225581112,1386.2503019190274,10021355
2021-07-16,1384.0701904296875,1401.1547960825774,1378.8647662261394,1400.3539365234356,6265593
2021-07-19,1371.8353271484375,1381.8013754243057,1368.1426613770952,1374.5047869083064,5669162
2021-07-20,1379.265380859375,1386.0724162048894,1368.5430076051287,1368.80999702364,5069939
2021-07-22,1414.9912109375,1417.3492548123631,1389.364469339428,1389.364469339428,7854575
2021-07-23,1415.214111328125,1422.3772054512997,1410.4091704426617,1413.523540301329,4179719
2021-07-26,1427.1820068359375,1434.0781103240706,1418.4617292994851,1418.4617292994851,4586710
2021-07-27,1425.9808349609375,1431.9871189100877,1421.843150960739,1428.1608501312835,5892859
2021-07-28,1428.69482421875,1430.4744640368153,1410.809465771312,1428.2499142642337,4686788
2021-07-29,1438.838623046875,1441.5080824588358,1423.8006466353795,1423.8006466353795,4660873
2021-07-30,1433.0548095703125,1444.5335068880067,1429.184115105897,1432.6098996635847,6234257
2021-08-02,1451.7857666015625,1454.633146961414,1440.7964034457334,1448.1374179509676,5553389
2021-08-03,1472.829833984375,1475.89977776786,1455.3893859177253,1465.5333543568822,5513668
2021-08-04,1467.5352783203125,1494.8082764158198,1458.4591599744758,1485.1981793032805,6740391
2021-08-05,1471.3614501953125,1482.4396623268976,1465.577621980952,1467.7576368596744,5420536
2021-08-06,1468.38037109375,1477.67905178661,1462.8635326063559,1474.4311882778175,3754855
2021-08-09,1480.0372314453125,1483.7298965059185,1464.9992559683262,1477.990602575094,5018477
2021-08-10,1492.4503173828125,1494.8973219276345,1478.0352795124588,1484.2194839138658,6846517
2021-08-11,1492.7174072265625,1498.456702096927,1484.2195837872175,1490.270402517081,4899639
2021-08-12,1503.4395751953125,1509.5793537960537,1489.5584074592362,1494.1410013448915,5659579
2021-08-13,1523.5496826171875,1532.7148715966002,1504.9525324649771,1510.024462757289,5612790
2021-08-16,1516.6087646484375,1530.4453962330017,1503.8842991022166,1519.5451045756308,4564109
2021-08-17,1549.7547607421875,1556.205954643305,1500.7257088178133,1516.164061463956,9510390
2021-08-18,1542.4581298828125,1562.078700442846,1536.7188354684106,1538.4984751157394,6686090
2021-08-20,1542.0133056640625,1552.735678583318,1527.0198625262155,1527.0198625262155,6206972
2021-08-23,1547.1741943359375,1559.9876213215564,1541.1679106196082,1544.5047349064578,6189051
2021-08-24,1531.2464599609375,1563.4134691115678,1523.9944064933602,1557.1847301908044,7602939
2021-08-25,1544.326904296875,1554.4263380022362,1528.7105222770665,1528.7105222770665,6153253
2021-08-26,1537.3416748046875,1553.6254211203336,1530.4901055710045,1542.9475831744894,5302248
2021-08-27,1520.5242919921875,1537.341801243583,1517.3208534484993,1534.9393309564102,6698514
2021-08-30,1510.9586181640625,1529.2888850881866,1504.151474684652,1515.4077173505289,6559667
2021-08-31,1518.432861328125,1526.0408636007198,1500.1025962941205,1512.827062103569,12255438
2021-09-01,1492.895263671875,1521.1470441049441,1488.802114057658,1521.1470441049441,7801974
2021-09-02,1502.9945068359375,1507.62163467391,1479.4588180715016,1492.5391248511048,6830050
2021-09-03,1513.2720947265625,1517.988074588119,1498.8125226886418,1509.1789452891753,5339139
2021-09-06,1539.744140625,1541.1678305226144,1512.1151935175735,1517.276191594575,4876026
2021-09-07,1518.6109619140625,1543.7483709085054,1516.2529177532997,1539.3882322260613,3520341
2021-09-08,1506.6875,1513.450109310874,1497.522311859604,1513.450109310874,4584896
2021-09-09,1505.21923828125,1508.1556872378899,1496.8104841372344,1500.1473085786038,3331674
2021-09-13,1505.4862060546875,1514.0284547777442,1490.6261495836065,1497.5667877701696,4662374
2021-09-14,1500.3697509765625,1509.089920271295,1493.651567709299,1509.089920271295,4945167
2021-09-15,1522.8819580078125,1526.1298217987796,1503.973288440521,1506.6872821089974,4062344
2021-09-16,1514.6956787109375,1529.8226145535493,1505.0855819038713,1526.2188010957557,3246568
2021-09-17,1504.9521484375,1528.7102917114455,1498.8567964082,1510.024077435578,7454864
2021-09-20,1501.88232421875,1519.5452254836232,1493.0730864950874,1499.3463595187543,5660743
2021-09-21,1529.1109619140625,1536.4965105236413,1499.035114501679,1512.693828226547,4672222
2021-09-22,1527.731689453125,1547.3077257336527,1524.3059048281496,1527.8206497121014,4553892
2021-09-23,1550.5555419921875,1552.7355570624668,1531.4688420353173,1541.1678996173023,3826090
2021-09-24,1569.5086669921875,1590.9978373584784,1559.3646993251812,1564.3032427719265,8280446
2021-09-27,1531.513427734375,1574.0912850316047,1528.7994337947073,1573.8688300732904,5045337
2021-09-28,1501.2149658203125,1521.5918610046667,1490.4481679431676,1521.5918610046667,6557197
2021-09-29,1505.7978515625,1513.9397260517537,1472.6520575186512,1476.43379240956,7792548
2021-09-30,1490.626220703125,1515.3632568348667,1486.088161035665,1515.3632568348667,6914031
2021-10-01,1481.68359375,1493.963042912064,1478.2132744965895,1481.6390593077983,5733906
2021-10-04,1493.7850341796875,1502.0158675772525,1481.9059612165079,1488.223660262414,2947154
2021-10-05,1506.2869873046875,1515.3185712967768,1479.7703140555798,1486.8888723913853,4373310
2021-10-06,1489.1580810546875,1520.7021518744143,1485.9991770803229,1514.5623730713419,4271698
2021-10-07,1504.6854248046875,1516.43100383275,1491.9165311852532,1501.126145266415,5476108
2021-10-08,1533.9158935546875,1540.7230369842214,1511.2700223097372,1517.3652664264184,4738376
2021-10-11,1504.640625,1539.3881288124642,1480.3930374218846,1496.6767818858755,8840633
2021-10-12,1499.47998046875,1502.9057652551307,1478.8806286879972,1492.2279267808492,7439300
2021-10-13,1520.880126953125,1524.8398906735067,1494.941963810283,1509.0900132988902,7104171
2021-10-14,1526.70849609375,1587.082754690168,1511.0921133732145,1560.7441073282457,19655776
2021-10-18,1594.690673828125,1600.7859181068043,1548.286546695853,1548.286546695853,13438109
2021-10-19,1621.38525390625,1632.3745072788313,1585.9259547717893,1614.1332004381575,10324260
2021-10-20,1603.7666015625,1644.3868947949425,1596.38116282424,1627.836269201316,5876115
2021-10-21,1560.4324951171875,1614.133097673442,1554.3816771021532,1614.133097673442,8779629
2021-10-22,1530.31201171875,1568.9301010189083,1518.9222757517034,1557.0955638084176,7369809
2021-10-25,1519.412109375,1539.1660689507266,1501.3041863732174,1532.3144987375008,5905209
2021-10-26,1529.421142578125,1549.9786248274681,1522.419103935256,1535.1216613849867,5871709
2021-10-27,1552.0885009765625,1556.756637192978,1527.132343848043,1534.2690615933016,5090259
2021-10-28,1529.6007080078125,1548.3178492492198,1518.9629177698796,1543.470216730493,5329972
2021-10-29,1497.1488037109375,1537.4108857345927,1491.1342188619528,1525.202109131994,5875091
2021-11-01,1526.144775390625,1532.5632841362876,1504.5549072616056,1505.9014659494887,3636806
2021-11-02,1524.2144775390625,1531.8897952602304,1513.8459332272816,1521.611109181932,3471772
2021-11-03,1528.34423828125,1541.764897157092,1525.2022677473385,1534.1793264156572,3530713
2021-11-04,1533.9097900390625,1541.3607916889025,1530.5883225565397,1539.565380166842,483407
2021-11-08,1559.763671875,1562.9056418615107,1528.792824865108,1553.0308790467627,5245903
2021-11-09,1564.2520751953125,1570.9848674845318,1549.4399321590297,1557.2948564964524,4016134
2021-11-10,1562.1427001953125,1571.83785665347,1545.8043896132256,1549.4401417745487,4780368
2021-11-11,1555.9935302734375,1561.783688936851,1534.1792351734894,1555.6792455721493,4731349
2021-11-12,1598.0958251953125,1600.474767487717,1560.2576133002974,1564.7012131877632,5069009
2021-11-15,1604.3349609375,1615.8704586842389,1593.8766663299257,1599.801502761789,4354074
2021-11-16,1608.958251953125,1623.9049668113353,1595.2233085024495,1606.8934846479372,6034233
2021-11-17,1604.60400390625,1617.6656656279301,1598.5444904528713,1609.182390626486,4732492
2021-11-18,1597.377685546875,1606.3995628785876,1579.0644657331543,1599.3525944279756,4326924
2021-11-22,1579.423583984375,1602.7639344525808,1572.017511239656,1601.5071244338014,6621839
2021-11-23,1559.22509765625,1568.5163300051972,1535.0767917063313,1557.6091835159034,8436160
2021-11-24,1522.5089111328125,1562.4568159355308,1515.3272653255822,1562.0079630725788,7333061
2021-11-25,1546.20849609375,1549.6197123932054,1523.3618176709108,1526.0998642017403,4476260
2021-11-26,1518.60400390625,1542.5727043871634,1511.7365327759849,1528.3890188200792,4494181
2021-11-29,1522.8232421875,1536.872360153446,1498.4056877753633,1518.0205379786664,3942776
2021-11-30,1537.455810546875,1552.9412350958905,1526.1447397494564,1530.1844157187647,14808963
2021-12-01,1539.4755859375,1563.7136407678477,1537.769923125387,1539.5653345943017,5193264
2021-12-02,1569.4141845703125,1571.4340226456925,1536.2888182174336,1539.5654663452515,5559574
2021-12-03,1558.0133056640625,1603.8860489685592,1555.3201883320971,1589.926680297916,6754012
2021-12-06,1521.8804931640625,1556.5767302580853,1518.4691677243022,1553.0308366320087,3991449
2021-12-07,1536.5582275390625,1548.4528299545664,1520.7136974991224,1527.0873870655005,4202122
2021-12-08,1573.9923095703125,1579.7825772411895,1555.3649157936254,1555.72401999994,3029169
2021-12-09,1583.059326171875,1588.4007416916018,1563.8035796586253,1579.0645790008737,2082171
2021-12-10,1579.2889404296875,1583.328616559819,1567.3943384909674,1579.9622197847095,1823469
2021-12-13,1566.1822509765625,1590.1509490203869,1560.9306946167599,1586.2908803107057,4040584
2021-12-14,1572.9151611328125,1582.6552466615897,1535.3910167263787,1553.8389138318717,4768144
2021-12-15,1556.80126953125,1569.144723607344,1545.1310947683974,1566.4965354752162,3053149
2021-12-16,1590.3753662109375,1595.7616003093601,1578.1665908378222,1582.3409441807426,4481031
2021-12-17,1634.5875244140625,1653.5740233084343,1621.9298950122225,1633.824496428529,18887243
2021-12-20,1614.8829345703125,1642.4873870491053,1604.469569535608,1617.3964449810487,5773891
2021-12-21,1626.2838134765625,1649.98326863144,1616.7681538657364,1616.7681538657364,5353584
2021-12-22,1638.043701171875,1642.0385576629037,1626.9570566497555,1638.3130567405199,4156428
2021-12-23,1667.5780029296875,1671.1688255499423,1640.1082318013803,1643.9234808354008,4112933
2021-12-24,1672.8746337890625,1683.871529020571,1664.346429323811,1681.357909134367,3780347
2021-12-27,1675.253662109375,1682.7494834505653,1656.3120920810711,1669.732749649534,2647733
2021-12-28,1694.8685302734375,1701.9604279258667,1686.2505766124211,1688.3152341779669,3340933
2021-12-29,1692.6690673828125,1700.0751395868292,1684.4550381126232,1690.8287268200424,3236635
2021-12-30,1699.2222900390625,1714.4384680998746,1682.6147338295473,1691.7264690178984,4584738
2021-12-31,1694.6441650390625,1704.1598248331377,1680.1911232252733,1696.6640031380364,4619420
2022-01-03,1704.24951171875,1718.2538096972232,1694.6441036073452,1694.6441036073452,3329616
2022-01-04,1704.8779296875,1711.6107229414722,1685.8914307946536,1704.2494699005285,3921999
2022-01-05,1655.952880859375,1708.244239129732,1651.7785273383165,1705.6408706210877,6995719
2022-01-06,1631.849609375,1641.0061644901782,1615.8704026708538,1641.0061644901782,6449205
2022-01-07,1628.7076416015625,1648.1878132075997,1621.9748482469563,1629.7399155826886,4834389
2022-01-10,1661.428955078125,1678.6200425032102,1627.5405622351159,1629.3359737764672,7857560
2022-01-11,1665.78271484375,1678.7096991495666,1660.8902624950238,1665.2441133275113,5142287
2022-01-12,1685.397705078125,1695.7662508688193,1669.7327827506638,1677.7223862621913,5362535
2022-01-13,1702.7681884765625,1716.8621239088293,1675.4329845969487,1710.1293312660496,14277630
2022-01-14,1731.988525390625,1735.2651732163426,1688.5844753336473,1689.4821810621609,7688506
2022-01-17,1741.100341796875,1754.0273268080673,1733.0209898627827,1740.2475651482325,5262464
2022-01-18,1724.268310546875,1746.0376748737065,1715.9196032810285,1725.48019138657,3690315
2022-01-19,1676.0614013671875,1720.0040497228024,1672.2909718339438,1720.0040497228024,5747770
2022-01-20,1637.1458740234375,1658.9601668033267,1629.7847309693936,1655.369343931458,5533463
2022-01-21,1603.032958984375,1623.0518391075366,1594.3252578843944,1611.381665485635,8252758
2022-01-24,1559.1353759765625,1587.7272819323061,1551.2355216165236,1584.450634058544,7116712
2022-01-25,1545.984130859375,1562.00815815135,1526.5487775496383,1549.9788780052622,9137653
2022-01-27,1506.888916015625,1534.807544146456,1494.6801391976826,1527.8952534020755,11231734
2022-01-28,1513.71142578125,1550.8316470432278,1507.6968409545839,1509.0433996097977,10998502
2022-01-31,1558.5965576171875,1570.5360869932047,1539.8794161078179,1542.2583580762077,8788872
2022-02-01,1590.779541015625,1597.9162579975496,1557.2501431039855,1585.4381259763172,5119935
2022-02-02,1604.2899169921875,1609.4069054950608,1590.7345821422696,1605.9955798264787,4253717
2022-02-03,1560.7064208984375,1597.0185757090092,1556.6218157838234,1597.0185757090092,3832922
2022-02-04,1562.995361328125,1574.5308575751117,1535.2114139423968,1554.8262614323921,4700077
2022-02-07,1539.5653076171875,1554.8263048355502,1521.9702974467775,1546.0287449587365,4310209
2022-02-08,1541.6300048828125,1548.5422947711145,1522.508830105397,1535.0767095991916,6053401
2022-02-09,1559.584228515625,1564.701107408803,1548.5424040620683,1557.5194614769207,3867244
2022-02-10,1588.5799560546875,1592.4401343281156,1569.8628144650563,1576.0570055996025,4334630
2022-02-11,1545.2659912109375,1567.3495338935516,1537.7701690461283,1562.0082277526346,7551371
2022-02-14,1510.12060546875,1542.7522979398288,1506.5747115034765,1517.1227543219873,7459637
2022-02-15,1560.43701171875,1568.0675105535606,1517.5266332614685,1525.2020612168308,4669915
2022-02-16,1555.9935302734375,1575.8776263746088,1550.2032620267948,1560.437130216687,5350642
2022-02-17,1548.3629150390625,1570.0873502660593,1544.323239180745,1565.5988215345953,3937950
2022-02-18,1532.3388671875,1546.298236171717,1529.24182601946,1535.0769137031268,5602215
2022-02-21,1553.6593017578125,1559.5842473898958,1518.469280099005,1526.997484746324,5120890
2022-02-22,1556.935791015625,1571.8826121857755,1518.065201649821,1526.0098748318906,8878515
2022-02-23,1564.5662841796875,1578.3909732299805,1556.083009544595,1570.9849015512389,5478811
2022-02-24,1506.4847412109375,1539.5202430026688,1499.6172711504462,1517.2122797722955,13592379
2022-02-25,1521.252197265625,1551.3702701049137,1505.4525974086314,1539.5654171471692,9737281
2022-02-28,1540.10400390625,1551.2805065421107,1494.6801136600138,1510.1206091390077,15076542
2022-03-02,1528.61328125,1539.0266452589117,1518.0203103545127,1535.0767183360242,6771489
2022-03-03,1544.8170166015625,1556.532121220316,1531.0821834995784,1544.233485910162,7344147
2022-03-04,1547.016357421875,1558.4171765738909,1509.043360495801,1521.8356673887606,9074499
2022-03-07,1561.8731689453125,1571.88260896013,1522.508797713524,1523.4065033725533,9742588
2022-03-08,1596.30029296875,1615.8703218106334,1542.6623753419804,1542.6623753419804,10984500
2022-03-09,1627.854736328125,1644.2378666327916,1607.7910342826165,1607.7910342826165,10193515
2022-03-10,1639.1209716796875,1656.042703365668,1625.0269254755779,1656.042703365668,6547182
2022-03-11,1635.619873046875,1644.058328995704,1625.7451098177226,1628.438227062037,4758657
2022-03-14,1697.2921142578125,1701.1522925808597,1644.192910047784,1644.192910047784,10289724
2022-03-15,1651.150146484375,1695.1825455498838,1642.801439597397,1695.1825455498838,7140443
2022-03-16,1696.1253662109375,1700.2098618649063,1659.8580298508234,1674.221322699722,5233979
2022-03-17,1664.885009765625,1726.5574586044008,1645.5395172103943,1726.5574586044008,17731459
2022-03-21,1663.493896484375,1693.8812180890789,1652.7662456508256,1670.6306142757408,8362085
2022-03-22,1694.329833984375,1696.6638469895154,1650.880854292973,1660.7556174235997,5709382
2022-03-23,1680.8642578125,1705.6409144424942,1667.0395674314273,1702.947797209164,6192824
2022-03-24,1693.701416015625,1700.7933134465572,1666.2765707577757,1666.2765707577757,3784303
2022-03-25,1684.5897216796875,1700.2546427439086,1667.9372366516275,1698.4592312943375,3438588
2022-03-28,1682.2108154296875,1688.4947556370578,1663.1345683715988,1675.118918136154,4008555
2022-03-29,1693.0728759765625,1696.125097139398,1670.2263107464303,1682.2106593993997,3917785
2022-03-30,1709.186767578125,1722.6972825433968,1701.152345190066,1714.6179310358978,7795839
2022-03-31,1711.790283203125,1717.3111957910278,1700.4342829138939,1705.6410203883704,5399145
2022-04-01,1708.8280029296875,1714.8875173758017,1686.160930372001,1693.8362495871393,6171518
2022-04-04,1690.3350830078125,1699.3570700816317,1681.4029541800826,1696.43952624763,7364074
2022-04-05,1670.7200927734375,1696.3047057811573,1667.1741990144267,1691.0980783575872,5472024
2022-04-06,1641.7691650390625,1667.4884571015807,1635.7545802518507,1665.244192690946,5407453
2022-04-07,1625.7452392578125,1641.1409159802406,1622.6481980135563,1634.7672265778747,5797544
2022-04-08,1628.976806640625,1649.9831427798194,1623.0519706996265,1636.517556739723,5131446
2022-04-11,1585.8421630859375,1628.4382578043667,1582.2513400257294,1628.4382578043667,8248407
2022-04-12,1564.2073974609375,1577.7179133258371,1551.011166286609,1577.7179133258371,6456184
2022-04-13,1569.683349609375,1577.7177718117732,1554.8262764028398,1575.4285784375936,6257693
2022-04-18,1455.5401611328125,1481.2145243041055,1427.3521779657744,1441.26661743651,30523965
2022-04-19,1402.21630859375,1469.2300612636093,1391.4438401538494,1469.2300612636093,17044923
2022-04-20,1425.287353515625,1433.007710513435,1403.114065665019,1413.8865344992996,10678747
2022-04-21,1453.2059326171875,1460.7465723201449,1426.6786871446875,1431.8404945702541,7766514
2022-04-22,1423.2677001953125,1445.9347729738438,1420.5297630947769,1440.2343627263847,8134245
2022-04-25,1401.408447265625,1411.9116704618677,1395.1245069131328,1411.9116704618677,7000570
2022-04-26,1419.2728271484375,1429.1475906516841,1406.3010225615533,1415.8615013776625,5345435
2022-04-27,1393.95751953125,1411.8667052446997,1391.7580747141747,1411.8667052446997,8819356
2022-04-28,1420.709228515625,1437.9452462485663,1398.1319049129104,1409.3981569434259,9245177
2022-04-29,1407.198486328125,1433.9052284825837,1401.1389734023235,1427.3519336332495,9831395
2022-05-02,1383.364501953125,1393.9125440673035,1374.387444834675,1392.2518104170338,7072627
2022-05-04,1378.47216796875,1409.3980885628416,1373.6245347920797,1388.9752818655138,6220959
2022-05-05,1422.998291015625,1426.8135404517482,1398.1317759996657,1400.4658986154006,6144870
2022-05-06,1385.0252685546875,1402.0816774855332,1378.0232295856404,1391.4438864637286,6171472
2022-05-09,1409.712158203125,1424.4794830755254,1366.4427862489936,1382.4668114652425,6832202
2022-05-10,1394.136962890625,1408.6349319744825,1387.8979520606213,1398.6254914253664,6212545
2022-05-11,1370.572265625,1391.39899537121,1356.9720014786396,1391.39899537121,7846080
2022-05-12,1354.4583740234375,1371.2454264087073,1350.4186984628227,1359.126399726863,7034979
2022-05-13,1350.5084228515625,1372.8163866855402,1344.8528333350223,1363.8842591619366,6723761
2022-05-16,1336.773681640625,1357.196488541389,1327.3926998865318,1355.5357547320384,6145331
2022-05-17,1363.121337890625,1369.0013547558183,1329.4125506103449,1341.9804318999065,6516378
2022-05-18,1354.8173828125,1391.1744632386558,1351.3164182898859,1366.30805947183,6594126
2022-05-19,1281.1610107421875,1332.8239200872995,1272.6328046013875,1329.5024520552315,16561140
2022-05-20,1306.2965087890625,1316.709873291496,1298.7108296562692,1304.3664195619865,10488908
2022-05-23,1318.1910400390625,1335.7860494185243,1301.7181627575667,1306.251510683421,5887569
2022-05-24,1293.5938720703125,1319.2234128138036,1288.4320644614268,1318.3705266763216,5693167
2022-05-25,1266.1690673828125,1294.9405813245614,1256.114806529215,1288.2077880074494,9630092
2022-05-26,1278.2879638671875,1283.719127084291,1263.1168254863983,1272.9466588849823,13040065
2022-05-27,1311.8621826171875,1316.9342416608813,1290.3621752658935,1296.2420817605998,8284860
2022-05-30,1370.6170654296875,1373.4896797501283,1333.0929244633599,1334.8883358094386,10904213
2022-05-31,1364.085205078125,1377.1490921324805,1350.0688109873222,1370.5263940981097,16033857
2022-06-01,1341.359619140625,1374.2006803920185,1335.50802974436,1372.613057886202,8738508
2022-06-02,1368.0771484375,1373.3843221232019,1338.6834262825294,1346.3040373217839,7205840
2022-06-03,1380.5057373046875,1410.715969239275,1377.1490940869578,1383.408884845195,9395707
2022-06-06,1388.0811767578125,1394.0233549555946,1354.4688936722575,1375.3347908956077,6624883
2022-06-07,1366.8974609375,1378.827331227114,1363.1779106621018,1378.827331227114,4904592
2022-06-08,1360.8192138671875,1379.1448683164317,1353.5615113932292,1379.1448683164317,4697608
2022-06-09,1374.4273681640625,1376.1963887958834,1344.0357398911278,1347.2109846360613,4361061
2022-06-10,1339.77197265625,1355.3305843397889,1336.868825108461,1348.208985661335,6516436
2022-06-13,1292.32470703125,1309.6524503470807,1280.712338233923,1309.6524503470807,6987685
2022-06-14,1306.885498046875,1314.4607030952413,1272.9557157577426,1279.1701015491417,6090247
2022-06-15,1290.238037109375,1312.1926539494157,1287.1988962903904,1306.5678679807882,4651958
2022-06-16,1267.5577392578125,1309.7885413741665,1262.8402767742612,1304.5720675297325,6641772
2022-06-17,1258.5765380859375,1267.3310542375973,1240.2961754557912,1261.9785865626236,9692047
2022-06-20,1282.93505859375,1290.374159577052,1253.7681436672126,1261.0712513196502,4595194
2022-06-21,1315.3680419921875,1320.9020186854545,1290.7371889318204,1291.871205087972,6270787
2022-06-22,1303.8916015625,1324.1677855678092,1301.8503727550444,1302.8029904960238,6253366
2022-06-23,1317.6812744140625,1322.7163500853471,1300.036028581826,1306.2051203282867,6254281
2022-06-24,1307.38427734375,1331.33471619266,1296.3163260449612,1322.716195031617,6114340
2022-06-27,1337.7760009765625,1346.3038236253658,1329.202884133053,1331.8338234573516,4511097
2022-06-28,1342.8111572265625,1350.1595593551679,1318.1803055555579,1332.6957115355226,4412178
2022-06-29,1327.479248046875,1339.9534251599073,1321.8091675409512,1328.7946624267454,5060038
2022-06-30,1326.2545166015625,1344.4894731370582,1319.9947256507555,1329.1122592903828,9165177
2022-07-01,1342.1307373046875,1347.2111072100613,1308.5184562919433,1319.0875083390094,4651635
2022-07-04,1349.9327392578125,1353.7883939230314,1326.345204835297,1342.901839574178,4800224
2022-07-05,1339.0008544921875,1369.846093530671,1335.4174077837515,1359.7307581468851,7379669
2022-07-06,1353.2440185546875,1360.8192234162877,1333.602838947962,1344.6707910009138,5209162
2022-07-07,1359.639892578125,1373.4748889332016,1356.9182539508968,1363.5863571826133,3323472
2022-07-08,1373.928466796875,1376.1964989390626,1360.7738803721873,1374.427478165659,3652582
2022-07-11,1336.4605712890625,1360.7285139218584,1330.3368848303196,1356.2831490104652,4702638
2022-07-12,1305.1163330078125,1332.332717447335,1302.757601838471,1326.1637367539608,4710356
2022-07-13,1310.4234619140625,1324.530665006667,1305.116289274943,1315.4585371641556,5264025
2022-07-14,1296.271240234375,1318.135050834638,1282.7991496726352,1316.3660298267282,6157606
2022-07-15,1297.6318359375,1311.8297387301836,1279.7597876672385,1311.8297387301836,5620018
2022-07-18,1351.65625,1355.0128927573733,1313.6894199200246,1315.4584404217167,5835171
2022-07-19,1346.4400634765625,1348.8894940377877,1333.6936777845513,1335.0092029512389,3418540
2022-07-20,1374.6998291015625,1384.225565088128,1360.8194266522028,1361.9534428410795,5079392
2022-07-21,1390.666748046875,1392.9800746145359,1363.631757939619,1376.2420400466112,5008061
2022-07-22,1366.53466796875,1397.1076946516139,1353.6975848594027,1391.6644179192049,7020642
2022-07-25,1364.085205078125,1376.3779833666647,1342.765703322451,1342.765703322451,7859626
2022-07-26,1316.501953125,1357.780137915972,1310.9225719330734,1357.780137915972,7268273
2022-07-27,1334.555419921875,1336.3244405660616,1310.9224824290286,1316.3657591726785,4517285
2022-07-28,1376.60498046875,1383.000765450032,1351.6112188905538,1357.5535081313835,6636841
2022-07-29,1405.90771484375,1411.35099196503,1386.2212402192902,1390.5759062138168,7009465
2022-08-01,1407.1326904296875,1418.8810538349696,1395.2028179881397,1418.8810538349696,2983249
2022-08-02,1400.3736572265625,1403.4582028981656,1386.5386620137654,1403.050001435288,4374635
2022-08-03,1420.7860107421875,1424.3241629773152,1397.017078561979,1405.2726932814403,6011955
2022-08-04,1451.4498291015625,1455.0332754831431,1428.8148025431328,1440.200367858984,7402209
2022-08-05,1466.645751953125,1474.8559622239864,1453.6272690310873,1459.161245553542,5361971
2022-08-08,1469.140625,1471.4993564435733,1447.9118205203101,1466.9632918429459,3763409
2022-08-10,1453.76318359375,1470.7734244892295,1440.744701377161,1470.7734244892295,4423829
2022-08-11,1469.639404296875,1479.981652880995,1466.0559578558064,1478.7569376887157,3462090
2022-08-12,1446.18798828125,1464.241546222961,1442.6045418057784,1463.6065415227213,3562286
2022-08-16,1448.3199462890625,1459.7055121386732,1443.4663795689878,1459.7055121386732,3004430
2022-08-17,1457.210693359375,1462.4271674367703,1437.9324195950876,1448.319962808223,4067324
2022-08-18,1436.072509765625,1449.9075054695088,1427.9529992074047,1446.187955002789,4635706
2022-08-19,1448.90966796875,1455.985972727663,1438.023113412736,1438.2046224349253,4739884
2022-08-22,1429.4500732421875,1450.6334729783907,1427.9531497610926,1438.8397049053958,3950555
2022-08-23,1399.2852783203125,1410.262532882967,1390.757454428812,1404.3656486991526,5551574
2022-08-24,1394.839599609375,1402.5509079649391,1388.942716749238,1392.5715677400915,2888426
2022-08-25,1377.28515625,1405.0004412820567,1373.2933977181217,1404.3654366095145,4331088
2022-08-26,1380.36962890625,1401.598319043365,1376.6499679693022,1392.707700379583,3079136
2022-08-29,1326.118408203125,1332.2874999956043,1315.458657016953,1332.2874999956043,8079050
2022-08-30,1354.4234619140625,1357.2812047129148,1329.9741184273807,1336.4153079026626,6725875
2022-09-01,1328.341064453125,1331.8792168601256,1316.411303587629,1324.5762195682023,8140604
2022-09-02,1318.1802978515625,1340.8606195627042,1313.644233509334,1340.8606195627042,5175653
2022-09-05,1325.7100830078125,1330.8811515691712,1312.1471854668405,1316.3657470530793,3669352
2022-09-06,1320.0855712890625,1333.6030666989145,1311.3309439745638,1325.7103581526947,3428442
2022-09-07,1322.3988037109375,1329.7472054847017,1304.6174543928623,1306.386475113744,3600574
2022-09-08,1338.95556640625,1343.6730292773457,1327.7968032291676,1338.1390526321622,4061475
2022-09-09,1371.3883056640625,1378.9635106957787,1342.674997256416,1349.9326999442885,4816910
2022-09-12,1393.6602783203125,1402.4603090481628,1380.0067919378967,1384.2253536649393,5494819
2022-09-13,1401.5982666015625,1408.901373394763,1398.2870287233486,1407.903461537887,4947158
2022-09-14,1338.501953125,1359.8667507661016,1335.4174070740382,1358.0977298843989,14332197
2022-09-15,1299.8546142578125,1338.3203504578364,1296.45256607429,1338.138952185551,12784100
2022-09-16,1249.2774658203125,1292.7782765113873,1241.3846477911488,1292.7782765113873,20464045
2022-09-19,1261.2979736328125,1275.5411699960084,1252.4979432114847,1262.8401910629045,6595241
2022-09-20,1259.7103271484375,1282.3906462376121,1256.5803766678841,1277.3101661666406,7219797
2022-09-21,1249.4588623046875,1259.9372147231684,1241.4300509581421,1251.8629984379054,7917054
2022-09-22,1241.0218505859375,1255.5372570833497,1233.809552280041,1239.5703320849489,9168498
2022-09-23,1238.753662109375,1265.3804461403417,1235.6238222755599,1240.6134926298298,10426200
2022-09-26,1252.1805419921875,1269.5989844950832,1229.2734174239552,1233.8094816948922,9414587
2022-09-27,1264.2464599609375,1275.9948215927839,1250.1392564200899,1264.1556500846286,8561254
2022-09-28,1265.2896728515625,1275.4051179200892,1249.2320502719297,1251.046475907764,7022098
2022-09-29,1268.873291015625,1279.0340307679621,1263.7475161988737,1274.5433714005803,6119965
2022-09-30,1282.2999267578125,1287.6072103937954,1248.3248506647649,1260.0732124836215,8120130
2022-10-03,1264.427978515625,1280.9846139293722,1257.3970785454037,1280.9846139293722,4943169
2022-10-04,1296.7701416015625,1299.3556762181945,1282.7990407907328,1287.9701100239968,6631341
2022-10-06,1320.1307373046875,1324.3492990029515,1310.1059914970522,1310.9225051715146,6180672
2022-10-07,1316.5472412109375,1322.580228801138,1306.5226056830536,1312.1472810452483,3994466
2022-10-10,1326.9349365234375,1329.0668646353636,1294.003064795037,1294.003064795037,5274677
2022-10-11,1291.689697265625,1342.3575126771138,1288.3329432818086,1326.9348942612842,12824774
2022-10-12,1296.1348876953125,1307.3843486042717,1282.3907023211864,1303.664798259727,5481467
2022-10-13,1288.151611328125,1304.5267376311374,1283.7062459953604,1298.2216523105023,4821514
2022-10-14,1337.45849609375,1355.37594923796,1331.1080063717516,1347.2110338811046,14990688
2022-10-17,1351.70166015625,1356.2831290703418,1338.5924795607286,1339.8625996229894,4286396
2022-10-18,1364.17578125,1370.7530737519746,1358.3243032526377,1369.8912659285243,4692004
2022-10-19,1347.6192626953125,1365.3099129941174,1343.854418021596,1364.4481050975749,3553171
2022-10-20,1361.6358642578125,1364.4482021000908,1337.4132133726773,1338.139027990448,4583939
2022-10-21,1361.27294921875,1366.2626201422443,1352.9719290790936,1361.0915509372185,3594485
2022-10-24,1377.0128173828125,1380.5963741055336,1370.7984323432408,1377.6025278049049,982837
2022-10-25,1384.678955078125,1390.6665374705215,1379.9160878294856,1386.3118716885508,3914341
2022-10-27,1397.6561279296875,1407.698739208656,1387.1550649469032,1403.9385396052235,6760137
2022-10-28,1387.8428955078125,1401.3246221215236,1382.1108498465378,1399.5362686568128,3053981
2022-10-31,1410.220947265625,1418.245811891941,1403.4341822194212,1403.4341822194212,4542336
2022-11-01,1442.641357421875,1444.4756121674845,1418.887736075427,1424.3447111160303,4542692
2022-11-02,1424.573974609375,1442.4120569990462,1416.9617727315378,1441.7242114783025,2938906
2022-11-03,1403.892822265625,1415.9530704364693,1395.546984991158,1411.2298417515794,3174027
2022-11-04,1388.5308837890625,1394.4463107382567,1376.7458190882635,1394.4463107382567,4509682
2022-11-07,1382.523681640625,1401.2790045132888,1367.528670745416,1395.3176762956068,4898592
2022-11-09,1385.9627685546875,1402.2876797188958,1376.6998049643528,1402.2876797188958,3334755
2022-11-10,1377.4794921875,1386.6966675969895,1361.934227104186,1361.934227104186,3435763
2022-11-11,1439.9818115234375,1443.1000672976652,1418.475217234108,1418.475217234108,7214098
2022-11-14,1453.9219970703125,1459.51645137727,1438.4683120386903,1444.6131323053646,4908813
2022-11-15,1461.90087890625,1465.4317965303715,1442.411924278422,1447.089250998298,3497614
2022-11-16,1469.971923828125,1475.658069244969,1461.4425937488243,1464.7901313371106,4497697
2022-11-17,1455.847900390625,1469.9716832206354,1451.7666167276652,1464.8356807704379,3469515
2022-11-18,1461.350830078125,1465.5695937519367,1444.9342271315247,1459.7916463166098,3126064
2022-11-21,1438.2391357421875,1456.2607114407933,1434.4331466169938,1450.9872289206992,3071764
2022-11-22,1453.6927490234375,1456.3982299208378,1432.552918851605,1438.9728102933216,3399329
2022-11-23,1451.9501953125,1460.0667500182162,1448.419277384479,1457.2236776068496,3245067
2022-11-24,1494.734375,1500.4205204548284,1453.4177382584287,1457.3155299527643,5282215
2022-11-25,1500.099365234375,1507.7573561793968,1480.0601551236466,1496.2015740155414,4563255
2022-11-28,1488.864501953125,1516.4700116769118,1485.7462466988793,1493.083265201096,3825766
2022-11-29,1494.04638671875,1502.9424774251793,1481.2066035401367,1486.8468473018079,3131710
2022-11-30,1499.45751953125,1509.3625410366662,1479.4642077611848,1485.7006074148594,11868134
2022-12-01,1519.771728515625,1533.9872026204164,1515.369584352362,1518.9462914993808,5407928
2022-12-02,1502.1629638671875,1524.0823307242517,1498.540243529846,1518.7629471181933,4283343
2022-12-05,1503.859619140625,1508.5369463809327,1488.77291854345,1502.2546462279884,3824966
2022-12-06,1479.2347412109375,1491.2490872351268,1474.328132226153,1490.3319598752034,4822398
2022-12-07,1472.4481201171875,1489.2315972240235,1464.3773537802756,1474.7409387408518,4898087
2022-12-08,1485.8839111328125,1489.3231387245678,1466.0280814456066,1472.4479729502166,4206837
2022-12-09,1439.248046875,1493.083379473675,1431.7275351622377,1493.083379473675,8880658
2022-12-12,1418.9793701171875,1436.1755076749384,1403.2507258609144,1421.5473714407533,8037679
2022-12-13,1441.8619384765625,1446.7685479281745,1413.4309876139487,1418.9795414969738,6135067
2022-12-14,1448.5111083984375,1456.8569457535275,1442.6414703621647,1450.895617363601,4976020
2022-12-15,1412.834716796875,1439.8899742752963,1408.0197980930882,1439.2480298964012,6443866
2022-12-16,1396.05126953125,1421.0888920823663,1386.7425160776045,1398.6192710071691,9630453
2022-12-19,1382.4320068359375,1391.1906185589476,1371.151406638808,1382.9822609021824,6222740
2022-12-20,1382.3863525390625,1390.36531716333,1359.5956441555718,1376.6084043945634,7396259
2022-12-21,1384.4498291015625,1394.9508939423272,1377.8464440879927,1389.4481290747046,6236361
2022-12-22,1395.913818359375,1403.159035330933,1386.467361260263,1395.4093535025568,6302640
2022-12-23,1373.0313720703125,1384.7706472634532,1369.2711722199242,1383.6700272399569,6283822
2022-12-26,1377.8922119140625,1384.7706673330085,1372.3435464278352,1376.1496474837907,4115459
2022-12-27,1389.3101806640625,1395.3631980726877,1373.3980454003097,1384.8162347858072,4860076
2022-12-28,1385.0,1398.5734186856855,1374.3154431330508,1380.368461733021,5029860
2022-12-29,1391.7867431640625,1395.2259709449818,1376.6082397759933,1379.3596220007287,4624745
2022-12-30,1383.21142578125,1403.5717201426937,1379.4054368384104,1401.370592109832,5060544
2023-01-02,1397.7021484375,1399.9949669224698,1379.4055017090532,1388.5308744976214,3801140
2023-01-03,1396.372314453125,1405.6352784494222,1389.5396484110163,1393.8960033950495,4551130
2023-01-04,1370.922119140625,1394.9508128847058,1367.5286804970206,1394.9508128847058,7059590
2023-01-05,1352.9462890625,1381.1021672768188,1347.489425840876,1381.1021672768188,9868404
2023-01-06,1328.4591064453125,1352.7629837810398,1326.6248515520501,1348.1773465478836,6443714
2023-01-09,1361.4298095703125,1365.9237565030876,1328.1839392343245,1328.1839392343245,11498717
2023-01-10,1347.947998046875,1360.9253731659428,1333.5491426282238,1359.182808712685,7158624
2023-01-11,1349.3236083984375,1370.1882555291525,1342.674435137001,1348.177199215431,6173092
2023-01-12,1357.898681640625,1361.934064221715,1334.4202447424886,1359.1367811263865,6591385
2023-01-13,1379.03857421875,1393.4833301069489,1346.342961515927,1360.5584355646306,11610426
2023-01-16,1399.077880859375,1401.370699412078,1377.8005694719036,1384.8624058326163,6073063
2023-01-17,1411.9176025390625,1414.393801685257,1397.7021281387017,1400.453510280707,5922644
2023-01-18,1417.32861328125,1423.2440398411995,1412.0092299289386,1416.7324581195912,5843098
2023-01-19,1411.367431640625,1421.1348612109173,1399.6740568482828,1412.2845590753184,6165284
2023-01-20,1399.1236572265625,1416.9617391940312,1397.7020650690638,1410.541847819042,6496429
2023-01-23,1419.7132568359375,1424.574076980102,1401.4623986498889,1407.7906002862817,4855020
2023-01-24,1423.2899169921875,1438.7893911638814,1421.3180708541106,1430.7186259283192,5200802
2023-01-25,1415.127685546875,1427.050342651288,1411.2298938012013,1418.796195425156,4158617
2023-01-27,1393.254150390625,1422.4187353397176,1382.477903144469,1417.8789993665666,6209955
2023-01-30,1411.2755126953125,1416.0445298016398,1394.0334749342567,1402.104239833903,6964719
2023-01-31,1406.64404296875,1420.5385444147953,1387.6136508633863,1420.5385444147953,9448126
2023-02-01,1422.5562744140625,1426.1789947825198,1401.4165552146444,1414.3938182397721,6194199
2023-02-02,1452.50048828125,1455.4352511160564,1423.3816939621152,1423.3816939621152,6916834
2023-02-03,1466.8536376953125,1471.6685567151628,1442.6414510904015,1465.1110731830363,7040194
2023-02-06,1439.7525634765625,1465.5697246336003,1432.1862617067081,1465.5697246336003,4570612
2023-02-07,1432.9197998046875,1445.4386105734359,1426.224725341101,1438.9728179482734,4336238
2023-02-08,1458.691162109375,1470.1552548640857,1435.7629765999538,1435.7629765999538,7983338
2023-02-09,1482.9951171875,1485.5172177269346,1454.6100668071153,1463.9188210530715,6904911
2023-02-10,1475.2452392578125,1482.3529761992756,1464.1479087924397,1479.2805100226515,4786762
2023-02-13,1437.55126953125,1464.6524284395919,1436.2214796095184,1464.6524284395919,4001199
2023-02-14,1461.213134765625,1463.7352349511611,1447.3645343194853,1453.3716512253498,5043736
2023-02-15,1464.6983642578125,1466.48671791268,1445.3927876362625,1452.7298068628425,3465747
2023-02-16,1469.0545654296875,1480.6561363023575,1465.4318453938986,1467.4036914951487,4290289
2023-02-17,1452.54638671875,1462.8181685754123,1444.934184696277,1461.901041196995,2857734
2023-02-20,1460.4793701171875,1470.1551082186375,1451.3539979762904,1453.6009151504752,2417716
2023-02-21,1448.6025390625,1468.9169307095449,1445.3925935818297,1466.2113380605717,2723288
2023-02-22,1432.3697509765625,1444.4757889979776,1426.408422323555,1433.4702591770406,3656244
2023-02-23,1422.189453125,1439.7524657040512,1419.850845363736,1439.7524657040512,4766854
2023-02-24,1422.1435546875,1438.972819252259,1416.96176274362,1430.7186730615194,2790986
2023-02-27,1384.2203369140625,1412.376101427138,1377.525262560754,1412.376101427138,4920268
2023-02-28,1364.2728271484375,1397.702074099726,1358.5407812408764,1389.9981820091593,9679811
2023-03-01,1372.068603515625,1376.4707482224333,1358.7243539750916,1368.7210658416523,5125043
2023-03-02,1350.149169921875,1365.235871380038,1345.7011242723827,1361.9342350192826,4644499
2023-03-03,1356.7066650390625,1366.3365031467508,1350.9287173928365,1363.5392196767139,4615015
2023-03-06,1382.523681640625,1394.400548877502,1369.4088267341433,1370.6928275102962,6561742
2023-03-08,1368.995849609375,1372.0224144227957,1358.3571955247069,1367.0241155154945,4137080
2023-03-09,1357.715576171875,1374.1779700489794,1352.396191879363,1371.1056153084942,5104656
2023-03-10,1349.598876953125,1352.1209773156488,1336.850783639018,1339.0060106489143,3699580
2023-03-13,1316.16943359375,1355.78940216574,1309.6578518193462,1342.8578170068272,8798403
2023-03-14,1302.32080078125,1328.3213380398465,1294.0666548608056,1321.5804745956207,7402784
2023-03-15,1301.9998779296875,1323.277187882345,1299.4318765422183,1318.829142580857,7556182
2023-03-16,1287.7384033203125,1300.3031143444714,1282.7858935718855,1300.3031143444714,7323117
2023-03-17,1302.9627685546875,1323.32306269695,1294.4335514559468,1311.4920976074493,9090018
2023-03-20,1287.3258056640625,1302.0456322126888,1270.0837669911443,1302.0456322126888,8221829
2023-03-21,1275.4490966796875,1288.5640639628448,1274.8071522479388,1283.0612992768824,8536755
2023-03-22,1274.119384765625,1290.6276798354693,1267.6078018788835,1286.7298879439784,8356487
2023-03-23,1260.637451171875,1269.258358749589,1256.4644769231124,1269.258358749589,7607718
2023-03-24,1266.23193359375,1283.015297395886,1263.3429599696206,1272.972797414035,7559127
2023-03-27,1273.84423828125,1280.0807502681864,1260.224916848679,1271.368038731344,4170193
2023-03-28,1263.4346923828125,1282.1441138599873,1261.8297194219722,1276.7330397726337,6633366
2023-03-29,1268.8914794921875,1274.7152152672716,1251.466061358039,1264.718505631089,8813966
2023-03-31,1309.612060546875,1311.4463153951938,1278.3839389266645,1287.6469035198686,8711975
2023-04-03,1293.9290771484375,1316.0777246615953,1288.7014961247696,1316.0777246615953,5242764
2023-04-05,1305.5767822265625,1309.199390750354,1283.978386725391,1283.978386725391,7506334
2023-04-06,1304.0633544921875,1310.0246820529576,1293.4704891987503,1298.6522809308385,6948465
2023-04-10,1309.2911376953125,1315.160775822006,1297.7353541060936,1305.943600080133,4993788
2023-04-11,1289.6187744140625,1314.564596044306,1273.8900163996034,1310.4834237107443,6942255
2023-04-12,1309.93310546875,1312.8678683565352,1283.9783553609145,1295.946912669283,5831169
2023-04-13,1274.0732421875,1294.1125639133095,1268.3870975225138,1292.920253602577,11267238
2023-04-17,1154.0213623046875,1156.6351528002706,1087.0710673200379,1146.6843436762329,53171705
2023-04-18,1154.9842529296875,1164.7057800036057,1149.2522072547338,1164.7057800036057,12430884
2023-04-19,1130.0843505859375,1150.3987451220048,1127.5164610086156,1150.3987451220048,11307230
2023-04-20,1122.013671875,1135.2661178854821,1120.1794170940875,1128.7086346529145,8621249
2023-04-21,1125.6363525390625,1131.047426880891,1118.8954881773257,1126.324198126057,8691352
2023-04-24,1124.6734619140625,1128.0667887734735,1117.0612591269032,1126.2325338323785,8313774
2023-04-25,1123.3892822265625,1133.1108094759409,1114.3096993227584,1124.3521987449237,6808576
2023-04-26,1125.8197021484375,1130.818001330537,1119.3998108189048,1126.232364666585,5680192
2023-04-27,1142.969970703125,1144.3915628906238,1123.8478876663187,1128.0666511252507,8020704
2023-04-28,1148.931396484375,1154.6634429645405,1141.7777576955154,1151.6368776414001,10118277
2023-05-02,1171.58447265625,1173.6939106744755,1150.5823426028023,1150.5823426028023,8886401
2023-05-03,1163.9722900390625,1167.044644512001,1157.506496932256,1161.0833162689144,5549783
2023-05-04,1168.007568359375,1170.0711048738817,1157.8732664731895,1163.788693033167,4505401
2023-05-05,1154.7550048828125,1173.0058612365624,1150.3069596997327,1173.0058612365624,5373791
2023-05-08,1160.7164306640625,1165.0269966744686,1151.1782831849423,1157.8274569243922,5260842
2023-05-09,1165.3936767578125,1166.5859870922673,1156.2224032743827,1161.0832230022093,4969897
2023-05-10,1158.561279296875,1170.6215279475311,1154.8010790515318,1170.6215279475311,6515734
2023-05-11,1152.0037841796875,1170.162952733371,1149.20661258924,1164.9811601752815,6888461
2023-05-12,1142.0069580078125,1151.9119783998672,1136.3667142373067,1149.4815684750179,8292212
2023-05-15,1154.0672607421875,1163.7429997559711,1142.419787348579,1146.3175788639087,5534710
2023-05-16,1159.524169921875,1168.3743594123644,1158.1025777274938,1160.1661142944206,5236469
2023-05-17,1143.566162109375,1156.4517347340925,1139.48487806171,1156.1307625392042,10465667
2023-05-18,1142.7408447265625,1155.2596572702737,1139.4849973777084,1154.2966286307426,6948732
2023-05-19,1163.742919921875,1167.7783026634847,1148.9771919381424,1151.9578558336234,11094136
2023-05-22,1185.662353515625,1188.2302430762331,1164.9810857591126,1167.4572849700612,7625947
2023-05-23,1192.3114013671875,1205.2428740172338,1189.5600194436024,1191.5317535922914,7436031
2023-05-24,1191.027587890625,1196.8513248198226,1184.2867235094584,1188.8723607693044,4824077
2023-05-25,1196.255126953125,1198.6855370050355,1182.4065253127328,1187.2214442639772,4334121
2023-05-26,1208.2696533203125,1213.7724186538064,1197.7685875905138,1197.7685875905138,5521606
2023-05-29,1205.47216796875,1222.2555306990143,1201.299193894401,1222.2555306990143,4419365
2023-05-30,1214.1390380859375,1216.4777576450638,1200.6573106206852,1206.0224833077132,6274719
2023-05-31,1209.049072265625,1220.7882355808035,1205.24297124017,1210.4705525350664,17800782
2023-06-01,1210.149658203125,1219.3209326116369,1208.8656573951266,1212.9469416793345,4277841
2023-06-02,1207.3612060546875,1220.2806442692772,1204.619361093427,1216.655749596294,10909311
2023-06-05,1212.4732666015625,1217.0740205048828,1205.7812402951347,1212.008539400872,5002553
2023-06-06,1188.772216796875,1197.6949566393228,1183.195490212996,1197.6949566393228,10008100
2023-06-07,1198.020263671875,1202.7140540111552,1192.025327874271,1199.4609634477556,5397578
2023-06-08,1192.30419921875,1200.8551346703464,1190.7240585978548,1195.4642535429527,5034942
2023-06-09,1176.6427001953125,1192.0252152176977,1174.83030957908,1192.0252152176977,5339073
2023-06-12,1200.8087158203125,1204.2941702531577,1183.1955981365227,1183.6603253942353,4785588
2023-06-13,1212.798583984375,1214.332206477655,1205.5489075433659,1208.1978299633267,4846587
2023-06-14,1208.66259765625,1214.5180926556236,1201.970457495657,1214.19280628768,3457981
2023-06-15,1196.0218505859375,1202.6673581303833,1192.1645925106025,1202.6673581303833,6161155
2023-06-16,1200.5296630859375,1209.6847652018955,1190.6774702485802,1196.2076779215056,8536287
2023-06-19,1202.714111328125,1207.826111028515,1196.2544479993342,1202.714111328125,4451787
2023-06-20,1211.450927734375,1212.9380321318201,1200.018592852604,1202.7140333935445,4009180
2023-06-21,1207.6866455078125,1211.822785983513,1203.6435412463507,1208.244295499256,4041529
2023-06-22,1191.1424560546875,1198.4386511646273,1183.6603019700608,1198.4386511646273,6676607
2023-06-23,1175.759765625,1189.0974130017955,1174.2261432389498,1186.4019726655229,7239467
2023-06-26,1180.732421875,1184.1249532633137,1173.2038636237187,1180.6394991230175,3403244
2023-06-27,1188.91162109375,1191.5605434478787,1184.3107537282526,1189.7016346437479,3240024
2023-06-28,1202.10986328125,1205.2235129272265,1191.0029282361302,1198.9962136352735,5662358
2023-06-30,1241.286376953125,1244.446544670447,1212.4267718508554,1215.9122259231685,12821692
2023-07-03,1239.61328125,1251.0456156922185,1234.7336456761632,1236.1743453719541,7732412
2023-07-04,1250.2557373046875,1251.0457509340968,1237.4757379916534,1249.4657236752782,5797775
2023-07-05,1252.2540283203125,1262.152627465157,1246.3984198903297,1262.059704711734,5414936
2023-07-06,1249.09375,1252.3932449368162,1242.819933005186,1247.8390092927943,5963897
2023-07-07,1236.3602294921875,1250.8598092744526,1231.8523982272873,1239.8922016871068,6295647
2023-07-10,1235.384521484375,1247.235066840133,1226.229416979727,1242.2625077551643,3940315
2023-07-11,1253.462158203125,1255.5999486675075,1233.3859662223854,1239.38090160913,6126128
2023-07-12,1239.2415771484375,1256.52940602109,1233.3859691382677,1255.6928743826675,8102770
2023-07-13,1268.79833984375,1279.6730257797497,1236.964522601906,1240.7288587833682,9977644
2023-07-14,1325.35546875,1329.1198044888868,1283.251252109647,1283.251252109647,12833381
2023-07-17,1322.5670166015625,1356.027373066275,1314.5273272735951,1325.3553796402884,11569884
2023-07-18,1371.131103515625,1373.6871031492155,1328.1903550548216,1332.8376271158952,16743977
2023-07-19,1370.8988037109375,1393.0663832409173,1357.6540777205,1381.1693208273919,13687062
2023-07-20,1347.244140625,1367.2274100444117,1339.0648965954,1367.2274100444117,8347221
2023-07-21,1237.661376953125,1254.7633595078025,1212.9379141908757,1227.0655747810806,45548305
2023-07-24,1242.3087158203125,1254.670504599167,1240.1245206940966,1246.398337830829,8859789
2023-07-25,1240.4498291015625,1248.1178279606174,1230.829998679233,1242.6805423705,6801982
2023-07-26,1253.694580078125,1254.7634753600048,1244.9112811341217,1248.2572943766568,5528885
2023-07-27,1257.691162109375,1267.5898735162018,1252.0215133305276,1262.756642875828,9191861
2023-07-28,1245.93359375,1267.6363307852569,1241.7510490488623,1258.3417870049511,6122735
2023-07-31,1260.061279296875,1261.7343425932213,1239.1950734898064,1253.6016166280715,7902180
2023-08-01,1268.89111328125,1272.4230854175687,1261.2696325139816,1265.9169045571427,6064652
2023-08-02,1261.1302490234375,1275.1649885403967,1253.322808944047,1272.7020250125254,7419145
2023-08-03,1268.0546875,1270.145959906921,1253.8339897494227,1254.7634441524986,6503741
2023-08-04,1281.1134033203125,1288.13082917061,1265.9168471204257,1272.3301049407662,5712345
2023-08-07,1294.72998046875,1296.5888892705716,1279.8587100541772,1289.9897857158628,3729093
2023-08-08,1292.1275634765625,1295.241326729345,1286.7367956063742,1294.5906405227167,4161877
2023-08-09,1296.03125,1297.5183543619519,1284.970719846274,1286.3649014591272,4090828
2023-08-10,1291.10498046875,1297.3323925229795,1287.8518903304866,1293.4286162817955,3873025
2023-08-11,1275.0718994140625,1298.3082576548654,1270.6105867070967,1293.8004268479058,5783517
2023-08-14,1295.2412109375,1296.5888744198694,1269.2628926543166,1275.0719825934739,4304135
2023-08-16,1318.4310302734375,1319.7786937329943,1306.2552006588273,1311.2742769730567,7735313
2023-08-17,1311.971435546875,1319.825280033983,1306.812918118155,1319.825280033983,5618346
2023-08-18,1290.826416015625,1309.322469240219,1288.3633389732208,1304.6751968805124,5134103
2023-08-21,1306.2552490234375,1307.742353385992,1289.2927060601864,1291.709264831686,3032722
2023-08-22,1304.7216796875,1306.8594702986447,1298.1225758070195,1305.6046160284368,2890714
2023-08-23,1308.625244140625,1316.665047189912,1306.4875671497327,1316.1073972557133,2559125
2023-08-24,1323.171142578125,1324.5189194126233,1314.6666128884629,1321.2193112047876,5171963
2023-08-25,1319.9180908203125,1322.148803936989,1311.8318834134902,1313.3189876716804,4307172
2023-08-28,1315.7822265625,1324.2867575475643,1311.83204511479,1319.9182535183484,3133464
2023-08-29,1317.64111328125,1323.914930768979,1315.4569180328365,1323.5431263001694,3074444
2023-08-30,1333.9063720703125,1335.3005535315312,1323.5429338501656,1326.3312967726029,3070887
2023-08-31,1334.185302734375,1342.968715084765,1327.8650807492497,1333.906534483456,9792735
2023-09-01,1341.9927978515625,1343.991147630047,1327.4468128773617,1330.002812639452,3582133
2023-09-04,1361.7435302734375,1366.2978792292915,1333.4880956574837,1341.2026120597739,4609014
2023-09-05,1374.570068359375,1375.6389635594269,1353.750268114738,1361.650630132572,5496840
2023-09-06,1373.2222900390625,1378.2878843440208,1360.070601695981,1377.3584299899496,5075786
2023-09-07,1362.765869140625,1369.458008273438,1358.9087245064234,1366.855490811992,4411743
2023-09-08,1365.92626953125,1370.7129827544118,1357.1893748015916,1360.2566199430964,3125838
2023-09-11,1372.2928466796875,1373.7800644251438,1361.1859124430616,1365.9261069950462,4182226
2023-09-12,1395.203857421875,1397.8992976423294,1372.896953736093,1377.91602975715,6793161
2023-09-13,1392.64794921875,1398.8288435447748,1383.6322871056639,1398.8288435447748,4804686
2023-09-14,1400.6412353515625,1405.846270656975,1393.3915592483722,1398.8288446904617,6444213
2023-09-15,1404.96337890625,1411.2837147970909,1402.546819933446,1410.9119103107828,8657816
2023-09-18,1386.56005859375,1398.7358880088802,1383.0280866448797,1398.7358880088802,3991916
2023-09-20,1385.1195068359375,1389.6273382680865,1372.060626309963,1372.060626309963,4169337
2023-09-21,1395.80810546875,1398.4106230981856,1371.8746553500082,1381.6804443744052,6779195
2023-09-22,1390.6031494140625,1400.641188325793,1380.4255561991947,1386.6529684238076,5455613
2023-09-25,1370.1551513671875,1384.7475392640083,1367.7385927513728,1384.7475392640083,4217863
2023-09-26,1357.6075439453125,1375.4995405113145,1356.0739215478982,1374.8024497360157,3996528
2023-09-27,1363.509521484375,1365.926080084956,1347.7553157505324,1353.2855237091,3863586
2023-09-28,1337.903076171875,1368.7145118891362,1333.7670495202924,1364.346121640076,5814602
2023-09-29,1334.185302734375,1344.7347011757531,1316.1074596363055,1331.0716531169655,6068968
2023-10-03,1332.8375244140625,1335.625887435849,1320.1040453314158,1334.7429511957962,4181867
2023-10-04,1342.4573974609375,1347.6623192444497,1318.1521429784143,1324.4724780818983,4510406
2023-10-05,1360.2099609375,1371.5493723980028,1347.8946904576385,1349.5677537176623,7384621
2023-10-06,1374.3841552734375,1379.7750360960613,1360.0706484952473,1365.8332203052626,3598672
2023-10-09,1371.3634033203125,1385.8164641413844,1359.0481329313968,1361.5577278028998,3567552
2023-10-10,1389.673828125,1391.393296146582,1365.4614945887647,1379.2174656790087,5688951
2023-10-11,1388.9766845703125,1411.144149422588,1376.940181958551,1391.3932433298958,7220129
2023-10-12,1362.1153564453125,1398.2711535251433,1349.5677226602481,1386.6529740945282,11081662
2023-10-13,1330.1885986328125,1336.5553381568939,1301.2360733099106,1305.8833450003033,17973439
2023-10-16,1332.97705078125,1341.7603494799055,1329.1197923285388,1331.0716238772634,4850745
2023-10-17,1340.6915283203125,1350.8226045344618,1336.6020195003289,1338.6467739103207,3923764
2023-10-18,1338.925537109375,1351.426652993233,1336.8806694215968,1340.2732005613768,4264837
2023-10-19,1332.5123291015625,1338.0890555260446,1325.49490296724,1325.49490296724,6795691
2023-10-20,1326.563720703125,1337.0200821379894,1324.7048120035936,1329.119720164981,3928622
2023-10-23,1309.27587890625,1331.3039013836562,1306.1157114580749,1325.0300845878248,2636516
2023-10-25,1289.88134765625,1320.4796048766234,1281.643355327688,1317.1372877323818,6940777
2023-10-26,1279.901611328125,1293.600262701033,1273.923205151914,1275.7591696776637,6357656
2023-10-27,1299.57861328125,1303.9565408986182,1283.8558619720413,1283.8558619720413,4634358
2023-10-30,1296.4716796875,1299.5785105468342,1283.3378978736482,1299.5785105468342,2667696
2023-10-31,1288.327880859375,1300.3318125956307,1283.2438397267852,1299.2019618287502,3451595
2023-11-01,1274.91162109375,1296.8481472235057,1272.5579091746342,1292.7057061877338,3090672
2023-11-02,1289.9755859375,1295.765741180137,1281.9729641186536,1289.8343402140486,3758060
2023-11-03,1307.76953125,1310.54686548969,1297.1307068451297,1299.2961678955407,3349045
2023-11-06,1321.185791015625,1324.9046103571086,1309.4172299003549,1312.3358100714709,2736381
2023-11-07,1322.127197265625,1323.6335500133118,1313.2300966352614,1318.078766511828,2272209
2023-11-08,1309.60546875,1322.7862570767434,1305.3216665728671,1322.7862570767434,3550635
2023-11-09,1294.3533935546875,1315.725053279232,1289.8813406007866,1314.2187005328615,5498051
2023-11-10,1288.75146484375,1292.7998955154703,1281.3608320382564,1289.7870751538298,2943649
2023-11-13,1293.176513671875,1301.5556365838725,1290.6344357148544,1299.1077990502322,3462092
2023-11-15,1327.96435546875,1331.2595523805833,1311.4883709095843,1317.1372799012984,8551860
2023-11-16,1360.3515625,1368.3541841941474,1328.0585842809098,1333.2367512594758,6673907
2023-11-17,1353.431640625,1366.094566340676,1351.0779284155915,1356.726837718172,4901251
2023-11-20,1352.5372314453125,1367.036122395586,1349.7598968645575,1357.6212730677928,3584210
2023-11-21,1354.796630859375,1365.152963687348,1352.6782900536532,1357.621085267004,3793135
2023-11-22,1372.49658203125,1373.5791976051314,1352.1604184890853,1352.1604184890853,3108786
2023-11-23,1364.447021484375,1382.0057382429595,1362.9876738861756,1382.0057382429595,3186928
2023-11-24,1353.2904052734375,1367.6480498608116,1349.948087939533,1360.9635301203575,2973195
2023-11-28,1358.2801513671875,1360.4456124998921,1343.5460053605395,1359.504127646951,3755373
2023-11-29,1374.191162109375,1375.2267723820626,1364.964680220391,1366.1885414781705,3875778
2023-11-30,1370.001708984375,1375.179875684024,1364.729416784748,1368.21286477539,10120867
2023-12-01,1367.3184814453125,1374.4737432561005,1361.5283266839235,1374.4737432561005,3489187
2023-12-04,1378.663330078125,1385.7715867334168,1364.4940519087752,1374.9915161431222,5511948
2023-12-05,1368.871826171875,1381.0641237085301,1357.621128395019,1380.0285133783032,5123039
2023-12-06,1388.03125,1390.5732132882843,1366.1417258233225,1371.5081438440814,5269178
2023-12-07,1380.1226806640625,1386.6659544767813,1376.2626157196041,1386.6659544767813,4424453
2023-12-08,1403.89501953125,1407.2372214649233,1380.4520260773586,1384.3592108075636,6323433
2023-12-11,1401.400146484375,1410.3442522227704,1395.2804951896835,1402.812373706227,3862018
2023-12-12,1389.6787109375,1402.812378171591,1381.7702154844862,1391.0438179520306,6103494
2023-12-13,1364.2115478515625,1389.6787590187653,1349.2890359623277,1389.6316388053183,8549258
2023-12-14,1413.592529296875,1422.5837565218126,1375.8390058650577,1377.7690959795298,12489858
2023-12-15,1486.0396728515625,1495.5957668241965,1431.9984208352303,1433.9285107001285,18395389
2023-12-18,1472.811767578125,1499.7853308836295,1468.9988229814394,1476.2010899731836,6467243
2023-12-19,1467.1158447265625,1481.8499902553428,1452.9464521784103,1478.225296674548,4221721
2023-12-20,1446.497314453125,1490.8412269194432,1440.4717885612556,1473.470877793026,6592367
2023-12-21,1446.1207275390625,1456.1475641627426,1432.2338260213533,1432.2338260213533,5319038
2023-12-22,1471.44677734375,1474.3653575565068,1433.8815067423754,1445.1322053581507,6741060
2023-12-26,1453.6055908203125,1457.4186507029785,1433.8815277911087,1445.1793467888062,6878067
2023-12-27,1475.4010009765625,1478.131330240823,1453.6527222240961,1453.6527222240961,4225849
2023-12-28,1471.211181640625,1477.1424666659373,1464.0088002487887,1477.1424666659373,5702253
2023-12-29,1452.6170654296875,1468.1985714635211,1449.8867362525718,1450.875341361868,4388990
2024-01-01,1460.572509765625,1465.8919221925776,1445.4146265550125,1448.9451947683858,2808451
2024-01-02,1444.6142578125,1458.5011582059428,1433.8813084212525,1455.535458187299,5396313
2024-01-03,1402.8123779296875,1431.0098022399532,1400.9294082948825,1431.0098022399532,7550363
2024-01-04,1424.18408203125,1430.821596173285,1405.5427510177758,1416.8875744672803,7056038
2024-01-05,1442.8726806640625,1449.6042055294993,1418.1115826606078,1418.5823250946862,8895403
2024-01-08,1433.6932373046875,1446.120791889042,1424.7020106289667,1439.4832774397032,4440136
2024-01-09,1439.812744140625,1462.1258878294154,1436.5645526388157,1451.675429581847,4412074
2024-01-10,1430.9627685546875,1445.602788218323,1416.9346220683428,1435.7171978317997,4096845
2024-01-11,1406.7667236328125,1435.7645051838629,1399.6114612154008,1435.6703796771912,11296088
2024-01-12,1518.3797607421875,1523.3225564289937,1464.3856251298819,1470.5994024363956,26754401
2024-01-15,1555.4271240234375,1567.5251815652139,1540.2692406673768,1548.6954842465418,13228305
2024-01-16,1536.0797119140625,1552.0378347627927,1529.9129399390588,1548.554386655104,6500917
2024-01-17,1544.223388671875,1551.0962739751476,1525.4408120839046,1525.4408120839046,9209876
2024-01-18,1546.4830322265625,1552.5085584102292,1532.9727472598277,1546.5301524412396,6375464
2024-01-19,1562.1116943359375,1568.043095154959,1547.9424155997167,1554.9564321078524,4522736
2024-01-23,1546.0594482421875,1576.7047127157934,1541.8697714896578,1553.5442072103745,9401255
2024-01-24,1577.36376953125,1581.6945769350064,1548.7426065821937,1562.7707540892902,8999681
2024-01-25,1571.4322509765625,1582.2123208537434,1560.9817927200572,1575.0569444579046,8865304
2024-01-29,1559.6636962890625,1581.0824754834941,1551.1903330912653,1567.7134372979071,4253785
2024-01-30,1554.8150634765625,1591.1093493392334,1551.8023580167996,1565.171396519599,4995943
2024-01-31,1563.712158203125,1569.6905638157846,1542.2462583680392,1551.8023522623284,6763779
2024-02-01,1560.087646484375,1578.8702248339061,1553.7796285080506,1562.4413588052366,5760011
2024-02-02,1594.263427734375,1617.9417958851127,1567.5723538834523,1568.5609589964831,7858483
2024-02-05,1588.4732666015625,1601.2304328815121,1583.4363454059862,1595.5815235195898,3634135
2024-02-06,1628.2509765625,1631.5932938509086,1575.998565824632,1588.0496182360184,7694265
2024-02-07,1594.639892578125,1627.8272320398985,1588.1436244214153,1627.8272320398985,4613877
2024-02-08,1593.0865478515625,1606.5027074369461,1584.330807394356,1598.6413316478238,5919715
2024-02-09,1571.6676025390625,1593.8396151923025,1562.676491800521,1586.1193710004457,4600004
2024-02-12,1581.7886962890625,1593.8867538003944,1572.6092188693096,1572.6092188693096,3555808
2024-02-13,1585.9783935546875,1590.2620807833139,1566.1600909474707,1584.5190460262058,2696481
2024-02-14,1568.7020263671875,1571.7618521594686,1539.7984871618103,1563.0531172122069,3768579
2024-02-15,1578.2581787109375,1588.9911294855572,1564.3712765276096,1578.8701668773688,4834391
2024-02-16,1602.07763671875,1608.997527029752,1589.1792259716428,1590.1678309849335,4880654
2024-02-19,1600.2889404296875,1611.3513878778704,1588.9440015438006,1605.2317360980246,3690993
2024-02-20,1586.6373291015625,1595.1106926748687,1571.1028292171682,1586.401957891193,3706389
2024-02-21,1558.6751708984375,1576.045519089509,1549.0249519195443,1576.045519089509,4300508
2024-02-22,1582.9656982421875,1586.0255243307413,1548.1778752986518,1567.5724422898586,5841277
2024-02-23,1578.7288818359375,1599.064932049705,1574.0685776987198,1597.6998249586602,5373072
2024-02-26,1563.0059814453125,1576.939887241313,1548.7424640342401,1576.939887241313,2782438
2024-02-27,1566.254150390625,1573.315286661556,1556.0861831168934,1563.8063128021718,5159088
2024-02-28,1573.4566650390625,1589.0382863616267,1564.7950497873524,1572.2798088946804,3188916
2024-02-29,1575.951416015625,1583.8127910418666,1556.5568522895687,1567.5721783829442,7814722
2024-03-01,1557.875,1574.115614336737,1554.391551881323,1571.3382798848747,6387291
2024-03-04,1541.39892578125,1567.0543875331723,1538.0567235736469,1560.8406106080845,4445156
2024-03-05,1512.4954833984375,1541.5402694156692,1508.2588013721113,1538.386318003764,4596579
2024-03-06,1522.8988037109375,1525.3466412368123,1483.7800637991031,1509.0119027331223,6420684
2024-03-07,1521.8631591796875,1533.1609775234701,1510.3299696204092,1522.004404894455,6348359
2024-03-11,1506.940673828125,1519.3683431830998,1495.0779873422402,1514.0489306330928,6752895
2024-03-12,1518.56787109375,1529.9128089712128,1504.1632225256892,1506.375688833194,4614222
2024-03-13,1517.108642578125,1529.4420705773052,1505.0105857809417,1518.5208697901078,5688997
2024-03-14,1556.556884765625,1560.746446205705,1513.9075768353332,1519.9331026141767,8803799
2024-03-15,1538.3863525390625,1549.4959205173257,1523.6520906201538,1545.0708724563005,11809997
2024-03-18,1508.8707275390625,1537.1152732206572,1505.2930391151203,1534.6203153666463,4958904
2024-03-19,1470.0814208984375,1505.4342217324486,1466.8333442521293,1499.173324716635,6870411
2024-03-20,1463.9619140625,1482.7916122525826,1461.5140762832607,1471.540913554951,4759059
2024-03-21,1463.7264404296875,1484.6744782005846,1453.087730653012,1472.4822954464403,11062497
2024-03-22,1420.559326171875,1439.4361424981196,1410.5324900051585,1431.9983895472183,14673890
2024-03-26,1405.307373046875,1419.2412797585116,1400.8353200453062,1404.6953849138222,8351081
2024-03-27,1397.022216796875,1411.2857346994197,1394.8568706833632,1408.4612802603947,6857402
2024-03-28,1410.391357421875,1423.3367734843898,1400.129150066849,1400.129150066849,12499530
2024-04-01,1407.9434814453125,1440.4247089660325,1405.4486385196594,1435.7644049013911,6580002
2024-04-02,1396.080810546875,1405.7781506375063,1394.1978408148962,1397.9637802788536,7279400
2024-04-03,1394.009521484375,1407.613931160152,1388.690109266799,1392.4560485461666,8736248
2024-04-04,1399.7054443359375,1408.1318024819914,1382.0997240670574,1403.3302528566012,11186915
2024-04-05,1392.55029296875,1399.7055552251502,1389.6788329794124,1393.4447725803975,5072482
2024-04-08,1390.29052734375,1403.706685446096,1387.8426899035271,1396.221927423092,6610887
2024-04-09,1407.378662109375,1425.2198696967855,1400.2705201600338,1402.8124833871761,9423230
2024-04-10,1418.62939453125,1421.5008543199363,1397.6813569645744,1412.5567483925915,6744595
2024-04-12,1397.86962890625,1418.6294157880386,1392.926833451286,1415.993212241118,12275616
2024-04-15,1382.2410888671875,1404.6483606920185,1375.5565690145563,1393.397662027,8531224
2024-04-16,1331.6832275390625,1370.0017306796847,1330.3652406637968,1366.094545486242,16173541
2024-04-18,1336.202392578125,1360.1631363842591,1325.1399454315383,1337.9441165902024,22107945
2024-04-19,1328.67041015625,1343.3575498977523,1298.0721544750609,1303.9564344137511,20603621
2024-04-22,1348.9124755859375,1352.7725406478596,1330.3652692316007,1336.814417739945,5859087
2024-04-23,1357.997802734375,1362.1873644449943,1349.1478219496535,1358.562670672261,4856174
2024-04-24,1347.029541015625,1359.7867075742051,1343.546092803966,1359.7867075742051,4268213
2024-04-25,1354.2786865234375,1360.3513320897941,1336.908338935666,1336.908338935666,9089398
2024-04-26,1346.55859375,1360.8221110164066,1343.498768244188,1355.455578865194,8062444
2024-04-29,1350.79541015625,1355.549954695784,1344.6757585333085,1346.2762368329832,5055957
2024-04-30,1337.4263916015625,1352.4901496742034,1334.6019369629423,1350.7483107051714,6936588
2024-05-02,1331.6832275390625,1340.6744540126867,1329.2353898641165,1330.3181204493865,10076354
2024-05-03,1333.425048828125,1341.4276701119534,1321.0915052605797,1338.8855920418562,8842345
2024-05-06,1342.4632568359375,1361.1045877183944,1334.1781442699464,1336.9084732924218,6445422
2024-05-07,1356.632568359375,1358.892155017695,1332.7659500503705,1341.568810540377,6080661
2024-05-08,1343.7813720703125,1355.5028124792066,1342.1807788692665,1351.2661306551702,6234983
2024-05-09,1355.3145751953125,1365.1059257902893,1341.4746788069972,1344.0167568835536,6088406
2024-05-10,1341.521728515625,1351.9250667078657,1330.3180362931507,1351.0778223208927,8777481
2024-05-13,1340.156494140625,1341.615841553252,1328.6233053272724,1341.615841553252,3735954
2024-05-14,1341.3333740234375,1349.8538575959403,1335.0725919265954,1342.9339671701941,3463230
2024-05-15,1336.861328125,1348.0180152167325,1335.5433413149956,1342.5573572737128,4327544
2024-05-16,1368.3070068359375,1370.566593499511,1343.4989036055658,1350.0421774524657,9249145
2024-05-17,1359.78662109375,1371.7434327729238,1355.0320766083944,1371.7434327729238,7542860
2024-05-21,1350.23046875,1360.1630645795747,1344.8169310704366,1346.323283787107,6752663
2024-05-22,1369.6722412109375,1374.5207963720839,1344.4404006067602,1345.1465142625411,7173285
2024-05-23,1386.2423095703125,1391.6558474322132,1365.153026044568,1369.5779588477037,8641428
2024-05-24,1379.369384765625,1389.1608498646779,1374.5678351761637,1382.3350849297278,5277938
2024-05-27,1385.253662109375,1393.0209118473929,1374.8032036291474,1385.7244045177397,5821844
2024-05-28,1381.20556640625,1389.6318108875016,1374.8505428808498,1389.1610684041386,6186922
2024-05-29,1366.0474853515625,1379.7461367746178,1365.1531206572472,1379.6520112690093,7401634
2024-05-30,1343.9224853515625,1365.011768697552,1338.3678167520543,1358.3743695494225,9663150
2024-05-31,1351.076904296875,1379.7424895610318,1344.4506597427837,1353.8618612517012,37113815
2024-06-03,1350.11669921875,1382.8636553906256,1348.2920640058599,1382.8636553906256,10589244
2024-06-04,1338.3526611328125,1358.8555105856897,1304.4532506211224,1353.09357909204,13736134
2024-06-05,1373.3563232421875,1380.9428896837226,1344.594729280313,1344.594729280313,9233424
2024-06-06,1413.833984375,1415.8026912541518,1380.4627967662166,1387.6171483700416,12660930
2024-06-07,1472.749755859375,1478.607696455328,1418.6356360706318,1422.2368434730788,24075302
2024-06-10,1440.242919921875,1469.1006429210506,1437.8901779119085,1464.7791939197848,6810606
2024-06-11,1436.4014892578125,1446.6768867495505,1434.67286293827,1440.530920339611,4853054
2024-06-12,1426.2701416015625,1448.8857708643502,1423.9173996680136,1447.205207418443,9564320
2024-06-13,1434.6729736328125,1445.2845783914581,1430.2555159747842,1435.6813586014816,7307565
2024-06-14,1429.8233642578125,1444.0360586769375,1427.0864701658527,1444.0360586769375,4237727
2024-06-18,1438.7542724609375,1447.2051523581276,1436.0654413858667,1437.6019330325926,5420939
2024-06-19,1451.382568359375,1455.5119996711499,1437.3138282236787,1445.2845473689924,5493456
2024-06-20,1455.2718505859375,1457.2885031581282,1439.618556511379,1456.1361637531038,7927010
2024-06-21,1471.885498046875,1495.94161129154,1463.2425999556383,1483.6975056622882,17301941
2024-06-24,1466.5556640625,1468.428244941943,1455.271881344855,1464.0588504809766,5564989
2024-06-25,1480.768310546875,1482.6410085926723,1460.0253808999469,1465.451223093983,4551525
2024-06-26,1479.5679931640625,1487.3946405637594,1474.0942048965353,1479.8561366420593,4851004
2024-06-27,1510.9224853515625,1515.7721579895247,1471.2612599725667,1477.4072265440695,14757754
2024-06-28,1504.58447265625,1525.4714758668922,1502.1836676895095,1510.15438706981,8197544
2024-07-01,1527.68017578125,1536.4190819140294,1497.6220524294586,1497.6220524294586,6801771
2024-07-02,1556.72998046875,1568.9740856185726,1523.550809426941,1532.86588566981,10493173
2024-07-03,1562.8280029296875,1571.086748455425,1542.2770892539197,1560.5232067482063,7269965
2024-07-04,1585.1553955078125,1594.13438198508,1563.4040806456085,1563.5960981382616,8008311
2024-07-05,1582.0823974609375,1599.7523453204356,1568.5418810019864,1585.9236853770542,7065022
2024-07-08,1595.718994140625,1599.8963711842514,1574.9280004454815,1577.904975049744,5880533
2024-07-09,1591.3974609375,1600.6165277373964,1585.4914578037747,1594.0383461640054,5191182
2024-07-10,1582.8507080078125,1607.5789990626897,1572.575309683498,1591.2535253565572,9852770
2024-07-11,1587.1241455078125,1598.9361531696993,1576.8968098410567,1590.2932550444577,8857679
2024-07-12,1643.8310546875,1651.5136300854847,1600.520559326722,1613.340833576749,17078316
2024-07-15,1639.3175048828125,1659.436201288973,1635.092065184172,1657.707575021914,6942230
2024-07-16,1657.563720703125,1668.943512173137,1632.547287437264,1650.4092519603355,6886281
2024-07-18,1688.2940673828125,1695.3524103380762,1650.7934479826547,1650.7934479826547,11248896
2024-07-19,1721.8092041015625,1770.8336868455729,1715.5671113876276,1770.8336868455729,29819116
2024-07-22,1738.9990234375,1750.6669588687384,1721.8092366549201,1728.7236252048558,8462126
2024-07-23,1764.015380859375,1766.9442924167647,1712.494085746934,1738.1826974355533,7113056
2024-07-24,1761.182373046875,1769.249100779416,1747.4017766683005,1764.5915628208677,6002845
2024-07-25,1752.443603515625,1758.253598590097,1740.103489083107,1747.7860651938493,5815599
2024-07-26,1804.348876953125,1808.2861733754446,1752.9235913028444,1752.9235913028444,11369047
2024-07-29,1796.8583984375,1827.4926924499405,1790.040135957272,1818.4656425678857,4635931
2024-07-30,1802.6683349609375,1805.3571660297775,1786.1987904104494,1796.8583403917328,2721265
2024-07-31,1794.1214599609375,1810.350924152097,1791.048476651269,1802.5242769151237,5004209
2024-08-01,1779.092529296875,1793.7855029159562,1771.8901142339544,1782.453656326238,7475014
2024-08-02,1748.938232421875,1785.7186088193323,1744.0886770658112,1769.8732971519382,7400938
2024-08-05,1682.3880615234375,1726.1787193591779,1650.3613476722035,1714.1266318965754,10736703
2024-08-06,1681.619873046875,1725.6506144088735,1675.617860395926,1690.3587800212945,7690163
2024-08-07,1720.5609130859375,1726.5629255103806,1692.183351452448,1724.7382902879888,5094329
2024-08-08,1673.9852294921875,1709.3250068929763,1658.5720153140558,1709.3250068929763,6227910
2024-08-09,1700.489990234375,1710.0932091542359,1686.32524232758,1700.970151180368,4258524
2024-08-12,1726.0826416015625,1731.9405818653124,1697.9451624687292,1702.6988263064616,4315329
2024-08-13,1726.130615234375,1738.1827024097588,1718.0640047615366,1738.1827024097588,4176918
2024-08-14,1750.9071044921875,1752.5876680094568,1726.130749746865,1730.5002617824882,7450718
2024-08-16,1785.1904296875,1787.9753867685558,1756.9089953467567,1776.5955951852964,7335657
2024-08-19,1790.8084716796875,1793.449357119504,1775.8273550396493,1786.1988792940135,2585989
2024-08-20,1797.9146728515625,1810.8790189238414,1794.0733851264426,1805.405230806265,3870333
2024-08-21,1798.394775390625,1804.444850251852,1793.0169961955314,1800.6995713961778,1966902
2024-08-22,1805.6453857421875,1818.513723597305,1795.51394205871,1809.2465931329778,4300287
2024-08-23,1788.2154541015625,1807.9020537953018,1783.3178356718943,1803.67661383031,5015935
2024-08-26,1801.7080078125,1813.8080406542315,1790.0400729474454,1795.8020045127269,3728589
2024-08-27,1824.707763671875,1827.2526403543604,1799.5473747842314,1801.7080992308468,3830679
2024-08-28,1862.1602783203125,1873.588133022963,1822.1148997127973,1831.2379582795415,6514531
2024-08-29,1856.638427734375,1873.1079727033768,1844.6824662886909,1856.3023384955793,7228284
2024-08-30,1866.5777587890625,1872.6278340667684,1851.5007508106305,1861.1039704725115,13466759
2024-09-02,1886.552490234375,1897.3561122833119,1865.713550595146,1866.241657337013,5573739
2024-09-03,1864.22509765625,1888.9533893572925,1859.6155051280512,1888.9533893572925,4694322
2024-09-04,1846.1708984375,1850.7324277310104,1824.6597803927025,1844.8744872415468,4778310
2024-09-05,1856.4464111328125,1863.0245930805459,1833.8307821972226,1849.8201661965988,4081810
2024-09-06,1826.3883056640625,1859.6634851962026,1821.5866958391305,1845.7388167038994,5848106
2024-09-09,1819.4739990234375,1844.634387126065,1814.0481565814205,1815.0084785277315,4772612
2024-09-10,1836.4237060546875,1858.2229673598686,1820.7704114285846,1829.317300201853,6909600
2024-09-11,1834.3590087890625,1849.5800883553493,1829.4133272673625,1838.7284033553788,5312946
2024-09-12,1873.0599365234375,1878.773922571952,1834.9832642548035,1848.6197893164426,8555092
2024-09-13,1866.9619140625,1880.886582594913,1858.8472403257115,1873.0599351123685,3843127
2024-09-16,1872.867919921875,1874.548483367517,1856.3504289468578,1868.5464710616527,1570181
2024-09-17,1875.07666015625,1880.7424658489679,1865.0892884852562,1870.467067930622,2793127
2024-09-18,1817.0731201171875,1861.824097546446,1806.6536508696367,1861.824097546446,6385468
2024-09-19,1819.0418701171875,1848.5238256038056,1804.253005223771,1834.7911742292838,7976570
2024-09-20,1830.1336669921875,1839.0166455673825,1793.305341425795,1829.4134254860905,15242974
2024-09-23,1821.2025146484375,1842.761812755645,1803.9167195535472,1833.2546020080952,3636672
2024-09-24,1823.2672119140625,1835.0792186672709,1797.1465020357018,1813.0878227950013,7277616
2024-09-25,1820.0982666015625,1826.1482246431408,1802.3323102544668,1811.5033146813457,4268341
2024-09-26,1824.8519287109375,1841.8495816692773,1817.8895940269988,1822.4991866395028,8952803
2024-09-27,1831.0938720703125,1896.2516927156676,1827.7808082445556,1855.4380099764576,14908931
2024-09-30,1801.179931640625,1825.8122145485347,1796.282312853667,1805.40537191387,6986955
2024-10-01,1828.7890625,1833.2065199774477,1800.6036370139677,1800.6036370139677,4029072
2024-10-03,1818.2735595703125,1835.9914522282918,1806.3655442331449,1814.528280610594,7503887
2024-10-04,1842.04150390625,1876.565029844856,1811.1671309069884,1814.5763205944831,10001483
2024-10-07,1857.55078125,1864.9452133204372,1840.0249057901142,1846.8911139011777,6112575
2024-10-08,1871.2353515625,1880.2622839615105,1830.7096956078074,1861.007899519078,5637391
2024-10-09,1875.2686767578125,1898.5564839074102,1867.9221904384558,1875.07665925967,4857163
2024-10-10,1842.85791015625,1886.0723999723164,1838.1523089309171,1880.214459242611,4782119
2024-10-11,1858.319091796875,1869.7469471224404,1834.3110416283794,1841.8976089269854,4709431
2024-10-14,1881.1746826171875,1891.354071794841,1854.477685639696,1855.4860705732615,3751378
2024-10-15,1881.558837890625,1912.433094709219,1874.3083602991192,1882.2310163628915,5353705
2024-10-16,1843.914306640625,1881.7990810660253,1840.3130990275722,1877.4295689381306,3111512
2024-10-17,1890.0096435546875,1899.516854492198,1853.5654717255002,1858.415027332384,8162822
2024-10-18,1805.0211181640625,1859.9995499352583,1795.0818094027522,1818.6577602233042,10526196
2024-10-21,1779.2364501953125,1823.4593218230411,1765.071701772492,1816.0647726492866,4654601
2024-10-22,1778.1319580078125,1803.2924614363872,1773.6664378494722,1784.4700589292672,4125240
2024-10-23,1799.0672607421875,1811.167294513619,1770.8337704576425,1772.0341729593083,4311910
2024-10-24,1789.4158935546875,1809.2465653946333,1786.198838446931,1787.5433126309072,2906475
2024-10-25,1788.1676025390625,1801.9001366151979,1773.1385399992107,1789.5119595392343,4689120
2024-10-28,1791.336669921875,1807.2300463621355,1783.3180044404317,1785.9108270230458,7018940
2024-10-29,1786.4317626953125,1798.378144066303,1776.4277753656768,1792.9391324904534,4621252
2024-10-30,1750.301025390625,1786.1404080241402,1744.7163014394891,1779.3416136488445,5919715
2024-10-31,1706.740234375,1736.5092654474463,1696.2992285309076,1736.5092654474463,7395236
2024-11-01,1710.236572265625,1715.2385657478123,1701.6895882617994,1713.7816813488193,371966
2024-11-04,1712.9561767578125,1716.2098616116575,1668.6183034798119,1674.9314693544445,7336722
2024-11-05,1703.7777099609375,1717.6181118779048,1694.842199656711,1709.4110437798347,3160880
2024-11-06,1771.2801513671875,1774.679548579323,1711.985022561022,1713.296194916247,10421494
2024-11-07,1751.2237548828125,1773.22261567757,1735.6350435250165,1760.8390975998175,4550965
2024-11-08,1777.3504638671875,1787.694367437014,1761.0334287500186,1765.7439982122546,4210960
2024-11-11,1806.6337890625,1814.306737413767,1770.163186757311,1776.427742360696,3804234
2024-11-12,1815.083740234375,1826.9330191433785,1807.5078940062876,1817.3175584882076,5012450
2024-11-13,1814.6953125,1819.3572716489662,1802.943134866599,1807.605094015565,4257495
2024-11-14,1810.9559326171875,1822.0767695268303,1802.6516440521305,1811.975680567675,4311431
2024-11-18,1759.3822021484375,1796.047127993138,1743.4050832115965,1796.047127993138,4839244
2024-11-19,1772.2999267578125,1806.24528689049,1768.2206977377823,1773.0283689800722,4669769
2024-11-21,1781.3326416015625,1813.3354888516371,1768.26917339711,1789.0540816629436,5436504
2024-11-22,1847.572265625,1859.0331371970146,1781.2840242640295,1800.80625185363,6301486
2024-11-25,1835.383056640625,1864.1323391283017,1827.904430253904,1860.927145784527,12764638
2024-11-26,1868.8427734375,1882.8773790978912,1842.7645663309452,1850.194581938472,6850495
2024-11-27,1869.1827392578125,1885.5969943515,1856.7992214996743,1874.621750796134,4447143
2024-11-28,1803.282958984375,1859.8586361338635,1798.4266776839897,1859.8586361338635,8468790
2024-11-29,1804.448486328125,1823.0480681141644,1791.9678666332622,1797.8925063282472,5244346
2024-12-02,1825.7677001953125,1828.6814691911163,1782.4495729417774,1805.5655210664468,2868263
2024-12-03,1837.7139892578125,1845.1441235346933,1817.3662175546285,1832.760605927078,4715792
2024-12-04,1834.9459228515625,1858.935905488834,1821.1055208927776,1829.8468273930628,4705573
2024-12-05,1879.2352294921875,1893.8526842407528,1834.654541582606,1845.386971128795,9050038
2024-12-06,1867.1431884765625,1882.2461532385446,1857.4306251975142,1877.2442779990854,3573331
2024-12-09,1868.357177734375,1874.7188352688952,1842.6673778401903,1868.8912975545852,4274645
2024-12-10,1892.54150390625,1909.101352624084,1876.4671647750902,1883.2659588503623,6174921
2024-12-11,1917.4056396484375,1921.1449526741415,1895.8922889888395,1898.806057875605,5025612
2024-12-12,1929.88623046875,1941.3471020098962,1913.9091120699152,1918.4253589276038,6462130
2024-12-13,1942.22119140625,1948.7771714843159,1897.6406217246506,1913.132112410419,5362693
2024-12-16,1923.1361083984375,1942.1240981650324,1920.7564592966078,1938.0933607570853,3119221
2024-12-17,1919.7852783203125,1925.0300863243267,1901.7199339167669,1911.4324974199167,5811050
2024-12-18,1922.261962890625,1927.8951783904936,1905.216367108079,1910.2669710918078,3064095
2024-12-19,1890.259033203125,1903.4196039771014,1864.8121646312206,1878.4097533316565,5323592
2024-12-20,1866.9002685546875,1923.038809987995,1856.3135514684034,1918.3768510152895,11056720
2024-12-23,1868.988525390625,1884.2372017118134,1854.1282567360063,1874.5732490554924,2781793
2024-12-24,1854.1768798828125,1886.1797274213886,1787.111585198432,1871.6594932162752,2360544
2024-12-26,1852.5743408203125,1864.5693327398988,1847.6209572676305,1854.1769374712999,3623321
2024-12-27,1861.655517578125,1868.8428379280153,1849.1748978049127,1854.5168074679777,3937500
2024-12-30,1851.2144775390625,1860.9270403802957,1832.2749799986577,1860.6356160704356,7789055
2024-12-31,1825.9617919921875,1842.473148621904,1792.0164326986576,1837.9082915665463,3613063
2025-01-01,1828.3900146484375,1838.5395957247827,1820.134335963438,1820.134335963438,1838368
2025-01-02,1901.57421875,1906.2362966487788,1831.109641782825,1832.7607301511275,7083645
2025-01-03,1883.023193359375,1896.8149857004253,1866.7546499738073,1896.8149857004253,6218003
2025-01-06,1882.1490478515625,1916.288731426852,1872.5821967516326,1895.8923485784164,7164403
2025-01-07,1875.3502197265625,1902.2540906114118,1868.357221729347,1889.0935202054077,4294832
2025-01-08,1877.5841064453125,1882.8774057609294,1834.460303784991,1874.5246254427705,5482050
2025-01-09,1862.1898193359375,1895.74665458795,1855.6338390718154,1878.4583629543145,6833503
2025-01-10,1910.4124755859375,1920.9507009797642,1876.709930393327,1881.3233976824297,8036913
2025-01-13,1905.799072265625,1925.8070469770787,1892.9785364775742,1899.7773306055078,5804152
2025-01-14,1884.285888671875,1915.1232771204202,1875.5930733895989,1912.2579998126723,5792162
2025-01-15,1893.60986328125,1901.7684398888914,1881.420549328485,1891.036010381721,2985439
2025-01-16,1873.0191650390625,1910.41253260361,1861.7526156669912,1909.4412763032324,7533579
2025-01-17,1763.2672119140625,1804.5942151264314,1759.9164250856263,1797.7954209897873,16409953
2025-01-20,1761.17919921875,1775.4080099966866,1741.60835991682,1770.5517282126625,4333011
2025-01-21,1748.941162109375,1779.0016155615642,1741.5111463055791,1766.7638099629812,7169109
2025-01-22,1803.0887451171875,1812.1700865447272,1753.2633671133483,1755.448693830049,8373913
2025-01-23,1811.8299560546875,1825.5247642701754,1799.446438649042,1804.5941442893445,5907471
2025-01-24,1821.5426025390625,1840.4336089404926,1810.6645792715367,1811.8786496612856,4887027
2025-01-27,1769.6290283203125,1809.4505377391558,1759.9164650474238,1795.6101350752897,7652371
2025-01-28,1777.15625,1809.9361507719634,1772.4456805643415,1777.3990640797924,6999495
2025-01-29,1827.1759033203125,1834.36322360914,1787.5972093347696,1791.9678626583263,5145155
2025-01-30,1806.488037109375,1832.9547702492719,1790.9965471548646,1819.3086909049005,7336056
2025-01-31,1825.7677001953125,1842.910279604707,1817.2205970496623,1817.2205970496623,5820470
2025-02-01,1798.1353759765625,1836.2571867836969,1792.9391783431893,1826.2533177597818,1701402
2025-02-03,1809.741943359375,1822.6110895629577,1779.7300994439906,1783.2265984737837,4823228
2025-02-04,1844.2215576171875,1856.2650411997822,1821.1056096540206,1834.703198206104,7334787
2025-02-05,1842.521728515625,1864.5205878724964,1839.8507738106882,1851.2144245852517,4996744
2025-02-06,1860.587158203125,1868.6971246106148,1845.3869733680706,1861.898330498206,4765255
2025-02-07,1848.9320068359375,1868.40562375176,1835.140096778848,1864.13219104828,4126260
2025-02-10,1826.2532958984375,1850.2432794461592,1824.6020890265615,1850.2432794461592,3828734
2025-02-11,1821.7369384765625,1848.3007750893653,1816.249316561804,1828.9727506286142,4411601
2025-02-12,1809.5963134765625,1840.142278618334,1793.9104995274497,1830.8182412610952,5633947
2025-02-13,1790.268310546875,1819.6488158467762,1782.8867858202054,1814.792533979024,5237744
2025-02-14,1803.040283203125,1805.856950285683,1775.7964955938853,1800.7092442878504,5292961
2025-02-17,1789.345458984375,1799.4950394980904,1769.77462159192,1785.703248001718,4428956
2025-02-18,1798.7181396484375,1808.1393973263787,1784.780634818134,1789.3456107739096,4365260
2025-02-19,1758.7509765625,1796.0471240806544,1753.9917969230971,1794.2989338566194,4611411
2025-02-20,1772.6884765625,1778.3703022593725,1753.6518766132701,1753.6518766132701,2218020
2025-02-21,1762.8302001953125,1777.2533326664163,1754.2830972545896,1769.4347905187403,3379879
2025-02-24,1713.3931884765625,1756.0313630959042,1699.9413126430345,1748.309923055587,7594720
2025-02-25,1716.8897705078125,1727.330776075937,1694.9880113599872,1694.9880113599872,5092963
2025-02-27,1713.5875244140625,1724.8054634563641,1700.7668702151418,1704.748997302386,5757079
2025-02-28,1639.189208984375,1704.6519072727174,1634.0901134127998,1704.6034155946859,12182167
2025-03-03,1659.488525390625,1678.9136517994152,1643.6571185043986,1643.6571185043986,7504969
2025-03-04,1639.7720947265625,1650.1644899401717,1621.9980566215932,1646.2794646548505,6759673
2025-03-05,1662.30517578125,1683.1385762213686,1643.8026956375877,1643.8026956375877,8180782
2025-03-06,1666.5301513671875,1672.794825837321,1642.4915571816716,1665.7046071983816,10610547
2025-03-07,1637.5380859375,1655.9919552333556,1627.339895010843,1654.1465445914585,8019331
2025-03-10,1652.5439453125,1669.5895404009018,1628.0197243147556,1637.5380832553346,7558981
2025-03-11,1613.83935546875,1631.7104941166237,1589.9950857541564,1631.7104941166237,12671234
2025-03-12,1545.123046875,1589.84944650162,1518.850635339536,1589.84944650162,14870008
2025-03-13,1534.439208984375,1559.886194636392,1525.163782654934,1553.2816045131979,7822888
2025-03-17,1544.34619140625,1548.1826065260266,1500.736758011993,1500.736758011993,7526032
2025-03-18,1544.34619140625,1544.34619140625,1544.34619140625,1544.34619140625,0
2025-03-19,1540.94677734375,1556.9238965430377,1527.5920028100838,1556.9238965430377,7387068
2025-03-20,1569.11328125,1584.9932992405397,1546.240146235024,1546.240146235024,7186750
2025-03-21,1546.7742919921875,1557.7980274559397,1518.7049607743006,1532.59385494289,10074677
2025-03-24,1546.968505859375,1560.9060103586978,1527.4947691913153,1552.0189913058653,8857726
2025-03-25,1581.6422119140625,1589.1209562659596,1558.8663000022038,1558.8663000022038,9890140
2025-03-26,1553.4759521484375,1590.6751185099797,1549.153908730525,1579.2628561729366,6651302
2025-03-27,1557.4581298828125,1573.3866387891755,1540.4125339270274,1549.688079270318,9426573
2025-03-28,1525.5037841796875,1552.504639118573,1515.1598805138667,1544.2975705237486,6799047
2025-04-01,1482.6226806640625,1502.92196020728,1474.2212903040318,1495.0061979771754,12680733
2025-04-02,1505.593017578125,1510.9349273715397,1491.0726643663595,1491.0726643663595,6193478
2025-04-03,1453.4849853515625,1490.538435185599,1442.3641486583924,1490.538435185599,10459504
2025-04-04,1409.9241943359375,1429.6892358061361,1406.3790852223406,1418.5197886514006,9590254
2025-04-07,1356.602294921875,1365.489314158466,1269.4320382766355,1313.1385736419368,21715252
2025-04-08,1387.7310791015625,1414.6348317731379,1374.3276944448953,1389.8677955834949,12805001
2025-04-09,1363.3524169921875,1368.9371407012397,1342.1791008495861,1364.663707842691,8546854
2025-04-11,1368.937255859375,1397.4437254302495,1356.893771609889,1370.6855647660782,12567440
2025-04-15,1385.011474609375,1406.087688754894,1368.5001176189407,1404.0480742507405,10178530
2025-04-16,1372.4822998046875,1386.4684147056246,1356.6508927211694,1384.0402738742662,12022740
2025-04-17,1378.6982421875,1388.7022289531085,1338.6825322481727,1357.8162328834976,14264227
2025-04-21,1409.29296875,1429.4951483248678,1369.4714582615436,1369.4714582615436,15648970
2025-04-22,1381.903564453125,1398.6091260339042,1378.5041672717928,1398.6091260339042,9399738
2025-04-23,1432.505859375,1445.0350886470426,1398.2204665039803,1404.4365301839098,11136642
2025-04-24,1429.1065673828125,1440.2760150192205,1419.4911061400271,1427.6496829084983,7114292
2025-04-25,1437.653564453125,1458.535575435,1421.4336312546193,1433.0887071514799,8329979
2025-04-28,1439.4989013671875,1446.7833234291916,1423.1818670852326,1437.6534907325017,5886253
2025-04-29,1454.4564208984375,1466.4029217301106,1431.7289980215003,1439.4019470928108,8056743
2025-04-30,1456.9815673828125,1465.431568419441,1439.984581952398,1453.7764926957282,7704183
2025-05-02,1463.586181640625,1479.4175886205041,1453.1936678135066,1456.5930649551544,7402310
2025-05-05,1465.2373046875,1479.2234198282615,1459.6040889990923,1471.453369034679,4282493
2025-05-06,1468.0538330078125,1472.0359599506996,1456.0102317041706,1462.7119235923028,4270530
2025-05-07,1464.9459228515625,1475.1441139885928,1453.5821530190785,1456.8844481471906,5691799
2025-05-08,1467.9569091796875,1472.9102929808603,1458.0500230157727,1464.654613791716,8424409
2025-05-09,1464.2659912109375,1467.9568126185206,1451.1540310083215,1457.5642989506216,4478653
2025-05-12,1580.136962890625,1585.0903465111594,1487.96471253376,1492.8209942326298,11372857
2025-05-13,1523.5125732421875,1565.859323230766,1519.627548132014,1562.7513505672503,12846210
2025-05-14,1546.6285400390625,1549.1537826809642,1524.3867472838704,1528.75740058924,4870057
2025-05-15,1566.6363525390625,1572.0753639006625,1525.8435894847285,1544.103254657481,11151167
2025-05-16,1544.200439453125,1566.2479103864578,1536.0418626920532,1566.2479103864578,4576751
2025-05-19,1514.965576171875,1539.4411867318856,1510.9833306187809,1531.185508443418,8855798
2025-05-20,1515.7425537109375,1537.9843466293191,1513.2173110505078,1524.8723866170074,7143998
2025-05-21,1523.41552734375,1525.8436681268927,1507.4869000940212,1522.832797268108,4157309
2025-05-22,1503.01904296875,1515.936798484799,1495.7346211126817,1510.7890929485561,6158990
2025-05-23,1519.8218994140625,1541.5779455953386,1505.447258808557,1505.447258808557,5038421
2025-05-26,1535.070556640625,1538.275749801986,1517.782147363295,1521.5700705826603,3170102
2025-05-27,1524.9696044921875,1537.401733466409,1511.6634396332652,1534.487964353223,7775714
2025-05-28,1526.6207275390625,1542.063608140773,1524.8724187426308,1535.556238237006,3623370
2025-05-29,1540.0240478515625,1562.6543682753302,1531.2827406845122,1543.3263431603168,8609500
2025-05-30,1539.1375732421875,1548.297396005105,1531.652190030095,1547.3124739974683,13148092
2025-06-02,1530.371826171875,1536.4782943781508,1515.7949327230604,1536.4782943781508,4374509
2025-06-03,1519.734619140625,1543.6682714095227,1512.4461724234918,1535.4933708621093,6853403
2025-06-04,1527.8109130859375,1533.8190332918903,1518.158749909477,1519.7346010168856,4548307
2025-06-05,1530.8642578125,1544.0621159555858,1518.3556767230737,1524.5607331925255,6948539
2025-06-06,1540.2210693359375,1545.2441474823067,1519.8331118292815,1531.2581829658582,3960020
2025-06-09,1549.183837890625,1564.0561360451065,1547.3124620446238,1554.2069160448225,2903202
2025-06-10,1571.935546875,1583.2621501262925,1553.7144894707471,1560.116482612782,8591925
2025-06-11,1606.5062255859375,1609.9534525332194,1566.1244242034918,1566.1244242034918,10597410
2025-06-12,1584.345458984375,1603.452969273507,1574.0037782857437,1592.6188275892266,10483574
2025-06-13,1577.844970703125,1584.7394243828517,1546.5244044661895,1552.2369998927122,6968315
2025-06-16,1599.31640625,1610.1505483486199,1573.01891647278,1575.875214344727,5591842
2025-06-17,1615.173583984375,1622.5604988569514,1591.2399317053334,1596.2630097727385,7622083
2025-06-18,1608.2791748046875,1619.9011823893957,1596.5585788351507,1596.5585788351507,5629707
2025-06-19,1593.997802734375,1605.4228739879738,1587.2018168292147,1599.4148737815738,5147760
2025-06-20,1598.429931640625,1606.1122510729595,1584.6410236941556,1594.58871180959,9202821
2025-06-23,1560.116455078125,1576.8601291540897,1551.6461498856431,1576.8601291540897,7943676
2025-06-24,1557.7525634765625,1584.739449496533,1552.827953627288,1576.860073737694,8083992
2025-06-25,1590.550537109375,1595.4751470327865,1561.199813873949,1566.025955644839,7813533
2025-06-26,1591.6339111328125,1599.5132869304996,1582.3756205245834,1584.5425210067874,6519233
2025-06-27,1583.7545166015625,1605.0288069577266,1578.238977654369,1594.5886581952298,8912268
2025-06-30,1577.6480712890625,1590.648993297183,1570.064099926214,1590.648993297183,6294505
2025-07-01,1582.57275390625,1593.308307768125,1576.3676970723639,1584.7395342639384,4178937
2025-07-02,1586.2169189453125,1624.1364168524187,1579.2239966239758,1593.6038341220215,8653641
2025-07-03,1594.293212890625,1607.786716594206,1590.6490495377586,1594.0962765801005,5259695
2025-07-04,1615.96142578125,1618.6207872342948,1587.9897380569496,1600.4981989662078,4411273
2025-07-07,1602.4681396484375,1619.2118141254034,1598.5284515362102,1615.2721260131761,3294523
2025-07-08,1613.9915771484375,1621.378491891406,1597.0509674297891,1603.4529602070286,4590681
2025-07-09,1609.0670166015625,1613.3022292758048,1599.1193284889714,1613.1052929685202,4580828
2025-07-10,1591.43701171875,1614.1886858160015,1582.868118202301,1614.1886858160015,5330179
2025-07-11,1570.85205078125,1582.8680505457567,1539.433016356687,1555.2902357933656,11391755
2025-07-14,1546.623046875,1567.7988696310574,1536.2813659941348,1567.7988696310574,9173426
2025-07-15,1561.6922607421875,1579.4208563061295,1540.4179701114037,1541.5013602388092,7614807
2025-07-16,1583.6561279296875,1587.6942841349517,1554.6993967165145,1555.1918577227598,6223491
2025-07-17,1559.6240234375,1585.7244570472844,1556.2752645133157,1573.9053927711557,7374814
2025-07-18,1562.1846923828125,1575.1857343566385,1556.176692489401,1568.0942241264431,5161833
2025-07-21,1560.4119873046875,1565.041072656143,1543.1758521432762,1556.1767745731315,3682661
2025-07-22,1547.2139892578125,1561.889351060241,1541.4029254290974,1541.4029254290974,8473741
2025-07-23,1550.7596435546875,1567.897309898412,1526.629055261839,1552.5325511946266,8035026
2025-07-24,1529.0914306640625,1558.1466301517212,1524.8562179010848,1556.1767861186595,14169664
2025-07-25,1492.84619140625,1526.1366022975346,1488.512630894258,1520.12860228797,10851259
2025-07-28,1493.1417236328125,1496.392014262957,1460.14683725966,1491.0734115180542,6439855
2025-07-29,1490.8763427734375,1494.3235696797126,1473.5417400906863,1490.0884773327002,7070448
2025-07-30,1496.0965576171875,1498.7557989957106,1483.2925712781332,1496.9830114866083,5719051
2025-07-31,1486.247314453125,1504.0743788045277,1474.428250322285,1486.936711768862,6851407
2025-08-01,1447.4412841796875,1476.1024890867666,1443.4031282013243,1471.3749358302919,8702978
2025-08-04,1458.177001953125,1460.4423706154291,1429.1218033326475,1439.4634841975633,8610216
2025-08-05,1438.2816162109375,1456.4040844682859,1433.0614816224124,1456.4040844682859,10213323
2025-08-06,1415.037353515625,1434.14486387826,1408.7339490588547,1430.1067078263497,10566934
2025-08-07,1415.234375,1420.2574529025999,1392.876574581379,1408.4383894942564,9892020
2025-08-08,1401.6424560546875,1411.590144080286,1395.7329241309972,1403.5138318764698,10048009
2025-08-11,1406.66552734375,1411.7871937906966,1392.6796832838538,1398.4907470266712,6625368
2025-08-12,1402.62744140625,1419.2726477892124,1399.5742071536924,1406.6655976905836,9899184
2025-08-13,1405.0897216796875,1412.3781686321047,1400.953097311154,1403.5138705026145,10318063
2025-08-14,1425.8714599609375,1447.835267553816,1404.6956380205245,1404.6956380205245,12902347
2025-08-18,1414.1510009765625,1442.6151494914589,1408.0444126749926,1442.6151494914589,7254561
2025-08-19,1418.2877197265625,1427.5460108318366,1411.0977408332749,1411.0977408332749,3986094
2025-08-20,1473.6402587890625,1476.3980885005715,1418.9770874002822,1418.9770874002822,10413061
2025-08-21,1473.8372802734375,1485.262351237006,1461.9197483180794,1485.262351237006,6565539
2025-08-22,1465.0714111328125,1481.6181481033814,1463.6924963469764,1475.5115598317454,5543397
2025-08-25,1508.9989013671875,1515.7948868943363,1483.981859694785,1483.981859694785,10694531
2025-08-26,1506.53662109375,1515.2039825206518,1495.7024794249892,1500.03616013844,15994798
2025-08-28,1477.4814453125,1506.5366438633127,1475.413133190423,1506.5366438633127,5443364
2025-08-29,1447.4412841796875,1479.254311487481,1445.5699084151588,1479.254311487481,8169075
2025-09-01,1476.7921142578125,1480.7318023736236,1453.941851048263,1454.4343120627393,4546057
2025-09-02,1476.1025390625,1489.9900353122632,1463.8896025641538,1476.7920565936874,5218763
2025-09-03,1456.798095703125,1479.2543652339205,1450.7900955921732,1477.3829894013984,4623483
2025-09-04,1440.94091796875,1461.6242804276317,1438.0846200594328,1461.6242804276317,5787724
2025-09-05,1422.8182373046875,1450.4945202945664,1411.3931666312185,1447.835279098319,5466487
2025-09-08,1411.2947998046875,1436.0163186937275,1406.7641825159365,1429.1218644887508,3811567
2025-09-09,1481.6181640625,1484.474341584966,1450.297597398603,1458.6694341238242,13072640
2025-09-10,1509.491455078125,1511.756823802922,1486.5428442826578,1487.330709756259,7281071
2025-09-11,1486.9366455078125,1504.4683046125388,1483.7849433052634,1500.922609577238,8003662
2025-09-12,1502.596923828125,1519.6361218926327,1498.1647749913177,1513.8250582606502,12856963
2025-09-15,1485.6563720703125,1504.4683582651935,1478.5648615170796,1502.5969824151846,6167414
2025-09-16,1488.5126953125,1491.1719366717366,1480.8302554728903,1485.656397411633,8923112
2025-09-17,1499.4453125,1503.680405062861,1491.1719434573272,1494.028241371192,4795698
2025-09-18,1517.370849609375,1531.5537508334592,1515.302537400178,1526.6291407021617,9331945
2025-09-19,1516.976806640625,1527.9095369547413,1497.179898612735,1521.3104874589542,12988129
2025-09-22,1476.8905029296875,1491.8612688721596,1459.6543683506482,1460.3437656419162,15655204
2025-09-23,1474.920654296875,1490.186944875574,1470.4885054191882,1470.4885054191882,9832164
2025-09-24,1472.0643310546875,1474.1326431158677,1460.3437357350242,1464.7758845360097,4937004
2025-09-25,1462.4122314453125,1480.04223903444,1454.2373307659764,1466.5488557470633,9491867
2025-09-26,1427.053466796875,1456.404069373631,1419.4694954878144,1452.7599061754568,8597058
2025-09-29,1420.060546875,1442.9106885263222,1414.8404123331482,1437.9860786678707,10513117
2025-09-30,1420.060546875,1430.303639196793,1416.416263441906,1421.2424051491353,7556305
2025-10-01,1424.000244140625,1427.6444073679875,1405.877655696216,1424.197180444367,6250692
2025-10-03,1424.7880859375,1426.4625254104503,1411.5901076030302,1417.3027030735375,6877533
2025-10-06,1453.744873046875,1456.5027027407555,1420.5530497148675,1424.7881421800753,4630590
2025-10-07,1436.5086669921875,1460.5407866669368,1432.0765182081868,1455.4191203786977,5570320
2025-10-08,1472.4583740234375,1475.4131399913774,1433.061494450904,1435.0313384295307,4657192
2025-10-09,1486.5428466796875,1491.171932062491,1464.5790376333712,1479.352867871771,7028753
2025-10-10,1492.058349609375,1498.755747016607,1476.2011295853695,1487.2322078030077,3738353
2025-10-13,1470.6854248046875,1482.0120273618204,1461.0332617199265,1474.4281763502415,5859355
2025-10-14,1467.435302734375,1491.5658915845438,1464.0865439092208,1476.3980688327763,5600789
2025-10-15,1452.1690673828125,1466.1549121391147,1445.373081319078,1461.5258266826634,6986098
2025-10-16,1449.312744140625,1452.267510183725,1438.478601982591,1451.6765810210527,8005748
2025-10-17,1419.37109375,1436.410292725158,1412.3781714796953,1432.9630656678505,16959378
2025-10-20,1438.87255859375,1444.8805586841174,1428.136884861602,1431.781048131079,6994246
2025-10-21,1450.19921875,1463.5941342911037,1447.8353818357486,1455.7147580634262,1698704
2025-10-23,1505.4532470703125,1522.6893817276436,1483.292502510887,1487.2321904325627,20358624
2025-10-24,1502.4000244140625,1519.7346273554492,1495.111577657532,1516.2874003977408,8652257
2025-10-27,1504.5,1515.300048828125,1498.0999755859375,1510.0,7273211
2025-10-28,1500.199951171875,1506.5,1490.5,1499.699951171875,8211019
2025-10-29,1510.4000244140625,1520.199951171875,1496.9000244140625,1500.199951171875,4884976
2025-10-30,1493.800048828125,1508.199951171875,1489.0999755859375,1507.0,5608867
2025-10-31,1482.300048828125,1497.0999755859375,1480.699951171875,1490.0,4819814
2025-11-03,1485.5,1491.4000244140625,1474.199951171875,1482.300048828125,5470600
2025-11-04,1467.9000244140625,1481.9000244140625,1462.9000244140625,1479.699951171875,8691330
2025-11-06,1466.699951171875,1483.0,1461.9000244140625,1478.5999755859375,7944752
2025-11-07,1476.800048828125,1480.9000244140625,1449.0999755859375,1470.0,8765759
2025-11-10,1513.5,1520.0,1490.0,1490.0999755859375,9787975
2025-11-11,1530.300048828125,1533.4000244140625,1511.0999755859375,1525.0,13692989
2025-11-12,1551.699951171875,1559.199951171875,1538.0999755859375,1540.0,14635417
2025-11-13,1541.800048828125,1557.5,1530.300048828125,1557.0999755859375,19655689
2025-11-14,1502.800048828125,1530.0,1488.800048828125,1520.0,9739549
2025-11-17,1507.5999755859375,1510.199951171875,1492.5,1496.0,7910354
2025-11-18,1486.4000244140625,1506.0,1483.199951171875,1506.0,7525119
2025-11-19,1541.0999755859375,1543.0,1490.5,1490.5,10981126
2025-11-20,1536.5,1555.0,1534.0,1555.0,7387584
2025-11-21,1545.0,1551.5,1526.300048828125,1531.0,9186302
2025-11-24,1548.0,1585.0,1541.0,1563.5999755859375,19270381
2025-11-25,1530.5999755859375,1550.5999755859375,1525.9000244140625,1549.0,8107952
2025-11-26,1557.9000244140625,1560.300048828125,1532.0999755859375,1532.0999755859375,7575038
2025-11-27,1566.4000244140625,1574.300048828125,1552.199951171875,1564.0,7552252
2025-11-28,1560.0999755859375,1568.4000244140625,1557.0,1565.0,4453221
2025-12-01,1564.0,1574.0,1556.0,1562.5,5341800
2025-12-02,1561.0,1579.9000244140625,1556.0999755859375,1567.0,6335969
2025-12-03,1578.699951171875,1586.0,1554.0999755859375,1555.0999755859375,12895312
2025-12-04,1597.5999755859375,1599.0,1568.0,1568.0,12609619
2025-12-05,1616.199951171875,1631.800048828125,1600.0,1610.0,10344725
2025-12-08,1610.800048828125,1630.0,1600.199951171875,1617.0999755859375,7550413
2025-12-09,1599.0,1606.9000244140625,1582.4000244140625,1601.199951171875,6957599
2025-12-10,1584.800048828125,1608.0,1582.800048828125,1608.0,5116140
2025-12-11,1598.0,1607.4000244140625,1580.5,1598.0,5159319
2025-12-12,1598.199951171875,1601.800048828125,1582.5999755859375,1601.4000244140625,4633912
2025-12-15,1606.800048828125,1610.800048828125,1585.0,1585.0,4190558
2025-12-16,1592.9000244140625,1603.0,1585.5999755859375,1600.0,5499258
2025-12-17,1602.0,1606.9000244140625,1586.0,1587.199951171875,4817628
2025-12-18,1626.800048828125,1630.0,1606.699951171875,1610.5,6577293
2025-12-19,1638.699951171875,1654.9000244140625,1629.800048828125,1650.0,13149023
2025-12-22,1689.5999755859375,1693.199951171875,1664.0,1664.0,23098923
2025-12-23,1668.300048828125,1679.0,1656.4000244140625,1679.0,6593060
2025-12-24,1663.4000244140625,1667.5999755859375,1652.5,1661.0,4271167
2025-12-26,1656.0999755859375,1668.800048828125,1651.699951171875,1663.4000244140625,2006491
2025-12-29,1644.699951171875,1673.0999755859375,1637.0999755859375,1658.0,4062817
2025-12-30,1621.5999755859375,1647.9000244140625,1616.800048828125,1647.0,9395937
2025-12-31,1615.4000244140625,1628.5999755859375,1609.199951171875,1621.0,6538656
2026-01-01,1629.800048828125,1639.5999755859375,1614.0999755859375,1615.4000244140625,3658165
2026-01-02,1640.4000244140625,1643.5,1627.5,1635.9000244140625,2524526
2026-01-05,1606.4000244140625,1637.0,1583.0999755859375,1637.0,5917885
2026-01-06,1612.199951171875,1619.9000244140625,1599.0,1600.0999755859375,4466729
2026-01-07,1639.0,1642.0,1615.0,1615.0,4508079
2026-01-08,1613.300048828125,1644.300048828125,1608.5999755859375,1638.9000244140625,3942131
2026-01-09,1614.0999755859375,1631.300048828125,1607.0,1610.0,6816681
2026-01-12,1595.9000244140625,1613.300048828125,1592.5999755859375,1610.0999755859375,6985362
2026-01-13,1599.0,1618.0,1586.4000244140625,1618.0,8080618
2026-01-14,1599.800048828125,1617.0,1583.0999755859375,1588.0,7557157
2026-01-15,1599.800048828125,1599.800048828125,1599.800048828125,1599.800048828125,0
2026-01-16,1689.800048828125,1694.0,1653.4000244140625,1663.699951171875,19335957
2026-01-19,1681.199951171875,1685.0,1666.5,1685.0,5104958
2026-01-20,1658.9000244140625,1680.199951171875,1652.9000244140625,1673.0,6406503
2026-01-21,1654.4000244140625,1657.0,1631.199951171875,1651.0,6224582
2026-01-22,1663.5,1671.199951171875,1653.800048828125,1666.0,6228892
2026-01-23,1670.800048828125,1675.699951171875,1662.199951171875,1667.199951171875,5869137
2026-01-27,1682.699951171875,1689.4000244140625,1661.0999755859375,1685.800048828125,10673087
2026-01-28,1666.5,1688.800048828125,1650.0,1680.0,8588664
2026-01-29,1659.5,1666.5,1642.0999755859375,1658.0,4749582
2026-01-30,1641.0,1655.0,1618.0999755859375,1655.0,9207926
2026-02-02,1629.4000244140625,1662.0,1618.0,1662.0,6784887
2026-02-03,1656.0,1728.0,1653.0,1727.199951171875,8805868
2026-02-04,1535.800048828125,1584.9000244140625,1510.0999755859375,1574.0,28828622
2026-02-05,1520.199951171875,1551.0,1515.699951171875,1534.0,10628127
2026-02-06,1507.0999755859375,1525.0,1480.0,1522.0999755859375,13900866
2026-02-09,1497.199951171875,1528.0,1493.0,1522.0999755859375,8294615
2026-02-10,1497.800048828125,1515.9000244140625,1491.0,1500.0,8657000
2026-02-11,1471.9000244140625,1505.9000244140625,1469.0,1501.199951171875,7934411
2026-02-12,1386.0,1435.699951171875,1380.5,1428.9000244140625,26048896
2026-02-13,1369.0999755859375,1377.300048828125,1281.5,1293.9000244140625,45785709
2026-02-16,1365.5999755859375,1376.0,1338.300048828125,1373.699951171875,14621891
2026-02-17,1391.199951171875,1431.0,1367.0,1370.0,25347684
2026-02-18,1373.699951171875,1401.0,1345.300048828125,1390.9000244140625,20241373
2026-02-19,1370.5,1402.0,1363.199951171875,1385.0,14574228
2026-02-20,1353.199951171875,1365.0,1338.199951171875,1359.199951171875,12633552
2026-02-23,1327.5,1352.0,1318.0,1352.0,12887826
2026-02-24,1275.5,1303.5999755859375,1264.0999755859375,1301.0,27839061
2026-02-25,1290.0999755859375,1323.5999755859375,1286.199951171875,1286.199951171875,16669618
2026-02-26,1289.0999755859375,1314.0,1286.300048828125,1305.5,11493914
2026-02-27,1300.0999755859375,1335.0,1294.199951171875,1326.300048828125,23141724
2026-03-02,1288.9000244140625,1298.800048828125,1273.0,1291.0,9700361
2026-03-04,1307.4000244140625,1317.0,1292.0,1292.0,15154950
2026-03-05,1305.800048828125,1320.0,1290.0999755859375,1320.0,10362147
2026-03-06,1308.4000244140625,1327.199951171875,1303.0,1303.0,8724291
2026-03-09,1315.0,1318.0,1282.5,1290.0,10068514
2026-03-10,1295.5999755859375,1321.0,1284.0999755859375,1320.0,9600171
2026-03-11,1276.300048828125,1299.5,1271.300048828125,1288.0,7868891
2026-03-12,1265.800048828125,1278.5999755859375,1258.0,1272.5,7599940
2026-03-13,1248.300048828125,1269.5999755859375,1242.5999755859375,1251.0,7366098
2026-03-16,1249.800048828125,1254.300048828125,1224.199951171875,1240.199951171875,12314450
2026-03-17,1232.9000244140625,1245.0,1215.0999755859375,1245.0,11223276
2026-03-18,1267.0999755859375,1290.800048828125,1234.9000244140625,1238.0,12365381
2026-03-19,1220.800048828125,1255.0,1215.0999755859375,1244.199951171875,9156461
2026-03-20,1255.9000244140625,1264.800048828125,1229.199951171875,1242.0,27299975
2026-03-23,1256.800048828125,1261.0999755859375,1227.4000244140625,1238.199951171875,12420293
2026-03-24,1278.300048828125,1297.0,1251.0,1269.0,13613495
2026-03-25,1279.0999755859375,1290.5999755859375,1257.0999755859375,1270.0,10824030
2026-03-27,1269.699951171875,1294.800048828125,1263.199951171875,1285.199951171875,13092541
2026-03-30,1250.5999755859375,1265.5,1243.0,1250.0,14108486
2026-04-01,1275.699951171875,1303.0,1269.5,1290.0,8137156
2026-04-02,1300.800048828125,1305.4000244140625,1259.800048828125,1260.0,12873492
2026-04-06,1306.199951171875,1320.0,1299.0,1301.4000244140625,10208682
2026-04-07,1339.4000244140625,1345.0999755859375,1293.5,1302.0,15355792
2026-04-08,1346.199951171875,1376.9000244140625,1331.0,1349.0,16030133
2026-04-09,1331.5999755859375,1337.5,1314.0,1329.9000244140625,14894607
2026-04-10,1292.5,1318.9000244140625,1283.300048828125,1318.0,19233369
2026-04-13,1276.800048828125,1289.0,1265.699951171875,1272.0,10366082
2026-04-15,1305.300048828125,1322.5,1300.5,1306.300048828125,12098912
2026-04-16,1319.199951171875,1331.0,1309.0,1322.0999755859375,18527029
2026-04-17,1318.699951171875,1328.300048828125,1306.0999755859375,1313.0,12064048
2026-04-20,1312.5999755859375,1324.9000244140625,1308.0999755859375,1320.0,7172300
2026-04-21,1313.199951171875,1325.0,1299.300048828125,1310.0,10057440
2026-04-22,1268.5999755859375,1297.699951171875,1255.9000244140625,1295.0,20088378
2026-04-23,1240.5999755859375,1265.699951171875,1226.0,1254.0,14792854
2026-04-24,1154.5999755859375,1223.9000244140625,1152.199951171875,1200.0,42078914
2026-04-27,1170.300048828125,1179.9000244140625,1154.5,1154.5999755859375,19579883
2026-04-28,1152.0999755859375,1169.4000244140625,1149.800048828125,1162.699951171875,12720276
2026-04-29,1167.5,1178.199951171875,1156.800048828125,1158.5,8303109
2026-04-30,1181.800048828125,1189.800048828125,1159.5999755859375,1167.5,12205669
2026-05-01,1181.800048828125,1181.800048828125,1181.800048828125,1181.800048828125,0
2026-05-04,1168.4000244140625,1195.0,1165.199951171875,1195.0,7735811
2026-05-05,1178.0999755859375,1185.199951171875,1160.0999755859375,1169.5,8164108
2026-05-06,1167.199951171875,1191.5,1164.0999755859375,1187.0,9856963
2026-05-07,1162.699951171875,1175.4000244140625,1159.199951171875,1173.0,12013987
2026-05-08,1179.199951171875,1183.5,1158.800048828125,1161.0,7582770
2026-05-11,1177.0,1187.0,1172.0999755859375,1176.0,7336288
2026-05-12,1140.300048828125,1162.0,1123.0,1162.0,16891948
2026-05-13,1123.0999755859375,1142.5999755859375,1121.0,1136.5999755859375,6664111
2026-05-14,1095.0,1121.9000244140625,1089.0,1119.800048828125,16914842
2026-05-15,1119.0,1133.199951171875,1101.5999755859375,1102.0,17482450
2026-05-18,1142.5,1146.0999755859375,1118.0,1119.0,12096377
2026-05-19,1196.9000244140625,1198.4000244140625,1162.0,1162.0,32175705
2026-05-20,1193.699951171875,1206.9000244140625,1184.9000244140625,1187.0,15121010
2026-05-21,1181.199951171875,1201.800048828125,1177.0,1196.0999755859375,10021033
2026-05-22,1174.5,1191.800048828125,1172.5,1182.5,8803066
2026-05-25,1168.5,1185.0,1166.0999755859375,1183.0,5856136
2026-05-26,1167.699951171875,1180.699951171875,1162.9000244140625,1166.300048828125,8005767
2026-05-27,1159.9000244140625,1167.300048828125,1155.0,1161.0,6371871
2026-05-28,1159.9000244140625,1159.9000244140625,1159.9000244140625,1159.9000244140625,0
2026-05-29,1160.9000244140625,1210.0,1153.5999755859375,1182.0,69085430
