Price,Close,High,Low,Open,Volume
Ticker,APOLLOHOSP.NS,APOLLOHOSP.NS,APOLLOHOSP.NS,APOLLOHOSP.NS,APOLLOHOSP.NS
2021-01-01,2383.683349609375,2398.63772296781,2364.089443007368,2374.4539269955008,423934
2021-01-04,2378.155517578125,2397.65061832407,2367.2974867829153,2386.8913932955957,527018
2021-01-05,2477.06201171875,2483.379555417311,2355.007983223221,2373.9601323396028,1720467
2021-01-06,2469.856201171875,2506.082729763104,2448.9792675361405,2489.4501058952624,1108589
2021-01-07,2476.173828125,2530.9081229128387,2467.734129205186,2469.856284160438,1014690
2021-01-08,2520.54345703125,2545.714343326256,2483.231271501901,2501.196326463545,862326
2021-01-11,2517.631591796875,2558.3986050614117,2491.917755705844,2531.648272508046,422296
2021-01-12,2484.76171875,2551.637319681696,2475.828472198826,2525.972882423776,500012
2021-01-13,2447.20263671875,2504.997020670908,2406.287651321252,2495.372857159317,662618
2021-01-14,2479.5791015625,2496.260886861071,2443.056638681205,2449.8674880659123,603193
2021-01-15,2558.892578125,2579.9668850847665,2477.7041172218733,2487.476248946862,1941813
2021-01-18,2575.57421875,2596.895538917067,2514.177039236427,2565.9500552421673,1572820
2021-01-19,2611.3564453125,2624.682210578695,2546.701806428369,2584.70491478011,1202289
2021-01-20,2641.265380859375,2648.2244396691876,2609.135432602344,2611.1096200099687,1064146
2021-01-21,2551.6865234375,2650.346486922202,2541.173831325742,2640.47555028562,994932
2021-01-22,2564.3701171875,2617.7719721402073,2533.967830061433,2556.6215777762595,1194708
2021-01-25,2652.22216796875,2673.049943019617,2577.153879162777,2577.153879162777,1764152
2021-01-27,2566.838623046875,2714.1623728072313,2553.858435963031,2663.17907439492,1665899
2021-01-28,2588.55419921875,2664.659213320486,2547.244476030559,2560.520836952525,1410605
2021-01-29,2528.193603515625,2641.956146338534,2518.0758936333273,2588.7518951582174,921579
2021-02-01,2629.123779296875,2642.0053988557293,2495.4714034881918,2556.5724003675264,879244
2021-02-02,2670.236572265625,2709.5723547588177,2643.4370732401144,2644.91771387113,607131
2021-02-03,2685.585693359375,2771.9069863968543,2669.101277307664,2679.8605018891108,1286454
2021-02-04,2696.394287109375,2712.4345590080297,2651.3335581407114,2694.7656789739917,455213
2021-02-05,2703.2548828125,2747.0817463658386,2652.9622663853556,2704.636717586201,941316
2021-02-08,2695.012939453125,2744.1208576795852,2689.8306968262123,2705.624198165375,564043
2021-02-09,2753.301025390625,2799.9906144128663,2702.7618666075105,2711.053358856953,1052950
2021-02-10,2720.923828125,2791.5010288182475,2710.2137649106435,2777.5337491328673,745906
2021-02-11,2720.923828125,2743.626983592758,2694.7658446512787,2724.378656130963,581642
2021-02-12,2712.63232421875,2753.9914543232903,2690.9162625717563,2732.2753926762966,693562
2021-02-15,3050.7607421875,3086.641690987386,2724.822483265495,2741.15893056347,4446974
2021-02-16,3161.414306640625,3211.5587141476976,3007.67446486113,3049.1323997230165,4381584
2021-02-17,3193.248046875,3241.6156370749613,3135.9966135770865,3135.9966135770865,2081001
2021-02-18,3066.653076171875,3196.0117420996917,3054.067632630814,3183.8704424856787,1477343
2021-02-19,2882.26416015625,3069.1210431086993,2858.6233145751526,3050.2182954182017,2037556
2021-02-22,2891.740478515625,2929.5953783834866,2829.898911874266,2880.7836417410167,1246303
2021-02-23,2958.072998046875,3013.1034709395467,2899.5876972595966,2907.1882704297986,1465930
2021-02-24,3020.1611328125,3079.7323338061906,2961.3304930810314,2976.0874956492517,1088420
2021-02-25,3051.452392578125,3099.425004739276,3018.433913501323,3060.977750970015,819639
2021-02-26,3019.173828125,3132.9857716026318,2981.664270270459,3030.377437195837,2103433
2021-03-01,3041.38330078125,3058.0159240720773,2968.733357572679,2999.8268054772207,678218
2021-03-02,3047.45458984375,3111.3195074231858,3027.8112795780726,3065.419647938675,944553
2021-03-03,3017.5458984375,3079.2392640417997,3010.0438887841337,3074.8961474991406,536623
2021-03-04,3002.837890625,3041.5319161043867,2978.061741951048,3018.5325843176347,687383
2021-03-05,2842.336181640625,2978.801879543669,2832.958791911302,2961.2809671546706,1486110
2021-03-08,2829.603271484375,2897.959519260444,2810.0093625490713,2863.5592028646197,952087
2021-03-09,2848.850830078125,2889.1734575542355,2790.2173278111054,2833.4520740913185,883183
2021-03-10,2866.61865234375,2887.199409541053,2843.5699201290877,2872.442408253283,432551
2021-03-12,2937.936279296875,2991.880850831711,2889.7166581358742,2893.270291668985,1512021
2021-03-15,2957.925048828125,2985.958413237528,2877.378107301618,2959.3068835987137,918701
2021-03-16,3033.585693359375,3040.2485757900836,2952.199866533318,2963.2552677018934,1081398
2021-03-17,2958.714599609375,3042.519000455548,2931.668328263021,3040.248636717207,740599
2021-03-18,2920.51416015625,3025.442271472464,2884.28786859463,2986.9456161421454,789785
2021-03-19,2896.725341796875,2944.352614028388,2849.986357521995,2915.8748636661094,2288304
2021-03-22,2867.60595703125,2906.2505783538345,2837.8943407547845,2875.4039007369347,488626
2021-03-23,2908.71826171875,2929.4966315962215,2859.4623841569455,2880.240513044752,630061
2021-03-24,2881.91845703125,2938.4295633973193,2866.569103960093,2919.6747857387113,627981
2021-03-25,2773.091796875,2954.371459424435,2751.5237030222565,2889.2232748865094,1001626
2021-03-26,2814.894775390625,2867.5069125520745,2782.6168628173145,2803.3458284502212,918204
2021-03-30,2887.841552734375,2932.556706528673,2837.8945129112635,2865.0395908608493,1420415
2021-03-31,2865.187255859375,2890.1607731328263,2844.8532714825883,2863.558647750313,665173
2021-04-01,2856.698486328125,2876.34155398222,2806.702047305655,2849.0979132604953,842489
2021-04-05,2881.8203125,2976.0877692027743,2848.752670619969,2884.288046968659,1241115
2021-04-06,2945.043701171875,2976.087752414546,2889.4208701661937,2901.0686249904975,1015604
2021-04-07,3057.8193359375,3074.797301733077,2960.0476432013047,2960.294416660513,1240450
2021-04-08,3074.40234375,3103.62017466562,3049.5273880245413,3094.3415896497163,800699
2021-04-09,3091.725341796875,3123.312339233833,3065.8141329618707,3106.877326025782,934037
2021-04-12,2965.969970703125,3078.745432606056,2940.601709308893,3078.745432606056,961549
2021-04-13,2942.279541015625,3022.382098231571,2912.9135034931173,2993.2136722404484,544916
2021-04-15,2954.864990234375,2999.728350690575,2864.842093014112,2997.803566173976,692875
2021-04-16,3021.493896484375,3033.3390212010727,2955.3586168161446,2961.0344057428956,622872
2021-04-19,3116.6494140625,3201.2926950917663,2966.857951716248,2998.7905278939993,3552506
2021-04-20,3227.451171875,3266.2934096029667,3140.6857225760773,3168.5711226429507,2575420
2021-04-22,3187.2763671875,3291.069421265133,3175.727418324471,3226.8095207095175,1307224
2021-04-23,3158.74951171875,3256.4223934485885,3130.074389095324,3215.9515483041837,1030125
2021-04-26,3133.6767578125,3211.0156416423256,3111.3191830484507,3188.6580668782763,557667
2021-04-27,3149.865234375,3163.6351425698444,3117.0443705714283,3158.699674328706,505348
2021-04-28,3157.95947265625,3207.0673834993063,3141.5244591920796,3168.5707297730914,575824
2021-04-29,3197.097900390625,3217.925675236652,3157.9597289879935,3157.9597289879935,589707
2021-04-30,3156.232177734375,3267.280221517054,3141.7219482113737,3213.9771605013684,906562
2021-05-03,3162.9443359375,3180.2184753861916,3099.4741639366594,3167.3862575100206,728281
2021-05-04,3140.19189453125,3201.3917051280087,3125.533456403736,3191.421962167182,581864
2021-05-05,3289.88427734375,3313.673330326106,3135.157350168112,3158.502259212967,1679977
2021-05-06,3303.95068359375,3342.2005656500064,3258.100228010703,3314.5127793016736,1124908
2021-05-07,3268.118896484375,3353.1569125453257,3259.3830218500634,3303.950200874112,774478
2021-05-10,3280.80322265625,3299.4594378397987,3219.5048495980236,3272.215555820808,627199
2021-05-11,3216.148681640625,3272.2156526348376,3203.3658662784937,3272.2156526348376,670759
2021-05-12,3155.4921875,3232.6334735873047,3144.4861877386516,3232.6334735873047,703372
2021-05-14,3100.412109375,3170.2983960537044,3055.400778337133,3158.700044328436,842794
2021-05-17,3111.664794921875,3148.779371937219,3074.8955560936693,3106.3837474459856,847722
2021-05-18,3122.67041015625,3147.2983457526643,3099.4737119932433,3133.034892314189,639445
2021-05-19,3188.0166015625,3194.334146087717,3120.894227291295,3139.15546146802,711069
2021-05-20,3178.39208984375,3230.510681773292,3172.5189309355624,3204.007121377548,752076
2021-05-21,3205.83349609375,3217.3330410586686,3183.377114895649,3204.5008232311825,471439
2021-05-24,3219.01123046875,3242.602672542831,3198.331425503573,3206.080207129107,611909
2021-05-25,3158.354248046875,3224.835104869109,3129.7285308625455,3224.0947845971,622276
2021-05-26,3142.511474609375,3178.4415874630927,3137.0824594755095,3163.6351825525503,260821
2021-05-27,3157.712890625,3181.995493150719,3112.898930992623,3145.374218811054,1084157
2021-05-28,3108.70361328125,3165.6094681923,3099.4741908711635,3157.712718661418,555829
2021-05-31,3127.853271484375,3145.176814724379,3084.6679205960304,3104.409795287845,635444
2021-06-01,3197.986328125,3207.067542281323,3120.0553260111137,3148.829011965965,706976
2021-06-02,3231.35009765625,3258.3963691839294,3178.4417778770835,3202.4282034670728,843219
2021-06-03,3381.4375,3390.6669226627987,3224.8845808574683,3228.7835528471655,1098294
2021-06-04,3336.5244140625,3384.398454787684,3331.4409782988832,3381.141238622848,380548
2021-06-07,3272.511474609375,3336.52435025592,3265.3056430998886,3336.52435025592,526855
2021-06-08,3246.995849609375,3269.7484112805296,3213.58286704189,3256.4226441704054,766456
2021-06-09,3263.233154296875,3288.6016566390654,3209.0418034429745,3247.538459959208,587528
2021-06-10,3282.777587890625,3301.8285451833412,3254.497448764972,3279.5695332503124,749909
2021-06-11,3293.4873046875,3302.8152913081167,3259.086995230643,3299.212495948667,277612
2021-06-14,3306.96142578125,3316.634992707918,3242.602961620688,3301.8285864904724,317756
2021-06-15,3255.7314453125,3313.624398803162,3252.47398765803,3311.6996141404225,461588
2021-06-16,3251.684326171875,3282.086863207951,3235.6934549159887,3267.280456306261,419575
2021-06-17,3198.77587890625,3240.579151700993,3183.574491625706,3214.9641188780834,356502
2021-06-18,3179.92236328125,3211.0158149166245,3121.733237704412,3193.248128267839,520516
2021-06-21,3196.209228515625,3210.0285395715914,3139.944890644905,3153.7642017008716,200280
2021-06-22,3216.148681640625,3260.3211252169176,3188.4114929496527,3196.2094368722787,567861
2021-06-23,3202.921630859375,3232.682409006543,3170.544909858404,3232.682409006543,504942
2021-06-24,3161.908203125,3239.2962603621504,3101.201934650111,3188.2141564015733,1754163
2021-06-25,3394.615234375,3420.279670575567,3180.6626748952726,3211.262579595949,3717669
2021-06-28,3409.569580078125,3444.9569853348107,3358.290110972866,3403.351082609802,1213113
2021-06-29,3544.8017578125,3558.4237002749715,3375.860752514557,3375.860752514557,2268589
2021-06-30,3573.13134765625,3612.615096996807,3536.3621060828564,3570.3180341198627,1291906
2021-07-01,3630.974609375,3649.235842004259,3548.601692010138,3573.1310657485483,876022
2021-07-02,3685.017822265625,3696.5667693222817,3619.672273382047,3653.233456173154,573795
2021-07-05,3670.113037109375,3714.384043208404,3654.9116501372146,3711.4721651065856,444545
2021-07-06,3658.416015625,3702.3416851549323,3648.298305227656,3669.9155608026977,344090
2021-07-07,3667.645263671875,3709.3005675191166,3649.877577965403,3667.052911085795,466002
2021-07-08,3624.015380859375,3671.988226668158,3609.801329281036,3652.2463544817697,459811
2021-07-09,3677.8125,3695.678993238185,3625.5953371164137,3625.5953371164137,469932
2021-07-12,3699.03515625,3739.900983573052,3681.95862654862,3696.6662275601248,464757
2021-07-13,3701.8974609375,3721.29375527313,3672.9755680356047,3719.3689708030524,246112
2021-07-14,3706.33935546875,3726.278599378751,3661.0316114811803,3705.5496323358493,395272
2021-07-15,3713.792236328125,3748.982031831885,3702.144481975471,3726.13090810219,399845
2021-07-16,3730.326171875,3738.1241162815063,3694.0996376342027,3713.7923511864033,226565
2021-07-19,3833.625244140625,3869.357988691422,3716.407864612669,3730.325982493544,1044561
2021-07-20,3832.83544921875,3857.5621946984647,3768.032843955982,3839.7945080289223,357815
2021-07-22,3933.8642578125,3952.3228603359184,3839.7941874891917,3839.7941874891917,760359
2021-07-23,3868.3212890625,3948.127908721095,3862.4975328022115,3933.8644533798024,335985
2021-07-26,4047.429443359375,4105.124776577198,3879.2779478743537,3886.187603252247,1982531
2021-07-27,4025.615234375,4135.577385783788,3998.173978915215,4067.7146879689694,859687
2021-07-28,3976.408447265625,4047.08445760405,3934.0622209221806,4047.08445760405,455244
2021-07-29,3986.62451171875,4002.220639714926,3941.6623473936024,3987.858378791396,449417
2021-07-30,3982.923095703125,4033.709018576795,3955.7780188426946,3978.974720887062,627367
2021-08-02,3995.903076171875,4040.1249200372195,3982.972293907567,4007.254653184715,344295
2021-08-03,4039.878173828125,4170.470713235784,4011.598036866782,4037.805421736054,981680
2021-08-04,4013.91796875,4075.3153934058246,4000.3454295517517,4057.7448352924675,305863
2021-08-05,4021.1728515625,4058.6332492555644,3983.910065395827,4032.080284850281,270458
2021-08-06,4035.288330078125,4124.1265194817315,4020.6298926673685,4037.0157440024386,717143
2021-08-09,3952.027099609375,4057.942304527276,3938.503963771304,4055.968117076764,431991
2021-08-10,4010.364501953125,4034.0547517537857,3948.3749667767925,3972.0652165774536,364246
2021-08-11,3974.385009765625,4030.451741875935,3864.472024499255,4012.5360867406057,831738
2021-08-12,4079.757080078125,4089.4800494480987,3924.043048437014,3975.026341798757,556973
2021-08-13,4011.64794921875,4092.2440603923187,3986.0820755857585,4091.4545781558368,553736
2021-08-16,4289.02099609375,4318.041454909754,4071.9095407560267,4092.490541103176,3709012
2021-08-17,4856.99462890625,4909.804142704946,4276.336750549558,4288.922195426818,8069431
2021-08-18,4728.98876953125,4901.934405874836,4703.456735862825,4790.3247770487515,2941548
2021-08-20,4688.0986328125,4873.983195825157,4639.4054174004295,4660.93699531069,2331020
2021-08-23,4684.888671875,4780.102462094805,4662.1224738315905,4721.186496929848,699991
2021-08-24,4781.18994140625,4828.797086787015,4692.19842549781,4760.695247136936,1576663
2021-08-25,4712.93994140625,4819.956908985659,4691.556417557762,4805.141467667055,469002
2021-08-26,4642.5654296875,4721.18611500289,4589.2298543297275,4717.67998768038,800419
2021-08-27,4706.46923828125,4772.545989235495,4618.811238168532,4659.059841037189,937887
2021-08-30,4699.01171875,4768.5950771912485,4663.5043459298495,4731.260370780395,632354
2021-08-31,4908.4033203125,4983.912854829382,4707.456905293808,4707.456905293808,2883159
2021-09-01,4977.048828125,5009.395868824909,4884.452337571826,4923.664057680766,841956
2021-09-02,4981.44482421875,5058.978960969255,4951.320095927153,4977.049384066829,900686
2021-09-03,4952.85009765625,5010.877229616392,4905.885352272752,4991.81489236692,567961
2021-09-06,4934.03515625,4977.987626363728,4910.824301246122,4967.122970829997,439776
2021-09-07,4817.0419921875,4961.1963985896155,4800.201970365425,4958.6282928503815,479021
2021-09-08,4752.2001953125,4841.14250493544,4733.137856395139,4839.710152899196,642506
2021-09-09,4661.48046875,4760.694724962801,4627.355764823802,4756.447825067749,838279
2021-09-13,4687.45703125,4736.989887855354,4623.75064097338,4676.740433485217,1151299
2021-09-14,4674.2216796875,4714.272555735841,4638.91155107498,4714.272555735841,528943
2021-09-15,4733.0888671875,4759.905201917843,4628.886929428039,4691.556439406984,659281
2021-09-16,4820.6962890625,4829.83247523754,4733.087478453047,4759.706073245339,779552
2021-09-17,4847.85791015625,4884.64957870478,4804.597027027316,4815.017024807563,814867
2021-09-20,4818.07958984375,4891.613262121089,4722.865799095891,4804.15298084181,434640
2021-09-21,4831.4140625,4858.427645742519,4731.212105984579,4798.227378986039,462221
2021-09-22,4844.54931640625,4948.356247514369,4809.979961383695,4864.402099602448,562041
2021-09-23,5021.6435546875,5070.8306162953895,4844.648261185993,4870.723335800698,696944
2021-09-24,4673.57958984375,5134.043643169769,4653.578746485884,5092.659278553116,1949974
2021-09-27,4509.375,4712.297323514269,4409.173536383428,4690.370280765875,1885178
2021-09-28,4356.77587890625,4572.933226654124,4322.157329947541,4523.6472968829385,1051440
2021-09-29,4369.07275390625,4451.644226471826,4345.861900573641,4365.615818303521,571896
2021-09-30,4426.4580078125,4445.273421653273,4329.713002243047,4390.308241696162,808446
2021-10-01,4404.53125,4464.385721391929,4380.431565126815,4426.458293133902,534563
2021-10-04,4492.28857421875,4508.8324831107775,4386.210114553815,4405.025531458945,535335
2021-10-05,4427.24755859375,4520.535619836864,4414.061723205721,4514.7575029507225,425555
2021-10-06,4324.87353515625,4453.52092949347,4302.403452843991,4439.693186532079,480575
2021-10-07,4373.81396484375,4413.025688603066,4327.096137370195,4355.739321114485,276775
2021-10-08,4325.3681640625,4404.1369283678,4311.886208695663,4404.1369283678,269607
2021-10-11,4323.29296875,4368.529729879077,4306.354080690036,4346.948478226447,331320
2021-10-12,4297.7607421875,4352.824785607087,4240.474383114208,4295.489234650835,612692
2021-10-13,4323.638671875,4354.751091786836,4286.600076741862,4331.046390901628,302343
2021-10-14,4275.142578125,4375.245647980617,4259.29025279966,4349.763288213647,436160
2021-10-18,4277.11767578125,4394.25849082708,4268.475337773892,4394.25849082708,345049
2021-10-19,4248.12939453125,4333.663958679252,4174.6449136604915,4298.4526951654925,285362
2021-10-20,4095.728515625,4264.229554930266,4084.123087263369,4248.129820264528,510321
2021-10-21,4083.974365234375,4182.7931441357105,4025.1075949174633,4135.482608409157,698306
2021-10-22,3978.833984375,4137.9026951265805,3953.1046996243344,4104.370227109453,347114
2021-10-25,4112.765625,4198.596300114129,3906.3371870497117,3995.624797727601,1151030
2021-10-26,4215.43701171875,4255.487888527339,4084.665685563249,4112.765827510233,790450
2021-10-27,4223.9306640625,4271.88358887005,4163.286232891387,4226.152979814259,623848
2021-10-28,4236.7216796875,4260.92022990369,4173.015292383655,4225.16544443,537955
2021-10-29,4209.609375,4295.489731663833,4109.852083002288,4236.721822021616,705546
2021-11-01,4283.24169921875,4296.476726473218,4205.608712947807,4228.523448398334,239375
2021-11-02,4237.11669921875,4340.923638542794,4218.004686403249,4286.600362065011,389193
2021-11-03,4383.9873046875,4395.197750084065,4247.141742557119,4263.883381683656,667752
2021-11-04,4383.9375,4422.902296661771,4365.467875798254,4393.27141928351,69818
2021-11-08,4351.1455078125,4419.938419382416,4324.131932973456,4383.986391040314,285968
2021-11-09,4477.12744140625,4499.498661047774,4365.616651006061,4399.198317552262,547476
2021-11-10,4496.8310546875,4527.597683327869,4424.877317039453,4466.459407924339,359967
2021-11-11,4511.05419921875,4669.925184708262,4471.348630249706,4489.176831003729,1110123
2021-11-12,4612.0458984375,4630.318272165115,4514.9059124633195,4556.142215335098,423439
2021-11-15,5018.43310546875,5084.213259111494,4741.729744723441,4741.729744723441,3044498
2021-11-16,5034.1376953125,5140.956905158086,4977.987089720798,5017.494923766201,1118231
2021-11-17,5663.39892578125,5772.4896452411085,5012.704597366308,5017.495018789709,6482125
2021-11-18,5519.8369140625,5771.896596042571,5477.909033913522,5663.398596860672,2165157
2021-11-22,5352.81787109375,5570.604814645032,5247.628258902315,5528.133891412809,1204625
2021-11-23,5387.14013671875,5471.835056592909,5284.172843460661,5308.371391996136,763056
2021-11-24,5330.79296875,5414.006355573644,5239.826071981277,5398.746259679995,697909
2021-11-25,5630.90283203125,5679.2507333576,5259.529218858649,5333.557210457572,1575738
2021-11-26,5617.619140625,5862.369984909792,5558.209330351557,5638.755735840844,2613669
2021-11-29,5657.0283203125,5785.92263647152,5481.712296418049,5699.005396456242,1189390
2021-11-30,5617.76708984375,5758.217633098274,5560.332672426609,5684.189635980973,1352746
2021-12-01,5502.4541015625,5694.067114612783,5463.637843890028,5648.336985335404,835169
2021-12-02,5524.13427734375,5737.52579523853,5510.207667941423,5556.530511716846,1236317
2021-12-03,5365.55908203125,5585.074494633138,5353.311749391379,5524.133947292843,844674
2021-12-06,5234.59033203125,5400.720968786593,5211.132555328857,5399.73327292544,489242
2021-12-07,5249.2578125,5368.374032089771,5171.526436103397,5234.5904322264505,595254
2021-12-08,5267.87548828125,5300.963297197988,5213.058372016207,5247.627724615783,557196
2021-12-09,5168.4150390625,5319.730247553975,5146.883460825058,5303.927112767331,689987
2021-12-10,5180.76171875,5262.839354117409,5166.144010625584,5200.219523170576,416165
2021-12-13,5142.63623046875,5263.431241314855,5111.326078777327,5221.651899319414,480443
2021-12-14,5147.87109375,5185.40353840896,5002.728986560795,5062.929245311301,1007056
2021-12-15,5128.66064453125,5205.059026178383,5106.437484649802,5165.650052443301,377883
2021-12-16,5140.265625,5177.501953669245,5079.720058702962,5165.600410878161,265216
2021-12-17,4727.8037109375,5136.018194945671,4671.80116578712,5136.018194945671,1133941
2021-12-20,4647.0595703125,4764.644562980023,4586.01968020385,4721.185947563124,994682
2021-12-21,4787.9541015625,4810.078390311733,4637.280822785352,4701.431855828306,1004676
2021-12-22,4716.79052734375,4839.956387624502,4691.555092335368,4839.907195743394,779992
2021-12-23,4817.53564453125,4838.721913178023,4727.655323220942,4743.9031126748405,582129
2021-12-24,4782.91748046875,4845.586979343157,4764.398182015722,4819.956077374806,348742
2021-12-27,4780.498046875,4800.202775870519,4696.49469120665,4794.62238967425,315490
2021-12-28,4784.59619140625,4833.783249379443,4751.014534177214,4795.06538107663,348173
2021-12-29,4915.36767578125,4929.886516629822,4773.534443372043,4805.140713222633,861183
2021-12-30,4909.58984375,4948.01112131772,4879.218192048484,4938.430759575935,617460
2021-12-31,4951.71435546875,4994.580259575267,4892.057621649324,4918.725410016886,504012
2022-01-03,4929.0966796875,5005.64311645251,4917.590118228475,4976.456893795347,310798
2022-01-04,4903.51513671875,4967.02378985721,4860.550365286714,4953.294913371536,369814
2022-01-05,4912.05810546875,5075.422893273779,4861.43869604729,4900.9465277908685,966342
2022-01-06,4903.36669921875,4976.011533762412,4844.647989897704,4908.848218102261,585391
2022-01-07,4960.06103515625,4996.852709532553,4896.9965518847375,4898.971943797559,549876
2022-01-10,5002.9267578125,5022.433752228728,4901.93485001203,4960.060851347469,542304
2022-01-11,4996.802734375,5078.23845398494,4958.529518369571,4987.86427941728,742409
2022-01-12,4952.7021484375,5036.261316748804,4944.059809445236,5012.556615512882,360219
2022-01-13,4922.03466796875,4988.852201976092,4892.20605761736,4963.073241440718,457570
2022-01-14,4912.84814453125,4953.294480808304,4869.340337065791,4936.404786024259,207639
2022-01-17,4851.3154296875,4923.368039881067,4839.710002640352,4912.79950063941,337077
2022-01-18,4559.00634765625,4849.487795898337,4449.56983951818,4839.709703360507,3507266
2022-01-19,4460.3857421875,4558.216833649307,4345.862203262611,4558.216833649307,2404880
2022-01-20,4587.650390625,4666.863806234921,4434.755235977735,4469.324597505401,2747887
2022-01-21,4633.92333984375,4675.505433392875,4488.929775663677,4592.736710470525,1008450
2022-01-24,4442.80419921875,4652.837635099578,4407.3460129984,4632.293753367134,737762
2022-01-25,4430.80419921875,4479.201302598536,4197.806812259325,4360.677784117428,917284
2022-01-27,4239.43701171875,4372.529011795424,4098.937293641519,4372.529011795424,1244330
2022-01-28,4423.49462890625,4508.831451936198,4281.908335598337,4292.526065742545,932049
2022-01-31,4402.5068359375,4527.598437140726,4304.428334355272,4527.598437140726,934551
2022-02-01,4456.53369140625,4476.485344176044,4389.321169290825,4423.6927983191845,548762
2022-02-02,4608.88525390625,4625.379968591281,4465.027440383283,4474.262493640509,676206
2022-02-03,4585.6748046875,4646.8627649142545,4546.166964611711,4610.515744953904,777217
2022-02-04,4630.21923828125,4735.01386350477,4545.12933800231,4582.908703934529,829635
2022-02-07,4420.08740234375,4666.418674044399,4395.296137722674,4629.7258662209315,597040
2022-02-08,4345.36767578125,4473.96586195953,4326.107607664933,4442.161864263251,628869
2022-02-09,4520.93115234375,4530.561187569126,4375.54211992923,4459.150965422622,842211
2022-02-10,4534.1650390625,4566.117090498255,4472.384867703876,4519.744585800301,487802
2022-02-11,4459.34814453125,4556.6858653221525,4421.371526352281,4553.278121540927,572726
2022-02-14,4431.14990234375,4620.441738149954,4348.578422967019,4423.989106575988,1094132
2022-02-15,4606.02099609375,4617.478365069242,4446.5081071186305,4474.262458559073,791080
2022-02-16,4528.3876953125,4665.875149179897,4499.003744066077,4637.231969813635,584166
2022-02-17,4508.53515625,4610.070090343847,4494.015835257526,4527.597492048462,520450
2022-02-18,4416.53173828125,4536.289875092169,4407.642474517966,4448.582665537129,388145
2022-02-21,4372.18359375,4469.274381966893,4336.626544322698,4415.987999707471,392246
2022-02-22,4519.7451171875,4548.882142929758,4247.091887854456,4273.759674127031,833525
2022-02-23,4554.06787109375,4676.739889618866,4534.017838077171,4538.462469440061,755051
2022-02-24,4328.0341796875,4479.200842099727,4297.513990997597,4370.554294661806,814710
2022-02-25,4576.439453125,4689.184836076304,4410.802668920151,4513.769959573439,1187316
2022-02-28,4743.7060546875,4766.620794308008,4514.956051786447,4558.216942754135,1617666
2022-03-02,4801.43701171875,4843.611822349978,4721.384446633815,4767.608424904378,1194676
2022-03-03,4857.2900390625,4907.860255127906,4815.066045118705,4819.955332063631,930907
2022-03-04,4688.8388671875,4829.239728123049,4673.974238368219,4819.955484096055,738388
2022-03-07,4606.95947265625,4674.566967721129,4527.449952619326,4563.155062988683,643012
2022-03-08,4664.14697265625,4681.678574914633,4538.8576510480025,4602.662902764175,670238
2022-03-09,4652.98583984375,4755.656531491813,4636.244202700117,4720.198347827835,447387
2022-03-10,4711.01318359375,4759.706397070702,4686.616902697755,4746.471368868654,363906
2022-03-11,4794.37451171875,4803.1649083103375,4676.986763741831,4689.579885802485,436703
2022-03-14,4862.9208984375,4954.825811570509,4804.202182645615,4829.833084870392,626924
2022-03-15,4753.7314453125,4937.492085054543,4642.170994150101,4889.0457913121945,686998
2022-03-16,4882.82275390625,4896.156648595371,4772.744334892319,4833.388766875569,477521
2022-03-17,4780.3486328125,4936.50342959096,4765.533196349142,4886.130945615542,852493
2022-03-21,4708.7412109375,4854.426352280862,4696.543070444924,4815.017383382316,509842
2022-03-22,4620.04638671875,4768.59575196574,4416.827957562381,4738.964875296525,1255679
2022-03-23,4551.50048828125,4658.023106424138,4539.0554233526145,4639.701540191282,896055
2022-03-24,4571.60009765625,4627.355729396884,4502.511052277235,4543.352378061817,719101
2022-03-25,4625.578125,4705.383769320066,4565.525918512792,4612.540344820468,968364
2022-03-28,4601.28076171875,4661.925200714028,4543.450870553453,4654.813596481526,524802
2022-03-29,4556.98193359375,4639.701464764376,4542.462611034149,4628.244095932633,778391
2022-03-30,4558.0185546875,4635.948142028547,4523.3011424791675,4619.45342864489,4839707
2022-03-31,4460.533203125,4577.674024198501,4445.470841822832,4568.093181805159,1225845
2022-04-01,4451.44677734375,4501.918136806509,4400.284320080545,4501.918136806509,827880
2022-04-04,4508.7822265625,4526.906059041399,4443.6434943220775,4500.929851883909,619577
2022-04-05,4498.21435546875,4548.339925769027,4486.26313781932,4548.339925769027,487075
2022-04-06,4456.2373046875,4552.29073802952,4442.804543004522,4510.807507177439,653418
2022-04-07,4480.68212890625,4527.301564951131,4434.754272851111,4475.249801845965,413722
2022-04-08,4549.47607421875,4571.551177439299,4458.4599794665655,4517.721742596382,685882
2022-04-11,4604.78564453125,4628.984190406898,4519.201904246119,4550.314320371953,652187
2022-04-12,4569.37744140625,4624.392297055029,4538.018095948861,4611.552250096099,574409
2022-04-13,4686.07421875,4705.383481563677,4572.0445290004745,4572.0445290004745,812061
2022-04-18,4498.4609375,4686.073964985734,4462.410037462949,4666.36923904243,579482
2022-04-19,4757.0888671875,4810.078651565787,4527.00493261856,4537.474604783004,1713344
2022-04-20,4722.12451171875,4790.324715009703,4673.18389459624,4746.8660990384815,777140
2022-04-21,4825.14111328125,4843.314620323712,4711.408033502498,4780.447876420091,771623
2022-04-22,4754.47216796875,4800.202297357254,4729.088189248258,4790.276146009737,381911
2022-04-25,4618.51513671875,4706.963592327407,4551.648414862662,4706.963592327407,421185
2022-04-26,4567.15478515625,4682.666007289927,4544.38858880847,4674.764440519558,548203
2022-04-27,4467.298828125,4601.625454417426,4444.631017028821,4563.154510816255,476441
2022-04-28,4482.01611328125,4546.364407252927,4449.61939711775,4523.647400655747,552600
2022-04-29,4399.54345703125,4539.450488895105,4376.480660638427,4489.077996524859,465103
2022-05-02,4251.78369140625,4385.369554525524,4237.215177683445,4385.369554525524,568610
2022-05-04,3963.920166015625,4272.130732458857,3946.8824110429473,4249.561783765004,1729814
2022-05-05,3900.510009765625,4004.2672720722194,3881.6449214535005,3992.2668632353816,1122769
2022-05-06,3780.258056640625,3850.6805824691032,3744.4046466996324,3850.6805824691032,891448
2022-05-09,3720.008544921875,3761.096549630179,3693.636871514405,3758.1828949560413,521295
2022-05-10,3641.535888671875,3736.1572033765046,3616.7448664584836,3723.613513772302,836241
2022-05-11,3634.375,3688.9451966434635,3575.113247988999,3664.252799972213,524764
2022-05-12,3536.790771484375,3605.089842874852,3497.875410416265,3605.089842874852,717916
2022-05-13,3504.1474609375,3667.215904630945,3486.5664261984534,3557.5816629006254,957908
2022-05-16,3641.38818359375,3662.277857284316,3509.333278231486,3536.93933286749,600622
2022-05-17,3766.232421875,3785.7888483887746,3632.794854107636,3666.327080770427,843357
2022-05-18,3689.04443359375,3794.7279019724733,3679.167473932187,3774.9739826493474,427461
2022-05-19,3587.114013671875,3672.105293995283,3565.187212944737,3565.187212944737,572640
2022-05-20,3622.86865234375,3649.5364423146552,3541.8775865061853,3649.5364423146552,692428
2022-05-23,3671.2158203125,3718.3288612925408,3620.8927680132983,3622.8681595943203,401917
2022-05-24,3586.9658203125,3693.982770561385,3569.03923567475,3693.982770561385,471324
2022-05-25,3480.936767578125,3628.7453650629072,3443.256023672648,3605.3370200636164,370431
2022-05-26,3617.732421875,3663.3639220976256,3320.1890458890443,3344.3381612894477,1730687
2022-05-27,3814.234619140625,3832.2600692084225,3529.037429711777,3654.474808265764,1733752
2022-05-30,3844.062744140625,3867.3724622245268,3773.4424921707105,3842.136785496054,666686
2022-05-31,3930.33837890625,3950.586145040725,3791.814027669169,3807.5677291903603,1361696
2022-06-01,3791.7646484375,3940.6598088313403,3743.4169812334735,3891.077521723551,794887
2022-06-02,3600.398193359375,3797.690433706,3579.16273319691,3797.690433706,1891062
2022-06-03,3544.64306640625,3648.4991930237734,3502.715424006723,3643.610146584375,1305662
2022-06-06,3588.99072265625,3604.991348807177,3498.5179183846076,3536.050364457089,561188
2022-06-07,3564.890625,3588.990306915997,3481.627817893675,3588.990306915997,490554
2022-06-08,3591.45947265625,3600.1512440516653,3513.2340123708573,3555.7049323967067,342056
2022-06-09,3624.893310546875,3635.36274218687,3517.1850266671768,3580.200072002452,483671
2022-06-10,3654.968505859375,3669.2900957350566,3551.260441242368,3575.9528375797504,624657
2022-06-13,3606.966552734375,3632.794945143956,3547.803664910615,3604.102331085422,523342
2022-06-14,3660.598388671875,3711.6130250882366,3578.175216468788,3583.558110738105,655865
2022-06-15,3676.895263671875,3709.8844494846307,3601.0401747606647,3691.957625266004,466405
2022-06-16,3618.572021484375,3728.552057434506,3602.1269810499716,3698.9211801568804,678602
2022-06-17,3655.70947265625,3678.1795545212767,3512.345508332528,3555.7052621580547,768620
2022-06-20,3764.80078125,3777.9371862294615,3637.5854886863544,3654.4751866794795,673219
2022-06-21,3761.343505859375,3821.395465249067,3747.367705226104,3802.5798099881285,596024
2022-06-22,3741.1455078125,3760.899427727027,3667.5621561308867,3742.4295608342877,359601
2022-06-23,3803.123046875,3809.543070197864,3677.3398780869816,3715.514469142642,646244
2022-06-24,3791.171875,3873.743349324002,3715.7120041195553,3853.989431173446,1024811
2022-06-27,3747.81201171875,3822.383050560433,3728.5519420841433,3801.6414371077794,708737
2022-06-28,3790.135009765625,3799.320388850949,3677.093019566878,3712.798371518546,463753
2022-06-29,3667.31494140625,3770.9735797128683,3649.536414892565,3720.8480119034507,567477
2022-06-30,3638.177734375,3719.1687956533356,3611.4110798637043,3668.302458387064,534241
2022-07-01,3690.179931640625,3698.9211367897187,3590.4720789977578,3634.7209034408984,316894
2022-07-04,3723.712646484375,3736.256336986875,3654.5244960503064,3686.0813338401654,300790
2022-07-05,3770.43017578125,3827.0746312532497,3714.724224309561,3714.724224309561,468762
2022-07-06,3835.716796875,3841.6924049378176,3736.947212817449,3762.2323227908537,390568
2022-07-07,3867.076416015625,3881.6449307046564,3820.6547081929484,3846.137310927204,398354
2022-07-08,3887.718994140625,3897.447894894517,3861.8908436486468,3869.7924105921734,268377
2022-07-11,3884.85498046875,3919.325471649832,3847.1250445217033,3886.583448330142,199806
2022-07-12,3881.3486328125,4048.269485470623,3852.014112032821,3852.014112032821,1125104
2022-07-13,3820.7041015625,3910.238638521682,3813.691364211646,3902.5345622675572,385514
2022-07-14,3850.087890625,3930.3381791525485,3832.309365166589,3878.68163750994,656393
2022-07-15,3883.32373046875,3895.472437667514,3827.3214239253593,3850.0878615259808,318645
2022-07-18,3898.53466796875,3921.9430130795276,3842.2851923334074,3891.620796518673,291155
2022-07-19,3970.73486328125,3983.3279855442556,3875.125855441448,3895.867468580516,412946
2022-07-20,4059.677001953125,4090.740230374046,3980.4638403862555,4039.676160328029,753440
2022-07-21,4098.98681640625,4118.543482870401,4045.9478406047183,4061.405183625667,542974
2022-07-22,4074.541748046875,4118.296966260779,4039.6268422809735,4099.135762045313,378496
2022-07-25,4138.3466796875,4200.57151724853,4087.134554224267,4093.011537347707,1127478
2022-07-26,4059.6279296875,4137.408982743624,4037.700887535654,4133.507390982561,363638
2022-07-27,4074.838623046875,4086.0490688511877,3972.5132232775322,4061.4058612921963,440198
2022-07-28,4138.93896484375,4154.248248689371,4084.121851719104,4097.9495919667625,364711
2022-07-29,4160.4716796875,4200.473367800923,4135.483163726021,4154.249387779232,333278
2022-08-01,4235.3388671875,4240.91925254403,4138.445803355921,4187.830598145371,311325
2022-08-02,4272.6728515625,4294.747947528981,4218.3992606949605,4257.956281675947,440869
2022-08-03,4257.01806640625,4332.774526757843,4227.436866723373,4272.722815358321,367949
2022-08-04,4341.712890625,4354.750667751687,4256.968786121517,4269.759639304693,358472
2022-08-05,4320.28076171875,4367.591299192457,4281.661755314179,4341.713473528952,207510
2022-08-08,4372.87548828125,4419.4944448531,4326.157183392494,4334.948062618601,445755
2022-08-10,4461.57080078125,4569.032412797703,4342.99809126029,4384.283590325827,867000
2022-08-11,4375.146484375,4496.485006541612,4363.63992507432,4483.743827524693,446510
2022-08-12,4259.68505859375,4340.725306020074,4223.486104002691,4296.525918999711,1412625
2022-08-16,4295.88427734375,4327.6386027904,4155.137617283448,4296.476991314467,596342
2022-08-17,4252.77099609375,4316.279640216027,4233.115947028524,4295.488837487481,502434
2022-08-18,4225.6845703125,4296.943951119908,4209.194528466661,4273.570444784386,580509
2022-08-19,4095.64453125,4268.0730067157265,4080.4418175654673,4249.799960964422,719126
2022-08-22,3986.2548828125,4093.3170589088068,3957.2363997856332,4093.3170589088068,723542
2022-08-23,4031.863037109375,4054.1470050832004,3949.561060470629,3986.156239517228,497236
2022-08-24,4170.32080078125,4179.481987602417,4038.7958216272523,4039.835788490582,956039
2022-08-25,4128.7734375,4199.141547286927,4116.790001467535,4174.530045672712,414795
2022-08-26,4174.77783203125,4195.081003979923,4116.294986269991,4166.607043320199,342452
2022-08-29,4210.67919921875,4230.982368355287,4046.7682483847616,4060.6338273072743,914112
2022-08-30,4281.3935546875,4295.853469424223,4192.555099896369,4210.679198906532,848217
2022-09-01,4236.08349609375,4287.3864364039555,4203.251877510887,4256.733404698821,390072
2022-09-02,4270.94482421875,4355.772354179431,4242.866931629077,4268.419018032225,735146
2022-09-05,4241.43115234375,4267.231324942887,4192.357097217975,4240.886626573912,522750
2022-09-06,4373.10498046875,4379.542571313059,4250.543154779019,4257.624407989147,1078704
2022-09-07,4334.4794921875,4367.657845435137,4293.3779501046065,4337.153761856626,396347
2022-09-08,4372.41162109375,4402.222716185424,4319.128368933951,4357.7539149987115,562760
2022-09-09,4417.5244140625,4431.934520000294,4372.609741628632,4394.29937386623,476210
2022-09-12,4438.57080078125,4458.576563870226,4404.352236387312,4430.053275453441,331303
2022-09-13,4446.98876953125,4476.601590412936,4423.416993125011,4476.601590412936,309270
2022-09-14,4385.0888671875,4436.985656269902,4363.052498693749,4363.052498693749,362669
2022-09-15,4300.162109375,4416.3356676990325,4286.494319011964,4407.0260178996905,427750
2022-09-16,4238.65869140625,4321.406306524882,4216.127121751599,4300.311008373372,458526
2022-09-19,4266.8349609375,4289.415853034627,4186.1174841371485,4254.652769375014,266140
2022-09-20,4515.57421875,4550.881834194391,4275.05580789991,4275.05580789991,1173769
2022-09-21,4560.5869140625,4623.675493259729,4512.255659696118,4512.255659696118,1177984
2022-09-22,4564.6474609375,4586.733637212711,4478.780202817407,4525.675184003713,511789
2022-09-23,4376.02734375,4673.691480570309,4340.769053196178,4565.738021917594,1205497
2022-09-26,4241.580078125,4378.007478857188,4150.859473914062,4376.026681750369,843901
2022-09-27,4202.21142578125,4312.294120157298,4164.625610013485,4293.377412463367,651304
2022-09-28,4227.9619140625,4253.761601819095,4142.93610523303,4188.395300138056,395837
2022-09-29,4349.5341796875,4362.3595527422185,4243.809118086704,4256.189101880708,631907
2022-09-30,4341.31298828125,4441.8384429802245,4310.412843101041,4310.412843101041,761064
2022-10-03,4323.28857421875,4446.890137842242,4309.175392823593,4342.898274930564,454169
2022-10-04,4362.111328125,4401.875733655839,4323.287994664928,4387.46562802134,307009
2022-10-06,4348.34521484375,4407.273933732989,4319.425381212133,4383.950239273725,272050
2022-10-07,4351.90966796875,4390.436068672071,4311.748723045398,4337.548891294772,501530
2022-10-10,4298.9248046875,4377.562366774738,4253.7625260854065,4332.994424126578,207878
2022-10-11,4234.49853515625,4320.46542367766,4222.712888550551,4320.46542367766,258216
2022-10-12,4245.88818359375,4308.233969765867,4204.242115323243,4238.9060668041175,621343
2022-10-13,4225.08984375,4276.491919055215,4195.328558625686,4229.101248320962,277038
2022-10-14,4255.89111328125,4282.483411572646,4223.108823934736,4259.7042444898125,254366
2022-10-17,4249.65234375,4259.258920950531,4180.522224575921,4248.810408139322,254734
2022-10-18,4324.080078125,4334.974462197234,4217.117034506699,4283.473737492127,387469
2022-10-19,4346.61181640625,4363.597055523894,4299.419420262029,4337.945828734691,249672
2022-10-20,4280.998046875,4351.118075929094,4253.960357910915,4341.907562174668,370651
2022-10-21,4346.90869140625,4387.46570666923,4281.196132538595,4302.439891910539,364601
2022-10-24,4367.80615234375,4392.417653501937,4278.5218180672755,4367.855962428031,30919
2022-10-25,4361.7646484375,4407.174519795353,4330.022567563103,4395.19060032571,474364
2022-10-27,4389.298828125,4455.80400794189,4360.577264170718,4402.322475061503,421237
2022-10-28,4523.150390625,4539.987166767024,4372.609803943371,4411.482948859515,691801
2022-10-31,4474.12548828125,4580.593333326127,4448.375125758768,4538.105331882642,433481
2022-11-01,4468.0341796875,4602.381633780682,4427.081106735453,4533.053741728897,866656
2022-11-02,4341.015625,4489.27798561277,4328.041308341063,4468.67789090043,643118
2022-11-03,4352.80224609375,4382.514206817939,4307.5906425770645,4328.042278823592,457168
2022-11-04,4320.71240234375,4367.6571924556265,4298.378626997504,4367.6571924556265,669679
2022-11-07,4321.90087890625,4377.5614693061325,4294.813866191188,4342.352995269626,356178
2022-11-09,4319.326171875,4392.417388418693,4302.291124079098,4305.262319606777,378028
2022-11-10,4244.3037109375,4335.420378641014,4209.193888477568,4332.498509445911,527721
2022-11-11,4378.94775390625,4496.409110652016,4288.47475580922,4343.887744343556,1685313
2022-11-14,4512.94921875,4524.1405288100605,4382.711810794982,4387.46553034776,886587
2022-11-15,4567.6689453125,4584.555047741336,4483.534392120335,4516.217545409482,492794
2022-11-16,4436.24267578125,4565.737285338296,4418.167902363154,4560.78529262101,499585
2022-11-17,4358.05078125,4472.590766611507,4328.735369462831,4446.8897294151875,430622
2022-11-18,4356.91162109375,4406.283084811197,4278.521673720919,4387.46551263511,385705
2022-11-21,4376.4228515625,4397.369684761164,4299.320225573922,4361.666009474143,336664
2022-11-22,4426.88330078125,4436.985559554956,4337.94570331489,4378.502717882417,310657
2022-11-23,4560.98388671875,4571.8284613769065,4405.2930312942335,4439.263510288073,799422
2022-11-24,4768.818359375,4786.596206839274,4569.698923723652,4585.545300572282,1822610
2022-11-25,4743.46435546875,4838.096740027368,4705.432665663511,4768.7688440597285,1069669
2022-11-28,4676.513671875,4723.0624055349745,4638.284189639899,4715.287679896558,598162
2022-11-29,4673.8896484375,4795.510413017301,4662.450253517004,4679.633767349597,910558
2022-11-30,4681.02001953125,4714.396647023498,4598.024807217439,4673.88943950324,1113421
2022-12-01,4729.84619140625,4747.970290065041,4655.9125583588475,4719.248734284505,611403
2022-12-02,4824.6767578125,4836.066340070414,4697.509209032348,4725.191039348564,996306
2022-12-05,4732.47119140625,4854.884553646097,4721.180744217564,4838.097104136179,684834
2022-12-06,4742.078125,4753.913582460239,4669.729696104172,4724.548358820536,354855
2022-12-07,4682.01025390625,4768.769268151355,4665.66867697489,4758.568355989007,354913
2022-12-08,4659.330078125,4731.975910039799,4636.4517744120885,4692.5084302595915,336491
2022-12-09,4640.1162109375,4690.478072486746,4630.360688779724,4682.604210801676,271785
2022-12-12,4696.76708984375,4710.335744108202,4585.545520441752,4632.094254666539,445259
2022-12-13,4633.9267578125,4715.634645336196,4616.544971583427,4700.431929544989,363818
2022-12-14,4621.3486328125,4666.758508309985,4611.89051900136,4666.758508309985,356293
2022-12-15,4598.32177734375,4641.602391616352,4583.218197990447,4635.016337338284,316614
2022-12-16,4521.318359375,4593.468998688369,4507.997787514395,4593.468998688369,342890
2022-12-19,4566.18359375,4575.641707305139,4477.641568643264,4555.833734546242,308464
2022-12-20,4552.51513671875,4572.125317038495,4496.656758424927,4566.083789511811,282355
2022-12-21,4720.43798828125,4742.474357073009,4558.012618310536,4566.529659373572,877375
2022-12-22,4735.78857421875,4802.24392491685,4679.632787333546,4748.960680479227,902304
2022-12-23,4655.021484375,4758.864865409566,4641.354178302813,4719.942397200451,473498
2022-12-26,4639.076171875,4694.489164628882,4607.829290809256,4678.345861571701,247357
2022-12-27,4599.21240234375,4667.45124648362,4581.236766125228,4640.0170143489795,226485
2022-12-28,4544.59228515625,4634.669228210791,4538.006231408063,4607.334131058557,313366
2022-12-29,4481.0087890625,4565.737189234621,4435.499783511334,4544.59208405828,530411
2022-12-30,4434.60888671875,4538.452277083851,4425.200099979202,4506.313648941536,348965
2023-01-02,4411.58154296875,4473.332984591478,4403.311618985523,4444.908354927356,246577
2023-01-03,4447.7802734375,4465.657255499442,4382.612249288851,4424.10984735516,430096
2023-01-04,4390.73388671875,4470.7583831490565,4382.513771838177,4451.841673313583,414977
2023-01-05,4386.5244140625,4412.720648607483,4314.175994912848,4412.720648607483,468816
2023-01-06,4345.32470703125,4431.340442051194,4327.051658683804,4399.400085907328,299640
2023-01-09,4365.3798828125,4409.402808209624,4338.9853745773,4381.869921953433,407803
2023-01-10,4423.763671875,4445.89917661261,4363.696095378739,4367.6576896550705,557940
2023-01-11,4318.732421875,4439.4125933127625,4294.417845019476,4431.043531337352,462687
2023-01-12,4317.89013671875,4340.322567460816,4283.721386281959,4328.982794065883,207917
2023-01-13,4293.92236328125,4328.041787745436,4227.070459237128,4323.089794853278,366497
2023-01-16,4253.416015625,4322.3478672990095,4243.858764135019,4322.3478672990095,210854
2023-01-17,4281.34423828125,4294.813754555297,4233.953573494411,4274.75818499664,294500
2023-01-18,4298.13134765625,4310.214403161148,4263.665672244656,4295.358425209076,331806
2023-01-19,4276.68896484375,4298.130994541053,4244.501015258678,4298.130994541053,162244
2023-01-20,4244.10546875,4280.9484889622045,4223.257772305139,4260.694644784435,242706
2023-01-23,4293.82421875,4311.700721770308,4245.7400719174475,4253.168062135267,161350
2023-01-24,4263.666015625,4308.184626577291,4249.602161927173,4308.184626577291,178860
2023-01-25,4183.7900390625,4276.540762730584,4153.731347589641,4273.520240714729,423714
2023-01-27,4203.39990234375,4244.20451597379,4151.849851338335,4187.405062506191,421866
2023-01-30,4197.01171875,4219.097410820147,4083.4128227256965,4195.823047168909,623069
2023-01-31,4215.037109375,4262.4277769039145,4087.4241589697062,4198.794669807527,671038
2023-02-01,4221.72216796875,4310.214372730431,4171.063380228449,4233.953686448206,321331
2023-02-02,4190.87158203125,4221.078738654659,4129.962069495525,4221.078738654659,479256
2023-02-03,4210.77880859375,4218.899787004419,4118.077402384236,4204.242081077701,413966
2023-02-06,4279.21484375,4294.021010654902,4149.422834677475,4170.56793863661,257669
2023-02-07,4274.16357421875,4318.13716792582,4230.338443558035,4263.665254110242,319090
2023-02-08,4349.087890625,4362.012399031815,4261.239340592625,4278.521989752348,250175
2023-02-09,4347.15576171875,4362.160685243778,4283.473334255913,4305.608836528413,284239
2023-02-10,4373.84814453125,4382.81105909469,4308.4818320400955,4343.2942487163855,359807
2023-02-13,4316.80078125,4396.973741730133,4286.445160737421,4387.861881130524,272935
2023-02-14,4227.86279296875,4338.391363843513,4210.233409264731,4338.391363843513,339582
2023-02-15,4444.81005859375,4470.659560391282,4129.962420653887,4129.962420653887,2724361
2023-02-16,4598.5693359375,4623.180838792361,4456.9423308074,4466.6485276085305,1419679
2023-02-17,4570.392578125,4624.12170176669,4532.063959159048,4595.597932147614,408098
2023-02-20,4566.33203125,4605.304314153454,4531.420479457992,4548.900918601189,232327
2023-02-21,4458.82373046875,4595.44940791944,4447.880019604785,4566.727849119943,490637
2023-02-22,4406.3828125,4492.399033573121,4397.370087898525,4461.74600134749,333978
2023-02-23,4405.34228515625,4474.917786582986,4358.744224613008,4428.4188626180385,443522
2023-02-24,4433.7060546875,4448.929304641132,4360.565498241383,4418.23487064422,358946
2023-02-27,4403.06103515625,4457.606529144334,4378.564955975842,4447.937100664628,215703
2023-02-28,4365.27587890625,4436.432956652199,4325.259223352488,4412.234688386447,312308
2023-03-01,4377.3251953125,4409.2592957412735,4301.407980309005,4365.275696920344,287008
2023-03-02,4365.822265625,4413.425613826461,4345.144464400731,4392.40060800563,313250
2023-03-03,4371.87060546875,4408.2675186122415,4357.589700682891,4380.250970265605,168868
2023-03-06,4384.5654296875,4451.80495677488,4375.589925672026,4379.50747773489,242661
2023-03-08,4339.8876953125,4404.499706427038,4323.97052046663,4378.41674966637,246734
2023-03-09,4381.640625,4500.748278336509,4348.913319720408,4362.64896742187,684685
2023-03-10,4281.57373046875,4363.34258571735,4256.185183217042,4363.34258571735,328154
2023-03-13,4309.09423828125,4399.292848774149,4286.284303303007,4291.242984820016,496455
2023-03-14,4264.0693359375,4318.763494027254,4239.672527003045,4309.094065456896,279237
2023-03-15,4293.02880859375,4331.855680337466,4273.689946658641,4298.929834523769,279479
2023-03-16,4283.3583984375,4333.887555743575,4230.746982334575,4295.160447599554,300181
2023-03-17,4310.58203125,4340.036794447671,4261.193754879197,4304.135744995973,368653
2023-03-20,4277.35888671875,4317.920806671444,4160.333997167901,4286.284513887882,563835
2023-03-21,4238.6806640625,4317.920292308858,4230.7467741906,4284.300530825924,239304
2023-03-22,4249.689453125,4259.5075459626005,4176.300964556611,4239.7222124405935,302705
2023-03-23,4237.7392578125,4263.822217080463,4208.483032441963,4240.66507404808,233054
2023-03-24,4247.95361328125,4318.664215039962,4225.78821098364,4242.151859301225,354933
2023-03-27,4282.41650390625,4371.47422766074,4241.656046173735,4269.127334676766,495895
2023-03-28,4297.7890625,4307.607156245152,4209.970511635538,4298.978855660634,343628
2023-03-29,4326.94580078125,4343.805319143221,4275.474779807781,4297.788848228037,250790
2023-03-31,4275.2763671875,4364.582520916168,4264.41714411139,4348.615467962385,465663
2023-04-03,4199.35888671875,4308.05328691319,4185.276036929901,4307.6068118597095,493574
2023-04-05,4166.23486328125,4214.879335799448,4133.556958026376,4214.879335799448,622533
2023-04-06,4167.2265625,4190.085890642761,4148.581629409276,4182.15200019894,286725
2023-04-10,4201.98681640625,4208.581766129834,4152.697327268666,4180.168617217924,323560
2023-04-11,4236.00341796875,4251.375331901474,4186.267935222774,4227.772199690385,284178
2023-04-12,4284.5,4293.177693927396,4231.243558998482,4252.268565412527,304498
2023-04-13,4361.95361328125,4444.069670197349,4284.5981811951215,4293.226480780148,1257056
2023-04-17,4350.4501953125,4411.640039740813,4304.135912418152,4373.557459392638,334963
2023-04-18,4302.796875,4347.871486402299,4258.416672750393,4343.805270464253,409038
2023-04-19,4284.59765625,4319.011095647433,4186.663707755124,4319.011095647433,517278
2023-04-20,4312.4658203125,4322.8296578418995,4198.168217296933,4284.597934788745,484517
2023-04-21,4325.259765625,4391.408777172982,4282.764248301647,4304.135974013267,485292
2023-04-24,4362.697265625,4425.325798770787,4326.250957528902,4326.250957528902,571150
2023-04-25,4380.00341796875,4409.507573223946,4346.879522027292,4373.507738829549,252655
2023-04-26,4373.95361328125,4451.606854922591,4364.631389054126,4383.424985348069,438486
2023-04-27,4380.9951171875,4401.821579544248,4328.9783544122665,4383.3257943480985,400508
2023-04-28,4476.400390625,4491.573762518582,4394.334210707047,4406.235046465541,713399
2023-05-02,4453.68994140625,4535.508200100947,4439.9049013360445,4492.318270573366,384900
2023-05-03,4478.13525390625,4487.060879379208,4444.961485533285,4472.482164074907,287955
2023-05-04,4515.57373046875,4532.135435454722,4462.813167764688,4472.73053035972,391146
2023-05-05,4564.466796875,4591.739547969853,4484.136148195614,4512.400635693916,332169
2023-05-08,4586.88037109375,4621.491876495494,4547.111642431725,4572.896790240498,274255
2023-05-09,4555.09423828125,4609.491071415558,4544.4330730111615,4607.5075988071685,207566
2023-05-10,4563.2763671875,4595.706340196416,4539.177367086533,4555.094542132122,293523
2023-05-11,4557.326171875,4606.615665590712,4546.764275863433,4572.847234227151,409446
2023-05-12,4567.1943359375,4601.65717794908,4497.5248495687665,4557.02903721466,427837
2023-05-15,4587.62353515625,4650.251586675211,4553.160698168201,4571.855024577874,401847
2023-05-16,4517.4580078125,4603.887727419633,4503.474429471173,4586.7802766580435,310725
2023-05-17,4445.111328125,4561.590965140506,4421.160990269235,4542.202227450562,266803
2023-05-18,4405.29296875,4492.466499085149,4396.367341393235,4472.731042112224,167057
2023-05-19,4410.39990234375,4428.102491797382,4373.8049304477945,4418.185128993804,177405
2023-05-22,4567.2431640625,4586.780563621184,4415.1607840149,4422.945526871823,361967
2023-05-23,4512.796875,4578.896004191043,4495.540759799721,4566.945775177082,433331
2023-05-24,4498.96337890625,4568.930197456582,4485.971533503326,4503.426193294909,225979
2023-05-25,4530.39990234375,4559.953933459536,4493.50760399445,4531.242975014567,202680
2023-05-26,4571.80517578125,4581.821809486738,4513.639937321756,4552.069719814745,289579
2023-05-29,4602.10302734375,4626.449960446742,4542.796904505598,4596.69787066895,332364
2023-05-30,4561.14501953125,4755.37671809891,4497.9716923641745,4633.393123453203,1298380
2023-05-31,4583.755859375,4691.904510934893,4487.606829841553,4561.987053540584,1655511
2023-06-01,4774.46728515625,4806.946654443027,4647.277083292764,4650.25229269308,1692479
2023-06-02,4926.251953125,4960.863940369859,4766.2850678706345,4799.656900387556,1326161
2023-06-05,4909.29345703125,4967.805901485339,4893.276527635366,4926.89677718481,698352
2023-06-06,4899.2763671875,4928.383923103246,4853.061360883436,4927.937448090281,382992
2023-06-07,4984.9130859375,4998.350919015326,4909.144045720516,4923.425435743264,552840
2023-06-08,4885.93701171875,4986.994832798141,4879.342062893548,4978.515682058051,411502
2023-06-09,4885.9873046875,4924.813683043812,4866.499299467038,4885.937427325963,249400
2023-06-12,4884.0537109375,4953.72319125495,4874.433674405121,4908.103318022171,343835
2023-06-13,4910.13671875,4948.76504844794,4876.120351093468,4884.302177075371,308751
2023-06-14,4967.607421875,4981.045255839979,4910.136106176561,4923.971022082127,360156
2023-06-15,5175.6240234375,5216.334606488622,4976.532953218562,4998.301759576124,1712253
2023-06-16,5157.07861328125,5250.252440678622,5120.384366907032,5175.624277444571,797312
2023-06-19,5102.4833984375,5218.46715548824,5092.863362374597,5176.863622904519,327818
2023-06-20,5119.392578125,5154.946424137839,5058.946536412785,5132.186364802643,334154
2023-06-21,5076.4501953125,5130.251889690171,5044.565970055903,5127.128017188457,410174
2023-06-22,5024.13623046875,5112.400763534624,5013.227130876338,5087.5080848881435,329800
2023-06-23,5003.75634765625,5042.384187839478,4959.673473316093,5042.384187839478,335552
2023-06-26,4995.32666015625,5013.227307784252,4958.731201016952,5008.2192328567835,430106
2023-06-27,5100.30126953125,5107.441964617173,4995.326369170044,4998.350971198165,556456
2023-06-28,5084.53271484375,5133.177670669446,5073.871549670702,5102.483238635525,362944
2023-06-30,5056.0703125,5106.40093086122,5022.202129693429,5085.623861208679,411015
2023-07-03,5026.615234375,5100.003717623249,5018.1854761640525,5085.127673721577,150815
2023-07-04,5067.72265625,5082.350765394441,5010.300742109779,5077.590141023446,233404
2023-07-05,5035.6904296875,5105.955053198727,5008.66561174059,5082.649246895888,279982
2023-07-06,5239.3916015625,5266.119085156445,5028.3009442747825,5047.937126826047,1251554
2023-07-07,5103.72265625,5231.359304815501,5087.606942251639,5231.359304815501,559765
2023-07-10,5115.7236328125,5160.5004350974095,5068.516882612489,5137.045965733533,271366
2023-07-11,5213.5576171875,5228.830259030414,5122.417150023139,5157.028649300932,503174
2023-07-12,5208.6494140625,5244.749009525463,5162.831478988197,5218.1701811709045,263391
2023-07-13,5139.17724609375,5246.1854905902255,5125.292938597549,5246.1854905902255,338327
2023-07-14,5129.0615234375,5155.491682821352,5054.136040828011,5137.193954670413,508041
2023-07-17,5176.16845703125,5274.995354888452,5109.6233466672,5109.6233466672,469609
2023-07-18,5119.93798828125,5280.004132410795,5064.252091134469,5163.475115589182,511024
2023-07-19,5132.83056640625,5180.7811140637305,5119.937994317171,5119.937994317171,265631
2023-07-20,5152.5166015625,5166.946171163509,5090.235270794203,5127.276718793732,276787
2023-07-21,5161.88818359375,5209.590796589189,5082.697942996616,5087.656624508693,313184
2023-07-24,5137.98779296875,5182.517145120525,5101.492086823739,5101.492086823739,249814
2023-07-25,5169.12841796875,5176.863767831371,5111.210627498681,5111.210627498681,547945
2023-07-26,5113.14501953125,5211.574858679478,5100.5497733674165,5153.062410218567,297720
2023-07-27,5172.40087890625,5221.491827713816,5101.690271595068,5104.219005562409,363050
2023-07-28,5302.76416015625,5319.673068960712,5134.218396347801,5134.218396347801,453505
2023-07-31,5130.69873046875,5295.822836504808,5115.921471120154,5295.822836504808,689230
2023-08-01,4990.81396484375,5166.946439357076,4980.053528480672,5166.946439357076,1044095
2023-08-02,4955.458984375,5002.021203253169,4934.880453544804,4991.409429801246,1016605
2023-08-03,4955.0126953125,4988.434407806871,4915.343236801114,4919.012855411945,412037
2023-08-04,4939.14404296875,4994.83042295431,4922.978935167801,4983.474848754673,358846
2023-08-07,4972.962890625,4983.37612279006,4915.39278649668,4939.144582649213,608113
2023-08-08,4981.83935546875,5013.227717025792,4938.996147452617,4975.541732209376,519420
2023-08-09,4940.185546875,4984.466474315084,4917.028408208155,4981.838470058692,268668
2023-08-10,4881.822265625,4940.285318146992,4863.078545141535,4940.235440780888,370166
2023-08-11,4865.60693359375,4970.58231741392,4771.391985438458,4889.259941111458,1066479
2023-08-14,4781.0126953125,4886.830682507443,4690.913343234309,4822.814289249142,832136
2023-08-16,4901.0615234375,4913.012236398578,4714.813640021961,4760.334239336366,667417
2023-08-17,4852.31787109375,4919.012138495734,4832.2846037667,4899.673280289954,375779
2023-08-18,4817.14599609375,4863.4956585081845,4794.045633670805,4843.574894861282,336848
2023-08-21,4900.9033203125,4913.621230473063,4808.849713627914,4849.585837235092,243126
2023-08-22,4887.98681640625,4927.083655080973,4874.5737030076625,4916.054998147738,175172
2023-08-23,4913.77001953125,4954.903470463655,4879.3926094740345,4926.090115612353,597123
2023-08-24,4888.28515625,4951.425951299606,4868.562814788981,4923.109378687578,534065
2023-08-25,4834.185546875,4881.479289372109,4814.811049256243,4868.463504200493,249504
2023-08-28,4873.8779296875,4880.236641231481,4810.836110026694,4843.52426331287,204098
2023-08-29,4847.001953125,4913.173404805923,4827.627457393207,4874.424413342337,591619
2023-08-30,4843.1279296875,4858.478688213932,4813.817790406388,4850.530175866512,396122
2023-08-31,4783.1162109375,4880.18711578481,4774.869339237909,4855.994222207823,488260
2023-09-01,4809.19775390625,4818.736065630453,4770.299819124967,4808.8499094677045,206097
2023-09-04,4793.796875,4838.656188011022,4786.593536732427,4828.720549021266,354446
2023-09-05,4952.419921875,4959.8716521215765,4800.950891007438,4828.721199781823,800554
2023-09-06,5000.70654296875,5011.1884480181625,4922.11554175197,4947.948203053051,535407
2023-09-07,4996.68212890625,5012.430213092369,4954.902962708654,4997.576724489849,334709
2023-09-08,4953.0654296875,5017.299244638772,4945.912060039859,5007.562511588372,292671
2023-09-11,5063.15283203125,5073.932613686886,4971.546034060633,4971.79442506908,543287
2023-09-12,4947.1533203125,5092.014735714058,4934.038083425563,5078.104841801863,483061
2023-09-13,4978.7490234375,4988.883569925422,4913.173801815693,4942.980720734696,232238
2023-09-14,5051.82568359375,5067.176441575169,4963.349002723286,4968.813604768121,414391
2023-09-15,5059.02880859375,5117.251754035646,5029.1229213247025,5051.8254698394385,658355
2023-09-18,5042.48583984375,5128.77696346523,5034.736235310473,5067.176000324036,371912
2023-09-20,4974.0791015625,5027.234773878494,4897.276800851115,5018.93890285225,509910
2023-09-21,4987.74072265625,5014.467982144869,4943.428156735782,4957.884318760066,422586
2023-09-22,4957.4365234375,4984.511139495397,4923.109085023209,4980.73579076112,348459
2023-09-25,5064.24560546875,5080.540444509609,4940.84523768049,4982.624413234877,386746
2023-09-26,5021.1748046875,5064.195933749811,4997.875533793405,5064.195933749811,267102
2023-09-27,5072.49169921875,5085.904812253033,4987.690920896497,5021.472094464322,460768
2023-09-28,4987.791015625,5112.38385124643,4962.852460786302,5072.492351417199,407714
2023-09-29,5104.68359375,5153.567138068235,4994.249048873146,5021.472606260036,410567
2023-10-03,5086.00390625,5121.77220514704,5033.394505900163,5105.875183415023,268482
2023-10-04,5014.9140625,5064.045988771757,4950.232959056056,5052.272160161361,442482
2023-10-05,5014.56640625,5047.15559272553,4994.297800045888,5022.415949043809,363289
2023-10-06,5027.68212890625,5051.279273427079,4996.434347685309,5017.49809811305,407753
2023-10-09,5014.8154296875,5033.395270715409,4954.953198131913,4967.8200461068,176296
2023-10-10,5034.0908203125,5051.825549275541,5000.607520072563,5036.326339271403,202645
2023-10-11,5060.072265625,5106.918708893836,5032.401412557836,5040.300440024911,336099
2023-10-12,4961.708984375,5081.0361011110435,4840.34525577931,5060.021837339619,1029595
2023-10-13,4985.00830078125,4996.732646682587,4901.996225340447,4956.8411504096,410013
2023-10-16,4989.38037109375,5016.951771199852,4954.307271947659,4997.626757970924,259806
2023-10-17,4996.4345703125,5035.38247411249,4979.941795623473,5017.498321678783,217907
2023-10-18,4945.2158203125,5007.512469626089,4906.665735834996,4988.68424005004,341459
2023-10-19,4964.888671875,4987.641675034768,4903.387158792548,4945.2162992070125,231958
2023-10-20,4945.513671875,4967.769890785547,4908.702324362259,4957.983189589226,252447
2023-10-23,4937.5654296875,4978.301550779644,4912.32900291668,4944.967675014576,363474
2023-10-25,4828.62060546875,4939.353484824953,4800.40349062978,4928.076438688546,894230
2023-10-26,4729.662109375,4828.621172312789,4695.583061154196,4828.621172312789,836962
2023-10-27,4799.11279296875,4829.267070788232,4746.056089843552,4749.186204401943,333727
2023-10-30,4810.587890625,4837.066270859664,4752.265497121073,4808.849153844168,234759
2023-10-31,4788.87890625,4868.11563325915,4774.273806900162,4800.901127375672,276660
2023-11-01,4765.6787109375,4824.746278605614,4759.171061474648,4803.8814367912155,281746
2023-11-02,4855.546875,4863.495386356661,4779.241360031512,4806.6633361010845,214035
2023-11-03,5120.0341796875,5132.254822786281,4905.274933780561,4918.88695458507,1262458
2023-11-06,5131.7080078125,5194.352017022793,5094.498846075817,5107.961442730136,399720
2023-11-07,5103.7890625,5148.598893575404,5088.090461040908,5116.854331386393,222204
2023-11-08,5078.05615234375,5120.481044331972,5054.70739819437,5101.9511726411565,400498
2023-11-09,5263.5048828125,5278.805671789952,5089.084426910406,5114.370825435493,1032216
2023-11-10,5244.52734375,5303.644399154589,5185.062443932948,5265.888968812163,696409
2023-11-13,5187.0498046875,5245.024361172406,5166.731711950667,5216.211005143992,150128
2023-11-15,5191.322265625,5260.9212277554225,5173.487598285645,5249.843086503745,356675
2023-11-16,5304.39013671875,5333.451885536174,5168.27186020637,5190.378660588855,449045
2023-11-17,5443.6875,5457.994724120591,5271.999355136937,5297.881987603034,735541
2023-11-20,5438.71923828125,5558.989952857328,5419.940492688854,5439.762286308109,526567
2023-11-21,5431.615234375,5484.770905960027,5387.501091806931,5464.601751731823,382979
2023-11-22,5496.396484375,5504.295512857596,5404.143962623068,5431.814819247673,302473
2023-11-23,5458.5908203125,5514.27988527864,5438.073336772575,5494.408606412771,234584
2023-11-24,5366.537109375,5457.647123422802,5360.277850148555,5457.647123422802,270183
2023-11-28,5332.2587890625,5389.935467186381,5306.625033322094,5366.536745184876,362746
2023-11-29,5387.0546875,5400.020504038398,5329.974239910577,5337.525423567697,277119
2023-11-30,5493.36572265625,5514.28005023275,5347.361302766245,5347.361302766245,775261
2023-12-01,5555.1650390625,5651.043961222111,5494.756544337605,5514.279979127868,546990
2023-12-04,5586.36328125,5621.833711420478,5533.754356582812,5589.791271232556,936113
2023-12-05,5544.28564453125,5652.385206221425,5489.4407214577905,5573.893655634064,787929
2023-12-06,5507.4248046875,5602.707496977036,5473.295783644661,5498.532212671761,574427
2023-12-07,5426.25,5484.274037016,5406.47817463954,5454.914416670906,510609
2023-12-08,5519.59619140625,5536.6852021353925,5404.044400277809,5459.634503426411,456382
2023-12-11,5511.6474609375,5519.595973093985,5454.66646738796,5514.2803085616,238128
2023-12-12,5394.0087890625,5514.279501982734,5368.424519301048,5514.279501982734,615205
2023-12-13,5391.8232421875,5416.910732281061,5334.842251818551,5368.176613897347,476781
2023-12-14,5480.3994140625,5497.339970861913,5417.010226728243,5459.435117233466,490550
2023-12-15,5515.47265625,5552.035617297709,5464.601985529242,5494.40890545031,349758
2023-12-18,5463.26025390625,5571.658176634268,5458.640278619529,5514.776641149927,428321
2023-12-19,5519.74462890625,5638.823367599793,5468.278209375655,5473.344997505827,682732
2023-12-20,5367.43115234375,5569.720376447778,5340.505473336532,5519.744305795906,437044
2023-12-21,5440.607421875,5517.26078597421,5250.836701521845,5309.605913964736,487514
2023-12-22,5505.7353515625,5513.286534851698,5427.542157280257,5474.537539562598,220537
2023-12-26,5596.89453125,5608.668360797737,5490.583191195907,5505.735041063429,243281
2023-12-27,5650.84521484375,5678.2177063192,5579.457551376999,5598.732594069763,307177
2023-12-28,5723.4248046875,5732.863661669451,5638.226700876728,5638.475091849937,568149
2023-12-29,5667.38818359375,5721.885262888295,5640.7603788414535,5703.057032115314,325682
2024-01-01,5713.04248046875,5727.896456314662,5671.11437077893,5704.050920330004,127030
2024-01-02,5709.36669921875,5745.432879063151,5643.44362951177,5701.169796059688,166449
2024-01-03,5731.1748046875,5748.761080860353,5636.537837360858,5693.121499020018,198997
2024-01-04,5725.1142578125,5802.363853185293,5694.611651178978,5731.174609660099,220702
2024-01-05,5717.21533203125,5771.414051189904,5678.217947179666,5725.114359451551,144894
2024-01-08,5645.4296875,5737.682186232114,5603.700006599789,5712.992028005104,157009
2024-01-09,5760.33642578125,5811.356035964532,5638.178018861071,5665.501029801236,329437
2024-01-10,5763.5654296875,5781.846910637588,5684.477636625264,5762.671319096756,239740
2024-01-11,5832.12060546875,5854.078464558038,5764.906105054629,5766.644841869459,213210
2024-01-12,5758.39892578125,5883.88586180791,5705.888972658187,5832.2205350915965,250919
2024-01-15,5858.4501953125,5886.021594066391,5766.644986219163,5797.445467709997,375458
2024-01-16,5866.5478515625,5929.043412390963,5791.484288880116,5844.143178451337,347797
2024-01-17,5887.7607421875,5941.860495414615,5793.720007707492,5835.052366655163,378205
2024-01-18,5952.29296875,5990.147854065309,5800.426614773294,5920.647858416249,591170
2024-01-19,6055.42431640625,6080.611259090504,5912.698954713658,5948.46725623772,326813
2024-01-23,6114.14404296875,6387.324639967818,6094.173310919503,6386.628951160369,982889
2024-01-24,6173.36083984375,6189.903583050012,6044.197522701455,6113.945422875097,435151
2024-01-25,6129.14697265625,6198.050728522308,6079.71716692868,6170.081515663033,337391
2024-01-29,6289.01123046875,6308.13733595262,6138.0389985808815,6159.152231907231,554591
2024-01-30,6269.189453125,6346.737408470509,6243.356791102957,6290.2532023676595,304312
2024-01-31,6312.0625,6330.641855399328,6215.288979942651,6239.5818133830235,499281
2024-02-01,6247.48046875,6335.957142109451,6227.459767574406,6249.1692363372895,255111
2024-02-02,6279.8701171875,6318.12232735637,6250.808373098163,6279.32385109768,239428
2024-02-05,6194.37451171875,6305.753128718198,6169.2375375736365,6279.870496464058,147909
2024-02-06,6157.4140625,6257.366699215903,6115.435982958995,6219.661236013166,326654
2024-02-07,6138.18896484375,6208.632556070029,6115.386476776578,6197.603898539902,323738
2024-02-08,6190.8974609375,6322.246819546968,6110.418774637398,6161.587322099808,794455
2024-02-09,6395.91943359375,6432.283973710384,6173.609484382251,6229.050162577066,933104
2024-02-12,6571.87890625,6634.820790953551,6333.969837286587,6423.291134513304,709946
2024-02-13,6675.65673828125,6696.621034690577,6555.783344532211,6571.87927460577,521773
2024-02-14,6710.63037109375,6731.395760619074,6656.878464376059,6675.557272578849,452781
2024-02-15,6584.9443359375,6720.863686194144,6543.214651280277,6706.556462767966,446114
2024-02-16,6558.06884765625,6617.583721014417,6483.1047328646255,6588.372550494984,391508
2024-02-19,6614.30419921875,6632.983492693269,6469.144408075428,6577.393395244466,334607
2024-02-20,6722.0048828125,6747.4131492989345,6601.078412969933,6630.564063809969,559251
2024-02-21,6722.7001953125,6784.158128585155,6680.087477540819,6747.363100247052,537325
2024-02-22,6731.70068359375,6836.367627472713,6652.988764415176,6727.523756210813,564432
2024-02-23,6736.5234375,6749.2028060172925,6685.855977790408,6741.44621009606,352524
2024-02-26,6547.5263671875,6754.125486686771,6534.498840635703,6732.446447198475,453443
2024-02-27,6583.92333984375,6631.508357836955,6533.6035562828465,6551.50383999869,313760
2024-02-28,6327.10400390625,6593.271181564091,6310.148166007594,6593.271181564091,536602
2024-02-29,6067.798828125,6357.136749836006,6028.467633440517,6357.136749836006,1543361
2024-03-01,6051.6884765625,6073.168915675237,5908.933897934798,6068.196614286932,1749136
2024-03-04,5999.876953125,6137.5601717453865,5989.485134648651,6110.95835952127,551616
2024-03-05,6027.5234375,6069.688457217046,5943.093854920379,6001.617455270207,724456
2024-03-06,6020.76025390625,6045.22407218236,5912.065947206619,5991.622763989888,588776
2024-03-07,6015.291015625,6108.82029425535,5998.584277517605,6031.898696167612,738112
2024-03-11,6170.32763671875,6190.514985331968,6002.661543374261,6015.290897058803,521556
2024-03-12,6110.75927734375,6239.492353620114,6073.666103476088,6205.432089347652,482112
2024-03-13,5975.11474609375,6145.764218599238,5923.054655961718,6145.764218599238,356191
2024-03-14,5989.78369140625,6061.235763850917,5946.872824910333,5975.115401411697,439181
2024-03-15,5950.0546875,5997.440620703684,5908.685044502938,5981.678328823364,764270
2024-03-18,6102.5556640625,6110.909519733935,5945.530466830872,5964.524757245863,419258
2024-03-19,6079.3349609375,6091.765714811712,6000.6230389449265,6043.335303487251,542392
2024-03-20,6139.84716796875,6166.349922332658,6039.804854372428,6113.941672451811,413963
2024-03-21,6148.25048828125,6179.9736731031,6071.776592262852,6155.609397007202,350032
2024-03-22,6340.57861328125,6355.495516095903,6134.526753747265,6134.973969485946,727548
2024-03-26,6287.42529296875,6427.644185790693,6274.546838723738,6362.5565693247445,629120
2024-03-27,6196.9296875,6363.948999680619,6185.542923097537,6319.795060495956,603420
2024-03-28,6321.58447265625,6390.003626492861,6078.6380374316195,6196.9292737157075,818070
2024-04-01,6421.47802734375,6520.675430762782,6337.446141740661,6365.539641957079,440465
2024-04-02,6384.18603515625,6433.660431394269,6368.7223728741765,6433.660431394269,213898
2024-04-03,6339.73388671875,6373.496007843689,6276.0388992824965,6364.098163859047,289202
2024-04-04,6404.92041015625,6439.129743648178,6291.352861991439,6389.406734044717,547885
2024-04-05,6362.30810546875,6444.102461558751,6346.197655084335,6404.9208245713235,239001
2024-04-08,6272.806640625,6362.308063106273,6245.210368693274,6362.308063106273,491584
2024-04-09,6469.013671875,6503.770253008067,6295.8785250075,6312.6347923206395,592624
2024-04-10,6453.89794921875,6479.803444495277,6415.263071399127,6469.013453669791,174947
2024-04-12,6371.05908203125,6442.0139175566155,6327.452388792448,6414.2685738639975,450885
2024-04-15,6268.232421875,6363.6510830938005,6248.194143692572,6290.061019965796,251305
2024-04-16,6299.6572265625,6312.43613821051,6167.642625066597,6265.050203225735,290190
2024-04-18,6040.50048828125,6299.308762253649,6019.66683787977,6271.1657320714085,518459
2024-04-19,6135.37158203125,6164.658628432642,6016.484062270928,6105.985478073306,560178
2024-04-22,6203.990234375,6223.3326818272535,6115.9309672799,6120.406038719373,197001
2024-04-23,6160.58203125,6268.878661084158,6146.7591301595985,6206.9239784648325,217146
2024-04-24,6248.5419921875,6275.541491219393,6151.880260369384,6195.387896886435,207837
2024-04-25,6348.7333984375,6366.7332249983965,6134.675842460994,6245.209995505038,520353
2024-04-26,6223.9296875,6344.657077725783,6216.421220458765,6344.657077725783,261065
2024-04-29,5935.287109375,6165.653736126464,5701.2407853569375,6165.653736126464,2785015
2024-04-30,5914.15478515625,5989.634222742324,5868.31006946745,5966.761636469192,1040838
2024-05-02,5925.54052734375,5966.761096146802,5906.546726315359,5914.154249597694,572406
2024-05-03,5976.30859375,5994.308421927078,5927.032795547145,5966.761677950019,563849
2024-05-06,6023.1474609375,6052.434023324707,5953.038014819508,6016.484383175206,419144
2024-05-07,5867.5634765625,6046.317687809838,5823.956302044215,6046.317687809838,455928
2024-05-08,5814.1123046875,5877.260535483302,5780.449725486597,5859.36024958843,511587
2024-05-09,5774.23388671875,5859.35978106055,5757.924835767241,5827.437509985339,598157
2024-05-10,5810.08447265625,5848.420721002616,5721.378424265992,5787.709117066629,372227
2024-05-13,5797.85205078125,5810.034188258284,5758.123657048847,5787.7583768441045,348407
2024-05-14,5830.3212890625,5861.994944757767,5708.201766067734,5822.564693436686,558136
2024-05-15,5816.3994140625,5850.857853136918,5787.759150640381,5837.432638612236,509306
2024-05-16,5898.83984375,5911.568740254666,5817.592250061367,5857.370658608796,378026
2024-05-17,5920.07177734375,5939.91145483629,5877.359998208176,5892.1773597698,267904
2024-05-21,5915.29833984375,6008.429447625117,5887.602524027249,5966.761659153953,606639
2024-05-22,5835.6416015625,5925.590722055189,5812.570415967607,5925.590722055189,735701
2024-05-23,5936.97705078125,5958.258887981104,5828.133670890339,5845.88488295831,308200
2024-05-24,5881.5859375,5938.767400521655,5834.498148661694,5905.402968578033,608807
2024-05-27,5906.3974609375,5926.485751851865,5885.2156522291025,5917.038379649063,189637
2024-05-28,5871.79052734375,5938.36983509881,5847.724395140209,5911.220779014871,314362
2024-05-29,5870.74658203125,5912.066211363753,5848.321211952713,5877.160559325219,337183
2024-05-30,5734.50537109375,5869.055645596963,5718.1463061265795,5867.315340199446,643549
2024-05-31,5806.85302734375,5926.337340404286,5711.185748145155,5823.510238084031,1382132
2024-06-03,5818.78564453125,5984.810481522877,5780.3493698154325,5953.136827429214,804820
2024-06-04,5813.31689453125,5930.712741231744,5661.661695530983,5718.495005778768,642000
2024-06-05,5901.7734375,5911.8175831606,5744.797789604321,5882.232390663183,487289
2024-06-06,5928.9716796875,5941.899662216171,5867.3151476276835,5936.927361243605,490549
2024-06-07,5981.23046875,5997.58953345395,5932.402860843487,5954.579129321653,436163
2024-06-10,6023.1474609375,6041.345888890806,5958.855218695931,6006.539780888966,443756
2024-06-11,6074.11328125,6133.084575990469,6025.633347230861,6048.058230172286,521348
2024-06-12,6134.427734375,6154.565554894163,6041.34615574894,6083.411631047337,321285
2024-06-13,6171.8193359375,6176.144849520622,6125.875078617354,6173.559641357561,401804
2024-06-14,6173.21142578125,6185.493106746791,6140.791925142165,6175.598033219894,216573
2024-06-18,6201.80224609375,6215.177445043382,6132.040957021441,6190.515025197609,267887
2024-06-19,6139.35009765625,6234.271526081135,6094.102154692988,6230.293684941507,401714
2024-06-20,6141.63720703125,6159.388418958555,6081.870051081025,6131.543532978869,252844
2024-06-21,6135.81982421875,6204.537125524207,6110.958317637636,6118.118625763517,434583
2024-06-24,6224.87353515625,6260.127345654195,6122.046441240431,6135.819812976391,357273
2024-06-25,6260.47509765625,6280.016143410039,6207.66916408572,6223.331912186861,348730
2024-06-26,6102.8037109375,6250.829222158528,6091.06927375084,6245.011532349152,538411
2024-06-27,6158.1953125,6166.051451633224,6021.457023364957,6081.8704856555305,440975
2024-06-28,6151.4326171875,6188.028558101733,6111.106964968935,6188.028558101733,334692
2024-07-01,6106.48291015625,6145.764088391113,6074.610654705055,6145.764088391113,374933
2024-07-02,6063.82080078125,6129.604247937101,6043.334822910365,6100.764901242284,436037
2024-07-03,6158.39404296875,6183.305077428613,6045.373249690907,6098.278728006371,188203
2024-07-04,6190.56494140625,6209.410158459136,6126.869952957517,6166.59883646262,222050
2024-07-05,6293.49072265625,6307.711794451155,6124.88019484803,6166.647522041344,350300
2024-07-08,6282.45263671875,6352.562079167115,6257.93880490523,6344.65592653286,317731
2024-07-09,6285.287109375,6315.220460898839,6221.2439644998185,6274.348046302099,176239
2024-07-10,6340.38037109375,6381.451384935202,6266.243068567219,6285.286885122135,295890
2024-07-11,6353.65576171875,6376.130659407556,6304.877683023031,6360.467911220236,354777
2024-07-12,6318.70068359375,6384.385072354621,6284.988579310489,6349.827579770596,211028
2024-07-15,6401.58935546875,6430.876404570304,6305.375324610604,6305.375324610604,359221
2024-07-16,6417.9482421875,6428.190988424307,6367.528913812011,6401.589177016455,298376
2024-07-18,6484.7255859375,6503.471256937181,6394.378783920359,6396.3677042264,583444
2024-07-19,6346.595703125,6489.101660842492,6329.739407879002,6489.101660842492,228785
2024-07-22,6366.68310546875,6398.356759123961,6334.8603799027005,6346.595301300935,222285
2024-07-23,6368.125,6438.532583132901,6289.761250232851,6368.522686937653,284679
2024-07-24,6387.0205078125,6408.2523312953335,6314.872125227025,6364.545609015406,309594
2024-07-25,6350.42431640625,6398.5065684730125,6336.700958654755,6369.319061888742,412373
2024-07-26,6627.62939453125,6642.9444697553445,6358.130685908097,6397.362334216768,432671
2024-07-29,6644.6357421875,6739.457631416618,6579.74720589564,6739.457631416618,367708
2024-07-30,6604.21044921875,6675.960658369286,6547.625758717602,6644.635160831205,264929
2024-07-31,6578.65283203125,6649.707212576285,6547.675491725978,6627.331856494038,352268
2024-08-01,6669.248046875,6697.6897068135495,6570.001109295568,6578.652622025413,361725
2024-08-02,6672.97705078125,6758.202484622607,6643.98863290635,6669.247825010647,587569
2024-08-05,6650.552734375,6719.070951259856,6563.487444615418,6651.944881666126,907845
2024-08-06,6620.81787109375,6697.689450361828,6594.315118289432,6652.093353053687,334936
2024-08-07,6683.12109375,6730.507027941093,6625.094240564947,6664.077276919475,358284
2024-08-08,6505.6591796875,6706.98784433008,6463.99139381799,6702.661845282039,509454
2024-08-09,6551.35498046875,6561.448654776042,6493.825358546158,6545.785906016914,115598
2024-08-12,6466.3779296875,6555.382117894754,6385.3794374636445,6513.714332486165,230114
2024-08-13,6552.89599609375,6605.204700138739,6474.2340965423355,6474.2340965423355,400126
2024-08-14,6479.75341796875,6826.969090396383,6424.461335212415,6563.437144445174,1723346
2024-08-16,6660.07763671875,6687.865627922434,6529.702795614472,6529.902187910338,611092
2024-08-19,6697.92529296875,6729.7969360396455,6538.716378676631,6722.924710267019,398225
2024-08-20,6646.1337890625,6761.369891614773,6623.325742042407,6747.824346216136,146064
2024-08-21,6725.36474609375,6761.269947692598,6600.517453138968,6648.225219245503,291296
2024-08-22,6803.1513671875,6830.491455337014,6723.920649603409,6733.432148483273,344641
2024-08-23,6833.1806640625,6899.612826292235,6803.300999584239,6836.467232626043,468784
2024-08-26,6752.80419921875,6850.411103573239,6582.2907187153105,6802.603640215938,385016
2024-08-27,6754.24853515625,6823.2703654162,6706.98867141739,6752.804156847328,297297
2024-08-28,6749.2685546875,6821.029353798087,6719.4881002605225,6758.680357132553,250361
2024-08-29,6829.6943359375,6879.643075106448,6733.182635804537,6772.623888059406,659960
2024-08-30,6899.71240234375,6961.961702256632,6823.519259250384,6837.463102430869,499581
2024-09-02,6852.45263671875,6970.925700525934,6837.5128045273095,6960.965812398308,248292
2024-09-03,6817.39404296875,6898.019044630054,6807.03585670109,6863.309223967324,361990
2024-09-04,6903.0986328125,6910.170250512118,6762.813513958948,6810.571371144691,389768
2024-09-05,6906.48486328125,7015.745027935887,6872.522034643088,6903.098598664039,387284
2024-09-06,6879.09521484375,6934.522380344161,6830.391460032308,6906.484906706516,185503
2024-09-09,6833.1806640625,6900.210516846332,6793.0921142208335,6879.095359419296,304409
2024-09-10,6893.7861328125,6947.868616828162,6833.180602962473,6872.322768549933,354522
2024-09-11,6872.5712890625,6926.056078819644,6845.878985414401,6872.322291878011,223028
2024-09-12,7033.47314453125,7067.98454369987,6887.2621908864585,6915.149875824249,831152
2024-09-13,6990.9951171875,7071.471308958705,6979.939543564655,7067.736350729547,238034
2024-09-16,7003.14599609375,7034.619339662762,6982.379532201105,6996.821369904109,226343
2024-09-17,6979.939453125,7123.760631863761,6971.822241276675,7003.195889995092,266003
2024-09-18,7007.677734375,7039.649073185838,6932.829270823191,7001.7018013756915,251334
2024-09-19,7002.05029296875,7096.0715388508,6983.325897972859,7039.648870339338,407897
2024-09-20,7054.240234375,7091.440514676497,6989.74995722257,7011.661711621851,493357
2024-09-23,7124.1083984375,7153.191465535991,7061.958795416672,7061.958795416672,254282
2024-09-24,7093.43212890625,7171.119254159646,7047.816037068572,7047.816037068572,333949
2024-09-25,7104.83642578125,7116.290296861779,7045.773998763713,7064.2994875150125,236185
2024-09-26,7139.09814453125,7165.093548482394,7065.942575437753,7079.488119864654,405696
2024-09-27,7204.98291015625,7250.698698373635,7081.480300139749,7130.582352980152,772592
2024-09-30,7170.2724609375,7287.600229913281,7131.777592216529,7131.777592216529,442794
2024-10-01,7124.65673828125,7214.893422833713,7106.380246130033,7172.613502803844,310719
2024-10-03,6878.24853515625,7171.118825435437,6828.449098868504,7064.896725098199,655420
2024-10-04,6746.4296875,6930.388523100485,6700.365206493092,6874.414245540814,429272
2024-10-07,6745.9814453125,6829.993197880158,6716.101781304275,6773.719830664667,260810
2024-10-08,6896.52490234375,6912.162120690509,6721.629661950389,6791.647478528614,345891
2024-10-09,6980.78564453125,7041.640656093846,6908.576458171023,6931.085901804395,391824
2024-10-10,6927.15185546875,7026.750737575965,6856.436649172628,7026.651527751991,237853
2024-10-11,6955.38818359375,6990.795877710645,6902.302174358209,6953.99389651925,75315
2024-10-14,7064.150390625,7072.914897697825,6933.825156473258,6948.864684895581,168515
2024-10-15,7111.50927734375,7121.668557553225,7011.761097069711,7086.460256484516,322659
2024-10-16,7042.935546875,7106.579621517922,7027.697112461229,7056.680484381746,223419
2024-10-17,6961.2646484375,7074.110476509149,6932.7296652575005,7060.564930935862,183572
2024-10-18,6954.8896484375,7013.403986686651,6922.1217162825005,6955.287946667437,236651
2024-10-21,6958.3759765625,7003.793162594709,6929.591997831725,6944.282832466007,222611
2024-10-22,6864.3046875,7009.02165470728,6843.9861284527715,6991.791244294563,112233
2024-10-23,6879.04541015625,6931.036218274933,6827.25399431984,6857.382654493906,109466
2024-10-24,6926.25537109375,6950.0098010833935,6843.090306836017,6909.4232577480325,147408
2024-10-25,6916.99267578125,6952.997572391807,6848.4683569169665,6926.255176771926,175261
2024-10-28,6898.5166015625,6942.041503942668,6766.996483237084,6895.230033256111,238427
2024-10-29,6959.421875,6969.630759818471,6828.299565322208,6929.990115266337,196146
2024-10-30,6954.49169921875,7006.781110491072,6911.962783521535,6952.599417789615,191699
2024-10-31,6994.5302734375,7021.720571333614,6928.147235290126,6971.8214385196125,224153
2024-11-01,7003.74365234375,7017.737100485966,6972.668607185229,6994.530755923158,18769
2024-11-04,6930.48779296875,7061.560005425659,6864.503540449787,7061.560005425659,273442
2024-11-05,6938.3564453125,6958.5252181125215,6786.916545804852,6892.2423593160765,246059
2024-11-06,6940.1494140625,7113.102765924989,6863.358582978836,6991.841133726807,459745
2024-11-07,7395.0673828125,7453.88032568172,7171.417810700819,7287.151901346388,2502817
2024-11-08,7391.63134765625,7514.735663342134,7350.3975076825645,7360.407000816398,1032481
2024-11-11,7126.748046875,7424.249601016434,6954.5912905215255,7370.316906324547,625620
2024-11-12,6991.392578125,7203.837268549131,6972.91718149326,7132.524377370177,194183
2024-11-13,6831.337890625,6970.129027423095,6803.051905917854,6942.041948682719,299775
2024-11-14,6833.13037109375,6880.290537400829,6799.665050601561,6832.483075647031,192648
2024-11-18,6714.85693359375,6846.875543582557,6667.696765664991,6846.875543582557,268706
2024-11-19,6660.07763671875,6769.636408457248,6634.481015478905,6722.924629407823,290018
2024-11-21,6715.45458984375,6734.826766838141,6567.699551770419,6596.981525687408,258574
2024-11-22,6907.2822265625,6922.420964972547,6724.518276406601,6724.518276406601,498633
2024-11-25,7046.62109375,7118.332290746466,6903.099003607814,6952.002153268551,639047
2024-11-26,7048.1640625,7083.521663467213,7014.250839763319,7066.5402496444085,179222
2024-11-27,6954.69140625,7086.858832358551,6942.042153564508,7048.1645690013365,227250
2024-11-28,6813.6591796875,7001.801369579959,6788.659763166003,6954.69129315865,412343
2024-11-29,6801.5078125,6864.803192472588,6784.675699060755,6839.504687918847,410883
2024-12-02,7037.4580078125,7051.601244385401,6793.7398215692365,6830.491713841113,579743
2024-12-03,7097.9638671875,7106.778465430232,7048.1644266326975,7075.902812286255,351470
2024-12-04,7203.33984375,7239.94243290613,7096.469951508705,7187.702624737906,604278
2024-12-05,7245.5693359375,7305.528054680233,7111.758146843946,7228.139532387013,510951
2024-12-06,7204.28564453125,7280.727785483219,7178.838325036564,7233.86670663391,189048
2024-12-09,7164.994140625,7198.957456038171,7134.0187916178675,7134.0187916178675,203674
2024-12-10,7229.18505859375,7279.134284217463,7186.258331879629,7199.803390025749,333300
2024-12-11,7311.3544921875,7334.461627204227,7187.104887625614,7226.596233163735,391192
2024-12-12,7198.11083984375,7289.293421045356,7160.661563251275,7270.718326967703,396742
2024-12-13,7230.33056640625,7248.158667373907,7175.302189181224,7192.034605283496,314999
2024-12-16,7230.08203125,7240.938211815018,7137.305286244866,7222.562024079061,219812
2024-12-17,7189.7939453125,7277.689954410173,7172.115144615801,7198.010852678572,237831
2024-12-18,7208.369140625,7238.348500340199,7148.858810677242,7204.235884428723,253532
2024-12-19,7268.27783203125,7283.915050632362,7108.770323872915,7119.327902358066,292899
2024-12-20,7222.6123046875,7360.257667516113,7181.128981367319,7295.418698211739,349055
2024-12-23,7235.95849609375,7300.498377302682,7156.179694097524,7222.014652570108,179062
2024-12-24,7210.958984375,7250.549539572363,7181.477618334569,7230.87876057493,146814
2024-12-26,7232.0244140625,7268.7763057346965,7195.77051682034,7243.03038275993,116439
2024-12-27,7217.23388671875,7265.738738763628,7126.30029826645,7232.024418564594,189089
2024-12-30,7284.9111328125,7348.803717527655,7191.088792648417,7210.958963880439,428884
2024-12-31,7267.0830078125,7336.403925840035,7223.707403601825,7276.295904250112,212227
2025-01-01,7340.0888671875,7415.136721600807,7271.11664180525,7290.63811982779,341399
2025-01-02,7391.8798828125,7415.086712712271,7303.635181418861,7375.296767224322,265991
2025-01-03,7269.0751953125,7407.716549048129,7250.798702965628,7398.155445311148,180636
2025-01-06,7399.3505859375,7443.024794972349,7261.505824159595,7269.075436805076,527272
2025-01-07,7406.919921875,7515.084405936943,7315.737339136088,7436.30159232181,398234
2025-01-08,7113.9990234375,7430.07615386966,7102.3958516413595,7418.871280313221,450295
2025-01-09,7063.10400390625,7134.964983091644,6963.057223235731,7111.359854591464,305521
2025-01-10,7008.5244140625,7110.364272141569,6988.704333568859,7061.560819370182,185381
2025-01-13,6812.1650390625,6971.921544035586,6728.949883696884,6971.921544035586,431086
2025-01-14,6679.94775390625,6871.326909528497,6656.293019292349,6827.1051029253595,362659
2025-01-15,6665.00732421875,6732.8342544451,6581.493571391098,6722.525673756861,547360
2025-01-16,6762.4150390625,6780.492137930959,6673.174348215843,6732.884069365978,579821
2025-01-17,6800.7109375,6817.5430502499685,6735.174585413292,6792.593726384755,166710
2025-01-20,6753.65087890625,6882.282737583675,6712.964638395654,6873.318838214897,120356
2025-01-21,6891.39599609375,6986.812017528091,6810.571600035257,6810.571600035257,799900
2025-01-22,6865.25146484375,6914.105009857544,6802.504167129751,6880.290993782594,247081
2025-01-23,6893.08935546875,6935.169883317082,6795.831143990335,6864.603977814577,271085
2025-01-24,6717.99365234375,6887.511130323293,6701.4606283273615,6887.511130323293,317194
2025-01-27,6668.59375,6702.805577989317,6647.578287969774,6673.1253047450455,191705
2025-01-28,6682.0390625,6720.434235108913,6608.435103234469,6672.128779695385,202194
2025-01-29,6757.0869140625,6771.4791473751075,6670.386279795248,6713.960791683118,146288
2025-01-30,6797.27490234375,6867.342812056165,6743.192904748861,6759.029029487476,204648
2025-01-31,6783.181640625,6852.4028613905,6761.917182736824,6794.884508883915,187712
2025-02-01,6813.6591796875,6912.162376228295,6782.932827479646,6782.982432391332,117096
2025-02-03,6771.37890625,6859.125613534109,6697.974826211083,6754.397492370044,250589
2025-02-04,6764.95556640625,6789.257596740108,6679.399736335737,6757.784252257982,223642
2025-02-05,6916.79345703125,6979.889444177147,6769.188210065273,6798.768785351028,389639
2025-02-06,6846.67578125,6897.222211173037,6758.331383091911,6809.973497923129,334197
2025-02-07,6763.3115234375,6902.053054499303,6722.924372293009,6893.686845878313,259335
2025-02-10,6734.12939453125,6806.93627437892,6659.181235989786,6789.855163417724,213808
2025-02-11,6292.009765625,6787.6634807121045,6257.299459658664,6772.623952991413,1728723
2025-02-12,6348.98046875,6468.001135191058,6190.070643775548,6324.130838972857,1133586
2025-02-13,6346.64013671875,6399.228151748018,6319.001447036103,6346.689741630554,636246
2025-02-14,6254.18115234375,6363.296343685195,6214.385088677594,6360.653337657951,320088
2025-02-17,6283.80419921875,6300.560283147624,6133.994893360438,6133.994893360438,482329
2025-02-18,6360.25439453125,6373.370074355719,6303.552248815046,6303.552248815046,220118
2025-02-19,6405.93505859375,6418.253015318179,6267.895339784502,6331.7287808070905,195067
2025-02-20,6374.31787109375,6452.613576362721,6361.301541259929,6367.635112909902,165304
2025-02-21,6301.1083984375,6378.955565730267,6276.5728094792485,6345.741936683745,220428
2025-02-24,6235.130859375,6258.669538627559,6219.771034722145,6258.669538627559,458224
2025-02-25,6235.0810546875,6263.606721027249,6196.880437645116,6234.731868155043,421160
2025-02-27,6169.103515625,6265.900752962946,6129.456963047456,6244.706055044134,397857
2025-02-28,6036.84814453125,6129.057250262549,5985.731523175903,6129.057250262549,845516
2025-03-03,6154.541015625,6178.877416846154,5985.382304841609,6009.918380363871,373515
2025-03-04,6172.04541015625,6204.311317561263,6096.392710320739,6117.039033936698,445246
2025-03-05,6198.2265625,6218.822722263035,6114.694526781861,6183.864136745781,345922
2025-03-06,6257.77197265625,6275.625291133245,6200.87015106991,6238.721582332875,284475
2025-03-07,6199.9228515625,6298.316019985903,6181.171485889195,6275.874575676994,299433
2025-03-10,6133.595703125,6195.83320911127,6117.936367724691,6190.247685764061,266043
2025-03-11,6118.833984375,6139.679981720381,6024.280896238241,6114.046671182188,526709
2025-03-12,6127.7607421875,6141.923981148612,6047.968944120358,6118.135953947748,250139
2025-03-13,6089.759765625,6183.864314326566,6066.271250009453,6139.081265323298,247628
2025-03-17,6140.62744140625,6188.053986440044,5986.380009896248,5986.380009896248,287639
2025-03-18,6140.62744140625,6140.62744140625,6140.62744140625,6140.62744140625,0
2025-03-19,6410.82177734375,6418.152745994655,6210.893750934534,6258.91834069301,579880
2025-03-20,6457.50048828125,6467.773487546892,6347.188229313708,6448.174724417698,457285
2025-03-21,6594.34326171875,6616.834867602567,6453.211515139204,6477.099380124182,496635
2025-03-24,6598.58251953125,6682.513913010905,6583.272856740102,6632.095174628822,389998
2025-03-25,6627.4072265625,6649.798507770052,6544.97193527686,6579.3324732484025,223668
2025-03-26,6502.83203125,6662.615305690673,6474.156853100508,6636.483296364154,281646
2025-03-27,6475.154296875,6542.877977275219,6413.515325686059,6483.133476938838,728926
2025-03-28,6598.98193359375,6632.444426939291,6416.208830659561,6475.15463686784,413873
2025-04-01,6615.0390625,6644.562125090072,6528.614668904192,6581.825921467723,319668
2025-04-02,6714.62939453125,6728.842308720632,6615.0391580547775,6615.0391580547775,292940
2025-04-03,6653.98779296875,6757.318269568567,6642.716909209037,6657.677871448089,312519
2025-04-04,6697.0751953125,6717.472169011471,6564.870351363548,6654.636126450561,279891
2025-04-07,6665.90673828125,6708.196783293852,6473.957875239059,6547.914804917633,744140
2025-04-08,6738.01904296875,6772.329421575807,6698.771351643374,6707.498580279425,578124
2025-04-09,6816.314453125,6833.619397408445,6647.654435974469,6647.654435974469,680834
2025-04-11,6763.302734375,6853.0685088699265,6747.892748282507,6804.944079765703,651996
2025-04-15,6887.02978515625,6946.873635570352,6817.211959673131,6946.873635570352,778401
2025-04-16,6987.26806640625,7016.192593410144,6847.133720059796,6852.120707474261,621996
2025-04-17,7055.09130859375,7073.543162585265,6981.782591384216,7019.683696880302,533349
2025-04-21,7123.912109375,7170.29109615637,7039.632015116381,7131.39259111393,244570
2025-04-22,7070.05224609375,7153.833636891786,7051.600392167992,7122.914314097273,305540
2025-04-23,7123.4130859375,7150.342818970307,7053.09656079628,7070.052318631751,287593
2025-04-24,7140.8671875,7165.802124253614,7075.0389544704585,7122.9140330373975,277769
2025-04-25,6934.90478515625,7224.150058807237,6880.047922912097,7150.841342899142,550158
2025-04-28,7026.66552734375,7037.636900062101,6936.401051797318,6936.401051797318,379519
2025-04-29,6974.3017578125,7071.548010424115,6957.844699678227,7030.654714454103,174253
2025-04-30,6958.84228515625,7017.19003829967,6901.9906282472775,6973.803247500717,499567
2025-05-02,6909.9697265625,7079.527297797435,6899.995751783975,6903.985341695385,207912
2025-05-05,6955.85009765625,7012.701754605835,6931.912557888004,6941.88653279144,259097
2025-05-06,6990.75927734375,7055.590116697059,6931.912823161515,6981.284000822881,292595
2025-05-07,6964.82666015625,7037.636676795431,6931.912543045387,6951.8604928095465,338311
2025-05-08,6833.6689453125,6960.837126079828,6788.287359234748,6931.9125986896115,383274
2025-05-09,6704.50634765625,6826.188849056735,6660.122156571647,6717.9712146145,428193
2025-05-12,6907.97509765625,6922.437361432747,6740.911016100168,6782.303012426003,237009
2025-05-13,6899.49755859375,6994.749024708055,6882.043101452385,6890.022281859866,323598
2025-05-14,6898.49951171875,6974.800417183434,6844.640049037797,6911.964377388988,324593
2025-05-15,7054.09375,7078.031289766702,6852.120758218452,6923.933377518558,656146
2025-05-16,6996.7431640625,7086.508935233651,6974.800419998441,7061.57399879722,270772
2025-05-19,6956.3486328125,7042.623513698339,6947.372055610505,6966.821306214827,307173
2025-05-20,6894.01171875,6988.764483981662,6873.066370646159,6967.320437113444,365507
2025-05-21,6965.82421875,7024.67067191527,6910.4686568741945,6910.4686568741945,449740
2025-05-22,6936.40087890625,6982.779862423274,6897.003677854154,6965.824105008448,229993
2025-05-23,7046.11474609375,7069.553587700829,6911.964780300048,6969.31513742375,321466
2025-05-26,7078.03125,7101.470090889875,7061.574191502853,7076.535153772987,228090
2025-05-27,7055.09130859375,7105.95858175955,7011.205818019335,7099.97419668122,218088
2025-05-28,6938.39599609375,7082.519940812437,6914.458455102411,7081.522543271131,278102
2025-05-29,6904.98291015625,6962.831965304172,6868.577901313161,6947.372304014641,308885
2025-05-30,6862.59375,6974.800972858077,6835.664016514062,6931.912878787879,911209
2025-06-02,6897.50244140625,7071.548305917188,6865.585721266709,6925.928270280529,1217905
2025-06-03,6794.7705078125,6932.411363603785,6781.804340237958,6931.912664850917,489548
2025-06-04,6837.15966796875,6850.125835099836,6754.375677824124,6794.770275424815,629518
2025-06-05,6858.10498046875,6901.491770266654,6824.193466603721,6850.6244994691115,488647
2025-06-06,6924.43212890625,6936.899597629524,6790.282165443824,6849.128617817677,269399
2025-06-09,6913.95947265625,6958.3436614233015,6868.079187638623,6958.3436614233015,239444
2025-06-10,6900.49462890625,6974.30204417532,6893.014147628979,6933.40874652624,559472
2025-06-11,6909.4716796875,6928.920932340536,6845.139536296689,6899.996402753969,526939
2025-06-12,6978.29150390625,7036.639256779617,6911.964571152764,6913.959366122794,552007
2025-06-13,6976.296875,7019.184967876546,6904.982953123883,6960.837213614268,367775
2025-06-16,7095.48583984375,7119.4233799275635,6963.829369382775,6992.255198232304,589027
2025-06-17,6988.265625,7115.932505753586,6981.283842458788,7101.470241918219,264117
2025-06-18,6915.45556640625,7011.704425158424,6898.998507655878,6988.265583907894,394355
2025-06-19,6991.2578125,7016.691448881875,6894.011555745774,6918.946493375062,462080
2025-06-20,7045.1171875,7058.582053647271,6956.348810677249,6986.769434195158,378436
2025-06-23,6989.26318359375,7031.153879806513,6977.294413247247,6981.782702127185,137379
2025-06-24,6987.76708984375,7057.584916890433,6975.299620728271,7016.192919427042,238243
2025-06-25,7023.67333984375,7042.623892734553,6976.7956563770285,6976.7956563770285,378904
2025-06-26,7083.0185546875,7103.9639028038755,7002.229354810053,7036.140870807994,426516
2025-06-27,7289.4794921875,7304.939153147875,7098.976573256417,7111.44404177285,523582
2025-06-30,7223.15283203125,7317.406897569354,7184.753027552763,7317.406897569354,353888
2025-07-01,7476.49169921875,7564.761378431778,7385.229827490026,7455.5463516088785,1872535
2025-07-02,7421.634765625,7512.397937735183,7397.198526979951,7450.559293000772,910865
2025-07-03,7545.3125,7580.720113185724,7420.637805684071,7454.549322538004,894597
2025-07-04,7533.84228515625,7573.239487812459,7505.416455391644,7573.239487812459,349076
2025-07-07,7596.17919921875,7605.654475268196,7515.888702168184,7542.818434098188,449086
2025-07-08,7545.3125,7615.13032881692,7534.341126900198,7585.208402181097,481581
2025-07-09,7449.56201171875,7548.803064090689,7429.115362737596,7525.3642225757085,266815
2025-07-10,7339.84814453125,7435.598303775033,7328.8767721179,7435.598303775033,384661
2025-07-11,7170.78955078125,7364.78337060557,7140.368926078721,7335.8588421998875,578061
2025-07-14,7201.2099609375,7237.614969742793,7154.3322783663,7181.262010907202,670246
2025-07-15,7341.34423828125,7354.809104420343,7208.690371873885,7241.6044891027805,517978
2025-07-16,7333.365234375,7390.715591529242,7290.975839956648,7355.307979720971,527782
2025-07-17,7331.3701171875,7389.219170557594,7312.419565221435,7341.84279064243,378666
2025-07-18,7284.49267578125,7365.281873664221,7236.11889680194,7365.281873664221,192649
2025-07-21,7235.6201171875,7303.443146751047,7227.142238492056,7284.492594372997,217270
2025-07-22,7227.64111328125,7272.524001585625,7197.7191877449995,7251.079954951313,300768
2025-07-23,7354.310546875,7370.767605805418,7225.147569208992,7232.129351785532,508883
2025-07-24,7344.33642578125,7466.01891969655,7330.372860905723,7353.811701946785,454916
2025-07-25,7449.06298828125,7464.023950298284,7324.388304805967,7345.832350363716,434232
2025-07-28,7337.3544921875,7482.475824154234,7303.941676923681,7460.533079801876,240740
2025-07-29,7436.595703125,7449.561870525835,7291.474367984886,7337.354652633994,336770
2025-07-30,7430.61181640625,7455.048056607854,7380.741938443792,7440.585791998742,266922
2025-07-31,7478.486328125,7505.416060168128,7335.858488044729,7358.798630155542,342605
2025-08-01,7332.36767578125,7518.382308377754,7312.419725904949,7518.382308377754,215243
2025-08-04,7288.98095703125,7368.772757327159,7276.014789483164,7367.775359823459,260996
2025-08-05,7255.0693359375,7322.892365198395,7216.669532605964,7292.970440524471,282791
2025-08-06,7170.78955078125,7260.056629826374,7145.854612500489,7251.0800520453,296623
2025-08-07,7151.34033203125,7178.768764267074,7035.14351910494,7145.355946816161,407857
2025-08-08,7066.0625,7179.765813571882,7047.610646481756,7151.339985178912,327102
2025-08-11,7240.10888671875,7300.950137867648,7002.229568702161,7082.520072267509,498598
2025-08-12,7217.66748046875,7266.041262380273,7186.24945716539,7240.108925685436,342006
2025-08-13,7788.17822265625,7819.596243276558,7369.769979792154,7383.733544512291,2291645
2025-08-14,7801.14453125,7839.045636177124,7728.8332126390405,7809.622409983699,673142
2025-08-18,7802.1416015625,7896.894359906819,7785.684543534276,7829.57003160954,633876
2025-08-19,7813.12744140625,7854.07308275573,7789.658598193743,7820.118160661039,384598
2025-08-20,7872.54833984375,7907.501935162097,7802.141812131079,7819.618609790253,452843
2025-08-21,7915.99072265625,7936.463542919223,7842.5881719573,7882.535138324076,482016
2025-08-22,7911.99609375,7969.419858393815,7841.589564925845,7884.532554137741,843648
2025-08-25,7840.5908203125,7939.459562028324,7828.107393328179,7915.491382218428,402979
2025-08-26,7783.1669921875,7823.613295284131,7710.263779198511,7817.121913305659,671659
2025-08-28,7717.75390625,7817.621322221144,7704.271805093896,7744.718108562209,418353
2025-08-29,7599.91015625,7733.732490144546,7575.941977045007,7659.830604262484,481590
2025-09-01,7661.32861328125,7674.311377013591,7585.429379153716,7585.429379153716,255894
2025-09-02,7671.81494140625,7688.792402224254,7621.381896035121,7621.381896035121,195907
2025-09-03,7725.7431640625,7765.190792679417,7645.849232686466,7674.810782810278,321268
2025-09-04,7889.52587890625,7908.001350901157,7740.723428785107,7779.671721098694,386286
2025-09-05,7794.15234375,7904.505836476552,7785.164276469104,7889.525724341726,228324
2025-09-08,7776.17626953125,7839.09274098575,7730.237258627964,7824.11262873468,314960
2025-09-09,7815.12451171875,7837.594679952559,7744.717984586148,7744.717984586148,303494
2025-09-10,7918.4873046875,7928.474046148828,7794.651710567025,7794.651710567025,337313
2025-09-11,7869.05322265625,7930.971021984214,7849.579076093423,7865.058525925414,161041
2025-09-12,7864.0595703125,7904.50587326477,7831.103323462501,7864.558907385985,117761
2025-09-15,7806.13671875,7945.4517666954525,7785.663898084181,7889.526012681507,214626
2025-09-16,7842.0888671875,7851.576271738698,7795.151181513153,7795.151181513153,194911
2025-09-17,7877.54150390625,7900.511008798471,7849.578628385284,7858.566695517024,249447
2025-09-18,7840.09130859375,7875.544240439502,7810.630421566998,7864.558824938002,264065
2025-09-19,7796.14990234375,7866.05709419209,7788.160508989655,7840.091565791278,207129
2025-09-22,7728.7392578125,7786.163021518951,7601.408303506893,7601.408303506893,302818
2025-09-23,7673.81201171875,7738.72583014167,7654.337866191874,7714.7576510316685,443181
2025-09-24,7633.36572265625,7719.751035014432,7624.377655474474,7687.793462812561,201984
2025-09-25,7613.8916015625,7693.785532323911,7604.903534351841,7638.858454925441,374239
2025-09-26,7500.04296875,7620.3832054656295,7481.0681596413115,7539.989935294608,207170
2025-09-29,7434.13037109375,7584.930167713195,7416.154236397392,7539.989830972301,388214
2025-09-30,7399.1767578125,7468.085273980547,7390.188690486233,7434.1303529702045,369272
2025-10-01,7431.13427734375,7472.079917092587,7349.242997846077,7399.67604192696,220764
2025-10-03,7439.623046875,7474.077304894624,7394.183373254917,7431.134316638281,478143
2025-10-06,7651.84130859375,7719.751150538983,7539.989804213366,7539.989804213366,423558
2025-10-07,7689.791015625,7696.282397651177,7623.379184126421,7664.324824599229,210121
2025-10-08,7651.84130859375,7751.7087232190925,7633.3658368880615,7687.294240785746,188810
2025-10-09,7684.7978515625,7739.724931723116,7609.8972877071155,7679.804480638808,295802
2025-10-10,7670.81640625,7728.739508914041,7649.844248388882,7684.298507732147,273853
2025-10-13,7660.82958984375,7733.732804556121,7632.866712967772,7698.779208461148,191488
2025-10-14,7748.712890625,7838.094228904539,7664.8242602844275,7838.094228904539,413862
2025-10-15,7815.6240234375,7839.592203422486,7730.237382240988,7789.658495120432,212807
2025-10-16,7823.11376953125,7859.565375146606,7797.148242243599,7803.639624065512,178563
2025-10-17,7891.02392578125,8019.353556163189,7830.104801631069,7839.592206211834,610960
2025-10-20,7999.3798828125,8054.306960659527,7910.997221185919,7939.459434252107,498555
2025-10-21,8001.37744140625,8047.815790261142,7981.903295112264,8027.342969798233,31082
2025-10-23,7957.93505859375,8088.761373794325,7909.499361744682,7939.459586599775,456860
2025-10-24,7827.10888671875,7971.4173057466105,7814.126122377143,7964.426586485745,287555
2025-10-27,7835.09814453125,7892.52190889433,7823.613391658633,7827.10875122856,266541
2025-10-28,7870.0517578125,7890.524578196379,7818.120701229002,7853.57363408889,348079
2025-10-29,7848.0810546875,7894.519404123521,7835.597627419753,7880.038628492934,199897
2025-10-30,7779.671875,7827.108898628049,7754.705020458922,7756.702368822208,209452
2025-10-31,7670.81640625,7822.614882197142,7640.856180734117,7822.614882197142,347031
2025-11-03,7814.1259765625,7834.598796873003,7651.342088239963,7664.824189420051,332284
2025-11-04,7800.14453125,7873.047744972713,7770.184306432447,7814.125969498192,384562
2025-11-06,7771.68212890625,7840.091307244734,7689.790849727336,7722.247759158003,425649
2025-11-07,7631.86767578125,7880.537533314557,7615.389552691694,7778.672772397299,486385
2025-11-10,7519.51708984375,7642.354011558443,7505.03631451966,7621.38185419252,377719
2025-11-11,7491.0546875,7558.964528687842,7431.134239393081,7491.554024567558,306736
2025-11-12,7488.05859375,7529.004232899606,7448.111628725993,7510.029424513204,420561
2025-11-13,7430.63525390625,7499.044435398431,7415.155804079552,7470.082884109771,448567
2025-11-14,7410.66162109375,7457.099969639112,7365.221946710654,7430.135767257934,218565
2025-11-17,7477.57275390625,7494.550214582899,7415.15561906563,7465.089326938126,248470
2025-11-18,7375.7080078125,7464.090670962105,7363.224580813969,7440.122491124924,285148
2025-11-19,7449.1103515625,7472.079856601505,7322.278736781907,7409.163386277273,454714
2025-11-20,7413.158203125,7481.068045212094,7405.168809938283,7471.081303728698,228411
2025-11-21,7381.20068359375,7425.142346437496,7371.713279116123,7415.654941959869,138622
2025-11-24,7344.7490234375,7411.160854297327,7322.278855101469,7389.1900230354295,751685
2025-11-25,7320.78076171875,7399.676018546495,7304.801975525789,7399.176681477964,237415
2025-11-26,7383.1982421875,7392.186309843349,7298.810273640923,7331.766521712368,272489
2025-11-27,7312.79150390625,7386.194054338084,7300.30807696206,7380.202009404874,243681
2025-11-28,7325.7744140625,7349.243257185732,7290.321480833788,7320.2817060974885,299937
2025-12-01,7277.837890625,7371.713261015223,7272.345182783019,7365.221879020154,227568
2025-12-02,7232.3984375,7289.322865964167,7220.414347297017,7277.838112852975,329723
2025-12-03,7174.47509765625,7247.3783106474675,7141.019513612335,7190.453884065284,329160
2025-12-04,7191.45263671875,7217.917501997606,7148.5096477757,7174.475175973823,306183
2025-12-05,7179.9677734375,7209.927997820715,7137.524122227946,7191.452526117732,260117
2025-12-08,7086.591796875,7209.428717818577,7072.61035871882,7147.510920269782,287363
2025-12-09,7081.5986328125,7171.978646388798,7049.641058951267,7090.586700460971,560843
2025-12-10,7009.1943359375,7106.5650629808715,6996.2115723317165,7091.584951128046,266098
2025-12-11,7000.20654296875,7056.13229607614,6963.754936032683,7018.682014977441,350620
2025-12-12,7091.5849609375,7120.546510559692,6986.724177822665,7005.698986195826,306662
2025-12-15,7077.1044921875,7088.589245120564,7006.198626252933,7065.619739254436,205982
2025-12-16,7042.15087890625,7138.522935889084,7015.686013517182,7100.5733175953255,385236
2025-12-17,6912.3232421875,7099.574648372598,6902.336500524295,7099.574648372598,358023
2025-12-18,6909.3271484375,6940.286047274179,6871.876867586679,6912.323170905565,384579
2025-12-19,7003.20263671875,7014.687389705882,6892.849140625,6909.8266015624995,235742
2025-12-22,7044.6474609375,7094.5811684859655,7003.701820747759,7004.700494898728,358776
2025-12-23,7064.12158203125,7088.589098643926,7006.6978185525195,7060.126885441426,286197
2025-12-24,7162.4912109375,7199.941492645553,7035.16025313012,7060.626444691596,351381
2025-12-26,7146.51220703125,7192.451217864598,7122.044690391749,7172.477734893577,228172
2025-12-29,7075.10693359375,7170.480313812284,7060.626158586748,7158.496224151317,234376
2025-12-30,6980.732421875,7055.632984341471,6927.802691065362,7045.646242679274,433130
2025-12-31,7033.16259765625,7044.148013144247,6945.778610819911,6980.732205554446,226286
2026-01-01,7102.0712890625,7115.553390222923,7014.187962979747,7053.635592300983,81987
2026-01-02,7120.04736328125,7141.518857538989,7066.118959099023,7120.546700357012,353245
2026-01-05,7073.60888671875,7125.040604587734,7054.134741117872,7120.047233920843,349588
2026-01-06,7338.2578125,7350.2419025585195,7030.666167664671,7030.666167664671,581189
2026-01-07,7437.6259765625,7478.072280966768,7305.301647338662,7339.256569554591,567878
2026-01-08,7354.73583984375,7433.131761281422,7315.288210585304,7415.155626429472,778407
2026-01-09,7246.87890625,7350.74101694386,7215.420670799455,7338.257590177771,312461
2026-01-12,7258.86328125,7279.835439041325,7101.5720978150575,7193.450122424675,333583
2026-01-13,7301.80615234375,7311.792893986838,7230.400949595672,7289.3227252898905,275363
2026-01-14,7262.85791015625,7315.78764123061,7232.89768501982,7248.377134673642,383251
2026-01-15,7262.85791015625,7262.85791015625,7262.85791015625,7262.85791015625,0
2026-01-16,7225.90673828125,7289.322546156429,6940.785271377885,6940.785271377885,501597
2026-01-19,7123.54296875,7250.374590372214,7094.581417355951,7244.382545256204,364331
2026-01-20,6903.3349609375,7119.54791125113,6875.87142221406,7119.54791125113,499367
2026-01-21,6817.44921875,6902.336523165696,6729.066554740717,6870.878286823409,620592
2026-01-22,6787.98828125,6905.332495321925,6771.510157571815,6869.380225478612,714732
2026-01-23,6793.98046875,6826.936716797736,6687.621668232306,6800.971188032853,458099
2026-01-27,6784.49267578125,6832.928370897963,6699.605375061237,6792.981405853251,515312
2026-01-28,6868.38134765625,6880.864774315021,6775.504653314987,6789.486091172812,399249
2026-01-29,6791.98291015625,6889.8529770868945,6747.042573300342,6889.8529770868945,517720
2026-01-30,6951.271484375,6965.252922602318,6758.0280345902775,6778.001517772161,489138
2026-02-02,6924.30712890625,6940.78525216679,6821.9430298635025,6905.831657371706,343776
2026-02-03,7079.1015625,7154.002122165303,6993.215587417119,7060.6260911158915,438009
2026-02-04,7106.5654296875,7150.507093389896,7040.6529341339065,7070.61315938554,216137
2026-02-05,7112.55712890625,7123.542544297708,7033.661872913046,7106.5650841472725,234707
2026-02-06,7143.01708984375,7166.985270222114,6984.727231928303,7070.613211617441,668962
2026-02-09,7201.439453125,7270.347970981833,7154.002429962687,7189.455363062942,412161
2026-02-10,7209.4287109375,7270.847171350667,7175.473789733472,7240.387609682349,277132
2026-02-11,7497.046875,7629.870537498335,7395.182111279472,7395.182111279472,1496488
2026-02-12,7529.00439453125,7569.450697486352,7400.175429563146,7502.040192561181,434146
2026-02-13,7532.5,7587.9264169705,7475.076234670202,7508.032482598607,431623
2026-02-16,7618.0,7631.0,7478.0,7526.5,494924
2026-02-17,7601.5,7615.0,7554.5,7590.0,525344
2026-02-18,7647.5,7670.0,7590.0,7590.0,385965
2026-02-19,7592.5,7649.0,7551.5,7610.0,186713
2026-02-20,7615.5,7635.0,7540.0,7540.0,256304
2026-02-23,7693.0,7710.0,7615.5,7680.0,399710
2026-02-24,7720.5,7729.5,7658.0,7658.0,377143
2026-02-25,7783.0,7800.0,7714.0,7770.5,383833
2026-02-26,7775.0,7831.0,7729.0,7800.0,361759
2026-02-27,7821.5,7870.5,7731.5,7735.5,698131
2026-03-02,7791.5,7819.0,7605.0,7621.0,533503
2026-03-04,7666.0,7715.0,7476.0,7620.0,625428
2026-03-05,7775.0,7796.5,7635.0,7700.0,446578
2026-03-06,7724.5,7781.0,7669.0,7770.0,225749
2026-03-09,7779.0,7809.0,7556.0,7588.0,358612
2026-03-10,7803.0,7870.0,7770.0,7865.0,381453
2026-03-11,7684.0,7798.5,7659.0,7770.5,331690
2026-03-12,7574.5,7662.5,7542.5,7590.0,550020
2026-03-13,7550.0,7616.0,7485.5,7556.0,394082
2026-03-16,7490.0,7750.0,7410.0,7565.0,481339
2026-03-17,7500.0,7574.5,7470.0,7490.0,343558
2026-03-18,7471.0,7605.0,7455.5,7511.5,497712
2026-03-19,7252.0,7407.0,7229.0,7407.0,264884
2026-03-20,7364.5,7447.5,7202.5,7231.5,696455
2026-03-23,7145.0,7288.0,7080.0,7288.0,464969
2026-03-24,7413.0,7464.0,7199.0,7210.0,653790
2026-03-25,7580.5,7612.5,7437.5,7461.0,450043
2026-03-27,7549.0,7621.0,7510.0,7510.0,533512
2026-03-30,7419.0,7509.5,7360.5,7470.0,764508
2026-04-01,7305.5,7587.0,7250.5,7549.0,618068
2026-04-02,7317.5,7368.0,7150.5,7150.5,338111
2026-04-06,7373.0,7397.0,7243.0,7350.0,360086
2026-04-07,7326.5,7370.5,7220.5,7370.5,311560
2026-04-08,7401.5,7518.0,7332.5,7385.0,387242
2026-04-09,7481.5,7512.0,7364.0,7400.0,416753
2026-04-10,7511.5,7563.0,7461.5,7500.0,437163
2026-04-13,7516.5,7566.0,7403.5,7420.0,310575
2026-04-15,7642.0,7686.0,7500.0,7516.5,464570
2026-04-16,7553.0,7678.0,7510.0,7678.0,400487
2026-04-17,7699.0,7710.0,7515.0,7553.0,343875
2026-04-20,7657.0,7730.5,7622.0,7705.0,344019
2026-04-21,7744.0,7765.0,7667.5,7686.5,312758
2026-04-22,7662.0,7801.5,7615.0,7702.0,608446
2026-04-23,7781.0,7815.0,7601.0,7685.0,304110
2026-04-24,7732.5,7845.0,7684.5,7814.0,407458
2026-04-27,7825.0,7850.0,7735.0,7759.0,289661
2026-04-28,7753.0,7878.5,7711.0,7840.0,353826
2026-04-29,7709.0,7799.0,7681.0,7745.0,321242
2026-04-30,7636.5,7680.0,7561.5,7634.5,392016
2026-05-01,7636.5,7636.5,7636.5,7636.5,0
2026-05-04,7737.5,7790.0,7673.0,7699.5,328426
2026-05-05,7772.0,7780.5,7678.0,7724.5,254331
2026-05-06,7760.5,7815.0,7742.5,7810.5,437084
2026-05-07,7837.0,7855.0,7744.0,7760.5,405862
2026-05-08,8097.0,8115.0,7812.5,7837.0,922866
2026-05-11,8082.0,8144.0,8022.5,8046.0,466135
2026-05-12,8022.5,8078.0,7995.0,8050.0,390002
2026-05-13,8004.5,8112.0,7981.0,7981.0,329337
2026-05-14,8119.0,8180.0,8011.0,8011.0,431011
2026-05-15,8082.5,8170.0,8028.5,8170.0,300134
2026-05-18,8020.5,8099.0,8006.0,8062.5,323387
2026-05-19,8026.0,8093.5,7983.0,8030.0,396261
2026-05-20,8078.5,8140.0,7814.5,7924.0,492013
2026-05-21,8308.5,8388.0,8051.5,8198.5,1425124
2026-05-22,8362.5,8440.5,8255.0,8308.5,564876
2026-05-25,8404.0,8443.0,8375.0,8430.0,364945
2026-05-26,8258.5,8434.0,8228.0,8404.0,310581
2026-05-27,8272.5,8305.0,8170.0,8243.0,293786
2026-05-28,8272.5,8272.5,8272.5,8272.5,0
