Price,Close,High,Low,Open,Volume
Ticker,JSWSTEEL.NS,JSWSTEEL.NS,JSWSTEEL.NS,JSWSTEEL.NS,JSWSTEEL.NS
2021-01-01,368.8981018066406,370.6020075271992,364.0703304136295,366.5788695144518,4461761
2021-01-04,381.5827941894531,383.47603551126775,370.2233462585653,371.07529907566794,8872723
2021-01-05,374.15179443359375,379.5948629168149,370.6966350002192,378.64824231103734,6190435
2021-01-06,380.2574768066406,385.60587700022285,374.625073122151,375.99768444012216,7910567
2021-01-07,383.7599792480469,391.0489693054432,381.63008293253637,382.4347162072205,10231006
2021-01-08,381.34613037109375,388.54045300845684,377.22832481187015,388.39843680168724,7559664
2021-01-11,377.7489013671875,383.3339854634887,371.6905359064474,381.3460766231582,4822618
2021-01-12,378.2222595214844,390.9069990193514,375.85570795674334,377.65431025680164,6708618
2021-01-13,381.4407653808594,385.653209530591,373.11048713777063,380.11547348887774,6885599
2021-01-14,375.2403869628906,383.996627207216,372.96850337991424,382.76603202560256,4886430
2021-01-15,373.1578674316406,381.0621266560627,370.3180055147745,376.7550143042434,7329969
2021-01-18,362.650390625,372.96855032584347,355.4560676328787,372.49523998279034,10605461
2021-01-19,374.2937927246094,376.5183569911458,361.2304395371639,365.58490022916874,5842513
2021-01-20,379.50018310546875,381.3934242572931,372.44787714806364,373.9151274853005,5604951
2021-01-21,372.30584716796875,383.3813190515512,368.18807092604584,381.01476769938114,7085945
2021-01-22,355.36138916015625,376.2343919977735,352.3322203883403,374.8617804885365,8779405
2021-01-25,362.0350646972656,373.86782234996,351.62223796289453,367.2887975396345,17874949
2021-01-27,356.1659851074219,361.60905331836585,351.71685692739743,360.2837903142842,8576326
2021-01-28,356.2132873535156,360.52042801919725,349.8709472519222,351.1962101919145,6969457
2021-01-29,347.26776123046875,362.12968681843586,343.81260193416676,361.6563765343242,7981367
2021-02-01,360.5204772949219,363.88096901870136,344.23859069657436,346.9364653040744,6141212
2021-02-02,368.23541259765625,370.79129976751454,356.5919907984532,364.1176072189149,7450391
2021-02-03,371.92724609375,377.18100801301193,364.1649741284799,365.5849050977016,6063017
2021-02-04,378.9322204589844,380.5414870591895,369.6080305162745,371.92723368884236,6283280
2021-02-05,380.7308349609375,384.895960021076,368.3774182109835,381.48811992148285,9008833
2021-02-08,395.3561096191406,396.87070844039573,379.78421722337487,382.9553732974334,9008722
2021-02-09,384.75396728515625,397.580665288439,380.39950660190243,394.74080339352156,7961747
2021-02-10,388.82440185546875,391.8535992561483,378.64823065657333,388.1144364229877,8008124
2021-02-11,387.02581787109375,393.3208387545544,383.33400350165243,386.41052029094794,3598146
2021-02-12,382.2453918457031,388.96640397346147,381.1094644436254,386.07922266020773,4667663
2021-02-15,382.1507263183594,386.07919581006934,379.59483928644056,383.4759893062346,4678133
2021-02-16,385.889892578125,399.37923650446055,382.15075843694876,382.15075843694876,10594928
2021-02-17,386.88385009765625,389.0610659184148,379.59485993499834,384.65928591383977,5486323
2021-02-18,385.889892578125,392.61090480334633,384.32797432226306,388.1144568279011,5889983
2021-02-19,374.5304260253906,386.599838398674,370.0813266405364,386.315863780612,4527644
2021-02-22,384.42266845703125,391.75897881350676,375.0037810245795,375.0037810245795,9371697
2021-02-23,390.57562255859375,393.98346212305216,384.4225893325256,388.11440349045347,8127742
2021-02-24,386.31585693359375,403.8283373216942,378.64822460757694,392.8475330303611,10570509
2021-02-25,399.23724365234375,402.31376064551534,388.11445144626185,389.06107205954544,9051315
2021-02-26,374.34112548828125,398.811244734651,371.12259235752117,390.0550042393194,11433748
2021-03-01,383.4760437011719,386.6472287606524,372.35325069796124,381.1094919983611,5834233
2021-03-02,391.23828125,392.8002283461652,379.594859460383,385.0852473684726,5055665
2021-03-03,405.2956237792969,411.77998098166455,393.13154270132,393.13154270132,11903775
2021-03-04,391.9955749511719,398.90589340049354,389.10836494481526,392.94219549976754,8655068
2021-03-05,384.70660400390625,391.9955941403336,381.014789461373,391.9955941403336,7045618
2021-03-08,386.0792236328125,393.32086556036177,384.8012800247582,389.96037393230114,4176709
2021-03-09,380.162841796875,392.6108970093306,375.61904554717034,390.00769033838264,5477847
2021-03-10,391.90093994140625,393.1315352022198,381.96142334868944,384.8486047082891,6536253
2021-03-12,396.39739990234375,405.5796318256588,391.9009517840485,395.82942173073985,13448994
2021-03-15,406.7155456542969,408.7034547440256,392.7528914389538,400.3258564371059,10146579
2021-03-16,403.21307373046875,410.78603886111864,396.9653717199687,410.78603886111864,8103798
2021-03-17,399.94720458984375,403.21305722417037,395.2141015769462,403.21305722417037,4738590
2021-03-18,400.5624694824219,409.5553644723103,397.6752884358314,404.206964282353,6837030
2021-03-19,417.03369140625,422.47675982533895,388.11444379590887,397.67531757932653,11116495
2021-03-22,421.5301513671875,425.03265922356644,413.483876081218,417.4596942485363,7010923
2021-03-23,418.2169494628906,423.3760430408384,416.0397337427579,421.2461467930086,5066287
2021-03-24,414.0045471191406,419.4949353345605,408.56147838080017,413.6732241138755,7803892
2021-03-25,414.61981201171875,418.5956299836964,405.62691654571114,413.72051090969103,10870751
2021-03-26,421.4354553222656,428.10911824697496,412.91587087953974,419.9208567547347,12165673
2021-03-30,442.4977722167969,445.1009786384864,428.06180933288226,430.71233522499443,17646211
2021-03-31,443.4444580078125,448.50885540826044,436.67609720427964,442.40316950814827,7635784
2021-04-01,481.59326171875,485.5690800539692,444.91171107186733,445.4323408804596,35736230
2021-04-05,489.87615966796875,494.1359523607337,476.3394966663874,486.0896772743999,29711225
2021-04-06,508.76129150390625,512.4057579786889,492.85807577654634,495.0826112439372,26533367
2021-04-07,532.2847290039062,536.213227436334,504.73809383576884,510.4651366648058,20024702
2021-04-08,581.3197021484375,604.8905787993616,533.1840665238504,541.4669969847181,72006147
2021-04-09,587.851318359375,597.1755069809548,566.0790473090278,585.0114569180254,51062079
2021-04-12,571.90087890625,588.5613789469281,565.5111896293835,576.4919658684024,27047004
2021-04-13,596.7022705078125,599.0215025270546,571.7588408751881,574.5987026676146,26091257
2021-04-15,595.5189819335938,609.6236516430206,583.1182754846285,603.943928180508,24006650
2021-04-16,586.3367919921875,601.9560310728172,584.017560088425,598.1695488714524,14389029
2021-04-19,582.928955078125,592.1111864717229,563.3338970639213,567.9723611239548,17044636
2021-04-20,587.4727172851562,596.3709739759695,580.6570952328539,589.5552941465312,13626064
2021-04-22,606.5470581054688,616.2499177942414,578.9530486602059,582.8342272019914,22859059
2021-04-23,601.4827880859375,617.9539528382347,592.442514597131,606.7838406500273,17931094
2021-04-26,620.7938232421875,625.4322876316473,604.1806420548614,607.730469563997,16506538
2021-04-27,630.3546752929688,634.5670907054551,622.8763495056785,625.3849171852107,15799458
2021-04-28,627.2781372070312,639.9154985724231,615.9186904868108,633.9991200723082,15558949
2021-04-29,687.7198486328125,689.991761126624,632.3898643966039,636.1290272281486,56816962
2021-04-30,679.5316162109375,700.499286895768,673.473278666231,681.1882023623801,36449711
2021-05-03,684.643310546875,691.0329992384635,672.6685375177115,675.8870704880314,16906171
2021-05-04,677.2124633789062,698.1327574751001,673.283964412427,689.0925414591559,13790054
2021-05-05,679.3896484375,693.8729327498382,675.0351588044373,684.4067263003179,12284261
2021-05-06,690.8436889648438,702.3924716169373,679.6735776562817,682.7974140204449,18365325
2021-05-07,716.5444946289062,725.7740457352758,697.4227464223336,698.6060222052015,26586556
2021-05-10,718.1537475585938,731.7377301761053,715.6924993108655,725.0167469683955,15105182
2021-05-11,695.05615234375,714.5091934688326,691.5536446852631,701.4458411804137,16277517
2021-05-12,670.1127319335938,702.2978316651563,662.6344062380531,700.4992294516562,14410802
2021-05-14,669.3554077148438,682.9867675586783,642.8027112591541,672.053311109528,26344309
2021-05-17,676.2657470703125,683.838711504349,657.0019841249521,670.1127134676578,12706884
2021-05-18,679.1529541015625,692.0742904935497,673.8518441293248,685.2112912135169,9477286
2021-05-19,668.172119140625,681.8981176709734,666.5155331111001,674.9877989318113,6562006
2021-05-20,657.427978515625,665.8529246052965,646.7311777496312,660.7411504735871,10104850
2021-05-21,660.9304809570312,668.219470762805,657.9012836352266,663.9123010295297,7340528
2021-05-24,645.0746459960938,659.7945853769818,636.0344304491539,659.7945853769818,22332409
2021-05-25,663.3917236328125,676.360437773969,651.3223106424442,652.2216117932326,22058890
2021-05-26,645.7846069335938,654.1148569427041,637.5963153530505,649.6657284153073,18721303
2021-05-27,645.4531860351562,657.2859426741899,641.8087201011866,648.3404248767861,15110958
2021-05-28,652.9789428710938,670.964736048977,649.5711314850884,660.5519084196761,12698590
2021-05-31,672.9525756835938,676.076411959775,649.3343812801014,656.9546651926879,11685565
2021-06-01,657.427978515625,678.6796216299801,650.8016345997008,678.2536308228155,14156453
2021-06-02,668.3615112304688,671.2013732350827,659.3686148825245,659.7946057386447,9653111
2021-06-03,675.9817504882812,682.3714395679538,665.5216043651335,672.1006291211125,8329454
2021-06-04,682.7027587890625,687.2465259173871,665.5215725302743,670.2546753258486,9653847
2021-06-07,677.543701171875,691.7430103127456,674.7511588187431,684.0280292353513,6872666
2021-06-08,669.7340698242188,676.1710783038512,655.0614506266563,676.1710783038512,8230750
2021-06-09,660.5991821289062,675.2718018626832,656.5287249839956,667.3675427298585,6922786
2021-06-10,668.124755859375,680.6201583610685,662.6343683626536,663.8649634913294,8543092
2021-06-11,692.1690673828125,694.9142327464771,667.1309383128404,675.8871797876808,11372473
2021-06-14,690.2284545898438,697.8487390961399,676.5024554724532,693.5416267905932,10470356
2021-06-15,686.39453125,693.3049074218292,678.7269279778399,689.13975393008,5124845
2021-06-16,667.7461547851562,689.9917375670475,665.9948721126425,681.566791615393,9016464
2021-06-17,659.1792602539062,673.0472757555045,656.4340950612711,664.6223289396927,5639158
2021-06-18,634.8037719726562,659.2266304716626,621.0777728245637,658.3746487929947,13505600
2021-06-21,637.0283813476562,640.1995374311001,611.6589593486867,621.8351313900962,8187341
2021-06-22,639.2056274414062,646.0686275138982,637.3123860420981,639.9155929661467,5398107
2021-06-23,629.9759521484375,648.4350521738237,628.6980375652247,642.7553290890895,6059813
2021-06-24,642.7554321289062,645.1219837935929,629.4081038509294,633.8571747588281,6985183
2021-06-25,652.6949462890625,664.8589986819258,648.4351533111063,648.4351533111063,9066409
2021-06-28,658.2326049804688,663.9123285276722,646.3052086421957,655.913430753736,5669654
2021-06-29,649.2870483398438,659.321202904202,647.1097748867242,657.9012721011061,4377422
2021-06-30,647.3938598632812,660.7411873858658,646.2105840979054,650.3756801257462,6112824
2021-07-01,644.2227172851562,653.1682946146552,643.3234160487364,651.0857174821944,4133198
2021-07-02,635.4664916992188,646.4946464396263,631.869344439859,644.696043921374,5499982
2021-07-05,643.0656127929688,645.2163339059887,635.1318532444594,643.3045818055265,5427717
2021-07-06,643.447998046875,651.6207267539706,639.9112449294172,643.0656242831327,4790854
2021-07-07,659.9369506835938,663.3780816608635,639.4811767018986,642.157618388892,8536360
2021-07-08,638.76416015625,660.9404958285868,637.2347818376239,657.6427118406285,7099529
2021-07-09,651.4773559570312,653.4368903287245,640.4369984726658,641.3928745897892,7814242
2021-07-12,663.8081665039062,672.6978025278723,650.808216593699,654.7751257287283,11632489
2021-07-13,670.4515380859375,672.4588546136363,663.3780314170058,667.2015359208502,6832695
2021-07-14,669.49560546875,674.7050832420297,663.5691623194475,672.9367358950321,5996797
2021-07-15,668.2529907226562,676.7125296249344,665.3375801440609,669.1133025913795,4735495
2021-07-16,672.554443359375,675.8044456427091,669.7824374984614,672.4588790801214,3590287
2021-07-19,667.5839233398438,680.9183488956456,663.3780449629131,666.2456733993522,5377227
2021-07-20,651.907470703125,667.2014876111162,645.5987120653965,666.8669543280718,5829609
2021-07-22,684.9329223632812,690.7159603786242,658.6463328916861,659.4588624805775,9472817
2021-07-23,685.8888549804688,694.9218954131894,680.5837545174566,694.8263311440357,8731309
2021-07-26,673.4624633789062,697.3115826371676,670.0691150495605,697.3115826371676,14645713
2021-07-27,679.2933959960938,686.2234979475181,672.2676714263168,678.5286484174698,6840353
2021-07-28,689.8557739257812,693.392527066204,670.4992834370577,680.5837643442552,8329455
2021-07-29,715.3776245117188,724.6495750740512,691.1461328125018,693.4880406899941,18513875
2021-07-30,704.4329223632812,724.4106983812189,701.1829201997265,713.2269943863864,9971622
2021-08-02,713.752685546875,718.2930969583157,701.135109535094,708.6865539562032,6971560
2021-08-03,707.635009765625,713.0835147775077,696.2601200713166,713.0835147775077,6939253
2021-08-04,714.2784423828125,720.7306062986158,703.9072096475633,708.3042165348465,6680733
2021-08-05,729.5723876953125,731.6275445185955,707.8262077803851,714.2783710518471,8613347
2021-08-06,723.9327392578125,742.2377898656251,722.3555787018323,733.6349049863069,8973665
2021-08-09,714.3739624023438,728.8555082974658,709.6902046329383,728.2341655109514,5119564
2021-08-10,690.2859497070312,716.9070757843374,687.8484189757268,715.8556354100059,6382357
2021-08-11,716.0467529296875,718.8188169168502,694.9219147587103,694.9219147587103,11909486
2021-08-12,715.8555908203125,721.0172864392163,708.686520509021,719.8224413873343,3506281
2021-08-13,715.9989624023438,724.1239090408877,700.083660756776,713.943863846057,5611264
2021-08-16,728.04296875,736.5980121590147,706.5835411759582,712.1276102315001,9095337
2021-08-17,711.4108276367188,728.8077853084723,703.3814446060478,725.1276271102271,6482187
2021-08-18,704.9108276367188,715.8556204331192,700.5616031363628,714.9953086233583,5905871
2021-08-20,654.3927001953125,690.1424866932477,651.429507869042,690.1424866932477,13126219
2021-08-23,654.0104370117188,669.7823926068146,634.7017281905253,665.2897632840446,11781361
2021-08-24,661.1317138671875,666.2456275568095,652.8633624408908,659.6500592700027,8283854
2021-08-25,653.6758422851562,670.0691406024777,649.9957426671681,665.2897601416897,5539409
2021-08-26,642.3487548828125,654.7751444862002,639.7678776813915,652.8633922395252,5659963
2021-08-27,647.6060180664062,651.3339579647868,642.1097308282043,643.2090116126622,4978277
2021-08-30,656.2567749023438,663.378064059578,652.911208296856,652.911208296856,5891576
2021-08-31,657.2603759765625,661.896410017087,650.4258969400646,657.8817187717198,5399215
2021-09-01,646.7935791015625,658.598625466502,645.2163602175455,657.6427493772908,4316801
2021-09-02,654.8229370117188,658.5986594272077,648.0840219036965,650.9994324577146,3635439
2021-09-03,660.4148559570312,664.5728938763957,652.2899086748315,655.8266037593253,4145359
2021-09-06,656.3523559570312,666.2456503841663,651.5251349154732,666.2456503841663,5179490
2021-09-07,653.6280517578125,667.0103168762201,652.3854245223696,659.0287749459882,3555927
2021-09-08,656.7346801757812,660.9883406014964,651.6207662425819,653.8192696622176,3288571
2021-09-09,658.55078125,660.9882533793029,652.9110895184795,653.6757786493532,2381494
2021-09-13,663.7603759765625,669.1132587094195,657.1648076610369,662.6610951432929,3778975
2021-09-14,663.0435180664062,671.0250606215951,661.7052681129618,665.6721774919182,3185808
2021-09-15,665.9111328125,667.2015422579844,656.7346869108856,666.2456661229443,2871538
2021-09-16,659.0287475585938,670.021322020465,657.6427156319492,669.1610102475012,3372499
2021-09-17,652.1942138671875,661.4662231725525,639.1943229913652,661.4662231725525,7804735
2021-09-20,605.2608032226562,640.341470371232,600.3857997447049,640.341470371232,10340874
2021-09-21,639.4332885742188,642.3486988275721,600.959277967359,605.3085022805953,14289169
2021-09-22,648.6097412109375,653.2457754814606,636.8046942536597,642.1575772850138,8147214
2021-09-23,647.3670654296875,656.9258260857183,644.3560324862198,655.0618560893834,4039612
2021-09-24,630.0657348632812,649.0398515155404,622.036352538642,647.3670683930777,7363339
2021-09-27,620.029052734375,634.4627584408047,617.7827089045354,631.3083789938022,5889365
2021-09-28,631.690673828125,638.4296467558471,619.5032540069053,621.3194418661011,4735779
2021-09-29,649.8045654296875,654.1060079082715,624.7605997748553,629.826789812159,7345149
2021-09-30,638.81201171875,653.0545895198353,636.9480415801845,653.0545895198353,4934499
2021-10-01,644.4994506835938,656.4001196171283,629.8267761071854,630.8782164644743,5193048
2021-10-04,651.0950317382812,656.4956967219954,632.8855452789164,644.7384323082821,5617530
2021-10-05,649.3743896484375,660.3669645352122,647.2715089524302,651.0950132608737,4186464
2021-10-06,630.1613159179688,653.8192492800767,626.6245626964362,649.995744898322,5994344
2021-10-07,637.1392211914062,640.4370055000776,629.9223680963449,636.6135009896293,3042177
2021-10-08,636.4700927734375,652.8633916096801,635.1796833449962,640.4847841559916,3826818
2021-10-11,642.7311401367188,648.0840231860968,637.2826344680718,641.4406723419592,2257738
2021-10-12,644.0215454101562,650.9516473830299,636.0400030264939,642.7311359658202,2930894
2021-10-13,651.3817749023438,661.4662560098064,641.3928580673123,644.0692994579022,5601758
2021-10-14,662.2787475585938,668.1574090436512,652.815608959342,659.5545239486686,4751065
2021-10-18,684.216064453125,695.2086390205986,664.8117923198195,664.8117923198195,9493244
2021-10-19,661.0361328125,690.6205110078192,658.0729401159299,690.6205110078192,4164143
2021-10-20,654.9185180664062,665.0029990191708,645.5987263075017,661.4662458627671,3256699
2021-10-21,644.35595703125,663.3301297167965,626.1943139115449,660.844817232035,5811087
2021-10-22,638.3341064453125,659.5545694795879,629.0143136157096,646.1723028524659,10162556
2021-10-25,644.4994506835938,648.0839860044146,624.2348660014771,640.4369773199967,3987950
2021-10-26,663.7125244140625,666.6757752297997,644.7384078029364,648.7530989565528,4238644
2021-10-27,654.6795654296875,668.6353331785101,652.0030656711322,663.7125479176465,3330934
2021-10-28,637.9994506835938,654.2015606234941,634.7494489324366,652.7677466171673,3080237
2021-10-29,639.6245727539062,654.5840000491717,633.7459108772736,640.4370441746203,3612552
2021-11-01,658.55078125,660.2713463799761,642.8266093963575,649.9956793896254,3234840
2021-11-02,643.1611328125,662.8044309669501,641.8707235702842,662.8044309669501,3204544
2021-11-03,650.2346801757812,653.3890594586111,643.8302990003123,647.5582389158664,2265795
2021-11-04,650.2346801757812,650.2346801757812,650.2346801757812,650.2346801757812,0
2021-11-08,655.5875244140625,657.5948989983154,638.5729434602272,652.8633011793397,2919045
2021-11-09,646.7935791015625,660.8449109393297,645.3597649677457,655.7309971988684,2494969
2021-11-10,633.1723022460938,646.219974981073,623.4223551234663,645.2163168233119,6871348
2021-11-11,637.9517211914062,640.293570921341,631.1171838604909,633.1723407759539,3868489
2021-11-12,641.7273559570312,645.933233868799,634.0803476389397,642.3964808532729,2542949
2021-11-15,632.3120727539062,645.2641829083465,629.0142883704532,645.2164007692921,3143670
2021-11-16,635.56201171875,644.2604604743907,626.7679403524711,628.9664436085297,2795558
2021-11-17,633.1244506835938,642.0619263653354,629.5399156529053,631.1649165352256,2882577
2021-11-18,621.84521484375,637.4738248293409,614.6283616129718,633.7458845247284,4010171
2021-11-22,628.0105590820312,634.2237533499662,616.5878287210346,626.0510248659375,3944981
2021-11-23,653.150146484375,659.2677770393678,628.1061802665682,628.1061802665682,9033812
2021-11-24,653.1023559570312,665.2897764304337,640.4369974258485,653.1501380943997,4374307
2021-11-25,650.8560791015625,657.4515893816566,644.4516973734909,653.1023646662662,2850008
2021-11-26,600.9114990234375,642.8744223935277,596.7056210886384,638.7641670684543,8921840
2021-11-29,597.9960327148438,609.6577321770989,590.8269623497742,603.8269116169932,4230776
2021-11-30,581.5550537109375,604.6872091001748,577.635926620676,594.0770075238568,6606473
2021-12-01,609.0842895507812,611.5695441839773,586.9079513806904,587.8160453842985,6580138
2021-12-02,618.212890625,620.1246428959702,602.9666545956024,609.8489744395052,4017457
2021-12-03,616.1099243164062,625.9554364097588,608.8930714798348,608.8930714798348,4885753
2021-12-06,614.4849243164062,631.8340987769801,608.6541034738913,616.2533300973339,13699768
2021-12-07,631.4995727539062,634.3672010718526,618.5952453231477,620.315810645506,12896360
2021-12-08,643.2568359375,646.1722463866635,631.0216334731442,636.1833294301762,9676621
2021-12-09,644.35595703125,648.418429834342,631.8817875042812,646.1721446800358,9692290
2021-12-10,649.5656127929688,651.3818007776828,640.4370074153832,640.4370074153832,2430834
2021-12-13,640.962646484375,662.374292433409,638.1428005880184,651.9074384612605,4149735
2021-12-14,640.7236938476562,646.1721989092345,632.0730274093659,636.1832826866817,2942047
2021-12-15,629.4444580078125,647.7495100019597,627.6282699478107,640.7237851465278,4724542
2021-12-16,632.933349609375,636.8046359420291,624.6649984431265,635.6575730140461,2474595
2021-12-17,631.1171875,635.6575989208633,624.2348679936505,632.9333754051638,3003978
2021-12-20,614.2459716796875,627.0547350308566,602.679893958773,621.4150425832415,4070706
2021-12-21,629.253173828125,636.6134308684358,616.9224081453582,618.4517864442612,3127861
2021-12-22,631.8340454101562,636.7568302202897,628.6318840992816,633.889202177581,1273217
2021-12-23,621.5584106445312,641.2972747038554,618.6430003176064,636.4222717720046,2971327
2021-12-24,622.5621337890625,626.5290432054907,611.0916198239318,623.2790409118832,3973912
2021-12-27,624.2349243164062,625.9077076223912,614.771785190637,619.4077613018317,1838919
2021-12-28,628.3450927734375,632.2164374165658,623.6613351735974,626.1465895455906,2232852
2021-12-29,626.9591674804688,628.2017947621838,616.4923123475478,626.1944199144459,3014867
2021-12-30,617.3047485351562,630.3046979701887,615.1540273978723,627.0546960259195,3713255
2021-12-31,627.0069580078125,635.6576253002559,618.7386061614483,619.2165442255838,2499623
2022-01-03,637.6171264648438,641.3928486431493,625.8120802327456,627.0069253308142,2383218
2022-01-04,640.8193359375,644.1649021578198,634.1282034968605,640.4369621755027,1999008
2022-01-05,663.85595703125,666.2456473013409,636.9480212532076,638.6208044422712,6342812
2022-01-06,644.212646484375,661.944134743018,642.539863472389,661.4661967395934,4714784
2022-01-07,643.1611328125,649.0397934537945,638.0472196324121,646.1721655003903,2862614
2022-01-10,642.4442749023438,649.517781064589,640.4369585184321,647.9884027094225,1841965
2022-01-11,617.209228515625,639.0509747389091,614.86732032983,634.701750017889,6912370
2022-01-12,628.0584106445312,630.1135676971611,620.3636193304907,623.2312477711555,5343630
2022-01-13,657.4993286132812,661.036081725632,628.2495443326346,629.9223274480125,7202966
2022-01-14,652.5765991210938,659.1243268082262,647.3670629153813,649.9001578162092,2054419
2022-01-17,668.5397338867188,673.7492116947776,645.5987086462303,651.9074672505469,5920282
2022-01-18,650.1868896484375,673.4624477271065,647.6537948228713,672.3153848185096,3450193
2022-01-19,644.8817749023438,658.837541342236,630.8781679882129,650.9515642423834,4889920
2022-01-20,652.3854370117188,655.7310033553687,642.7311117568623,649.0398706680689,2862609
2022-01-21,636.8524169921875,649.995712652439,632.9333485321301,648.9442723364365,3836844
2022-01-24,594.3637084960938,628.0105566871632,590.7313912217152,627.5326186683754,7296421
2022-01-25,603.30126953125,612.3342526865517,585.5697198600541,592.6432268724491,5007835
2022-01-27,598.4739379882812,604.2570344399315,585.0438919077394,591.687241750895,4760551
2022-01-28,600.3380126953125,617.4004372155379,597.9483222870499,603.1578590454725,3719102
2022-01-31,601.1983032226562,610.804846654207,600.2902092313647,607.9372182661591,2892647
2022-02-01,625.4297485351562,629.7789733162745,600.2902176491511,605.977692366944,5150345
2022-02-02,630.7348022460938,634.5105243957523,623.4223853066225,630.8782069935922,2562721
2022-02-03,624.3304443359375,637.9516775889996,621.3194115431806,628.0105436674918,2456228
2022-02-04,628.3450927734375,636.5178796048918,618.451799077105,618.451799077105,3284062
2022-02-07,622.418701171875,637.2347796583119,617.1135425240649,630.304678430785,2768417
2022-02-08,630.9737548828125,633.6502544863293,615.8231428844064,626.672312674074,3184065
2022-02-09,633.7936401367188,637.1869886431199,628.8230727192908,633.6024532471932,2200828
2022-02-10,642.8744506835938,648.0839870264783,634.79728607953,636.8046608675832,4284880
2022-02-11,641.7752075195312,645.2163379853017,630.5436638583056,639.4332995132498,3122555
2022-02-14,598.9041748046875,635.6576235010928,577.6359310108539,627.3414895402627,6491576
2022-02-15,612.3820190429688,615.058460333238,589.8710912347357,607.7937672973133,4001839
2022-02-16,609.8489379882812,617.6393513636646,606.9813097532266,612.8599709719069,1939683
2022-02-17,610.0401611328125,620.7937676534558,606.4078434875829,613.4812918825986,2382178
2022-02-18,604.9260864257812,614.1503129058522,603.3011439446424,607.1724299684815,1458069
2022-02-21,595.6063232421875,606.981271188682,593.8379759464074,604.0180788708769,1857572
2022-02-22,594.554931640625,597.1358087679246,575.9153477708627,584.0402945858873,3353278
2022-02-23,587.5770874023438,600.2424465262653,585.8086815005657,596.9446621048342,2339927
2022-02-24,544.2280883789062,577.8271599756866,541.0259264619333,572.5698409022933,5487481
2022-02-25,572.1874389648438,579.2131636592105,550.7280661118009,550.7280661118009,4524909
2022-02-28,599.7644653320312,602.0107508104321,564.1580809205723,565.4007081712206,7142843
2022-03-02,616.1576538085938,625.1429116554428,594.6982840194371,597.4225073159813,8894940
2022-03-03,625.8120727539062,633.2678944083426,620.6503186551183,621.797381603965,5940599
2022-03-04,604.0659790039062,631.2606686859175,600.9593813397867,625.8121626527433,7605400
2022-03-07,609.0364990234375,614.6283510421334,595.0328903946005,602.2019613632101,5507113
2022-03-08,602.0584716796875,611.7128542274486,586.0475487749857,611.7128542274486,5422987
2022-03-09,599.4776611328125,606.2643574457633,590.7313723318591,601.2460084089635,3784214
2022-03-10,622.036376953125,623.3746268404386,596.4666910776027,604.113699937572,5201836
2022-03-11,640.1979370117188,643.3045339438398,618.6429453511021,619.8855724555425,8172290
2022-03-14,635.51416015625,643.3045731982166,629.5399349222398,637.5693169735669,2529995
2022-03-15,612.8599243164062,631.642852820889,606.9812635452538,629.9222876792477,4754984
2022-03-16,626.3377685546875,633.5068387785108,618.9297293234035,620.0290100945402,3150421
2022-03-17,654.87060546875,662.3742668586235,631.2126751477199,632.7898938392709,9991824
2022-03-21,651.2383422851562,668.1573600668457,649.0398390348902,659.2677244553953,4609771
2022-03-22,665.7677612304688,669.0177635883716,647.5583316189934,648.8965232695018,4811589
2022-03-23,673.3192138671875,678.6720972126067,661.7052947822915,671.8853995773017,8964532
2022-03-24,683.5469360351562,687.7528139674662,673.1279221560942,673.4146733010145,6069039
2022-03-25,689.5211791992188,694.4439642925498,678.9109781676304,686.3190177041304,16121868
2022-03-28,697.8851318359375,699.1755996030939,686.4624588762184,690.1425586011921,8935680
2022-03-29,720.6349487304688,731.0061801230871,694.5873274053898,699.2233027264313,7285191
2022-03-30,685.8888549804688,717.5761696968564,683.4036005620262,716.9070447866466,5994838
2022-03-31,700.3226318359375,704.9586074771042,688.7564962876959,692.054280424981,5946576
2022-04-01,699.8924560546875,716.8592559561577,696.3557029983666,702.5688973284824,5079937
2022-04-04,700.3704223632812,705.4365539686304,694.7307300990711,700.1792354769942,4901374
2022-04-05,701.0872802734375,713.083512685734,697.932901068035,705.3409402413788,3524949
2022-04-06,704.863037109375,713.561486006528,697.5983439746775,698.2674688918536,4111360
2022-04-07,695.925537109375,709.97692652249,693.7270338925575,702.5688872353148,2954985
2022-04-08,723.2158203125,728.4253566278677,698.9366028346551,702.04320010119,8125253
2022-04-11,733.539306640625,740.803941308901,722.6422962961667,722.6422962961667,7926472
2022-04-12,722.5466918945312,739.6090551614392,705.5798928908279,735.451017897348,8595936
2022-04-13,732.53564453125,746.6348173648821,726.4658544786752,726.4658544786752,6722613
2022-04-18,733.9694213867188,741.6164299922905,724.9364391450235,730.2893218321055,5866740
2022-04-19,713.4659423828125,755.1421168895164,703.6203719066914,738.6054720741427,7301285
2022-04-20,706.2490844726562,724.5541364547383,700.1792941333719,724.5541364547383,4679947
2022-04-21,701.8042602539062,714.2784319742744,693.4881263263113,711.1718345786019,3995936
2022-04-22,691.4807739257812,704.4806651701214,690.1903062231596,697.7895326651134,2244262
2022-04-25,684.1204833984375,687.7528006284139,664.5728070005625,679.6278544083423,4935672
2022-04-26,689.3778076171875,692.3409999867501,681.587394600694,690.4770300514251,3260695
2022-04-27,688.8042602539062,701.8042095761379,679.6278734846027,681.5396255900446,3391522
2022-04-28,696.92919921875,701.8519841742223,690.7638454185358,697.6461062505929,4079934
2022-04-29,695.0653686523438,707.3483538932647,691.3852104545607,698.8410327866471,3622889
2022-05-02,699.6535034179688,701.8042245825791,677.7639180057836,688.2307726752961,2802163
2022-05-04,680.153564453125,703.5247446074745,676.8079984121927,701.6129925840847,3011231
2022-05-05,676.5213012695312,694.3484136472213,673.9882062995594,688.2307833473154,3131221
2022-05-06,659.9369506835938,669.973650766359,650.6171577495975,664.7163316753868,3930624
2022-05-09,648.4185180664062,655.8265577153707,638.6207882080985,650.9516130251286,3380947
2022-05-10,616.8268432617188,647.1281276734804,614.7239041473983,644.2604993381474,4293241
2022-05-11,620.3158569335938,628.966524669837,607.3159059169496,616.0621962761549,4158341
2022-05-12,597.2313842773438,622.8010703233567,592.6431905991791,619.1209706217778,4123927
2022-05-13,573.955810546875,608.8930700067993,567.9338028415907,606.0732238697557,5567335
2022-05-16,575.7241821289062,599.0475830660156,572.6175847026382,588.8196967942,4641172
2022-05-17,613.5289916992188,617.3047135949267,582.2718929468515,583.0843642159095,6309092
2022-05-18,603.20556640625,616.4444846320357,600.2901561380013,614.5805146762558,4941565
2022-05-19,573.7168579101562,597.3747918396518,565.9264442086748,591.6873172669796,5816509
2022-05-20,603.2533569335938,606.3121719879404,589.4887767021006,593.5990320835455,6187868
2022-05-23,523.3899536132812,567.7904106973324,513.7834103532259,567.7904106973324,17554373
2022-05-24,515.8863525390625,531.8494953776406,513.5444443816161,524.7282066303235,7517949
2022-05-25,505.1326904296875,520.9524267667653,498.0114024687793,517.9892344650922,4725882
2022-05-26,527.3568115234375,531.1803156006898,497.10331217536145,507.0922282455916,8178844
2022-05-27,524.2024536132812,536.5332197578838,515.5995690901445,533.3788404344759,5193961
2022-05-30,515.0737915039062,520.7134835937356,502.4084337111261,506.6143117112068,12211769
2022-05-31,526.9267578125,533.6656733868614,508.7173277823563,513.8790242822262,20152169
2022-06-01,544.3713989257812,547.0956222736673,524.9671271908652,529.6031025981921,8495547
2022-06-02,548.099365234375,549.6287436189311,533.0443170395955,545.7096750447274,7010273
2022-06-03,537.6325073242188,556.2720906921418,534.860443383966,550.5846164063407,6367536
2022-06-06,553.4522094726562,557.5146825128269,528.5994332269066,528.5994332269066,10383944
2022-06-07,546.8567504882812,553.8824755610092,542.0773694899846,549.6288148041145,3735461
2022-06-08,550.72802734375,557.2757551610538,546.9523051558106,548.2904966638342,4138705
2022-06-09,546.9523315429688,550.2978979875003,539.1141356330851,544.8493923951391,3922515
2022-06-10,547.239013671875,548.6728276814956,536.5809728635451,540.0699436237718,3374125
2022-06-13,539.1141357421875,542.8898581130469,530.5112505973653,538.2538238908858,4071346
2022-06-14,537.1067504882812,551.3492679560176,535.433967479712,537.9670038874635,3413396
2022-06-15,538.1582641601562,543.8935209718097,532.4707894868567,537.2979523015885,3803101
2022-06-16,521.7649536132812,546.2831992799897,520.426762058594,546.2831992799897,4899759
2022-06-17,530.12890625,536.9156621352645,515.8863861689643,516.2687016358476,6776372
2022-06-20,526.0663452148438,530.1288183071388,512.445111905384,526.3053142202729,5614520
2022-06-21,550.7758178710938,555.1728245733801,528.3127296278395,531.4671090744404,4657829
2022-06-22,526.1141967773438,544.7537795936415,518.5627527098211,542.2206847458913,8511658
2022-06-23,534.2869262695312,540.5479026870647,523.8200719230972,525.7318240104078,5037690
2022-06-24,542.7463989257812,547.6214016908351,535.5295465575816,536.9155784714316,3406061
2022-06-27,546.4265747070312,562.5330630304742,544.8971380011268,550.2978610934624,6550599
2022-06-28,552.8787231445312,554.933821618881,542.9375890227897,548.1471250929134,4285360
2022-06-29,550.6324462890625,555.5074496747859,544.0369358383313,548.194973767226,3334027
2022-06-30,539.5921020507812,557.084624425824,531.6583414481172,551.5405542662547,5646362
2022-07-01,553.3088989257812,554.886117946688,531.9928719547236,531.9928719547236,3737790
2022-07-04,543.4547729492188,560.4531316679387,536.2612766508328,553.9001171474471,6026463
2022-07-05,544.5879516601562,555.7723535106617,542.5678089970023,547.3963517290293,3562565
2022-07-06,546.460205078125,549.1700880409678,533.1078846901636,540.0057685955817,3281658
2022-07-07,566.2177734375,569.5681986640247,543.5532949439489,552.3727453432219,4952962
2022-07-08,557.9403076171875,572.622910887906,554.3435296226868,571.538981704653,3313755
2022-07-11,568.8783569335938,582.7233840245478,552.9146699051695,555.7723888703929,4900994
2022-07-12,566.0699462890625,572.9678304213991,555.279672653095,565.5279817076199,3425619
2022-07-13,580.0134887695312,585.0883847116778,566.2177205405401,567.153873985034,4569908
2022-07-14,575.4805908203125,582.8219220301086,565.8728241071309,580.4076506732262,4660656
2022-07-15,567.9915161132812,575.4806234565169,561.0443132108699,573.5097994035837,3051005
2022-07-18,577.4022216796875,583.3639527489256,569.5681835960794,574.3967268574878,3583550
2022-07-19,576.3182373046875,580.9989447364604,568.9769653433107,572.3765889410894,3586372
2022-07-20,581.7379760742188,591.1979677827819,578.4368697849756,586.8128721583525,4550328
2022-07-21,578.9788208007812,587.2070472614508,576.5152907487442,581.294575136562,3773423
2022-07-22,573.9532470703125,583.9058844836313,570.7506579830357,579.4222717903991,4351458
2022-07-25,576.958740234375,579.8164591627891,565.1337959426371,565.1337959426371,5783353
2022-07-26,589.030029296875,590.9023361748006,573.1156012688357,575.4806141520285,6031921
2022-07-27,593.9078979492188,594.9918272254889,581.3931519710547,587.3056247029638,2913380
2022-07-28,607.7036743164062,617.8041486774349,594.2527746460011,596.2728574892501,5104503
2022-07-29,620.4153442382812,628.6435701683362,611.4973780539567,613.9116493782188,4732970
2022-08-01,629.8754272460938,631.6491569996638,619.0851527067688,625.3424954927685,3055387
2022-08-02,639.23681640625,640.4685814832835,617.1635621678984,628.4465423024809,3053206
2022-08-03,643.2769775390625,651.160273979847,635.5907755382533,640.5178358137437,4446383
2022-08-04,654.658447265625,663.6257326774612,643.3755278242028,643.3755278242028,4705675
2022-08-05,657.4176635742188,664.1677119598163,655.299003639878,655.3975207855219,2455459
2022-08-08,659.4376831054688,666.1384722769333,652.7861525021118,660.7187066001239,2446698
2022-08-10,660.3245849609375,664.9560335850111,650.3719473995525,662.7388564916035,3252353
2022-08-11,663.7734985351562,668.4049469598765,659.6840748257607,663.2807925356068,3480693
2022-08-12,668.306396484375,675.0071857150738,663.1822423156856,663.7734654277461,3476671
2022-08-16,664.0198364257812,670.9670389771721,660.6202132220653,668.1093201868997,2747244
2022-08-17,662.7880859375,666.5819582174701,658.6494036608422,662.7388273665446,2349839
2022-08-18,663.5764770507812,667.8629952716336,659.1421229693022,660.2260521313087,1806855
2022-08-19,654.8555297851562,666.9268267338025,653.4266703622799,666.9268267338025,1961510
2022-08-22,633.5706787109375,653.4266950910466,631.649113217436,651.2588367340473,2303053
2022-08-23,643.326171875,645.4448316398184,627.4118048611261,632.6344762026922,1751341
2022-08-24,641.9959106445312,647.711288150094,637.5615566953364,644.9521466106611,1781643
2022-08-25,639.23681640625,650.2241248065211,637.6108624466542,644.4594883039161,1525852
2022-08-26,657.269775390625,660.7679758094017,644.459419948229,646.4302438624438,3070661
2022-08-29,640.1235961914062,650.3226462400631,633.2257123525128,644.4594329480489,2728484
2022-08-30,657.1713256835938,658.2552548897221,641.9959559291227,643.3262381498056,2321586
2022-09-01,651.9485473632812,660.0289376958241,643.7203813193669,645.4448522987911,2472832
2022-09-02,651.7515869140625,659.2406948151864,644.4595133170881,650.3719859163274,2022058
2022-09-05,672.0017700195312,673.5784052662385,652.3427872861073,652.3427872861073,4930594
2022-09-06,674.5638427734375,676.9781144536478,668.6021115819505,672.0510539408847,3295941
2022-09-07,674.613037109375,677.7171089947421,665.9414234616254,668.1093419097567,2310672
2022-09-08,675.3521118164062,681.018230998251,669.3903810540294,676.9780657264987,1889770
2022-09-09,676.9287719726562,691.5128572537922,675.1057237220305,676.978030542722,3953738
2022-09-12,676.9287719726562,676.9287719726562,676.9287719726562,676.9287719726562,0
2022-09-13,680.968994140625,687.7683614335705,676.5838984311039,679.93432350338,2094822
2022-09-14,682.7427368164062,691.5621869774619,672.0510397868012,675.0072760321976,2755630
2022-09-15,679.5894775390625,687.8176445006056,674.5145811757371,682.0036890636765,2887795
2022-09-16,675.8447875976562,684.368625347803,669.0947395409046,675.0072114661556,4073365
2022-09-19,670.0308837890625,681.412380060467,665.4979526215357,672.0509663069247,1708723
2022-09-20,678.9489135742188,688.0639751860642,672.100287685552,673.3813113425851,1802967
2022-09-21,674.859375,682.3978007557897,672.0509748959546,675.2043052821926,1806929
2022-09-22,669.4396362304688,676.9780622920686,664.1677059459304,671.0655901323124,1504203
2022-09-23,659.2406616210938,676.9288199521401,657.2698375205823,671.5583122492906,1558314
2022-09-26,636.7240600585938,652.2935593951263,628.6929272900013,649.5836760878418,2192702
2022-09-27,627.7074584960938,641.4539682425067,623.7658104050664,639.926591636189,2512782
2022-09-28,607.5064697265625,623.273060992783,606.0283517953543,619.9226362908022,2164186
2022-09-29,609.2310180664062,618.8387858401992,608.0485115422142,611.4481952449738,3577828
2022-09-30,622.435546875,624.7019825662679,605.2400945339123,611.9408844604005,1588501
2022-10-03,614.4536743164062,621.7950061485421,612.1872386208903,621.7950061485421,1285991
2022-10-04,633.8170776367188,635.5908073958439,622.9282859110641,624.5541797966031,1384242
2022-10-06,664.6111450195312,668.1093456410564,638.9411740780595,638.9411740780595,3704140
2022-10-07,656.3336791992188,663.1823049268994,649.9285009198356,661.6056697160394,1601796
2022-10-10,656.284423828125,658.2552479237049,644.9521852785402,646.0854331914101,1089870
2022-10-11,633.3735961914062,659.5855327071105,630.6637130493972,659.5855327071105,1644047
2022-10-12,641.6017456054688,644.2131115303861,628.8899665661521,636.5761683344235,1530483
2022-10-13,638.891845703125,646.4302715558557,632.3388919944925,642.9813295582254,938662
2022-10-14,630.9100341796875,649.8792152151565,629.6782691773843,648.4010972123926,1386827
2022-10-17,622.238525390625,626.968491767141,614.8971927115065,623.9137381048538,2281559
2022-10-18,627.4611206054688,629.1855916868344,621.94283720301,625.342460647594,1809430
2022-10-19,616.7694091796875,630.6144360722227,615.882514301183,630.6144360722227,2157157
2022-10-20,619.2329711914062,620.8096064514663,606.028425345479,609.575884753004,2686775
2022-10-21,612.9755859375,621.3023302272337,607.5065608010937,620.9081413285742,2547197
2022-10-24,612.9755859375,612.9755859375,612.9755859375,612.9755859375,0
2022-10-25,634.9501953125,641.453950570382,615.0941796878515,615.0941796878515,4787246
2022-10-27,669.6859741210938,673.0363989939078,638.5469788404864,640.5178028492534,8328955
2022-10-28,660.6202392578125,668.5527939537368,653.7716137210421,666.729745638172,2500826
2022-10-31,664.118408203125,666.5819381243883,659.2898654995395,662.1968428355849,1380329
2022-11-01,676.3375244140625,678.2098313336282,660.226061741418,660.226061741418,2846573
2022-11-02,674.2189331054688,683.8267005426158,672.3466261623698,675.0072507123816,1912908
2022-11-03,670.2772216796875,677.9634228751901,668.0600447880172,668.7991037519073,1639039
2022-11-04,691.5128784179688,693.6807968701794,672.3958613549873,673.233497650838,3624889
2022-11-07,699.642578125,705.0130860001269,689.788457306338,695.0111293112728,3121786
2022-11-09,696.2428588867188,705.7521090494153,692.7939167761748,705.555014614143,1632827
2022-11-10,690.8231201171875,695.4053103037344,687.0293077030037,689.5913550288448,932886
2022-11-11,708.51123046875,711.4182079078342,694.863298279105,695.7008744241134,2607860
2022-11-14,708.9054565429688,720.730401204938,706.1955733912674,712.0587270036708,2089880
2022-11-15,711.8123779296875,714.2759080812332,702.401704779739,709.8908725273052,1065114
2022-11-16,697.9180908203125,711.4182480582175,693.7300895693611,709.989388543643,1395043
2022-11-17,698.262939453125,702.549517864678,687.3741485653475,694.7154802078469,1391449
2022-11-18,697.8688354492188,701.2192003784892,690.9709510042288,699.6425651346889,893816
2022-11-21,686.3887329101562,712.3050570981252,682.5456621055392,709.4966568891829,3360316
2022-11-22,697.9180908203125,699.5440447756523,680.9197328017451,686.3394991265056,2421572
2022-11-23,710.0386352539062,711.4674947446066,697.6717261484507,699.7410673799629,1735389
2022-11-24,715.35986328125,717.8233933151789,706.6389308742757,711.4674737986869,1654760
2022-11-25,715.6062622070312,717.9712151045028,709.5952124516335,711.467519455481,1466688
2022-11-28,705.2101440429688,714.1773694671566,699.6425420099085,708.0185442734074,2418509
2022-11-29,721.8635864257812,725.1647528857605,703.4363690304975,704.0769109219979,3306817
2022-11-30,732.5553588867188,734.7725360502442,720.4347422769558,723.3909784949897,3962572
2022-12-01,735.4129638671875,741.9659777277365,732.2596334369626,736.2506001543901,1942307
2022-12-02,732.2103881835938,740.3400373347323,729.7468581377942,735.757907536411,1392199
2022-12-05,745.562744140625,747.9277571539643,735.117400312065,735.5608477701635,2129340
2022-12-06,735.8565063476562,744.7252154968078,729.402068940286,743.9368978236176,1468238
2022-12-07,727.3819580078125,740.0444793014631,725.5096509796301,736.1520895185246,1162282
2022-12-08,733.8363647460938,735.8071888436286,725.3125264663437,727.3819278556225,1053397
2022-12-09,729.59912109375,739.8473705406108,727.4312025095821,737.5316762327283,1338271
2022-12-12,730.04248046875,731.1757283644225,716.8872538882983,727.234080233078,1224081
2022-12-13,733.3929443359375,735.1174154848632,724.9184244619867,733.6392973572126,1201367
2022-12-14,746.89306640625,748.5682789001985,734.9695446567865,737.0389460239386,1471083
2022-12-15,732.5060424804688,751.7708966779842,730.1903481602745,744.9715292971223,1690335
2022-12-16,732.6046142578125,736.6447796802132,724.2778702511395,729.0078361503543,1498658
2022-12-19,738.51708984375,739.8473720838566,728.9585807105129,731.175757873877,944749
2022-12-20,734.9202880859375,736.2506304280404,722.4055431373531,729.6483577249498,1512103
2022-12-21,732.2596435546875,741.9659879795752,728.8600202221658,739.0590105092834,1605753
2022-12-22,726.7905883789062,738.0735674943908,723.7358353216854,732.2596127980074,1403642
2022-12-23,717.2321166992188,725.8052133260817,711.8616692910635,719.3015180338556,1687270
2022-12-26,721.5186767578125,726.5935124591932,712.6992273492846,716.9364869105153,1168456
2022-12-27,753.7909545898438,758.0774729205068,723.7358872676566,725.1647467594703,4992699
2022-12-28,750.58837890625,755.9095679488789,746.1047660575746,749.8985784345817,1917734
2022-12-29,758.176025390625,760.1961079844044,741.5225383452921,744.9714803841074,2103907
2022-12-30,756.845703125,766.1578589052801,754.0865614498593,761.7235047379827,2190914
2023-01-02,763.9899291992188,772.0703198146194,754.9734452780392,760.6395644087783,3360043
2023-01-03,756.6978759765625,765.1723948623962,752.4605563888721,764.8275247307348,1635681
2023-01-04,725.558837890625,756.4515399356304,723.8343669041259,755.2197749452739,2819669
2023-01-05,739.7488403320312,741.8674401594462,725.8052357219838,731.0279075747469,2452379
2023-01-06,717.724853515625,743.3948859257996,715.3599006463912,739.0590487817019,3536096
2023-01-09,731.5206298828125,735.75794992151,724.4257110580112,726.0023463202382,1761359
2023-01-10,734.3290405273438,740.487865578491,724.3270845863702,733.3928870906142,2289489
2023-01-11,743.19775390625,747.3857549709257,737.1374459547498,739.0590114133798,2794465
2023-01-12,752.3128662109375,753.2490197180165,741.6211090318242,747.336547224609,2422254
2023-01-13,757.2891845703125,760.6888682801632,750.588394445621,753.8402422853468,1816006
2023-01-16,748.1248168945312,759.7526666904097,742.7050507897359,757.5354896475388,1673126
2023-01-17,746.4496459960938,752.6084714581077,736.398430813131,747.3857994952758,1480994
2023-01-18,755.9588623046875,758.2745565155376,744.1831765260756,747.927730208308,1740579
2023-01-19,748.96240234375,762.708912209031,746.0061662499165,751.8201212923666,2185302
2023-01-20,730.6337890625,752.8548191430679,727.6282942872853,748.9131708753031,3001352
2023-01-23,723.2431640625,736.2506147546378,715.409126475037,726.7906232763664,3335294
2023-01-24,711.5167236328125,727.135539942985,708.5112290572825,724.2778210808104,3146984
2023-01-25,714.0789184570312,716.2960957321269,706.5404916637932,712.4529643973814,1567673
2023-01-27,710.8269653320312,717.6263326030719,701.219197748262,717.1828851471729,2706934
2023-01-30,691.463623046875,714.4237109704885,682.6934320542922,714.4237109704885,2277856
2023-01-31,705.9984741210938,709.299580425397,693.8779179544555,698.3615307458211,2294866
2023-02-01,719.05517578125,727.9238841186087,709.2995725522444,711.4674910636654,3271508
2023-02-02,716.7887573242188,726.1501719049583,711.2211551209199,719.1044516099637,2299091
2023-02-03,721.1737670898438,723.5880385822302,709.0039526280103,716.394542822187,2558496
2023-02-06,700.6771850585938,720.6317779016046,698.7556196447562,717.2320944993959,1202963
2023-02-07,703.6826782226562,710.1371748750083,695.799382300174,697.6716891396735,1946683
2023-02-08,721.2723388671875,725.2632455125881,702.1553216531026,707.3287347494901,1793312
2023-02-09,713.1920166015625,726.6429159984893,711.9109928839462,722.307078644484,956700
2023-02-10,708.4619750976562,716.0496595873235,701.6133496139024,711.4674696927493,997205
2023-02-13,707.5750732421875,717.0843230822389,704.569578676787,705.5549906749364,863438
2023-02-14,713.2904663085938,715.409126208582,705.0130414310629,711.1226079813587,931784
2023-02-15,716.5424194335938,717.9712188365685,709.5952161401602,709.5952161401602,859372
2023-02-16,717.3306884765625,720.7796305296797,713.3890404158573,720.1390886619046,649802
2023-02-17,717.774169921875,725.1647603858779,714.8179337362739,715.4091569154824,1142716
2023-02-20,712.7977294921875,722.3069791279756,710.8762242528913,717.774108091767,606435
2023-02-21,709.5951538085938,725.2632285928993,706.8360122505105,719.3507566206746,1749017
2023-02-22,689.7391357421875,712.6992231239309,684.8613343534489,709.5951512916132,1810091
2023-02-23,691.0694580078125,703.879814646167,689.8869515199318,691.6607413241421,1824396
2023-02-24,675.0072631835938,696.4399755547516,667.321061120824,694.7155044444286,2142286
2023-02-27,670.5728759765625,675.0072300425353,656.1365659038737,674.514524035205,1814311
2023-02-28,657.4669189453125,673.972570460374,655.2004833035431,673.972570460374,1915622
2023-03-01,666.8283081054688,668.8976492341417,658.2552117320987,658.2552117320987,1464537
2023-03-02,665.2516479492188,673.7262276285331,663.7735298807686,670.2280268954901,1091983
2023-03-03,672.3466186523438,675.9926552064653,666.1877934409146,671.5583010542363,1084202
2023-03-06,664.4140625,673.8247353755681,663.5271676133906,673.5291237949574,1215223
2023-03-08,665.54736328125,667.1239985996435,654.3136411671541,660.226113828303,1539129
2023-03-09,670.2772216796875,681.8558121139658,662.7387961900994,667.2224085420783,6336933
2023-03-10,669.4889526367188,671.4104579661853,656.3829246120098,658.5015845198535,5369878
2023-03-13,665.7443237304688,681.3631400311377,663.231535157203,672.8393021656942,1602921
2023-03-14,662.2461547851562,672.8393343004478,657.9596364345542,668.1093684993198,1555671
2023-03-15,669.7352905273438,674.810126245551,664.8574890935131,671.0655726707632,1173429
2023-03-16,652.7369384765625,665.8429061604214,639.5816520764588,665.3502001561803,2512474
2023-03-17,666.53271484375,668.1093500189223,654.8062877397845,660.2260538535073,1667707
2023-03-20,658.403076171875,663.0837833447274,650.3719440173857,663.0837833447274,1480884
2023-03-21,656.0380859375,661.7042053428934,652.3427906731131,661.7042053428934,1133592
2023-03-22,652.589111328125,661.4578195228447,650.4211928515715,656.2844064092583,949388
2023-03-23,658.0582275390625,661.0144640151093,648.6475534526038,652.2443318897082,1099501
2023-03-24,648.2040405273438,661.3593276048263,646.1839578348943,661.3593276048263,1563002
2023-03-27,649.2386474609375,656.7770730322704,646.2824115733204,651.4558243766504,1134491
2023-03-28,650.3719482421875,653.2789257973772,646.3810414978387,652.4906081920998,1190600
2023-03-29,668.9962768554688,675.4507138702954,648.9923637642579,653.6238125116532,2208428
2023-03-31,678.0619506835938,682.397787397894,666.9268074813626,669.0947258385128,1447293
2023-04-03,672.2481079101562,681.5602637474926,666.2863770776618,680.328498693474,1335604
2023-04-05,676.53466796875,679.9343517564888,665.2024287728085,668.6021125605473,1188370
2023-04-06,672.7407836914062,677.9634552567254,670.326512265098,677.9634552567254,726290
2023-04-10,678.4561767578125,683.1368838596275,672.8393162066792,674.0710812334726,600036
2023-04-11,703.1900024414062,704.5696033450278,678.4561844797925,683.629597651207,4076632
2023-04-12,707.772216796875,711.9602180796968,701.0221681989447,709.3981707645881,1810361
2023-04-13,710.13720703125,711.4674892204964,703.8305459497778,706.5404290458392,835749
2023-04-17,710.6791381835938,713.0934095845382,703.5841598369552,703.5841598369552,1253589
2023-04-18,708.8561401367188,714.4237423244693,702.0075744468108,709.5459406065396,837349
2023-04-19,711.8123779296875,722.9968409045722,704.9144935053597,704.9144935053597,2268330
2023-04-20,705.35791015625,716.3945367821239,702.3031569596563,715.4091247645418,1033900
2023-04-21,700.2831420898438,708.5113091746405,692.8432325216278,708.5113091746405,1416385
2023-04-24,709.841552734375,713.3398136600998,694.8633375514646,698.2137024656297,729151
2023-04-25,714.4237060546875,719.9419892435443,707.328727565603,709.8415161579436,1079227
2023-04-26,712.8963623046875,714.0788687981271,701.6133822604479,709.4966786903406,1277410
2023-04-27,721.4201049804688,724.0314708522728,707.1316309044456,712.4528797906679,1247848
2023-04-28,714.7192993164062,725.2632195645743,711.0240043797661,725.2632195645743,1593083
2023-05-02,727.1356201171875,735.6101402063268,717.8727222241247,721.2724060330032,1965606
2023-05-03,721.7650756835938,724.770570438919,715.3106387167985,720.3362161670289,1215913
2023-05-04,727.9238891601562,731.175736877421,719.597145356788,723.2431819496876,1464468
2023-05-05,722.6519165039062,730.8308847897212,719.8435161660982,725.5588941354495,945667
2023-05-08,722.1099243164062,730.1903149998813,719.400041231049,724.86906597436,1132367
2023-05-09,714.029541015625,729.6976165290554,711.9601997869581,722.8982493866736,1179219
2023-05-10,713.783203125,718.9566164510306,708.905461533423,714.4237450232773,919645
2023-05-11,700.2337646484375,718.7595589332423,698.1644234427918,716.8872520178278,1284636
2023-05-12,692.3998413085938,698.5586669797199,681.0676020737218,689.6899580132983,1499306
2023-05-15,695.2573852539062,700.1351864070193,686.8321251593138,691.6606677441677,998259
2023-05-16,692.4983520507812,700.677260437366,690.3304334056575,700.0860372363238,874913
2023-05-17,684.9598999023438,691.1187252868231,681.7080521282945,691.1187252868231,1686465
2023-05-18,681.9544067382812,699.1498592809113,679.1952649885386,690.5767622967139,3667407
2023-05-19,683.7280883789062,686.4379713639913,671.1148268772837,685.8467482251555,2329260
2023-05-22,694.3212890625,697.4746195728425,677.4215089131825,681.9051215999493,2182824
2023-05-23,693.82861328125,701.5148755303579,692.2519780297702,699.6425685425435,2324758
2023-05-24,685.8467407226562,696.2428251227589,684.3686227469608,689.7883886578439,1185182
2023-05-25,686.4873657226562,692.3998383416018,679.9343511787455,682.8905874882183,1213068
2023-05-26,691.463623046875,695.1589181036188,684.0237743615859,686.487304399415,1461749
2023-05-29,691.9563598632812,698.6078912615748,690.8723705115068,692.9910304962822,1467219
2023-05-30,694.3212890625,707.4273171165866,687.7190766079175,690.872346973483,3317461
2023-05-31,686.1423950195312,694.6662332681209,680.9197232091116,690.921679525449,14943096
2023-06-01,683.7280883789062,691.6607030510661,681.0675241093701,688.704467067337,1995511
2023-06-02,696.2921752929688,698.706446999833,685.600477920147,687.8176551753685,3405152
2023-06-05,701.76123046875,703.5842187423133,692.744685960569,698.6078998123776,2454283
2023-06-06,702.4509887695312,707.0331790751083,698.4600818085862,703.5842367381565,2436996
2023-06-07,719.1044311523438,721.5187026623862,703.5841916310701,704.8159566724411,3667486
2023-06-08,737.8765258789062,753.2982484120553,717.2321315460381,719.1044384859271,9618332
2023-06-09,737.5809326171875,745.9076766175733,730.6830481438137,740.537168820062,2408734
2023-06-12,736.3984375,746.8931002404806,733.7871315672621,743.591933675997,1703619
2023-06-13,745.6119995117188,751.4751526830864,740.1922336159995,743.9860456850932,3419413
2023-06-14,761.57568359375,767.6359917974307,748.075586539323,750.44053938739,4758206
2023-06-15,759.3584594726562,766.6505322953291,757.2891183405661,766.6505322953291,2222061
2023-06-16,764.7782592773438,770.3951199276252,761.4278944321915,765.6158955972152,2285788
2023-06-19,760.3932495117188,770.5922404002812,756.648635521827,769.1141222920965,1422461
2023-06-20,761.871337890625,775.0265644822216,757.3384064488721,760.9351844296821,2282549
2023-06-21,747.681396484375,762.7089303181631,741.0791236890992,761.8713541296012,2768203
2023-06-22,741.3746948242188,752.6084156924649,735.0680941052814,743.1977431127614,1972478
2023-06-23,735.610107421875,747.6321466585293,732.9987413885206,739.0590496535918,1704679
2023-06-26,737.8765258789062,740.3893145599734,726.39651166312,738.9605152132339,1602537
2023-06-27,751.376708984375,753.8402391777663,738.1229045149732,739.059058017418,2783577
2023-06-28,771.9718017578125,779.9043565025158,750.8839604382501,756.7964325676852,8340755
2023-06-30,773.351318359375,777.4900607497353,768.621352832438,774.8294363455913,2515440
2023-07-03,782.4171752929688,796.5085557157629,775.5685494500506,776.5047029355912,4781944
2023-07-04,785.0285034179688,791.0394926332602,777.7856890429007,786.3587855762587,2473106
2023-07-05,780.3477783203125,791.8770504783532,776.6031646454611,785.077743839608,2526894
2023-07-06,783.9445190429688,792.8132272066886,777.4900823527724,792.7147100627801,3316923
2023-07-07,776.8988647460938,790.2019270866448,772.9572166451898,784.3879720799006,2547821
2023-07-10,798.7750244140625,801.9283551638556,776.2583819809997,777.4901471063266,4777540
2023-07-11,789.0773315429688,807.186317112107,785.0200881806069,807.0378585459039,3085989
2023-07-12,797.2907104492188,806.2957072098721,780.4186778382605,796.1032230834548,25929716
2023-07-13,793.7777709960938,805.7019898575464,788.4835741319331,802.238520289599,3049961
2023-07-14,796.4495239257812,799.4677385133409,783.8325993583661,799.4677385133409,2011903
2023-07-17,789.8195190429688,803.5249387277862,788.6814977414355,797.2412395361441,1769593
2023-07-18,782.6451416015625,792.639700431529,780.2701670290395,791.4522131452676,1527919
2023-07-19,783.6347045898438,789.5225541733138,780.8144147340712,787.6918873882519,1563134
2023-07-20,790.7100219726562,793.0849964876048,777.5488508310841,786.7023053270275,1780010
2023-07-21,778.2415771484375,814.7564035849331,774.431724614173,789.6710139550058,8469798
2023-07-24,767.5543212890625,780.7649589833376,765.1298806295804,780.7649589833376,2710762
2023-07-25,792.1943969726562,797.0927443527708,768.8902077741811,769.8797704611492,4850069
2023-07-26,797.0432739257812,800.5562093656247,791.7490773406761,799.0223992888607,3062011
2023-07-27,785.4653930664062,805.9988190898745,782.7440956416092,797.5875361405019,2865447
2023-07-28,795.7568969726562,797.5875638719248,777.7963091852765,786.7023737942682,2111325
2023-07-31,808.225341796875,812.6289079273042,797.7854673066087,797.7854673066087,4226070
2023-08-01,812.33203125,816.3892140941317,808.423246569563,814.4100887266308,2406158
2023-08-02,795.8557739257812,809.3138020206746,790.0173300386383,808.4726979140357,1975596
2023-08-03,796.0537719726562,800.5562704375207,785.9107537130956,795.8558473416267,1829238
2023-08-04,797.5380859375,806.2956918466728,794.4209392115285,799.5666774330474,1275614
2023-08-07,804.56396484375,808.0769004525567,795.1631189169656,799.5666851412403,1422051
2023-08-08,792.9365844726562,807.9779496879271,791.1553836809525,806.5430716841798,933777
2023-08-09,814.8554077148438,820.2485364454009,792.9860360657647,793.3324192455183,3133311
2023-08-10,822.8214111328125,826.2848806926019,810.6992676735498,816.389253378918,6313077
2023-08-11,812.0846557617188,822.6729283573156,807.0873157968587,821.3370428685221,3239511
2023-08-14,791.1058959960938,806.4935835786154,785.267452029347,806.4935835786154,1866848
2023-08-16,786.9992065429688,795.3115574172022,780.7649735863507,795.3115574172022,1317570
2023-08-17,781.5071411132812,788.3351478919401,775.4213063584716,786.5538867162107,1434401
2023-08-18,778.884765625,785.6138402051255,775.1244394995913,781.6555894629872,1546387
2023-08-21,786.4549560546875,789.2751855912655,779.577483208056,784.7232213291817,1033216
2023-08-22,786.9002685546875,791.6006913643663,784.030512574796,791.5512253091504,823108
2023-08-23,789.5721435546875,794.519957312022,784.7727279712027,790.6606384220543,1274976
2023-08-24,779.6764526367188,798.2802187718146,777.9447179624764,791.6501367965212,1726077
2023-08-25,765.0804443359375,779.3301113248305,762.5075450142779,772.84848756127,1502054
2023-08-28,764.9320068359375,772.7990427892294,762.9528813331278,767.4059137144496,1769280
2023-08-29,774.4812622070312,777.697340944213,767.4553308807816,770.7704021256677,1807893
2023-08-30,778.934326171875,783.6842151907217,775.9161115303963,776.5098854065744,1978468
2023-08-31,771.5125732421875,783.5357236529159,768.8902079618368,778.9342933962592,3999415
2023-09-01,797.9833374023438,799.2697567552813,769.8797342548754,770.8692968953058,3513798
2023-09-04,801.3478393554688,817.9724801581747,800.061419962054,803.4754232585831,3571051
2023-09-05,807.4336547851562,809.4622461341098,792.1448997926099,800.5067162485564,1770212
2023-09-06,806.3946533203125,808.9674921329887,794.9156899759491,807.5326141651792,2225037
2023-09-07,810.7487182617188,812.8268361968122,797.0927649090086,803.5743885961814,2652562
2023-09-08,807.2357788085938,815.3996711471422,802.1395067046783,810.7487143413159,1866220
2023-09-11,815.6470336914062,820.6937791673765,807.92845691717,811.4413923287268,1715172
2023-09-12,807.6810913085938,831.2326715907076,803.4259837598356,825.0973707445819,2776481
2023-09-13,802.238525390625,811.5899053631667,799.566693913025,809.4623213129387,1380634
2023-09-14,801.89208984375,816.3892071974713,800.4077458306637,804.4649890386338,2398032
2023-09-15,804.3660278320312,811.1445686610955,796.5979846871847,804.5639524544337,4454542
2023-09-18,800.3583374023438,806.444172453423,799.1213839690445,804.3660544466101,1335464
2023-09-20,778.5384521484375,802.3374229403368,777.0046420471514,799.6161255225952,3359951
2023-09-21,770.22607421875,783.3377794972345,765.9215007960016,781.7545033964358,2875491
2023-09-22,765.9710083007812,775.5203126701829,764.6351227933216,771.8589185410701,2147621
2023-09-25,771.7599487304688,775.2728841213269,766.2678276060165,768.8407267810103,2326745
2023-09-26,771.5125732421875,780.1712467552712,769.8303045943086,771.7599639139898,1727679
2023-09-27,771.4630126953125,777.4993810593877,766.5647259285905,771.8588619119474,2612372
2023-09-28,760.0831298828125,779.1817394212151,756.3722695421567,772.5516568662865,3157286
2023-09-29,771.4630126953125,775.7181803807514,763.3981133898425,767.7521527822743,1704218
2023-10-03,762.210693359375,768.4449264834702,759.9841772151899,768.4449264834702,1099773
2023-10-04,748.703125,759.9841640950316,745.2891819563463,759.9346980389713,1654158
2023-10-05,747.6146240234375,754.6900215271803,745.0417851483206,754.046781609344,1459736
2023-10-06,757.21337890625,763.1012889636803,750.7317553968575,752.4139636434548,2026927
2023-10-09,749.6431884765625,753.4530409944099,741.3308982885643,748.6041597528268,725323
2023-10-10,763.843505859375,766.1194880897792,749.3958535655472,751.7213622516193,1351582
2023-10-11,769.1376342773438,774.3823046829826,766.4658028184361,767.9006808610084,1841618
2023-10-12,775.2728881835938,781.7050455576136,771.3146374918892,774.2338594566438,2139718
2023-10-13,769.1376342773438,771.8589317932816,764.9319926618034,769.879806327145,998547
2023-10-16,782.447265625,786.059133364176,764.9319931586901,769.1376347769624,2157341
2023-10-17,781.9030151367188,787.6919329469949,779.9238896770529,784.4263880181695,1050381
2023-10-18,776.2130126953125,792.6397294969269,773.0463999485358,784.8221599406452,1250892
2023-10-19,772.30419921875,774.5307152301064,761.1221531080051,772.0073424968583,2130597
2023-10-20,761.3695678710938,771.6115176882162,753.9478475983632,771.4630591235159,1501944
2023-10-23,741.1329956054688,766.7131672191628,738.3127056740326,762.7549164225765,1715908
2023-10-25,740.48974609375,753.8983084137654,733.7607319063956,746.2291975947843,2417579
2023-10-26,721.0943603515625,737.2242204783793,717.9277475933748,736.9273637443868,2519570
2023-10-27,724.3599243164062,727.7739278426027,717.6803758339804,722.0839420983141,1588987
2023-10-30,726.8338012695312,729.10978339402,718.422518341293,727.1306579991405,1162173
2023-10-31,728.6644897460938,730.841539824755,719.4121024094278,729.3077296777831,1363728
2023-11-01,716.888671875,729.6045277328315,715.4537939568751,729.2087389128006,1845107
2023-11-02,725.69580078125,726.7348899617967,717.4329761803501,720.4016643576481,1095177
2023-11-03,738.2632446289062,740.1929039849605,727.3285888087513,728.2686854589433,2526039
2023-11-06,746.1302490234375,748.5546896310539,737.1252529358477,740.2918051437176,2782755
2023-11-07,740.78662109375,751.6718109117876,739.1538788599132,749.0989720231337,2288975
2023-11-08,748.8021240234375,749.8411528022009,737.2242280932229,742.1720417045868,2664277
2023-11-09,743.0131225585938,751.9687132328099,741.2319217939838,748.802100541218,2579350
2023-11-10,746.8724365234375,751.0780779347983,737.2736663990619,744.0522070303584,1108868
2023-11-13,753.1561279296875,755.2837118405961,745.1406944198741,748.6536298371846,942603
2023-11-15,764.7835083007812,774.3328125120929,760.9737160661973,760.9737160661973,2443652
2023-11-16,761.1221923828125,766.2184041662424,755.4322067268474,762.4580778993146,1699954
2023-11-17,760.7758178710938,766.8121867877721,758.0050542953293,763.9424306997314,1567731
2023-11-20,753.8983154296875,763.9424009485546,752.7108885135434,761.8643434471887,1024654
2023-11-21,767.7026977539062,771.4630237734943,757.9555297349344,758.8460998879858,1846834
2023-11-22,760.429443359375,768.6428014139473,757.5102214127797,767.702704800893,1312655
2023-11-23,767.455322265625,769.8302968502825,759.1430320155491,763.8929207867515,1068229
2023-11-24,773.887451171875,778.0436263429315,768.2964584901212,770.8692971970031,2069730
2023-11-28,774.184326171875,777.3509387769138,770.6219247400262,776.8066913912303,858569
2023-11-29,784.9706420898438,786.4055201398802,775.0255486503961,775.0255486503961,1481172
2023-11-30,792.7386474609375,799.7151127497469,781.358676516446,785.712776515323,3142500
2023-12-01,802.33740234375,806.4935776455951,788.5825174424042,796.5979509260173,2064512
2023-12-04,811.0455322265625,814.80591865421,803.8712029393528,811.441381449929,2789349
2023-12-05,813.1236572265625,817.3787646237952,805.701937208792,807.4831379334345,1338828
2023-12-06,816.0923461914062,824.7015535017459,806.6915008245311,816.3397368589556,1543909
2023-12-07,810.600341796875,821.3370733555901,809.3138619177045,820.2980445592816,1717648
2023-12-08,830.5894165039062,844.542286618214,813.5194601669319,816.1912914992984,7142037
2023-12-11,836.2794189453125,838.1596122465517,823.1182470309813,832.7664834175266,1630946
2023-12-12,844.9381103515625,853.794708838484,836.4278950579857,837.7637805802873,2518863
2023-12-13,842.5137329101562,850.2323101284625,831.2326936231669,845.9276760119016,2170707
2023-12-14,838.555419921875,852.5576952832456,836.9720834313912,851.023885244114,2711444
2023-12-15,858.1488037109375,861.4638146669646,842.711589024826,845.1360297708429,4058044
2023-12-18,845.9771728515625,856.5159793236232,827.4228723041523,835.1909153074225,4324786
2023-12-19,849.7374877929688,852.5082512251632,838.7533057751116,846.6203411829293,1285256
2023-12-20,833.4591674804688,854.7347651068624,830.9357947253329,850.0343423754498,1764901
2023-12-21,833.1129150390625,838.8029009311624,811.5403984687806,821.3370939900781,2106856
2023-12-22,846.3729248046875,848.5994407733414,834.3002483616973,836.1804415611384,1846933
2023-12-26,843.4042358398438,853.9925682910937,841.0787877679363,848.5499737075468,1294151
2023-12-27,866.7579956054688,872.2995225823104,846.719350872296,849.4901143607168,2466359
2023-12-28,871.6068115234375,886.4007859246608,864.8777972628005,873.6849294262096,4482599
2023-12-29,871.0625610351562,878.2368905637048,864.1850882350628,872.7942957489438,1906630
2024-01-01,868.440185546875,875.5650489367574,865.8673467329708,871.0625508133686,778184
2024-01-02,861.1174926757812,874.6249875908279,850.1333102238376,874.6249875908279,1615515
2024-01-03,828.9072265625,860.9195560088715,827.2744239349615,860.9195560088715,3983411
2024-01-04,828.3629150390625,834.9929972329234,826.2848575207112,831.4800617147038,1878399
2024-01-05,820.7432861328125,836.9720773552028,818.5662362230216,830.1935973614222,2060548
2024-01-08,813.37109375,827.9176778845589,812.134140343968,827.0270472729698,1107367
2024-01-09,812.8268432617188,823.2667178895842,810.6992592521314,819.8527144222043,1458862
2024-01-10,821.13916015625,822.6729703433964,802.733317114259,815.251249697736,1265739
2024-01-11,813.469970703125,828.0165538513032,811.5403114409393,826.0868945891174,1205504
2024-01-12,817.1808471679688,822.1286605564866,812.6783490640402,815.8944277665767,1326357
2024-01-15,816.5377197265625,821.8318562305712,811.4414474522197,819.0610926359675,1497605
2024-01-16,823.613037109375,830.7379007499264,810.7981878472486,819.0116067151444,1920936
2024-01-17,804.168212890625,821.3371028696774,801.5953134379453,821.3371028696774,1433551
2024-01-18,795.2620849609375,805.9988160554695,784.3273688494287,804.0196906630681,1991900
2024-01-19,808.1264038085938,812.1341206674144,796.8453648596554,796.8453648596554,1358166
2024-01-23,782.150390625,807.4831718573575,780.2207312596885,799.8140608501338,1533222
2024-01-24,803.7228393554688,805.5040401410226,775.8171590547441,786.7023487863796,1490515
2024-01-25,807.186279296875,812.430949350698,784.5252700704792,806.4935733505712,3240065
2024-01-29,803.22802734375,815.0037868196089,795.6083827428342,810.5012887730124,1574830
2024-01-30,803.52490234375,820.6937908146328,801.6942355309067,809.4622784694427,1892910
2024-01-31,810.1055297851562,813.4205406761113,799.6161289098319,803.5249136605869,1954023
2024-02-01,793.3324584960938,813.4205699817123,791.7491218776976,813.4205699817123,2287350
2024-02-02,814.954345703125,817.6756431154286,796.6969018936842,800.8036112387695,2871131
2024-02-05,806.1472778320312,825.2952919205834,802.535349817258,815.5481234834048,2056107
2024-02-06,810.2044677734375,812.1835931908993,796.6969126400146,806.1472848268866,1547506
2024-02-07,827.8681640625,834.1024576425244,814.4101349587586,818.7642351736778,3647454
2024-02-08,813.5194702148438,832.6675446682099,809.4622873105523,832.6675446682099,2294805
2024-02-09,803.2775268554688,816.3892327142121,792.0954803536727,816.2903006028258,1396058
2024-02-12,803.0301513671875,811.0455852807377,794.0746207852295,809.4623090799253,1408603
2024-02-13,804.168212890625,806.196804498812,782.2988393343805,804.4650696433638,1675844
2024-02-14,804.7618408203125,807.285213547443,788.2361321631319,789.6710101132609,1546826
2024-02-15,803.8712768554688,812.1836281255959,797.1917282842256,809.4623305595339,1482200
2024-02-16,811.3919677734375,815.7955339756747,805.0092761228343,809.6107669495312,1774587
2024-02-19,811.6393432617188,817.3293288192622,805.5040424070057,817.3293288192622,829517
2024-02-20,812.62890625,816.3892324531918,803.3269926543179,816.3892324531918,1384043
2024-02-21,819.6052856445312,841.1282738277713,812.3814901959859,812.4309562501179,6419882
2024-02-22,820.0011596679688,826.4333172505509,811.4908841659915,822.3266078655028,2366934
2024-02-23,812.4309692382812,827.5712663296033,810.6992345291862,826.2848469110412,1736000
2024-02-26,800.308837890625,819.1599953464784,797.7854650717983,816.5871564720107,1188689
2024-02-27,810.40234375,811.9856198296867,797.290638646352,800.5067172566808,1331211
2024-02-28,790.2647705078125,814.1627345508673,786.70236884587,814.113268494085,1851909
2024-02-29,791.7490844726562,797.4885963957778,781.7545254583206,792.6397150533098,3155812
2024-03-01,827.4723510742188,830.9358205629549,795.855810375991,795.855810375991,5377896
2024-03-04,815.696533203125,830.2431171809118,809.9570815406154,830.2431171809118,3821690
2024-03-05,810.7487182617188,818.0220404373737,802.5353598276921,816.4881699145257,2630517
2024-03-06,804.4155883789062,814.41014805361,791.6502046693657,811.8373090476815,2041620
2024-03-07,821.3370361328125,836.0815444346831,809.5117498582656,811.4414091914533,5074846
2024-03-11,821.13916015625,827.8681747953586,813.5690413365467,823.3162102919339,1622850
2024-03-12,809.264404296875,820.6443759138103,806.4936406784619,820.3475191686441,1231413
2024-03-13,784.6737670898438,812.0351399259891,780.220734871487,809.8581502710622,3047464
2024-03-14,777.2520141601562,784.6737342131247,753.7993667131537,783.7336375934595,5262918
2024-03-15,772.502197265625,781.952509599203,766.4658281554945,773.9370149575119,3992861
2024-03-18,796.0042724609375,800.0614554350045,770.374573971739,772.5021579691858,3561533
2024-03-19,792.689208984375,801.4963413983738,785.4654131696504,793.6293056529886,2192986
2024-03-20,786.3560180664062,801.5457812430633,781.0618214205623,793.8272043181232,1538050
2024-03-21,803.8712768554688,810.8972086285355,794.7178214059875,795.6084520414,2783067
2024-03-22,816.1912841796875,824.2562441591476,798.3296899335577,799.5666432802165,3983433
2024-03-26,813.3216552734375,825.2953404906131,809.5118024147961,811.9857093107512,2454193
2024-03-27,809.5117797851562,823.7120412098452,806.8894747876201,816.3892528432773,1884038
2024-03-28,821.5349731445312,832.0737797571937,811.4414214324557,818.3683603959036,3722941
2024-04-01,862.8492431640625,867.3022754937602,829.2535760637193,829.2535760637193,6053539
2024-04-02,870.072998046875,872.6458368900996,852.5577262965901,862.0080379375788,2784783
2024-04-03,859.9299926757812,870.3698671585628,858.0497993725953,868.6875984764672,1980049
2024-04-04,853.497802734375,869.4792640114867,844.6412047597117,867.1537554985025,2790334
2024-04-05,848.1541748046875,855.5264290757482,838.1101495344162,851.0239308236876,1847243
2024-04-08,867.30224609375,868.8360562090292,851.2713181706348,854.9821783195914,2462906
2024-04-09,865.4714965820312,882.1456639945675,861.4637798038879,872.5963599643491,2512308
2024-04-10,874.7239990234375,879.7212787975008,866.2137231921507,872.1510996519763,2519596
2024-04-12,857.4066162109375,874.6744974602659,853.0030501023639,874.6744974602659,4129109
2024-04-15,851.46923828125,872.7943024113373,841.3756866499315,853.893678978682,1974756
2024-04-16,836.4278564453125,854.5863074895829,833.9539497418363,850.529124655127,1706563
2024-04-18,835.9825439453125,849.0447834628247,832.914923782023,837.268963355785,3437879
2024-04-19,855.7738037109375,858.2477104402118,824.5036468121559,834.0528905482865,3157898
2024-04-22,845.878173828125,861.8101693476607,844.542288358246,858.0497828138572,1584578
2024-04-23,842.4641723632812,855.971727247296,839.6934089096178,849.5395697593106,1755588
2024-04-24,873.4869995117188,876.752544312719,841.1282874331954,842.4641729069322,4257548
2024-04-25,896.3458862304688,899.9083482078186,865.2241270743915,873.4870119011264,4893459
2024-04-26,877.9895629882812,904.4603669442537,875.4167239592844,900.5021158854166,3626999
2024-04-29,886.4007568359375,893.0803048221419,876.9009794148027,889.0231220564328,1956431
2024-04-30,872.9922485351562,893.3277504650108,870.8646645160377,893.0308937269773,1831578
2024-05-02,881.05712890625,885.2627703961455,873.7838671947355,873.7838671947355,2448369
2024-05-03,865.07568359375,894.2677818660753,856.9612577570746,886.4996787988101,3672279
2024-05-06,871.4584350585938,883.6795105128228,865.2241415931466,870.5183383933188,2556178
2024-05-07,848.4015502929688,871.8541981858737,836.922647218709,871.4584093477243,2369111
2024-05-08,855.6254272460938,857.5550262253746,841.5241585315994,841.5241585315994,1849894
2024-05-09,825.8395385742188,859.732061023316,822.3760691268657,855.6748781156623,2282517
2024-05-10,844.6907348632812,847.0162435525999,827.2249886551649,827.2249886551649,1947295
2024-05-13,851.6176147460938,853.4978079896057,821.3370210218814,839.0006906279865,1735081
2024-05-14,872.299560546875,875.7135640999943,852.2114488838987,855.1306710640476,2706050
2024-05-15,861.859619140625,874.2786185640919,854.3884330650025,872.7942745597385,2194086
2024-05-16,877.1484375,879.1770290387753,855.4275232624011,863.6903479878514,3282175
2024-05-17,897.9786987304688,905.4004191006063,869.5287706449413,878.731691824289,4635724
2024-05-21,913.8117065429688,919.2543015070149,881.5024595517034,882.6899468962092,5938708
2024-05-22,906.2415161132812,917.6214872578744,896.5932797080827,915.3455051085787,2938404
2024-05-23,907.4290161132812,911.2388084339,881.4035286031777,902.481202503067,3800388
2024-05-24,899.1661376953125,915.3454630725392,896.5932385332146,905.449836444728,2113036
2024-05-27,892.5361328125,909.5566241610468,890.7054054894724,900.9968822299286,1893682
2024-05-28,897.8796997070312,906.2909827321741,891.7939252865319,896.3953556437708,1931419
2024-05-29,892.4866333007812,900.5020671014494,887.0935044456605,890.2105907467583,1740879
2024-05-30,874.4766235351562,891.3981225804918,864.1356806082878,890.6064844517138,3993159
2024-05-31,871.3594360351562,886.1039446381137,867.8465004788613,882.6899411940072,5249761
2024-06-03,905.7467041015625,908.1216786801617,888.4293572937719,902.481159354573,2541803
2024-06-04,833.0633544921875,904.4603291410707,815.2017594153594,904.4603291410707,4022430
2024-06-05,869.23193359375,872.4974785509366,820.4959687262076,848.0552668321601,1969854
2024-06-06,878.83056640625,883.5805154506868,868.3412264623594,874.7733836954139,3095781
2024-06-07,902.629638671875,905.8457174387072,867.9454178064698,878.8306074788252,3609817
2024-06-10,906.3405151367188,910.3976981103558,891.348615840112,897.5333828109704,1765715
2024-06-11,900.6010131835938,909.2102209833386,895.6037334946406,906.3899913722001,2003998
2024-06-12,907.330078125,914.6528059818302,898.572411852761,900.551537284031,1782777
2024-06-13,906.1920166015625,915.3949373686718,898.5723719499149,907.9732173309849,1788757
2024-06-14,911.5357666015625,913.8612149437965,894.1688917294529,904.4603686612128,2625892
2024-06-18,915.6918334960938,917.7699514349424,904.7571775829664,911.5357184146262,2395045
2024-06-19,905.400390625,927.1213036380846,903.7675880356768,919.3037342681629,1793533
2024-06-20,919.9469604492188,928.2097845855919,901.7884492133945,905.4003771186282,3120339
2024-06-21,927.121337890625,934.1472090537108,913.5148504706159,919.3037682318827,4299319
2024-06-24,925.5874633789062,931.8217568157929,912.3768252634591,926.2307033043359,1857847
2024-06-25,920.1943969726562,930.188956279821,918.2647375901123,927.1213360087826,1733931
2024-06-26,909.6060791015625,922.7177853548704,908.5175238529841,921.1839751935407,1341496
2024-06-27,933.3060913085938,935.7304716223621,905.7467336785261,906.6373642741123,4700053
2024-06-28,921.7776489257812,939.4908452973417,919.0563515188613,933.3060784634329,2402672
2024-07-01,934.0482177734375,937.6106191857695,921.8765487520618,925.2410859511286,2562034
2024-07-02,928.4572143554688,943.7459703325519,926.7254796098017,935.1367626601843,1936180
2024-07-03,940.48046875,943.4491570220667,929.2488952151435,929.6942105355771,1369238
2024-07-04,934.4935302734375,949.3864975247532,933.1576447609685,940.4804330466527,1384884
2024-07-05,944.09228515625,946.0219445076195,935.334679389876,938.1054428799407,1583550
2024-07-08,929.3972778320312,945.9229866089123,924.301005888901,945.9229866089123,1569620
2024-07-09,932.7881469726562,938.2733761775188,929.7962037700039,936.4782224301755,1489629
2024-07-10,922.9147338867188,932.7881095364727,916.4321905411401,928.4996699590298,1483892
2024-07-11,922.5158081054688,929.4970088154561,912.9914678825196,924.6600583863177,2348723
2024-07-12,931.8905639648438,935.2315427282009,921.5184702541803,927.4525028808223,1498780
2024-07-15,929.1978149414062,936.1790155632482,923.6627323369079,935.4310297823366,1337839
2024-07-16,931.8406982421875,936.8272703114907,925.6573975732445,929.646655228687,1442535
2024-07-18,928.948486328125,932.83797586604,918.8755746226515,931.8406614915123,1812254
2024-07-19,887.061279296875,925.0090789321905,884.1690432730121,924.5104217467823,3001973
2024-07-22,886.1636962890625,891.0007076427638,862.8265758954356,873.1487555676421,2725373
2024-07-23,891.5491943359375,893.7432981268928,869.6581317131759,887.6097903953286,1640412
2024-07-24,878.9830322265625,892.5963982920266,877.6366821195346,892.5963982920266,1519772
2024-07-25,872.1514282226562,877.6366573309749,860.0839485328511,867.6635134976683,1636466
2024-07-26,898.1314697265625,906.3593135172257,872.949281155139,877.6366710040678,2056457
2024-07-29,896.1368408203125,907.4563957688406,892.6462404246962,907.4563957688406,1066351
2024-07-30,899.6773071289062,905.5116329645239,887.7594485970386,892.646252695333,979026
2024-07-31,925.757080078125,933.835302267343,900.2757096550165,906.5089245760919,2716481
2024-08-01,932.0401611328125,955.3773424610157,925.2584353813338,935.0321043353391,4039078
2024-08-02,897.1341552734375,921.3688829902226,893.5937013319174,917.4295398119233,3306705
2024-08-05,861.4801635742188,881.6259265589774,851.8561161701595,881.6259265589774,4059902
2024-08-06,881.6259155273438,890.6515985290263,864.7214245429279,864.7214245429279,2665068
2024-08-07,904.015625,908.2043575381598,892.5963632622299,896.58562075167,2262055
2024-08-08,885.1663818359375,900.5250479147663,881.0275636066764,897.5829582662013,2796559
2024-08-09,902.6692504882812,912.2933589182879,886.6125127940508,893.6435672285743,1722454
2024-08-12,914.8863525390625,923.7126216180342,895.6880500862522,902.3700688284915,3822527
2024-08-13,905.411865234375,925.0091177927115,902.569543506635,922.5158317609253,1329629
2024-08-14,887.9089965820312,909.5008776525013,883.0221925533816,909.5008776525013,2024615
2024-08-16,906.01025390625,908.2542112444602,880.1797873090245,897.5829352840575,2208842
2024-08-19,915.2852783203125,917.529235690207,901.4724984141242,907.5560918240091,847523
2024-08-20,914.6869506835938,921.4188230629885,908.3539675520847,921.4188230629885,696605
2024-08-21,923.3136596679688,924.5104491226346,905.6611826075604,907.5561043167178,1600466
2024-08-22,930.74365234375,932.3393310156132,922.3163335932314,924.5602909656112,1073406
2024-08-23,938.522705078125,941.4149411901107,926.6547002265498,932.0900150161156,1441218
2024-08-26,960.9124145507812,966.2979366040765,934.6830582738766,942.9607555347833,2364465
2024-08-27,941.4647827148438,964.3531601044579,940.2181397292574,960.8625597448159,2480788
2024-08-28,946.70068359375,948.9446409686101,932.4889535529695,944.9553834133033,2285575
2024-08-29,937.1763305664062,947.9473136445107,928.3002082784724,942.4620845808128,2233515
2024-08-30,938.5725708007812,952.1859369023196,936.1291991831256,945.3543575139415,2896103
2024-09-02,937.92431640625,948.8947745343291,933.6358767667941,938.5725342274387,1316611
2024-09-03,928.4498291015625,939.0213371226138,927.452514727077,934.5832759819053,1116938
2024-09-04,930.544189453125,932.189782562872,909.5507334914143,917.5292486974795,3020790
2024-09-05,922.964599609375,942.0132798046268,921.2691529992964,932.040136064445,1482001
2024-09-06,930.2948608398438,936.8771724074988,909.2515513326395,922.9646243428707,1984209
2024-09-09,931.740966796875,934.1843992212191,916.581775928153,920.5211799341886,1793548
2024-09-10,936.2288818359375,945.9526971199858,927.3029058881273,931.5913455827417,1388455
2024-09-11,925.2584228515625,941.763963787736,921.7678224958843,938.5226920288919,1087490
2024-09-12,952.2357788085938,955.0282469598085,926.5050794125052,933.2868051715242,3061006
2024-09-13,951.9864501953125,969.8384023384922,948.795031934864,955.4271970562454,2445329
2024-09-16,968.3922729492188,975.9219844214863,954.5295785760121,958.8180791511518,2186706
2024-09-17,961.660400390625,971.9327264315945,959.1172608708142,968.3922725219568,543055
2024-09-18,954.1306762695312,968.3424061361119,947.4486577720489,959.4662838358572,644373
2024-09-19,945.8529663085938,963.3558212066782,941.4647587624768,957.4217885720103,1278919
2024-09-20,978.9139404296875,985.3466305055151,962.6078742834821,967.3949712452933,8035572
2024-09-23,979.4624633789062,985.2967892339036,973.57834484861,983.3520139489045,1714600
2024-09-24,987.0420532226562,1007.0880478951499,982.5042849717547,988.6377318808065,5545642
2024-09-25,980.010986328125,995.9680161878656,970.0876962098512,993.3251087688508,1309311
2024-09-26,1002.8494873046875,1005.2430662240648,972.8303480767172,981.3573740612328,2706617
2024-09-27,998.8602294921875,1016.1636709302257,994.8211183288598,1005.2929195744267,2757284
2024-09-30,1027.28369140625,1030.1260129455484,1001.3036039804839,1001.3036039804839,4250590
2024-10-01,1024.5411376953125,1027.1839234764911,1011.675757513001,1026.2365234880476,1392457
2024-10-03,1036.309326171875,1057.1532206251488,1022.6959608219333,1025.2391611345784,6615927
2024-10-04,1030.9737548828125,1060.1452009097263,1024.5411257379722,1039.2015986339934,4855592
2024-10-07,1016.0140380859375,1041.295933605396,1009.780823128355,1037.1570545250652,2708970
2024-10-08,995.5192260742188,1011.6757312009605,981.3573497070441,1011.6757312009605,4115797
2024-10-09,991.8291625976562,1008.7835072574452,982.3546758760094,997.2146846616146,2138939
2024-10-10,1004.6945190429688,1010.2296016131664,994.0730966713484,996.3170540001776,1368830
2024-10-11,1009.33203125,1023.194664954613,1003.2982912749306,1004.5947878269822,1957211
2024-10-14,1009.7808227539062,1029.2284534143519,1006.6891724845877,1014.2687375217014,1831080
2024-10-15,998.162109375,1017.8590691002727,989.3359011377415,1009.7808466753662,1444250
2024-10-16,986.6929931640625,1002.1015130661816,979.4126101011938,992.3278439632043,1248745
2024-10-17,976.8694458007812,992.5272939107845,967.1456304903601,988.4382683857096,1079467
2024-10-18,989.9342651367188,995.5691159365466,970.4866340215045,975.8721562172911,1291683
2024-10-21,978.814208984375,1002.3009504245533,977.4179445059348,994.3224353962981,953143
2024-10-22,961.06201171875,980.6592024588365,957.8207400340581,978.3653915946868,1318146
2024-10-23,951.88671875,968.3922595055325,949.5929078584777,961.062023187328,1306503
2024-10-24,955.5269165039062,959.4663206167486,949.8921265828392,951.886755412507,650392
2024-10-25,941.315185546875,957.3719841391386,924.3109869580612,955.5269159500207,2541293
2024-10-28,964.65234375,969.8383907523689,906.558780531145,933.4862690617731,1737402
2024-10-29,956.2250366210938,970.187438251397,944.4567388498004,969.8384025591356,1032874
2024-10-30,954.7290649414062,965.9488519648588,949.7424929309828,963.6051874684559,733890
2024-10-31,961.06201171875,965.2506833527459,951.8867073909131,955.4271612107135,1445602
2024-11-01,965.6995239257812,975.3734858058749,962.4083985712365,967.2952634927886,136508
2024-11-04,952.3355102539062,966.2479969306518,938.5725233377361,962.4582145228064,957723
2024-11-05,996.8157348632812,1000.3063352354889,949.443301240464,952.3355373259319,5177028
2024-11-06,1005.941162109375,1012.323937544863,982.055470810185,997.3143684735833,2761749
2024-11-07,987.1417846679688,1016.2135238860857,983.0029664151066,1011.2768054132227,2477876
2024-11-08,993.7240600585938,998.86019252813,973.8774797981846,991.3304812282596,3568198
2024-11-11,976.3707885742188,992.7766224768077,969.3895878387544,985.3466180912442,1336153
2024-11-12,954.67919921875,985.1471416395742,951.0888917655352,984.3493023023309,731821
2024-11-13,933.4364013671875,955.6764997533357,925.5575934569374,950.9392564725339,1167594
2024-11-14,936.528076171875,946.800402328882,929.9458254731592,932.5388185675041,1662673
2024-11-18,947.299072265625,953.4824338097817,932.3892704658225,932.538831105253,1143965
2024-11-19,944.7559204101562,958.3692863397536,942.4621094608489,947.2990599598502,617409
2024-11-21,941.6143798828125,948.3961053748609,933.9350471158474,938.472815291842,1669641
2024-11-22,974.7252197265625,978.6646238423839,936.5280897837854,945.354358884485,1889389
2024-11-25,950.7398071289062,977.8169174881866,943.1103884773411,972.3815418237443,4563438
2024-11-26,961.0121459960938,964.2035642985101,948.0470586004112,952.4352663751388,1184177
2024-11-27,966.248046875,969.3896116315617,952.6845951759767,960.7628175910766,1327011
2024-11-28,951.5875244140625,972.3316510034933,946.5011846367639,966.2479968625563,2959350
2024-11-29,963.4057006835938,969.0904048805089,950.8395637188254,956.4244999540025,1326686
2024-12-02,987.1417846679688,988.8870848745497,959.1671278167327,963.3060069408352,1272868
2024-12-03,996.1176147460938,1012.7727774705718,988.388428113502,992.3278321843613,2118830
2024-12-04,992.17822265625,1000.3063594971711,982.70373570189,993.4248656765606,1030877
2024-12-05,996.5165405273438,1007.2376701108063,974.376149120271,988.3385504382687,2221958
2024-12-06,1001.1041870117188,1005.2929196846528,991.9787967337542,997.2146973571117,1218982
2024-12-09,1009.1824340820312,1012.7727414610196,991.1310074849953,1002.7995977735649,1457470
2024-12-10,1010.2296142578125,1020.7512688015483,1003.9465458326956,1018.2579828494195,2227505
2024-12-11,997.5138549804688,1017.7593247188047,994.4221438799416,1013.1717029196212,1246315
2024-12-12,1003.0988159179688,1010.2296382589678,988.3385749049384,1002.3009765685803,1510341
2024-12-13,997.164794921875,1000.8050168903515,970.4367807357232,992.3278443506723,2444182
2024-12-16,987.6903076171875,1003.5974847279256,981.3573854235706,1001.3036737451878,1220082
2024-12-17,964.25341796875,988.1391103865707,958.4191529884407,987.6903067254913,1673092
2024-12-18,944.30712890625,966.8963247404305,939.0213746842895,964.4528922509538,1612799
2024-12-19,923.4632568359375,940.1682726014576,919.1249027860295,931.5414789173353,1926448
2024-12-20,914.8863525390625,939.1709950215957,909.6005983237059,923.5131465611594,29003345
2024-12-23,934.533447265625,948.3961417877663,919.1249275962101,933.4862793188423,3988457
2024-12-24,919.374267578125,935.431066155454,915.9834350955538,934.5334588349622,2048135
2024-12-26,911.994140625,926.9040026765933,910.6477296986169,919.3742304629496,2056005
2024-12-27,910.8472290039062,924.0117912532136,908.8027466589216,912.193639966145,1917836
2024-12-30,896.5357666015625,914.2380966989926,893.1947269336706,910.8472034867642,1959379
2024-12-31,899.0789184570312,903.9657832940899,894.1920536199726,895.6381716530809,1031176
2025-01-01,903.018310546875,907.5560787664597,888.3079235558802,898.7298709203582,1020555
2025-01-02,910.0493774414062,913.240795651613,899.0290656477335,907.0574342826948,1636373
2025-01-03,912.592529296875,922.2166376027465,906.0601321529045,911.5453613514086,2691743
2025-01-06,898.4805908203125,917.3796504978789,895.488647542018,912.592553426856,1104617
2025-01-07,909.3512573242188,911.2461790318365,896.78512023854,899.1287847289575,688211
2025-01-08,899.8767700195312,909.5008783181215,892.7460085896149,907.5561030658752,744601
2025-01-09,888.5572509765625,906.5089096537516,886.413000730514,898.580248230412,1459142
2025-01-10,897.6826782226562,905.5614864288486,877.8860114856762,888.5572878722468,1614629
2025-01-13,881.3765869140625,896.286449130025,877.6366579738332,893.5438345738567,1416585
2025-01-14,903.61669921875,908.8525998145375,880.1299572918942,880.1299572918942,1948192
2025-01-15,901.6220703125,910.2488642130235,899.0789307690984,907.556103161264,1581897
2025-01-16,904.3646850585938,911.9443110155787,897.6826664094228,907.5561033104168,1946590
2025-01-17,906.1598510742188,915.0359736961711,902.8188721400097,904.3646973055207,911260
2025-01-20,916.7313842773438,923.1640741605394,898.0815933190142,906.1598153957093,1299378
2025-01-21,924.36083984375,930.4943478355353,917.0804567991349,922.5158325271921,1474919
2025-01-22,916.930908203125,929.4970456303171,904.7138064767609,929.4970456303171,1080075
2025-01-23,927.4026489257812,934.8325922205114,910.3485368247274,916.581751582882,1267989
2025-01-24,929.94580078125,950.4405990052799,922.6654180208299,927.5023683892027,3538998
2025-01-27,916.8809814453125,924.510461054942,898.6799934040475,898.6799934040475,3908402
2025-01-28,913.6896362304688,923.114208864354,902.0708988126876,920.920165822942,1101031
2025-01-29,935.0819702148438,938.5227171173808,905.5614879090368,911.1464242789222,1298065
2025-01-30,948.29638671875,953.4325803021377,933.6857670684545,935.3812137474242,2020147
2025-01-31,942.4620971679688,957.3221059056738,938.0240359647288,947.1993405135221,2037829
2025-02-01,931.740966796875,952.6347153954147,909.2016859812184,945.3044181223825,1339508
2025-02-03,931.4417724609375,934.932372772521,911.5453385106638,912.5426528854019,1130056
2025-02-04,941.714111328125,946.9001583225013,931.790820988439,933.835303310588,1262634
2025-02-05,947.3489379882812,952.2357418454047,938.5725228947964,938.5725228947964,1209743
2025-02-06,945.8529663085938,953.981041845082,939.4701300362851,947.997155666507,3060140
2025-02-07,978.1160888671875,982.3546750284779,945.2545675130528,948.3961321928581,2846285
2025-02-10,956.5740966796875,971.3841906381497,945.7033457624491,971.3841906381497,1665049
2025-02-11,951.9365844726562,964.9016715320009,946.0025516827852,947.4985232665557,2535726
2025-02-12,953.8314819335938,960.3638788425565,935.5805803781682,950.3408816601226,2768806
2025-02-13,967.1954956054688,981.357372298661,950.6899544143278,951.4379402163846,1414535
2025-02-14,962.0094604492188,981.05820230022,951.6872806015133,970.287218791475,2690126
2025-02-17,970.9354248046875,972.3815428631937,951.5376474933224,962.0094487241568,1321057
2025-02-18,976.1713256835938,978.5649045997839,960.2142952323009,972.3815431256597,1800070
2025-02-19,974.7252197265625,987.2415643391865,968.4920046291368,972.9799194992834,1581818
2025-02-20,978.5150146484375,984.9975580280936,972.3815069484214,974.3761356806233,1474610
2025-02-21,979.2630004882812,988.2886833278487,972.9300177403752,976.470471566022,1599075
2025-02-24,964.2035522460938,982.2549794556483,955.1778690769366,968.3922849112039,1898963
2025-02-25,956.1751708984375,970.8357045978036,954.9285279116077,964.4030146115141,1095348
2025-02-27,972.3815307617188,978.3654171048678,956.1253183704117,956.17517191569,2049890
2025-02-28,948.1467895507812,965.9986803605718,938.0240242846758,965.5000231725122,2553800
2025-03-03,973.4287109375,978.9139401543583,950.4406261210962,956.4245125394871,1744769
2025-03-04,971.4839477539062,975.4732054157578,957.371985297851,957.4218388443759,1077034
2025-03-05,1000.0071411132812,1005.292895153631,968.2925559999443,972.3815206099109,2472192
2025-03-06,1008.3845825195312,1013.4709225681656,994.422180683756,1010.2795042600259,2203409
2025-03-07,1008.4344482421875,1017.6596061525041,1002.8494512548203,1008.2848267383897,759943
2025-03-10,1010.7781372070312,1029.976439270411,1007.536865430097,1008.4344727322054,1855010
2025-03-11,1015.914306640625,1018.2579710599955,998.7604873143383,1001.1540052779263,1595868
2025-03-12,1007.6864624023438,1022.1973134202817,991.4301894968439,1021.9479848281267,1263600
2025-03-13,998.5111694335938,1013.7202137286447,996.1175905730901,1012.1743886138873,1218174
2025-03-17,1002.9990844726562,1012.7228996808789,997.4640018360697,1004.8440917277721,1522656
2025-03-18,1002.9990844726562,1002.9990844726562,1002.9990844726562,1002.9990844726562,0
2025-03-19,1030.5748291015625,1044.1881952506042,1021.24996364529,1033.2177366567582,2652155
2025-03-20,1047.429443359375,1049.9726437636427,1024.4412978573998,1035.2123420205012,2301795
2025-03-21,1055.856689453125,1059.6964472248144,1044.8862312311062,1049.1747317785232,2630144
2025-03-24,1058.4996337890625,1069.121056695212,1053.662683207548,1060.1452269281813,2267252
2025-03-25,1058.8486328125,1072.0132557269947,1049.1747319845388,1058.49959712659,1571677
2025-03-26,1053.61279296875,1065.1817378835133,1049.374206592604,1065.1817378835133,1254060
2025-03-27,1056.9039306640625,1066.129088822725,1047.1801153076344,1049.124829681928,2514499
2025-03-28,1060.3446044921875,1065.3311764127536,1051.1194464391401,1056.9039185639883,1674204
2025-04-01,1053.413330078125,1067.5751457949643,1050.5210939831422,1060.1452022466717,1776263
2025-04-02,1053.0643310546875,1063.4862181518786,1043.4402224560583,1055.258374103838,878958
2025-04-03,1041.24609375,1052.9645373392657,1038.7528078799435,1042.193493683632,1607693
2025-04-04,1003.0489501953125,1036.1597393272884,995.1701421465502,1029.5276960115543,3818643
2025-04-07,927.8015747070312,956.4245101785949,902.7690076003838,903.5668469466184,4581682
2025-04-08,952.0363159179688,967.8437859136063,931.2921882665911,946.8004152408276,1717533
2025-04-09,943.0106201171875,950.8395746913174,935.5307621063095,942.6117308793515,1773658
2025-04-11,987.590576171875,994.322448314425,965.7493666497724,969.8383921776207,3641633
2025-04-15,1005.2929077148438,1012.9722407119134,999.508496412161,1007.2875364999921,1287903
2025-04-16,1006.6891479492188,1012.373791152886,989.435560676547,1000.3063116420899,1281034
2025-04-17,1004.4950561523438,1005.8912597622149,984.4490005827777,993.3251229171799,2074019
2025-04-21,1031.2230224609375,1040.9967516415988,997.8129922361392,998.3116494036735,1345056
2025-04-22,1041.3956298828125,1057.552195930591,1034.2150150232299,1057.1532458289523,2153582
2025-04-23,1036.4090576171875,1051.06965208571,1025.737842421221,1048.1774160279078,893969
2025-04-24,1041.69482421875,1044.6867672275162,1026.7351091749192,1032.7189951924515,1242921
2025-04-25,1025.63818359375,1054.0616448330438,1014.8671390587083,1047.1801509213497,2784217
2025-04-28,1051.568359375,1056.0562743101473,1016.4628792635997,1018.6569831839201,1485915
2025-04-29,1032.8187255859375,1058.748898913762,1031.3227540477938,1052.1666484944249,1206750
2025-04-30,1027.034423828125,1039.5008539010898,1018.2580083597653,1027.2338380122999,1755328
2025-05-02,964.9016723632812,1034.2150224710313,945.7532239002737,1018.457467282654,6209775
2025-05-05,952.9338989257812,969.7885364525562,950.1414308101367,957.2223386252966,1646426
2025-05-06,964.9016723632812,969.2898800279512,952.4352424877867,957.4218144379845,1462046
2025-05-07,963.5054321289062,972.3815547722468,955.3275026216608,955.3275026216608,1014461
2025-05-08,950.6400756835938,966.8962878433812,946.451343128797,959.9150872091329,1646385
2025-05-09,954.4298706054688,956.4244993841636,932.4889540398258,932.4889540398258,1481537
2025-05-12,1002.5004272460938,1004.9937131968295,967.0957667456456,970.386892026369,1335817
2025-05-13,987.2415161132812,1008.1851178175549,985.4463015559244,1002.5004137521473,934177
2025-05-14,986.6431274414062,1009.3818836723304,984.3493164870624,992.5273067719426,1650066
2025-05-15,1035.5115966796875,1037.8053467685147,987.3412621620611,990.333205380734,5297654
2025-05-16,1019.0558471679688,1041.7946034347096,1017.5598755600089,1040.5978748453342,1048380
2025-05-19,1016.8617553710938,1031.2231073264577,1013.9695800841222,1031.1234002332399,1434608
2025-05-20,1009.9802856445312,1031.721726972458,1008.0853639724515,1028.23112663954,1624336
2025-05-21,998.2119750976562,1016.1636337183825,996.416760538593,1013.2713977032147,875245
2025-05-22,1002.8993530273438,1008.7835324340318,985.2469365497619,999.3090454759267,1283310
2025-05-23,1005.7915649414062,1019.753966437866,1002.4006716580558,1008.2848509229169,1568154
2025-05-26,1029.5277099609375,1033.2177245659664,976.869460629695,1006.4897106607087,4716572
2025-05-27,1010.9776000976562,1030.32546256447,1006.2902103331548,1029.22844109397,1158374
2025-05-28,998.3117065429688,1015.1663441188135,995.8184205625918,1012.1744009423611,1790498
2025-05-29,1003.4977416992188,1020.950743355636,995.5192266562851,1017.6596180746736,3282246
2025-05-30,990.8318481445312,1009.7808215866511,987.8399049694597,1000.3063348655911,1710817
2025-06-02,976.1713256835938,984.3493159641295,966.6469853072264,984.3493159641295,1790184
2025-06-03,971.1847534179688,984.6983514036863,969.4394532128072,977.4179684364032,1138571
2025-06-04,965.9488525390625,976.8694574226295,959.5660768846707,970.3869138052256,2398032
2025-06-05,966.1483154296875,974.2764520576693,962.0593507786874,970.1874265354295,2182562
2025-06-06,1002.2012329101562,1007.935790527063,965.0512726962824,966.1482941527605,2089570
2025-06-09,1005.2929077148438,1014.2687372480119,999.2591678140175,1003.5974610732195,1864322
2025-06-10,1000.4060668945312,1016.4130119771793,998.1122559107105,1012.2741327999931,1747781
2025-06-11,1004.3953247070312,1013.2714473641308,1001.2538208171804,1001.2538208171804,1003090
2025-06-12,992.97607421875,1007.2875110419899,989.8843631571652,1004.3952750281264,2223026
2025-06-13,984.5986328125,991.380358499103,978.7144535553248,982.0554932889289,1044815
2025-06-16,1001.1041870117188,1008.284862898,981.5568490330133,984.5986457923349,871032
2025-06-17,996.96533203125,1007.736315028286,995.2200318877549,1001.8022823661552,1075499
2025-06-18,983.7010498046875,996.2672479681582,981.1080566717643,994.3224726828453,854561
2025-06-19,993.375,995.2699217162299,982.3546880092711,984.2496097255008,1391083
2025-06-20,1002.8494873046875,1021.2499502425837,990.9315679962608,991.280664560592,9697195
2025-06-23,994.3224487304688,1002.5004389183474,980.8587044397352,1002.3009638657182,1132847
2025-06-24,1004.2955932617188,1019.8038198910654,998.6108890501403,1003.2982788692046,1434360
2025-06-25,1021.6986694335938,1025.0397700056108,1005.2928965548633,1005.2928965548633,2029126
2025-06-26,1029.7769775390625,1037.7055778995466,1014.4183122490463,1027.2337772576002,3892783
2025-06-27,1026.1368408203125,1042.891650189757,1020.4521363981397,1035.661120576169,1941604
2025-06-30,1017.7593383789062,1030.3254753861909,1011.7754520190106,1030.275682712013,765716
2025-07-01,1026.8348388671875,1028.8294675836128,1013.4708629898814,1020.9507206764758,988673
2025-07-02,1057.0535888671875,1062.0401610179501,1028.231177487282,1028.231177487282,3166924
2025-07-03,1043.29052734375,1064.9323219949342,1039.7999270847663,1062.1397930907572,1703765
2025-07-04,1038.603271484375,1048.8755370652525,1029.328198590758,1048.8755370652525,961108
2025-07-07,1039.7999267578125,1042.193505568858,1032.5196049797066,1038.204248131274,871937
2025-07-08,1045.0,1049.5999755859375,1039.300048828125,1042.0,828011
2025-07-09,1040.4000244140625,1052.0,1033.4000244140625,1051.699951171875,1666607
2025-07-10,1043.300048828125,1049.5999755859375,1034.0999755859375,1040.9000244140625,1101654
2025-07-11,1037.199951171875,1051.199951171875,1034.0999755859375,1043.0,931901
2025-07-14,1038.9000244140625,1044.9000244140625,1031.800048828125,1040.0,1238524
2025-07-15,1035.0,1044.699951171875,1028.199951171875,1044.699951171875,982842
2025-07-16,1029.800048828125,1035.0,1020.5,1034.0,1099243
2025-07-17,1034.199951171875,1041.699951171875,1023.5,1030.5,1553977
2025-07-18,1034.4000244140625,1053.5,1027.0,1039.0,1694015
2025-07-21,1034.800048828125,1053.5,1018.2999877929688,1051.0,2771028
2025-07-22,1030.699951171875,1043.199951171875,1028.5999755859375,1038.5999755859375,1237568
2025-07-23,1033.800048828125,1037.800048828125,1025.0,1034.0,1192492
2025-07-24,1033.800048828125,1048.800048828125,1031.800048828125,1039.0,1462398
2025-07-25,1026.9000244140625,1035.0,1020.0999755859375,1033.800048828125,912255
2025-07-28,1028.800048828125,1034.0,1017.4000244140625,1029.0,1839488
2025-07-29,1034.9000244140625,1051.300048828125,1023.7999877929688,1023.7999877929688,2215340
2025-07-30,1037.9000244140625,1052.300048828125,1031.699951171875,1046.4000244140625,1781038
2025-07-31,1048.300048828125,1058.5999755859375,1018.0,1018.0,3144726
2025-08-01,1027.800048828125,1054.0,1023.5999755859375,1054.0,1604653
2025-08-04,1055.9000244140625,1058.9000244140625,1026.4000244140625,1029.699951171875,1835680
2025-08-05,1053.4000244140625,1063.4000244140625,1048.699951171875,1059.0,1524968
2025-08-06,1052.5999755859375,1061.5,1045.800048828125,1059.0,1797515
2025-08-07,1064.800048828125,1074.9000244140625,1046.0,1052.5999755859375,1837589
2025-08-08,1049.199951171875,1071.4000244140625,1041.699951171875,1070.0,2234463
2025-08-11,1052.699951171875,1065.0,1046.300048828125,1049.199951171875,1492814
2025-08-12,1048.199951171875,1059.9000244140625,1045.5999755859375,1054.800048828125,1231299
2025-08-13,1053.699951171875,1059.5999755859375,1050.300048828125,1052.199951171875,1125769
2025-08-14,1045.5,1058.0999755859375,1038.9000244140625,1055.0,870899
2025-08-18,1079.800048828125,1084.0,1050.0,1060.0,3252940
2025-08-19,1073.4000244140625,1088.0,1070.699951171875,1080.0,1867228
2025-08-20,1082.5999755859375,1089.199951171875,1067.300048828125,1072.0,1321114
2025-08-21,1071.800048828125,1086.0999755859375,1069.300048828125,1080.5999755859375,2069244
2025-08-22,1054.5999755859375,1071.4000244140625,1051.300048828125,1068.5,1950366
2025-08-25,1057.800048828125,1062.699951171875,1049.800048828125,1059.5,1552036
2025-08-26,1047.0999755859375,1057.0,1044.699951171875,1051.199951171875,1758169
2025-08-28,1035.800048828125,1055.0999755859375,1033.9000244140625,1047.0999755859375,1313061
2025-08-29,1026.5999755859375,1038.300048828125,1022.2999877929688,1032.0,1062037
2025-09-01,1035.5,1038.5999755859375,1026.0999755859375,1026.5999755859375,624424
2025-09-02,1044.0,1049.5,1031.199951171875,1035.5999755859375,1071341
2025-09-03,1072.199951171875,1079.9000244140625,1040.0,1042.0,3357124
2025-09-04,1072.4000244140625,1076.4000244140625,1066.0999755859375,1075.0,922622
2025-09-05,1073.0999755859375,1076.5999755859375,1063.0,1069.0,748933
2025-09-08,1101.4000244140625,1112.300048828125,1080.0999755859375,1080.0999755859375,3219380
2025-09-09,1104.5,1110.0,1095.699951171875,1100.0,1058374
2025-09-10,1101.199951171875,1115.5,1097.300048828125,1108.0,1305818
2025-09-11,1099.0,1108.0,1095.199951171875,1101.199951171875,852085
2025-09-12,1099.0,1107.9000244140625,1093.0,1099.0,1057815
2025-09-15,1100.9000244140625,1105.0,1090.5,1100.0,565667
2025-09-16,1115.199951171875,1117.9000244140625,1100.0,1100.5,1644497
2025-09-17,1111.0,1122.5999755859375,1107.0999755859375,1119.5,950577
2025-09-18,1121.0999755859375,1122.9000244140625,1105.0,1111.9000244140625,824725
2025-09-19,1122.800048828125,1126.0,1113.699951171875,1121.0999755859375,1351221
2025-09-22,1117.0,1126.800048828125,1111.5999755859375,1122.0,786218
2025-09-23,1138.4000244140625,1148.0,1117.0999755859375,1125.0,2075493
2025-09-24,1149.0999755859375,1161.0,1133.0,1138.4000244140625,2111388
2025-09-25,1148.5,1157.5,1140.0,1149.0999755859375,1581307
2025-09-26,1130.800048828125,1167.9000244140625,1127.9000244140625,1155.0,2999892
2025-09-29,1122.199951171875,1143.9000244140625,1119.699951171875,1130.0,2615670
2025-09-30,1142.699951171875,1149.9000244140625,1127.0999755859375,1128.800048828125,2771126
2025-10-01,1146.0999755859375,1148.5999755859375,1132.199951171875,1145.0,1129506
2025-10-03,1161.699951171875,1175.800048828125,1145.9000244140625,1146.0999755859375,2179883
2025-10-06,1159.9000244140625,1164.9000244140625,1149.199951171875,1161.699951171875,1013304
2025-10-07,1156.800048828125,1173.0,1154.199951171875,1159.9000244140625,1565661
2025-10-08,1145.199951171875,1162.699951171875,1142.699951171875,1158.0,737972
2025-10-09,1175.199951171875,1178.800048828125,1146.0,1146.0,2001612
2025-10-10,1167.800048828125,1175.0,1156.4000244140625,1174.0,1457768
2025-10-13,1161.4000244140625,1164.9000244140625,1153.5999755859375,1160.9000244140625,488298
2025-10-14,1147.800048828125,1169.5999755859375,1139.4000244140625,1165.0,1408990
2025-10-15,1160.800048828125,1163.699951171875,1145.0,1147.800048828125,1284749
2025-10-16,1172.0999755859375,1173.5,1158.5999755859375,1165.0,655759
2025-10-17,1163.300048828125,1178.0,1149.5999755859375,1175.0,2207267
2025-10-20,1145.199951171875,1174.5999755859375,1139.4000244140625,1174.5999755859375,1214428
2025-10-21,1152.5,1154.699951171875,1148.5999755859375,1150.0,115719
2025-10-23,1138.199951171875,1162.5,1135.0999755859375,1161.0,1740322
2025-10-24,1141.4000244140625,1151.0,1131.5,1140.0,1320560
2025-10-27,1150.5999755859375,1156.699951171875,1143.199951171875,1147.800048828125,1275776
2025-10-28,1184.199951171875,1186.4000244140625,1145.0,1145.5999755859375,3451230
2025-10-29,1207.9000244140625,1223.9000244140625,1185.5,1189.199951171875,3819737
2025-10-30,1210.0,1211.5999755859375,1199.4000244140625,1207.9000244140625,1273913
2025-10-31,1206.0,1216.0,1199.0,1210.0,1337807
2025-11-03,1195.0,1217.5,1190.0,1213.9000244140625,1486643
2025-11-04,1181.4000244140625,1202.5999755859375,1175.199951171875,1202.5999755859375,1110884
2025-11-06,1168.800048828125,1183.5,1161.5999755859375,1181.4000244140625,1304994
2025-11-07,1171.699951171875,1182.9000244140625,1151.199951171875,1160.0999755859375,845047
2025-11-10,1179.300048828125,1185.0,1172.0,1174.0,740226
2025-11-11,1191.5,1206.699951171875,1166.0999755859375,1187.0,1588730
2025-11-12,1181.800048828125,1194.9000244140625,1178.0,1192.0,976290
2025-11-13,1183.9000244140625,1200.4000244140625,1178.0999755859375,1191.699951171875,1427189
2025-11-14,1167.800048828125,1182.9000244140625,1159.0,1182.0999755859375,1059030
2025-11-17,1175.5,1178.0,1165.4000244140625,1173.9000244140625,1102752
2025-11-18,1163.0,1179.9000244140625,1152.9000244140625,1179.9000244140625,1912105
2025-11-19,1164.9000244140625,1170.9000244140625,1157.5999755859375,1167.5,522344
2025-11-20,1170.0,1174.9000244140625,1161.0,1170.5999755859375,908758
2025-11-21,1140.300048828125,1166.9000244140625,1133.0999755859375,1166.0,1045627
2025-11-24,1106.0,1145.0,1104.300048828125,1142.0,2209717
2025-11-25,1112.0,1123.9000244140625,1107.300048828125,1107.300048828125,1394051
2025-11-26,1154.4000244140625,1157.0,1112.0,1112.0,2167703
2025-11-27,1160.5999755859375,1163.0,1136.300048828125,1159.0,2342042
2025-11-28,1160.300048828125,1172.5999755859375,1153.300048828125,1160.0,1243394
2025-12-01,1168.4000244140625,1185.0,1157.300048828125,1164.9000244140625,3039396
2025-12-02,1162.0,1172.800048828125,1159.300048828125,1168.4000244140625,2834317
2025-12-03,1143.5999755859375,1171.199951171875,1104.9000244140625,1162.0,6026786
2025-12-04,1150.5999755859375,1165.0,1143.0999755859375,1159.0,2285777
2025-12-05,1162.199951171875,1170.0,1143.4000244140625,1150.0,2326439
2025-12-08,1119.0999755859375,1168.0,1114.800048828125,1164.9000244140625,1727184
2025-12-09,1107.800048828125,1120.5999755859375,1099.300048828125,1118.0,1947088
2025-12-10,1096.800048828125,1113.0999755859375,1090.0,1101.300048828125,1222924
2025-12-11,1105.4000244140625,1111.300048828125,1095.5,1100.9000244140625,759090
2025-12-12,1125.5,1128.800048828125,1108.800048828125,1110.0,827546
2025-12-15,1114.800048828125,1122.5999755859375,1110.0,1120.0999755859375,1017965
2025-12-16,1082.5999755859375,1114.0,1080.5,1114.0,2000325
2025-12-17,1079.300048828125,1093.699951171875,1075.5999755859375,1088.300048828125,1781774
2025-12-18,1082.199951171875,1091.5,1073.199951171875,1079.0,1134603
2025-12-19,1079.5999755859375,1091.0,1075.699951171875,1091.0,1068212
2025-12-22,1094.9000244140625,1100.300048828125,1077.699951171875,1085.0,1086319
2025-12-23,1096.800048828125,1102.9000244140625,1092.0,1095.0,961759
2025-12-24,1091.300048828125,1103.300048828125,1088.0999755859375,1099.5,806530
2025-12-26,1094.4000244140625,1099.699951171875,1082.0,1092.0999755859375,1317269
2025-12-29,1092.5999755859375,1111.0,1089.4000244140625,1100.0,3084525
2025-12-30,1111.5999755859375,1114.0,1089.5,1093.0,1609086
2025-12-31,1164.800048828125,1169.0,1132.5999755859375,1156.0,5881898
2026-01-01,1171.5,1176.800048828125,1161.0,1163.5,1173697
2026-01-02,1180.699951171875,1184.0,1169.0999755859375,1172.0,903240
2026-01-05,1185.9000244140625,1192.9000244140625,1179.0,1180.699951171875,1017822
2026-01-06,1176.300048828125,1197.5999755859375,1169.0,1185.9000244140625,1395370
2026-01-07,1189.800048828125,1193.5,1169.4000244140625,1174.9000244140625,1161485
2026-01-08,1155.9000244140625,1190.0,1153.9000244140625,1190.0,1275035
2026-01-09,1158.800048828125,1170.699951171875,1154.4000244140625,1160.0,1387896
2026-01-12,1182.699951171875,1185.0,1146.4000244140625,1160.0,1391748
2026-01-13,1178.0999755859375,1194.800048828125,1168.4000244140625,1182.699951171875,1570887
2026-01-14,1181.800048828125,1201.9000244140625,1170.300048828125,1179.9000244140625,2281726
2026-01-15,1181.800048828125,1181.800048828125,1181.800048828125,1181.800048828125,0
2026-01-16,1187.300048828125,1199.300048828125,1179.199951171875,1181.800048828125,1883089
2026-01-19,1184.0999755859375,1195.800048828125,1176.4000244140625,1187.4000244140625,2213860
2026-01-20,1160.0,1195.0,1156.5,1188.0,1106893
2026-01-21,1174.5999755859375,1178.9000244140625,1159.5999755859375,1163.5,1401954
2026-01-22,1184.4000244140625,1192.0,1176.0999755859375,1180.0,1428697
2026-01-23,1170.0,1193.300048828125,1164.800048828125,1193.300048828125,2406992
2026-01-27,1222.0,1230.4000244140625,1182.699951171875,1197.0,3808562
2026-01-28,1218.699951171875,1232.0,1208.199951171875,1232.0,2214293
2026-01-29,1237.5,1245.0,1217.9000244140625,1227.5,2471027
2026-01-30,1214.4000244140625,1228.0,1194.5,1228.0,2876505
2026-02-02,1199.199951171875,1203.800048828125,1174.0,1200.0,1839134
2026-02-03,1229.4000244140625,1244.699951171875,1212.800048828125,1225.0,2093172
2026-02-04,1228.199951171875,1240.0999755859375,1223.9000244140625,1229.0,1062043
2026-02-05,1239.800048828125,1241.800048828125,1214.199951171875,1218.5999755859375,1198051
2026-02-06,1236.199951171875,1238.5999755859375,1222.4000244140625,1233.9000244140625,918161
2026-02-09,1245.0,1254.699951171875,1235.0999755859375,1248.5,1503210
2026-02-10,1244.0999755859375,1261.9000244140625,1236.699951171875,1245.0,1150559
2026-02-11,1249.199951171875,1254.800048828125,1238.0,1248.5,835404
2026-02-12,1247.9000244140625,1254.199951171875,1240.4000244140625,1254.199951171875,762998
2026-02-13,1232.0,1247.800048828125,1225.199951171875,1240.0,1726700
2026-02-16,1248.199951171875,1249.9000244140625,1226.5,1229.9000244140625,627073
2026-02-17,1244.5999755859375,1248.0,1233.199951171875,1246.0,1115057
2026-02-18,1251.199951171875,1264.0,1244.199951171875,1244.5999755859375,1389762
2026-02-19,1228.4000244140625,1255.5,1223.0999755859375,1252.0,824461
2026-02-20,1235.800048828125,1253.0,1222.5999755859375,1230.5,876475
2026-02-23,1240.5,1248.0,1228.300048828125,1240.0,787962
2026-02-24,1254.5,1259.0,1230.199951171875,1230.199951171875,1515571
2026-02-25,1275.0,1284.699951171875,1257.300048828125,1261.0,2095033
2026-02-26,1280.5999755859375,1282.300048828125,1270.0,1275.5,779191
2026-02-27,1264.699951171875,1277.800048828125,1260.5,1272.0,2081751
2026-03-02,1267.300048828125,1272.0,1244.699951171875,1253.199951171875,1608917
2026-03-04,1213.0,1253.9000244140625,1200.0,1236.0,1682849
2026-03-05,1248.0999755859375,1253.4000244140625,1214.5,1214.5,1696077
2026-03-06,1233.699951171875,1249.0999755859375,1229.199951171875,1240.699951171875,1140348
2026-03-09,1192.5999755859375,1213.0,1170.199951171875,1203.0,2145649
2026-03-10,1214.300048828125,1219.9000244140625,1195.199951171875,1196.0999755859375,1131600
2026-03-11,1178.800048828125,1222.9000244140625,1171.0,1212.0,1802500
2026-03-12,1172.5999755859375,1182.5,1150.0,1175.0,1265744
2026-03-13,1119.300048828125,1169.199951171875,1115.5,1166.699951171875,2284551
2026-03-16,1145.5999755859375,1150.0,1120.0999755859375,1121.5,2593202
2026-03-17,1167.199951171875,1169.300048828125,1139.199951171875,1147.0,1760476
2026-03-18,1180.300048828125,1184.0999755859375,1160.0999755859375,1164.300048828125,1284823
2026-03-19,1130.9000244140625,1165.9000244140625,1126.699951171875,1159.300048828125,2207126
2026-03-20,1169.5999755859375,1186.5,1138.0,1139.0999755859375,3580084
2026-03-23,1109.5999755859375,1153.800048828125,1102.5,1153.800048828125,2532216
2026-03-24,1133.699951171875,1142.699951171875,1112.0,1131.9000244140625,1218013
2026-03-25,1156.0,1170.0999755859375,1137.300048828125,1140.0,1632217
2026-03-27,1130.300048828125,1150.800048828125,1126.9000244140625,1150.0,2750813
2026-03-30,1122.5,1136.5,1114.0,1130.0,2454814
2026-04-01,1140.4000244140625,1159.0,1134.5,1141.9000244140625,2025282
2026-04-02,1141.300048828125,1145.800048828125,1106.4000244140625,1135.0,2208479
2026-04-06,1133.5999755859375,1145.699951171875,1115.0999755859375,1132.0,3213623
2026-04-07,1151.9000244140625,1157.5999755859375,1122.300048828125,1139.0,3158128
2026-04-08,1194.300048828125,1204.5999755859375,1170.0,1170.0,2383883
2026-04-09,1209.699951171875,1218.0,1185.0,1187.199951171875,2563654
2026-04-10,1214.800048828125,1224.800048828125,1203.9000244140625,1210.0,1719725
2026-04-13,1204.199951171875,1213.4000244140625,1189.300048828125,1199.0999755859375,1031668
2026-04-15,1218.5999755859375,1232.0,1210.5999755859375,1222.9000244140625,1404182
2026-04-16,1214.9000244140625,1242.9000244140625,1211.300048828125,1221.199951171875,2686363
2026-04-17,1240.300048828125,1242.300048828125,1198.5999755859375,1213.0,1875945
2026-04-20,1274.5,1279.0,1233.0,1241.0999755859375,4606071
2026-04-21,1279.5999755859375,1296.4000244140625,1273.699951171875,1284.4000244140625,2108883
2026-04-22,1263.4000244140625,1286.5999755859375,1258.4000244140625,1283.0,2882614
2026-04-23,1257.0,1269.9000244140625,1251.0,1263.4000244140625,1715185
2026-04-24,1255.699951171875,1268.0,1246.5,1264.0,1996768
2026-04-27,1282.699951171875,1297.0,1268.0999755859375,1273.0,2309506
2026-04-28,1281.5999755859375,1306.800048828125,1275.5999755859375,1284.0,1902689
2026-04-29,1279.699951171875,1287.800048828125,1257.0,1283.0,2364369
2026-04-30,1264.5,1273.4000244140625,1250.4000244140625,1272.5,1366233
2026-05-01,1264.5,1264.5,1264.5,1264.5,0
2026-05-04,1266.5999755859375,1287.9000244140625,1259.9000244140625,1278.0,1550369
2026-05-05,1252.4000244140625,1264.9000244140625,1245.800048828125,1260.5,1471611
2026-05-06,1273.300048828125,1278.5999755859375,1253.0,1262.5,988216
2026-05-07,1283.4000244140625,1293.5999755859375,1268.5999755859375,1272.0999755859375,1773360
2026-05-08,1277.800048828125,1284.9000244140625,1266.800048828125,1283.4000244140625,811858
2026-05-11,1262.5999755859375,1282.199951171875,1258.5999755859375,1276.0,1023862
2026-05-12,1252.300048828125,1272.5999755859375,1246.199951171875,1262.0,1475577
2026-05-13,1274.9000244140625,1282.4000244140625,1255.0,1255.0,2366540
2026-05-14,1296.9000244140625,1306.0,1281.9000244140625,1287.9000244140625,3292597
2026-05-15,1278.800048828125,1314.0,1274.199951171875,1314.0,3871553
2026-05-18,1292.800048828125,1302.0,1258.300048828125,1280.0,2965138
2026-05-19,1285.199951171875,1299.699951171875,1282.699951171875,1298.0,1136358
2026-05-20,1283.199951171875,1289.0,1261.5,1278.0,1039407
2026-05-21,1281.300048828125,1293.0,1272.800048828125,1293.0,5339554
2026-05-22,1285.5,1289.9000244140625,1278.0999755859375,1284.199951171875,588674
2026-05-25,1289.4000244140625,1297.4000244140625,1284.0,1290.699951171875,922291
2026-05-26,1293.5999755859375,1301.0,1282.699951171875,1289.4000244140625,1712866
2026-05-27,1309.300048828125,1328.0,1295.0,1295.0,2030720
2026-05-28,1309.300048828125,1309.300048828125,1309.300048828125,1309.300048828125,0
